tree
version=v4
num_class=1
num_tree_per_iteration=1
label_index=0
max_feature_idx=44
objective=regression
feature_names=state_id state_scale lag2 lag3 lag7 lag14 roll7 roll28 ratio_7_28 rel_lag2 rel_roll7 dow is_weekend month doy_sin doy_cos is_holiday temperature_2m_mean temperature_2m_max temperature_2m_min cdd hdd temp_range cdd_lag1 precipitation_sum shortwave_radiation_sum wind_speed_10m_max renewable_lag2 renewable_roll7 hydro_lag2 hydro_roll7 thermal_lag2 thermal_roll7 solar_lag2 wind_lag2 gen_total_lag2 gen_total_roll7 renewable_share hydro_share thermal_share hydro_vs_norm re_vs_norm xlag2 xlag7 xroll7
feature_infos=[4:7] [73780.922999999995:459294.16357142857] [54047.959999999999:515226.59999999998] [2449.0300000000002:507136.67999999993] [57907.680000000008:509638.51000000007] [2806.6999999999998:505406.92999999999] [65663.809999999998:507147.71666666662] [69557.903684210527:488639.1847826087] [0.8719725321582692:1.1728754095519154] [0.69848762996980429:1.5248570557513157] [0.86314748077201331:1.3362129903029918] [0:6] [0:1] [1:12] [-0.9999994220246925:0.99993006579620569] [-0.75721981920831272:0.99985204195577349] none [10.6:32.799999999999997] [16.600000000000001:38.899999999999999] [5.5999999999999996:27.699999999999999] [0:8.7999999999999972] [0:7.4000000000000004] [1.0999999999999979:16] [0:8.1000000000000014] [0:136.5] [2.1800000000000002:25.370000000000001] [4.7000000000000002:31.699999999999999] [0:59096.830000000002] [100.8:53918.25] [0:36441] [363.88166666666666:34970.664000000004] [36693.040000000001:402850.35999999993] [42454.958571428571:392852.23499999999] [0:53734] [0:27430] [44284.480000000003:499464.74999999994] [52933.338571428569:497890.40000000008] [0:0.13709824757600766] [0:0.3966193907427788] [0.547430073761069:1] [0.047292734839965475:4.4977220580654178] [0.064481711572280609:1.2513425472801252] [0:75306.039999999994] [0:96311.110000000001] [65.52000000000001:75467.767999999996]
tree_sizes=693 727 733 735 728 724 816 735 647 732 738 732 734 723 653 732 733 731 733 735 734 651 815 736 739 741 738 820 732 739 658 730 739 743 737 816 734 821 741 737 742 656 820 742 818 744 744 825 729 740 661 663 659 728 742 828 831 662 744 744 749 823 742 830 663 734 747 738 744 832 754 739 657 831 750 736 661 750 919 741 662 753 743 741 831 824 823 747 737 827 914 833 750 744 744 830 750 832 747 835 834 748 835 831 753 838 745 753 827 752 829 744 750 831 836 839 746 756 846 834 742 735 671 833 671 747 654 668 751 836 838 759 667 749 668 832 751 744 750 668 836 757 836 750 827

Tree=0
num_leaves=7
num_cat=0
split_feature=44 42 43 9 44 15
split_gain=131.792 33.1882 20.3895 6.77804 4.92533 2.27177
threshold=6360.9452500000016 1595.0000000000002 20112.230000000003 1.1040416502475896 9435.0130952380987 0.90438663683299525
decision_type=2 2 2 2 2 2
left_child=1 -1 4 -3 -2 -6
right_child=2 3 -4 -5 5 -7
leaf_value=8.6966601441633067 8.7600010264869876 8.7309379829093743 8.800939344640879 8.7540207308073636 8.7837674021557444 8.7708618078075258
leaf_weight=20 20 22 33 25 25 27
leaf_count=20 20 22 33 25 25 27
internal_value=8.76082 8.72823 8.78174 8.74277 8.77255 8.77734
internal_weight=172 67 105 47 72 52
internal_count=172 67 105 47 72 52
is_linear=0
shrinkage=1


Tree=1
num_leaves=7
num_cat=0
split_feature=44 42 1 15 15 15
split_gain=112.069 30.5342 13.6851 11.4797 9.09271 2.59078
threshold=9435.0130952380987 1595.0000000000002 423881.05290402705 0.95691861501572195 0.31798952869803615 0.89691351184655443
decision_type=2 2 2 2 2 2
left_child=1 -1 5 4 -3 -2
right_child=2 3 -4 -5 -6 -7
leaf_value=-0.054972022495099478 0.021297875971629701 -0.0048175732059670346 0.038962044661695304 0.0049620077454231 -0.0307316280588169 0.0086385106731738364
leaf_weight=20 28 20 32 21 32 34
leaf_count=20 28 20 32 21 32 34
internal_value=0.00024028 -0.0229847 0.0232183 -0.0135966 -0.0210436 0.014603
internal_weight=187 93 94 73 52 62
internal_count=187 93 94 73 52 62
is_linear=0
shrinkage=0.03


Tree=2
num_leaves=7
num_cat=0
split_feature=44 44 42 44 15 3
split_gain=126.008 24.6281 14.2187 4.78211 3.12876 0.568419
threshold=5041.4558333333343 12956.046547619051 2616.6500000000005 9435.0130952380987 0.48126256173783166 108608.06000000001
decision_type=2 2 2 2 2 2
left_child=2 3 -1 -2 -3 -5
right_child=1 4 -4 5 -6 -7
leaf_value=-0.054032357976986807 -0.0032520211158054216 0.038975649167751446 -0.022606320485647303 0.015323500378396021 0.022323930060061125 0.007559113462588616
leaf_weight=25 34 28 31 21 25 20
leaf_count=25 34 28 31 21 25 20
internal_value=-0.000191837 0.0162229 -0.0373376 0.00502681 0.0316799 0.0118062
internal_weight=184 128 56 75 53 41
internal_count=184 128 56 75 53 41
is_linear=0
shrinkage=0.03


Tree=3
num_leaves=7
num_cat=0
split_feature=42 1 17 43 15 18
split_gain=100.806 26.6774 25.9474 9.8859 5.95639 2.37922
threshold=3742.5000000000005 422560.61718274344 26.350000000000005 8250.0400000000027 0.94066717844141279 31.450000000000003
decision_type=2 2 2 2 2 2
left_child=2 3 -1 4 -2 -5
right_child=1 -3 -4 5 -6 -7
leaf_value=-0.014728922094404696 -0.015973288009688256 0.034178667672582576 -0.059224173970520495 0.0060498124188078295 0.0055013988429511137 0.018758261905148111
leaf_weight=24 24 36 24 27 21 28
leaf_count=24 24 36 24 27 21 28
internal_value=-0.000806129 0.0124065 -0.0377312 0.00430775 -0.00605003 0.012739
internal_weight=184 136 48 100 45 55
internal_count=184 136 48 100 45 55
is_linear=0
shrinkage=0.03


Tree=4
num_leaves=7
num_cat=0
split_feature=44 42 44 14 6 23
split_gain=86.3716 20.4794 9.83274 4.84753 4.17505 1.55704
threshold=9435.0130952380987 2616.6500000000005 21934.641428571438 0.72914769978834015 83775.991571428589 1.9499999999999995
decision_type=2 2 2 2 2 8
left_child=1 -1 5 4 -3 -2
right_child=2 3 -4 -5 -6 -7
leaf_value=-0.04258335525313249 0.0074621488431876057 -0.013559261267738681 0.035198108414188023 -0.021851289781678298 0.0054008191611085617 0.017984335865670192
leaf_weight=25 23 20 31 21 20 35
leaf_count=25 23 20 31 21 20 35
internal_value=0.00110025 -0.020221 0.0216985 -0.010517 -0.00417871 0.0140089
internal_weight=175 86 89 61 40 58
internal_count=175 86 89 61 40 58
is_linear=0
shrinkage=0.03


Tree=5
num_leaves=7
num_cat=0
split_feature=44 25 1 44 44 23
split_gain=92.329 26.657 10.0354 7.02973 2.21534 1.26009
threshold=9435.0130952380987 21.705000000000002 419783.55670739635 5041.4558333333343 22499.887500000008 2.3500000000000001
decision_type=2 2 2 2 2 8
left_child=1 3 5 -1 -4 -2
right_child=2 -3 4 -5 -6 -7
leaf_value=-0.018069427877378003 0.0054789278914474625 -0.045597759968905638 0.022466581678017971 0.0012088086756487045 0.037461259991958228 0.016275597331779343
leaf_weight=38 21 25 23 30 28 20
leaf_count=38 21 25 23 30 28 20
internal_value=0.0012641 -0.0197104 0.0224505 -0.00967007 0.031261 0.0110077
internal_weight=185 93 92 68 51 41
internal_count=185 93 92 68 51 41
is_linear=0
shrinkage=0.03


Tree=6
num_leaves=8
num_cat=0
split_feature=44 42 44 10 24 33 26
split_gain=83.5746 16.3566 13.2826 9.46826 3.37239 2.12527 0.813592
threshold=6360.9452500000016 2616.6500000000005 12956.046547619051 1.0835603715840512 0.75000000000000011 35072.55000000001 13.550000000000002
decision_type=2 2 2 2 2 2 2
left_child=1 -1 4 -3 6 -4 -2
right_child=2 3 5 -5 -6 -7 -8
leaf_value=-0.044881647853553294 0.0069303935766220088 -0.026343795880675317 0.034226384907960893 0.00016202862475715255 -0.0031407916918396949 0.019529982785815778 0.016017794066241809
leaf_weight=24 20 26 26 22 20 22 20
leaf_count=24 20 26 26 22 20 22 20
internal_value=-0.000222871 -0.025063 0.0164152 -0.0144399 0.00681894 0.0280266 0.0117539
internal_weight=180 72 108 48 60 48 40
internal_count=180 72 108 48 60 48 40
is_linear=0
shrinkage=0.03


Tree=7
num_leaves=7
num_cat=0
split_feature=42 42 42 43 38 27
split_gain=76.3712 15.1825 15.039 5.36856 1.92172 0.540296
threshold=5552.7500000000009 17121.930000000004 1595.0000000000002 8250.0400000000027 0.017409068494359883 1722.5000000000002
decision_type=2 2 2 2 2 2
left_child=2 3 -1 -2 -5 -4
right_child=1 -3 5 4 -6 -7
leaf_value=-0.046806522081182758 -0.0033524026613615983 0.032002412695437667 -0.011057814943381924 0.018281758579200714 0.0070565112139428813 -0.019233615744326797
leaf_weight=21 27 31 21 28 30 20
leaf_count=21 27 31 21 28 30 20
internal_value=1.23544e-05 0.0143516 -0.0266178 0.00761693 0.0126936 -0.015409
internal_weight=178 116 62 85 58 41
internal_count=178 116 62 85 58 41
is_linear=0
shrinkage=0.03


Tree=8
num_leaves=6
num_cat=0
split_feature=42 17 1 42 44
split_gain=81.3408 20.1847 16.8836 3.90664 2.04968
threshold=5552.7500000000009 26.550000000000004 420009.10382789862 10316.955000000002 22499.887500000008
decision_type=2 2 2 2 2
left_child=1 -1 3 -2 -4
right_child=2 -3 4 -5 -6
leaf_value=-0.01243859307730899 -0.0023056440701641674 -0.048314152841742793 0.019757600086741149 0.011724283311113312 0.034082284967104595
leaf_weight=33 34 25 23 36 26
leaf_count=33 34 25 23 36 26
internal_value=0.00038441 -0.028459 0.0145625 0.00497325 0.0278881
internal_weight=177 58 119 70 49
internal_count=177 58 119 70 49
is_linear=0
shrinkage=0.03


Tree=9
num_leaves=7
num_cat=0
split_feature=42 17 42 44 43 33
split_gain=81.1414 19.2419 16.641 5.45258 3.94475 1.25874
threshold=4647.3000000000011 26.550000000000004 11309.185000000003 12956.046547619051 8250.0400000000027 34481.69000000001
decision_type=2 2 2 2 2 2
left_child=1 -1 4 -4 -2 -5
right_child=2 -3 3 5 -6 -7
leaf_value=-0.016192669948097316 -0.0071899836810846484 -0.054247865162112496 0.010633819426099459 0.034624558633024043 0.0076074332721969666 0.021190040409564972
leaf_weight=29 30 21 26 21 33 20
leaf_count=29 30 21 26 21 33 20
internal_value=-0.000826661 -0.0329261 0.0116764 0.0219683 0.000558801 0.0287317
internal_weight=180 50 130 67 63 41
internal_count=180 50 130 67 63 41
is_linear=0
shrinkage=0.03


Tree=10
num_leaves=7
num_cat=0
split_feature=42 20 1 44 15 11
split_gain=95.1693 22.0524 14.7984 5.38568 1.66355 0.666089
threshold=4647.3000000000011 2.5500000000000012 422560.61718274344 6070.1571428571433 0.89691351184655443 3.5000000000000004
decision_type=2 2 2 2 2 2
left_child=1 -1 3 -2 -5 -6
right_child=2 -3 -4 4 5 -7
leaf_value=-0.017865998808007971 -0.0072438228049908166 -0.060629160829952781 0.028201396959392649 0.014926641922211274 0.0092557765809553015 0.0015147965986813817
leaf_weight=25 21 20 37 31 20 20
leaf_count=25 21 20 37 31 20 20
internal_value=-0.000694884 -0.0377767 0.0124317 0.00585452 0.00977548 0.00551664
internal_weight=174 45 129 92 71 40
internal_count=174 45 129 92 71 40
is_linear=0
shrinkage=0.03


Tree=11
num_leaves=7
num_cat=0
split_feature=44 13 43 8 44 23
split_gain=73.9772 20.0872 10.3315 3.87552 3.24703 1.08641
threshold=6360.9452500000016 3.5000000000000004 20112.230000000003 1.0220514892444712 9503.6589285714326 1.8499999999999999
decision_type=2 2 2 2 2 8
left_child=1 -1 4 -3 -2 -6
right_child=2 3 -4 -5 5 -7
leaf_value=-0.04832953619105114 -0.0013395718298852444 -0.021178686693310737 0.028309411582621659 -0.0037783186688003212 0.0060419322018112455 0.015279141641621077
leaf_weight=22 23 26 32 21 20 34
leaf_count=22 23 26 32 21 20 34
internal_value=-0.00113305 -0.0252361 0.0142156 -0.0136447 0.00807052 0.01203
internal_weight=178 69 109 47 77 54
internal_count=178 69 109 47 77 54
is_linear=0
shrinkage=0.03


Tree=12
num_leaves=7
num_cat=0
split_feature=44 13 1 1 24 17
split_gain=54.846 21.1362 10.3644 3.91542 3.89244 1.72201
threshold=6360.9452500000016 3.5000000000000004 423881.05290402705 89629.149512638236 0.75000000000000011 25.250000000000004
decision_type=2 2 2 2 2 2
left_child=1 -1 4 -3 5 -2
right_child=2 3 -4 -5 -6 -7
leaf_value=-0.044650117104630106 0.0042480458458885543 -0.016576846836134793 0.026951698091897097 0.00029897761954502625 -0.0045434581275497158 0.015259632405359297
leaf_weight=22 23 29 32 21 20 31
leaf_count=22 23 29 32 21 20 31
internal_value=-0.000745396 -0.0207901 0.012937 -0.00962212 0.00659798 0.010732
internal_weight=178 72 106 50 74 54
internal_count=178 72 106 50 74 54
is_linear=0
shrinkage=0.03


Tree=13
num_leaves=7
num_cat=0
split_feature=44 43 39 24 44 22
split_gain=64.1351 12.3148 9.32434 4.93207 1.33851 0.523924
threshold=5380.1163095238107 20112.230000000003 0.8952895910623061 0.75000000000000011 9503.6589285714326 10.65
decision_type=2 2 2 2 2 2
left_child=2 3 -1 4 -2 -6
right_child=1 -3 -4 -5 5 -7
leaf_value=-0.016876879209795824 0.0039266870135011575 0.026608132432927104 -0.042286380473524329 -0.0055102046786083114 0.016056224144995211 0.0085408304897802208
leaf_weight=38 25 33 21 26 23 20
leaf_count=38 25 33 21 26 23 20
internal_value=-0.000886615 0.0111149 -0.026475 0.0054529 0.00966378 0.0128342
internal_weight=186 127 59 94 68 43
internal_count=186 127 59 94 68 43
is_linear=0
shrinkage=0.03


Tree=14
num_leaves=6
num_cat=0
split_feature=44 42 1 10 42
split_gain=61.0211 25.0234 9.04361 7.91584 3.47448
threshold=6360.9452500000016 1595.0000000000002 422560.61718274344 1.0835603715840512 10316.955000000002
decision_type=2 2 2 2 2
left_child=1 -1 4 -3 -2
right_child=2 3 -4 -5 -6
leaf_value=-0.049797971961753708 -0.00033380548250587548 -0.019512150202478679 0.025105224060580918 0.0039759128080082261 0.012962301542100154
leaf_weight=20 33 34 37 20 37
leaf_count=20 33 34 37 20 37
internal_value=-0.00115369 -0.0219358 0.013289 -0.0108987 0.00677772
internal_weight=181 74 107 54 70
internal_count=181 74 107 54 70
is_linear=0
shrinkage=0.03


Tree=15
num_leaves=7
num_cat=0
split_feature=43 15 44 25 28 37
split_gain=39.2124 13.535 6.49628 6.39209 1.73585 1.63281
threshold=8250.0400000000027 0.94066717844141279 22499.887500000008 20.965000000000003 37309.833333333343 0.031501683955272343
decision_type=2 2 2 2 2 2
left_child=1 3 4 -1 5 -2
right_child=2 -3 -4 -5 -6 -7
leaf_value=-0.010793793182820081 0.011722268286076459 0.0047466376465745272 0.027926321609152687 -0.030668171913961744 0.015666493133048787 -0.00011571303009986876
leaf_weight=34 21 29 26 27 31 20
leaf_count=34 21 29 26 27 31 20
internal_value=0.00220479 -0.012023 0.0152606 -0.0199434 0.010367 0.00608238
internal_weight=188 90 98 61 72 41
internal_count=188 90 98 61 72 41
is_linear=0
shrinkage=0.03


Tree=16
num_leaves=7
num_cat=0
split_feature=42 42 44 20 33 36
split_gain=65.8948 12.6449 4.78229 1.76107 1.41807 0.515768
threshold=3329.0000000000005 8710.5600000000013 16946.326000000005 2.4499999999999997 35072.55000000001 60055.707142857151
decision_type=2 2 2 2 2 2
left_child=-1 3 5 -2 -4 -3
right_child=1 2 4 -5 -6 -7
leaf_value=-0.03652988215658947 -0.0057844356373932797 0.0055441258559850125 0.029634347302573066 0.0050536088592239787 0.016630063873123036 0.012065128370459206
leaf_weight=34 37 21 20 20 21 31
leaf_count=34 37 21 20 20 21 31
internal_value=0.00056221 0.00915599 0.0159174 -0.00196005 0.0235282 0.00958594
internal_weight=184 150 93 57 41 52
internal_count=184 150 93 57 41 52
is_linear=0
shrinkage=0.03


Tree=17
num_leaves=7
num_cat=0
split_feature=44 5 4 23 44 41
split_gain=55.0236 10.5326 8.60303 2.77427 2.76695 2.76213
threshold=5041.4558333333343 338574.02500000008 103765.51500000001 2.4499999999999997 21562.49833333334 0.91697645778958292
decision_type=2 2 2 8 2 8
left_child=2 3 -1 5 -3 -2
right_child=1 4 -4 -5 -6 -7
leaf_value=-0.011231590109980769 -0.010671786176306861 0.011672011752546365 -0.034781005550175902 0.009097198206240888 0.025509534358279778 0.004742864865277494
leaf_weight=26 20 27 33 28 31 20
leaf_count=26 20 27 33 28 31 20
internal_value=-0.00109341 0.0100979 -0.0247635 0.00201901 0.0193749 -0.00303676
internal_weight=185 126 59 68 58 40
internal_count=185 126 59 68 58 40
is_linear=0
shrinkage=0.03


Tree=18
num_leaves=7
num_cat=0
split_feature=3 14 10 19 3 23
split_gain=37.3028 29.8137 12.2637 2.93207 1.62554 0.875561
threshold=342920.56500000012 0.8401237481468028 1.088715626764116 21.600000000000005 109813.56500000002 1.8499999999999999
decision_type=2 2 2 2 2 8
left_child=1 2 5 -2 -4 -1
right_child=3 -3 4 -5 -6 -7
leaf_value=-0.018158416513885771 0.0088726385414600369 -0.033481036162859683 0.012551910396545164 0.022842753335931585 0.0016525247993625022 -0.0086612224163995551
leaf_weight=20 24 36 30 37 21 21
leaf_count=20 24 36 30 37 21 21
internal_value=-0.00155456 -0.010738 -0.00157429 0.0175781 0.00818201 -0.013616
internal_weight=189 128 92 61 51 41
internal_count=189 128 92 61 51 41
is_linear=0
shrinkage=0.03


Tree=19
num_leaves=7
num_cat=0
split_feature=44 4 44 41 33 35
split_gain=37.2997 8.97003 7.64549 2.00577 1.57875 0.68654
threshold=5041.4558333333343 106572.72500000002 12956.046547619051 0.90809964151330014 34481.69000000001 322035.85000000003
decision_type=2 2 2 10 2 2
left_child=1 -1 3 -2 -4 -5
right_child=2 -3 4 5 -6 -7
leaf_value=-0.0061642167056145678 -0.0042601846632632345 -0.030102259528733064 0.022881835818050367 0.0093577771726995711 0.011894656692941983 0.0025057007448747752
leaf_weight=27 21 30 30 31 26 24
leaf_count=27 21 30 30 31 26 24
internal_value=0.00101627 -0.019065 0.00976586 0.00348529 0.0180788 0.00646592
internal_weight=189 57 132 76 56 55
internal_count=189 57 132 76 56 55
is_linear=0
shrinkage=0.03


Tree=20
num_leaves=7
num_cat=0
split_feature=43 15 39 44 24 28
split_gain=31.8509 8.92224 9.89646 4.73729 4.48377 1.26108
threshold=9272.3300000000017 0.94066717844141279 0.90639709059140283 22499.887500000008 0.55000000000000016 37309.833333333343
decision_type=2 2 2 2 2 2
left_child=1 2 4 5 -1 -2
right_child=3 -3 -4 -5 -6 -7
leaf_value=-0.017948641755751202 0.0059820598094282966 0.0045678099231897954 -0.032535780631005762 0.0246020998172462 0.00082370886811986563 0.014903559371685752
leaf_weight=20 37 26 21 29 25 25
leaf_count=20 37 26 21 29 25 25
internal_value=0.00220061 -0.0101931 -0.0159894 0.0147052 -0.00772837 0.0097589
internal_weight=183 92 66 91 45 62
internal_count=183 92 66 91 45 62
is_linear=0
shrinkage=0.03


Tree=21
num_leaves=6
num_cat=0
split_feature=43 15 1 42 15
split_gain=35.5239 11.216 6.48152 5.54699 1.50384
threshold=8250.0400000000027 0.94066717844141279 89849.761353184105 17121.930000000004 0.89691351184655443
decision_type=2 2 2 2 2
left_child=1 2 -1 4 -2
right_child=3 -3 -4 -5 -6
leaf_value=-0.027285823970297839 0.011642174192175671 0.0039922935663101577 -0.0080668795257806784 0.022679599411785604 0.0022301540160385362
leaf_weight=37 36 26 29 35 27
leaf_count=37 36 26 29 35 27
internal_value=0.000725626 -0.0125922 -0.0190876 0.013229 0.00770632
internal_weight=190 92 66 98 63
internal_count=190 92 66 98 63
is_linear=0
shrinkage=0.03


Tree=22
num_leaves=8
num_cat=0
split_feature=44 25 10 15 20 11 1
split_gain=38.3976 17.4338 4.86205 3.6985 2.70648 1.31883 0.246207
threshold=9435.0130952380987 21.705000000000002 1.0835603715840512 0.48126256173783166 1.1500000000000006 3.5000000000000004 325225.06460447359
decision_type=2 2 2 2 2 2 2
left_child=1 2 4 -2 -1 6 -5
right_child=3 -3 -4 5 -6 -7 -8
leaf_value=-0.0026769507197397092 0.022608510338302169 -0.034798867106437682 0.0064931675525648248 0.0093730217336930998 -0.017639902509748936 0.0036523947723281496 0.015284602360001632
leaf_weight=20 27 25 20 21 24 25 20
leaf_count=20 27 25 20 21 24 25 20
internal_value=-5.70703e-05 -0.0140625 -0.00555165 0.013353 -0.0110492 0.00928575 0.012552
internal_weight=182 89 64 93 44 66 41
internal_count=182 89 64 93 44 66 41
is_linear=0
shrinkage=0.03


Tree=23
num_leaves=7
num_cat=0
split_feature=42 42 10 15 17 8
split_gain=53.003 15.0186 3.10701 2.83664 2.27231 0.157939
threshold=1595.0000000000002 10211.500000000002 1.088715626764116 0.48126256173783166 24.950000000000003 1.0254422601077355
decision_type=2 2 2 2 2 2
left_child=-1 2 4 -3 -2 -5
right_child=1 3 -4 5 -6 -7
leaf_value=-0.045481187009385651 -0.00076968948755945477 0.023948546648025513 0.0031525955481144286 0.0087195256238262499 -0.014049982272969956 0.013127586815668189
leaf_weight=20 20 22 35 30 27 22
leaf_count=20 20 22 35 30 27 22
internal_value=-0.000723831 0.00526743 -0.0035671 0.0149741 -0.00853256 0.010797
internal_weight=176 156 82 74 47 52
internal_count=176 156 82 74 47 52
is_linear=0
shrinkage=0.03


Tree=24
num_leaves=7
num_cat=0
split_feature=42 42 43 38 43 15
split_gain=43.0536 14.5972 3.6244 5.12917 3.48275 0.466885
threshold=1595.0000000000002 10316.955000000002 8250.0400000000027 0.04304048297602011 17682.630000000001 0.89691351184655443
decision_type=2 2 2 2 2 2
left_child=-1 2 3 -2 5 -3
right_child=1 4 -4 -5 -6 -7
leaf_value=-0.038926979831379396 -0.014773926368184588 0.01114432509128864 0.0051473588576733042 0.0029287816777825355 0.021163662962615487 0.0048181208773799555
leaf_weight=22 36 25 28 24 34 22
leaf_count=22 36 25 28 24 34 22
internal_value=-0.000407112 0.00480679 -0.00364205 -0.00776091 0.0139183 0.00834519
internal_weight=191 169 88 60 81 47
internal_count=191 169 88 60 81 47
is_linear=0
shrinkage=0.03


Tree=25
num_leaves=7
num_cat=0
split_feature=42 1 42 19 38 27
split_gain=33.7551 12.8776 5.42188 2.03971 0.924524 0.555936
threshold=4647.3000000000011 89629.149512638236 17121.930000000004 22.450000000000003 0.017409068494359883 1785.0000000000002
decision_type=2 2 2 2 2 2
left_child=1 -1 3 4 -2 -5
right_child=2 -3 -4 5 -6 -7
leaf_value=-0.032230893439508128 0.0055597107153799799 -0.002831676435470581 0.018815858314252074 0.0060438399415995393 -0.0017923029776041705 0.013597725885254994
leaf_weight=30 26 24 33 20 35 20
leaf_count=30 26 24 33 20 35 20
internal_value=0.000359004 -0.0194536 0.00842816 0.00488296 0.00138047 0.0100603
internal_weight=188 54 134 101 61 40
internal_count=188 54 134 101 61 40
is_linear=0
shrinkage=0.03


Tree=26
num_leaves=7
num_cat=0
split_feature=44 25 14 15 19 39
split_gain=29.6317 15.7787 3.72177 3.32988 1.76376 1.00962
threshold=9435.0130952380987 21.575000000000003 -0.44407937696873817 0.89691351184655443 19.950000000000003 0.91583203737430219
decision_type=2 2 2 2 2 2
left_child=1 3 -2 -1 -4 -6
right_child=2 -3 4 -5 5 -7
leaf_value=-0.010769787921091994 0.020158441838704879 -0.032839799241887201 -0.00045416681180623442 0.0034638541068881751 0.014477269591500416 0.0048900205908077102
leaf_weight=36 26 26 21 24 22 20
leaf_count=36 26 26 21 24 22 20
internal_value=-0.0012989 -0.0137766 0.0107773 -0.00511288 0.00665119 0.0101318
internal_weight=175 86 89 60 63 42
internal_count=175 86 89 60 63 42
is_linear=0
shrinkage=0.03


Tree=27
num_leaves=8
num_cat=0
split_feature=44 42 9 14 6 11 19
split_gain=29.5587 14.7556 4.15814 3.97409 2.13692 1.76906 0.320228
threshold=9435.0130952380987 1595.0000000000002 1.0543896597556157 -0.44407937696873817 108543.2785714286 3.5000000000000004 21.850000000000005
decision_type=2 2 2 2 2 2 2
left_child=1 -1 -3 -2 -4 6 -5
right_child=3 2 4 5 -6 -7 -8
leaf_value=-0.034396516494452953 0.021762584505172877 -0.014764557172512184 -0.0067002309672534463 0.0079953435537489983 0.0058325884759426114 0.00089211102807894348 0.014192097485065461
leaf_weight=20 25 28 23 21 24 23 20
leaf_count=20 25 28 23 21 24 23 20
internal_value=-0.000563894 -0.0121405 -0.00583109 0.0117908 -0.000312309 0.00762065 0.0112841
internal_weight=184 95 75 89 47 64 41
internal_count=184 95 75 89 47 64 41
is_linear=0
shrinkage=0.03


Tree=28
num_leaves=7
num_cat=0
split_feature=42 43 10 6 35 3
split_gain=34.7419 11.5527 4.12047 3.33264 1.371 1.07305
threshold=2616.6500000000005 8250.0400000000027 1.0835603715840512 383749.69814285717 449562.59000000014 109813.56500000002
decision_type=2 2 2 2 2 2
left_child=-1 2 -2 5 -5 -3
right_child=1 3 -4 4 -6 -7
leaf_value=-0.032616899941976252 -0.012840949884848669 0.0099209172159433357 0.0026949023215565829 0.021595778564612068 0.010418635447594252 0.00099393235612660661
leaf_weight=25 31 24 29 26 21 24
leaf_count=25 31 24 29 26 21 24
internal_value=-0.000513456 0.00484041 -0.00541087 0.0113038 0.0169228 0.0055688
internal_weight=180 155 60 95 47 48
internal_count=180 155 60 95 47 48
is_linear=0
shrinkage=0.03


Tree=29
num_leaves=7
num_cat=0
split_feature=42 43 10 7 17 41
split_gain=32.6148 8.96356 4.96809 2.35613 1.33746 0.732673
threshold=1595.0000000000002 8250.0400000000027 1.0835603715840512 419462.41432900442 25.150000000000002 0.99998967671397099
decision_type=2 2 2 2 2 10
left_child=-1 2 4 5 -2 -3
right_child=1 3 -4 -5 -6 -7
leaf_value=-0.036118757554462977 -0.0053325590183553491 0.0013447122881188988 0.0046965218648653134 0.01590414620935917 -0.016289456507989339 0.0085069713616477589
leaf_weight=20 22 21 32 35 20 34
leaf_count=20 22 21 32 35 20 34
internal_value=-0.00091005 0.00357657 -0.0041299 0.00988876 -0.0108076 0.00584514
internal_weight=184 164 74 90 42 55
internal_count=184 164 74 90 42 55
is_linear=0
shrinkage=0.03


Tree=30
num_leaves=6
num_cat=0
split_feature=42 44 14 14 38
split_gain=32.9854 8.02824 3.77603 2.54637 1.46854
threshold=2616.6500000000005 9023.4585714285768 0.3933211724509133 -0.44407937696873817 0.0056819029237212765
decision_type=2 2 2 2 2
left_child=-1 2 -2 -3 -5
right_child=1 3 -4 4 -6
leaf_value=-0.03193023517727852 0.0017755013471469282 0.018880969788879157 -0.014111404259290014 0.01272747663852687 0.0033948388088028878
leaf_weight=25 37 23 20 25 39
leaf_count=25 37 23 20 25 39
internal_value=-0.000818855 0.00476538 -0.00394604 0.0104529 0.00718012
internal_weight=169 144 57 87 64
internal_count=169 144 57 87 64
is_linear=0
shrinkage=0.03


Tree=31
num_leaves=7
num_cat=0
split_feature=43 42 8 6 35 3
split_gain=28.052 11.0125 4.39721 2.72424 0.884705 0.843394
threshold=8250.0400000000027 1595.0000000000002 1.0220514892444712 383749.69814285717 449562.59000000014 109813.56500000002
decision_type=2 2 2 2 2 2
left_child=1 -1 -3 5 -5 -2
right_child=3 2 -4 4 -6 -7
leaf_value=-0.031914424044745308 0.009286246006377041 -0.013621724878211278 0.0019216019315645096 0.019472827547126346 0.010347109609485969 0.0012711938269436359
leaf_weight=20 23 36 29 26 22 24
leaf_count=20 23 36 29 26 22 24
internal_value=-0.000542315 -0.0129832 -0.00676297 0.0106083 0.0155867 0.0053052
internal_weight=180 85 65 95 48 47
internal_count=180 85 65 95 48 47
is_linear=0
shrinkage=0.03


Tree=32
num_leaves=7
num_cat=0
split_feature=44 19 23 41 17 36
split_gain=17.8627 5.27544 4.21678 2.94965 1.07611 0.345173
threshold=5380.1163095238107 24.050000000000004 4.1500000000000012 0.91400493456945009 25.150000000000002 59924.582857142865
decision_type=2 2 8 10 2 2
left_child=2 3 -1 -2 -5 -6
right_child=1 -3 -4 4 5 -7
leaf_value=-0.019192510809749364 -0.0051379362831357866 0.018736977484016999 -0.0025319540686905384 0.0024845503865470807 0.0066039073966782207 0.012558983508497476
leaf_weight=34 23 28 23 30 21 23
leaf_count=34 23 28 23 30 21 23
internal_value=0.00115453 0.00749035 -0.0126294 0.00408584 0.00698297 0.0099267
internal_weight=182 125 57 97 74 44
internal_count=182 125 57 97 74 44
is_linear=0
shrinkage=0.03


Tree=33
num_leaves=7
num_cat=0
split_feature=42 44 14 42 23 37
split_gain=25.8506 8.07161 3.41506 1.68926 1.34162 0.634059
threshold=2616.6500000000005 12956.046547619051 0.8401237481468028 5934.0000000000009 1.2500000000000002 0.031501683955272343
decision_type=2 2 2 2 10 2
left_child=-1 2 3 -2 -3 -5
right_child=1 4 -4 5 -6 -7
leaf_value=-0.028648596983402965 -0.003238433797378093 0.0084517139439349576 -0.010744919420353004 0.0089292861728204609 0.018959644395087301 0.0027310367119876113
leaf_weight=23 29 22 20 26 28 36
leaf_count=23 29 22 20 26 28 36
internal_value=0.000410787 0.00471334 0.000172703 0.00266289 0.0145925 0.00543078
internal_weight=184 161 111 91 50 62
internal_count=184 161 111 91 50 62
is_linear=0
shrinkage=0.03


Tree=34
num_leaves=7
num_cat=0
split_feature=42 42 19 15 15 39
split_gain=24.4656 8.23805 3.5844 6.12295 2.12323 0.934743
threshold=2616.6500000000005 10211.500000000002 23.350000000000005 0.77786091972642668 0.89691351184655443 0.80642211533911168
decision_type=2 2 2 2 2 2
left_child=-1 2 3 -2 5 -3
right_child=1 4 -4 -5 -6 -7
leaf_value=-0.025967106118798256 -0.019287095540405613 0.0171740789051083 0.0063994180038571356 0.0011087960307486354 0.0030359851866960524 0.0082060680325542167
leaf_weight=29 22 32 23 31 24 20
leaf_count=29 22 32 23 31 24 20
internal_value=-0.00120097 0.00366298 -0.00330566 -0.00755781 0.010584 0.0139448
internal_weight=181 152 76 53 76 52
internal_count=181 152 76 53 76 52
is_linear=0
shrinkage=0.03


Tree=35
num_leaves=8
num_cat=0
split_feature=43 15 1 6 3 18 35
split_gain=14.5355 6.23299 5.11643 2.689 1.20768 1.01555 0.841348
threshold=8250.0400000000027 0.66367808336324663 89629.149512638236 383749.69814285717 91576.280000000013 31.050000000000004 449562.59000000014
decision_type=2 2 2 2 2 2 2
left_child=1 2 -1 5 -3 -2 -5
right_child=3 4 -4 6 -6 -7 -8
leaf_value=-0.025079189603743345 -0.00062022174518047409 -0.0041566251797069392 -0.0048074312694370751 0.01846099384415608 0.0059060122102329677 0.0084770608756124331 0.0095662147681350295
leaf_weight=22 21 20 23 25 21 22 22
leaf_count=22 21 20 23 25 21 22 22
internal_value=0.00130949 -0.00746617 -0.0150478 0.00968501 0.00101531 0.00412108 0.0145835
internal_weight=176 86 45 90 41 43 47
internal_count=176 86 45 90 41 43 47
is_linear=0
shrinkage=0.03


Tree=36
num_leaves=7
num_cat=0
split_feature=42 42 8 2 9 23
split_gain=20.7978 8.15119 2.85709 3.02145 2.15815 0.724283
threshold=1595.0000000000002 10316.955000000002 1.0230333967009053 322473.47000000003 1.0543896597556157 1.9499999999999995
decision_type=2 2 2 2 2 10
left_child=-1 2 3 -2 -3 -6
right_child=1 4 -4 -5 5 -7
leaf_value=-0.02844462714024952 -0.012349887778594469 0.015929492742323099 0.0043084444988879464 0.0016926835197955369 0.0018552332863328047 0.0094063645973801614
leaf_weight=20 35 33 30 22 23 23
leaf_count=20 35 33 30 22 23 23
internal_value=-0.0003078 0.00323221 -0.00309207 -0.00699421 0.0101485 0.0057506
internal_weight=186 166 87 57 79 46
internal_count=186 166 87 57 79 46
is_linear=0
shrinkage=0.03


Tree=37
num_leaves=8
num_cat=0
split_feature=39 44 23 19 24 4 28
split_gain=19.1999 5.56946 2.8421 2.12356 1.91188 0.625753 0.215781
threshold=0.92372376644872378 7800.0000000000018 2.3500000000000001 21.850000000000005 1.0500000000000003 428244.78500000003 37752.682857142863
decision_type=2 2 8 2 2 2 2
left_child=1 2 -1 6 -4 -5 -3
right_child=-2 3 4 5 -6 -7 -8
leaf_value=-0.009446810522387104 -0.025069710991228931 0.0012789677519218197 -0.0040015712806156702 0.008912073643505573 0.0086767299913547268 0.016620029546320438 0.0055807615281082681
leaf_weight=30 23 20 20 24 21 23 23
leaf_count=30 23 20 20 24 21 23 23
internal_value=-2.80539e-05 0.00368199 -0.00258328 0.00859867 0.00254417 0.0129517 0.00365447
internal_weight=184 161 71 90 41 47 43
internal_count=184 161 71 90 41 47 43
is_linear=0
shrinkage=0.03


Tree=38
num_leaves=7
num_cat=0
split_feature=43 14 10 1 34 33
split_gain=17.2993 11.7045 3.1836 2.17705 1.23899 0.861569
threshold=8250.0400000000027 0.7522548710148802 1.0835603715840512 419783.55670739635 316.50000000000006 34086.590000000004
decision_type=2 2 2 2 2 2
left_child=1 2 -1 4 -2 -5
right_child=3 -3 -4 5 -6 -7
leaf_value=-0.0062795342021067999 0.0092146815732121468 -0.022787787690758704 0.0081335640935735268 0.01643132418008714 -0.00010556437488412484 0.0078775027483377769
leaf_weight=36 22 35 21 28 29 22
leaf_count=36 22 35 21 28 29 22
internal_value=-3.76443e-05 -0.00939532 -0.000920765 0.00849472 0.00401482 0.0128959
internal_weight=193 92 57 101 51 50
internal_count=193 92 57 101 51 50
is_linear=0
shrinkage=0.03


Tree=39
num_leaves=7
num_cat=0
split_feature=42 42 14 19 23 9
split_gain=19.6037 5.60286 3.9614 1.7322 0.754798 0.537569
threshold=2616.6500000000005 10316.955000000002 0.6547626423706755 21.850000000000005 1.1500000000000006 1.0948186320419337
decision_type=2 2 2 2 8 2
left_child=-1 2 4 -3 -2 -5
right_child=1 3 -4 5 -6 -7
leaf_value=-0.023715365582278793 -0.0021932332297520977 0.003875765329695937 -0.011983584157750011 0.016251428769528866 0.0049929065552229684 0.0086968538005437173
leaf_weight=27 20 33 24 24 35 20
leaf_count=27 20 33 24 24 35 20
internal_value=-0.000593682 0.00353371 -0.00207379 0.00923969 0.00238726 0.0130871
internal_weight=183 156 79 77 55 44
internal_count=183 156 79 77 55 44
is_linear=0
shrinkage=0.03


Tree=40
num_leaves=7
num_cat=0
split_feature=39 44 43 43 24 34
split_gain=13.4994 5.39207 3.56884 2.26413 0.807188 0.345005
threshold=0.92448440633907314 5041.4558333333343 3139.8400000000006 20112.230000000003 0.8500000000000002 13724.255000000003
decision_type=2 2 2 2 2 2
left_child=1 2 -1 4 5 -3
right_child=-2 3 -4 -5 -6 -7
leaf_value=0.002419454348434148 -0.021120486161354084 0.008336548193527216 -0.013869974283235413 0.013524021257070598 -0.0005791347416710447 0.0035849436995541227
leaf_weight=28 21 32 20 36 21 28
leaf_count=28 21 32 20 36 21 28
internal_value=0.000967707 0.00388923 -0.00451235 0.00734506 0.00446742 0.00621425
internal_weight=186 165 48 117 81 60
internal_count=186 165 48 117 81 60
is_linear=0
shrinkage=0.03


Tree=41
num_leaves=6
num_cat=0
split_feature=42 19 43 15 41
split_gain=13.7965 3.84727 2.50885 2.6146 1.17552
threshold=3329.0000000000005 24.050000000000004 8250.0400000000027 0.96177147954086928 1.011663233271568
decision_type=2 2 2 2 10
left_child=-1 2 3 -2 -4
right_child=1 -3 4 -5 -6
leaf_value=-0.015084819910361579 -0.010618827738375827 0.013578957444358919 0.0012617242814740165 0.0042169231841606746 0.009286969450454657
leaf_weight=37 21 36 29 20 38
leaf_count=37 21 36 29 20 38
internal_value=0.00101199 0.00522349 0.00233931 -0.00345378 0.00588299
internal_weight=181 144 108 41 67
internal_count=181 144 108 41 67
is_linear=0
shrinkage=0.03


Tree=42
num_leaves=8
num_cat=0
split_feature=44 25 11 11 9 23 9
split_gain=14.3514 12.4056 3.17597 2.32508 2.1049 1.11797 0.778089
threshold=9503.6589285714326 21.705000000000002 3.5000000000000004 4.5000000000000009 1.0543896597556157 0.75000000000000011 1.0948186320419337
decision_type=2 2 2 2 2 10 2
left_child=1 2 4 5 -1 -2 -7
right_child=3 -3 -4 -5 -6 6 -8
leaf_value=-0.013049743427672301 0.0050279671747094565 -0.02727214340282523 0.0063184077872170336 0.00049330512115445266 -6.6875643704248513e-05 0.017434966289080107 0.0091149727430194609
leaf_weight=22 21 22 26 25 22 25 24
leaf_count=22 21 22 26 25 22 25 24
internal_value=0.000246171 -0.00815424 -0.00184627 0.00838151 -0.00670405 0.0111521 0.0136237
internal_weight=187 92 70 95 44 70 49
internal_count=187 92 70 95 44 70 49
is_linear=0
shrinkage=0.03


Tree=43
num_leaves=7
num_cat=0
split_feature=44 44 38 22 23 9
split_gain=12.0524 3.9643 3.31642 2.58212 1.45443 0.881851
threshold=2885.8127142857152 9023.4585714285768 0.04380303138076027 10.050000000000002 0.9499999999999994 1.0948186320419337
decision_type=2 2 2 2 10 2
left_child=-1 2 3 -2 -3 -6
right_child=1 4 -4 -5 5 -7
leaf_value=-0.018041532269368568 -0.014614283781764763 0.0025929546886338637 0.0066842261373996729 -6.1607068055309348e-05 0.014330059985319773 0.0067607847476579448
leaf_weight=26 20 38 24 23 26 36
leaf_count=26 20 38 24 23 26 36
internal_value=0.000565936 0.00355305 -0.00207754 -0.0070086 0.00730877 0.0101121
internal_weight=193 167 67 43 100 62
internal_count=193 167 67 43 100 62
is_linear=0
shrinkage=0.03


Tree=44
num_leaves=8
num_cat=0
split_feature=39 44 18 44 40 41 15
split_gain=14.1744 5.30948 2.32633 3.94574 2.15353 1.06523 0.454208
threshold=0.92372376644872378 6360.9452500000016 32.350000000000001 3836.773333333334 0.7386798316169545 1.011663233271568 0.89691351184655443
decision_type=2 2 2 2 8 10 2
left_child=1 2 3 -1 5 -3 -7
right_child=-2 4 -4 -5 -6 6 -8
leaf_value=0.010376860052347182 -0.022972362169197624 0.00066214761513817518 -0.01090277153674675 -0.007431545527651906 0.01648983904293605 0.011544941307511179 0.0049601335859978972
leaf_weight=20 20 27 22 23 20 20 22
leaf_count=20 20 27 22 23 20 20 22
internal_value=0.000158441 0.00329127 -0.0032001 0.000899022 0.00801504 0.0053581 0.00829132
internal_weight=174 154 65 43 89 69 42
internal_count=174 154 65 43 89 69 42
is_linear=0
shrinkage=0.03


Tree=45
num_leaves=7
num_cat=0
split_feature=42 42 20 20 40 23
split_gain=17.019 4.36374 2.75738 2.79111 0.872715 0.280246
threshold=1595.0000000000002 10316.955000000002 2.4499999999999997 1.1500000000000006 0.64733846978456822 0.75000000000000011
decision_type=2 2 2 2 8 10
left_child=-1 2 3 -2 5 -3
right_child=1 4 -4 -5 -6 -7
leaf_value=-0.024006037271541096 0.00096417696308344607 0.0034676513341920711 0.0062430469312801436 -0.012835881634164251 0.013846413613013598 0.0082527599686926072
leaf_weight=22 29 20 28 23 22 32
leaf_count=22 29 20 28 23 22 32
internal_value=7.57227e-05 0.00364866 -0.00121096 -0.00526671 0.00884839 0.00651249
internal_weight=176 154 80 52 74 52
internal_count=176 154 80 52 74 52
is_linear=0
shrinkage=0.03


Tree=46
num_leaves=7
num_cat=0
split_feature=42 19 15 42 8 14
split_gain=15.1061 5.72282 4.69002 2.29764 1.19953 0.451245
threshold=1595.0000000000002 23.550000000000004 0.55478649335567887 8013.2100000000009 0.99406544796946339 0.10301613472184162
decision_type=2 2 2 2 2 2
left_child=-1 2 -2 -4 -3 -5
right_child=1 4 3 5 -6 -7
leaf_value=-0.023659015677191992 -0.012842488133389016 0.0063481123964099773 -0.0037967886571847903 0.0084082330300890157 0.01652225261554122 0.0031917789630824698
leaf_weight=21 22 22 36 28 23 35
leaf_count=21 22 22 36 28 23 35
internal_value=-0.000292943 0.00278698 -0.000632095 0.00218262 0.0117944 0.00560536
internal_weight=187 166 121 99 45 63
internal_count=187 166 121 99 45 63
is_linear=0
shrinkage=0.03


Tree=47
num_leaves=8
num_cat=0
split_feature=34 42 24 15 11 42 10
split_gain=12.1497 3.26602 2.26177 1.98738 1.41565 0.720979 0.622814
threshold=169.00000000000003 10316.955000000002 1.0500000000000003 0.66367808336324663 4.5000000000000009 18196.925000000003 1.0732173095027824
decision_type=2 2 2 2 2 2 2
left_child=-1 2 3 -2 5 -3 -5
right_child=1 4 -4 6 -6 -7 -8
leaf_value=-0.016056660146762929 -0.011352487649502498 0.007230265879205295 0.0075385252279894692 -0.0036109268186347823 0.0011884742392146068 0.014800177408116203 0.0036955256611275089
leaf_weight=35 20 34 20 20 22 20 20
leaf_count=35 20 34 20 20 22 20 20
internal_value=-0.000339367 0.00326676 -0.000966872 -0.00387911 0.0076779 0.0102521 4.33311e-05
internal_weight=191 156 80 60 76 54 40
internal_count=191 156 80 60 76 54 40
is_linear=0
shrinkage=0.03


Tree=48
num_leaves=7
num_cat=0
split_feature=39 44 30 23 5 26
split_gain=15.4708 4.87534 2.01101 1.70114 1.88793 1.37702
threshold=0.92372376644872378 18663.450166666673 15413.115833333335 2.4499999999999997 322144.75000000006 14.15
decision_type=2 2 2 8 2 2
left_child=1 2 3 4 -1 -5
right_child=-2 -3 -4 5 -6 -7
leaf_value=-0.0073727962815610219 -0.024348121525152869 0.011520315398638313 -0.0091353911263021559 0.0001476461395783269 0.003417989338437716 0.010894456005522184
leaf_weight=31 22 36 21 22 26 20
leaf_count=31 22 36 21 22 26 20
internal_value=-0.00137541 0.00199878 -0.00092928 0.000885357 -0.00247662 0.00539952
internal_weight=178 156 120 99 57 42
internal_count=178 156 120 99 57 42
is_linear=0
shrinkage=0.03


Tree=49
num_leaves=7
num_cat=0
split_feature=42 14 23 6 9 18
split_gain=9.78158 8.58775 1.46859 1.47713 1.44397 0.441282
threshold=10316.955000000002 0.8401237481468028 1.1500000000000006 83775.991571428589 1.0506813864204041 30.550000000000004
decision_type=2 2 8 2 2 2
left_child=1 2 -1 -4 -2 -6
right_child=4 -3 3 -5 5 -7
leaf_value=-0.0058763958104620026 0.012944952473044394 -0.019214134917128832 -0.003070727746401514 0.007754740181076341 0.0010655013806271283 0.0068350426801319772
leaf_weight=27 29 31 20 24 21 28
leaf_count=27 29 31 20 24 21 28
internal_value=-0.000221007 -0.00631076 -0.000488276 0.00287518 0.00772159 0.00443315
internal_weight=180 102 71 44 78 49
internal_count=180 102 71 44 78 49
is_linear=0
shrinkage=0.03


Tree=50
num_leaves=6
num_cat=0
split_feature=42 19 38 18 30
split_gain=18.3663 2.93567 1.86813 2.00596 0.866252
threshold=2616.6500000000005 24.050000000000004 0.020657818944336718 28.800000000000001 1734.4575000000002
decision_type=2 2 2 2 2
left_child=-1 2 4 -4 -2
right_child=1 -3 3 -5 -6
leaf_value=-0.02448415434686467 0.0073632215304533016 0.010712371865753084 0.0018517068265035987 -0.010187629631587437 0.00046559808840011726
leaf_weight=23 39 39 30 20 28
leaf_count=23 39 39 30 20 28
internal_value=-4.23941e-05 0.0036942 0.00128385 -0.00306936 0.00452987
internal_weight=179 156 117 50 67
internal_count=179 156 117 50 67
is_linear=0
shrinkage=0.03


Tree=51
num_leaves=6
num_cat=0
split_feature=34 15 30 12 20
split_gain=8.90381 3.3953 2.4355 1.89804 0.719798
threshold=169.00000000000003 1.0000000180025095e-35 7490.4880952380963 1.0000000180025095e-35 1.9499999999999995
decision_type=2 2 2 2 2
left_child=-1 -2 3 4 -3
right_child=1 2 -4 -5 -6
leaf_value=-0.012827604958737219 0.014501156122847036 0.0036723167144439434 -0.0045635350331520805 -0.002710025231167674 0.010122803607407738
leaf_weight=36 21 32 38 24 33
leaf_count=36 21 32 38 24 33
internal_value=0.000346148 0.00361516 0.00171588 0.0044179 0.00705094
internal_weight=184 148 127 89 65
internal_count=184 148 127 89 65
is_linear=0
shrinkage=0.03


Tree=52
num_leaves=6
num_cat=0
split_feature=44 43 8 4 37
split_gain=13.2159 4.47109 4.14305 1.38002 1.00507
threshold=2650.1933333333341 8250.0400000000027 1.0212034461271953 418033.0450000001 0.031501683955272343
decision_type=2 2 2 2 2
left_child=-1 2 -2 4 -3
right_child=1 3 -4 -5 -6
leaf_value=-0.021431253417395057 -0.0097896917287143871 0.0084076088108628495 0.0054470750110016926 0.010694059229688718 0.00048693790112156414
leaf_weight=23 39 22 26 39 39
leaf_count=23 39 22 26 39 39
internal_value=-0.000625671 0.00238613 -0.0037048 0.00634272 0.00343311
internal_weight=188 165 65 100 61
internal_count=188 165 65 100 61
is_linear=0
shrinkage=0.03


Tree=53
num_leaves=7
num_cat=0
split_feature=39 1 3 5 18 8
split_gain=13.458 3.45125 1.63615 3.46974 1.6971 0.818784
threshold=0.92372376644872378 419783.55670739635 320561.19 94890.345000000016 32.050000000000004 0.995371049527217
decision_type=2 2 2 2 2 2
left_child=1 2 3 -1 -5 -3
right_child=-2 5 -4 4 -6 -7
leaf_value=-0.0056445905468974471 -0.021769091791938991 0.0040289132890757176 -0.0062136200806972653 0.01329094637052289 0.0018386587600356765 0.012211321137588599
leaf_weight=33 23 20 32 20 27 28
leaf_count=33 23 20 32 20 27 28
internal_value=-0.000815739 0.00231281 -0.000587374 0.00171205 0.00688734 0.00895379
internal_weight=183 160 112 80 47 48
internal_count=183 160 112 80 47 48
is_linear=0
shrinkage=0.03


Tree=54
num_leaves=7
num_cat=0
split_feature=14 35 42 6 37 22
split_gain=5.71736 5.33539 1.881 1.23804 1.31488 0.866032
threshold=0.86275003778655002 80549.965000000011 21799.320000000003 82550.365714285741 0.031207548752278474 11.550000000000002
decision_type=2 2 2 2 2 2
left_child=2 -2 3 -1 -5 -6
right_child=1 -3 -4 4 5 -7
leaf_value=-0.0028916398948058484 -0.018438672614949088 0.0030804312229156493 0.012527839243412017 0.010256070642998175 -0.00074018830106266451 0.0058688766120799946
leaf_weight=23 20 20 23 27 36 34
leaf_count=23 20 20 23 27 36 34
internal_value=0.00203228 -0.00786642 0.00483654 0.00327103 0.00474687 0.00250738
internal_weight=183 40 143 120 97 70
internal_count=183 40 143 120 97 70
is_linear=0
shrinkage=0.03


Tree=55
num_leaves=8
num_cat=0
split_feature=42 19 15 22 8 42 14
split_gain=12.1183 3.81936 4.2354 1.06471 0.837014 0.442056 0.302509
threshold=1595.0000000000002 24.050000000000004 0.66367808336324663 9.0500000000000025 0.995371049527217 8013.2100000000009 0.10301613472184162
decision_type=2 2 2 2 2 2 2
left_child=-1 2 -2 -4 -3 -5 -7
right_child=1 4 3 5 -6 6 -8
leaf_value=-0.021622858968648042 -0.010664025342637867 0.0051595047641206865 -0.0021239841064776884 0.00065301657720868078 0.013932164555246179 0.0085477784114039446 0.00357346438906259
leaf_weight=21 28 21 32 20 21 22 26
leaf_count=21 28 21 32 20 21 22 26
internal_value=-0.000667909 0.00203195 -0.000562422 0.00234361 0.00976783 0.00444632 0.00598127
internal_weight=191 170 128 100 42 68 48
internal_count=191 170 128 100 42 68 48
is_linear=0
shrinkage=0.03


Tree=56
num_leaves=8
num_cat=0
split_feature=39 26 22 40 41 11 26
split_gain=8.94255 2.76676 1.29951 2.02057 1.11941 0.901095 0.626876
threshold=0.92448440633907314 18.550000000000004 9.3500000000000014 0.65696625019107469 1.1070315355980629 2.5000000000000004 12.850000000000003
decision_type=2 2 2 8 10 2 2
left_child=1 2 3 6 5 -4 -1
right_child=-2 -3 4 -5 -6 -7 -8
leaf_value=-0.00093474027168537893 -0.016526793351639871 -0.0065677119588310072 -0.00054579085839742963 0.012627580188013411 -0.0039936595476631606 0.0074783172296179869 0.0063630398583005773
leaf_weight=20 22 21 21 36 20 30 21
leaf_count=20 22 21 21 36 20 30 21
internal_value=0.00103607 0.00340613 0.00485592 0.00753305 0.00188824 0.00422732 0.00286565
internal_weight=191 169 148 77 71 51 41
internal_count=191 169 148 77 71 51 41
is_linear=0
shrinkage=0.03


Tree=57
num_leaves=6
num_cat=0
split_feature=42 19 15 22 23
split_gain=11.3557 3.7188 3.70328 1.0584 0.471076
threshold=1595.0000000000002 24.050000000000004 0.68430231102288386 9.0500000000000025 0.9499999999999994
decision_type=2 2 2 2 10
left_child=-1 2 -2 -4 -5
right_child=1 -3 3 4 -6
leaf_value=-0.021269302942923136 -0.0088633937284569517 0.010114984367508441 -0.0023819893805517092 0.0020194760566193829 0.0071014570133494477
leaf_weight=20 33 39 26 33 34
leaf_count=20 33 39 26 33 34
internal_value=-0.000486623 0.00214544 -0.000381543 0.00269042 0.0046649
internal_weight=185 165 126 93 67
internal_count=185 165 126 93 67
is_linear=0
shrinkage=0.03


Tree=58
num_leaves=7
num_cat=0
split_feature=44 19 15 4 23 30
split_gain=11.7143 2.96032 2.06112 0.672916 0.619411 0.211823
threshold=2650.1933333333341 24.050000000000004 0.7254836971458194 97749.525000000009 0.9499999999999994 1660.6343333333336
decision_type=2 2 2 2 8 2
left_child=-1 2 -2 -4 -5 -6
right_child=1 -3 3 4 5 -7
leaf_value=-0.020476614560769952 -0.0058307772140417779 0.010595732477959245 -0.0018778190829537131 0.0001579313154798001 0.0036110064360712255 0.0080430849211720317
leaf_weight=22 34 31 21 23 20 25
leaf_count=22 34 31 21 23 20 25
internal_value=-0.000500261 0.0024672 0.000349617 0.00274922 0.00418466 0.00619459
internal_weight=176 154 123 89 68 45
internal_count=176 154 123 89 68 45
is_linear=0
shrinkage=0.03


Tree=59
num_leaves=7
num_cat=0
split_feature=42 19 44 8 41 43
split_gain=7.4356 2.75777 3.04761 1.09068 0.900726 0.332521
threshold=2477.1000000000004 24.050000000000004 5041.4558333333343 0.99406544796946339 0.98861537240603869 11913.050000000001
decision_type=2 2 2 2 10 2
left_child=-1 2 -2 -3 -4 -6
right_child=1 3 4 -5 5 -7
leaf_value=-0.016015674900263545 -0.010241193259539811 0.0033880765070872644 -0.0016883740080275427 0.013406364832605634 0.0019914678000514546 0.006634612179228238
leaf_weight=23 22 20 37 20 30 27
leaf_count=23 22 20 37 20 30 27
internal_value=-0.000466077 0.0019139 -0.000446163 0.00860203 0.00192996 0.00426732
internal_weight=179 156 116 40 94 57
internal_count=179 156 116 40 94 57
is_linear=0
shrinkage=0.03


Tree=60
num_leaves=7
num_cat=0
split_feature=14 26 40 43 10 15
split_gain=11.6997 3.53328 2.40457 0.699105 1.43044 0.361507
threshold=0.86275003778655002 18.550000000000004 0.90797178617750607 8250.0400000000027 1.0566243976241458 0.89691351184655443
decision_type=2 2 8 2 2 2
left_child=1 2 3 4 -1 -5
right_child=-2 -3 -4 5 -6 -7
leaf_value=-0.0047980220648257627 -0.015873457824545249 -0.0079791050244654924 0.014371842119673437 0.007261808078343931 0.0059028599682179363 0.0023521610163152215
leaf_weight=22 34 20 21 37 21 23
leaf_count=22 34 20 21 37 21 23
internal_value=-0.000307501 0.00345192 0.00534472 0.00338374 0.000443373 0.00544919
internal_weight=178 144 124 103 43 60
internal_count=178 144 124 103 43 60
is_linear=0
shrinkage=0.03


Tree=61
num_leaves=8
num_cat=0
split_feature=39 26 23 18 44 41 33
split_gain=4.57178 2.04658 1.52862 1.2649 1.50101 0.59724 0.257492
threshold=0.92372376644872378 18.550000000000004 1.1500000000000006 30.850000000000005 4136.2500000000009 1.011663233271568 34266.240000000013
decision_type=2 2 8 2 2 10 2
left_child=1 2 -1 5 -5 -4 -6
right_child=-2 -3 3 4 6 -7 -8
leaf_value=-0.0014833593906157397 -0.01125018871763883 -0.0057720295552696503 0.005884620792099407 -0.0034399578560675892 0.0078123415773734446 0.013580143212086775 0.0032784004373983904
leaf_weight=32 22 20 20 20 31 21 21
leaf_count=32 22 20 20 20 31 21 21
internal_value=0.00129416 0.00302444 0.00426897 0.00589667 0.00342302 0.0100557 0.00607773
internal_weight=187 165 145 113 72 41 52
internal_count=187 165 145 113 72 41 52
is_linear=0
shrinkage=0.03


Tree=62
num_leaves=7
num_cat=0
split_feature=39 30 15 5 23 34
split_gain=11.6515 2.81587 1.71887 1.22601 0.986985 0.799326
threshold=0.92372376644872378 14729.805000000002 0.48126256173783166 94890.345000000016 3.8500000000000001 13724.255000000003
decision_type=2 2 2 2 8 2
left_child=1 2 4 -4 -1 -5
right_child=-2 -3 3 5 -6 -7
leaf_value=0.014318951881889785 -0.020278619663705203 -0.0067745059793410094 -0.0037493106139742812 0.007263116357039268 0.0047713328948752447 0.0011153932912275194
leaf_weight=20 21 22 22 37 21 39
leaf_count=20 21 22 22 37 21 39
internal_value=0.000208219 0.0029891 0.00457177 0.00236747 0.00965875 0.00416382
internal_weight=182 161 139 98 41 76
internal_count=182 161 139 98 41 76
is_linear=0
shrinkage=0.03


Tree=63
num_leaves=8
num_cat=0
split_feature=42 26 40 40 18 25 42
split_gain=10.454 2.10291 2.19152 1.39379 1.14468 0.446604 0.164041
threshold=1595.0000000000002 18.550000000000004 0.97050892439304448 0.31032209011927731 30.850000000000005 14.165000000000001 13195.875000000002
decision_type=2 2 8 10 2 2 2
left_child=-1 2 3 6 5 -5 -2
right_child=1 -3 -4 4 -6 -7 -8
leaf_value=-0.019463556632399556 0.0047682646458799193 -0.0052292170980945225 0.012887629171752412 4.200107052123972e-05 -0.0039708482067693368 0.0060586741626262658 0.0089900774237784472
leaf_weight=20 21 23 22 20 32 24 21
leaf_count=20 21 23 22 20 32 24 21
internal_value=0.000468337 0.00301774 0.00440007 0.00272264 0.000276765 0.00338553 0.00703915
internal_weight=183 163 140 118 76 44 42
internal_count=183 163 140 118 76 44 42
is_linear=0
shrinkage=0.03


Tree=64
num_leaves=6
num_cat=0
split_feature=42 23 8 43 37
split_gain=9.04814 3.24568 1.55565 0.976614 1.88358
threshold=2616.6500000000005 1.1500000000000006 0.98945658159379923 13859.610000000002 0.031501683955272343
decision_type=2 8 2 2 2
left_child=-1 -2 -3 4 -4
right_child=1 2 3 -5 -6
leaf_value=-0.016654361522971436 -0.0053780685511191145 -0.0011389943062057419 0.0086260865702244803 0.011079622939709695 -0.0019121424653209169
leaf_weight=25 36 30 37 30 25
leaf_count=25 36 30 37 30 25
internal_value=-0.000248733 0.00243551 0.00476614 0.00668327 0.0044139
internal_weight=183 158 122 92 62
internal_count=183 158 122 92 62
is_linear=0
shrinkage=0.03


Tree=65
num_leaves=7
num_cat=0
split_feature=34 30 15 4 33 40
split_gain=4.31723 2.08097 2.34945 2.64003 0.878285 0.49783
threshold=117.50000000000001 13277.796 0.48126256173783166 93329.930000000008 35253.705000000009 0.431716568892482
decision_type=2 2 2 2 2 10
left_child=-1 2 -2 -4 5 -5
right_child=1 -3 3 4 -6 -7
leaf_value=-0.011909174046346119 0.010576461574160739 -0.0036316650668875529 -0.0077135942503809927 0.0039124119644494432 -0.0010931501171684691 0.0099018976837396619
leaf_weight=20 37 38 20 37 20 20
leaf_count=20 37 38 20 37 20 20
internal_value=0.000942217 0.00249677 0.00424871 0.00175173 0.00427763 0.00614847
internal_weight=192 172 134 97 77 57
internal_count=192 172 134 97 77 57
is_linear=0
shrinkage=0.03


Tree=66
num_leaves=7
num_cat=0
split_feature=42 19 15 8 22 30
split_gain=11.8429 2.64692 2.46006 0.794093 0.719269 0.496224
threshold=1595.0000000000002 24.050000000000004 0.68430231102288386 0.99406544796946339 9.0500000000000025 2967.5837500000007
decision_type=2 2 2 2 2 2
left_child=-1 2 -2 -3 -4 -6
right_child=1 3 4 -5 5 -7
leaf_value=-0.021484214953485535 -0.0071493827272206545 0.0038848049619368144 -0.0017198620603552886 0.01242963720113039 0.0018654347927524492 0.0073783693576231595
leaf_weight=21 33 20 27 21 38 24
leaf_count=21 33 20 27 21 38 24
internal_value=-0.000819696 0.00195737 -0.000276618 0.00845316 0.00232283 0.00408272
internal_weight=184 163 122 41 89 62
internal_count=184 163 122 41 89 62
is_linear=0
shrinkage=0.03


Tree=67
num_leaves=7
num_cat=0
split_feature=42 23 24 26 8 8
split_gain=6.86055 2.50865 1.5347 2.80288 1.31309 0.413501
threshold=2616.6500000000005 1.1500000000000006 3.4500000000000006 17.250000000000004 0.995371049527217 1.0491152745980294
decision_type=2 8 2 2 2 2
left_child=-1 -2 3 4 -3 -6
right_child=1 2 -4 -5 5 -7
leaf_value=-0.014835859605899223 -0.0056115007030100306 -0.0021325295791029932 0.0093677149631548676 -0.0079841812221067288 0.0045027555602913097 0.01002515785396099
leaf_weight=25 32 20 31 20 35 21
leaf_count=25 32 20 31 20 35 21
internal_value=-0.000545639 0.00177993 0.00367163 0.00175466 0.00438792 0.0067132
internal_weight=184 159 127 96 76 56
internal_count=184 159 127 96 76 56
is_linear=0
shrinkage=0.03


Tree=68
num_leaves=7
num_cat=0
split_feature=39 5 23 17 31 7
split_gain=11.9136 1.86498 2.08501 1.43976 1.26836 0.767972
threshold=0.92309696376513195 90516.065000000017 1.1500000000000006 26.150000000000002 258161.15000000005 112878.05491106721
decision_type=2 2 10 2 2 2
left_child=1 -1 4 -4 -3 -5
right_child=-2 2 3 5 -6 -7
leaf_value=-0.0054382952551047005 -0.021671835769983855 -0.0044388077007229063 0.012892317077873841 0.007299681231379509 0.0037190049653872846 7.3082587785191006e-05
leaf_weight=26 21 36 22 26 31 26
leaf_count=26 21 36 22 26 31 26
internal_value=-0.000916689 0.0018067 0.00317155 0.00660784 -0.000665114 0.00375594
internal_weight=188 167 141 74 67 52
internal_count=188 167 141 74 67 52
is_linear=0
shrinkage=0.03


Tree=69
num_leaves=8
num_cat=0
split_feature=14 15 26 40 42 35 37
split_gain=7.72524 12.3926 1.48061 1.3601 0.716492 0.463313 0.843036
threshold=0.86275003778655002 0.063390085881955341 17.500000000000004 0.90797178617750607 14074.730000000001 371889.01500000007 0.031207548752278474
decision_type=2 2 2 8 2 2 2
left_child=2 -2 3 4 5 6 -1
right_child=1 -3 -4 -5 -6 -7 -8
leaf_value=0.0041282648664827531 0.0048892100740756308 -0.027900077344051429 -0.0044370489461081361 0.010991098682650111 0.0073882800275864805 0.0051897520412291804 -0.002961019096740832
leaf_weight=25 20 20 20 21 22 20 35
leaf_count=25 20 20 20 21 22 20 35
internal_value=-0.000298634 -0.0117861 0.00297416 0.0042053 0.00271508 0.0013546 1.21016e-05
internal_weight=183 40 143 123 102 80 60
internal_count=183 40 143 123 102 80 60
is_linear=0
shrinkage=0.03


Tree=70
num_leaves=7
num_cat=0
split_feature=39 15 40 11 38 42
split_gain=4.76857 2.22854 3.62209 1.22828 1.45066 0.500108
threshold=0.92372376644872378 -0.18490961544327703 0.82593213958696676 1.5000000000000002 0.033030521705761623 11309.185000000003
decision_type=2 2 10 2 2 2
left_child=1 -1 3 -3 5 -5
right_child=-2 2 -4 4 -6 -7
leaf_value=0.0096605352054421716 -0.013272159296003255 -0.0023626795741306106 -0.0095598464618836133 -0.0015092777435739453 0.010033221584079521 0.0043886376458864944
leaf_weight=25 21 32 27 25 27 25
leaf_count=25 21 32 27 25 27 25
internal_value=-0.000167564 0.00161311 7.40835e-05 0.00252568 0.00456146 0.00146791
internal_weight=182 161 136 109 77 50
internal_count=182 161 136 109 77 50
is_linear=0
shrinkage=0.03


Tree=71
num_leaves=7
num_cat=0
split_feature=14 18 23 27 25 40
split_gain=9.6219 12.5956 1.69949 0.922119 1.42825 0.608524
threshold=0.8401237481468028 32.95000000000001 1.1500000000000006 1707.5000000000002 20.965000000000003 0.7386798316169545
decision_type=2 2 8 2 2 8
left_child=2 -2 -1 -4 5 -5
right_child=1 -3 3 4 -6 -7
leaf_value=-0.0026819529773338749 -0.029538978269057613 0.0035680523647793703 0.010122237177193164 0.0035406122488999049 -0.0024652457853349356 0.01001041535118764
leaf_weight=33 20 20 24 37 25 21
leaf_count=33 20 20 24 37 25 21
internal_value=-0.00051295 -0.0133022 0.00320954 0.00503456 0.00346043 0.00601309
internal_weight=180 40 140 107 83 58
internal_count=180 40 140 107 83 58
is_linear=0
shrinkage=0.03


Tree=72
num_leaves=6
num_cat=0
split_feature=34 23 39 5 4
split_gain=5.58218 2.45263 1.26248 1.76439 1.1998
threshold=169.00000000000003 1.1500000000000006 0.8952895910623061 324693.36500000005 418033.0450000001
decision_type=2 8 2 2 2
left_child=-1 -2 3 -3 -5
right_child=1 2 -4 4 -6
leaf_value=-0.011015503643634352 -0.0053358574512822089 0.01371484429708549 -0.00040122248518925446 -0.0016236573167145252 0.0071354791386560963
leaf_weight=36 31 20 38 24 32
leaf_count=36 31 20 38 24 32
internal_value=-0.000610317 0.00203079 0.00406299 0.00627131 0.00341894
internal_weight=181 145 114 76 56
internal_count=181 145 114 76 56
is_linear=0
shrinkage=0.03


Tree=73
num_leaves=8
num_cat=0
split_feature=39 37 39 15 28 30 22
split_gain=6.25863 2.02671 2.08464 2.02818 1.20708 0.567519 0.459863
threshold=0.92372376644872378 0.11593400106420773 0.69331266308487505 -0.18490961544327703 1547.1428571428573 7490.4880952380963 9.3500000000000014
decision_type=2 2 2 2 2 2 2
left_child=1 2 -1 -4 -5 6 -6
right_child=-2 -3 3 4 5 -7 -8
leaf_value=0.012926003489304672 -0.013974367793310771 -0.0053878465240334416 0.011240145569401127 -0.0044744679900921049 0.0071596214637674131 -0.0012211076116987636 0.0012587610513649203
leaf_weight=21 21 21 20 26 28 20 21
leaf_count=21 21 21 20 26 28 20 21
internal_value=0.0010241 0.00310602 0.00444732 0.00280096 0.000925707 0.00299541 0.00470644
internal_weight=178 157 136 115 95 69 49
internal_count=178 157 136 115 95 69 49
is_linear=0
shrinkage=0.03


Tree=74
num_leaves=7
num_cat=0
split_feature=14 26 40 37 15 41
split_gain=6.35783 2.42169 1.26546 0.71835 0.635384 0.795571
threshold=0.86275003778655002 17.250000000000004 0.70595640376185076 0.029755506838343913 0.98005052076767474 1.011663233271568
decision_type=2 2 10 2 2 10
left_child=1 2 3 -1 5 -5
right_child=-2 -3 -4 4 -6 -7
leaf_value=0.0070964334324002259 -0.010982485152064608 -0.0059006846174597741 0.010114185938404666 -0.0015635089737109161 -0.0032660036853381564 0.0058902066905284298
leaf_weight=24 38 24 26 21 20 31
leaf_count=24 38 24 26 21 20 31
internal_value=-0.000215334 0.00264272 0.0043577 0.00271046 0.00117128 0.00290735
internal_weight=184 146 122 96 72 52
internal_count=184 146 122 96 72 52
is_linear=0
shrinkage=0.03


Tree=75
num_leaves=7
num_cat=0
split_feature=34 30 15 41 8 18
split_gain=3.22315 1.8836 2.23726 1.08944 0.477552 0.301208
threshold=117.50000000000001 13277.796 0.48126256173783166 0.98861537240603869 1.0254422601077355 31.450000000000003
decision_type=2 2 2 10 2 2
left_child=-1 2 -2 -4 5 -5
right_child=1 -3 3 4 -6 -7
leaf_value=-0.0096923245216274378 0.010053138409888274 -0.0040234475045957986 -0.003720857741104232 -0.00049197606276720764 0.0071805530653468201 0.0042043351139063418
leaf_weight=22 37 33 26 26 20 22
leaf_count=22 37 33 26 26 20 22
internal_value=0.000834457 0.00229677 0.0039073 0.00140784 0.00339432 0.00170237
internal_weight=186 164 131 94 68 48
internal_count=186 164 131 94 68 48
is_linear=0
shrinkage=0.03


Tree=76
num_leaves=6
num_cat=0
split_feature=39 15 24 23 9
split_gain=9.41488 1.93441 1.33669 1.17441 0.602306
threshold=0.92372376644872378 0.13185089469345346 0.8500000000000002 1.1500000000000006 1.0485624054727853
decision_type=2 2 2 8 2
left_child=1 -1 3 -3 -5
right_child=-2 2 -4 4 -6
leaf_value=0.008129922321468995 -0.018407278590552186 -0.0023588579415144135 -0.005100742448722162 0.008020386634967647 0.0019523224435948035
leaf_weight=36 22 34 30 25 36
leaf_count=36 22 34 30 25 36
internal_value=-0.000448246 0.00210426 0.000318119 0.00206465 0.00452848
internal_weight=183 161 125 95 61
internal_count=183 161 125 95 61
is_linear=0
shrinkage=0.03


Tree=77
num_leaves=7
num_cat=0
split_feature=42 19 14 26 22 31
split_gain=7.26716 2.62053 2.09101 0.793489 0.622035 0.614167
threshold=1595.0000000000002 23.250000000000004 0.68037272099988588 17.750000000000004 9.0500000000000025 247049.88500000001
decision_type=2 2 2 2 2 2
left_child=-1 2 4 -3 -2 -6
right_child=1 3 -4 -5 5 -7
leaf_value=-0.016603182510108401 -0.0032595939838434927 0.0088202283012215055 -0.0099526867297078866 0.0015334001767703079 0.0049551394406486954 -0.0011337566375732421
leaf_weight=22 25 39 20 21 33 26
leaf_count=22 25 39 20 21 33 26
internal_value=-0.000808673 0.00139789 -0.00148469 0.00633679 0.000624869 0.00229772
internal_weight=186 164 104 60 84 59
internal_count=186 164 104 60 84 59
is_linear=0
shrinkage=0.03


Tree=78
num_leaves=9
num_cat=0
split_feature=42 19 15 34 24 38 22 34
split_gain=5.93655 1.89867 2.55082 1.54922 1.64571 0.361515 0.215643 0.192116
threshold=1595.0000000000002 24.050000000000004 0.55478649335567887 287.50000000000006 1.0000000180025095e-35 0.021652843048979683 11.550000000000002 15184.345000000001
decision_type=2 2 2 2 2 2 2 2
left_child=-1 2 -2 -4 6 -3 -5 -8
right_child=1 5 3 4 -6 -7 7 -9
leaf_value=-0.015185908411762546 -0.008305317159328196 0.0040571557457691858 0.0087274473346769799 8.4397089667618273e-05 -0.0072131333792848241 0.0099790368229150765 0.0057891234728906834 0.001571477252457823
leaf_weight=20 26 20 23 22 20 21 20 20
leaf_count=20 26 20 23 22 20 21 20 20
internal_value=-0.000123896 0.00170516 -7.384e-05 0.00202355 6.06982e-05 0.00725569 0.00248435 0.00377006
internal_weight=192 172 131 105 82 41 62 40
internal_count=192 172 131 105 82 41 62 40
is_linear=0
shrinkage=0.03


Tree=79
num_leaves=7
num_cat=0
split_feature=39 9 42 23 8 44
split_gain=7.58511 1.40385 2.16345 1.84988 1.07434 0.665431
threshold=0.92372376644872378 1.2055955391587185 2741.5000000000005 1.1500000000000006 0.99406544796946339 12956.046547619051
decision_type=2 2 2 8 2 2
left_child=1 2 -1 -4 -5 -6
right_child=-2 -3 3 4 5 -7
leaf_value=0.012579757674996342 -0.016078995602286379 -0.0031060529653640354 -0.0038120344768771356 0.0005656517769538742 0.003629966979580266 0.011459162743730385
leaf_weight=20 22 33 33 33 20 21
leaf_count=20 22 33 33 33 20 21
internal_value=3.66453e-05 0.00233865 0.00376663 0.00201809 0.00463417 0.0078174
internal_weight=182 160 127 107 74 41
internal_count=182 160 127 107 74 41
is_linear=0
shrinkage=0.03


Tree=80
num_leaves=6
num_cat=0
split_feature=44 23 8 19 41
split_gain=5.57333 1.69628 1.28161 1.15315 0.171176
threshold=2650.1933333333341 1.1500000000000006 0.99018477177805331 21.850000000000005 0.98861537240603869
decision_type=2 8 2 2 10
left_child=-1 -2 -3 -4 -5
right_child=1 2 3 4 -6
leaf_value=-0.013258742502202157 -0.002949511102185799 -0.00078897983498309784 0.0019751009462695372 0.010704534228505759 0.0065425944350659846
leaf_weight=22 38 33 37 28 24
leaf_count=22 38 33 37 28 24
internal_value=0.000558704 0.00252915 0.00424573 0.00610056 0.00894333
internal_weight=182 160 122 89 52
internal_count=182 160 122 89 52
is_linear=0
shrinkage=0.03


Tree=81
num_leaves=7
num_cat=0
split_feature=30 15 15 39 40 40
split_gain=5.76134 1.80968 2.86187 1.38049 0.779789 1.07169
threshold=14729.805000000002 0.31798952869803615 0.55478649335567887 0.92131571099800491 0.50391786320214504 0.31032209011927731
decision_type=2 2 2 2 10 10
left_child=1 -1 -3 4 5 -4
right_child=-2 2 3 -5 -6 -7
leaf_value=0.0094182315716170705 -0.012501955495940313 -0.0069753808632207611 0.0032176491396071817 0.0094121884862677415 0.0054037374775442806 -0.0056766906963742298
leaf_weight=27 26 30 25 25 26 22
leaf_count=27 26 30 25 25 26 22
internal_value=0.000294691 0.00250761 0.000988186 0.00347185 0.00133778 -0.000977188
internal_weight=181 155 128 98 73 47
internal_count=181 155 128 98 73 47
is_linear=0
shrinkage=0.03


Tree=82
num_leaves=7
num_cat=0
split_feature=39 13 39 30 17 8
split_gain=8.37628 1.31143 2.27939 1.17227 1.16743 0.599528
threshold=0.92372376644872378 3.5000000000000004 0.71449311383792513 2746.245166666667 26.350000000000005 1.018865518431846
decision_type=2 2 2 2 2 2
left_child=1 2 -1 -3 -5 -4
right_child=-2 3 5 4 -6 -7
leaf_value=-0.0097453672098724731 -0.018992134066564696 -0.00095893489429727191 0.0055757232249847482 0.0094834011492452436 0.0010463234730478789 -0.0012602167433271041
leaf_weight=22 20 35 20 34 26 25
leaf_count=22 20 35 20 34 26 25
internal_value=-0.00116396 0.00114006 -0.00205616 0.00339217 0.00590442 0.00183314
internal_weight=182 162 67 95 60 45
internal_count=182 162 67 95 60 45
is_linear=0
shrinkage=0.03


Tree=83
num_leaves=7
num_cat=0
split_feature=30 36 30 2 4 14
split_gain=4.33265 1.80698 1.70726 1.65802 0.580284 0.485201
threshold=14729.805000000002 59799.808571428577 1068.6785714285718 283667.51000000007 447574.94500000001 -0.098749067963353782
decision_type=2 2 2 2 2 2
left_child=1 2 -1 -3 5 -5
right_child=-2 3 -4 4 -6 -7
leaf_value=0.0042272773970450676 -0.0102975478519996 0.01218463526615365 -0.0071961474563512536 0.0038680013862904161 0.007304522270070655 -0.0011182227134916253
leaf_weight=20 26 21 26 37 20 32
leaf_count=20 26 21 26 37 20 32
internal_value=0.000808649 0.00271348 -0.00224517 0.00478865 0.00292753 0.00157261
internal_weight=182 156 46 110 89 69
internal_count=182 156 46 110 89 69
is_linear=0
shrinkage=0.03


Tree=84
num_leaves=8
num_cat=0
split_feature=39 37 44 4 23 30 37
split_gain=6.30669 1.7288 2.98866 2.10716 1.28981 0.550595 0.524473
threshold=0.92448440633907314 0.11593400106420773 3092.8042857142859 93329.930000000008 1.1500000000000006 4376.7071428571444 0.10549414531235195
decision_type=2 2 2 2 10 2 2
left_child=1 2 -1 -4 6 -6 -5
right_child=-2 -3 3 4 5 -7 -8
leaf_value=0.014372257557697592 -0.014384296619417992 -0.0053254295102461973 -0.0059158807620406147 -0.0032795469412601297 0.0042427233269657283 0.010453912457451224 0.0033486724538462501
leaf_weight=20 21 20 23 21 33 23 20
leaf_count=20 21 20 23 21 33 23 20
internal_value=0.000686079 0.00274112 0.00392308 0.00207717 0.00401345 0.00693239 -4.35217e-05
internal_weight=181 160 140 120 97 56 41
internal_count=181 160 140 120 97 56 41
is_linear=0
shrinkage=0.03


Tree=85
num_leaves=8
num_cat=0
split_feature=18 23 44 42 9 11 23
split_gain=2.25131 3.44551 1.67551 1.80015 1.12895 0.682603 0.459448
threshold=31.650000000000002 2.6500000000000008 4294.1369047619055 8013.2100000000009 1.1468919044640831 4.5000000000000009 1.1500000000000006
decision_type=2 8 2 2 2 2 10
left_child=2 -2 -1 -4 -3 6 -5
right_child=1 4 3 5 -6 -7 -8
leaf_value=0.011272960724714008 -0.012007751353085041 -0.0028903523609707395 -0.0043946438080941638 0.0032287635128679022 0.0067528455295478521 0.00040916408229943203 0.0095177970597377197
leaf_weight=22 23 20 26 20 22 22 25
leaf_count=22 23 20 26 20 22 22 25
internal_value=0.00150128 -0.00293285 0.00401121 0.00219172 0.00220042 0.00477467 0.00685363
internal_weight=180 65 115 93 42 67 45
internal_count=180 65 115 93 42 67 45
is_linear=0
shrinkage=0.03


Tree=86
num_leaves=8
num_cat=0
split_feature=13 14 37 6 35 28 44
split_gain=3.07756 6.42457 1.51647 1.35384 1.05194 0.67433 0.56842
threshold=3.5000000000000004 0.7522548710148802 0.031207548752278474 83775.991571428589 349989.65500000009 37309.833333333343 22499.887500000008
decision_type=2 2 2 2 2 2 2
left_child=1 2 -1 -2 -5 -4 -6
right_child=3 -3 5 4 6 -7 -8
leaf_value=0.0088237641748440052 -0.0011750547318822807 -0.015531271503109916 -0.0048872856875615467 0.010645428968709894 -0.00026525957984891384 0.0027228354888835125 0.0067887920886278152
leaf_weight=20 26 25 20 33 20 20 20
leaf_count=20 26 25 20 33 20 20 20
internal_value=0.00109862 -0.00306939 0.00229255 0.00467212 0.00674242 -0.00110862 0.00334132
internal_weight=184 85 60 99 73 40 40
internal_count=184 85 60 99 73 40 40
is_linear=0
shrinkage=0.03


Tree=87
num_leaves=7
num_cat=0
split_feature=39 26 43 43 40 41
split_gain=5.05008 2.11925 1.893 2.11252 0.829214 0.625023
threshold=0.92448440633907314 18.550000000000004 3139.8400000000006 5463.1250000000009 0.65696625019107469 1.011663233271568
decision_type=2 2 2 2 8 10
left_child=1 2 -1 -4 5 -5
right_child=-2 -3 3 4 -6 -7
leaf_value=0.010734487227681611 -0.013329506750617708 -0.0066512275061437059 -0.0060822083591483538 -0.00065138150376393847 0.0087220958620309839 0.0048544335465591686
leaf_weight=26 20 20 23 35 23 38
leaf_count=26 20 20 23 35 23 38
internal_value=0.000534765 0.00228546 0.00355522 0.00191025 0.00386808 0.00224153
internal_weight=185 165 145 119 96 73
internal_count=185 165 145 119 96 73
is_linear=0
shrinkage=0.03


Tree=88
num_leaves=7
num_cat=0
split_feature=40 26 40 26 44 15
split_gain=5.706 1.98898 1.35942 1.36951 1.51883 0.210342
threshold=2.5322449280873336 16.850000000000005 0.90797178617750607 14.15 5380.1163095238107 0.96633974041180493
decision_type=10 2 8 2 2 2
left_child=1 2 3 4 -1 -6
right_child=-2 -3 -4 -5 5 -7
leaf_value=-0.0076518266036042148 -0.01533796951174736 -0.0052717624858699061 0.0097865232520482764 0.0063183517434420838 0.0034853684178162963 -0.00044086515903472899
leaf_weight=20 20 32 21 35 30 20
leaf_count=20 20 32 21 35 30 20
internal_value=-0.000643584 0.00130123 0.00299893 0.00156189 -0.000871832 0.00193702
internal_weight=178 158 126 105 70 50
internal_count=178 158 126 105 70 50
is_linear=0
shrinkage=0.03


Tree=89
num_leaves=8
num_cat=0
split_feature=30 44 44 40 11 17 17
split_gain=4.70136 1.85534 2.67664 0.920373 1.01492 0.944115 0.179087
threshold=14729.805000000002 3306.3666666666672 5488.5316666666686 0.24500704030478351 4.5000000000000009 25.150000000000002 25.850000000000005
decision_type=2 2 2 10 2 2 2
left_child=1 -1 -3 -4 5 -5 -7
right_child=-2 2 3 4 -6 6 -8
leaf_value=0.010693921264769 -0.011387463109195231 -0.0085913711413741108 0.0079049015759179997 -0.0018508312292397021 -0.0036280494751408697 0.0032236668427607839 0.0071717779510654502
leaf_weight=21 24 20 26 21 24 20 29
leaf_count=21 24 20 26 21 24 20 29
internal_value=0.000725936 0.00259081 0.00130812 0.0030154 0.00159401 0.00341031 0.00565701
internal_weight=185 161 140 120 94 70 49
internal_count=185 161 140 120 94 70 49
is_linear=0
shrinkage=0.03


Tree=90
num_leaves=9
num_cat=0
split_feature=40 26 43 14 19 42 42 10
split_gain=6.80677 2.3621 2.56156 1.96481 1.18685 0.654782 0.251168 0.105879
threshold=2.5322449280873336 18.550000000000004 3139.8400000000006 0.72914769978834015 21.850000000000005 8013.2100000000009 13816.650000000001 1.0566243976241458
decision_type=8 2 2 2 2 2 2 2
left_child=1 2 -1 4 5 -4 -6 -7
right_child=-2 -3 3 -5 6 7 -8 -9
leaf_value=0.012448158260773529 -0.016417806499770711 -0.0077627589367330078 -0.0040197086473926901 -0.0070656221213617493 0.00408352255104826 0.00078904542007616585 0.0087052438920363785 0.0038888921162911821
leaf_weight=21 20 20 21 20 25 20 23 20
leaf_count=21 20 20 21 20 25 20 23 20
internal_value=-0.000300575 0.00168049 0.00298266 0.00135787 0.00295364 0.000158114 0.00643056 0.00239602
internal_weight=190 170 150 129 109 61 48 40
internal_count=190 170 150 129 109 61 48 40
is_linear=0
shrinkage=0.03


Tree=91
num_leaves=8
num_cat=0
split_feature=39 26 22 15 15 43 40
split_gain=6.09194 1.99729 1.48924 1.77636 1.41734 0.385715 0.301235
threshold=0.92372376644872378 18.550000000000004 9.3500000000000014 0.77786091972642668 0.61067742788105683 10471.095000000003 0.49370656003681634
decision_type=2 2 2 2 2 2 10
left_child=1 2 4 -4 5 -1 -5
right_child=-2 -3 3 6 -6 -7 -8
leaf_value=0.01245745879731008 -0.014638213820289819 -0.0070618452770369392 -0.006723931545764208 0.00077047162891730008 0.00085650895932509047 0.0061024700018407945 0.0057756963931024068
leaf_weight=20 23 20 24 22 30 21 21
leaf_count=20 23 20 24 22 30 21 21
internal_value=-0.000552282 0.00157737 0.00287123 -0.000342825 0.00586684 0.00942526 0.00329059
internal_weight=181 158 138 67 71 41 43
internal_count=181 158 138 67 71 41 43
is_linear=0
shrinkage=0.03


Tree=92
num_leaves=7
num_cat=0
split_feature=39 15 23 17 30 33
split_gain=4.73502 1.97393 0.983019 0.763824 0.869559 0.304358
threshold=0.92372376644872378 1.0000000180025095e-35 1.1500000000000006 26.050000000000004 1547.5395833333339 34266.240000000013
decision_type=2 2 8 2 2 2
left_child=1 -1 -3 5 -5 -4
right_child=-2 2 3 4 -6 -7
leaf_value=0.008332852745960866 -0.01252234611214827 -0.0040124617556908295 0.0066469170515322017 0.003331470062363554 -0.0050158995175329244 0.0016557738770331654
leaf_weight=34 22 34 26 21 22 20
leaf_count=34 22 34 26 21 22 20
internal_value=0.000196469 0.0020467 0.000255875 0.00191294 -0.000956212 0.00455826
internal_weight=179 157 123 89 43 46
internal_count=179 157 123 89 43 46
is_linear=0
shrinkage=0.03


Tree=93
num_leaves=7
num_cat=0
split_feature=34 37 37 25 30 24
split_gain=2.25937 1.05185 1.55889 1.52769 1.94232 1.21288
threshold=117.50000000000001 0.11593400106420773 0.10549414531235195 21.880000000000006 8965.731428571431 1.0500000000000003
decision_type=2 2 2 2 2 2
left_child=-1 2 3 4 5 -2
right_child=1 -3 -4 -5 -6 -7
leaf_value=-0.0082414146148316238 -0.0017450988334603607 -0.0043657904888757251 0.008013567266784408 0.0068403817482035733 -0.0088154010851444163 0.0066870736376848068
leaf_weight=22 39 21 36 28 21 24
leaf_count=22 39 21 36 28 21 24
internal_value=0.000587017 0.001778 0.0026732 0.00090093 -0.00113607 0.00152145
internal_weight=191 169 148 112 84 63
internal_count=191 169 148 112 84 63
is_linear=0
shrinkage=0.03


Tree=94
num_leaves=7
num_cat=0
split_feature=30 43 8 19 23 17
split_gain=5.35704 1.56271 2.02278 1.80709 0.617113 0.146486
threshold=14729.805000000002 3139.8400000000006 0.99119743510675096 21.850000000000005 1.9499999999999995 26.650000000000002
decision_type=2 2 2 2 8 2
left_child=1 -1 -3 4 -4 -5
right_child=-2 2 3 5 -6 -7
leaf_value=0.010046350652618068 -0.013072589825352896 -0.00552556112003062 -0.0028107150412491851 0.009234740002721082 0.0033668823633342983 0.0054196321731433267
leaf_weight=20 22 30 36 23 23 26
leaf_count=20 22 30 36 23 23 26
internal_value=0.000462895 0.00241795 0.00124806 0.00316305 -0.000386521 0.00735928
internal_weight=180 158 138 108 59 49
internal_count=180 158 138 108 59 49
is_linear=0
shrinkage=0.03


Tree=95
num_leaves=8
num_cat=0
split_feature=14 26 18 30 40 42 42
split_gain=5.85888 1.93141 1.18901 1.39735 0.737078 0.336478 0.142314
threshold=0.86275003778655002 17.250000000000004 25.550000000000004 2967.5837500000007 0.31032209011927731 10211.500000000002 12664.750000000002
decision_type=2 2 2 2 10 2 2
left_child=1 2 -1 4 6 -5 -4
right_child=-2 -3 3 5 -6 -7 -8
leaf_value=-0.0030298397370747158 -0.01088002910837531 -0.0056974729988723992 0.0027259963005781171 0.012011514742459569 -0.0019020824664487289 0.0059524846103574548 0.0063219783481742653
leaf_weight=20 38 23 24 20 25 20 20
leaf_count=20 38 23 24 20 25 20 20
internal_value=-0.000502544 0.00214598 0.0035775 0.00480638 0.00216368 0.00920107 0.0044647
internal_weight=190 152 129 109 69 40 44
internal_count=190 152 129 109 69 40 44
is_linear=0
shrinkage=0.03


Tree=96
num_leaves=7
num_cat=0
split_feature=39 15 26 15 8 31
split_gain=4.73275 1.09479 1.02988 1.10677 0.448681 0.570614
threshold=0.92448440633907314 -0.18490961544327703 16.550000000000004 0.63089349388778826 1.0333749844914426 237404.89500000002
decision_type=2 2 2 2 2 2
left_child=1 -1 3 -3 5 -5
right_child=-2 2 -4 4 -6 -7
leaf_value=0.0081075661027660735 -0.012670261748135089 0.0079287458537562212 -0.0032689464083788069 -0.00414223665983983 0.0044248599529964844 0.0019082529780765376
leaf_weight=25 20 27 32 22 23 35
leaf_count=25 20 27 32 22 23 35
internal_value=0.000748504 0.00245181 0.00138394 0.00279284 0.000982991 -0.000458178
internal_weight=184 164 139 107 80 57
internal_count=184 164 139 107 80 57
is_linear=0
shrinkage=0.03


Tree=97
num_leaves=8
num_cat=0
split_feature=42 19 30 25 8 42 27
split_gain=4.89734 1.4755 1.11601 2.27443 0.597323 0.529562 0.180159
threshold=1595.0000000000002 24.050000000000004 1068.6785714285718 20.965000000000003 1.0133022432459791 6473.3300000000008 38914.765000000007
decision_type=2 2 2 2 2 2 2
left_child=-1 2 -2 4 5 -4 -6
right_child=1 -3 3 -5 6 -7 -8
leaf_value=-0.01374280718681605 0.0048435445901538641 0.0063101103388377129 -0.0054410375774438888 -0.010230861643997386 0.00093446153748248304 0.0012483338469808751 0.0049708859143512592
leaf_weight=22 27 36 20 22 20 21 20
leaf_count=22 27 36 20 22 20 21 20
internal_value=-0.000767657 0.00102394 -0.000476922 -0.00190477 0.000453827 -0.00206663 0.00302469
internal_weight=188 166 130 103 81 41 40
internal_count=188 166 130 103 81 41 40
is_linear=0
shrinkage=0.03


Tree=98
num_leaves=7
num_cat=0
split_feature=39 8 43 43 23 14
split_gain=1.78367 4.60284 1.82503 1.33902 0.695829 0.332601
threshold=0.90639709059140283 1.019577804831479 3139.8400000000006 5692.3750000000009 0.9499999999999994 -0.030098581458670341
decision_type=2 2 2 2 10 2
left_child=2 -2 -1 -4 5 -5
right_child=1 -3 3 4 -6 -7
leaf_value=0.010110831109599936 -0.014342948557542902 0.0034455412772617165 -0.0054632897621818945 -0.0024014489046697107 0.0058708246112801135 0.0027694788435474035
leaf_weight=26 20 34 20 20 39 23
leaf_count=26 20 34 20 20 39 23
internal_value=0.00124877 -0.00328378 0.00317158 0.00132176 0.00302253 0.000364479
internal_weight=182 54 128 102 82 43
internal_count=182 54 128 102 82 43
is_linear=0
shrinkage=0.03


Tree=99
num_leaves=8
num_cat=0
split_feature=26 15 10 14 23 38 29
split_gain=2.04923 1.65891 2.23877 3.99939 1.05852 0.620167 0.542835
threshold=18.550000000000004 -0.18490961544327703 0.99171130938900609 0.7522548710148802 1.2500000000000002 0.031810926875679636 1072.0000000000002
decision_type=2 2 2 2 10 2 2
left_child=1 -1 -3 4 5 -4 -6
right_child=-2 2 3 -5 6 -7 -8
leaf_value=0.010060331385050501 -0.0073806178699369011 0.0090101234324706271 -0.0043088688061106951 -0.010879052439704537 0.0089318786887452005 0.0022665967655900333 0.002209970518015325
leaf_weight=20 22 25 23 26 21 27 23
leaf_count=20 22 25 23 26 21 27 23
internal_value=0.00101933 0.00217704 0.00102823 -0.000695388 0.00220624 -0.000783297 0.00554535
internal_weight=187 165 145 120 94 50 44
internal_count=187 165 145 120 94 50 44
is_linear=0
shrinkage=0.03


Tree=100
num_leaves=8
num_cat=0
split_feature=34 37 44 4 23 37 30
split_gain=1.60565 1.41532 1.64476 1.36683 0.466945 0.316842 0.212598
threshold=117.50000000000001 0.11818547630185812 3092.8042857142859 95525.065000000017 0.9499999999999994 0.10549414531235195 1300.6568333333337
decision_type=2 2 2 2 10 2 2
left_child=-1 2 -2 -4 5 -5 -6
right_child=1 -3 3 4 6 -7 -8
leaf_value=-0.0065373016255242484 0.011080640046192067 -0.0048809681578793306 -0.0041848191608173345 -0.00095244788823442333 0.0030570555354755085 0.0038527150387349333 0.0069389895400540393
leaf_weight=20 20 21 25 26 25 22 32
leaf_count=20 20 21 25 26 25 22 32
internal_value=0.00130516 0.00225508 0.00327983 0.00200428 0.00350346 0.0012836 0.00531845
internal_weight=191 171 150 130 105 48 57
internal_count=191 171 150 130 105 48 57
is_linear=0
shrinkage=0.03


Tree=101
num_leaves=7
num_cat=0
split_feature=42 33 23 33 41 2
split_gain=7.08008 2.04209 0.950419 0.642897 0.271433 0.149374
threshold=2477.1000000000004 40516.460000000014 1.1500000000000006 1389.0000000000002 0.96384997754665436 382053.86000000004
decision_type=2 2 10 2 10 2
left_child=-1 2 4 -4 -2 -5
right_child=1 -3 3 5 -6 -7
leaf_value=-0.0163126495427319 0.0030091798033565283 -0.0065020542245890411 0.0098487112112343317 0.0023748299784281035 -0.0010869274639657566 0.0056469753594137724
leaf_weight=20 24 20 23 32 34 23
leaf_count=20 24 20 23 32 34 23
internal_value=4.71419e-05 0.00223509 0.00355805 0.00569957 0.000630289 0.00381959
internal_weight=176 156 136 78 58 55
internal_count=176 156 136 78 58 55
is_linear=0
shrinkage=0.03


Tree=102
num_leaves=8
num_cat=0
split_feature=14 33 28 41 43 43 23
split_gain=5.74925 1.82169 3.68747 0.939604 0.735504 0.696967 0.377569
threshold=0.94425825643485939 1197.5000000000002 1694.214285714286 1.0653805691767608 10159.560000000001 11913.050000000001 1.8499999999999999
decision_type=2 2 2 8 2 2 10
left_child=1 -1 -3 4 -4 -5 -6
right_child=-2 2 3 5 6 -7 -8
leaf_value=0.0087962706670488989 -0.015378947078081018 -0.011586057983169501 0.0081774410963058458 -0.0047573633542141091 -0.0013316168050680841 0.0024231160205343493 0.0041982388368342069
leaf_weight=22 21 21 24 25 20 22 23
leaf_count=22 21 21 24 25 20 22 23
internal_value=-0.00101478 0.000991715 -0.000335465 0.00181974 0.00407691 -0.00141583 0.0016544
internal_weight=178 157 135 114 67 47 43
internal_count=178 157 135 114 67 47 43
is_linear=0
shrinkage=0.03


Tree=103
num_leaves=8
num_cat=0
split_feature=14 13 34 7 3 40 15
split_gain=4.85246 7.7363 0.930604 1.42379 0.610811 0.453151 0.277236
threshold=0.86275003778655002 3.5000000000000004 293.50000000000006 328733.6666040101 93329.930000000008 0.60911278241521838 0.89691351184655443
decision_type=2 2 2 2 2 8 2
left_child=2 -2 4 -4 -1 6 -5
right_child=1 -3 3 5 -6 -7 -8
leaf_value=0.0017549815747354711 -0.022439441947000364 0.0034811580622018871 -0.0047234046789394182 0.0032722812265689881 0.0090323120826328908 0.005797909394438778 -0.0015531203210015188
leaf_weight=20 20 20 32 20 22 27 21
leaf_count=20 20 20 32 20 22 27 21
internal_value=-0.000614797 -0.00971034 0.00199732 0.000406122 0.00568832 0.00285349 0.000822601
internal_weight=182 40 142 100 42 68 41
internal_count=182 40 142 100 42 68 41
is_linear=0
shrinkage=0.03


Tree=104
num_leaves=7
num_cat=0
split_feature=39 23 29 40 25 25
split_gain=6.62722 1.0285 1.17767 0.571934 0.504487 0.235158
threshold=0.92372376644872378 3.4499999999999997 12843.485000000002 0.60911278241521838 16.700000000000003 18.665000000000003
decision_type=2 10 2 8 2 2
left_child=1 2 3 4 -1 -6
right_child=-2 -3 -4 -5 5 -7
leaf_value=-0.0033396945308361735 -0.015426756827668711 0.0069358910687151365 -0.0054241346906531932 0.0051639011258406463 0.0045325687900185582 0.00051037981462500551
leaf_weight=20 21 31 21 37 21 33
leaf_count=20 21 31 21 37 21 33
internal_value=3.45567e-05 0.00210842 0.000931076 0.00217111 0.000625811 0.00212854
internal_weight=184 163 132 111 74 54
internal_count=184 163 132 111 74 54
is_linear=0
shrinkage=0.03


Tree=105
num_leaves=8
num_cat=0
split_feature=40 26 44 14 37 41 8
split_gain=3.81636 1.91789 1.71025 2.28129 0.574152 0.413948 0.336841
threshold=2.5322449280873336 18.550000000000004 3438.7513095238101 0.6547626423706755 0.029434756955429024 1.072938998624178 1.0175647884814027
decision_type=8 2 2 2 2 10 2
left_child=1 2 -1 4 -4 6 -6
right_child=-2 -3 3 -5 5 -7 -8
leaf_value=0.0099346180073916907 -0.012513872198760509 -0.0074919334926049821 0.0070400477892586157 -0.0076628811459522701 0.0018234805922423089 0.0044365596579154952 -0.0028501101558947046
leaf_weight=20 21 21 20 23 34 27 22
leaf_count=20 21 21 20 23 34 27 22
internal_value=-0.000767598 0.000775174 0.00200716 0.00068051 0.00259937 0.00145825 -3.03634e-05
internal_weight=188 167 146 126 103 83 56
internal_count=188 167 146 126 103 83 56
is_linear=0
shrinkage=0.03


Tree=106
num_leaves=7
num_cat=0
split_feature=39 15 25 22 22 4
split_gain=4.4493 1.59428 0.821164 0.788288 0.635079 0.48965
threshold=0.92372376644872378 0.48126256173783166 20.965000000000003 7.8500000000000005 8.3500000000000032 337523.96000000002
decision_type=2 2 2 2 2 2
left_child=1 3 4 -1 -3 -6
right_child=-2 2 -4 -5 5 -7
leaf_value=0.0027150661700579802 -0.011534896773071244 -0.0029860256068059243 -0.0052215723844710737 0.010083384318277239 0.0063418191324242134 0.00057864829884575941
leaf_weight=31 25 23 23 23 21 34
leaf_count=31 25 23 23 23 21 34
internal_value=-4.54896e-05 0.0018697 -0.0003648 0.0059797 0.00111529 0.00285308
internal_weight=180 155 101 54 78 55
internal_count=180 155 101 54 78 55
is_linear=0
shrinkage=0.03


Tree=107
num_leaves=7
num_cat=0
split_feature=42 33 4 15 4 41
split_gain=4.82991 1.28678 1.36755 1.67872 0.547777 0.533382
threshold=1595.0000000000002 1197.5000000000002 423002.53500000009 0.66367808336324663 337523.96000000002 1.011663233271568
decision_type=2 2 2 2 2 10
left_child=-1 -2 3 -3 5 -5
right_child=1 2 -4 4 -6 -7
leaf_value=-0.013883503957287125 0.0066497069670419604 -0.0081838765442371359 0.0043839661653664033 -0.0012192313022911549 -0.0035879234848139076 0.0048865156545717684
leaf_weight=22 27 29 38 24 22 26
leaf_count=22 27 29 38 24 22 26
internal_value=-0.000998611 0.000781935 -0.000397205 -0.00222141 0.000259355 0.00198932
internal_weight=188 166 139 101 72 50
internal_count=188 166 139 101 72 50
is_linear=0
shrinkage=0.03


Tree=108
num_leaves=8
num_cat=0
split_feature=39 23 2 43 26 15 15
split_gain=3.89636 1.55837 3.01431 1.43715 0.395171 0.326834 0.157277
threshold=0.92372376644872378 2.4499999999999997 322473.47000000003 3310.3500000000008 16.550000000000004 0.90438663683299525 0.66367808336324663
decision_type=2 8 2 2 2 2 2
left_child=1 2 -1 -3 6 -4 -5
right_child=-2 3 5 4 -6 -7 -8
leaf_value=-0.0083987473920652915 -0.012238444909665054 0.010603918913243846 0.006179678485329662 0.0050731858402617612 -0.0017572996479326059 0.00084016338668086311 0.001435887177940458
leaf_weight=34 21 21 20 21 20 21 23
leaf_count=34 21 21 20 21 20 21 23
internal_value=-0.000398301 0.00122208 -0.0019171 0.00398203 0.00167951 0.00352992 0.00324603
internal_weight=181 160 75 85 64 41 44
internal_count=181 160 75 85 64 41 44
is_linear=0
shrinkage=0.03


Tree=109
num_leaves=7
num_cat=0
split_feature=39 15 15 41 17 15
split_gain=4.12537 1.7909 1.30237 0.977329 0.911987 0.459541
threshold=0.92372376644872378 0.48126256173783166 0.7254836971458194 1.011663233271568 27.050000000000004 0.96177147954086928
decision_type=2 2 2 10 2 2
left_child=1 4 -3 -4 -1 -5
right_child=-2 2 3 5 -6 -7
leaf_value=0.0096920177601277826 -0.011904788780584931 -0.0076931378369177262 -0.0031044599222573074 0.0060758362814354204 0.0021087188250385222 2.5855590190206256e-05
leaf_weight=24 24 21 36 25 35 20
leaf_count=24 24 21 36 25 35 20
internal_value=-0.000564542 0.00118898 -0.00121941 0.000532313 0.00530357 0.00344597
internal_weight=185 161 102 81 59 45
internal_count=185 161 102 81 59 45
is_linear=0
shrinkage=0.03


Tree=110
num_leaves=8
num_cat=0
split_feature=44 27 4 42 43 19 41
split_gain=6.98855 1.39434 1.03644 0.996372 1.28333 0.338363 0.248021
threshold=2650.1933333333341 1405.0000000000002 93329.930000000008 6314.9400000000014 9272.3300000000017 21.450000000000003 1.0212108768307069
decision_type=2 2 2 2 2 2 8
left_child=-1 -2 -3 -4 -5 -6 -7
right_child=1 2 3 4 5 6 -8
leaf_value=-0.015345611290439315 0.0093547059503510926 -0.004626146529031836 0.0081026049931956952 -0.0055771518405526872 0.00015659403168307297 0.0020998556573893156 0.0064970920002087951
leaf_weight=22 21 22 21 20 28 25 23
leaf_count=22 21 22 21 20 28 25 23
internal_value=0.000123814 0.00233296 0.00121288 0.00234072 0.00100977 0.00279309 0.00429646
internal_weight=182 160 139 117 96 76 48
internal_count=182 160 139 117 96 76 48
is_linear=0
shrinkage=0.03


Tree=111
num_leaves=7
num_cat=0
split_feature=44 11 25 42 14 42
split_gain=4.058 1.16357 1.37654 0.690884 0.605609 0.680393
threshold=2650.1933333333341 1.0000000180025095e-35 17.835000000000004 14074.730000000001 -0.098749067963353782 10316.955000000002
decision_type=2 2 2 2 2 2
left_child=-1 -2 3 -3 -4 -6
right_child=1 2 4 -5 5 -7
leaf_value=-0.010511569594964383 -0.0033166744463145729 -0.00202412035013549 0.002199602790060453 0.0042586495859835011 0.011709385643211695 0.0047371410466730598
leaf_weight=23 24 39 23 25 25 29
leaf_count=23 24 39 23 25 25 29
internal_value=0.001026 0.0026879 0.00372612 0.000457847 0.00640191 0.00811924
internal_weight=188 165 141 64 77 54
internal_count=188 165 141 64 77 54
is_linear=0
shrinkage=0.03


Tree=112
num_leaves=7
num_cat=0
split_feature=14 26 39 40 36 7
split_gain=5.3309 1.44701 0.968864 0.833307 0.321853 0.270912
threshold=0.86275003778655002 17.250000000000004 0.92131571099800491 0.70595640376185076 336266.10842857143 408353.92848484853
decision_type=2 2 2 8 2 2
left_child=1 2 3 4 -1 -6
right_child=-2 -3 -4 -5 5 -7
leaf_value=-0.0012181688472628594 -0.009920564650674351 -0.0040639101559869365 0.0091683430946432054 0.0073071892536245289 0.005076180099110518 0.00034697655122727154
leaf_weight=35 39 25 23 23 20 23
leaf_count=35 39 25 23 23 20 23
internal_value=-0.000190467 0.0024055 0.00373189 0.00241613 0.00089966 0.00261198
internal_weight=188 149 124 101 78 43
internal_count=188 149 124 101 78 43
is_linear=0
shrinkage=0.03


Tree=113
num_leaves=8
num_cat=0
split_feature=23 14 26 39 39 4 4
split_gain=1.75141 4.23293 1.15596 0.774813 0.541237 0.581354 0.444149
threshold=3.4499999999999997 0.7522548710148802 16.850000000000005 0.92076530683231905 0.8952895910623061 337523.96000000002 423002.53500000009
decision_type=10 2 2 2 2 2 2
left_child=1 2 3 4 5 -1 -7
right_child=-2 -3 -4 -5 -6 6 -8
leaf_value=0.0070244706305675206 0.0077673816690221427 -0.012039818680116341 -0.0042593593563398586 0.0083451562667531624 -0.0020012821316777261 -0.0014436082810593339 0.0044328030385076996
leaf_weight=23 29 22 22 20 23 25 20
leaf_count=23 29 22 22 20 23 25 20
internal_value=0.00113243 -0.000150777 0.001891 0.00313714 0.00191426 0.00324844 0.00120772
internal_weight=184 155 133 111 91 68 45
internal_count=184 155 133 111 91 68 45
is_linear=0
shrinkage=0.03


Tree=114
num_leaves=8
num_cat=0
split_feature=39 39 10 23 39 11 20
split_gain=4.58473 1.85674 1.03009 0.999883 0.387759 0.690464 0.332126
threshold=0.92372376644872378 0.69331266308487505 1.2657920219663825 1.1500000000000006 0.8952895910623061 3.5000000000000004 2.2500000000000004
decision_type=2 2 2 8 2 2 2
left_child=1 -1 3 -3 5 6 -5
right_child=-2 2 -4 4 -6 -7 -8
leaf_value=0.0088170054220947734 -0.012652596541130068 -0.0035352104001988966 -0.0054999286882494655 0.0033356035917835388 -0.00024320436520501967 -0.0002031854226294419 0.0086386789703741668
leaf_weight=28 21 26 21 22 24 22 24
leaf_count=28 21 26 21 22 24 22 24
internal_value=0.000226558 0.00191177 0.000467738 0.00156707 0.00303153 0.0041741 0.00622736
internal_weight=188 167 139 118 92 68 46
internal_count=188 167 139 118 92 68 46
is_linear=0
shrinkage=0.03


Tree=115
num_leaves=8
num_cat=0
split_feature=42 27 28 33 19 40 40
split_gain=4.68964 1.86443 1.67146 0.930619 0.346453 0.334675 0.222426
threshold=1595.0000000000002 1405.0000000000002 1694.214285714286 40516.460000000014 21.450000000000003 0.3881088247169891 0.49370656003681634
decision_type=2 2 2 2 2 10 10
left_child=-1 -2 -3 4 6 -6 -4
right_child=1 2 3 -5 5 -7 -8
leaf_value=-0.013878359524480237 0.0074975571240628912 -0.0084405458625406021 -0.0020007385924944408 -0.0045395476336125276 0.0056977054086183344 0.00081683873502618593 0.0022696629592350551
leaf_weight=21 30 20 22 23 30 22 20
leaf_count=21 30 20 22 23 30 22 20
internal_value=-0.000857345 0.000852891 -0.000645931 0.00074672 0.00207434 0.0036871 3.82775e-05
internal_weight=188 167 137 117 94 52 42
internal_count=188 167 137 117 94 52 42
is_linear=0
shrinkage=0.03


Tree=116
num_leaves=7
num_cat=0
split_feature=41 26 42 23 8 22
split_gain=3.9774 2.01835 1.82611 1.89717 0.76938 0.415015
threshold=0.26417265735067647 18.550000000000004 3410.5000000000005 1.1500000000000006 1.0333749844914426 9.1500000000000021
decision_type=10 2 2 8 2 2
left_child=-1 2 -2 -4 5 -5
right_child=1 -3 3 4 -6 -7
leaf_value=-0.012500148120203189 0.010419925184839446 -0.0069074421169479251 -0.0060245502432091872 0.0033238142468811319 0.0068291461518542327 -0.0014623790234327316
leaf_weight=20 22 22 25 35 32 29
leaf_count=20 22 22 25 35 32 29
internal_value=-0.000200035 0.00135721 0.00266783 0.0011845 0.00310462 0.00116594
internal_weight=185 165 143 121 96 64
internal_count=185 165 143 121 96 64
is_linear=0
shrinkage=0.03


Tree=117
num_leaves=7
num_cat=0
split_feature=44 40 26 26 43 40
split_gain=5.13199 0.85521 0.87222 0.749891 0.721347 0.459802
threshold=2650.1933333333341 0.24500704030478351 16.850000000000005 13.550000000000002 5692.3750000000009 0.60911278241521838
decision_type=2 10 2 2 2 10
left_child=-1 -2 3 4 -3 -6
right_child=1 2 -4 -5 5 -7
leaf_value=-0.013360420924436766 0.006178901478294925 -0.0041409630951686543 -0.0044520010104259619 0.0051294472195130203 -0.00085418915376067161 0.0051128947637651273
leaf_weight=23 28 25 25 36 23 22
leaf_count=23 28 25 25 36 23 22
internal_value=-0.000426194 0.0015166 0.000480822 0.00167496 -0.000148859 0.00211078
internal_weight=182 159 131 106 70 45
internal_count=182 159 131 106 70 45
is_linear=0
shrinkage=0.03


Tree=118
num_leaves=8
num_cat=0
split_feature=39 42 33 4 41 38 25
split_gain=3.77976 1.23293 1.50053 0.686809 0.396878 0.404437 0.181114
threshold=0.92372376644872378 2477.1000000000004 40516.460000000014 95525.065000000017 0.93046164210773441 0.0048927024417802917 17.180000000000003
decision_type=2 2 2 2 10 2 2
left_child=1 -1 3 -3 -5 -6 -7
right_child=-2 2 -4 4 5 6 -8
leaf_value=0.0074956456051123409 -0.01263157914126558 -0.0038283174272094453 -0.0075463676426027505 0.0048455098864029758 0.0037325559701356622 -0.0028673779989846727 0.00091052385687362403
leaf_weight=21 20 20 20 32 26 21 23
leaf_count=21 20 20 20 32 26 21 23
internal_value=-0.000650958 0.000887115 -0.000135785 0.00113054 0.00213059 0.000838722 -0.000916217
internal_weight=183 163 142 122 102 70 44
internal_count=183 163 142 122 102 70 44
is_linear=0
shrinkage=0.03


Tree=119
num_leaves=8
num_cat=0
split_feature=14 18 39 39 39 38 26
split_gain=5.78526 9.82166 1.4799 0.565245 0.631926 0.537076 0.19459
threshold=0.8401237481468028 32.750000000000007 0.92131571099800491 0.8952895910623061 0.71449311383792513 0.021289257912532156 13.550000000000002
decision_type=2 2 2 2 2 2 2
left_child=2 -2 3 4 -1 6 -6
right_child=1 -3 -4 -5 5 -7 -8
leaf_value=-0.0023558440148506474 -0.024591550951484929 0.0036137356843961321 0.0088646809571946497 -0.0028144015519008516 -0.00066398519357400271 0.0073954435677400657 0.0033968608792532573
leaf_weight=22 21 22 23 30 20 20 21
leaf_count=22 21 22 23 30 20 20 21
internal_value=-0.00094714 -0.0104068 0.00209791 0.000654918 0.00192747 0.00348535 0.00144732
internal_weight=179 43 136 113 83 61 41
internal_count=179 43 136 113 83 61 41
is_linear=0
shrinkage=0.03


Tree=120
num_leaves=7
num_cat=0
split_feature=39 39 5 3 3 8
split_gain=4.44135 1.8241 1.16017 2.48518 1.15693 0.388375
threshold=0.92372376644872378 0.68792751935557861 326447.34500000009 106929.16500000002 85996.340000000011 0.99406544796946339
decision_type=2 2 2 2 2 2
left_child=1 -1 3 4 -3 -4
right_child=-2 2 5 -5 -6 -7
leaf_value=0.0094582171994261437 -0.012270272657548523 -0.0028516373055225068 0.00054664127528667448 -0.0093487766230828124 0.006693919813842512 0.0053281504538302358
leaf_weight=23 22 21 26 26 23 37
leaf_count=23 22 21 26 26 23 37
internal_value=4.19612e-05 0.0018454 0.000468135 -0.00217604 0.00217596 0.0033942
internal_weight=178 156 133 70 44 63
internal_count=178 156 133 70 44 63
is_linear=0
shrinkage=0.03


Tree=121
num_leaves=7
num_cat=0
split_feature=25 24 3 6 33 23
split_gain=4.04007 5.48126 1.54615 2.72017 1.59029 0.665016
threshold=21.575000000000003 0.8500000000000002 320561.19 82550.365714285741 35547.560000000005 0.75000000000000011
decision_type=2 2 2 2 2 10
left_child=2 -2 3 -1 5 -4
right_child=1 -3 4 -5 -6 -7
leaf_value=-0.0030252176049080761 0.0021189463580958546 -0.01809164527505636 -0.0016775586180896921 0.010375499799721749 -0.0065786957011782915 0.0053222399926744404
leaf_weight=21 23 24 21 36 28 27
leaf_count=21 23 24 21 36 28 27
internal_value=-0.000899246 -0.00836326 0.00178114 0.00547136 -0.00102163 0.00228809
internal_weight=180 47 133 57 76 48
internal_count=180 47 133 57 76 48
is_linear=0
shrinkage=0.03


Tree=122
num_leaves=6
num_cat=0
split_feature=42 33 33 30 26
split_gain=3.72207 1.66183 1.01553 0.503716 0.688992
threshold=1595.0000000000002 1197.5000000000002 1514.0000000000002 1734.4575000000002 12.350000000000003
decision_type=2 2 2 2 2
left_child=-1 -2 -3 -4 -5
right_child=1 2 3 4 -6
leaf_value=-0.012468379038785183 0.0076034939701951649 -0.0061733365858368493 0.0035583910465510067 0.0022102748313428539 -0.0034678744359944876
leaf_weight=20 27 22 37 37 38
leaf_count=20 27 22 37 37 38
internal_value=-0.000587707 0.000956008 -0.000429811 0.000743028 -0.00067443
internal_weight=181 161 134 112 75
internal_count=181 161 134 112 75
is_linear=0
shrinkage=0.03


Tree=123
num_leaves=8
num_cat=0
split_feature=42 27 28 37 41 11 4
split_gain=3.9886 1.34722 0.898435 0.546928 0.421671 0.370525 0.274907
threshold=1595.0000000000002 1405.0000000000002 1648.3452380952383 0.11381161242233491 1.0325869870713673 2.5000000000000004 334204.90500000009
decision_type=2 2 2 2 8 2 2
left_child=-1 -2 -3 4 6 -6 -4
right_child=1 2 3 -5 5 -7 -8
leaf_value=-0.012275009815182003 0.0078760410766475462 -0.0052967493236064905 0.0033596481702573198 -0.0025337460877373815 0.0017928913616659966 0.0075421865656971933 -0.0010098717256230029
leaf_weight=20 25 20 20 24 21 20 33
leaf_count=20 25 20 20 24 21 20 33
internal_value=3.51792e-05 0.00161127 0.00042785 0.00143448 0.00246365 0.00471023 0.000670685
internal_weight=183 163 138 118 94 41 53
internal_count=183 163 138 118 94 41 53
is_linear=0
shrinkage=0.03


Tree=124
num_leaves=6
num_cat=0
split_feature=14 39 9 13 38
split_gain=3.99846 1.6156 0.675542 0.506532 0.482489
threshold=0.86275003778655002 0.92076530683231905 1.1342290539158015 2.5000000000000004 0.032264830653633204
decision_type=2 2 2 2 2
left_child=1 2 3 -1 -5
right_child=-2 -3 -4 4 -6
leaf_value=-0.0024686006877499703 -0.0093358963341093979 0.0081198567288487938 -0.0046462343779959435 0.00030604147980920968 0.0054761391798300394
leaf_weight=25 38 26 22 39 27
leaf_count=25 38 26 22 39 27
internal_value=-0.000844591 0.00152688 -4.80127e-05 0.00110206 0.00247125
internal_weight=177 139 113 91 66
internal_count=177 139 113 91 66
is_linear=0
shrinkage=0.03


Tree=125
num_leaves=7
num_cat=0
split_feature=14 35 39 39 3 39
split_gain=3.35233 7.06974 1.9274 1.43492 0.381343 0.369079
threshold=0.8401237481468028 80549.965000000011 0.92131571099800491 0.8952895910623061 329473.67000000004 0.75518586363052631
decision_type=2 2 2 2 2 2
left_child=2 -2 3 4 -1 -6
right_child=1 -3 -4 -5 5 -7
leaf_value=0.0059521129434662208 -0.018911783408535561 0.0049758182212033056 0.0096522809084504824 -0.0052010621423833076 -0.0015410880515208611 0.0030840772238130178
leaf_weight=20 22 21 24 29 25 38
leaf_count=20 22 21 24 29 25 38
internal_value=-0.000194571 -0.0073978 0.00212029 0.000435161 0.00244292 0.00125329
internal_weight=179 43 136 112 83 63
internal_count=179 43 136 112 83 63
is_linear=0
shrinkage=0.03


Tree=126
num_leaves=6
num_cat=0
split_feature=23 37 31 43 27
split_gain=1.08334 0.864252 0.80295 0.709635 0.298284
threshold=1.1500000000000006 0.031207548752278474 256812.53 2667.0000000000005 45796.080000000009
decision_type=8 2 2 2 2
left_child=-1 3 -3 -2 -4
right_child=1 2 4 -5 -6
leaf_value=-0.0033795155509589955 0.00058341169486875112 -0.0033223078553290927 0.004793472148788472 0.0073198015470989052 0.00023590932564380076
leaf_weight=38 22 33 26 39 25
leaf_count=38 22 33 26 39 25
internal_value=0.0010707 0.00225212 0.00026587 0.00493888 0.00260687
internal_weight=183 145 84 61 51
internal_count=183 145 84 61 51
is_linear=0
shrinkage=0.03


Tree=127
num_leaves=6
num_cat=0
split_feature=25 43 30 43 24
split_gain=3.07205 1.52709 1.69083 0.772882 0.731169
threshold=22.000000000000004 3139.8400000000006 1040.5333333333338 8250.0400000000027 0.55000000000000016
decision_type=2 2 2 2 2
left_child=1 -1 -3 -4 -5
right_child=-2 2 3 4 -6
leaf_value=0.0077886437624692922 -0.0081383523823959497 0.007720845295513176 -0.0047604098984111963 0.0032180201348015352 -0.0035613010540280648
leaf_weight=29 34 21 38 37 22
leaf_count=29 34 21 38 37 22
internal_value=-0.000146184 0.00174484 0.000206533 -0.00148246 0.000672914
internal_weight=181 147 118 97 59
internal_count=181 147 118 97 59
is_linear=0
shrinkage=0.03


Tree=128
num_leaves=7
num_cat=0
split_feature=33 31 43 18 23 31
split_gain=2.00366 1.13691 1.99588 2.60942 0.83902 0.181536
threshold=1.0000000180025095e-35 53098.614999999998 10159.560000000001 29.550000000000004 0.9499999999999994 310218.43000000011
decision_type=2 2 2 2 10 2
left_child=-1 -2 3 -3 -4 -6
right_child=1 2 4 -5 5 -7
leaf_value=-0.0090854960467134198 0.0059309602447695309 0.0022410710791322904 -0.0015169683543579844 -0.01080718924663961 0.00685614567133598 0.0030526439821863143
leaf_weight=20 30 25 28 29 23 27
leaf_count=20 30 25 28 29 23 27
internal_value=-0.000365323 0.000760377 -0.000450514 -0.00483542 0.00260797 0.00490238
internal_weight=182 162 132 54 78 50
internal_count=182 162 132 54 78 50
is_linear=0
shrinkage=0.03


Tree=129
num_leaves=8
num_cat=0
split_feature=39 23 43 18 26 15 34
split_gain=3.77521 1.46414 1.54086 0.989538 0.738752 1.23259 0.306366
threshold=0.92372376644872378 2.4499999999999997 3594.6500000000005 31.650000000000002 15.750000000000002 0.63089349388778826 12479.305000000002
decision_type=2 10 2 2 2 2 2
left_child=1 3 -3 4 5 -1 -7
right_child=-2 2 -4 -5 -6 6 -8
leaf_value=0.0086924968952579156 -0.011244579727202653 0.011260311655376267 0.00066707138017851051 -0.0050825732029625209 -0.0035488504110633033 0.0024219235164028678 -0.0024794565334741491
leaf_weight=20 24 22 27 31 22 21 23
leaf_count=20 24 22 27 31 22 21 23
internal_value=-0.000373809 0.00125579 0.0055533 -0.000575831 0.00108844 0.00271258 -0.000138325
internal_weight=190 166 49 117 86 64 44
internal_count=190 166 49 117 86 64 44
is_linear=0
shrinkage=0.03


Tree=130
num_leaves=8
num_cat=0
split_feature=39 15 9 42 43 23 41
split_gain=3.98259 1.18999 1.12083 0.789611 1.02004 0.553095 0.516318
threshold=0.92372376644872378 0.13185089469345346 1.2055955391587185 3410.5000000000005 5692.3750000000009 3.5500000000000012 1.011663233271568
decision_type=2 2 2 2 2 10 10
left_child=1 5 3 -3 -5 -1 -6
right_child=-2 2 -4 4 6 -7 -8
leaf_value=0.0017611533362353589 -0.012172523290728746 0.0062250743959365142 -0.0060470544509589668 -0.0060177196509071757 -0.0016029330073959298 0.0086009755471478343 0.0038375945546737819
leaf_weight=21 22 20 24 20 26 22 37
leaf_count=21 22 20 24 20 26 22 37
internal_value=-0.000454263 0.00112453 -0.000345879 0.00102792 -0.000283604 0.00537654 0.00160233
internal_weight=192 170 127 103 83 43 63
internal_count=192 170 127 103 83 43 63
is_linear=0
shrinkage=0.03


Tree=131
num_leaves=7
num_cat=0
split_feature=42 27 14 41 34 39
split_gain=4.36539 1.92547 1.49762 0.542533 0.507004 0.268299
threshold=2477.1000000000004 1405.0000000000002 0.72914769978834015 0.91400493456945009 13511.760000000002 0.75518586363052631
decision_type=2 2 2 10 2 2
left_child=-1 -2 3 -3 -5 -6
right_child=1 2 -4 4 5 -7
leaf_value=-0.014052964997078692 0.0079781377901179864 -0.0035090153882629239 -0.0083035184788916791 0.0041657882853791016 -0.0028355144114112075 0.0017013655509799718
leaf_weight=20 25 23 20 37 22 23
leaf_count=20 25 23 20 37 22 23
internal_value=-0.00124184 0.000548061 -0.000989479 0.000468863 0.00161344 -0.000530088
internal_weight=170 150 125 105 82 45
internal_count=170 150 125 105 82 45
is_linear=0
shrinkage=0.03


Tree=132
num_leaves=6
num_cat=0
split_feature=14 39 22 23 29
split_gain=3.21025 1.88024 1.18804 0.933836 0.48766
threshold=0.86275003778655002 0.92131571099800491 11.550000000000002 1.9499999999999995 3094.0000000000005
decision_type=2 2 2 8 2
left_child=1 2 3 -1 -5
right_child=-2 -3 -4 4 -6
leaf_value=-0.0060478549326459562 -0.0074018200471764432 0.0093465253581396408 0.0050584260933101179 -0.0014417168041965102 0.0043768799888701847
leaf_weight=26 39 26 35 33 20
leaf_count=26 39 26 35 33 20
internal_value=9.99486e-05 0.0022274 0.000536586 -0.00150495 0.000794372
internal_weight=179 140 114 79 53
internal_count=179 140 114 79 53
is_linear=0
shrinkage=0.03


Tree=133
num_leaves=7
num_cat=0
split_feature=2 39 44 37 11 28
split_gain=3.11448 1.13506 0.930058 0.720646 0.230578 0.221565
threshold=96438.705000000002 0.69331266308487505 9023.4585714285768 0.031207548752278474 3.5000000000000004 43789.21333333334
decision_type=2 2 2 2 2 2
left_child=-1 -2 -3 -4 5 -5
right_child=1 2 3 4 -6 -7
leaf_value=-0.0072365052744469329 0.0075022659619571642 -0.0035712358869355301 0.0074817256429897889 0.00023968899755605629 -0.001029814305366017 0.0046643795073032382
leaf_weight=36 31 28 20 20 27 20
leaf_count=36 31 28 20 20 27 20
internal_value=0.000546573 0.00250186 0.00110087 0.00262803 0.00109045 0.00251184
internal_weight=182 146 115 87 67 40
internal_count=182 146 115 87 67 40
is_linear=0
shrinkage=0.03


Tree=134
num_leaves=6
num_cat=0
split_feature=14 39 39 34 25
split_gain=3.69277 1.3764 0.702041 0.825218 0.456468
threshold=0.86275003778655002 0.92309696376513195 0.8952895910623061 13724.255000000003 17.095000000000002
decision_type=2 2 2 2 2
left_child=1 2 3 -1 -5
right_child=-2 -3 -4 4 -6
leaf_value=0.0059738280754536386 -0.008681008176734813 0.0086508997648277047 -0.0029676043695291959 -0.0031270357616281566 0.0023936768042455829
leaf_weight=29 38 21 36 25 27
leaf_count=29 38 21 36 25 27
internal_value=-0.000526023 0.00176585 0.000467233 0.0020114 -0.000269434
internal_weight=176 138 117 81 52
internal_count=176 138 117 81 52
is_linear=0
shrinkage=0.03


Tree=135
num_leaves=8
num_cat=0
split_feature=42 27 4 29 17 43 38
split_gain=2.51175 1.78716 0.722518 0.816276 0.645821 1.81611 0.870602
threshold=1595.0000000000002 1405.0000000000002 442890.815 1007.0000000000001 25.450000000000003 10471.095000000003 0.034917363136387526
decision_type=2 2 2 2 2 2 2
left_child=-1 -2 3 -3 6 -6 -5
right_child=1 2 -4 4 5 -7 -8
leaf_value=-0.0099560379875557759 0.0084486497819423675 0.0035686441847624685 0.0047501427210359408 -0.0037163555128790905 -0.011504498666950634 -7.580071323900483e-05 0.0045460905746387489
leaf_weight=20 24 25 21 23 20 31 21
leaf_count=20 24 25 21 23 20 31 21
internal_value=-0.000181566 0.00105606 -0.000252893 -0.00116045 -0.00242915 -0.00469269 0.000240477
internal_weight=185 165 141 120 95 51 44
internal_count=185 165 141 120 95 51 44
is_linear=0
shrinkage=0.03


Tree=136
num_leaves=7
num_cat=0
split_feature=39 42 23 37 4 19
split_gain=3.97681 2.77803 1.47594 0.605961 0.492968 0.338498
threshold=0.92372376644872378 2260.0900000000006 1.1500000000000006 0.028361335138637495 418033.0450000001 21.050000000000001
decision_type=2 2 8 2 2 2
left_child=1 -1 -3 -4 5 -5
right_child=-2 2 3 4 -6 -7
leaf_value=0.012040909901261328 -0.010723687501251697 -0.0045918008706507243 0.0067977653968740587 0.0022172503838581701 0.0037807396222151032 -0.0027200928892219256
leaf_weight=21 24 36 21 20 37 30
leaf_count=21 24 36 21 20 37 30
internal_value=0.000433524 0.00211122 0.000590081 0.00234365 0.00120349 -0.000740404
internal_weight=189 165 144 108 87 50
internal_count=189 165 144 108 87 50
is_linear=0
shrinkage=0.03


Tree=137
num_leaves=7
num_cat=0
split_feature=23 30 8 39 9 30
split_gain=2.03747 4.47432 1.08011 1.07011 0.43943 0.430709
threshold=3.5500000000000012 13277.796 0.99119743510675096 0.92076530683231905 1.1342290539158015 2967.5837500000007
decision_type=10 2 2 2 2 2
left_child=1 2 -1 4 5 -4
right_child=-2 -3 3 -5 -6 -7
leaf_value=-0.0040704933663999491 0.0072797521043183469 -0.013921653780747542 -0.00045998748977269443 0.0071740720480946551 -0.0034051757751564892 0.0048435165152034684
leaf_weight=32 28 21 34 27 20 22
leaf_count=32 28 21 34 27 20 22
internal_value=-2.60714e-05 -0.00137539 0.000664267 0.00216026 0.000308995 0.00167195
internal_weight=184 156 135 103 76 56
internal_count=184 156 135 103 76 56
is_linear=0
shrinkage=0.03


Tree=138
num_leaves=7
num_cat=0
split_feature=43 14 40 9 5 4
split_gain=1.69908 2.4231 0.557593 0.653515 0.5707 0.648525
threshold=3139.8400000000006 0.86275003778655002 0.24500704030478351 1.1213340509455263 336945.39000000007 423002.53500000009
decision_type=2 2 10 2 2 2
left_child=-1 2 -2 4 -4 -6
right_child=1 -3 3 -5 5 -7
leaf_value=0.0067380976455437168 0.0051589295603334901 -0.0096410522923212148 0.0044160012147304688 -0.004571519424872739 -0.0044068097705831349 0.002341270623407487
leaf_weight=36 24 21 32 20 22 28
leaf_count=36 24 21 32 20 22 28
internal_value=0.000991555 -0.000451781 0.00114362 0.000157926 0.00135263 -0.000656074
internal_weight=183 147 126 102 82 50
internal_count=183 147 126 102 82 50
is_linear=0
shrinkage=0.03


Tree=139
num_leaves=6
num_cat=0
split_feature=27 44 12 43 28
split_gain=1.23296 1.53869 0.732295 0.278429 0.192499
threshold=1405.0000000000002 5380.1163095238107 1.0000000180025095e-35 11913.050000000001 46916.725357142866
decision_type=2 2 2 2 2
left_child=-1 -2 3 -3 -5
right_child=1 2 -4 4 -6
leaf_value=0.0063048988421048439 -0.0060304551852168511 0.00082473066224926755 -0.0023099782141798642 0.0027800030768213961 0.0066474326726581367
leaf_weight=34 29 33 31 32 20
leaf_count=34 29 33 31 32 20
internal_value=0.0012512 3.11238e-05 0.00158511 0.00301601 0.00436483
internal_weight=179 145 116 85 52
internal_count=179 145 116 85 52
is_linear=0
shrinkage=0.03


Tree=140
num_leaves=8
num_cat=0
split_feature=39 42 14 27 23 33 22
split_gain=3.75476 3.20087 0.745597 0.503588 0.407963 0.106719 0.17958
threshold=0.92372376644872378 2477.1000000000004 0.8401237481468028 1864.0000000000002 0.9499999999999994 34266.240000000013 5.7500000000000009
decision_type=2 2 2 2 8 2 2
left_child=1 -1 3 -3 -5 6 -6
right_child=-2 2 -4 4 5 -7 -8
leaf_value=0.013065734984619276 -0.010576603049412369 -0.0041060549879006836 0.0048633011912220508 -0.0023004264318414271 0.00059201274183578784 0.00011832935396920552 0.004475062957135378
leaf_weight=20 23 26 28 30 20 21 23
leaf_count=20 23 26 28 30 20 21 23
internal_value=0.000530406 0.00210459 0.000545611 -0.000493716 0.000538145 0.00188365 0.00272349
internal_weight=191 168 148 120 94 64 43
internal_count=191 168 148 120 94 64 43
is_linear=0
shrinkage=0.03


Tree=141
num_leaves=7
num_cat=0
split_feature=42 33 28 39 44 2
split_gain=3.87057 0.997557 0.632865 0.811043 0.216445 0.219349
threshold=1595.0000000000002 1197.5000000000002 1648.3452380952383 0.71449311383792513 22499.887500000008 338599.0400000001
decision_type=2 2 2 2 2 2
left_child=-1 -2 -3 -4 5 -5
right_child=1 2 3 4 -6 -7
leaf_value=-0.013012564916695868 0.0060640594463508861 -0.0051412048164222925 -0.0046766190450977197 0.0024719151237181255 0.0039932459543666069 -0.00089215920280132977
leaf_weight=20 25 20 21 34 26 34
leaf_count=20 25 20 21 34 26 34
internal_value=-0.000902432 0.000682756 -0.000351043 0.000519168 0.00171694 0.000801325
internal_weight=180 160 135 115 94 68
internal_count=180 160 135 115 94 68
is_linear=0
shrinkage=0.03


Tree=142
num_leaves=8
num_cat=0
split_feature=42 33 14 41 43 23 24
split_gain=4.01732 0.993078 1.20952 0.694404 0.290324 0.484169 0.0433759
threshold=1595.0000000000002 1197.5000000000002 0.72914769978834015 0.91400493456945009 6830.5150000000003 0.9499999999999994 0.15000000000000005
decision_type=2 2 2 8 2 10 2
left_child=-1 -2 3 -3 -5 -6 -7
right_child=1 2 -4 4 5 6 -8
leaf_value=-0.012717288125838552 0.0061458644196391099 -0.003225176697014831 -0.0061680964388601163 0.0054419976784645212 -0.0012766100036969874 0.004674970821610518 0.0024762538886650212
leaf_weight=20 29 23 22 22 31 20 21
leaf_count=20 29 23 22 22 31 20 21
internal_value=-0.000343869 0.00119569 0.0001264 0.00135222 0.00249438 0.00153151 0.00363457
internal_weight=188 168 139 117 94 72 41
internal_count=188 168 139 117 94 72 41
is_linear=0
shrinkage=0.03


Tree=143
num_leaves=7
num_cat=0
split_feature=30 44 44 30 24 26
split_gain=3.20913 2.3695 1.40852 0.7452 0.991175 0.486701
threshold=14729.805000000002 3306.3666666666672 5488.5316666666686 1068.6785714285718 0.55000000000000016 13.550000000000002
decision_type=2 2 2 2 2 2
left_child=1 -1 -3 -4 5 -5
right_child=-2 2 3 4 -6 -7
leaf_value=0.010558260732463427 -0.010599998012185096 -0.0072250601001591841 0.0053176810915049697 -0.00034797130077070476 -0.0048613651067114846 0.0050918753340840339
leaf_weight=20 23 21 27 36 28 24
leaf_count=20 23 21 27 36 28 24
internal_value=-0.000384947 0.00117904 -0.000267255 0.00105463 -0.0002984 0.00187577
internal_weight=179 156 136 115 88 60
internal_count=179 156 136 115 88 60
is_linear=0
shrinkage=0.03


Tree=144
num_leaves=8
num_cat=0
split_feature=30 44 44 37 4 24 7
split_gain=2.39453 0.79952 1.48427 1.14664 0.691113 0.300156 0.201685
threshold=14729.805000000002 3438.7513095238101 5762.1691666666675 0.029755506838343913 442890.815 0.55000000000000016 394533.73149209493
decision_type=2 2 2 2 2 2 2
left_child=1 -1 -3 -4 5 6 -5
right_child=-2 2 3 4 -6 -7 -8
leaf_value=0.0070227507806637068 -0.0084520982764661311 -0.0065075388125010901 0.0085094058433813693 0.002202056227251887 0.005478468676182356 -0.0032569428139831869 -0.0014625068389527175
leaf_weight=21 23 20 20 32 21 24 22
leaf_count=21 23 20 20 32 21 24 22
internal_value=0.000390339 0.00170604 0.000858372 0.00214025 0.000781329 -0.000536625 0.00070964
internal_weight=183 160 139 119 99 78 54
internal_count=183 160 139 119 99 78 54
is_linear=0
shrinkage=0.03


end of trees

feature_importances:
xlag2=86
xroll7=67
thermal_share=59
doy_cos=56
cdd_lag1=52
xlag7=45
doy_sin=39
wind_speed_10m_max=30
hydro_vs_norm=29
hydro_roll7=28
ratio_7_28=25
temperature_2m_min=25
re_vs_norm=25
lag7=22
solar_lag2=21
renewable_share=21
shortwave_radiation_sum=17
temp_range=16
precipitation_sum=16
wind_lag2=16
rel_lag2=15
temperature_2m_mean=15
temperature_2m_max=15
state_scale=14
dow=14
rel_roll7=13
hydro_share=13
lag3=12
renewable_lag2=12
renewable_roll7=11
roll7=9
lag14=8
gen_total_lag2=8
cdd=7
lag2=6
month=6
thermal_lag2=6
roll28=5
hydro_lag2=4
gen_total_roll7=4
is_weekend=2

parameters:
[boosting: gbdt]
[objective: regression]
[metric: l2]
[tree_learner: serial]
[device_type: cpu]
[data_sample_strategy: bagging]
[data: ]
[valid: ]
[num_iterations: 3000]
[learning_rate: 0.03]
[num_leaves: 63]
[num_threads: 16]
[seed: 42]
[deterministic: 0]
[force_col_wise: 0]
[force_row_wise: 0]
[histogram_pool_size: -1]
[max_depth: -1]
[min_data_in_leaf: 20]
[min_sum_hessian_in_leaf: 0.001]
[bagging_fraction: 0.85]
[pos_bagging_fraction: 1]
[neg_bagging_fraction: 1]
[bagging_freq: 1]
[bagging_seed: 400]
[bagging_by_query: 0]
[feature_fraction: 0.85]
[feature_fraction_bynode: 1]
[feature_fraction_seed: 30056]
[extra_trees: 0]
[extra_seed: 12879]
[early_stopping_round: 0]
[early_stopping_min_delta: 0]
[first_metric_only: 0]
[max_delta_step: 0]
[lambda_l1: 0]
[lambda_l2: 1]
[linear_lambda: 0]
[min_gain_to_split: 0]
[drop_rate: 0.1]
[max_drop: 50]
[skip_drop: 0.5]
[xgboost_dart_mode: 0]
[uniform_drop: 0]
[drop_seed: 17869]
[top_rate: 0.2]
[other_rate: 0.1]
[min_data_per_group: 100]
[max_cat_threshold: 32]
[cat_l2: 10]
[cat_smooth: 10]
[max_cat_to_onehot: 4]
[top_k: 20]
[monotone_constraints: ]
[monotone_constraints_method: basic]
[monotone_penalty: 0]
[feature_contri: ]
[forcedsplits_filename: ]
[refit_decay_rate: 0.9]
[cegb_tradeoff: 1]
[cegb_penalty_split: 0]
[cegb_penalty_feature_lazy: ]
[cegb_penalty_feature_coupled: ]
[path_smooth: 0]
[interaction_constraints: ]
[verbosity: -1]
[saved_feature_importance_type: 0]
[use_quantized_grad: 0]
[num_grad_quant_bins: 4]
[quant_train_renew_leaf: 0]
[stochastic_rounding: 1]
[linear_tree: 0]
[max_bin: 255]
[max_bin_by_feature: ]
[min_data_in_bin: 3]
[bin_construct_sample_cnt: 200000]
[data_random_seed: 175]
[is_enable_sparse: 1]
[enable_bundle: 1]
[use_missing: 1]
[zero_as_missing: 0]
[feature_pre_filter: 1]
[pre_partition: 0]
[two_round: 0]
[header: 0]
[label_column: ]
[weight_column: ]
[group_column: ]
[ignore_column: ]
[categorical_feature: ]
[forcedbins_filename: ]
[precise_float_parser: 0]
[parser_config_file: ]
[objective_seed: 16083]
[num_class: 1]
[is_unbalance: 0]
[scale_pos_weight: 1]
[sigmoid: 1]
[boost_from_average: 1]
[reg_sqrt: 0]
[alpha: 0.9]
[fair_c: 1]
[poisson_max_delta_step: 0.7]
[tweedie_variance_power: 1.5]
[lambdarank_truncation_level: 30]
[lambdarank_norm: 1]
[label_gain: ]
[lambdarank_position_bias_regularization: 0]
[eval_at: ]
[multi_error_top_k: 1]
[auc_mu_weights: ]
[num_machines: 1]
[local_listen_port: 12400]
[time_out: 120]
[machine_list_filename: ]
[machines: ]
[gpu_platform_id: -1]
[gpu_device_id: -1]
[gpu_use_dp: 0]
[num_gpu: 1]

end of parameters

pandas_categorical:[]
