tree
version=v4
num_class=1
num_tree_per_iteration=1
label_index=0
max_feature_idx=41
objective=regression
feature_names=state_id state_scale lag2 lag3 lag7 lag14 roll7 roll28 ratio_7_28 rel_lag2 rel_roll7 dow is_weekend month doy_sin doy_cos is_holiday temperature_2m_mean temperature_2m_max temperature_2m_min cdd hdd temp_range cdd_lag1 precipitation_sum shortwave_radiation_sum wind_speed_10m_max renewable_lag2 renewable_roll7 hydro_lag2 hydro_roll7 thermal_lag2 thermal_roll7 solar_lag2 wind_lag2 gen_total_lag2 gen_total_roll7 renewable_share hydro_share thermal_share hydro_vs_norm re_vs_norm
feature_infos=[0:10] [23402.646601562501:459294.16357142857] [0:515226.59999999998] [0:507136.67999999993] [0:509638.51000000007] [0:505406.92999999999] [12457.210000000001:507147.71666666662] [12786.607692307693:488639.1847826087] [0.67708124455903707:1.3654109297627914] [0:1.5248570557513157] [0.44083679067232068:1.3362129903029918] [0:6] [0:1] [1:12] [-0.9999994220246925:0.99998555065071859] [-0.76834316554922022:0.9999907524084426] [0:1] [-1.1000000000000001:36.600000000000001] [4.4000000000000004:44.100000000000001] [-7.2999999999999998:29.199999999999999] [0:12.600000000000001] [0:19.100000000000001] [1.0999999999999979:17.699999999999999] [0:12.399999999999999] [0:136.5] [2.1800000000000002:26.68] [4.7000000000000002:34.600000000000001] [-0.23000000000001819:100326.72] [0:69029.432000000001] [-1:48258] [0:44498.75] [2262.79:402850.35999999993] [2221.6814285714286:392852.23499999999] [-0.23000000000001819:102647.75999999999] [0:49002.839999999997] [8774.9300000000003:552953.07000000007] [9442.7457142857147:497890.40000000008] [-2.8576440985675769e-06:0.33457326777820018] [-9.0180815239980616e-06:0.94131130539483188] [0.058688694605168193:1.000009018081524] [0:4.4977220580654178] [0:1.6528910373555108]
tree_sizes=1558 1608 1867 1866 1870 1790 1699 1777 1861 1950 1861 1861 1701 1871 1963 2047 1952 1873 1970 2119 1966 1862 1962 1960 1870 2050 1965 2054 2039 1962 2059 2139 1964 2041 2150 2305 2225 2147 2146 2063 2234 2236 2243 2236 2414 2150 2243 2238 2064 2416 2424 2253 2257 2685 2430 2242 2423 2173 2435 2697 2424 2326 2512 2699 2712 2690 2372 2527 2614 2428 2535 2618 2584 2681 2615 2715 2885 2798 2791 2717 2755 2866 2705 2966 2682 3037 2781 3152 3249 3059 2970 2962 2977 3211 2626 3330 2801 3084 3331 3159 3051 3069 3000 3159 3252 3159 3246 2966 3229 3257 3423

Tree=0
num_leaves=18
num_cat=0
split_feature=6 6 2 2 3 2 31 6 36 18 30 10 17 2 8 8 26
split_gain=701.84 181.691 45.1484 25.7063 3.09552 2.44725 1.41791 0.602218 0.490016 0.278174 0.128402 0.0999036 0.0901589 0.0266194 0.0249464 0.0212668 0.00469461
threshold=77669.498166666672 159100.66357142859 27868.210000000003 246495.60000000003 351401.7950000001 102795.00000000001 144050.00000000003 92615.833333333358 40798.559166666673 28.750000000000004 6783.5714285714294 1.0298096786473694 26.550000000000004 87743.070000000022 0.96593264750057528 1.0064461813181731 10.65
decision_type=2 2 2 2 2 2 10 2 2 2 2 2 2 2 2 2 2
left_child=2 5 -1 9 -5 7 10 13 -4 -3 12 14 -7 -2 -9 -14 -17
right_child=1 3 8 4 -6 6 -8 11 -10 -11 -12 -13 15 -15 -16 16 -18
leaf_value=11.624560708773442 11.675405348170472 11.695933123588263 11.655423694477122 11.714749728219553 11.722337253745343 11.681434383618624 11.691700082278842 11.679031458277178 11.664991090344047 11.700893056903356 11.685232817976622 11.68230651881788 11.682576902383692 11.678334075493829 11.680948776692041 11.684383871701577 11.683584377113052
leaf_weight=134 32 22 26 193 98 30 20 32 22 84 26 28 21 21 30 20 36
leaf_count=134 32 22 26 193 98 30 20 32 22 84 26 28 21 21 30 20 36
internal_value=11.6858 11.6996 11.6335 11.7128 11.7174 11.6818 11.6844 11.679 11.6593 11.7 11.6833 11.6806 11.6829 11.6764 11.6799 11.6835 11.6838
internal_weight=875 693 182 397 291 296 153 143 48 106 133 90 107 53 62 77 56
internal_count=875 693 182 397 291 296 153 143 48 106 133 90 107 53 62 77 56
is_linear=0
shrinkage=1


Tree=1
num_leaves=17
num_cat=0
split_feature=7 6 2 6 6 31 6 6 9 6 23 14 41 19 40 22
split_gain=637.678 184.741 38.2813 21.4686 3.06369 2.72499 1.49536 0.647833 0.437306 0.198829 0.115581 0.0462497 0.0566307 0.0144133 0.00746044 0.0033107
threshold=75588.055645454559 159100.66357142859 27868.210000000003 270782.03333333338 93947.285714285725 290750.00000000006 119548.51238095239 204504.60714285719 0.99659878319779738 86583.847857142871 2.6500000000000008 0.97112537654464559 1.0331168582199139 22.650000000000002 0.37400488083252609 7.8500000000000005
decision_type=2 2 2 2 2 10 2 2 2 2 8 2 8 2 10 2
left_child=2 4 -1 7 9 -5 8 -3 13 14 -10 12 -12 -6 -2 -14
right_child=1 3 -4 5 6 -7 -8 -9 10 -11 11 -13 15 -15 -16 -17
leaf_value=-0.059597341225697438 -0.0096200904046947304 0.013264762036226414 -0.026568752319916435 0.028772502342859902 -0.006403202669961112 0.036679215262065065 0.00403918943926692 0.019337216347455978 -0.00400886798898379 -0.0075139451771974557 -0.00045904690083781521 -0.003543240055109241 -0.0026524487484036194 -0.0045697634720376556 -0.013220338012490953 -0.0019389198200010201
leaf_weight=129 21 80 45 206 41 73 24 29 53 26 20 20 30 20 20 33
leaf_count=129 21 80 45 206 41 73 24 29 53 26 20 20 30 20 20 33
internal_value=-5.72059e-05 0.0127977 -0.0512561 0.0265417 -0.00454609 0.0309649 -0.00294461 0.0150415 -0.003732 -0.0101786 -0.00285781 -0.00223267 -0.00187844 -0.00588548 -0.0116493 -0.00231483
internal_weight=870 696 174 388 308 279 241 109 217 67 156 103 83 61 41 63
internal_count=870 696 174 388 308 279 241 109 217 67 156 103 83 61 41 63
is_linear=0
shrinkage=0.03


Tree=2
num_leaves=20
num_cat=0
split_feature=38 6 30 2 6 6 2 22 4 2 18 30 10 17 8 19 2 14 10
split_gain=612.233 175.054 22.1638 21.8124 4.61425 2.47936 1.48077 0.968616 0.460362 0.351381 0.200592 0.120886 0.0712514 0.063913 0.0184907 0.00923399 0.0091767 0.00322023 0.00291311
threshold=0.43542413629609567 159100.66357142859 22973.989285714288 256353.40500000003 93299.004166666695 377841.14976190479 127230.56000000001 7.5000000000000027 228990.41500000001 104616.00000000001 29.250000000000004 10700.226428571432 1.0298096786473694 26.450000000000003 1.0125055438357125 23.350000000000005 85830.000000000015 0.71726873870877716 0.9599300919224748
decision_type=10 2 2 2 2 2 2 2 2 2 2 2 2 2 2 2 2 2 2
left_child=1 4 -2 8 7 -5 9 -1 10 12 -3 13 15 -11 -15 18 -9 -16 -6
right_child=2 3 -4 5 6 -7 -8 16 -10 11 -12 -13 -14 14 17 -17 -18 -19 -20
leaf_value=-0.017028981090656349 -0.057975848588076501 0.0088107594315494798 -0.02866573312065818 0.027828320021360695 -0.0066208762772705246 0.03556297569171242 0.0049094462168536015 -0.009883170872926712 0.01838429570198059 -0.0042625281409077028 0.013369035685763638 -0.00049128033511806283 -0.0034831103698040045 -0.0030537609681487083 -0.0021724381060006892 -0.0043087945068659983 -0.0073706763803958898 -0.0014406908682680557 -0.0047982792077319964
leaf_weight=20 131 20 32 212 22 68 20 29 20 22 67 26 35 24 27 22 24 20 20
leaf_count=20 131 20 32 212 22 68 20 29 20 22 67 26 35 24 27 22 24 20 20
internal_value=-0.000265491 0.0119741 -0.0524316 0.0254162 -0.00478058 0.0298266 -0.00273293 -0.0113293 0.0137055 -0.00345328 0.0124332 -0.00232275 -0.00477538 -0.0028241 -0.00232537 -0.00541764 -0.008903 -0.00189756 -0.00588474
internal_weight=861 698 163 387 311 280 238 73 107 218 87 119 99 93 71 64 53 47 42
internal_count=861 698 163 387 311 280 238 73 107 218 87 119 99 93 71 64 53 47 42
is_linear=0
shrinkage=0.03


Tree=3
num_leaves=20
num_cat=0
split_feature=7 6 1 2 2 6 32 24 2 6 9 23 6 25 27 7 6 2 1
split_gain=593.445 164.171 33.2234 23.4274 2.71139 2.68785 1.14253 0.33199 0.263801 0.18084 0.0850706 0.0555791 0.0320031 0.0286779 0.0223299 0.0208129 0.0134417 0.00932309 0.00264526
threshold=75588.055645454559 159100.66357142859 43451.146988888897 246495.60000000003 351232.00000000006 93947.285714285725 135110.25750000004 0.25000000000000006 109253.00000000001 82836.818571428579 0.99659878319779738 2.6500000000000008 113593.63261904764 21.575000000000003 24367.000000000004 107473.16719907409 101656.14190476191 88525.000000000015 100187.36036004362
decision_type=2 2 2 2 2 2 2 2 2 2 2 8 2 2 8 2 2 2 2
left_child=2 5 -1 7 -5 9 8 14 10 -2 16 18 13 -10 -3 -13 -7 -11 -12
right_child=1 3 -4 4 -6 6 -8 -9 12 17 11 15 -14 -15 -16 -17 -18 -19 -20
leaf_value=-0.0564632019089229 -0.011856488188107809 0.012442958689652957 -0.025761851438361665 0.026479511744513802 0.033403585689408433 -0.0057092945499194634 0.0037071435119618067 0.0085597993526607737 -0.0029201477901502088 -0.0089729512806819827 -0.0048713431734105812 -0.0017939836512827737 -0.00088428193104586432 -0.0013593825963991028 0.01592858750711788 -0.0033302975073456766 -0.0041299419305645506 -0.0064456299798829209 -0.0035377677287096562
leaf_weight=133 26 64 45 195 104 36 21 23 32 22 22 21 20 20 21 20 25 20 22
leaf_count=133 26 64 45 195 104 36 21 23 32 22 22 21 20 20 21 20 25 20 22
internal_value=-3.84309e-05 0.0121913 -0.0488889 0.0246618 0.0289912 -0.0043676 -0.00284734 0.0125198 -0.00349277 -0.00959219 -0.00422745 -0.00352109 -0.0019655 -0.00235683 0.0134793 -0.00260485 -0.00513907 -0.00794735 -0.00429799
internal_weight=892 714 178 407 299 307 239 108 218 68 146 85 72 52 85 41 61 42 44
internal_count=892 714 178 407 299 307 239 108 218 68 146 85 72 52 85 41 61 42 44
is_linear=0
shrinkage=0.03


Tree=4
num_leaves=20
num_cat=0
split_feature=6 6 6 3 35 6 6 38 24 2 22 30 8 17 2 19 23 4 4
split_gain=546.484 149.968 34.3296 20.3589 2.69248 2.43798 1.5109 1.18649 0.3329 0.309234 0.142093 0.0896773 0.0864789 0.079477 0.0599756 0.0416858 0.00996457 0.00708489 0.014094
threshold=77669.498166666672 173130.88214285715 37997.800714285717 256919.51500000004 166611.07000000004 377841.14976190479 93947.285714285725 0.78255801052103036 3.1500000000000008 104616.00000000001 6.8000000000000034 10700.226428571432 0.99361030404777517 26.450000000000003 88525.000000000015 22.650000000000002 1.8499999999999999 105299.03000000001 111189.50000000001
decision_type=2 2 2 2 10 2 2 10 2 2 2 2 2 2 2 2 8 2 2
left_child=2 4 7 10 6 -5 14 -1 -4 12 -3 13 15 -11 -2 -8 -14 -15 -19
right_child=1 3 8 5 -6 -7 9 -9 -10 11 -12 -13 16 17 -16 -17 -18 18 -20
leaf_value=-0.055894858901565134 -0.0093607055296211737 0.0094425013235637113 -0.019195396337244243 0.026308527768456508 0.0059678856981918212 0.033637838718053453 -0.006358012296259403 -0.042008995914459231 -0.027410510363786118 -0.0042245143489993133 0.013590116500854491 -0.00065501223630105539 -0.0039159020432271057 -0.0025857185438275337 -0.0065923340045488795 -0.0041894822481221387 -0.0025779747194610535 -0.0011205880162941122 -0.0022919867059681565
leaf_weight=110 42 20 26 223 23 73 27 24 22 22 90 27 23 24 25 27 20 21 23
leaf_count=110 42 20 26 223 23 73 27 24 22 22 90 27 23 24 25 27 20 21 23
internal_value=0.000313654 0.0122129 -0.0459195 0.0241211 -0.00371783 0.0282233 -0.00452896 -0.0537374 -0.0234432 -0.00327096 0.0129279 -0.00220176 -0.00452499 -0.00265349 -0.00843987 -0.00536963 -0.00336634 -0.00209136 -0.00177024
internal_weight=892 710 182 406 304 296 281 134 48 214 110 117 97 90 67 54 43 68 44
internal_count=892 710 182 406 304 296 281 134 48 214 110 117 97 90 67 54 43 68 44
is_linear=0
shrinkage=0.03


Tree=5
num_leaves=19
num_cat=0
split_feature=38 7 6 6 35 2 6 23 2 6 30 10 30 17 22 8 2 2
split_gain=538.758 147.564 19.6094 16.4528 4.21833 2.19362 1.98248 0.470872 0.382287 0.363945 0.133483 0.0996059 0.0962848 0.0563611 0.0202918 0.0200354 0.0146861 4.70434e-05
threshold=0.43542413629609567 183166.32124505931 25668.302857142862 258329.88714285716 166611.07000000004 378261.33500000002 92615.833333333358 1.0000000180025095e-35 104616.00000000001 204504.60714285719 1858.8809523809525 0.9599300919224748 10700.226428571432 26.450000000000003 7.8500000000000005 0.99361030404777517 85830.000000000015 308538.82500000007
decision_type=10 2 2 2 10 2 2 8 2 2 2 2 2 2 2 2 2 2
left_child=1 4 -2 7 6 17 10 -3 11 -9 16 -8 13 -10 -15 -13 -1 -5
right_child=2 3 -4 5 -6 -7 8 9 12 -11 -12 15 -14 14 -16 -17 -18 -19
leaf_value=-0.008539373184675755 -0.053329580321031453 0.0080791650499616348 -0.027146916679433874 0.022781635787285547 0.0072287365948331761 0.032478978465980204 -0.0060133706281582508 0.012059038175777954 -0.0039338958618993112 0.017361386514135768 -0.010828018072061241 -0.0044764070131066373 -0.00040051102638244629 -0.0026964121867692277 -0.0015600878810801077 -0.0031907207866942581 -0.0060420965084007809 0.026428319728374478
leaf_weight=22 135 20 36 70 28 70 35 54 21 27 31 40 24 30 39 38 20 149
leaf_count=22 135 20 36 70 28 70 35 54 21 27 31 40 24 30 39 38 20 149
internal_value=-0.000311949 0.0110982 -0.0480073 0.0235468 -0.00372996 0.0271991 -0.00477339 0.0129317 -0.00336405 0.0140167 -0.00905116 -0.00460046 -0.00210914 -0.00255536 -0.0020856 -0.00389836 -0.00751836 0.0253716
internal_weight=889 718 171 390 328 289 300 101 227 81 73 113 114 90 69 78 42 219
internal_count=889 718 171 390 328 289 300 101 227 81 73 113 114 90 69 78 42 219
is_linear=0
shrinkage=0.03


Tree=6
num_leaves=18
num_cat=0
split_feature=6 6 30 6 6 3 32 9 41 7 30 23 1 26 10 35 6
split_gain=474.415 129.566 19.5782 18.6307 2.54068 2.03822 1.01008 0.261909 0.191404 0.122633 0.111467 0.067807 0.0464287 0.0282753 0.0150048 0.00805028 0.00370469
threshold=66486.854285714289 159100.66357142859 31172.252857142859 258329.88714285716 92615.833333333358 351401.7950000001 135110.25750000004 0.99659878319779738 1.1926668712818804 201049.03923160172 2250.0714285714294 2.6500000000000008 100015.17530852479 10.450000000000001 0.99017504773121212 74463.070000000022 105320.57142857143
decision_type=2 2 2 2 2 2 2 2 10 2 2 8 2 2 2 10 2
left_child=2 4 -1 8 10 -5 7 14 9 -3 -2 16 15 -14 -6 -13 -9
right_child=1 3 -4 5 6 -7 -8 11 -10 -11 -12 12 13 -15 -16 -17 -18
leaf_value=-0.051347907239740545 -0.0077873654594255055 0.011206676512956619 -0.024004614461552012 0.024168458548220959 -0.0051890418715775013 0.030649271726608276 0.0037718895124271507 -0.0036719516686656898 0.0086291368119418618 0.014620460236543103 -0.011191962897777557 -0.0015661541791521152 -0.0015796842817682771 -0.0030263434140789815 -0.0036078031573976788 -0.00068495731123469083 -0.0026408558542078192
leaf_weight=131 42 58 32 181 44 89 20 33 23 37 24 21 24 37 20 21 21
leaf_count=131 42 58 32 181 44 89 20 33 23 37 24 21 24 37 20 21 21
internal_value=-0.000257033 0.0105593 -0.046159 0.022059 -0.00399896 0.0264099 -0.00254969 -0.00313619 0.0119653 0.0126747 -0.00917397 -0.00244913 -0.00196171 -0.00249183 -0.00475801 -0.00115173 -0.00332628
internal_weight=858 695 163 388 307 270 241 221 118 95 66 157 103 61 64 42 54
internal_count=858 695 163 388 307 270 241 221 118 95 66 157 103 61 64 42 54
is_linear=0
shrinkage=0.03


Tree=7
num_leaves=19
num_cat=0
split_feature=6 7 1 2 32 2 2 38 24 23 6 6 29 20 9 7 1 23
split_gain=452.45 120.402 31.9891 14.8695 3.69421 1.85993 1.17148 0.56034 0.436701 0.319101 0.204467 0.123789 0.0740335 0.0577847 0.0362609 0.0221581 0.0175438 0.015459
threshold=77669.498166666672 183166.32124505931 45913.82442764016 256353.40500000003 139540.06666666668 378261.33500000002 94913.000000000015 0.78255801052103036 3.1500000000000008 1.0000000180025095e-35 104299.42857142858 91810.285714285725 7612.6550000000016 2.5500000000000012 0.99841609098509365 105891.38888888891 215156.64506730772 2.5500000000000012
decision_type=2 2 2 2 2 2 2 10 2 8 2 2 10 2 2 2 2 10
left_child=2 4 7 9 6 -5 11 -1 -4 -3 14 -2 13 -12 -8 -15 -11 -16
right_child=1 3 8 5 -6 -7 10 -9 -10 16 12 -13 -14 15 17 -17 -18 -19
leaf_value=-0.051089793914242794 -0.0084121095875035155 0.0078560219976035028 -0.016497653935636791 0.023900654315948483 0.0063001894927583631 0.030408968533555125 -0.0046894779856401416 -0.038231231485094344 -0.024482325328432992 0.011612783994239109 -0.0037882182277415109 -0.0052992497353504097 -0.0006233663081158219 -0.0013785340312264256 -0.0038409238681197163 -0.0025445259345526043 0.01482402056742173 -0.0023514071492744342
leaf_weight=113 45 21 27 221 34 72 43 20 22 51 22 26 27 36 21 32 25 20
leaf_count=113 45 21 27 221 34 72 43 20 22 51 22 26 27 36 21 32 25 20
internal_value=0.000166662 0.0111888 -0.0418149 0.0222197 -0.00289676 0.025598 -0.00406525 -0.0494559 -0.0205006 0.0118584 -0.00287017 -0.00736162 -0.00203016 -0.0024407 -0.00400255 -0.00195616 0.0128479 -0.00318762
internal_weight=878 696 182 390 306 293 272 133 49 97 201 71 117 90 84 68 76 41
internal_count=878 696 182 390 306 293 272 133 49 97 201 71 117 90 84 68 76 41
is_linear=0
shrinkage=0.03


Tree=8
num_leaves=20
num_cat=0
split_feature=6 6 1 6 2 2 39 36 24 23 2 17 2 9 8 23 8 14 30
split_gain=434.709 115.961 30.6114 17.0629 1.80066 1.3454 0.976629 0.618513 0.375832 0.310092 0.518889 0.162811 0.110202 0.0758958 0.0230456 0.0170301 0.00999273 0.016287 0.000383043
threshold=77669.498166666672 159100.66357142859 45913.82442764016 270782.03333333338 378261.33500000002 94913.000000000015 0.21744198947896975 141463.08333333334 3.1500000000000008 1.0000000180025095e-35 218375.59 26.450000000000003 85830.000000000015 1.019861391007729 1.0621153949934612 5.5500000000000016 1.0104129642988988 0.69287764045535594 1040.5333333333338
decision_type=2 2 2 2 2 2 10 2 2 8 2 2 2 2 2 8 2 2 2
left_child=2 5 6 9 -5 12 -1 11 -4 -3 -11 14 -2 -13 18 16 -15 -18 -7
right_child=1 3 8 4 -6 7 -8 -9 -10 10 -12 13 -14 15 -16 -17 17 -19 -20
leaf_value=-0.036851379197576771 -0.008700437888503075 0.0074231305718421934 -0.016447080342934049 0.023335620773221374 0.029679437685012817 -0.0038120622716603736 -0.049683325954105545 0.0023185585848177256 -0.023877207523584364 0.010747928633712805 0.016729681938886642 -0.0035833431452769655 -0.0058279826544846095 -0.0020177514091067545 -0.0028832562775774435 -0.0025858626102230374 -0.0016707650434691457 -0.00052814461556928503 -0.0050124768959358334
leaf_weight=22 29 21 28 217 74 30 114 22 24 77 21 28 44 27 21 20 29 20 23
leaf_count=22 29 21 28 217 74 30 114 22 24 77 21 28 44 27 21 20 29 20 23
internal_value=-2.00416e-08 0.0108452 -0.0403971 0.0211261 0.0250449 -0.00356388 -0.0478917 -0.00237335 -0.0202622 0.0114142 0.0121858 -0.0029037 -0.00707125 -0.00220745 -0.0040254 -0.00177334 -0.00152871 -0.00122428 -0.00441617
internal_weight=891 703 188 410 291 293 136 220 52 119 98 198 73 124 74 96 76 49 53
internal_count=891 703 188 410 291 293 136 220 52 119 98 198 73 124 74 96 76 49 53
is_linear=0
shrinkage=0.03


Tree=9
num_leaves=21
num_cat=0
split_feature=6 7 1 2 31 2 2 39 24 6 2 17 6 2 30 1 29 14 2 6
split_gain=404.355 112.003 28.6807 11.5329 2.53018 1.88548 1.03225 0.93244 0.381383 0.355652 0.217875 0.106927 0.0728291 0.0668816 0.0457296 0.0336539 0.0332415 0.0180184 0.0139536 0.0074998
threshold=77669.498166666672 169949.06174948244 45913.82442764016 256353.40500000003 152337.50000000003 378261.33500000002 94913.000000000015 0.20328115482269543 5.0500000000000007 204504.60714285719 110146.79500000003 26.750000000000004 89818.14285714287 308538.82500000007 6783.5714285714294 100112.40190233153 1068.0000000000002 -0.89406062840022227 113557.27500000001 102446.21083333336
decision_type=2 2 2 2 10 2 2 10 2 2 2 2 2 2 2 2 10 2 2 2
left_child=2 4 7 9 6 13 12 -1 -4 -3 11 16 -2 -5 18 -13 19 -17 -12 -8
right_child=1 3 8 5 -6 -7 10 -9 -10 -11 14 15 -14 -15 -16 17 -18 -19 -20 -21
leaf_value=-0.035123417377471926 -0.0079439853368835009 0.010737552251163365 -0.0154422943242665 0.020020688780716486 0.005613852305271263 0.028840637016296387 -0.0040500813579330075 -0.048072792758112368 -0.022915358353744853 0.015531310769064086 -0.0012865638342471077 -0.0013344670406409671 -0.0052948797363468166 0.023434649591262523 -0.00015632522026343005 -0.0021108292794919442 -0.0050791129198941316 -0.0036445672876600707 -0.002417921888991259 -0.0028176635655108835
leaf_weight=20 43 73 28 69 27 74 25 114 21 27 25 20 25 155 20 20 32 20 23 23
leaf_count=20 43 73 28 69 27 74 25 114 21 27 25 20 25 155 20 20 32 20 23 23
internal_value=0.000358901 0.0107344 -0.0392279 0.0211773 -0.00300724 0.0241482 -0.00386783 -0.0464145 -0.0190393 0.0121728 -0.00279516 -0.00347109 -0.0070609 0.0224767 -0.00137339 -0.00244077 -0.00420416 -0.00294789 -0.00186695 -0.0035291
internal_weight=884 701 183 398 303 298 276 134 49 100 208 140 68 224 68 60 80 40 48 48
internal_count=884 701 183 398 303 298 276 134 49 100 208 140 68 224 68 60 80 40 48 48
is_linear=0
shrinkage=0.03


Tree=10
num_leaves=20
num_cat=0
split_feature=6 6 1 3 3 2 39 36 24 6 18 17 1 10 2 1 8 8 3
split_gain=380.576 100.165 23.7079 14.8846 1.77398 1.17435 0.879589 0.67099 0.391088 0.329695 0.13085 0.102697 0.0799395 0.0690672 0.0529257 0.029233 0.0284426 0.0113957 0.00591734
threshold=77669.498166666672 159100.66357142859 45913.82442764016 256919.51500000004 351401.7950000001 102795.00000000001 0.21744198947896975 141463.08333333334 3.1500000000000008 92615.833333333358 28.750000000000004 26.450000000000003 199037.9911046784 0.96098105386743027 85830.000000000015 99705.841307454175 1.0000861515454025 1.0064461813181731 283562.38500000007
decision_type=2 2 2 2 2 2 10 2 2 2 2 2 2 2 2 2 2 2 2
left_child=2 5 6 10 18 9 -1 11 -4 14 -3 -7 -12 -11 -2 -13 -15 -17 -5
right_child=1 3 8 4 -6 7 -8 -9 -10 13 12 15 -14 16 -16 17 -18 -19 -20
leaf_value=-0.034696776089460951 -0.008280691307570252 0.0078576689420474903 -0.015408170825242996 0.017358146172303419 0.027156283990624024 -0.0035543273671253305 -0.046817907628260158 0.0035855391022882291 -0.023193422264379003 -0.0052213322982424867 0.010113706352619024 -0.00090489093194316543 0.013355574945990855 -0.0039062407323816684 -0.0056216214183304044 -0.0025639264037211735 -0.0023389924327001117 -0.0016213409285992385 0.021883755683898925
leaf_weight=22 27 26 24 25 96 36 113 20 22 31 64 34 25 33 26 26 25 39 164
leaf_count=22 27 26 24 25 96 36 113 20 22 31 64 34 25 33 26 26 25 39 164
internal_value=-0.000121903 0.00995239 -0.0387578 0.0197334 0.0234136 -0.00324267 -0.0451123 -0.00142285 -0.0195458 -0.00520526 0.0104896 -0.00218574 0.0111626 -0.00400787 -0.0071045 -0.00165751 -0.0032818 -0.00203151 0.0213796
internal_weight=878 697 181 400 285 297 135 155 46 142 115 135 89 89 53 99 58 65 189
internal_count=878 697 181 400 285 297 135 155 46 142 115 135 89 89 53 99 58 65 189
is_linear=0
shrinkage=0.03


Tree=11
num_leaves=20
num_cat=0
split_feature=6 6 6 3 3 2 38 31 22 6 41 38 17 10 3 39 26 7 26
split_gain=353.125 94.3958 23.8259 14.3503 1.66505 1.12759 0.778645 0.653506 0.273877 0.271926 0.248197 0.0872678 0.101109 0.0844594 0.077516 0.0333498 0.012736 0.0145662 0.0117732
threshold=77669.498166666672 159100.66357142859 37997.800714285717 234018.01000000004 368786.03500000009 102795.00000000001 0.78255801052103036 144050.00000000003 6.700000000000002 92615.833333333358 1.1926668712818804 0.073543138868439703 26.450000000000003 0.96098105386743027 306300.02000000008 0.98139141384330864 10.65 105583.46296296298 12.350000000000003
decision_type=2 2 2 2 2 2 10 10 2 2 10 10 2 2 2 10 2 2 2
left_child=2 5 6 10 14 9 -1 11 -4 -2 15 12 -7 -11 -5 -3 -14 -18 -15
right_child=1 3 8 4 -6 7 -8 -9 -10 13 -12 -13 16 18 -16 -17 17 -19 -20
leaf_value=-0.045275708932792189 -0.0068647287189960472 0.011284794484575589 -0.014507109341414078 0.018504469381137329 0.02688693351651493 -0.0038004569647212818 -0.033843705803155898 0.0035820974090269631 -0.02132007592074972 -0.0051849926969346899 0.0065435535765507001 -0.00065666943301700726 -0.0013079272591344573 -0.0036076974934390322 0.021832515475701312 0.008334556988307408 -0.0016484279424184933 -0.0028290829301944802 -0.0024122765053063628
leaf_weight=112 49 80 22 65 75 35 23 20 27 35 21 32 33 32 146 20 31 20 24
leaf_count=112 49 80 22 65 75 35 23 20 27 35 21 32 33 32 146 20 31 20 24
internal_value=-0.0001119 0.00939914 -0.0370758 0.01889 0.0225578 -0.00304215 -0.0435912 -0.00139472 -0.0186125 -0.00503019 0.010107 -0.00207313 -0.00244539 -0.00397849 0.0208994 0.0107831 -0.00184271 -0.00215693 -0.00314668
internal_weight=902 718 184 407 286 311 135 171 49 140 121 151 119 91 211 100 84 51 56
internal_count=902 718 184 407 286 311 135 171 49 140 121 151 119 91 211 100 84 51 56
is_linear=0
shrinkage=0.03


Tree=12
num_leaves=18
num_cat=0
split_feature=38 6 4 6 6 6 31 6 22 9 6 3 23 10 39 26 3
split_gain=322.786 98.6698 13.2485 12.1429 2.3773 1.67497 1.01644 0.555724 0.533142 0.221282 0.0735098 0.0675553 0.0394017 0.0306656 0.0263538 0.0213607 0.0140944
threshold=0.43542413629609567 159100.66357142859 25531.975000000002 270782.03333333338 91178.64285714287 377841.14976190479 144050.00000000003 204504.60714285719 7.1499999999999995 0.98183042314809821 109014.69357142858 299436.51000000007 2.6500000000000008 0.96735672686603835 0.95251159414659192 10.350000000000003 114238.66500000002
decision_type=10 2 2 2 2 2 10 2 2 2 2 2 8 2 10 2 2
left_child=1 4 -2 7 8 11 9 -3 -1 13 12 -5 15 -6 -14 -11 -12
right_child=2 3 -4 5 6 -7 -8 -9 -10 10 16 -13 14 -15 -16 -17 -18
leaf_value=-0.01272659882903099 -0.043116146641329296 0.0092829997688531861 -0.022415745194469181 0.017390091487994558 -0.0049232149865527288 0.026797219837705291 0.0038090970334799393 0.014569031750333718 -0.0065780898870434609 -0.0024338394979184323 -0.001673578307240245 0.021306628597205911 -0.0011081037657069308 -0.0033350563707405371 -0.0025806160156869075 -0.0040424435064196585 -0.00068044680694583808
leaf_weight=20 120 89 41 38 37 71 22 28 47 21 36 168 20 33 32 24 23
leaf_count=20 120 89 41 38 37 71 22 28 47 21 36 168 20 33 32 24 23
internal_value=0.000196016 0.00891443 -0.0380155 0.0189023 -0.00359861 0.0223325 -0.00222552 0.0106608 -0.00857363 -0.00282715 -0.00217382 0.0206717 -0.00268404 -0.00423203 -0.00204586 -0.00336099 -0.00130422
internal_weight=870 709 161 394 315 277 248 117 67 226 156 206 97 70 52 45 59
internal_count=870 709 161 394 315 277 248 117 67 226 156 206 97 70 52 45 59
is_linear=0
shrinkage=0.03


Tree=13
num_leaves=20
num_cat=0
split_feature=7 7 10 2 35 6 6 18 2 24 7 31 10 30 2 17 7 14 10
split_gain=312.83 89.5775 16.8152 10.238 3.10595 1.62497 1.24274 0.361976 0.223242 0.159641 0.123954 0.0854985 0.0710322 0.0544233 0.0531482 0.0486581 0.0118442 0.0128259 0.00650401
threshold=75588.055645454559 183166.32124505931 0.72501153520143002 256353.40500000003 166611.07000000004 377841.14976190479 92615.833333333358 28.750000000000004 104616.00000000001 2.4500000000000006 203250.35756250002 89880.000000000015 0.96098105386743027 10700.226428571432 308538.82500000007 26.450000000000003 106123.79642857144 0.71726873870877716 1.0298096786473694
decision_type=2 2 2 2 10 2 2 2 2 2 2 10 2 2 2 2 2 2 2
left_child=2 4 -1 7 6 14 11 -3 12 -4 -9 -2 -8 15 -5 -10 17 -17 -14
right_child=1 3 9 5 -6 -7 8 10 13 -11 -12 -13 18 -15 -16 16 -18 -19 -20
leaf_value=-0.041654444465270411 -0.0081715911118821656 0.0061136603946595081 -0.014991395063698291 0.017780027830174992 0.0056333547488257689 0.026059549655487287 -0.0047561029475847528 0.0095823810021488029 -0.0032069165065884589 -0.021760922975160857 0.013228810715178648 -0.0051528199336358478 -0.0033870696819697818 -0.00054822279478333171 0.02081054902380439 -0.0016996901912184862 -0.0021229768351518682 -0.0006386654328421823 -0.0025113565097562968
leaf_weight=129 43 22 20 69 36 66 34 48 24 21 26 20 35 30 156 25 27 20 39
leaf_count=129 43 22 20 69 36 66 34 48 24 21 26 20 35 30 156 25 27 20 39
internal_value=0.000173004 0.00882494 -0.0363078 0.0186216 -0.00258201 0.021431 -0.00359338 0.00997246 -0.00256624 -0.0188943 0.0110229 -0.00730874 -0.00356745 -0.00168673 0.019964 -0.0020332 -0.00160339 -0.00125226 -0.00296518
internal_weight=890 720 170 387 333 291 297 96 234 41 74 63 108 126 225 96 72 45 74
internal_count=890 720 170 387 333 291 297 96 234 41 74 63 108 126 225 96 72 45 74
is_linear=0
shrinkage=0.03


Tree=14
num_leaves=21
num_cat=0
split_feature=1 6 29 3 6 3 6 29 24 9 3 23 9 26 8 19 10 22 7 29
split_gain=299.902 88.6922 11.6999 11.3503 2.25009 1.55915 0.854044 0.492227 0.327726 0.178638 0.131267 0.0702864 0.0338757 0.0286447 0.0204668 0.0202712 0.0176454 0.00855794 0.00471786 0.00056226
threshold=74413.882986486497 173130.88214285715 16134.275000000003 234018.01000000004 93947.285714285725 345670.31500000006 119548.51238095239 1992.4850000000004 0.25000000000000006 0.99659878319779738 297990.50000000006 2.5500000000000012 1.1480066061615313 13.950000000000001 0.96864552764879519 22.650000000000002 1.2707698065639714 9.3000000000000043 106123.79642857144 1068.0000000000002
decision_type=2 2 10 2 2 2 2 10 2 2 2 8 2 2 2 2 2 2 2 10
left_child=2 4 -1 8 7 10 9 19 14 15 -5 17 13 18 -3 -6 -14 -11 -13 -2
right_child=1 3 -4 5 6 -7 -8 -9 -10 11 -12 12 16 -15 -16 -17 -18 -19 -20 -21
leaf_value=-0.04082079999503635 -0.0067844247477395186 0.011968766408307211 -0.021439960322209767 0.01600073854229888 -0.0044514335319399828 0.023908418996466528 0.0033399516899138685 -0.011820412991302353 0.0056060186930000783 -0.003541030223396691 0.019575305658660523 -0.0010435913916841276 -0.00023900717512056557 -0.0028572132527504277 0.0092258229899790968 -0.0029221541919421563 -0.0014536735394292256 -0.0023584227494895457 -0.001786815937666688 -0.005234739501671545
leaf_weight=125 34 20 41 48 37 107 24 20 24 21 145 21 22 22 61 22 21 24 23 28
leaf_count=125 34 20 41 48 37 107 24 20 24 21 145 21 22 22 61 22 21 24 23 28
internal_value=5.32891e-05 0.0084019 -0.036191 0.0177035 -0.0034258 0.0206782 -0.00192758 -0.00768061 0.00908958 -0.00253394 0.0187734 -0.00197355 -0.0015367 -0.00196356 0.0100408 -0.0039394 -0.000851772 -0.00297529 -0.00146317 -0.00617877
internal_weight=890 724 166 405 319 300 237 82 105 213 193 154 109 66 81 59 43 45 44 62
internal_count=890 724 166 405 319 300 237 82 105 213 193 154 109 66 81 59 43 45 44 62
is_linear=0
shrinkage=0.03


Tree=15
num_leaves=22
num_cat=0
split_feature=6 7 1 6 35 1 2 23 38 10 7 2 17 2 15 41 3 2 32 8 29
split_gain=276.094 73.972 18.4118 9.92664 1.80356 1.32569 0.705245 0.359661 0.345259 0.316126 0.257557 0.150198 0.068531 0.043886 0.0369083 0.0367486 0.0323872 0.0170196 0.011745 0.00766166 0.00270133
threshold=77669.498166666672 169949.06174948244 45913.82442764016 270782.03333333338 166611.07000000004 369414.50583624718 94913.000000000015 1.0000000180025095e-35 0.78255801052103036 0.99377776922815875 203250.35756250002 110146.79500000003 26.450000000000003 88525.000000000015 0.97648852793709995 1.3252988819863885 299436.51000000007 102795.00000000001 114332.29571428573 0.99463857280601886 1101.0000000000002
decision_type=2 2 2 2 10 2 2 8 10 2 2 2 2 2 2 8 2 2 2 2 10
left_child=2 4 8 7 6 16 13 -3 -1 -4 -9 12 14 -2 20 -13 -5 -14 -17 -19 -8
right_child=1 3 9 5 -6 -7 11 10 -10 -11 -12 15 17 -15 -16 18 -18 19 -20 -21 -22
leaf_value=-0.040151818874662959 -0.0065237156065498913 0.0054438292767320356 -0.013479990860254599 0.015960932921531588 0.0048603095609827769 0.023994897732251809 -0.0033406120352447032 0.0086166943200967367 -0.030043727925845556 -0.020237783566117287 0.012451761938631534 -0.00029568391454015523 -0.002664244468724064 -0.004505225152618462 -0.0023223477147985248 -0.0022130155643182142 0.019297162298160263 -0.0020534074732235499 -0.00109897876475853 -0.0011047355753336368 -0.0045449265302158889
leaf_weight=112 40 20 28 42 27 78 25 53 20 20 39 30 31 30 23 20 157 20 21 20 23
leaf_count=112 40 20 28 42 27 78 25 53 20 20 39 30 31 30 23 20 157 20 21 20 23
internal_value=-3.35636e-05 0.00850636 -0.0330607 0.0172014 -0.00242479 0.0202549 -0.0031345 0.0095371 -0.0388577 -0.0166513 0.0103588 -0.00225731 -0.00281991 -0.00573429 -0.00349542 -0.00110857 0.0186764 -0.00210523 -0.00168216 -0.00161759 -0.00399866
internal_weight=879 699 180 389 310 277 283 112 132 48 92 213 142 70 71 71 199 71 41 40 48
internal_count=879 699 180 389 310 277 283 112 132 48 92 213 142 70 71 71 199 71 41 40 48
is_linear=0
shrinkage=0.03


Tree=16
num_leaves=21
num_cat=0
split_feature=7 6 4 2 6 6 35 18 7 2 40 7 9 7 8 7 23 8 2 40
split_gain=276.001 73.6453 12.857 10.1396 1.3385 1.302 0.785962 0.192192 0.189308 0.163999 0.140766 0.132342 0.0663404 0.0328958 0.0244442 0.0233271 0.0171369 0.0155089 0.0120634 0.00411805
threshold=75588.055645454559 159100.66357142859 25531.975000000002 256353.40500000003 377841.14976190479 93947.285714285725 166611.07000000004 28.750000000000004 203250.35756250002 109253.00000000001 0.93920963303267258 81593.79222619049 0.97479587200365936 109164.7094409938 0.9664345027865342 90365.593253968269 2.6500000000000008 0.99463857280601886 113557.27500000001 0.2204399915782104
decision_type=2 2 2 2 2 2 10 2 2 2 10 2 2 2 2 2 8 2 2 10
left_child=2 5 -1 7 -5 11 9 -3 -9 12 -4 -2 14 18 -7 -13 19 -18 -11 -14
right_child=1 3 10 4 -6 6 -8 8 -10 13 -12 15 16 -15 -16 -17 17 -19 -20 -21
leaf_value=-0.038628044641295142 -0.0088409006382737833 0.0062571148812587902 -0.022723343633115289 0.018240907567766217 0.023671549936415442 -0.004617767910369568 0.0037252207280003597 0.0084595118871619614 0.012202315640946228 -0.0011716695312756083 -0.016287510063913133 -0.0042115626803466257 -0.0022934426395627466 -0.00028834946129936722 -0.00291464218928013 -0.0063104375839233397 -0.0024626007920131089 -0.0012361534886506638 -0.0021702420955989508 -0.0032690983348422583
leaf_weight=128 20 27 21 222 70 26 20 61 26 30 26 20 22 24 23 24 24 21 23 26
leaf_count=128 20 27 21 222 70 26 20 61 26 30 26 20 22 24 23 24 24 21 23 26
internal_value=-2.12383e-05 0.00831535 -0.0336517 0.0166525 0.0196191 -0.00287387 -0.0018408 0.00894914 0.009704 -0.00236374 -0.0195766 -0.00664404 -0.00296788 -0.00122585 -0.00389262 -0.00547119 -0.00244442 -0.00192957 -0.00163718 -0.00287785
internal_weight=884 709 175 406 292 303 239 114 87 219 47 64 142 77 49 44 93 45 53 48
internal_count=884 709 175 406 292 303 239 114 87 219 47 64 142 77 49 44 93 45 53 48
is_linear=0
shrinkage=0.03


Tree=17
num_leaves=20
num_cat=0
split_feature=1 7 10 3 31 31 6 25 9 3 6 24 30 10 6 23 7 26 30
split_gain=257.38 68.1355 14.5426 8.71042 1.59039 1.36413 0.917098 0.25162 0.183683 0.167614 0.161606 0.159662 0.117893 0.0813614 0.0585407 0.032376 0.0224324 0.0188893 0.0158863
threshold=76736.371820123415 169949.06174948244 0.72501153520143002 234018.01000000004 152337.50000000003 295920.01500000007 92615.833333333358 16.245000000000005 0.96603036535412146 297990.50000000006 15646.167976190478 3.1500000000000008 1790.3700000000003 0.96613940891346262 109014.69357142858 2.5500000000000012 105891.38888888891 10.350000000000003 3847.8722619047626
decision_type=2 2 2 2 10 8 2 2 2 2 2 2 2 2 2 8 2 2 2
left_child=2 4 10 7 6 9 12 -3 13 -5 -1 -4 -2 -8 15 17 -17 -10 -16
right_child=1 3 11 5 -6 -7 8 -9 14 -11 -12 -13 -14 -15 18 16 -18 -19 -20
leaf_value=-0.039240040943540375 -0.0051462562391307301 0.0051220350353313338 -0.013216171627864242 0.014925356212143715 0.0044572988879452973 0.023109603708281235 -0.0052122208800004875 0.0093575961059994169 -0.0019595106478248327 0.018296484067791798 -0.032309737765059174 -0.019239991647856575 -0.0082956287135248583 -0.0025770367974681514 -0.0014941906089656445 -0.0011030323100525751 -0.0023171704616730235 -0.0034459871146827934 -0.0004988588360720314
leaf_weight=86 40 20 23 51 26 67 22 80 20 182 48 20 22 27 27 34 27 23 33
leaf_count=86 40 20 23 51 26 67 22 80 20 182 48 20 22 27 27 34 27 23 33
internal_value=9.49279e-05 0.00826457 -0.0321252 0.0163625 -0.00251532 0.018923 -0.00318831 0.00856958 -0.00223447 0.0176255 -0.0370153 -0.0163915 -0.00637771 -0.00384076 -0.00173417 -0.00216515 -0.00166914 -0.00281485 -0.00096391
internal_weight=878 701 177 400 301 300 275 100 213 233 134 43 62 49 164 104 61 43 60
internal_count=878 701 177 400 301 300 275 100 213 233 134 43 62 49 164 104 61 43 60
is_linear=0
shrinkage=0.03


Tree=18
num_leaves=21
num_cat=0
split_feature=1 7 2 2 35 31 6 31 33 2 3 8 9 2 14 17 10 33 27 8
split_gain=239.723 65.6839 9.80908 7.74313 2.26535 1.20618 0.846513 0.219361 0.202339 0.189545 0.0732495 0.0654138 0.0480578 0.0330744 0.0228524 0.0202247 0.0156813 0.0124608 0.00808861 0.00160843
threshold=74413.882986486497 183166.32124505931 20343.060000000005 256353.40500000003 166611.07000000004 295920.01500000007 93947.285714285725 2460.7150000000006 20052.000000000004 104616.00000000001 312991.44500000007 0.97139966905852526 0.99659878319779738 110146.79500000003 0.47084587141109652 26.850000000000005 0.96098105386743027 5805.0000000000009 106.00000000000001 1.0133924345951002
decision_type=2 2 2 2 10 10 2 10 10 2 2 2 2 2 2 2 2 8 10 2
left_child=2 4 -1 8 6 10 11 -4 17 12 -5 -2 16 15 -15 -11 -8 -3 -16 -14
right_child=1 3 7 5 -6 -7 9 -9 -10 13 -12 -13 19 14 18 -17 -18 -19 -20 -21
leaf_value=-0.036575256018411544 -0.0067294970570608622 0.0081897500993275071 -0.014996103814670017 0.015353850894852687 0.0050481141796369818 0.02238836658852441 -0.004360242175559202 -0.022050056271255013 0.0054772548636953739 -0.0026006887140481369 0.018066355329360403 -0.0045767438905061899 -0.0025267254081858402 -0.001593970379147392 -0.00085859296747240355 -0.0012493065040558575 -0.003030409952625632 0.010381808618946773 -6.0145067691337312e-05 -0.0017721197285157227
leaf_weight=125 42 40 20 75 33 69 26 23 20 22 136 36 22 25 22 24 35 40 23 20
leaf_count=125 42 40 20 75 33 69 26 23 20 22 136 36 22 25 22 24 35 40 23 20
internal_value=-0.000147761 0.00748624 -0.0322639 0.0159728 -0.00230485 0.018538 -0.00313604 -0.0191845 0.00867778 -0.00216288 0.0171792 -0.00580643 -0.0030976 -0.00131353 -0.000882174 -0.0019372 -0.00365841 0.00940042 -0.000460677 -0.00221696
internal_weight=878 710 168 380 330 280 297 43 100 219 211 78 103 116 70 46 61 80 45 42
internal_count=878 710 168 380 330 280 297 43 100 219 211 78 103 116 70 46 61 80 45 42
is_linear=0
shrinkage=0.03


Tree=19
num_leaves=23
num_cat=0
split_feature=6 7 6 2 2 6 2 2 18 24 2 7 17 30 6 30 2 32 9 40 31 32
split_gain=225.563 59.3993 13.8537 7.76986 1.83891 1.1599 0.595817 0.537633 0.432531 0.295426 0.138835 0.117733 0.0671636 0.0629572 0.0535598 0.0513768 0.0416434 0.0207845 0.0183665 0.0170389 0.00493529 0.0039411
threshold=77669.498166666672 169949.06174948244 37997.800714285717 246495.60000000003 144780.11000000002 377841.14976190479 94913.000000000015 15161.385 28.750000000000004 3.1500000000000008 110146.79500000003 203250.35756250002 26.450000000000003 6783.5714285714294 91810.285714285725 1040.5333333333338 305819.13000000006 114143.62571428572 1.019861391007729 0.17690680034940234 87626.460000000006 102263.30714285716
decision_type=2 2 2 2 2 2 2 2 2 2 2 2 2 2 2 2 2 2 2 10 10 2
left_child=2 4 7 8 6 16 14 -1 -3 -4 12 -10 15 17 20 19 -5 -12 -14 -8 -2 -20
right_child=1 3 9 5 -6 -7 10 -9 11 -11 13 -13 18 -15 -16 -17 -18 -19 21 -21 -22 -23
leaf_value=-0.03705586943906896 -0.0066763104433598718 0.0040363890855488445 -0.011548760917782782 0.01460023925929773 0.0060596252070820849 0.02167726483034051 -0.0031069644540548322 -0.02985974161670758 0.0079551844353025602 -0.017968637604605067 -0.002181269497051835 0.011107877919787604 -0.0024935935516483504 0.00025572904437366458 -0.0037617188312399847 -0.0042052849177271132 0.017237722624750696 -0.00091900801460724317 -0.0016824244948569684 -0.0017342963279224932 -0.0048492360665746354 -0.00099097832571715117
leaf_weight=84 22 21 24 60 22 68 20 51 54 21 24 28 25 26 25 29 169 27 24 23 22 20
leaf_count=84 22 21 24 60 22 68 20 51 54 21 24 28 25 26 25 29 169 27 24 23 22 20
internal_value=0.000136096 0.0077572 -0.0297596 0.0153746 -0.00212133 0.0178415 -0.00276731 -0.0345769 0.00815831 -0.0148702 -0.00198215 0.00915257 -0.00254037 -0.000940504 -0.00518418 -0.00319216 0.0166132 -0.00154354 -0.00182435 -0.00242885 -0.00589083 -0.00139714
internal_weight=889 709 180 400 309 297 287 135 103 45 218 82 141 77 69 72 229 51 69 43 44 44
internal_count=889 709 180 400 309 297 287 135 103 45 218 82 141 77 69 72 229 51 69 43 44 44
is_linear=0
shrinkage=0.03


Tree=20
num_leaves=21
num_cat=0
split_feature=6 4 1 2 2 38 2 22 15 2 3 30 17 2 30 30 40 2 18 8
split_gain=217.562 56.6044 14.2688 8.09362 1.4521 0.626996 0.525485 0.400674 0.382755 0.141279 0.120022 0.0640991 0.0637363 0.054422 0.0478429 0.0324582 0.0220076 0.0176467 0.016782 0.0122693
threshold=77669.498166666672 228990.41500000001 45913.82442764016 144780.11000000002 335488.12500000006 0.76796675929442004 94913.000000000015 6.7999999999999989 0.3484035575467645 110146.79500000003 283562.38500000007 6783.5714285714294 26.450000000000003 85830.000000000015 1040.5333333333338 8657.0734285714298 0.18654797737446374 102795.00000000001 32.550000000000004 1.0077297155965457
decision_type=2 2 2 2 2 10 2 2 2 2 2 2 2 2 2 2 10 2 2 2
left_child=2 3 5 6 10 -1 13 -4 -5 12 -3 18 14 -2 16 -10 -8 -14 -11 -19
right_child=1 4 7 8 -6 -7 9 -9 15 11 -12 -13 17 -15 -16 -17 -18 19 -20 -21
leaf_value=-0.035034034816842329 -0.0060919956366221112 0.012468338426202536 -0.01039088042533916 0.0030808119050094061 0.019679291776635431 -0.026249429716004264 -0.0031108346539126201 -0.017062566229807476 0.0085082528800703577 -0.0021595276293175461 0.015742438181296926 0.00020198362358231944 -0.0023295840482798315 -0.0040309303217446026 -0.0041504167041016941 0.0063253667915705589 -0.0016238373494707047 -0.0018249244189688138 -0.00091292322188129887 -0.00073810427259145815
leaf_weight=113 26 39 22 20 131 26 21 27 59 21 142 32 30 45 26 27 23 20 22 21
leaf_count=113 26 39 22 20 131 26 21 27 59 21 142 32 30 45 26 27 23 20 22 21
internal_value=-8.66712e-05 0.00756639 -0.0286738 -1.44571e-05 0.0170849 -0.0335901 -0.00263194 -0.0143348 0.00703086 -0.00188061 0.0151094 -0.000813702 -0.00243838 -0.00485981 -0.00309115 0.00790351 -0.0023869 -0.00176082 -0.00155697 -0.00129909
internal_weight=893 705 188 393 312 139 287 49 106 216 181 75 141 71 70 86 44 71 43 41
internal_count=893 705 188 393 312 139 287 49 106 216 181 75 141 71 70 86 44 71 43 41
is_linear=0
shrinkage=0.03


Tree=21
num_leaves=20
num_cat=0
split_feature=7 4 10 6 3 6 3 22 4 8 7 19 30 7 29 17 1 7 22
split_gain=198.826 54.4947 10.7036 8.06147 1.27227 0.751378 0.376729 0.305998 0.175277 0.116134 0.11291 0.0954636 0.0530705 0.0445333 0.043598 0.0339127 0.0135167 0.0120111 0.00841185
threshold=75588.055645454559 232481.39000000004 0.72501153520143002 137719.77142857146 351401.7950000001 91810.285714285725 18279.27 6.9000000000000004 299863.80000000005 0.99361030404777517 81593.79222619049 20.750000000000004 8273.5764285714304 199997.13344393598 4865.0000000000009 26.750000000000004 100602.37245966899 90077.23743386245 9.3000000000000043
decision_type=2 2 2 2 2 2 2 2 2 2 2 2 2 2 10 2 2 2 2
left_child=2 3 6 5 8 10 -1 -5 -3 11 -2 -7 15 -9 -13 18 -17 -12 -11
right_child=1 4 -4 7 -6 9 -8 13 -10 12 17 14 -14 -15 -16 16 -18 -19 -20
leaf_value=-0.033777082905305171 -0.0077356063680989393 0.012787537010092484 -0.014852598886090244 0.0032890822281214324 0.019677983230474042 -0.0042754525877535341 -0.0250765460729599 0.006840289102723965 0.015816055358965186 -0.002791023096734924 -0.003646010634090219 -0.0027077910877191099 -9.4488691538572304e-05 0.0091874333284795284 -0.0009470502677669918 -0.00052921650359285589 -0.0015035164670867695 -0.0053832510858774184 -0.0018523825844749806
leaf_weight=112 20 56 43 21 97 29 21 64 157 20 20 38 22 23 21 22 36 20 41
leaf_count=112 20 56 43 21 97 29 21 64 157 20 20 38 22 23 21 22 36 20 41
internal_value=6.6273e-05 0.00717598 -0.0283729 -0.000190137 0.0165796 -0.00280397 -0.0326007 0.00676584 0.0150833 -0.00200474 -0.00577151 -0.00286183 -0.00145343 0.00755815 -0.00210732 -0.00170178 -0.00114919 -0.00462474 -0.00220019
internal_weight=883 707 176 397 310 289 133 108 213 229 60 88 141 87 59 119 58 40 61
internal_count=883 707 176 397 310 289 133 108 213 229 60 88 141 87 59 119 58 40 61
is_linear=0
shrinkage=0.03


Tree=22
num_leaves=21
num_cat=0
split_feature=31 6 1 2 6 2 31 41 18 10 7 31 2 6 23 9 35 3 25 25
split_gain=189.472 54.5784 7.10985 6.96373 1.3285 1.01781 0.518278 0.405099 0.274325 0.164223 0.143364 0.0883253 0.0605154 0.058312 0.0348817 0.0441492 0.0203337 0.0196262 0.0146273 0.00323172
threshold=12575.385000000002 159100.66357142859 41017.691902905754 246495.60000000003 86583.847857142871 378261.33500000002 144050.00000000003 0.95508235819180043 28.750000000000004 0.95154334340314961 203250.35756250002 2467.5450000000005 308538.82500000007 109014.69357142858 2.6500000000000008 1.019861391007729 108079.59000000001 114552.00000000001 15.255000000000001 20.415000000000003
decision_type=8 2 2 2 2 2 10 8 2 2 2 10 2 2 8 2 10 2 2 2
left_child=2 4 -1 8 7 12 9 -2 -3 -6 -10 -4 -5 14 18 -16 -17 -15 -11 -20
right_child=1 3 11 5 6 -7 -8 -9 10 13 -12 -13 -14 17 15 16 -18 -19 19 -21
leaf_value=-0.032259163203693569 -0.010411325065152986 0.0040503331532944801 -0.013876826397397301 0.013443909237782159 -0.0039719239594414833 0.019727257990837094 0.0027347041134323392 -0.0046587236105434353 0.0070748405254656265 -0.001799552392746721 0.010375980949401856 -0.019712925127574374 0.015836281020052825 -0.0014280944035272114 -0.0026463595384524927 -0.00041371666229679245 -0.0016622163833548817 -0.00027566908995377948 -0.0033565740504612526 -0.0024037531914655116
leaf_weight=125 20 22 21 71 39 74 20 30 61 20 24 20 157 35 26 23 25 22 26 23
leaf_count=125 20 22 21 71 39 74 20 30 61 20 24 20 157 35 26 23 25 22 26 23
internal_value=0.000140061 0.00682597 -0.0286462 0.014002 -0.00268698 0.0163354 -0.00180733 -0.00711879 0.0073259 -0.00219723 0.00811674 -0.0171253 0.0151532 -0.00183313 -0.00215769 -0.00166131 -0.00108463 -0.00099572 -0.00265869 -0.00296635
internal_weight=884 718 166 409 309 302 259 50 107 239 85 41 228 200 143 74 48 57 69 49
internal_count=884 718 166 409 309 302 259 50 107 239 85 41 228 200 143 74 48 57 69 49
is_linear=0
shrinkage=0.03


Tree=23
num_leaves=21
num_cat=0
split_feature=38 7 1 3 6 4 6 4 33 6 32 25 5 4 25 23 17 7 29 33
split_gain=180.568 48.8694 7.07461 5.65944 1.8213 0.877441 0.589608 0.549252 0.286994 0.118673 0.0734914 0.0722611 0.122667 0.044012 0.0385573 0.0277293 0.0307324 0.022878 0.014866 0.00945867
threshold=0.43542413629609567 185878.66913043481 41017.691902905754 280969.20000000007 137719.77142857146 370054.61000000004 93947.285714285725 228990.41500000001 15983.000000000002 105797.07142857143 2463.6316666666671 19.820000000000004 85525.000000000015 115893.00000000001 17.135000000000002 2.5500000000000012 27.850000000000005 99885.04034391536 1884.0000000000002 22818.000000000004
decision_type=10 2 2 2 2 2 2 2 10 2 2 2 2 2 2 10 2 2 10 8
left_child=1 4 -2 7 6 -5 11 8 -3 15 -4 12 -1 14 -11 17 -17 -8 -16 -9
right_child=2 3 10 5 -6 -7 9 19 -10 13 -12 -13 -14 -15 18 16 -18 -19 -20 -21
leaf_value=-0.002624873389431741 -0.031469003891381693 0.0077889741637045514 -0.013211255201271602 0.014878261032190965 0.0050336304985948146 0.01922763915016101 -0.0021501209654591299 0.0091299198461430413 0.0034056410778846055 -0.0024575557983813009 -0.018751056709072806 -0.0064116894453763963 -0.0054413956159260124 0.00019641680219634013 -0.0014737579955059724 -0.00096199514926411202 -0.0025353286634736622 -0.0034489511911358151 -0.00051855707910805442 0.012553451620042325
leaf_weight=31 126 63 20 192 30 77 32 20 20 20 21 21 31 21 26 23 25 34 36 23
leaf_count=31 126 63 20 192 30 77 32 20 20 20 21 21 31 21 26 23 25 34 36 23
internal_value=0.000131788 0.00661737 -0.027896 0.0137229 -0.00190355 0.0161899 -0.00261168 0.00837027 0.00678587 -0.00177495 -0.0164276 -0.00475212 -0.00409715 -0.00102178 -0.00133237 -0.00244064 -0.00181646 -0.00286071 -0.00093616 0.0112048
internal_weight=892 725 167 395 330 269 300 126 83 217 41 83 62 103 82 114 48 66 62 43
internal_count=892 725 167 395 330 269 300 126 83 217 41 83 62 103 82 114 48 66 62 43
is_linear=0
shrinkage=0.03


Tree=24
num_leaves=20
num_cat=0
split_feature=6 4 10 6 2 2 15 8 6 2 2 1 2 23 8 28 5 4 22
split_gain=172.134 42.8327 11.9266 6.76428 1.06561 0.460461 0.444597 0.378105 0.190653 0.121258 0.0941863 0.0616292 0.044087 0.0327756 0.0238368 0.0238272 0.0210197 0.0181882 0.012997
threshold=77669.498166666672 228990.41500000001 0.72501153520143002 137719.77142857146 335488.12500000006 94913.000000000015 0.19969739736768838 1.0218167982149959 15646.167976190478 277647.83500000008 109253.00000000001 415132.02695418563 85830.000000000015 2.4499999999999997 1.0000861515454025 373.21428571428578 204711.86000000004 101650.00000000001 8.0500000000000025
decision_type=2 2 2 2 2 2 2 2 2 2 2 2 2 8 2 2 2 2 2
left_child=2 3 8 5 9 12 -5 -4 -1 -3 13 -6 -2 17 -15 18 -8 -7 -12
right_child=1 4 7 6 11 10 16 -9 -10 -11 15 -13 -14 14 -16 -17 -18 -19 -20
leaf_value=-0.032104142663184176 -0.0054028134552701829 0.010975901819765568 -0.010545550606706562 0.0021299919545916574 0.01581521825411835 -0.0030617536382319837 0.0065640291549703654 -0.016735385597937486 -0.026174166456181952 0.01401299725045691 -0.0016132151964220924 0.019154550944055829 -0.0035644669316243381 -0.0020725211704848332 -0.00086607558860643096 -0.00011617419099615466 0.0084431337485355983 -0.0018294770389795303 -0.00062692576996050775
leaf_weight=88 30 39 33 20 73 38 67 21 46 142 28 55 39 39 27 30 27 24 24
leaf_count=88 30 39 33 20 73 38 67 21 46 142 28 55 39 39 27 30 27 24 24
internal_value=-5.52575e-05 0.00677802 -0.0254719 0.000200689 0.0151157 -0.00231579 0.00632601 -0.0132132 -0.0302774 0.0134225 -0.00160357 0.0173874 -0.00442951 -0.00211082 -0.00159927 -0.000795877 0.00718697 -0.00262135 -0.00117842
internal_weight=890 702 188 393 309 279 114 54 134 181 210 128 69 128 66 82 94 62 52
internal_count=890 702 188 393 309 279 114 54 134 181 210 128 69 128 66 82 94 62 52
is_linear=0
shrinkage=0.03


Tree=25
num_leaves=22
num_cat=0
split_feature=1 7 2 2 2 35 3 23 2 9 35 7 30 17 25 13 17 19 7 8 38
split_gain=151.416 44.7475 5.57595 5.52308 1.39584 1.02634 0.860891 0.277799 0.273568 0.131478 0.109697 0.0752362 0.0498047 0.0434284 0.0377441 0.046276 0.0368184 0.0360347 0.0153175 0.0149173 0.0104565
threshold=74413.882986486497 169949.06174948244 246495.60000000003 20343.060000000005 78813.720000000016 166611.07000000004 372514.44 1.0000000180025095e-35 104616.00000000001 0.85136992680892598 232501.99999999997 201794.77411904765 6783.5714285714294 26.550000000000004 15.105000000000002 3.5000000000000004 26.450000000000003 24.950000000000003 308735.25456521747 1.0130658400625383 0.018700568769743436
decision_type=2 2 2 2 2 10 2 8 2 2 8 2 2 2 2 2 2 2 2 2 10
left_child=3 4 7 -1 -2 8 18 -3 9 -6 -9 -12 16 14 -11 -16 -10 -15 -4 -18 -21
right_child=1 2 6 -5 5 -7 -8 10 12 13 11 -13 -14 17 15 -17 19 -19 -20 20 -22
leaf_value=-0.029510387882590292 -0.0097514179521905522 0.0035946795149989748 0.012634011299713798 -0.016032060278313498 -0.0051742097686976194 0.0037502249323629906 0.018084388822317124 0.006061459808395459 -0.0025505316711496562 -0.0020111199582998566 0.0070373783343368104 0.010469998602162708 -8.6235389328346797e-06 -0.0011197422729206405 -0.0026920693229351726 -0.0045969472309717761 -0.0017838010957348159 -0.0028510599264076775 0.014599696080530843 -0.00035967032300541178 -0.0012414169192521108
leaf_weight=119 20 22 91 41 24 27 73 38 23 25 26 21 25 27 34 25 23 20 123 24 26
leaf_count=119 20 22 91 41 24 27 73 38 23 25 26 21 25 27 34 25 23 20 123 24 26
internal_value=0.000116882 0.00601284 0.0127857 -0.0261776 -0.00226279 -0.00173804 0.0149685 0.00684652 -0.00228654 -0.00311931 0.00763658 0.00875727 -0.00120294 -0.00270649 -0.00312979 -0.00356238 -0.00151066 -0.00190052 0.0138265 -0.00115299 -0.00083353
internal_weight=877 717 394 160 323 303 287 107 276 155 85 47 121 131 84 59 96 47 214 73 50
internal_count=877 717 394 160 323 303 287 107 276 155 85 47 121 131 84 59 96 47 214 73 50
is_linear=0
shrinkage=0.03


Tree=26
num_leaves=21
num_cat=0
split_feature=1 7 10 2 31 1 2 2 24 5 17 2 2 10 23 14 4 10 25 40
split_gain=143.187 40.3309 7.1622 4.16287 1.17045 0.922988 0.400601 0.300409 0.178689 0.082721 0.0742899 0.0453842 0.0368801 0.0320615 0.0339856 0.0299459 0.020915 0.0131253 0.00791639 0.0070239
threshold=76736.371820123415 169949.06174948244 0.72501153520143002 246495.60000000003 144050.00000000003 369414.50583624718 94913.000000000015 14814.045000000002 2.7500000000000004 224957.57000000004 26.450000000000003 306369.87000000005 85830.000000000015 1.0689405643259289 4.0500000000000016 -0.16693218438255733 186598.67500000002 1.2707698065639714 21.865000000000006 0.20019852312864642
decision_type=2 2 2 2 10 2 2 2 2 2 2 2 2 2 8 2 2 2 2 10
left_child=2 4 7 9 6 11 12 -1 -4 16 15 -5 -2 14 -12 -8 -3 18 -15 -17
right_child=1 3 8 5 -6 -7 10 -9 -10 -11 13 -13 -14 17 -16 19 -18 -19 -20 -21
leaf_value=-0.030269725173711775 -0.0052008626144379368 0.0051700465846806765 -0.010372735820710658 0.011533406528854562 0.0039213043398090772 0.017326836722442902 -0.0035798883491328782 -0.024460095088436919 -0.015887776100509135 0.009113754076375203 -0.0010585355037643063 0.013737333184480668 -0.0035617320974623517 -0.00088873539163614624 -0.0025367998582641444 -0.0025380311710438848 0.0069908440701663488 -0.0014590648322233132 -7.6419254141260989e-05 -0.0017087871378616375
leaf_weight=75 35 27 22 61 27 82 20 52 20 21 30 149 41 23 30 28 49 20 20 33
leaf_count=75 35 27 22 61 27 82 20 52 20 21 30 149 41 23 30 28 49 20 20 33
internal_value=0.000162318 0.00618317 -0.0245241 0.0125862 -0.0019446 0.0143816 -0.00252218 -0.0281007 -0.0133074 0.00708986 -0.00181419 0.0131548 -0.00437434 -0.00133089 -0.00182714 -0.00252292 0.00641953 -0.000837106 -0.000521238 -0.00212422
internal_weight=865 696 169 389 307 292 280 127 42 97 204 210 76 123 60 81 76 63 43 61
internal_count=865 696 169 389 307 292 280 127 42 97 204 210 76 123 60 81 76 63 43 61
is_linear=0
shrinkage=0.03


Tree=27
num_leaves=22
num_cat=0
split_feature=1 6 3 1 31 6 6 25 2 17 2 26 9 15 1 9 2 15 15 22 9
split_gain=145.543 37.9264 5.51263 5.12111 0.840678 0.530365 0.281066 0.251114 0.11265 0.089127 0.0673638 0.0567208 0.0727177 0.0361127 0.0317838 0.030403 0.0148794 0.00946461 0.00715736 0.00487542 0.00445404
threshold=74413.882986486497 159100.66357142859 234018.01000000004 41017.691902905754 295920.01500000007 95681.928571428594 119548.51238095239 16.245000000000005 14814.045000000002 26.450000000000003 298094.00000000006 12.550000000000002 0.85136992680892598 0.97062204580664158 196939.2891600577 1.0248093263506022 114999.00000000001 0.11478523713130605 0.90438663683299525 7.8500000000000005 0.99841609098509365
decision_type=2 2 2 2 8 2 2 2 2 2 2 2 2 2 2 2 2 2 2 2 2
left_child=3 5 7 8 10 11 9 -3 -1 13 -4 12 -2 20 -9 -11 17 19 -14 -17 -7
right_child=1 2 4 -5 -6 6 -8 14 -10 15 -12 -13 18 -15 -16 16 -18 -19 -20 -21 -22
leaf_value=-0.029501808372939503 -0.0049377711828459386 0.002803485260478088 0.010906465001728224 -0.014654334615916012 0.01711282590072449 -0.0034090934527249866 0.0017275462884921581 0.006100715974515134 -0.024359335071510738 -0.0020340065173162468 0.01340507536104747 -0.0053776405027136211 -0.0030876124271191656 -0.0014338016940746456 0.0081122165858745574 -0.0017415568220894783 -0.00018435013989801519 -0.00068432647204359201 -0.0020072122846197869 -0.0010026147222379222 -0.0023989580856868999
leaf_weight=81 21 20 45 39 72 25 24 65 53 28 174 24 24 23 24 21 21 34 20 23 23
leaf_count=81 21 20 45 39 72 25 24 65 53 28 174 24 24 23 24 21 21 34 20 23 23
internal_value=-0.000235928 0.00577518 0.0118732 -0.0248318 0.0140302 -0.00208083 -0.00128612 0.00603933 -0.0276634 -0.00165826 0.0129436 -0.00402682 -0.00345413 -0.00250865 0.00672725 -0.00116696 -0.000903841 -0.00109276 -0.00265204 -0.00138616 -0.00298391
internal_weight=884 711 400 173 291 311 222 109 134 198 219 89 65 71 89 127 99 78 44 44 48
internal_count=884 711 400 173 291 311 222 109 134 198 219 89 65 71 89 127 99 78 44 44 48
is_linear=0
shrinkage=0.03


Tree=28
num_leaves=22
num_cat=0
split_feature=6 4 1 2 2 2 2 24 24 2 6 6 6 20 30 8 9 5 2 31 40
split_gain=130.394 34.8554 8.22059 4.9393 0.854155 0.585736 0.340953 0.307631 0.306671 0.100425 0.0803225 0.0618417 0.0447322 0.0440991 0.0342739 0.0283785 0.0249534 0.0230567 0.0171914 0.00713582 0.00575197
threshold=77669.498166666672 228990.41500000001 45913.82442764016 144780.11000000002 333481.62000000005 15161.385 94913.000000000015 2.8500000000000001 0.25000000000000006 110146.79500000003 418441.30285714293 277848.42857142864 91810.285714285725 2.7500000000000004 6783.5714285714294 0.99147826357619184 1.019861391007729 204711.86000000004 113557.27500000001 87626.460000000006 0.2204399915782104
decision_type=2 2 2 2 2 2 2 2 2 2 2 2 2 2 2 2 2 2 2 10 10
left_child=2 3 5 6 11 -1 12 -4 17 13 -6 -3 19 15 18 -8 -15 -5 -11 -2 -17
right_child=1 4 7 8 10 -7 9 -9 -10 14 -12 -13 -14 16 -16 20 -18 -19 -20 -21 -22
leaf_value=-0.028664354546160637 -0.0051745118094342095 0.0094461497366428362 -0.0084782762349479724 0.0058801221499039276 0.01422259225975722 -0.022670467081716505 -0.0032112851905237352 -0.014305140267159523 0.0023945991881191729 -0.00048809287817372626 0.017318024076521398 0.012266504005952314 -0.0025804599851835517 -0.0020039293956425454 0.00018608310296919873 -0.0014966245721383341 -0.00078105301023970229 0.0078680497940097523 -0.0016065024269367382 -0.0036702021986246107 -0.0023205809995694004
leaf_weight=78 20 29 26 61 95 58 27 20 23 26 47 131 23 26 32 28 39 20 25 24 22
leaf_count=78 20 29 26 61 95 58 27 20 23 26 47 131 23 26 32 28 39 20 25 24 22
internal_value=-3.18914e-05 0.0058702 -0.0225758 1.0251e-05 0.0135287 -0.0262923 -0.00199043 -0.0112622 0.00559302 -0.00141967 0.0153611 0.0118172 -0.0038581 -0.00190238 -0.000581034 -0.00239348 -0.00129315 0.00646093 -0.00105668 -0.00445377 -0.00189756
internal_weight=880 698 182 396 302 136 292 46 104 225 142 160 67 142 83 77 65 81 51 44 50
internal_count=880 698 182 396 302 136 292 46 104 225 142 160 67 142 83 77 65 81 51 44 50
is_linear=0
shrinkage=0.03


Tree=29
num_leaves=21
num_cat=0
split_feature=36 7 40 3 4 6 31 23 3 8 39 15 15 8 24 41 26 26 14 3
split_gain=126.841 35.3709 4.42342 3.32908 1.42294 0.801463 0.693687 0.609081 0.117508 0.113888 0.0898596 0.0644341 0.0621859 0.0296005 0.0199466 0.0150857 0.0103047 0.010195 0.00947627 0.00481601
threshold=53141.797285714289 183166.32124505931 0.53292757618129827 224543.69500000004 127097.29500000001 87175.500000000015 295920.01500000007 0.9499999999999994 312991.44500000007 1.005462360090988 0.067197867104237863 0.44312301391210612 0.90070004940655357 0.96399825130739114 2.8500000000000001 1.0331168582199139 10.65 11.050000000000002 0.62837760187664593 102316.91000000002
decision_type=2 2 8 2 2 2 8 10 2 2 10 2 2 2 2 8 2 2 2 2
left_child=2 4 -1 17 5 7 8 -2 -5 11 -4 14 15 -13 -7 -11 -17 -3 -18 -14
right_child=1 3 10 6 -6 9 -8 -9 -10 12 -12 13 19 -15 -16 16 18 -19 -20 -21
leaf_value=-0.02626433852620012 -0.0032685650027308023 0.0052341828442045617 -0.011878602541983127 0.010858250727469567 0.003877501080211784 -0.0010991575156944675 0.016156966047627584 -0.0098173986694642477 0.012952045153954934 3.2670983372637156e-05 -0.016899109929800035 -0.0039301765679847448 -0.0015861875792457299 -0.0021951039478881286 -0.0022994504240742915 -0.00039693221954318383 -0.0016198629355163906 0.0067365207881308516 -0.00066063422620313099 -0.0024671656147322871
leaf_weight=126 37 34 23 95 34 28 62 20 144 21 21 29 21 20 28 26 21 51 20 21
leaf_count=126 37 34 23 95 34 28 62 20 144 21 21 29 21 20 28 26 21 51 20 21
internal_value=-0.000143282 0.00542205 -0.0233476 0.0115551 -0.00185291 -0.00253111 0.0130408 -0.00569605 0.0121685 -0.00174256 -0.014597 -0.002477 -0.00113498 -0.00328005 -0.00172912 -0.000668637 -0.000885698 0.00620344 -0.00117882 -0.00207381
internal_weight=882 712 170 386 326 292 301 57 239 235 44 105 130 49 56 88 67 85 41 42
internal_count=882 712 170 386 326 292 301 57 239 235 44 105 130 49 56 88 67 85 41 42
is_linear=0
shrinkage=0.03


Tree=30
num_leaves=22
num_cat=0
split_feature=32 6 10 4 2 6 31 38 39 6 2 19 8 15 39 15 1 14 14 14 8
split_gain=113.726 34.0569 4.35224 3.84129 1.056 0.877522 0.790397 0.306911 0.283369 0.177845 0.0926166 0.0496074 0.05847 0.0421079 0.0330009 0.0273261 0.01238 0.0154969 0.0135135 0.0105819 0.00240888
threshold=40235.296428571433 181667.49928571432 0.72501153520143002 240747.03500000003 78813.720000000016 137719.77142857146 295920.01500000007 0.72663644381726711 0.69060621142506495 95456.071428571435 308538.82500000007 22.950000000000003 0.99147826357619184 0.90438663683299525 0.7980906406131314 -0.39827153806311183 103587.24545454547 0.9550229469509578 0.71726873870877716 0.32917936166072764 0.93089699187097463
decision_type=2 2 2 2 2 2 8 10 10 2 2 2 2 2 10 2 2 2 2 2 2
left_child=2 4 7 8 -2 9 10 -1 -3 13 -5 12 -11 20 -10 -13 17 18 -17 -14 -6
right_child=1 3 -4 6 5 -7 -8 -9 14 11 -12 15 19 -15 -16 16 -18 -19 -20 -21 -22
leaf_value=-0.026812101341365427 -0.0082924430295348746 0.0026747055530548093 -0.011902231208739742 0.010353167038227088 -0.0044156587431612221 0.0039247132603079079 0.01577203872677398 -0.021076683327555655 0.0079482259787619115 -0.0029694137689846292 0.012426317389364595 -0.0020192441586616701 -0.0018423976840811873 -0.0021295644831843675 0.0057676900992559834 -0.00072859605133999137 -0.0013308860387267736 -0.0012220287615699425 0.00033728392412220792 -0.001005646568199154 -0.003167569477643285
leaf_weight=88 21 24 30 75 22 24 72 39 23 36 161 21 30 23 42 21 28 20 20 34 20
leaf_count=88 21 24 30 75 22 24 72 39 23 36 161 21 30 23 42 21 28 20 20 34 20
internal_value=0.000268883 0.00533926 -0.0227741 0.0111982 -0.00194178 -0.0014696 0.0127873 -0.0252293 0.00561817 -0.00195289 0.0118139 -0.00151568 -0.00200178 -0.00332104 0.006648 -0.00105971 -0.000813383 -0.000558206 -0.000213004 -0.00142018 -0.00390882
internal_weight=874 717 157 397 320 299 308 127 89 275 236 210 100 65 65 110 89 61 41 64 42
internal_count=874 717 157 397 320 299 308 127 89 275 236 210 100 65 65 110 89 61 41 64 42
is_linear=0
shrinkage=0.03


Tree=31
num_leaves=23
num_cat=0
split_feature=1 6 19 2 6 6 38 25 4 41 6 9 39 7 11 19 17 1 11 8 15 30
split_gain=109.161 30.5669 6.1393 3.95897 0.651112 0.495771 0.358286 0.320835 0.284435 0.337437 0.21719 0.0990685 0.0578324 0.0432047 0.0322196 0.023415 0.0454036 0.0222067 0.0201652 0.0171587 0.0165161 0.0105651
threshold=76736.371820123415 159100.66357142859 9.3000000000000025 269283.85000000003 382844.68071428576 91810.285714285725 0.72663644381726711 17.755000000000006 228990.41500000001 1.087788280732495 119548.51238095239 0.99659878319779738 0.92417357958333868 309892.10020000004 5.5000000000000009 22.650000000000002 21.850000000000005 196191.60619928598 3.5000000000000004 1.0125055438357125 0.50370931781787065 4108.5238095238101
decision_type=2 2 2 2 2 2 10 2 2 10 2 2 10 2 2 2 2 2 2 2 2 2
left_child=2 5 6 8 13 12 -1 -4 9 17 11 15 -2 -5 18 16 -7 -3 19 -13 -20 -21
right_child=1 3 7 4 -6 10 -8 -9 -10 -11 -12 14 -14 -15 -16 -17 -18 -19 20 21 -22 -23
leaf_value=-0.025868544534633033 -0.0057565009061779299 0.0055321677279743277 -0.0075604063884488169 0.010595724346308871 0.015713660160049065 -0.0017004902534452932 -0.020177669271826744 -0.013541036661341786 0.0087396367455949073 0.0016738662442990712 0.0015562400742518631 -0.001807172664822164 -0.0035026140824505466 0.012443240181667597 -0.0022665498771571686 -0.0016103943515918216 -0.0037253112818247504 0.0074436786093495105 -2.9166675991408766e-05 -0.0012233396804564305 -0.0011271281485096551 -0.0003701079375636966
leaf_weight=94 20 54 20 86 60 20 39 24 31 20 21 32 40 126 20 23 27 21 30 36 20 22
leaf_count=94 20 54 20 86 60 20 39 24 31 20 21 32 40 126 20 23 27 21 30 36 20 22
internal_value=-0.000127305 0.00513943 -0.0211343 0.0106353 0.0126764 -0.00190548 -0.0243628 -0.011051 0.00616417 0.00524147 -0.00130958 -0.00157685 -0.00433596 0.011747 -0.0011527 -0.00251646 -0.00291706 0.00615829 -0.000978628 -0.00124629 -0.00048184 -0.000911458
internal_weight=886 709 177 398 272 311 133 44 126 95 251 230 60 212 160 70 47 75 140 90 50 58
internal_count=886 709 177 398 272 311 133 44 126 95 251 230 60 212 160 70 47 75 140 90 50 58
is_linear=0
shrinkage=0.03


Tree=32
num_leaves=21
num_cat=0
split_feature=36 6 2 2 2 2 6 18 17 8 7 39 2 4 39 26 7 14 5 7
split_gain=105.232 29.7838 4.32865 2.73659 1.06932 0.710363 0.339608 0.292193 0.179383 0.122487 0.0967439 0.0687977 0.0438572 0.0315666 0.0315348 0.0201967 0.0329809 0.0458071 0.0194221 0.0143543
threshold=40798.559166666673 159100.66357142859 246495.60000000003 19571.070000000003 78813.720000000016 380411.32500000001 119548.51238095239 28.750000000000004 26.450000000000003 0.95564916726747839 203250.35756250002 0.068529737743136851 308538.82500000007 87730.030000000013 0.91473182600407299 10.350000000000003 106123.79642857144 0.69287764045535594 101081.00000000001 183166.32124505931
decision_type=2 2 2 2 2 2 2 2 2 2 2 10 2 2 10 2 2 2 2 2
left_child=3 4 7 -1 -2 12 8 -3 9 -6 19 -5 -4 -11 -10 -16 17 -17 -15 -9
right_child=1 2 5 11 6 -7 -8 10 14 13 -12 -13 -14 18 15 16 -18 -19 -20 -21
leaf_value=-0.02415658534550276 -0.0080457457602024079 0.0020198607833489127 0.009890512632279606 -0.011526718352522169 -0.0042208156489900181 0.014943232066194774 0.0017251605866476893 0.0039589722241674145 -0.00010646322327665984 -0.0031120740881432655 0.0075943806311115618 -0.016537358760833742 0.011681856854873544 -0.0012185383262112736 -0.00056901006374541151 -0.0017401255223572858 -0.0024235523207527068 1.348427353977141e-05 -0.0022507044381927699 0.0055909076012670995
leaf_weight=121 24 22 75 20 34 70 25 20 24 22 29 20 152 38 27 36 26 21 37 49
leaf_count=121 24 22 75 20 34 70 25 20 24 22 29 20 152 38 27 36 26 21 37 49
internal_value=4.89723e-05 0.00489096 0.0101362 -0.0218299 -0.00208496 0.0120804 -0.0015657 0.00526423 -0.00188148 -0.00266936 0.0059648 -0.0143743 0.011136 -0.00208804 -0.00109717 -0.00131042 -0.00154195 -0.00110497 -0.00175065 0.0051812
internal_weight=892 731 417 161 314 297 290 120 265 131 98 40 227 97 134 110 83 57 75 69
internal_count=892 731 417 161 314 297 290 120 265 131 98 40 227 97 134 110 83 57 75 69
is_linear=0
shrinkage=0.03


Tree=33
num_leaves=22
num_cat=0
split_feature=36 7 4 3 4 1 18 9 24 3 2 7 3 30 4 26 9 7 20 8 25
split_gain=100.081 26.5759 5.96371 3.41754 0.702872 0.668145 0.287223 0.269753 0.243165 0.146404 0.0898489 0.0626696 0.0577841 0.0424176 0.038744 0.0366523 0.0327889 0.0178862 0.0134741 0.010837 0.0073129
threshold=55316.07416666668 169949.06174948244 25531.975000000002 234018.01000000004 127097.29500000001 369414.50583624718 28.750000000000004 0.85136992680892598 3.1500000000000008 103429.50000000001 14383.420000000002 84742.272150000019 309207.44000000006 6139.2857142857147 188829.62000000002 9.9500000000000011 0.99841609098509365 201794.77411904765 2.4499999999999997 1.0466596932888328 15.745000000000003
decision_type=2 2 2 2 2 2 2 2 2 2 2 2 2 2 2 2 2 2 2 2 2
left_child=2 4 10 6 7 12 -3 -2 -4 11 -1 -9 -5 15 -8 -11 20 -16 -17 -20 -13
right_child=1 3 8 5 -6 -7 14 9 -10 13 -12 16 -14 -15 17 18 -18 -19 19 -21 -22
leaf_value=-0.025273050963878631 -0.0046441698382113823 0.0019005039387515613 -0.0090146467704771034 0.0094607625443201802 0.0030408904835995702 0.014140965228163918 0.0047652268193421818 -0.003881631190888584 -0.014143460941101823 -0.00045206838925985403 -0.020851599923495587 -0.0019284660838544371 0.011284902101233058 -2.9194203780207317e-05 0.005688601071015 -0.0023423501567661083 -0.0013213115040899108 0.0078605839545239833 -0.0017261313543458527 -0.00075909440339143785 -0.0028563035420469335
leaf_weight=71 31 20 33 77 26 85 30 23 20 33 57 24 136 31 31 21 37 20 29 20 36
leaf_count=71 31 20 33 77 26 85 30 23 20 33 57 24 136 31 31 21 37 20 29 20 36
internal_value=-0.000108815 0.00497257 -0.0199591 0.0100871 -0.00160043 0.011706 0.00524255 -0.002033 -0.0111761 -0.00169735 -0.023481 -0.00245673 0.0106728 -0.00100416 0.00603451 -0.00129449 -0.0020827 0.00667514 -0.00167967 -0.0013545 -0.00252287
internal_weight=891 710 181 399 311 298 101 285 53 254 128 120 213 134 81 103 97 51 70 49 60
internal_count=891 710 181 399 311 298 101 285 53 254 128 120 213 134 81 103 97 51 70 49 60
is_linear=0
shrinkage=0.03


Tree=34
num_leaves=23
num_cat=0
split_feature=6 4 10 2 2 8 30 6 2 6 2 11 3 32 13 39 2 23 17 22 2 4
split_gain=90.0289 23.4548 6.47303 3.61098 0.653174 0.586934 0.290298 0.266674 0.201603 0.12907 0.0841906 0.0580561 0.0411859 0.0320652 0.0294613 0.0237804 0.0233862 0.0202818 0.0167855 0.0110027 0.00630609 0.000333731
threshold=77669.498166666672 228990.41500000001 0.72501153520143002 144780.11000000002 330802.01000000007 1.0218167982149959 22067.400000000005 15646.167976190478 102795.00000000001 433464.23042857152 85830.000000000015 5.5000000000000009 115856.50000000001 213767.1660714286 3.5000000000000004 0.98420770002862235 188456.38000000003 2.3500000000000001 26.850000000000005 7.450000000000002 110146.79500000003 186598.67500000002
decision_type=2 2 2 2 2 2 2 2 2 2 2 2 2 2 2 10 2 10 2 2 2 2
left_child=2 3 7 8 13 -4 16 -1 10 -6 -2 12 18 -3 -12 17 21 -16 -10 -20 -21 -5
right_child=1 4 5 6 9 -7 -8 -9 11 -11 14 -13 -14 -15 15 -17 -18 -19 19 20 -22 -23
leaf_value=-0.02375271426383839 -0.0038476584512082967 0.0075784517705440521 -0.0069756680851181347 0.0038021399732679128 0.011950313960894559 -0.013812764896345989 0.0012937653996050358 -0.018856150381108546 -0.0014547412226366919 0.015357361137866975 -0.0013505839794088388 -0.0022916863374816982 0.00046214706287719308 0.0099827592567841798 -0.0036763658268111092 -0.0017048856375678893 0.0059932030054113388 -0.0020805054947933446 -0.0011782806527168889 -0.00067876217117452103 3.0366208596640954e-05 0.0051513197592326573
leaf_weight=85 33 24 35 23 116 20 20 46 33 29 39 22 24 132 20 30 48 20 20 22 22 20
leaf_count=85 33 24 35 23 116 20 20 46 33 29 39 22 24 132 20 30 48 20 20 22 22 20
internal_value=-7.09123e-05 0.00488177 -0.018557 7.9099e-05 0.0111791 -0.00966414 0.00464522 -0.0221892 -0.00170931 0.0127322 -0.00250762 -0.000904676 -0.000635775 0.00966349 -0.00207063 -0.00244712 0.00535974 -0.00294864 -0.000909369 -0.000610108 -0.000331402 0.00453248
internal_weight=883 697 186 396 301 55 111 131 285 145 142 143 121 156 109 70 91 40 97 64 44 43
internal_count=883 697 186 396 301 55 111 131 285 145 142 143 121 156 109 70 91 40 97 64 44 43
is_linear=0
shrinkage=0.03


Tree=35
num_leaves=25
num_cat=0
split_feature=1 6 1 3 3 24 6 2 24 6 35 9 6 7 23 7 14 35 22 22 22 14 9 3
split_gain=87.0222 24.0121 5.12718 3.2546 0.599128 0.566626 0.353702 0.342329 0.218147 0.120982 0.0692975 0.0605712 0.0591947 0.05535 0.0283435 0.0258964 0.0251559 0.0205024 0.0149004 0.0118043 0.00917272 0.00864984 0.00314347 0.000595268
threshold=76736.371820123415 148703.35142857148 45913.82442764016 234018.01000000004 343459.59000000003 3.1500000000000008 92615.833333333358 14814.045000000002 1.4500000000000002 119548.51238095239 249395.14500000005 0.99659878319779738 418441.30285714293 81593.79222619049 2.6500000000000008 90365.593253968269 0.97112537654464559 108079.59000000001 10.65 7.450000000000002 9.9500000000000011 -0.73282214301478099 0.92116112748347734 309207.44000000006
decision_type=2 2 2 2 2 2 2 2 2 2 8 2 2 2 8 2 2 10 2 2 2 2 2 2
left_child=2 6 7 8 23 -4 13 -1 10 11 22 18 -6 -2 20 -15 17 -16 21 -19 -13 -8 -3 -5
right_child=1 3 5 4 12 -7 9 -9 -10 -11 -12 14 -14 15 16 -17 -18 19 -20 -21 -22 -23 -24 -25
leaf_value=-0.023453509486638581 -0.0050694319544444706 0.0041236956986332582 -0.0059315751940011976 0.008838063702511955 0.011676110610365867 -0.013164759916918617 -0.0012317731741561808 -0.018738707308807681 0.0019720273039170672 0.00089849479009651329 0.0073548966007573264 -0.0020705916117555621 0.01451566847887906 -0.0020954715241880517 0.00011655353733008918 -0.0037658370059469471 -0.0017156331592493436 -0.0013417105491842247 -0.002827786804320147 -0.00044623662065714599 -0.0011418339893545792 -0.0022145395292191886 0.0053731401604802716 0.010332255158402505
leaf_weight=77 21 27 24 70 69 20 21 61 20 21 20 28 43 22 27 22 21 26 25 29 22 22 45 108
leaf_count=77 21 27 24 70 69 20 21 61 20 21 20 28 43 22 27 22 21 26 25 29 22 22 45 108
internal_value=-0.000219982 0.00453479 -0.0186662 0.00935044 0.01103 -0.00943887 -0.00178094 -0.0215192 0.00494242 -0.00124359 0.00556001 -0.00145027 0.0128851 -0.00373239 -0.00110651 -0.00299578 -0.000808593 -0.000558431 -0.00219646 -0.000885951 -0.00169234 -0.00177349 0.00496751 0.00979731
internal_weight=891 709 182 402 290 44 307 138 112 242 92 221 112 65 153 44 103 82 68 55 50 43 72 178
internal_count=891 709 182 402 290 44 307 138 112 242 92 221 112 65 153 44 103 82 68 55 50 43 72 178
is_linear=0
shrinkage=0.03


Tree=36
num_leaves=24
num_cat=0
split_feature=1 6 10 3 1 6 25 10 32 5 6 4 9 39 8 6 10 19 23 30 17 7 30
split_gain=77.4919 22.2817 4.43376 3.12472 0.389389 0.319824 0.284827 0.257691 0.454175 0.2232 0.124587 0.0972823 0.0604928 0.0438426 0.0436337 0.031191 0.0272457 0.0192992 0.0198618 0.0161026 0.0130461 0.0119415 0.00961494
threshold=76736.371820123415 148703.35142857148 0.72501153520143002 280969.20000000007 318665.21234398661 92615.833333333358 18.100000000000005 0.98040538904070174 216831.81380952385 17262.295000000002 204504.60714285719 116956.56500000002 0.96603036535412146 0.92417357958333868 0.94054552603334662 433464.23042857152 0.96613940891346262 22.950000000000003 3.9499999999999997 1040.5333333333338 25.550000000000004 106123.79642857144 524.28571428571433
decision_type=2 2 2 2 2 2 2 2 2 2 2 2 2 10 2 2 2 2 10 2 2 2 2
left_child=2 5 9 7 -5 13 -4 10 -9 -1 20 12 16 -2 -15 -6 -7 19 -19 22 -3 -20 -14
right_child=1 3 6 4 15 11 -8 8 -10 -11 -12 -13 17 14 -16 -17 -18 18 21 -21 -22 -23 -24
leaf_value=-0.022077558867785396 -0.0047720674442296674 0.0060308008108820232 -0.006522659069265831 0.0097422055962619238 0.011678055258614293 -0.0029624556713127369 -0.012016640590591123 0.0004840428940951824 0.0058047601198022427 -0.016937291203066706 0.0079954073709600105 0.00049434346353842158 -0.0016691262288285153 -0.0037115586322865311 -0.0017197371560281941 0.01468667957645196 -0.001504535652283165 -0.00026403314163404943 -0.00060140547428644536 -0.002209414631678638 0.0041929547628387805 -0.00154680568841286 -0.00077029247171230952
leaf_weight=97 21 20 21 142 88 28 23 24 36 31 33 26 20 27 20 25 26 36 22 21 23 32 29
leaf_count=97 21 20 21 142 88 28 23 24 36 31 33 26 20 27 20 25 26 36 22 21 23 32 29
internal_value=-0.000156859 0.00428673 -0.0181358 0.00903147 0.0109935 -0.00174636 -0.00959773 0.00529926 0.0037193 -0.0209736 0.0064821 -0.00122241 -0.00143231 -0.00355107 -0.00291746 0.0124667 -0.00230061 -0.00112679 -0.000820287 -0.00150377 0.0051654 -0.00117958 -0.00116321
internal_weight=871 699 172 391 255 308 44 136 60 128 76 240 214 68 47 113 54 160 90 70 43 54 49
internal_count=871 699 172 391 255 308 44 136 60 128 76 240 214 68 47 113 54 160 90 70 43 54 49
is_linear=0
shrinkage=0.03


Tree=37
num_leaves=23
num_cat=0
split_feature=36 7 1 3 2 2 2 17 8 2 4 23 1 9 9 7 15 9 3 25 26 7
split_gain=78.1059 23.5762 2.11298 1.89764 0.947425 0.662186 0.444093 0.15816 0.110256 0.101355 0.056147 0.0311156 0.0237801 0.022725 0.0265718 0.022107 0.0207857 0.0149853 0.0116216 0.00973425 0.00626533 0.00341819
threshold=40798.559166666673 169949.06174948244 41017.691902905754 224543.69500000004 78813.720000000016 144780.11000000002 335488.12500000006 26.450000000000003 0.95564916726747839 14383.420000000002 186598.67500000002 1.4499999999999995 101237.54910179642 1.019861391007729 1.0693219115459749 199997.13344393598 0.88917497572200743 1.1451127532291683 109784.97000000002 14.855000000000002 15.450000000000001 428813.51420138899
decision_type=2 2 2 2 2 2 2 2 2 2 2 10 2 2 2 2 2 2 2 2 2 2
left_child=2 4 9 10 -2 7 -5 8 12 -1 -3 16 -6 -9 -15 -12 -10 18 -16 -18 -19 -8
right_child=1 3 -4 6 5 -7 21 13 11 -11 15 -13 -14 14 17 -17 19 20 -20 -21 -22 -23
leaf_value=-0.022384828173595928 -0.0071263013633304376 0.0038484281720593569 -0.011403060988946395 0.0091932754856260384 -0.0043576309617076592 0.0038993621723992485 0.011247718836580003 -0.0016192019464215262 -0.00043192126833933539 -0.018413930891021606 0.0048866366540246146 -0.002426891783618235 -0.0027314444303873082 0.00016151889925822613 -0.0018505360568607492 0.0066897266852902247 -0.0011201883759349583 -0.00086133767173371531 -0.00077171831990459133 -0.0021266855805047919 -0.00012065685636896106 0.013991180451019951
leaf_weight=68 26 27 32 169 20 20 104 29 20 61 33 34 30 26 20 31 23 21 20 20 20 22
leaf_count=68 26 27 32 169 20 20 104 29 20 61 33 34 30 26 20 31 23 21 20 20 20 22
internal_value=-9.33993e-05 0.00416286 -0.0189044 0.00918253 -0.00173646 -0.00125204 0.010357 -0.00162855 -0.00230906 -0.0206632 0.00530405 -0.00168935 -0.00345461 -0.000881501 -0.000668422 0.00584949 -0.00125961 -0.000933543 -0.00134311 -0.00162602 -0.000511505 0.0118331
internal_weight=876 715 161 386 329 303 295 283 147 129 91 97 50 136 107 64 63 81 40 43 41 126
internal_count=876 715 161 386 329 303 295 283 147 129 91 97 50 136 107 64 63 81 40 43 41 126
is_linear=0
shrinkage=0.03


Tree=38
num_leaves=23
num_cat=0
split_feature=6 4 19 2 2 15 10 38 6 6 2 5 36 2 10 2 30 35 25 1 9 2
split_gain=73.5866 19.0695 4.52228 2.99997 0.571164 0.339443 0.328297 0.157642 0.153094 0.115837 0.0530962 0.034503 0.0721417 0.0319002 0.028198 0.027549 0.0165821 0.0126569 0.0201949 0.0188376 0.00964301 0.00838881
threshold=77669.498166666672 228990.41500000001 9.3000000000000025 144780.11000000002 329877.50000000006 0.18281312110578132 0.99219231127197605 0.72663644381726711 91810.285714285725 433464.23042857152 110146.79500000003 204711.86000000004 238435.74809523814 277647.83500000008 0.95154334340314961 85830.000000000015 7128.9285714285716 113245.00000000001 14.945000000000002 99957.356639732388 1.2166176413137404 113557.27500000001
decision_type=2 2 2 2 2 2 2 10 2 2 2 2 2 2 2 2 2 10 2 2 2 2
left_child=2 3 7 8 13 -5 -4 -1 15 -6 14 12 -7 -3 -10 -2 21 18 -16 20 -20 -12
right_child=1 4 6 5 9 11 -8 -9 10 -11 16 -13 -14 -15 17 -17 -18 -19 19 -21 -22 -23
leaf_value=-0.020882401035531708 -0.003626750552606198 0.0071067746083896891 -0.0067103159558874635 0.00057926890041146953 0.010718337212373891 0.0053121346693772529 -0.012112847768834659 -0.016679275144230232 -0.0024429944338690904 0.013902638746159417 -0.00048470978870884411 0.0060674556903541083 0.0031271075567929074 0.0089643731862306588 -0.00063420365786772553 -0.0020508981356397271 4.6683578693773595e-06 -0.00076240734091015839 -0.00069951298846197981 -0.0022239587786852528 -0.0016817807126790285 -0.0012776465859049215
leaf_weight=91 30 38 32 20 126 38 20 43 26 27 26 26 31 119 21 23 29 31 20 37 20 25
leaf_count=91 30 38 32 20 126 38 20 43 26 27 26 26 31 119 21 23 29 31 20 37 20 25
internal_value=1.01049e-05 0.00439772 -0.0167427 9.05493e-05 0.00997875 0.00416575 -0.00897755 -0.0196672 -0.00154548 0.0113669 -0.0012076 0.0049069 0.00438915 0.00856259 -0.00153095 -0.00299353 -0.00056995 -0.00132975 -0.0014997 -0.00172458 -0.00121969 -0.0008905
internal_weight=899 713 186 403 310 115 52 134 288 153 235 95 69 157 155 53 80 129 98 77 40 51
internal_count=899 713 186 403 310 115 52 134 288 153 235 95 69 157 155 53 80 129 98 77 40 51
is_linear=0
shrinkage=0.03


Tree=39
num_leaves=22
num_cat=0
split_feature=36 6 2 2 6 2 7 9 11 29 2 7 7 35 2 26 22 1 38 2 5
split_gain=65.438 19.1828 2.63498 1.73834 0.458528 0.278413 0.260952 0.173152 0.113923 0.100971 0.0960607 0.07695 0.0713807 0.0339631 0.0416355 0.0158863 0.0182524 0.0143382 0.0129333 0.00934437 0.00823972
threshold=40798.559166666673 159100.66357142859 246495.60000000003 19571.070000000003 418441.30285714293 110146.79500000003 245929.55521616546 0.85136992680892598 5.5000000000000009 33723.685000000005 324082.51000000007 120392.13636363637 201049.03923160172 57789.560000000012 98158.500000000015 9.5500000000000025 7.4000000000000004 100602.37245966899 0.015300768548658148 177711.58000000005 103700.00000000001
decision_type=2 2 2 2 2 2 2 2 2 10 2 2 2 10 2 2 2 2 10 2 2
left_child=3 5 6 -1 10 7 12 -2 13 -5 -4 17 19 -9 18 -16 -17 -7 -15 -3 -18
right_child=1 2 4 9 -6 11 -8 8 -10 -11 -12 -13 -14 14 15 16 20 -19 -20 -21 -22
leaf_value=-0.019452919912965674 -0.0038531719947135757 0.0033710412415010587 0.0082937307573728632 -0.013714873705591473 0.012893211970275098 -4.3474538852610892e-06 0.0011665174790791103 -0.00025276642409153286 -0.0034929010313219174 -0.0091540166498585169 0.0099360185546161477 0.0016103294598204749 0.0066228555608540771 -0.0016119958998987805 -0.00034354843209376154 -0.0019978289737912782 -0.00042764522043788538 -0.0009043191862206988 -0.0025919439145363865 0.0047295371267725437 -0.0012565515333387467
leaf_weight=113 37 20 117 20 43 30 20 23 25 21 136 20 23 36 22 22 20 33 29 50 27
leaf_count=113 37 20 117 20 43 30 20 23 25 21 136 20 23 36 22 22 20 33 29 50 27
internal_value=0.000247546 0.00398754 0.00829912 -0.0174647 0.00978854 -0.00146395 0.004346 -0.00197818 -0.00162097 -0.0116524 0.00921218 3.4944e-05 0.00501007 -0.00134158 -0.00149948 -0.00106539 -0.00128734 -0.000482525 -0.00208185 0.00439434 -0.000920083
internal_weight=887 733 409 154 296 324 113 241 204 41 253 83 93 179 156 91 69 63 65 70 47
internal_count=887 733 409 154 296 324 113 241 204 41 253 83 93 179 156 91 69 63 65 70 47
is_linear=0
shrinkage=0.03


Tree=40
num_leaves=24
num_cat=0
split_feature=6 4 35 6 31 24 6 15 6 4 11 4 4 8 25 15 19 36 18 11 29 7 15
split_gain=66.0539 17.3591 4.13672 2.46637 0.53951 0.491722 0.260926 0.238222 0.17531 0.144812 0.0606281 0.0474243 0.0470625 0.0361361 0.0306598 0.0230526 0.0186589 0.0174485 0.0129969 0.0117811 0.00925884 0.0071105 0.00483804
threshold=77669.498166666672 228990.41500000001 35704.490000000013 137719.77142857146 295920.01500000007 3.1500000000000008 14274.720714285717 0.18281312110578132 96159.357142857159 299863.80000000005 5.5000000000000009 186598.67500000002 115893.00000000001 1.0077297155965457 15.500000000000002 0.76556758748011056 23.250000000000004 289617.6158333334 32.45000000000001 2.5000000000000004 1101.0000000000002 199997.13344393598 -0.082691941062253513
decision_type=2 2 10 2 8 2 2 2 2 2 2 2 2 2 2 2 2 2 2 2 10 2 2
left_child=2 3 6 8 9 -4 -1 -5 14 17 12 -9 13 16 -2 -16 -10 -3 20 -18 -15 -13 -11
right_child=1 4 5 7 -6 -7 -8 11 10 22 -12 21 -14 18 15 -17 19 -19 -20 -21 -22 -23 -24
leaf_value=-0.020729825102365932 -0.001688343833014369 0.0054408634826540944 -0.004567249312531203 0.00086637383002949797 0.011846215180728746 -0.011119984330042548 -0.016644765412807464 0.0033732079001339644 -0.0021638460926197726 0.0099128470505061347 -0.0023699860484339298 0.0042688712216913697 0.00036925818789750335 -0.00056663176940324213 -0.002120148218713108 -0.0035995938669185377 -0.001604115135435547 0.0075785119704357001 -0.00011060312544577754 -0.00054466767097307764 -0.0013394737645983695 0.0058027446689084168 0.0085078706742585213
leaf_weight=64 24 20 23 22 68 22 74 37 28 68 27 29 24 38 21 36 20 40 29 20 24 23 118
leaf_count=64 24 20 23 22 68 22 74 37 28 68 27 29 24 38 21 36 20 40 29 20 24 23 118
internal_value=-5.87607e-05 0.00405619 -0.0160933 -7.56924e-05 0.00932949 -0.0079429 -0.0186748 0.00370929 -0.00152721 0.00858866 -0.00106117 0.0043946 -0.00085624 -0.00104237 -0.00270777 -0.00310049 -0.00156342 0.00696684 -0.000640256 -0.0011006 -0.000882309 0.005044 0.00907178
internal_weight=899 716 183 402 314 45 138 111 291 246 210 89 183 159 81 57 68 60 91 40 62 52 186
internal_count=899 716 183 402 314 45 138 111 291 246 210 89 183 159 81 57 68 60 91 40 62 52 186
is_linear=0
shrinkage=0.03


Tree=41
num_leaves=24
num_cat=0
split_feature=36 6 2 2 3 33 6 8 18 27 6 2 13 6 41 15 3 35 10 8 2 32 30
split_gain=63.4222 16.0762 2.55614 1.79217 0.359113 0.28954 0.164721 0.105988 0.0932074 0.0923078 0.060118 0.0388703 0.0328926 0.0260283 0.0214615 0.0210617 0.0186745 0.0268761 0.0153939 0.0135397 0.0133842 0.0100183 0.00277861
threshold=40798.559166666673 137719.77142857146 246495.60000000003 19571.070000000003 343459.59000000003 20052.000000000004 95681.928571428594 0.97597523711608625 19.100000000000005 24367.000000000004 14274.720714285717 109253.00000000001 11.500000000000002 418441.30285714293 0.26417265735067647 0.5403928698825039 106765.35000000002 106195.00000000001 0.86355649125968115 0.99259703110225861 277647.83500000008 114143.62571428572 6843.5000000000009
decision_type=2 2 2 2 2 10 2 2 2 8 2 2 2 2 10 2 2 10 2 2 2 2 2
left_child=3 6 5 10 20 9 7 18 -5 15 -1 16 -9 -6 21 -3 17 19 -2 -8 -4 -13 -17
right_child=1 2 4 8 13 -7 11 12 -10 -11 -12 14 -14 -15 -16 22 -18 -19 -20 -21 -22 -23 -24
leaf_value=-0.020240492022954502 -0.00272786823567003 0.0030890847855646695 0.0065197898354381317 -0.012856492570468357 0.0097434839946883064 0.00065738444482641551 -0.0019962261637879739 -0.00049170971315886291 -0.0085421133193780072 0.0064227121323347089 -0.016643199556964937 -0.0011797312590484082 -0.0021869244319184318 0.012026234162705285 0.00016072591225383803 0.0050310137454006405 -0.001913068173820839 -0.00043574471910786186 -0.0042032223928254097 -0.00090260381016626272 0.0084773448035583721 -0.00036301383032248566 0.0037503185288773641
leaf_weight=64 23 27 23 20 69 20 26 20 21 23 58 32 22 41 29 26 37 36 23 21 160 25 26
leaf_count=64 23 27 23 20 69 20 26 20 21 23 58 32 22 41 29 26 37 36 23 21 160 25 26
internal_value=1.30888e-05 0.00389707 0.00769234 -0.0168018 0.00921249 0.00399626 -0.00146811 -0.00255024 -0.0109027 0.00463821 -0.0186795 -0.00099576 -0.00140989 0.010695 -0.000500548 0.00404488 -0.00134359 -0.00106998 -0.00353928 -0.00153657 0.00826808 -0.000833957 0.00447351
internal_weight=872 709 415 163 293 122 294 88 41 102 122 206 42 110 86 79 120 83 46 47 183 57 52
internal_count=872 709 415 163 293 122 294 88 41 102 122 206 42 110 86 79 120 83 46 47 183 57 52
is_linear=0
shrinkage=0.03


Tree=42
num_leaves=24
num_cat=0
split_feature=35 6 35 2 2 8 6 10 32 6 17 8 35 39 8 2 23 1 8 2 11 14 26
split_gain=57.8644 14.7114 3.81339 1.5937 0.677235 0.481229 0.294412 0.286326 0.424913 0.26656 0.137258 0.108578 0.0444079 0.0318864 0.0309092 0.0321322 0.0251295 0.0239827 0.0291778 0.0228977 0.0192121 0.006053 0.00732765
threshold=53803.670000000006 185507.66500000001 35704.490000000013 297022.14000000007 144780.11000000002 1.0218167982149959 418441.30285714293 0.98040538904070174 216831.81380952385 15646.167976190478 26.450000000000003 0.99147826357619184 257458.12500000003 0.91938245899181348 0.95871416784434726 102795.00000000001 6.2500000000000009 100989.7570187166 0.94303947954192002 329877.50000000006 3.5000000000000004 0.71726873870877716 10.350000000000003
decision_type=8 2 10 2 2 2 2 2 2 2 2 2 8 10 2 2 8 2 2 2 2 2 2
left_child=2 4 9 7 10 -4 19 12 -9 -1 11 17 -3 -13 -12 -16 21 -2 -19 -5 -15 22 -17
right_child=1 3 5 6 -6 -7 -8 8 -10 -11 14 13 -14 20 15 16 -18 18 -20 -21 -22 -23 -24
leaf_value=-0.018873436292012529 -0.0034522291323951172 0.0047686084348708396 -0.0044500841241743826 0.0079165426742972677 0.0031909265489700961 -0.010718266951001207 0.011744486872445453 -0.00022043758205005098 0.0052226993907243018 -0.014755936574935912 0.00036845903377979994 -0.0001252815800464966 0.0069762921009374696 -0.00097346311642763179 -0.0016721734926425692 -4.488623508482955e-05 -0.0014273523918486067 -0.0029528905764560805 -0.0012574951166971003 0.0092616519297116263 -0.002066889283937755 9.0976319508627053e-05 -0.00083241780137936782
leaf_weight=89 30 24 26 102 33 22 43 20 35 49 24 21 45 36 28 20 20 21 20 106 28 29 22
leaf_count=89 30 24 26 102 33 22 43 20 35 49 24 21 45 36 28 20 20 21 20 106 28 29 22
internal_value=-0.000147243 0.00377322 -0.0149897 0.00783689 -0.000826509 -0.00748311 0.00921888 0.0049881 0.00327479 -0.0175281 -0.00127906 -0.00189238 0.00628749 -0.00114784 -0.000601492 -0.000798553 -0.000514493 -0.00275542 -0.0021755 0.00864307 -0.00147628 -0.000241096 -0.000467168
internal_weight=893 707 186 375 332 48 251 124 55 138 299 156 69 85 143 119 91 71 41 208 64 71 42
internal_count=893 707 186 375 332 48 251 124 55 138 299 156 69 85 143 119 91 71 41 208 64 71 42
is_linear=0
shrinkage=0.03


Tree=43
num_leaves=24
num_cat=0
split_feature=1 7 19 3 4 24 35 24 6 6 41 9 2 28 23 10 3 14 32 26 26 15 6
split_gain=54.1445 14.9387 2.86582 1.74297 0.398966 0.35074 0.286014 0.236541 0.221481 0.221448 0.161164 0.0610973 0.0526217 0.0434138 0.0332631 0.0284083 0.0252348 0.0226569 0.021659 0.0173358 0.0129017 0.0157721 0.00737636
threshold=76736.371820123415 169949.06174948244 8.3500000000000032 283562.38500000007 127097.29500000001 2.7500000000000004 419491.63000000006 2.7500000000000004 14274.720714285717 87175.500000000015 0.94425527254326647 0.95620790595815808 324082.51000000007 39566.333333333343 2.6500000000000008 0.96613940891346262 197725.55500000002 0.97112537654464559 113218.31345238096 11.050000000000002 15.350000000000003 0.90070004940655357 107327.78571428572
decision_type=2 2 2 2 2 2 8 2 2 2 8 2 2 2 8 2 2 2 2 2 2 2 2
left_child=2 4 8 7 9 -4 12 10 -1 19 16 15 -5 -12 20 -11 -3 18 22 -2 21 -13 -16
right_child=1 3 5 6 -6 -7 -8 -9 -10 11 13 14 -14 -15 17 -17 -18 -19 -20 -21 -22 -23 -24
leaf_value=-0.019016374748560688 -0.0024715266999026592 0.003306759443754951 -0.0057268579259257893 0.007485178271929422 0.0023277411586605013 -0.011329181162374359 0.011464959133503047 0.0015069426649383137 -0.015157806554010935 -0.002460565831764446 0.0079241870982306346 -0.00032300698637430155 0.0089519269147089534 0.005217907214537262 0.00040391344155068506 -0.0010173264484974029 0.0048645290167167263 -0.0013789481137480052 -0.00084741429465698035 -0.003977653024345636 -0.0019523094311755681 -0.0013749337595072575 -0.00025109439775405917
leaf_weight=61 21 35 28 89 27 20 42 20 69 35 20 20 139 23 29 22 28 20 37 24 20 39 31
leaf_count=61 21 35 28 89 27 20 42 20 69 35 20 20 139 23 29 22 28 20 37 24 20 39 31
internal_value=-1.33272e-06 0.00366046 -0.0147712 0.00756506 -0.00110575 -0.00824473 0.00892963 0.00459369 -0.0170997 -0.00142358 0.00515656 -0.00107022 0.00841457 0.00662813 -0.000811453 -0.00193067 0.00406429 -0.000483706 -0.000286932 -0.0033438 -0.00128474 -0.00102967 6.69243e-05
internal_weight=899 721 178 396 325 48 270 126 130 298 106 253 228 43 196 57 63 117 97 45 79 59 60
internal_count=899 721 178 396 325 48 270 126 130 298 106 253 228 43 196 57 63 117 97 45 79 59 60
is_linear=0
shrinkage=0.03


Tree=44
num_leaves=26
num_cat=0
split_feature=35 4 1 2 24 31 2 24 17 2 2 14 23 25 1 7 39 15 7 23 32 19 31 19 4
split_gain=50.8426 13.4498 3.00585 1.99172 0.482635 0.35468 0.29402 0.274451 0.130625 0.113451 0.0627858 0.0355971 0.0300218 0.0290365 0.0342854 0.0235905 0.0201095 0.0151048 0.026638 0.0131198 0.0107032 0.0158346 0.010216 0.00911157 0.00855262
threshold=53803.670000000006 228990.41500000001 45913.82442764016 144780.11000000002 3.1500000000000008 295920.01500000007 14621.525000000003 1.0500000000000003 26.450000000000003 308538.82500000007 100249.11000000002 -0.69057362043749781 1.1500000000000006 15.165000000000001 99329.573047919068 199997.13344393598 0.91473182600407299 -0.33426211444629356 106123.79642857144 1.3499999999999999 250046.20928571431 22.650000000000002 210154.06000000003 25.050000000000004 104616.00000000001
decision_type=8 2 2 2 2 8 2 2 2 2 2 2 10 2 2 2 10 2 2 8 2 2 10 2 2
left_child=2 3 6 8 -4 9 -1 15 10 20 11 -2 -12 -13 -15 19 -10 -18 24 22 21 -3 -5 -11 -19
right_child=1 5 4 7 -6 -7 -8 -9 16 23 12 13 -14 14 -16 -17 17 18 -20 -21 -22 -23 -24 -25 -26
leaf_value=-0.018107442303615457 -0.0034943079101768409 0.0065982497314160515 -0.0036017331829213579 0.0048686099408025091 -0.010077027169906575 0.010366572983886884 -0.014255915106953801 0.0003125208509819848 0.00011274387214273572 0.0075763794114248129 -0.00058457717002602296 -0.00096269621638514621 -0.0019749945042270194 -0.0012516568374953099 -0.0028755342098884282 0.0053335919349708338 -0.0015097496311434291 -0.00055701516109235984 -0.0011901115011240012 0.0028787359957704725 0.0075640862594757762 0.0047515604227781295 0.0033002777025103566 0.0089660765826702123 0.00025759399152145931
leaf_weight=67 21 32 22 21 22 68 73 20 27 88 39 20 22 20 39 21 21 20 37 22 27 24 20 69 25
leaf_count=67 21 32 22 21 22 68 73 20 27 88 39 20 22 20 39 21 21 20 37 22 27 24 20 69 25
internal_value=-6.33695e-05 0.00361446 -0.0140587 -5.29272e-05 -0.00699137 0.00830273 -0.0162145 0.00349074 -0.00132701 0.00767738 -0.00189633 -0.00236037 -0.00110981 -0.00201903 -0.0023551 0.00423488 -0.000612838 -0.000802294 -0.00060511 0.00379103 0.00652769 0.00590406 0.00420036 0.00824002 -0.000108693
internal_weight=887 703 184 395 44 308 140 104 291 240 161 100 61 79 59 84 130 103 82 63 83 56 41 157 45
internal_count=887 703 184 395 44 308 140 104 291 240 161 100 61 79 59 84 130 103 82 63 83 56 41 157 45
is_linear=0
shrinkage=0.03


Tree=45
num_leaves=23
num_cat=0
split_feature=1 6 35 3 24 24 31 6 6 7 3 2 10 39 40 36 20 26 15 6 7 22
split_gain=46.7519 12.557 2.79493 1.88201 0.38954 0.365529 0.362505 0.206069 0.194575 0.0849414 0.0541075 0.0513162 0.026806 0.0219871 0.0200859 0.019357 0.0157107 0.0154619 0.013645 0.0117501 0.0107397 0.00891473
threshold=76736.371820123415 137719.77142857146 35704.490000000013 249136.41500000004 3.1500000000000008 1.8500000000000003 295920.01500000007 14274.720714285717 87175.500000000015 203250.35756250002 309207.44000000006 104616.00000000001 0.9599300919224748 0.90759934066553904 0.3556992578498081 228452.05500000002 2.4499999999999997 11.050000000000002 0.1318557721318592 103277.73071428573 98435.250000000015 7.8500000000000005
decision_type=2 2 10 2 2 2 8 2 2 2 2 2 2 10 10 2 2 2 2 2 2 2
left_child=2 8 7 5 -4 9 10 -1 17 14 -5 12 20 -13 15 -3 -15 -2 -14 -20 -10 -18
right_child=1 3 4 6 -6 -7 -8 -9 11 -11 -12 13 18 16 -16 -17 21 -19 19 -21 -22 -23
leaf_value=-0.01773949790568579 -0.0024106112244012563 0.0051217342828485104 -0.0034321715602917331 0.0064161340508665614 -0.0095562029949256347 -3.5770559417349952e-05 0.010357027615680069 -0.014167486274242401 -0.0015138300711987538 0.0059295799548064161 0.0079075228823702551 0.00015808287504894125 -0.0016978555053679479 -0.0014419842063216491 0.0030144293946214019 0.0033821134284138677 -0.00092080310749224729 -0.0038535437660048837 -0.0011514165873124608 -0.00023859329105887031 -0.0026276763342320915 -0.00022418164745849443
leaf_weight=62 22 21 20 66 20 20 60 74 23 27 157 27 26 25 34 24 31 22 37 20 20 36
leaf_count=62 22 21 20 66 20 20 60 74 23 27 157 27 26 25 34 24 31 22 37 20 20 36
internal_value=-8.55601e-05 0.00340206 -0.0138582 0.0067782 -0.00665258 0.00368514 0.00813749 -0.0159135 -0.00138283 0.00438097 0.00749674 -0.00104449 -0.00146551 -0.000590214 0.0037842 0.00428763 -0.000809161 -0.00320168 -0.00112627 -0.000840764 -0.00207984 -0.0005553
internal_weight=874 698 176 409 40 126 283 136 289 106 223 245 126 119 79 45 92 44 83 57 43 67
internal_count=874 698 176 409 40 126 283 136 289 106 223 245 126 119 79 45 92 44 83 57 43 67
is_linear=0
shrinkage=0.03


Tree=46
num_leaves=24
num_cat=0
split_feature=6 6 14 3 18 40 2 41 2 2 6 30 4 10 23 6 40 23 2 40 5 39 4
split_gain=47.3579 11.8434 2.31466 1.6626 0.969446 0.339808 0.329047 0.281527 0.119444 0.0475823 0.0468856 0.0352947 0.0342415 0.0209236 0.0192152 0.015312 0.0191938 0.0136349 0.0122931 0.011231 0.0224223 0.00918569 0.00867151
threshold=77669.498166666672 159100.66357142859 -0.50462962837920111 234018.01000000004 19.100000000000005 0.32576989992074662 333481.62000000005 1.1871705321786943 104355.00000000001 208344.51000000004 91178.64285714287 5711.9047619047624 421481.40500000009 0.9599300919224748 2.5500000000000012 100467.85928571429 0.28176915331181213 5.5500000000000016 84705.000000000015 0.3556992578498081 195478.68000000002 0.96313422123905934 330331.60000000003
decision_type=2 2 2 2 2 10 2 10 2 2 2 2 2 2 10 2 10 10 2 10 2 10 2
left_child=2 8 4 7 -1 -4 22 9 10 19 18 14 -8 -12 -10 -15 -17 21 -2 20 -3 -16 -5
right_child=1 3 5 6 -6 -7 12 -9 11 -11 13 -13 -14 15 17 16 -18 -19 -20 -21 -22 -23 -24
leaf_value=-0.012494444319835075 -0.0031604765611700711 0.0049541048502380197 -0.020381854308976068 0.0065319349223207073 -0.0051765849483622747 -0.015088996431941904 0.0084294393370228423 0.00032721224640096935 -0.0015147766864375342 0.0055600229695468443 -0.0020180615273267524 0.00021176370953281337 0.010407764081444058 -0.000397742734269493 -0.00067177237735854248 -0.00061417573272982344 -0.0018431039656388746 -0.00121904933425997 -0.0019155454462055454 0.0028758423833642154 0.0031657868259935638 0.00013903844112064689 0.0079216751234756928
leaf_weight=38 23 21 26 123 32 85 92 20 28 24 37 38 41 21 26 20 31 20 21 23 23 23 36
leaf_count=38 23 21 26 123 32 85 92 20 28 24 37 38 41 21 26 20 31 20 21 23 23 23 36
internal_value=-0.000152881 0.00342863 -0.0137696 0.00674254 -0.00926916 -0.0164997 0.00793217 0.00357019 -0.00121584 0.00427163 -0.00178771 -0.000559343 0.00911242 -0.00143012 -0.000860505 -0.00110448 -0.00138225 -0.000577157 -0.00262208 0.00373514 0.00411043 -0.000296019 0.00689414
internal_weight=872 691 181 403 70 111 292 111 288 91 153 135 133 109 97 72 51 69 44 67 44 49 159
internal_count=872 691 181 403 70 111 292 111 288 91 153 135 133 109 97 72 51 69 44 67 44 49 159
is_linear=0
shrinkage=0.03


Tree=47
num_leaves=24
num_cat=0
split_feature=6 2 1 6 22 25 3 2 13 29 2 31 7 2 26 25 9 1 6 2 40 11 19
split_gain=42.3401 10.8638 3.00208 1.73503 0.27297 0.270597 0.263538 0.13994 0.0819532 0.0419207 0.0349459 0.0289436 0.0371024 0.0236259 0.0210274 0.0171485 0.0143205 0.0150332 0.00848403 0.00775845 0.0072969 0.00677179 0.000248692
threshold=77669.498166666672 246495.60000000003 41017.691902905754 137719.77142857146 6.950000000000002 15.905000000000003 390720.89500000008 95756.175000000003 2.5000000000000004 5035.0000000000009 85830.000000000015 183891.98000000004 199997.13344393598 305819.13000000006 7.9500000000000011 20.150000000000002 1.0815057899861691 101155.45024875623 104299.42857142858 109253.00000000001 0.28348312628821698 2.5000000000000004 22.850000000000005
decision_type=2 2 2 2 2 2 2 2 2 10 2 8 2 2 2 2 2 2 2 2 10 2 2
left_child=2 3 8 7 -5 -4 13 10 -1 14 -2 -6 20 22 -9 16 17 -16 -19 -17 -13 -12 -3
right_child=1 6 5 4 11 -7 -8 9 -10 -11 21 12 -14 -15 15 19 -18 18 -20 -21 -22 -23 -24
leaf_value=-0.017358141470214597 -0.0031121242501669457 0.0067332871591574261 -0.0038753223006746601 -6.3634371118886132e-05 0.0025936895784252553 -0.0084790753615088758 0.00967461464102151 -5.5152184462973047e-06 -0.014103066310286521 0.00018831800624656561 -0.0012392263805108647 0.0041951748508621337 0.0052610754804766693 0.0074914263671994694 -0.00035435647161317647 -0.00090830571887116603 -0.0019471182941924782 -0.0017559178720694035 -0.00087097551981202054 -0.00014753276568270571 0.003028742867597454 -0.0020398342935368419 0.0050990404690737304
leaf_weight=45 26 37 20 20 23 39 60 20 79 38 25 21 22 180 21 27 23 23 23 22 36 29 22
leaf_count=45 26 37 20 20 23 39 60 20 79 38 25 21 22 180 21 27 23 23 23 22 36 29 22
internal_value=4.72115e-05 0.0034176 -0.0127569 0.000174157 0.00314044 -0.00700908 0.00773081 -0.00113889 -0.0154138 -0.000702876 -0.00219065 0.00376321 0.00406703 0.00720455 -0.000915711 -0.0010457 -0.001292 -0.00104178 -0.00134139 -0.000576516 0.0035234 -0.00169845 0.00621905
internal_weight=881 698 183 399 122 59 299 277 124 197 80 102 79 239 159 139 90 67 46 49 57 54 59
internal_count=881 698 183 399 122 59 299 277 124 197 80 102 79 239 159 139 90 67 46 49 57 54 59
is_linear=0
shrinkage=0.03


Tree=48
num_leaves=22
num_cat=0
split_feature=36 4 2 2 31 10 30 2 4 13 23 31 7 9 8 27 26 14 2 8 18
split_gain=41.128 10.332 2.15596 1.49133 0.369671 0.346026 0.221603 0.0902801 0.0752079 0.0435778 0.0360713 0.0359619 0.0355241 0.025596 0.0241357 0.0207121 0.0189527 0.0216056 0.0150159 0.0125316 0.0111265
threshold=55316.07416666668 228990.41500000001 19571.070000000003 144780.11000000002 295920.01500000007 1.0067897991639467 21056.597142857147 305819.13000000006 102621.15000000001 2.5000000000000004 2.8500000000000001 90825.000000000015 199997.13344393598 0.89570256214661959 0.99147826357619184 106.00000000000001 9.9500000000000011 0.91248814248966237 449242.82500000001 0.97139966905852526 30.950000000000003
decision_type=2 2 2 2 8 2 2 2 2 2 8 10 2 2 2 10 2 2 2 2 2
left_child=2 3 9 8 7 -4 12 13 10 -1 11 -2 20 -3 -10 16 -16 -18 -6 -13 -5
right_child=1 4 5 6 18 -7 -8 -9 14 -11 -12 19 -14 -15 15 -17 17 -19 -20 -21 -22
leaf_value=-0.016715659538904824 -0.0025672424992823854 0.004151082018922482 -0.0094432479085830544 0.0036310366564430295 0.0084758509529961473 -0.0043140681472141297 0.00031545480543916876 0.0071768663962424361 -0.001283512707275804 -0.013733797288802732 -0.00082143927991497681 -0.0019160212229937315 0.0048445095179172658 0.0060506563600810134 1.1517605756956113e-05 0.0001816260674483298 -0.0016301715965696181 -0.00030041878277968081 0.010997422960671511 -0.00095977349241045033 0.0023945604311302305
leaf_weight=44 46 20 38 35 53 21 21 158 39 82 38 24 25 50 22 35 25 20 21 33 20
leaf_count=44 46 20 38 35 53 21 21 158 39 82 38 24 25 50 22 35 25 20 21 33 20
internal_value=-0.000150802 0.00324192 -0.0126629 -3.27066e-05 0.00738124 -0.00771994 0.00307745 0.00671126 -0.00115357 -0.0148985 -0.00164246 -0.00193455 0.00378963 0.00557403 -0.000656552 -0.000406697 -0.000712182 -0.00105855 0.00932852 -0.0013885 0.0032322
internal_weight=870 685 185 383 302 59 101 228 282 126 141 103 80 70 141 102 67 45 74 57 55
internal_count=870 685 185 383 302 59 101 228 282 126 141 103 80 70 141 102 67 45 74 57 55
is_linear=0
shrinkage=0.03


Tree=49
num_leaves=26
num_cat=0
split_feature=35 3 1 4 31 25 25 9 19 23 32 13 8 7 19 15 6 2 1 4 9 4 40 19 25
split_gain=38.234 10.0445 1.97833 1.47843 0.271846 0.257337 0.211613 0.126415 0.0948152 0.0907006 0.0721981 0.06544 0.054301 0.0434661 0.0322906 0.0266212 0.0262071 0.0188935 0.0156627 0.013934 0.0268202 0.0105819 0.00667391 0.00610088 0.0057674
threshold=53803.670000000006 234018.01000000004 41017.691902905754 127097.29500000001 295920.01500000007 16.515000000000004 17.025000000000002 0.85136992680892598 25.050000000000004 2.8500000000000001 55435.215119047622 2.5000000000000004 0.99147826357619184 169949.06174948244 20.950000000000003 0.10623888086365087 106155.89285714287 292777.1750000001 101155.45024875623 103062.89000000001 1.0481691871389744 186598.67500000002 0.37602070900315082 25.750000000000004 18.395000000000003
decision_type=8 2 2 2 8 2 2 2 2 8 2 2 2 2 2 2 2 2 2 2 2 2 10 2 2
left_child=2 3 11 7 8 -4 -5 -2 14 12 -11 -1 18 -8 -3 16 -12 -16 -9 20 -14 -15 -23 -18 -17
right_child=1 4 5 6 -6 -7 13 9 -10 10 15 -13 19 21 17 24 23 -19 -20 -21 -22 22 -24 -25 -26
leaf_value=-0.016246492342746003 -0.0029500172787811606 0.0067327301446348424 -0.0042424149330638882 3.9688015113706175e-05 0.0090977469696239977 -0.0089659901497725503 0.0020446078364665691 -0.0030513220323648833 0.0077250456645504223 0.0011813919090623544 -0.0016326746305941405 -0.01326772193592715 -0.00068325104406103494 0.0028655888552644422 0.0042407350268214936 0.00028352868211056504 -0.0008480160450562834 0.0058926651649212894 -0.0016943372337316924 -0.00060238586470452563 -0.0021764093163338574 0.0033788743375043847 0.0046637237004258413 -0.00010957297170534729 -0.00041989294180114353
leaf_weight=46 31 79 20 22 65 31 25 20 76 21 34 82 24 27 24 20 20 51 21 37 21 31 21 20 20
leaf_count=46 31 79 20 22 65 31 25 20 76 21 34 82 24 27 24 20 20 51 21 37 21 31 21 20 20
internal_value=-9.79449e-05 0.00302903 -0.0124489 1.75537e-05 0.00725113 -0.00723082 0.00271681 -0.0011646 0.00669214 -0.000939506 -0.000397985 -0.0144559 -0.00152586 0.00327735 0.00613584 -0.000696666 -0.00103004 0.0054268 -0.00241317 -0.00105847 -0.00141222 0.00363703 0.00397596 -0.000490472 -6.98451e-05
internal_weight=889 710 179 415 295 51 126 289 230 258 135 128 123 104 154 114 74 75 41 82 45 79 52 40 40
internal_count=889 710 179 415 295 51 126 289 230 258 135 128 123 104 154 114 74 75 41 82 45 79 52 40 40
is_linear=0
shrinkage=0.03


Tree=50
num_leaves=26
num_cat=0
split_feature=6 4 14 6 5 33 40 35 32 2 2 40 13 2 36 23 29 22 27 4 32 6 40 36 32
split_gain=35.376 9.88583 2.34025 1.14074 0.771036 0.380102 0.29318 0.277229 0.265946 0.104111 0.09223 0.0364758 0.0313289 0.0288678 0.0279159 0.0257424 0.0444232 0.0199429 0.0140184 0.0135412 0.00853393 0.00836531 0.0069606 0.00364793 0.00295815
threshold=77669.498166666672 228990.41500000001 -0.54849021228983297 124269.28333333334 51479.845000000008 25476.000000000004 0.32576989992074662 419491.63000000006 2510.7992857142863 308538.82500000007 94913.000000000015 0.3556992578498081 3.5000000000000004 110146.79500000003 289617.6158333334 2.4499999999999997 1083.0000000000002 10.950000000000003 106.00000000000001 90131.000000000015 114143.62571428572 102446.21083333336 0.17690680034940234 110569.5335714286 220421.74511904764
decision_type=2 2 2 2 2 10 10 8 2 2 2 8 2 2 2 10 10 2 10 2 2 2 10 2 2
left_child=2 3 4 10 8 11 -4 9 -1 14 17 24 -11 15 -3 16 22 19 20 -2 -15 -17 -12 -23 -5
right_child=1 7 6 5 -6 -7 -8 -9 -10 12 13 -13 -14 18 -16 21 -18 -19 -20 -21 -22 23 -24 -25 -26
leaf_value=-0.006332251080735163 -0.0021535997029590924 0.0040331736300140619 -0.018385098461921399 0.0043340933918952947 -0.0026267990717579693 -0.0011962457999054874 -0.013436473374255001 0.0093502827539392128 -0.011263776368328503 0.0061153286917885732 -0.0012391875311732292 0.0025139473436393018 0.0074456047555804252 -0.001010119974380359 0.0058909189123660319 -8.4122407429926418e-05 -0.0024395150316055287 -0.0028108004027086755 0.00024955819309171703 -0.0011048683081545667 -0.00020752563931567309 -0.0011296780806566986 -0.00049018847689764628 -0.00055666406289674338 0.0031366992908962335
leaf_weight=21 25 21 25 29 21 20 79 45 34 66 23 39 124 23 54 20 25 22 26 27 25 20 25 27 20
leaf_count=21 25 21 25 29 21 20 79 45 34 66 23 39 124 23 54 20 25 22 26 27 25 20 25 27 20
internal_value=-1.25462e-05 0.00301716 -0.0118467 -0.000126292 -0.00767963 0.00248927 -0.0147898 0.00702016 -0.00952753 0.00659082 -0.00111235 0.00333091 0.00701795 -0.000790185 0.00543066 -0.00104248 -0.00143125 -0.00202104 -0.00030534 -0.00164019 -0.000604868 -0.000604065 -0.000867049 -0.000818955 0.00391787
internal_weight=886 706 180 396 76 108 104 310 55 265 288 88 190 214 75 140 73 74 74 52 48 67 48 47 49
internal_count=886 706 180 396 76 108 104 310 55 265 288 88 190 214 75 140 73 74 74 52 48 67 48 47 49
is_linear=0
shrinkage=0.03


Tree=51
num_leaves=24
num_cat=0
split_feature=36 1 2 40 33 7 32 23 8 27 28 13 2 3 1 25 14 14 27 5 1 14 36
split_gain=32.9545 8.73274 1.28116 0.942711 0.409458 0.304021 0.174125 0.109226 0.101593 0.086595 0.0838968 0.0546226 0.0446664 0.0352144 0.0342604 0.0341197 0.0321161 0.0176904 0.0124802 0.0118916 0.0109324 0.00631737 0.00231562
threshold=40798.559166666673 187279.05796007899 246495.60000000003 0.53292757618129827 20848.800000000003 417739.49173913052 135110.25750000004 2.6500000000000008 1.0032676015027446 24367.000000000004 1289.7666666666669 2.5000000000000004 329877.50000000006 103429.50000000001 101038.55732578917 15.105000000000002 0.54488935974326758 0.32917936166072764 16067.500000000002 106738.63500000002 100602.37245966899 -0.51940496556100924 115483.95285714287
decision_type=2 2 2 8 10 2 2 8 2 8 2 2 2 2 2 2 2 2 10 2 2 2 2
left_child=3 6 4 11 9 12 7 8 14 18 13 -1 -4 -9 16 -10 -2 -17 -3 20 -15 -16 -21
right_child=1 2 5 -5 -6 -7 -8 10 15 -11 -12 -13 -14 19 21 17 -18 -19 -20 22 -22 -23 -24
leaf_value=-0.015356259561599568 -0.003804571388966658 0.0036713039875030514 0.005840974157986541 -0.0077047228549296659 -0.00062684320399294729 0.0093165776065804728 0.0016274609662713887 -0.0017041357255396274 -0.00011235750799338954 0.0054689413961023087 0.0011239039905442041 -0.012500330901145934 0.0070041309751866154 0.0003782441570157451 -0.0020317763859533113 -0.0020112541238527879 -0.0019821134497128102 -0.00073873980527581725 0.0025162415226389254 -0.0010783023194276859 -0.00056917243136052527 -0.001152124065390256 -0.00056421752087771899
leaf_weight=46 21 37 134 35 22 43 22 28 35 25 24 74 106 20 21 20 22 22 27 20 22 20 20
leaf_count=46 21 37 134 35 22 43 22 28 35 25 24 74 106 20 21 20 22 22 27 20 22 20 20
internal_value=7.3837e-05 0.00280991 0.00578644 -0.0124144 0.00301553 0.00685881 -0.000896184 -0.00108925 -0.00161392 0.00391285 -0.000451578 -0.013713 0.00638163 -0.000802349 -0.00233156 -0.000811182 -0.00293839 -0.00137738 0.00323022 -0.000477599 -0.000119717 -0.00164033 -0.000841291
internal_weight=866 711 394 155 111 283 317 295 161 89 134 120 240 110 84 77 43 42 64 82 42 41 40
internal_count=866 711 394 155 111 283 317 295 161 89 134 120 240 110 84 77 43 42 64 82 42 41 40
is_linear=0
shrinkage=0.03


Tree=52
num_leaves=24
num_cat=0
split_feature=6 4 35 3 35 11 39 35 40 10 30 11 2 39 3 18 37 22 11 22 17 29 41
split_gain=30.4664 8.34291 2.05351 0.595989 0.503236 0.470984 0.197571 0.182298 0.106506 0.0854879 0.0505299 0.042223 0.0354152 0.0343225 0.027951 0.0199054 0.0130553 0.0107472 0.00763005 0.0128702 0.0119419 0.00856488 0.00128231
threshold=77669.498166666672 186598.67500000002 35704.490000000013 280969.20000000007 166611.07000000004 2.5000000000000004 0.30178790070322031 429495.05499999999 0.44015257802669933 0.90219792070356231 7580.0000000000009 5.5000000000000009 334673.70000000013 0.8992077547514955 95700.000000000015 30.950000000000003 0.090207754198070506 11.250000000000004 3.5000000000000004 7.4000000000000004 27.350000000000005 1173.5000000000002 1.2112000422968736
decision_type=2 2 10 2 10 2 10 8 8 2 2 2 2 10 2 2 10 2 2 2 2 10 8
left_child=2 4 6 8 9 -4 -1 12 15 -2 -6 13 22 -11 -15 -3 -10 18 19 -16 -21 -20 -5
right_child=1 3 5 7 10 -7 -8 -9 16 11 -12 -13 -14 14 17 -17 -18 -19 21 20 -22 -23 -24
leaf_value=-0.010640677106380463 -0.0024117143077121393 0.0035733891852820911 -0.0019023528424176302 0.0062042061375130126 0.0033164283112906241 -0.0079628438436027075 -0.01392994621921988 0.0090037332918192891 0.006052815711924008 0.00032171520559738079 0.0012606346685439349 -0.0018240940482688269 0.0070816371458899841 -0.001551223387426804 -0.001162981796587701 0.0021594317219304766 0.0043886927198115225 -0.0012556000293063169 -0.00059116722305837101 -0.00074503158483738919 0.0001635155916764316 0.00025760923296080105 0.0050497742985087246
leaf_weight=49 36 35 21 91 22 27 84 36 20 26 24 34 90 38 31 21 36 21 21 32 21 20 37
leaf_count=49 36 35 21 91 22 27 84 36 20 26 24 34 90 38 31 21 36 21 21 32 21 20 37
internal_value=3.94479e-05 0.00290818 -0.010884 0.00601059 -0.000582623 -0.00540431 -0.0128066 0.00682449 0.00412071 -0.00106161 0.00229348 -0.000853379 0.00642515 -0.000688316 -0.000832005 0.00309034 0.00507879 -0.000635532 -0.000522222 -0.000684754 -0.00038868 -0.000180854 0.00591224
internal_weight=873 692 181 366 326 48 133 254 112 280 46 244 218 210 184 56 56 146 125 84 53 41 128
internal_count=873 692 181 366 326 48 133 254 112 280 46 244 218 210 184 56 56 146 125 84 53 41 128
is_linear=0
shrinkage=0.03


Tree=53
num_leaves=29
num_cat=0
split_feature=6 6 14 4 17 40 35 33 2 15 28 19 14 8 4 29 33 10 17 13 6 5 30 25 28 40 10 19
split_gain=29.6288 7.72043 1.7804 1.1155 0.584515 0.371531 0.305214 0.227931 0.0846801 0.0572978 0.048921 0.0435487 0.0419683 0.03938 0.0349816 0.0263564 0.0260274 0.0250623 0.0229867 0.0137494 0.0113699 0.0107639 0.010735 0.00924447 0.00886691 0.00866201 0.00810185 0.0079662
threshold=77669.498166666672 137719.77142857146 -0.53402660245708555 240747.03500000003 16.350000000000005 0.32576989992074662 415986.86000000004 25476.000000000004 102795.00000000001 -0.065537083312030994 30034.642857142859 6.6500000000000012 -0.064461972558210262 0.95149859379857471 89273.000000000015 5391.7200000000012 7865.5000000000009 1.0298096786473694 26.950000000000003 10.500000000000002 194366.30654761908 106738.63500000002 6511.3978571428579 15.745000000000003 42553.30523809525 0.80399507131538483 1.1335021539432446 24.050000000000004
decision_type=2 2 2 2 2 10 8 10 2 2 2 2 2 2 2 10 10 2 2 2 2 2 2 2 2 10 2 2
left_child=2 8 4 7 11 -4 9 16 13 -5 27 -1 -7 19 -15 18 22 23 21 -2 -18 -10 -3 -16 -12 -20 -17 -11
right_child=1 3 5 6 -6 12 -8 -9 15 10 24 -13 -14 14 17 26 20 -19 25 -21 -22 -23 -24 -25 -26 -27 -28 -29
leaf_value=-0.010271819472312926 -0.0028028584601214298 0.0033625869566781654 -0.017159582410867399 0.0067922065404520645 -0.0034880962186226885 -0.0093769698590040196 0.0087466233905325545 6.9462935561719153e-05 -0.0007812123910116497 0.0034702041245658287 0.0060843654686259562 -0.0071361519875270977 -0.012778919913595723 -0.0020743365056716417 -0.00070433062741358298 0.0005334534289847527 0.0032315869789038385 8.5968587497648391e-05 -1.230859209317714e-05 -0.0015899666809392244 0.0048316910330738335 -0.0017626836959275154 0.0021676100822894469 -0.0016024116321932524 0.004640939793549478 -0.00072341414554764265 -0.00030067226284050515 0.0049924678876149386
leaf_weight=29 25 26 25 73 27 20 46 22 23 21 102 20 61 28 23 20 20 20 29 21 20 22 22 23 24 32 20 21
leaf_count=29 25 26 25 73 27 20 46 22 23 21 102 20 61 28 23 20 20 20 29 21 20 22 22 23 24 32 20 21
internal_value=-0.000158281 0.00271048 -0.01088 0.00541251 -0.00721663 -0.0134146 0.00639794 0.00280695 -0.00104603 0.00591535 0.0054964 -0.00916028 -0.0120635 -0.00157139 -0.00119697 -0.000534996 0.00348285 -0.00079935 -0.00078068 -0.00229476 0.00412997 -0.00128893 0.0028703 -0.00117791 0.00584813 -0.000390999 0.000119229 0.00432974
internal_weight=865 683 182 397 76 106 287 110 286 241 168 49 81 140 94 146 88 66 106 46 40 45 48 46 126 61 40 42
internal_count=865 683 182 397 76 106 287 110 286 241 168 49 81 140 94 146 88 66 106 46 40 45 48 46 126 61 40 42
is_linear=0
shrinkage=0.03


Tree=54
num_leaves=26
num_cat=0
split_feature=35 4 14 2 18 25 6 41 40 11 3 36 2 9 25 26 4 37 17 35 1 8 2 23 25
split_gain=27.2842 7.37367 1.42566 1.07682 0.707719 0.415875 0.232041 0.230556 0.144271 0.0849663 0.0787695 0.0659627 0.071609 0.0352175 0.0294945 0.0224635 0.0206219 0.0204109 0.0160601 0.0131205 0.0123407 0.00928447 0.00860144 0.00767329 0.00654066
threshold=53803.670000000006 228990.41500000001 -0.53402660245708555 144780.11000000002 19.950000000000003 18.970000000000002 418441.30285714293 1.1497289925753924 0.3486930571423929 5.5000000000000009 312991.44500000007 58326.840357142864 102795.00000000001 0.85136992680892598 18.100000000000005 10.750000000000002 116956.56500000002 0.11608065149738189 26.550000000000004 105840.00000000001 194363.14292467953 0.99361030404777517 305819.13000000006 5.4500000000000002 19.805000000000003
decision_type=8 2 2 2 2 2 2 10 10 2 2 2 2 2 2 2 2 10 2 10 2 2 2 8 2
left_child=2 3 4 9 -1 8 10 15 -4 11 17 -2 13 -13 -8 -5 18 22 -14 21 -17 -15 -3 24 -20
right_child=1 6 5 7 -6 -7 14 -9 -10 -11 -12 12 16 19 -16 20 -18 -19 23 -21 -22 -23 -24 -25 -26
leaf_value=-0.0099299232512712471 0.00088573594062056919 0.0046654891188566885 -0.016438386943191288 0.0025558671038094405 -0.0038589502708720308 -0.0091146568634450954 0.0067143039618219645 -0.00028298567980527878 -0.01220493568930515 -0.0022816809925260144 0.0062378640384088413 -0.0024442006993922404 -0.0010791391390375792 -0.0017005086471200794 0.0097355716781956803 0.0030889159778197265 0.00050291064993611412 0.0037942682435879336 0.00031598798981260346 -0.00060993283038602805 0.0045217573376638547 -0.00089966295914824246 0.0060956865788570468 -0.00073598877039991999 -0.00036698749725474041
leaf_weight=39 20 44 31 36 34 28 20 20 42 36 171 23 32 36 20 28 20 25 22 33 20 27 27 21 27
leaf_count=39 20 44 31 36 34 28 20 20 42 36 171 23 32 36 20 28 20 25 22 33 20 27 27 21 27
internal_value=5.18589e-05 0.00267026 -0.0105567 -1.09949e-05 -0.00719271 -0.0128938 0.00616116 0.00260152 -0.0142005 -0.000931476 0.00579175 -0.000737243 -0.000875033 -0.0013959 0.00842555 0.00328356 -0.000359757 0.004941 -0.000532148 -0.00112214 0.00376603 -0.00137671 0.00528648 -0.000270418 -6.01585e-05
internal_weight=882 708 174 401 73 101 307 104 73 297 267 261 241 119 40 84 122 96 102 96 48 63 71 70 49
internal_count=882 708 174 401 73 101 307 104 73 297 267 261 241 119 40 84 122 96 102 96 48 63 71 70 49
is_linear=0
shrinkage=0.03


Tree=55
num_leaves=24
num_cat=0
split_feature=1 6 14 3 17 40 27 31 6 7 11 31 2 9 23 32 31 14 13 6 26 29 2
split_gain=26.9826 7.01513 1.48964 1.01892 0.528741 0.252471 0.242109 0.204811 0.104604 0.0857236 0.0509904 0.0440044 0.0417012 0.0266002 0.0213237 0.0180403 0.0218104 0.0159741 0.0152855 0.0135803 0.0116592 0.00768873 0.00502044
threshold=76736.371820123415 159100.66357142859 -0.53402660245708555 249136.41500000004 14.65 0.32774695699334572 27980.000000000004 341480.18000000005 104299.42857142858 203250.35756250002 5.5000000000000009 144050.00000000003 324082.51000000007 0.92362371024281087 2.9499999999999997 53891.069285714293 101390.00000000001 0.68037272099988588 10.500000000000002 188341.38785714289 13.550000000000002 1129.5000000000002 277647.83500000008
decision_type=2 2 2 2 2 10 10 8 2 2 2 10 2 2 10 2 10 2 2 2 2 10 2
left_child=2 8 4 6 -1 -4 9 12 10 19 13 14 22 18 17 -15 -17 -10 -2 -3 -16 -18 -5
right_child=1 3 5 7 -6 -7 -8 -9 11 -11 -12 -13 -14 15 20 16 21 -19 -20 -21 -22 -23 -24
leaf_value=-0.0095595741835800378 -0.0023799981374759225 0.0020769446574408429 -0.015917493849992751 0.0040835064374234366 -0.0041988376411609346 -0.011572518657857574 -0.00028607168683915266 0.00843927342551095 -0.0015474830193445085 0.0050049255593963282 -0.0028186424300921235 0.00094920471443661614 0.0062217370335660551 -0.00011642875116584555 0.0002265324926173145 -0.0017350532807176933 -0.00022448093364281315 -0.00046937285810210079 -0.001175719217382088 0.0031431964187081467 -0.00057208604983646761 -0.001043047721436976 0.0053755076171964709
leaf_weight=36 23 28 27 22 35 78 20 34 24 22 21 20 137 20 32 31 20 27 22 42 32 22 96
leaf_count=36 23 28 27 22 35 78 20 34 24 22 21 20 137 20 32 31 20 27 22 42 32 22 96
internal_value=-7.69604e-05 0.00258286 -0.0105355 0.00515874 -0.00701198 -0.0128294 0.00269464 0.0061011 -0.000936075 0.00333873 -0.00145527 -0.000318379 0.0057576 -0.00122901 -0.00054511 -0.000922031 -0.00113819 -0.000996721 -0.0018296 0.00275196 -0.000175435 -0.000667539 0.00517097
internal_weight=871 695 176 401 71 105 112 289 294 92 159 135 255 138 115 93 73 51 45 70 64 42 118
internal_count=871 695 176 401 71 105 112 289 294 92 159 135 255 138 115 93 73 51 45 70 64 42 118
is_linear=0
shrinkage=0.03


Tree=56
num_leaves=26
num_cat=0
split_feature=31 6 40 3 5 31 31 6 26 6 7 13 8 32 33 14 23 32 40 8 14 26 26 1 6
split_gain=25.9774 6.49831 1.0097 0.912151 0.226976 0.205247 0.14821 0.103354 0.102212 0.0624368 0.058974 0.0327098 0.0281853 0.0237189 0.0224143 0.0215631 0.0139194 0.0195149 0.0103189 0.00831655 0.00736058 0.0126463 0.00818464 0.00395905 0.00370631
threshold=12575.385000000002 159100.66357142859 0.53292757618129827 283562.38500000007 293065.92500000005 341480.18000000005 51561.735000000008 95916.785714285725 15.550000000000002 119548.51238095239 309892.10020000004 2.5000000000000004 1.005462360090988 2463.6316666666671 10841.000000000002 -0.5627915150444055 4.0500000000000016 110888.02857142859 0.28348312628821698 0.95485552771030902 0.68037272099988588 10.350000000000003 14.250000000000002 196939.2891600577 304750.33928571432
decision_type=8 2 8 2 2 8 10 2 2 2 2 2 2 2 10 2 8 2 10 2 2 2 2 2 2
left_child=2 6 11 4 8 10 -2 15 14 12 24 -1 16 -4 18 -8 17 -9 -3 -17 21 -14 -23 -16 -5
right_child=1 3 13 5 -6 -7 7 9 -10 -11 -12 -13 20 -15 23 19 -18 -19 -20 -21 -22 22 -24 -25 -26
leaf_value=-0.013189267839523072 0.0015746350136949965 0.0031767739062862738 -0.0050832274276763198 0.004017687403512272 0.00014361902902072126 0.0082335079174775342 -0.0028038722117032324 -0.0013006078612913066 0.0053693437390029426 0.00080936184972524642 0.0060356173750791111 -0.010818624237069375 -8.4134920849464827e-05 -0.0073323705536313347 0.0029340608055437251 -0.0019887734658044316 -0.0017187580248461136 -0.00012503238777363939 0.0020920311768228808 -0.0010917025148060369 -0.00011684620645470343 -0.001360507516656071 -0.00050459418892506106 0.004189918517534222 0.0052034209510311482
leaf_weight=46 22 20 23 32 21 38 20 35 23 24 163 80 24 23 20 22 30 20 35 25 38 21 22 20 39
leaf_count=46 22 20 23 32 21 38 20 35 23 24 163 80 24 23 20 22 30 20 35 25 38 21 22 20 39
internal_value=6.04959e-05 0.00258439 -0.010371 0.00503719 0.00302609 0.00605007 -0.000748299 -0.000935105 0.00353356 -0.000607871 0.00566196 -0.0117811 -0.00079019 -0.00633988 0.0030378 -0.00195599 -0.00119452 -0.000882992 0.00253617 -0.00154429 -0.000454691 -0.000641768 -0.000944019 0.00364887 0.00473223
internal_weight=886 714 172 411 139 272 303 281 118 214 234 126 190 46 95 67 85 55 55 47 105 67 43 40 71
internal_count=886 714 172 411 139 272 303 281 118 214 234 126 190 46 95 67 85 55 55 47 105 67 43 40 71
is_linear=0
shrinkage=0.03


Tree=57
num_leaves=23
num_cat=0
split_feature=6 6 14 2 18 40 25 6 7 2 41 6 10 2 40 41 31 18 35 7 6 5
split_gain=23.6201 5.90273 1.56074 0.909504 0.670239 0.242002 0.226765 0.136419 0.065777 0.0615129 0.0591169 0.0537163 0.0341708 0.0242867 0.0219511 0.0190599 0.0145629 0.00983681 0.00971362 0.00971035 0.00936266 0.0011736
threshold=77669.498166666672 144594.87821428574 -0.50462962837920111 277647.83500000008 19.100000000000005 0.30727547480925671 16.000000000000004 433464.23042857152 199997.13344393598 110146.79500000003 0.891290864918309 87175.500000000015 0.91703994496258734 334673.70000000013 0.27725708521005243 0.26417265735067647 54178.12000000001 32.45000000000001 106195.00000000001 104026.89120370372 101242.1054761905 312301.00000000006
decision_type=2 2 2 2 2 10 2 2 2 2 10 2 2 2 10 10 10 2 10 2 2 2
left_child=2 9 4 6 -1 -4 -3 13 14 11 -10 -2 -13 21 -8 17 -14 -11 20 -20 -18 -5
right_child=1 3 5 7 -6 -7 8 -9 10 15 -12 12 16 -15 -16 -17 18 -19 19 -21 -22 -23
leaf_value=-0.0091613918192246374 -0.0021927201699997695 -7.8780686228790061e-05 -0.015796245591981069 0.0045905181508333909 -0.0030667954406567981 -0.011154217242166914 0.0033980307420310766 0.008038453922740052 0.0027593665895983576 -0.00094033472980795932 0.0050313856833118708 -0.0020317497876073632 -1.0209520842181518e-05 0.006049111535506589 0.0020736783021671136 0.00051282610112269016 -0.0014680842853918232 -9.5353858778253188e-05 -0.00021839154435188642 -0.00092464116784915528 -0.00066583210266091752 0.0054781860768795005
leaf_weight=33 34 21 20 62 34 86 22 27 23 21 30 20 22 104 42 27 33 29 34 37 26 74
leaf_count=33 34 21 20 62 34 86 22 27 23 21 30 20 22 104 42 27 33 29 34 37 26 74
internal_value=-1.43663e-05 0.0024798 -0.00989059 0.00479825 -0.00615919 -0.0121695 0.00278984 0.00582202 0.00330102 -0.000843338 0.00411477 -0.00111265 -0.000887711 0.00554035 0.0025742 -0.000117806 -0.000724884 -0.000461725 -0.000844827 -0.000594168 -0.00113154 0.00510998
internal_weight=861 688 173 405 67 106 138 267 117 283 53 206 172 240 64 77 152 50 130 71 59 136
internal_count=861 688 173 405 67 106 138 267 117 283 53 206 172 240 64 77 152 50 130 71 59 136
is_linear=0
shrinkage=0.03


Tree=58
num_leaves=26
num_cat=0
split_feature=35 4 19 6 8 15 1 32 31 6 40 25 11 28 4 30 41 19 8 31 23 8 40 22 15
split_gain=21.8508 5.76766 1.08424 0.801943 0.490883 0.230388 0.21422 0.0982917 0.0683509 0.0637261 0.0529549 0.0437435 0.0336766 0.0369276 0.0285707 0.0346223 0.0238349 0.0215484 0.0288292 0.0158239 0.0117265 0.00717036 0.00587213 0.00351691 0.00301711
threshold=53803.670000000006 228990.41500000001 9.3000000000000025 137719.77142857146 1.0228245421259785 0.19969739736768838 369414.50583624718 3460.5842857142861 52687.405000000006 92615.833333333358 0.33785649237102761 20.295000000000005 5.5000000000000009 1710.1428571428573 186598.67500000002 6330.2329761904775 1.2414193998657084 22.950000000000003 0.99147826357619184 89880.000000000015 4.0500000000000016 1.0000861515454025 0.32002321081464524 10.250000000000002 -0.11692317777808843
decision_type=8 2 2 2 2 2 2 2 10 2 8 2 2 2 2 2 10 2 2 10 10 2 10 2 2
left_child=2 3 7 8 -4 -5 10 -1 -2 19 -3 -8 13 17 15 -7 24 18 -11 -10 -19 -22 -16 -20 -12
right_child=1 6 4 5 -6 14 11 -9 9 12 16 -13 -14 -15 22 -17 -18 20 23 -21 21 -23 -24 -25 -26
leaf_value=-0.0091071575718081506 0.00082756655777550554 0.003491688536305446 -0.0026909736743004156 -0.00072405991942754808 -0.008906003895348737 0.002948634305170604 0.0060778282731771462 -0.011746178253228406 -0.0024000653938024441 -0.0017824627948744643 0.0059217801854452665 0.0082120385995277986 -0.0015812463392092682 0.00061632573467001995 0.0025610294226895676 0.0011128882318735124 0.0040292899921270352 2.8544731260473395e-05 -0.00026053885289002211 -0.001180774544232658 -0.0010164722761449715 -0.00034949675600122042 0.0036562403884123668 -0.00080431485580953043 0.0049759116868998074
leaf_weight=45 21 31 28 20 20 20 64 82 27 30 50 25 33 21 21 20 34 37 20 20 26 35 32 26 105
leaf_count=45 21 31 28 20 20 20 64 82 27 30 50 25 33 21 21 20 34 37 20 20 26 35 32 26 105
internal_value=4.8732e-05 0.00236786 -0.00942572 2.85472e-05 -0.00540948 0.00216741 0.00545416 -0.0108895 -0.000792528 -0.000918795 0.00489691 0.00676191 -0.00070563 -0.000550137 0.00279033 0.00208029 0.0051078 -0.000693635 -0.0010707 -0.00191663 -0.000393353 -0.000645591 0.00327775 -0.000578464 0.00531703
internal_weight=893 718 175 409 48 113 309 127 296 275 220 89 228 195 93 40 189 174 76 47 98 61 53 46 155
internal_count=893 718 175 409 48 113 309 127 296 275 220 89 228 195 93 40 189 174 76 47 98 61 53 46 155
is_linear=0
shrinkage=0.03


Tree=59
num_leaves=29
num_cat=0
split_feature=36 4 9 14 6 22 40 31 15 40 11 19 9 9 33 39 31 4 26 14 7 18 6 18 26 19 18 41
split_gain=20.2894 5.43577 1.17057 0.861351 0.856492 0.346178 0.338033 0.224971 0.213831 0.0751681 0.066572 0.0385132 0.0344776 0.0283909 0.0243201 0.0233597 0.0228158 0.0218685 0.019771 0.0212702 0.0224656 0.0149706 0.0126715 0.0115169 0.0110087 0.00840341 0.00822126 0.00534432
threshold=55952.278571428578 228990.41500000001 1.0265199877676459 -0.50462962837920111 137719.77142857146 10.950000000000003 0.36621155848175951 308817.64500000008 0.14888728888808328 0.30349061859504939 5.5000000000000009 25.050000000000004 0.85136992680892598 0.83823880916070093 35532.820000000007 0.8992077547514955 226552.34500000003 102621.15000000001 9.9500000000000011 0.45560143098769151 105891.38888888891 30.550000000000004 104299.42857142858 29.650000000000002 8.2500000000000018 21.150000000000002 31.550000000000004 1.2414193998657084
decision_type=2 2 2 2 2 2 10 8 2 8 2 2 2 2 8 10 10 2 2 2 2 2 2 2 2 2 2 10
left_child=2 4 3 5 10 -1 -5 9 -6 -3 12 25 -2 -10 -9 -14 21 -12 22 23 -21 -15 24 -20 -17 -11 -25 -27
right_child=1 7 -4 6 8 -7 -8 14 13 11 17 -13 15 16 -16 18 -18 -19 19 20 -22 -23 -24 26 -26 27 -28 -29
leaf_value=-0.0032481899059244564 -0.0018006965231266805 0.0030890059168450531 -0.0021514458688242093 -0.013972722313233783 -0.00065934431007398024 -0.0085305948927998539 -0.0098351720935450151 0.0061089560354864875 0.0015899958887270517 0.0050721308012448606 -0.0026834851001267847 0.0056992450028657913 0.00015840651298452529 0.0040765687904786314 0.0083262586167880473 -0.0010863300654058218 0.0020501903537660836 -0.0012140659450545043 -0.0018988474729754355 4.093438446533025e-05 -0.0011625849426043435 0.0027038667847177592 0.00028164316212165761 -0.00057628710983408376 -0.0001667633694079187 0.004537960448116064 -0.0014313099412935446 0.0034755907699582167
leaf_weight=20 24 27 20 41 20 31 64 42 20 62 22 74 30 23 20 21 23 20 22 30 25 28 21 23 26 49 21 31
leaf_count=20 24 27 20 41 20 31 64 42 20 62 22 74 30 23 20 21 23 20 22 30 25 28 21 23 26 49 21 31
internal_value=-2.93532e-05 0.00225057 -0.00911024 -0.009983 -5.62037e-05 -0.00656137 -0.0115674 0.00525861 0.00213042 0.00480163 -0.000935243 0.00500048 -0.000738787 0.00272468 0.00694502 -0.000614757 0.00300606 -0.00202827 -0.000737669 -0.000966815 -0.000517111 0.00338942 -0.000321822 -0.00132826 -0.000591706 0.00459903 -0.0010071 0.00417428
internal_weight=880 704 176 156 399 51 105 305 114 243 285 216 243 94 62 219 74 42 189 121 55 51 68 66 47 142 44 80
internal_count=880 704 176 156 399 51 105 305 114 243 285 216 243 94 62 219 74 42 189 121 55 51 68 66 47 142 44 80
is_linear=0
shrinkage=0.03


Tree=60
num_leaves=26
num_cat=0
split_feature=32 4 2 4 2 11 7 2 11 2 8 5 9 24 8 32 34 2 4 28 1 38 31 2 23
split_gain=20.6274 5.54526 0.694862 0.325761 0.301885 0.253237 0.120127 0.0709491 0.0661625 0.0519392 0.0357681 0.0356364 0.0249306 0.0241101 0.0232069 0.0189037 0.018616 0.0177802 0.0339937 0.0142856 0.00578475 0.00567322 0.00491299 0.00396897 0.00288121
threshold=49951.909166666672 183204.41500000001 19571.070000000003 301871.91000000009 144780.11000000002 2.5000000000000004 428813.51420138899 222064.25500000003 5.5000000000000009 13722.005000000003 1.0077297155965457 100663.00000000001 0.92543171871457575 5.7500000000000009 0.98068581453113335 103201.43142857145 237.50000000000003 107630.24000000002 100650.00000000001 121.25000000000001 318475.16809634404 0.031269377947147362 105685.00000000001 85830.000000000015 6.0500000000000016
decision_type=2 2 2 2 2 2 2 2 2 2 2 2 2 2 2 2 10 2 2 2 2 10 10 2 8
left_child=2 4 9 7 8 -4 20 12 10 -1 11 23 -3 16 -9 -10 19 18 -13 22 24 -14 -12 -2 -5
right_child=1 3 5 6 -6 -7 -8 14 15 -11 13 17 21 -15 -16 -17 -18 -19 -20 -21 -22 -23 -24 -25 -26
leaf_value=-0.011757425777614116 -0.0018779456425349612 0.0017994926514549423 -0.003648405450582504 0.0044827601776923978 0.0020761376760295921 -0.007854643175868611 0.0077030333340167992 0.0053605736047029487 -0.0025760689617267676 -0.0094297584870331724 -0.00076355683712920708 7.3267327494580637e-05 0.003701842915995613 0.00062766019614291901 0.0036873077373768734 -0.001174829037211436 -0.0012019429241469049 0.00011413376084349763 -0.0014866486585684 0.00040959309983958043 0.0056473477722759893 0.0025252492898809055 -0.00021758239825222906 -0.0012187325402066623 0.0053998919948935508
leaf_weight=47 25 22 24 79 36 37 24 20 20 70 27 21 22 22 41 20 22 25 30 22 93 20 34 28 50
leaf_count=47 25 22 24 79 36 37 24 20 20 70 27 21 22 22 41 20 22 25 30 22 93 20 34 28 50
internal_value=2.3214e-05 0.00233527 -0.00907014 0.00485065 -0.000481715 -0.00628527 0.00549572 0.00354762 -0.000798748 -0.0104565 -0.000616574 -0.000966743 0.00276248 -0.000256116 0.00431353 -0.00192119 -0.000445462 -0.000539049 -0.000855274 -0.000233028 0.00522361 0.00321332 -0.000467661 -0.0015587 0.00487704
internal_weight=881 703 178 371 332 61 246 125 296 117 256 129 64 127 61 40 105 76 51 83 222 42 61 53 129
internal_count=881 703 178 371 332 61 246 125 296 117 256 129 64 127 61 40 105 76 51 83 222 42 61 53 129
is_linear=0
shrinkage=0.03


Tree=61
num_leaves=25
num_cat=0
split_feature=36 4 19 7 24 22 4 38 23 3 11 8 34 15 38 7 22 36 35 5 15 11 32 8
split_gain=17.6359 4.86524 0.961037 0.727591 0.248449 0.245519 0.143523 0.0947875 0.0638195 0.05466 0.0349428 0.0305645 0.0251705 0.0210678 0.0338113 0.0198759 0.0253882 0.0189127 0.01608 0.0145387 0.0110929 0.0103473 0.00664322 0.00283503
threshold=55316.07416666668 240747.03500000003 10.750000000000002 127321.2198067633 2.6000000000000005 6.6499999999999995 421481.40500000009 0.72663644381726711 2.8500000000000001 307354.97500000003 5.5000000000000009 0.97139966905852526 8354.5000000000018 0.10623888086365087 0.046188455719104814 199997.13344393598 10.65 110756.22928571429 102035.00000000001 105680.50000000001 0.94353349168649059 5.5000000000000009 242844.29885714289 1.0241060594183362
decision_type=2 2 2 2 2 2 2 10 8 2 2 2 10 2 10 2 2 2 10 2 2 2 2 2
left_child=2 3 7 8 -4 -5 9 -1 10 12 11 18 -3 14 17 16 -7 -10 -2 -15 23 -11 -14 -13
right_child=1 6 4 5 -6 15 -8 -9 13 21 -12 20 22 19 -16 -17 -18 -19 -20 -21 -22 -23 -24 -25
leaf_value=-0.01060661224479025 -0.0019755846782672131 0.0047987478052583842 -0.0023543074250221251 -0.0010005894363192575 -0.0069779055033411296 0.0027804493404199513 0.0067500982979933413 -0.0080772908138377324 -0.0017559596842953136 0.0052051888505340949 -0.0021960568879252863 -0.0004959909400415861 0.0027126228705876402 -0.00042793136872351168 0.00035954056146940937 0.003335177349654259 0.0015108148488516529 -0.00057537295540575602 -0.00082949983829166735 0.00053170545418238771 -0.00098632032186975953 0.0039573751103419525 0.0038860460252247071 -2.3594191796811564e-06
leaf_weight=87 32 25 24 20 20 38 44 41 20 156 27 21 26 24 21 29 30 33 20 32 36 25 21 20
leaf_count=87 32 25 24 20 20 38 44 41 20 156 27 21 26 24 21 29 30 33 20 32 36 25 21 20
internal_value=3.48425e-05 0.00215184 -0.00854348 2.66633e-06 -0.0045643 0.00198573 0.00505826 -0.00986533 -0.000812678 0.00473861 -0.00122012 -0.00100053 0.00388358 -0.000318168 -0.000647039 0.00260539 0.00225033 -0.00104515 -0.00155875 0.00012014 -0.0006084 0.00505553 0.00330695 -0.000260984
internal_weight=872 700 172 403 44 117 297 128 286 253 156 129 72 130 74 97 68 53 52 56 77 181 47 41
internal_count=872 700 172 403 44 117 297 128 286 253 156 129 72 130 74 97 68 53 52 56 77 181 47 41
is_linear=0
shrinkage=0.03


Tree=62
num_leaves=27
num_cat=0
split_feature=36 4 2 2 24 31 1 11 6 18 32 2 15 2 2 8 11 40 9 41 1 9 10 10 8 6
split_gain=18.3309 4.61204 0.683163 0.544248 0.223995 0.191118 0.0964941 0.0854563 0.0669618 0.0512111 0.0386881 0.0386191 0.0340937 0.0339942 0.0315083 0.0312802 0.0302141 0.0235689 0.0217918 0.015549 0.0141879 0.012563 0.00864192 0.00807822 0.00751069 0.00689438
threshold=40798.559166666673 228990.41500000001 144780.11000000002 19571.070000000003 0.35000000000000003 295920.01500000007 76893.246443173965 5.5000000000000009 304750.33928571432 19.100000000000005 103201.43142857145 13722.005000000003 0.45082531555062549 102795.00000000001 443550.42000000004 1.0000861515454025 4.5000000000000009 0.33785649237102761 1.0709805960889078 1.0628457159892586 193915.37031116863 0.85136992680892598 1.0298096786473694 0.95458647166977428 0.95871416784434726 108543.2785714286
decision_type=2 2 2 2 2 8 2 2 2 2 2 2 2 2 2 2 2 8 2 8 2 2 2 2 2 2
left_child=3 2 6 11 16 8 -2 13 12 -5 -9 -1 -3 15 -7 21 20 -10 25 -20 -4 -8 -17 -14 -23 -15
right_child=1 5 4 9 -6 14 7 10 17 -11 -12 -13 23 18 -16 22 -18 -19 19 -21 -22 24 -24 -25 -26 -27
leaf_value=-0.011150339911965764 0.0012467135515596185 0.0044352188919271739 0.0026112236957088475 -0.0070859261815037046 -0.0005859321530442685 0.0055336784804239864 -0.0019299297777470201 -0.0030243310425430532 0.003487986894324422 -0.0044306277611758562 -0.0011931883079411749 -0.0090587301650329639 0.0033187073135139563 -0.00015483601349405943 0.0076164533716181048 -0.00070724900764896747 0.0017226017858439054 0.0049504225269268211 -0.00013042939397772506 -0.0010074176128255202 0.00385635468008166 -0.00070085216078422802 0.00011713774409145116 0.0021705784043297171 -0.0014465344030535421 0.00054524765878271025
leaf_weight=50 20 27 40 20 23 47 24 20 23 23 25 75 25 24 22 25 25 138 34 39 21 30 20 20 25 25
leaf_count=50 20 27 40 20 23 47 24 20 23 23 25 75 25 24 22 25 25 138 34 39 21 30 20 20 25 25
internal_value=-5.31955e-05 0.0020261 -9.01887e-06 -0.00894835 0.00202387 0.0048471 -0.000725712 -0.000865079 0.00439263 -0.00579863 -0.00205508 -0.00997723 0.0035076 -0.000639957 0.00629707 -0.000988105 0.00272055 0.00476432 -0.000280945 -0.00060624 0.00309516 -0.00134481 -0.000346274 0.00286671 -0.00105958 0.000206111
internal_weight=890 722 420 168 109 302 311 291 233 43 45 125 72 246 69 124 86 161 122 73 61 79 45 45 55 49
internal_count=890 722 420 168 109 302 311 291 233 43 45 125 72 246 69 124 86 161 122 73 61 79 45 45 55 49
is_linear=0
shrinkage=0.03


Tree=63
num_leaves=29
num_cat=0
split_feature=6 7 14 18 2 40 2 19 11 40 11 2 24 9 15 28 29 40 41 26 5 18 9 38 25 25 7 28
split_gain=16.2427 4.69816 1.17341 0.572708 0.508868 0.301769 0.148803 0.111453 0.054936 0.0532654 0.05186 0.043063 0.0373497 0.0311115 0.0279104 0.0384564 0.0226419 0.0156363 0.0136479 0.0132961 0.0166359 0.0131138 0.0180991 0.00987013 0.00964383 0.00923124 0.00594756 0.0039113
threshold=77669.498166666672 199997.13344393598 -0.50462962837920111 19.100000000000005 144780.11000000002 0.30727547480925671 390280.86500000005 14.450000000000001 5.5000000000000009 0.25898277126827463 5.5000000000000009 102795.00000000001 0.25000000000000006 0.85136992680892598 -0.082691941062253513 28738.142857142859 11711.295000000002 0.50530678390764916 1.2112000422968736 10.750000000000002 106738.63500000002 30.950000000000003 0.972936187354703 0.00064641772509055535 18.135000000000002 19.665000000000003 100834.49669312171 39293.450000000004
decision_type=2 2 2 2 2 10 2 2 2 10 2 2 2 2 2 2 10 10 10 2 2 2 2 10 2 2 2 2
left_child=2 4 3 -1 10 -4 8 -5 14 -6 11 13 -7 -2 -3 23 19 -12 -17 -13 -21 22 26 -16 -8 -11 -15 -20
right_child=1 6 5 7 9 12 24 -9 -10 25 17 16 -14 21 15 18 -18 -19 27 20 -22 -23 -24 -25 -26 -27 -28 -29
leaf_value=-0.0076925304302802458 -0.0019858754292363299 0.0052199174482982762 -0.013769950526101247 -0.0040219102161271223 0.003265750508998399 -0.0097357650952679779 0.005385450624713772 -0.00083922236093453002 0.0031213777347539481 0.0017996725125302528 -0.0023704471495667738 2.490916076931171e-05 -0.007197890849067615 -0.0012077894941930109 0.0026054212113376706 0.0048902399766632505 0.00061777267996603762 -0.0010926500687907848 0.004343299902975559 -0.00024206727592779011 -0.001242091191395755 -0.001196903741802089 0.00017966302671993615 0.0039103141278875138 0.0072007652744650839 0.00087810472917876066 -0.00045577510609291495 0.0031342587822481339
leaf_weight=38 23 68 20 20 22 55 37 20 38 28 20 39 25 21 23 85 23 20 26 35 26 39 23 21 21 20 20 22
leaf_count=38 23 68 20 20 22 55 37 20 38 28 20 39 25 21 23 85 23 20 26 35 26 39 23 21 21 20 20 22
internal_value=0.000112695 0.00217214 -0.00795313 -0.00508978 -0.000224383 -0.010114 0.00468844 -0.00248985 0.00436754 0.00205272 -0.000781107 -0.000615183 -0.00904133 -0.0010029 0.00454735 0.00426109 -0.000213129 -0.00177378 0.00455162 -0.000408461 -0.000681466 -0.000766412 -0.000489704 0.00330127 0.00615363 0.00144144 -0.000860539 0.00386443
internal_weight=878 700 178 78 359 100 341 40 283 70 289 249 80 126 245 177 123 40 133 100 61 103 64 44 58 48 41 48
internal_count=878 700 178 78 359 100 341 40 283 70 289 249 80 126 245 177 123 40 133 100 61 103 64 44 58 48 41 48
is_linear=0
shrinkage=0.03


Tree=64
num_leaves=29
num_cat=0
split_feature=32 4 14 17 4 41 25 31 40 18 9 15 15 25 35 36 14 30 38 26 36 25 7 11 24 17 15 24
split_gain=14.8521 4.03279 1.06243 0.636647 0.515087 0.231908 0.213865 0.169751 0.145179 0.109401 0.0668035 0.0645553 0.0495405 0.0373736 0.0276142 0.022686 0.0215939 0.0209076 0.0177015 0.017461 0.0151312 0.011525 0.00924428 0.00622464 0.0050422 0.00768328 0.00668697 0.000825173
threshold=49951.909166666672 228990.41500000001 -0.50462962837920111 16.850000000000005 127097.29500000001 1.1926668712818804 21.280000000000005 341480.18000000005 0.30825101513251413 18.350000000000005 0.85136992680892598 -0.082691941062253513 0.34033495509342487 19.955000000000002 57888.710000000006 110569.5335714286 -0.47463538638689146 2622.6159523809529 0.021191475626501418 10.450000000000001 326329.06850000005 22.000000000000004 105891.38888888891 4.5000000000000009 0.55000000000000016 22.550000000000004 0.97062204580664158 0.25000000000000006
decision_type=2 2 2 2 2 8 2 8 10 2 2 2 2 2 10 2 2 2 10 2 2 2 2 2 2 2 2 2
left_child=2 4 3 9 10 13 8 11 -4 -1 -2 23 -13 18 -12 16 -16 20 -6 -17 -14 24 -21 -3 25 26 -18 -10
right_child=1 7 6 -5 5 -7 -8 -9 27 -11 14 12 17 -15 15 19 21 -19 -20 22 -22 -23 -24 -25 -26 -27 -28 -29
leaf_value=-0.0076125047617667434 -0.0020090138781515342 0.0053796647205239254 -0.0132760004060609 -0.00031492378030504502 0.0020271612234413622 -0.0011176800918342037 -0.0063445463483887054 0.0066080250806714357 -0.010049165168473886 -0.0043722544703632595 0.00052199350902810699 0.0027004229545812396 0.0027740991119295359 0.0015003962847530037 -0.0015644249339557945 0.00026291356478641559 -0.0012435840772559458 0.004688278423114256 0.0033102230946122501 -7.7076409811111673e-05 0.0040447277985513211 -0.00010895679463698927 -0.00087721860807921201 0.0040646261360496282 -0.0012482112273573874 -0.0001755785134654226 -0.00048300390420279106 -0.0075611508557839047
leaf_weight=36 30 62 20 20 24 21 20 37 42 20 20 33 24 36 30 36 23 65 33 21 49 27 34 24 20 20 22 20
leaf_count=36 30 62 20 20 24 21 20 37 42 20 20 33 24 36 30 36 23 65 33 21 49 27 34 24 20 20 22 20
internal_value=-2.38994e-05 0.00196854 -0.00772639 -0.00493628 -5.62421e-06 0.00168828 -0.00973718 0.00462532 -0.0104782 -0.00655228 -0.000691517 0.00431536 0.0039118 0.00232703 -0.000527997 -0.000619971 -0.000855963 0.00417997 0.00281425 -0.000246419 0.00367012 -0.000654031 -0.000578542 0.00506362 -0.000823892 -0.000676398 -0.000890328 -0.00937934
internal_weight=869 691 178 76 397 114 102 294 82 56 283 257 171 93 253 233 142 138 57 91 73 112 55 86 85 65 45 62
internal_count=869 691 178 76 397 114 102 294 82 56 283 257 171 93 253 233 142 138 57 91 73 112 55 86 85 65 45 62
is_linear=0
shrinkage=0.03


Tree=65
num_leaves=29
num_cat=0
split_feature=6 6 14 19 2 2 29 32 6 24 14 36 19 11 28 15 8 11 8 11 1 23 37 30 25 11 1 1
split_gain=14.8309 3.7238 1.1271 0.554466 0.501329 0.218134 0.183746 0.132463 0.116267 0.0924045 0.101733 0.0628897 0.045556 0.0451293 0.0392963 0.0345017 0.0300893 0.0243714 0.018926 0.0241404 0.018286 0.0157485 0.0107758 0.0101 0.00770029 0.00550777 0.00527306 0.00169048
threshold=77669.498166666672 185507.66500000001 -0.50462962837920111 14.450000000000001 294481.53500000009 154143.50000000003 23160.000000000004 2510.7992857142863 443879.0735714286 1.4500000000000002 -0.030098581458670341 299931.21428571438 22.950000000000003 5.5000000000000009 1710.1428571428573 0.53312596302726967 0.97139966905852526 5.5000000000000009 1.0534658600690532 3.5000000000000004 316700.65054954961 0.9499999999999994 0.1047589392501531 3527.3571428571436 19.555000000000003 3.5000000000000004 101038.55732578917 314238.59084887622
decision_type=2 2 2 2 2 2 10 2 2 2 2 2 2 2 2 2 2 2 2 2 2 8 10 2 2 2 2 2
left_child=2 5 3 7 6 12 11 -1 17 10 -4 15 13 14 16 -3 26 20 19 23 27 -17 -13 -14 -21 -18 -2 -6
right_child=1 4 9 -5 8 -7 -8 -9 -10 -11 -12 22 18 -15 -16 21 25 -19 -20 24 -22 -23 -24 -25 -26 -27 -28 -29
leaf_value=-0.0040232025880307092 -0.0019896134804002941 0.001138325067321685 -0.006206198739153998 -0.00060977003010718718 0.0043810470572447973 0.0018843221955467016 -0.00026829552437577928 -0.0073171556454438421 0.0070289270686251775 -0.011904146085408601 -0.0094390654498163386 0.0044787361845374102 -0.00038483356232754884 -0.0021972719662719303 0.00037633016572466915 0.0019372634431752173 -0.00035347493886365555 0.0033011954146370823 0.00042427819000574973 -0.00034801808334040371 0.0050267941078171131 0.0032689014773815868 0.0029698175085442406 -0.001206660610174627 0.0004372119322500151 -0.00097289725589299833 -0.0012415446678266649 0.0034363691938675144
leaf_weight=22 21 21 20 22 86 31 20 38 20 21 67 20 24 26 20 22 39 27 25 21 99 24 20 34 22 20 30 27
leaf_count=22 21 21 20 22 86 31 20 38 20 21 67 20 24 26 20 22 39 27 25 21 99 24 20 34 22 20 30 27
internal_value=-5.63875e-05 0.00196546 -0.007466 -0.00472202 0.00393333 -0.000466171 0.00236022 -0.00619513 0.00469265 -0.00948695 -0.00877485 0.00284947 -0.000730303 -0.00107167 -0.000831498 0.00222533 -0.00105252 0.00446868 -0.000302545 -0.000484848 0.00460117 0.0026868 0.00381511 -0.000878881 5.45336e-05 -0.000576164 -0.00158191 0.00418745
internal_weight=889 699 190 82 386 313 127 60 259 108 87 107 282 156 130 67 110 239 126 101 212 46 40 58 43 59 51 113
internal_count=889 699 190 82 386 313 127 60 259 108 87 107 282 156 130 67 110 239 126 101 212 46 40 58 43 59 51 113
is_linear=0
shrinkage=0.03


Tree=66
num_leaves=25
num_cat=0
split_feature=35 2 14 32 18 26 2 40 5 29 32 25 33 9 36 15 38 38 40 14 26 3 23 8
split_gain=13.7923 3.62262 0.82424 0.526053 0.458494 0.316631 0.335027 0.188748 0.153027 0.0565084 0.0530629 0.0460556 0.0429521 0.0384451 0.0342778 0.0208361 0.0136008 0.0173889 0.0131629 0.00888114 0.00791395 0.00565635 0.00388595 0.00359057
threshold=53803.670000000006 246495.60000000003 -0.53402660245708555 212298.38400000005 19.100000000000005 19.150000000000002 144780.11000000002 0.33785649237102761 338343.25500000006 8003.4100000000008 53891.069285714293 19.195000000000004 14014.500000000002 0.85391755964414717 113282.62785714287 -0.082691941062253513 0.04551725676300708 0.015605437376592953 0.80399507131538483 0.62837760187664593 9.2500000000000018 103726.64000000001 4.2500000000000009 1.0077297155965457
decision_type=8 2 2 2 2 2 2 10 2 8 2 2 10 2 2 2 10 10 10 2 2 2 10 2
left_child=2 3 4 5 -1 6 10 -4 15 -5 -2 -10 -8 -12 16 -3 17 19 -16 20 -15 -19 -17 -9
right_child=1 8 7 9 -6 -7 12 23 11 -11 13 -13 -14 14 18 22 -18 21 -20 -21 -22 -23 -24 -25
leaf_value=-0.0069813815522484658 0.00060008821141673257 0.0045549888633191586 -0.011432112066540866 0.0016630749753063642 -0.0020979188873686571 -0.0039899994798802902 0.0030002131126821039 -0.0088380702203366811 0.0047875376677492983 0.0035254284305947605 -0.0017528460551984608 0.0064910709733764331 0.0011245292355306447 -0.00050992447468969557 0.00036233516584616149 0.0037198581040498954 -0.00014375526788750325 -0.0018703071240867885 -0.00046720133983233771 -0.00024186558141890501 -0.0012525861575493529 -0.0010388895782775113 0.0027786821605828163 -0.0069466124123760626
leaf_weight=40 29 49 31 37 32 20 24 40 73 28 29 35 23 26 35 112 21 20 32 26 30 20 21 34
leaf_count=40 29 49 31 37 32 20 24 40 73 28 29 35 23 26 35 112 21 20 32 26 30 20 21 34
internal_value=-7.26884e-06 0.00191097 -0.00745386 5.80991e-05 -0.00486942 -0.000423025 -0.000184641 -0.0091634 0.00445767 0.00250658 -0.000596062 0.00539409 0.00212488 -0.000743097 -0.000596009 0.00387554 -0.000856835 -0.000977412 -3.49056e-05 -0.000712392 -0.000922774 -0.00149008 0.0035931 -0.00807323
internal_weight=867 690 177 400 72 335 315 105 290 65 268 108 47 239 210 182 143 122 67 82 56 40 133 74
internal_count=867 690 177 400 72 335 315 105 290 65 268 108 47 239 210 182 143 122 67 82 56 40 133 74
is_linear=0
shrinkage=0.03


Tree=67
num_leaves=27
num_cat=0
split_feature=36 2 7 38 33 1 4 6 37 18 11 1 8 30 40 8 35 40 9 14 17 4 41 9 23 2
split_gain=12.8311 3.29339 0.534332 0.299509 0.225585 0.141252 0.115946 0.0578909 0.0537629 0.0405826 0.0343072 0.0258974 0.0208297 0.0186281 0.0182927 0.0132315 0.0123103 0.0222995 0.0117754 0.0165646 0.0101551 0.00994369 0.00582197 0.00418165 0.00622699 0.00222684
threshold=40798.559166666673 246495.60000000003 127321.2198067633 0.79582072398953929 20848.800000000003 76893.246443173965 447574.94500000001 88542.87940476193 0.10539640374856261 19.100000000000005 5.5000000000000009 316700.65054954961 1.0077297155965457 1601.6650000000002 0.52579140100708721 0.96399825130739114 233636.26500000004 0.3556992578498081 1.0709805960889078 0.91248814248966237 27.850000000000005 103429.50000000001 1.0628457159892586 0.94157052831496157 6.8500000000000005 14383.420000000002
decision_type=2 2 2 10 10 2 2 2 8 2 2 2 2 2 10 2 10 8 2 2 2 2 8 2 8 2
left_child=3 2 5 25 8 -2 10 13 16 -5 11 23 14 -7 15 -9 17 -4 21 22 -16 -14 -20 -3 -25 -1
right_child=1 6 4 9 -6 7 -8 12 -10 -11 -12 -13 18 -15 20 -17 -18 -19 19 -21 -22 -23 -24 24 -26 -27
leaf_value=-0.0092646655617725279 0.0017823251278605312 0.0030183741860938342 0.0021792758039423615 -0.0063979479602792044 -0.00076220368393338641 -0.0010624175230623224 0.0066191417085272918 -0.0017375859489234594 0.0037989425313259876 -0.0039525943229507124 0.0031132805485477935 0.0047696606493959929 -0.00036595073902280999 -0.0023871130017297606 -0.00016718535133986733 -0.00070988277615979312 0.0024926685006357728 0.00083293071609329096 -0.0004462786107615102 0.00010652976951354908 -0.00092148616381954127 0.00044442930050718135 -0.0011279618879133421 0.003764317873757072 0.0048581775407428324 -0.0076284481497371891
leaf_weight=62 21 21 28 21 25 23 20 25 20 20 41 91 24 20 39 24 33 21 23 26 27 29 26 85 22 50
leaf_count=62 21 21 28 21 25 23 20 25 20 20 41 91 24 20 39 24 33 21 23 26 27 29 26 85 22 50
internal_value=8.55506e-05 0.00177726 0.00013862 -0.00776938 0.00176746 -0.000538749 0.00430762 -0.000714794 0.00238885 -0.0053276 0.00410513 0.00427583 -0.000530814 -0.0017188 -0.000822529 -0.00125849 0.0020033 0.00163047 -0.000264382 -0.000503807 -0.000484911 7.74835e-05 -0.000823313 0.00389049 0.00403212 -0.00860818
internal_weight=867 714 434 153 127 307 280 286 102 41 260 219 243 43 115 49 82 49 128 75 66 53 49 128 107 112
internal_count=867 714 434 153 127 307 280 286 102 41 260 219 243 43 115 49 82 49 128 75 66 53 49 128 107 112
is_linear=0
shrinkage=0.03


Tree=68
num_leaves=28
num_cat=0
split_feature=2 2 14 5 2 38 7 24 36 31 32 6 27 15 2 40 6 31 23 5 1 35 23 38 18 2 4
split_gain=12.6386 2.89668 0.919118 0.528489 0.40017 0.215319 0.210288 0.130242 0.119744 0.0845253 0.0840759 0.0526099 0.0357154 0.0326312 0.0268924 0.0238889 0.0423113 0.0197448 0.0180193 0.0181844 0.0116116 0.0159998 0.0161158 0.00967003 0.00847017 0.00452368 0.00256815
threshold=78813.720000000016 246495.60000000003 -0.50462962837920111 51479.845000000008 133638.85500000001 0.72663644381726711 233859.77000000002 0.45000000000000007 434750.38666666677 52687.405000000006 2510.7992857142863 93947.285714285725 22207.500000000004 -0.065537083312030994 110146.79500000003 0.28348312628821698 190303.59714285718 89880.000000000015 4.2500000000000009 311278.21500000008 101261.02127039629 105840.00000000001 2.6500000000000008 0.036363997616988664 31.550000000000004 114999.00000000001 283262.95500000007
decision_type=2 2 2 2 2 8 2 2 2 10 2 2 10 2 2 10 2 10 10 2 2 10 8 10 2 2 2
left_child=2 4 3 10 9 7 12 -4 13 -2 -1 17 15 -3 20 -6 -17 -11 19 26 21 22 -13 -22 -16 -26 -15
right_child=1 8 5 -5 6 -7 -8 -9 -10 11 -12 14 -14 18 24 16 -18 -19 -20 -21 23 -23 -24 -25 25 -27 -28
leaf_value=-0.0038889236176120382 0.0013433326112239489 0.0043918126962239753 -0.0083240895486143343 -0.0002971532098625017 0.0026269265450537204 -0.0053691376000642773 -0.0011581445322372019 -0.011719130747344183 0.0059085868095809764 -0.0021680752350948752 -0.0067517813791831329 -0.0011502882086339621 0.0030748833483085032 0.0025234120897948743 0.00048654982139571356 0.00037995783175574614 0.0021663999177802067 -0.00085814608797511976 0.0025194864789023995 0.0040443713345890298 -0.0006621302134590223 5.8824183086731605e-05 -0.00011400200279793984 -0.001538662991120613 9.7056057547097621e-05 -0.00051485066085920803 0.0034199028247250962
leaf_weight=20 20 90 72 22 20 21 20 22 32 23 35 35 29 23 25 23 25 22 24 82 31 34 22 20 22 20 38
leaf_count=20 20 90 72 22 20 21 20 22 32 23 35 35 29 23 25 23 25 22 24 82 31 34 22 20 22 20 38
internal_value=-9.85877e-05 0.00182205 -0.00687506 -0.00425085 0.000136664 -0.00858034 0.00159777 -0.00923367 0.00409395 -0.000490779 -0.00579878 -0.000639898 0.00217201 0.00384598 -0.000435252 0.00174798 0.00133562 -0.00156024 0.00352743 0.00367792 -0.000667648 -0.000456235 -0.00075918 -0.00102885 5.98635e-05 -0.000199525 0.00312803
internal_weight=872 680 192 77 391 115 117 94 289 274 55 254 97 257 209 68 48 45 167 143 142 91 57 51 67 42 61
internal_count=872 680 192 77 391 115 117 94 289 274 55 254 97 257 209 68 48 45 167 143 142 91 57 51 67 42 61
is_linear=0
shrinkage=0.03


Tree=69
num_leaves=26
num_cat=0
split_feature=7 4 3 40 15 24 31 32 36 7 3 32 4 15 11 25 26 14 25 7 39 19 26 24 11
split_gain=11.4805 3.34801 0.550787 0.322983 0.221566 0.216178 0.141803 0.106541 0.0557703 0.0419181 0.0348726 0.032164 0.025384 0.0192826 0.0182724 0.0170087 0.0217399 0.0150282 0.0271123 0.0166668 0.0146002 0.00897451 0.00911619 0.0069719 0.000630602
threshold=47856.211011904765 228990.41500000001 156569.38500000004 0.53292757618129827 0.39629089145655322 8.8000000000000025 365932.36000000004 51911.610714285729 226553.51785714287 309892.10020000004 97620.000000000015 3460.5842857142861 198156.09000000003 0.94353349168649059 5.5000000000000009 16.245000000000005 10.15 0.68037272099988588 15.745000000000003 97185.941885714288 0.71286721064486036 25.550000000000004 14.050000000000002 0.15000000000000005 4.5000000000000009
decision_type=2 2 2 10 2 2 8 2 2 2 2 2 2 2 2 2 2 2 2 2 10 2 2 2 2
left_child=3 2 5 11 -4 7 9 -2 -6 13 17 -1 -10 23 15 -12 -17 18 -9 -20 -11 22 -18 -3 -22
right_child=1 6 4 -5 8 -7 -8 10 12 20 14 -13 -14 -15 -16 16 21 -19 19 -21 24 -23 -24 -25 -26
leaf_value=-0.0066276164576411249 0.0013737789210397748 0.0037461120462311164 -0.00057759237941354511 -0.0044966023553766913 0.0038423885117200283 -0.0028892648157153207 0.0065491407683917454 -0.00047604880189861768 0.0014290159428185832 0.0032488119578920303 -0.00089055403986094462 -0.008446684738000235 0.0028321486425452996 0.002184236629067787 -0.0011692054289393127 0.00063843196329091574 0.0003534962857057425 -0.00042646797274106314 -0.0024282449026676741 -0.0011688029154902323 0.004525645748739514 -0.00081771299452520899 -0.00041847402538248415 0.0027048642653971907 0.0037092289603315293
leaf_weight=39 24 55 28 36 21 38 20 21 37 31 31 89 20 20 24 26 21 20 21 23 101 24 36 23 39
leaf_count=39 24 55 28 36 21 38 20 21 37 31 31 89 20 20 24 26 21 20 21 23 101 24 36 23 39
internal_value=-9.89086e-05 0.00156841 -0.000159418 -0.00722231 0.00169682 -0.000799607 0.00404154 -0.000497047 0.00251026 0.00383154 -0.000683634 -0.00794811 0.00196168 0.00323806 -0.000421102 -0.000283522 -0.000101035 -0.00117327 -0.00139312 -0.0018105 0.00415085 -0.000343286 -0.000132873 0.0034772 0.00432613
internal_weight=868 704 415 164 106 309 289 271 78 269 247 128 57 98 162 138 107 85 65 44 171 81 57 78 140
internal_count=868 704 415 164 106 309 289 271 78 269 247 128 57 98 162 138 107 85 65 44 171 81 57 78 140
is_linear=0
shrinkage=0.03


Tree=70
num_leaves=27
num_cat=0
split_feature=35 3 14 4 17 25 40 31 25 36 35 18 8 2 40 8 2 14 14 25 26 5 4 18 38 14
split_gain=10.7752 2.77393 0.906016 0.449494 0.42078 0.222058 0.203711 0.134184 0.0731247 0.0613031 0.0468912 0.0433773 0.0420995 0.034777 0.0212922 0.0205084 0.0194518 0.014846 0.0148437 0.022883 0.0150343 0.0099336 0.00892232 0.00634238 0.00550024 0.000403213
threshold=53803.670000000006 234018.01000000004 -0.53402660245708555 127097.29500000001 16.450000000000003 16.785000000000004 0.36621155848175951 349867.32500000013 17.565000000000001 58629.440357142863 239998.15500000006 17.250000000000004 0.93089699187097463 333481.62000000005 0.3556992578498081 0.96864552764879519 294481.53500000009 -0.94941398590724801 0.68037272099988588 14.945000000000002 14.750000000000002 100663.00000000001 308895.50000000006 31.750000000000004 0.019602445741861343 -0.69674959280705229
decision_type=8 2 2 2 2 2 10 8 2 2 8 2 2 2 8 2 2 2 2 2 2 2 2 2 10 2
left_child=2 3 4 9 11 -5 8 13 -4 -2 14 -1 -11 15 24 -3 -17 -14 19 -19 23 -21 -18 -20 -7 -23
right_child=1 7 6 5 -6 10 -8 -9 -10 12 -12 -13 17 -15 -16 16 22 18 20 21 -22 25 -24 -25 -26 -27
leaf_value=-0.0064255281191851407 0.00085305665212217715 0.0041978832320975412 -0.0080690069496631624 -0.0013105030780258986 -0.00047922209958019464 0.0015110379470778363 -0.0071363731508608903 0.0059339297588529251 -0.012091599117432322 -0.0016493595706728789 0.0029544705466220253 -0.0040649639383297078 3.5120229676977031e-05 0.0041216882693697696 0.00091332978283753617 0.0022347601310860723 0.0026079395432025191 -0.00023333172012558756 0.00034048435190925369 -0.0015632770656763266 -0.00083636820038972303 -0.00065244773627065502 0.0035568581319049644 -0.00034228188903070983 0.0024240641350942579 -0.0009662429131068555
leaf_weight=27 23 27 20 20 22 20 63 28 20 38 37 21 31 111 29 30 29 33 23 35 33 20 68 24 21 20
leaf_count=27 23 27 20 20 22 20 63 28 20 38 37 21 31 111 29 30 29 33 23 35 33 20 68 24 21 20
internal_value=1.27951e-05 0.0016714 -0.00666935 6.72963e-05 -0.00394882 0.00154071 -0.00846251 0.00389181 -0.0103262 -0.000604105 0.00208084 -0.00549682 -0.000737313 0.00365454 0.00158396 0.00329342 0.00306984 -0.000572281 -0.000672094 -0.000900952 -0.000355826 -0.00118777 0.00330267 -8.02964e-06 0.00202527 -0.000829085
internal_weight=873 700 173 407 70 127 103 293 40 280 107 48 257 265 70 154 127 219 188 108 80 75 97 47 41 40
internal_count=873 700 173 407 70 127 103 293 40 280 107 48 257 265 70 154 127 219 188 108 80 75 97 47 41 40
is_linear=0
shrinkage=0.03


Tree=71
num_leaves=28
num_cat=0
split_feature=2 2 14 5 2 41 40 32 32 1 25 25 25 2 4 11 40 40 2 23 11 31 3 9 9 25 23
split_gain=10.5407 2.65967 0.852876 0.527524 0.390443 0.234312 0.180065 0.119871 0.0753437 0.0725805 0.0721931 0.049598 0.0426381 0.0399789 0.0348736 0.0307216 0.0259109 0.0221389 0.013281 0.0153626 0.0128206 0.0125066 0.0104843 0.00831293 0.00778799 0.0143113 0.00477437
threshold=78813.720000000016 246495.60000000003 -0.50462962837920111 51479.845000000008 133638.85500000001 1.1871705321786943 0.36621155848175951 2510.7992857142863 52739.821428571442 369414.50583624718 17.565000000000001 15.415000000000001 20.295000000000005 208344.51000000004 92790.000000000015 4.5000000000000009 0.28978429784590326 0.30577651955615121 102795.00000000001 3.7500000000000004 5.5000000000000009 89880.000000000015 97620.000000000015 1.0203756824360213 1.0693219115459749 21.405000000000005 2.5500000000000012
decision_type=2 2 2 2 2 10 10 2 2 2 2 2 2 2 2 2 10 8 2 8 2 10 2 2 2 2 8
left_child=2 4 3 7 8 13 10 -1 -2 17 -4 -8 -11 15 21 16 -6 -3 19 22 24 -10 -16 -19 26 -26 -20
right_child=1 9 6 -5 5 -7 11 -9 14 12 -12 -13 -14 -15 18 -17 -18 23 20 -21 -22 -23 -24 -25 25 -27 -28
leaf_value=-0.0032310932209449156 0.0011740060058549385 0.0023064226191490886 -0.0077555343021567047 -9.5203895866870884e-05 0.0027352946196749274 -0.0014467990430836965 -0.0075720782369011778 -0.0063909145960440996 -0.0019657834273363864 0.0040951391700349872 -0.011408491805029499 -0.0052557183482817241 0.0060189252888614483 0.0031000457948539405 -0.00085535531194182114 0.00073263789955526585 0.0013690842528857529 0.0032057824432267807 -0.00019007274165882594 -0.0014751968380402433 -0.00096531705126505008 -0.00090958676921824616 -9.4702712115671094e-05 0.0038701129835945636 -0.00077135471661726165 8.5616212458904448e-05 0.00043079107999801638
leaf_weight=20 21 20 25 24 27 20 40 38 20 60 20 27 21 25 39 24 30 79 20 21 21 26 28 109 36 33 23
leaf_count=20 21 20 25 24 27 20 40 38 20 60 20 27 21 25 39 24 30 79 20 21 21 26 28 109 36 33 23
internal_value=-7.55769e-05 0.00163416 -0.00624778 -0.00384914 9.06469e-05 0.00147688 -0.00795431 -0.00537455 -0.000518844 0.00383734 -0.00959179 -0.00672964 0.00466122 0.00203689 -0.000655873 0.00167495 0.00205224 0.00349574 -0.000495196 -0.000779943 -0.000302378 -0.00140086 -0.000543538 0.00360939 -0.000170635 -0.000366131 0.00014426
internal_weight=897 703 194 82 414 126 112 58 288 289 45 67 81 106 267 81 57 208 221 88 133 46 67 188 112 69 43
internal_count=897 703 194 82 414 126 112 58 288 289 45 67 81 106 267 81 57 208 221 88 133 46 67 188 112 69 43
is_linear=0
shrinkage=0.03


Tree=72
num_leaves=28
num_cat=0
split_feature=3 1 40 40 1 3 23 5 6 7 8 25 39 35 2 5 11 2 8 41 26 8 26 6 6 40 6
split_gain=9.86611 2.61085 0.729883 0.374656 0.475966 0.310064 0.288818 0.246762 0.118824 0.070044 0.0581767 0.0499968 0.0384159 0.0351232 0.0219029 0.0202781 0.0189947 0.0144916 0.0118661 0.0109781 0.0136622 0.0157612 0.0107479 0.00964281 0.00537412 0.00481538 0.00389197
threshold=76836.940000000017 247746.03575630256 0.51457837468012035 0.311214761840585 37818.566544011548 161153.34000000005 1.0000000180025095e-35 48033.295000000006 418441.30285714293 195262.90246031751 0.90748330880477968 18.835000000000004 0.64328569129620605 57789.560000000012 13722.005000000003 311278.21500000008 5.5000000000000009 103429.50000000001 0.99569786943744532 1.0628457159892586 13.65 1.0334343886351667 10.15 188803.05214285714 304750.33928571432 0.33405659437665552 279310.64976190479
decision_type=2 2 8 10 2 2 8 2 2 2 2 2 8 10 2 2 2 2 2 8 2 2 2 2 2 10 2
left_child=2 5 3 -1 14 10 -7 -4 12 23 -2 -10 -3 -12 -5 24 17 18 22 -19 21 -21 -15 -8 26 -20 -14
right_child=1 8 7 4 -6 6 9 -9 11 -11 13 -13 15 16 -16 -17 -18 19 25 20 -22 -23 -24 -25 -26 -27 -28
leaf_value=-0.011202063794646944 -0.0019973546951743107 0.0019582367475543703 -0.0046582942699583676 -0.008769786573118634 -0.0022991727478802204 -0.0015015824285270038 0.0010988682971583329 -0.00065115859974985534 0.003882371410727501 0.0037221372267231346 0.00079766556313684719 0.006403171271085739 0.0030180027282663757 -0.00037950366352950885 -0.0067863259278237815 0.0037277814152997073 -0.0010950956835101048 0.00033255304067694979 0.00010330857142474522 -0.00047525387299670419 -0.00087130273710219906 0.00051244325403016638 -0.0011824074404974357 0.0020367671145504573 0.0033664592119410286 -0.00052048584478060626 0.0020744782037218101
leaf_weight=20 20 20 38 26 21 22 21 22 23 23 21 20 20 27 63 171 35 34 22 32 25 25 37 31 42 21 23
leaf_count=20 20 20 38 26 21 22 21 22 23 23 21 20 20 27 63 171 35 34 22 32 25 25 37 31 42 21 23
internal_value=1.83273e-05 0.00163434 -0.00603971 -0.00730484 -0.00650172 5.84572e-06 0.00147088 -0.00322377 0.00364959 0.00235109 -0.000472753 0.00517372 0.00339431 -0.000356719 -0.00745677 0.00349845 -0.000453398 -0.000348244 -0.000598446 -0.000114311 -0.00030137 -4.06871e-05 -0.000854732 0.00168588 0.00299911 -0.000206241 0.00257194
internal_weight=905 715 190 130 110 396 97 60 319 75 299 43 276 279 89 256 258 223 107 116 82 57 64 52 85 43 43
internal_count=905 715 190 130 110 396 97 60 319 75 299 43 276 279 89 256 258 223 107 116 82 57 64 52 85 43 43
is_linear=0
shrinkage=0.03


Tree=73
num_leaves=29
num_cat=0
split_feature=36 1 2 4 25 11 35 4 14 1 40 6 23 11 13 26 33 22 25 25 23 17 25 19 22 22 15 4
split_gain=9.31179 2.389 0.429117 0.335495 0.280468 0.258649 0.132249 0.0836437 0.0406241 0.0382439 0.0349901 0.0327727 0.0205192 0.019736 0.0191642 0.0176683 0.0160955 0.0140829 0.018168 0.0139396 0.0173994 0.0149036 0.0133647 0.0232875 0.011767 0.00950148 0.0043298 0.00156475
threshold=55952.278571428578 247746.03575630256 19571.070000000003 127097.29500000001 17.420000000000005 2.5000000000000004 419491.63000000006 198156.09000000003 -0.91936887716170002 316700.65054954961 0.28176915331181213 92615.833333333358 7.1500000000000012 3.5000000000000004 2.5000000000000004 11.050000000000002 35532.820000000007 12.350000000000003 16.095000000000002 14.275 2.6500000000000008 27.850000000000005 20.150000000000002 16.450000000000003 10.350000000000001 7.8500000000000005 -0.15101602693478741 301871.91000000009
decision_type=2 2 2 2 2 2 8 2 2 2 8 2 8 2 2 2 8 2 2 2 10 2 2 2 2 2 2 2
left_child=2 3 14 11 -5 -4 8 10 -3 12 -6 15 17 -11 -1 -2 -8 18 -10 -13 22 -22 23 -21 -12 -23 -27 -20
right_child=1 6 5 4 7 -7 16 -9 9 13 24 19 -14 -15 -16 -17 -18 -19 27 20 21 25 -24 -25 -26 26 -28 -29
leaf_value=-0.008002536017447711 -0.00075635298886673379 0.0018351797719040643 -0.0015075858102108423 -0.0015755705763876903 0.0023785644663231712 -0.0054774422810878604 0.0041351354627736977 0.0032743532961124881 0.0019667424287498842 0.0043838461004197596 0.0013399387616664172 0.00025743083019430437 0.0037974307346431645 0.0029900318126265817 -0.0064770922079883716 -0.0018700245822070758 0.0059398044007165094 0.0018874553760344329 0.0025229458858097051 -0.00045424794484279115 0.00033614990179723297 -0.00083240132959138964 -0.00021673262635886202 -0.00154547310228843 0.0003156778412151404 0.0001522385375574231 -0.00043788371110250324 0.0033393916755449027
leaf_weight=47 37 22 25 23 20 39 27 33 21 49 20 26 33 25 73 21 20 21 22 39 32 30 31 33 21 22 21 63
leaf_count=47 37 22 25 23 20 39 27 33 21 49 20 26 33 25 73 21 20 21 22 39 32 30 31 33 21 22 21 63
internal_value=-6.60916e-05 0.00149009 -0.00606336 -7.02054e-06 0.00134363 -0.00397377 0.00350433 0.00206696 0.00320932 0.00333016 0.00137151 -0.000550943 0.00301648 0.00395911 -0.00713576 -0.00118444 0.00501083 0.00278548 0.00294409 -0.00038955 -0.000471267 -0.000196636 -0.000746649 -0.000968712 0.000835324 -0.000431573 -0.000139363 0.00315987
internal_weight=896 712 184 409 117 64 303 94 256 234 61 292 160 74 120 58 47 127 106 234 208 105 103 72 41 73 43 85
internal_count=896 712 184 409 117 64 303 94 256 234 61 292 160 74 120 58 47 127 106 234 208 105 103 72 41 73 43 85
is_linear=0
shrinkage=0.03


Tree=74
num_leaves=28
num_cat=0
split_feature=6 6 14 2 17 40 6 32 7 26 11 13 28 11 41 4 25 17 30 6 25 2 23 1 11 26 29
split_gain=9.36784 2.16524 0.64691 0.347214 0.288348 0.204241 0.15895 0.107753 0.0779385 0.0404542 0.036242 0.0325409 0.0254989 0.0246479 0.0213488 0.0212883 0.0182887 0.017767 0.0199944 0.0135221 0.0118176 0.0104727 0.00826562 0.00785063 0.00577441 0.00540336 0.0010398
threshold=77669.498166666672 137719.77142857146 -0.47463538638689146 269283.85000000003 16.850000000000005 0.30727547480925671 237771.02857142859 2510.7992857142863 440068.74500000005 15.050000000000002 5.5000000000000009 2.5000000000000004 1756.011904761905 5.5000000000000009 1.2414193998657084 204852.91500000001 19.295000000000005 25.850000000000005 1649.014285714286 100467.85928571429 15.105000000000002 102795.00000000001 2.3500000000000001 100268.41194239438 2.5000000000000004 13.450000000000001 435.00000000000006
decision_type=2 2 2 2 2 10 2 2 2 2 2 2 2 2 10 2 2 2 2 2 2 2 8 2 2 2 10
left_child=2 10 4 6 7 -4 9 -1 13 15 12 -7 17 14 26 16 -3 18 20 -19 -2 -21 -12 -22 -23 -26 -5
right_child=1 3 5 8 -6 11 -8 -9 -10 -11 22 -13 -14 -15 -16 -17 -18 19 -20 21 23 24 -24 -25 25 -27 -28
leaf_value=-0.0029004814209682601 -7.9455253417108903e-05 0.0024995135740699388 -0.010415300435640595 0.0031479809101885902 -0.00082631085152653128 -0.0079583928811139074 -0.00077967738067465163 -0.0058401144083057126 0.0053366880944889523 0.0032910911264744671 -0.0017180223228490871 -0.0060132359880954028 0.00054789615562185641 0.002388512829202227 0.0024587528772341705 0.00085236796444015841 0.0014681209149574371 0.00047111206238956323 -0.0015751786882438779 -0.0008743276012440522 -0.00039927293222197994 -0.00046752842881583737 -0.00080637553773288211 -0.001250150827690959 0.00038443897279318083 -0.00028064991596197202 0.0037526297748604032
leaf_weight=20 31 38 21 51 21 28 20 41 22 21 22 59 24 31 26 20 37 20 21 26 20 34 20 21 21 21 140
leaf_count=20 31 38 21 51 21 28 20 41 22 21 22 59 24 31 26 20 37 20 21 26 20 34 20 21 21 21 140
internal_value=-0.000117481 0.00151446 -0.00599528 0.00291297 -0.00390812 -0.00752958 0.0016584 -0.00493863 0.00353645 0.00208182 -0.000509323 -0.00672259 -0.000363253 0.00335596 0.00348258 0.00178301 0.00201671 -0.000467029 -0.000777495 -0.000225964 -0.000526447 -0.000365893 -0.00131275 -0.000854477 -0.000182859 5.31014e-05 0.00360842
internal_weight=877 687 190 406 82 108 136 61 270 116 281 87 239 248 217 95 75 215 93 122 72 102 42 41 76 42 191
internal_count=877 687 190 406 82 108 136 61 270 116 281 87 239 248 217 95 75 215 93 122 72 102 42 41 76 42 191
is_linear=0
shrinkage=0.03


Tree=75
num_leaves=29
num_cat=0
split_feature=35 4 22 15 2 40 36 31 36 32 2 20 36 14 1 8 28 25 15 25 31 23 34 24 38 25 1 4
split_gain=8.55426 2.11431 0.616336 0.339162 0.482257 0.283298 0.429437 0.119816 0.0667722 0.0660177 0.0565667 0.0478691 0.0472504 0.0422469 0.0282392 0.0227341 0.0197412 0.0255271 0.0160235 0.0127283 0.012392 0.0148296 0.0106213 0.00705017 0.0112842 0.00652284 0.00501757 0.00117582
threshold=53803.670000000006 228990.41500000001 6.7999999999999989 -0.39827153806311183 154143.50000000003 0.30577651955615121 36784.362857142864 349867.32500000013 58326.840357142864 3479.6521428571432 324082.51000000007 2.8500000000000001 289617.6158333334 -0.69057362043749781 196191.60619928598 0.97392997250994273 1547.1428571428573 15.105000000000002 0.73721509932751383 16.395000000000003 226552.34500000003 0.65000000000000047 13828.050000000001 0.15000000000000005 0.019602445741861343 14.635000000000003 313413.88004497497 109372.41000000002
decision_type=8 2 2 2 2 10 2 8 2 2 2 2 2 2 2 2 2 2 2 2 10 10 10 2 10 2 2 2
left_child=2 3 -1 -2 8 -4 9 10 -5 -7 12 13 -3 -10 20 -14 17 -15 -19 -20 21 -6 -17 -13 -25 -12 -27 -26
right_child=1 7 5 4 14 6 -8 -9 11 -11 25 23 15 16 -16 22 -18 18 19 -21 -22 -23 -24 24 27 26 -28 -29
leaf_value=-0.00090561876802340796 -0.0033805842613946879 0.0014314419895942721 -0.0097575431529964719 0.0011482051140046677 0.0024752371391281482 -0.0053816689261131818 -0.0018905566539615391 0.0051792994549032297 -0.0020189572123648679 -0.0072002358782504283 0.0028288501024944708 0.00041436913982033726 0.0038912695581498347 -0.0001131141887084153 0.0027818224782293496 0.0020574995228911145 0.00017740964685799553 -0.00052649249570094984 -0.00094426178706011592 -0.0020029789794768602 0.00099824735701986361 0.0013322900846186609 0.0029635628761025146 -0.00071356934495270252 -1.5045151521917432e-05 0.0031047907271064242 0.0039233343476768245 0.00029482332898104298
leaf_weight=22 23 27 20 23 24 53 23 31 22 69 29 29 22 36 32 33 23 31 27 20 23 26 47 20 23 38 87 20
leaf_count=22 23 27 20 23 24 53 23 31 22 69 29 29 22 36 32 33 23 31 27 20 23 26 47 20 23 38 87 20
internal_value=2.71994e-05 0.00152068 -0.00566882 7.84045e-05 0.000296661 -0.00629463 -0.00575342 0.00336104 -0.000366836 -0.00646038 0.00314434 -0.00050967 0.00262912 -0.000823207 0.0020152 0.00292918 -0.00061795 -0.000778564 -0.00108038 -0.00142712 0.00164609 0.00191868 0.00261983 3.52293e-05 -0.000143043 0.00355617 0.00370111 0.000132505
internal_weight=903 716 187 402 379 165 145 314 274 122 283 251 129 159 105 102 137 114 78 47 73 50 80 92 63 154 125 43
internal_count=903 716 187 402 379 165 145 314 274 122 283 251 129 159 105 102 137 114 78 47 73 50 80 92 63 154 125 43
is_linear=0
shrinkage=0.03


Tree=76
num_leaves=31
num_cat=0
split_feature=2 2 14 36 26 2 22 7 3 35 18 2 15 28 15 36 8 40 14 14 23 17 6 23 38 31 28 7 31 8
split_gain=7.68862 1.96112 0.577026 0.326348 0.276765 0.375199 0.167717 0.0817979 0.0652591 0.0471884 0.0325862 0.0281124 0.0276328 0.0539826 0.0193311 0.0333313 0.027726 0.015217 0.0137801 0.0134679 0.0113468 0.0130915 0.0117419 0.0107908 0.0090768 0.00615693 0.011184 0.00549477 0.00486041 0.0045317
threshold=78813.720000000016 246495.60000000003 -0.47463538638689146 40798.559166666673 18.550000000000004 144780.11000000002 10.850000000000003 440068.74500000005 83446.000000000015 23966.680000000004 18.900000000000002 88867.845000000016 -0.065537083312030994 28950.071428571431 0.5475998096715059 228452.05500000002 1.0128299952025286 0.68058002212888347 0.62837760187664593 0.95998215779580554 2.1500000000000008 27.850000000000005 105320.57142857143 1.0000000180025095e-35 0.0051193846166433001 228200.33000000005 37501.828571428581 346493.10250000004 3604.4250000000006 1.034248843803349
decision_type=2 2 2 2 2 2 2 2 2 8 2 2 2 2 2 2 2 10 2 2 10 2 2 8 10 10 2 2 10 2
left_child=2 4 3 10 5 8 -4 12 -2 28 -1 -10 27 -14 -7 -16 -17 25 20 29 23 22 -22 24 -13 -15 -27 -3 -8 -20
right_child=1 7 6 -5 -6 14 9 -9 11 -11 -12 18 13 17 15 16 -18 -19 19 -21 21 -23 -24 -25 -26 26 -28 -29 -30 -31
leaf_value=-0.0052639053532710436 0.0012555154346461806 0.0038549110945314169 -0.0096588136772201814 -0.00022102072834968565 -0.0029141321695513194 0.0010563789816594427 -0.0058550245751227649 0.0051623118722013061 -0.0015406471131635562 -0.0044884154386818408 -0.0033358185392405302 -0.0010684313923543828 0.0016226418327476659 0.0039958918975158166 0.002988245492072209 0.0008183098060752464 0.0022269638860598208 0.0022956211102427913 0.00050456403011384489 -0.00054365556735052343 0.00052951373164946943 -0.00072167874340500141 -0.00045183099324016694 -0.0014059113777641738 -0.00028320977022254691 0.0025279519493183627 0.0034196005406556653 0.0029267829037722078 -0.0076191826473022322 -5.3695403427506482e-05
leaf_weight=38 20 59 21 20 26 32 34 20 20 20 20 21 32 21 22 27 26 31 25 33 22 34 20 20 36 43 53 30 28 26
leaf_count=38 20 59 21 20 26 32 34 20 20 20 20 21 32 21 22 27 26 31 25 33 22 34 20 20 36 43 53 30 28 26
internal_value=-7.07275e-05 0.00135758 -0.00556384 -0.00354413 2.20665e-05 0.000227924 -0.00704455 0.00324565 -0.000355683 -0.00626673 -0.00466686 -0.000485449 0.00308456 0.00282213 0.00172806 0.00199698 0.00153779 0.00306884 -0.000390303 -8.01812e-05 -0.00055894 -0.000293096 6.25666e-05 -0.00081421 -0.000585935 0.00325252 0.00305039 0.00357805 -0.00676003 0.000224402
internal_weight=880 699 181 78 410 384 103 289 277 82 58 257 269 180 107 75 53 148 237 84 153 76 42 77 57 117 96 89 62 51
internal_count=880 699 181 78 410 384 103 289 277 82 58 257 269 180 107 75 53 148 237 84 153 76 42 77 57 117 96 89 62 51
is_linear=0
shrinkage=0.03


Tree=77
num_leaves=30
num_cat=0
split_feature=6 1 22 40 35 3 31 2 2 26 7 36 41 11 9 11 41 39 23 26 1 2 5 22 8 29 32 38 38
split_gain=7.7123 2.10003 0.429654 0.37592 0.423478 0.183725 0.08471 0.0699135 0.0633959 0.0364044 0.0324499 0.0498495 0.022644 0.0223223 0.0191435 0.0216981 0.0224404 0.0163157 0.0160645 0.00980872 0.00643845 0.0163189 0.0129723 0.0105456 0.00757328 0.00406837 0.00352454 0.001297 0.000896572
threshold=77669.498166666672 187396.2168719288 6.7999999999999989 0.30825101513251413 35704.490000000013 224543.69500000004 349867.32500000013 13722.005000000003 133638.85500000001 9.4500000000000011 199997.13344393598 238435.74809523814 1.2414193998657084 5.5000000000000009 0.85136992680892598 5.5000000000000009 0.92124255494058871 0.75040651058044505 5.7500000000000009 7.7500000000000009 101314.81478661593 94913.000000000015 107443.25500000002 9.3000000000000043 0.99284282088017439 616.36000000000013 104464.60595238097 0.005002754948595158 0.78255801052103036
decision_type=2 2 2 10 10 2 8 2 2 2 2 2 10 2 2 2 10 10 8 2 2 2 2 2 2 10 2 10 10
left_child=2 8 -1 -4 7 9 12 -5 14 -3 11 -11 13 18 -2 16 19 -14 25 -16 21 -21 23 -23 -22 -7 -25 -20 -9
right_child=1 5 3 4 -6 6 -8 28 -10 10 -12 -13 17 -15 15 -17 -18 -19 27 20 24 22 -24 26 -26 -27 -28 -29 -30
leaf_value=-0.0014498480618931353 -0.00125876904236905 0.00061926015735869959 -0.0097001767158508296 -0.0075737120956182484 -0.0017349197953525517 0.0024854352787650863 0.0049169137179851533 -0.0057305976335818949 0.0010983845159411429 0.0027007792597370486 0.0028649709364981391 0.00077001845455924921 0.0029178188413381575 0.0023159506615071045 0.00020028598394922234 -0.0010833037268215169 0.00048003360489383336 0.0015892549277383035 0.0031954833616813024 -0.0010862355062272399 -0.00033186298850923772 0.00053340621131400649 -0.00068383789831592194 -0.00051039334710886969 -0.0010614757598077337 0.0032487930529085649 3.7584186330522319e-05 0.0041635596851507814 -0.0043503072432109283
leaf_weight=23 25 20 21 29 26 28 29 64 24 20 31 31 24 30 21 35 29 20 26 21 24 25 30 20 30 104 21 44 20
leaf_count=23 25 20 21 29 26 28 29 64 24 20 31 31 24 30 21 35 29 20 26 21 24 25 30 20 30 104 21 44 20
internal_value=0.000116764 0.00152976 -0.00535924 -0.00590872 -0.00527071 0.0029375 0.0033087 -0.0060619 -0.000352227 0.00180622 0.00208477 0.00156456 0.00312258 0.00325594 -0.000479578 -0.000398883 -0.000286099 0.00236266 0.00338344 -0.000403705 -0.000478612 -0.000348466 -0.000177545 5.93605e-05 -0.000749133 0.00310677 -0.00023551 0.00385406 -0.005457
internal_weight=895 712 183 160 139 407 305 113 305 102 82 51 276 232 281 256 221 44 202 192 171 117 96 66 54 132 41 70 84
internal_count=895 712 183 160 139 407 305 113 305 102 82 51 276 232 281 256 221 44 202 192 171 117 96 66 54 132 41 70 84
is_linear=0
shrinkage=0.03


Tree=78
num_leaves=30
num_cat=0
split_feature=6 4 14 34 10 24 26 31 32 31 15 28 23 24 28 11 23 38 17 6 31 35 26 14 5 8 31 25 10
split_gain=6.80208 1.68053 0.488766 0.253298 0.223701 0.195496 0.181362 0.200786 0.0652357 0.0593729 0.052179 0.044064 0.0366508 0.027807 0.0256891 0.0246964 0.0241198 0.0236165 0.0131682 0.0136555 0.0104491 0.0101654 0.00607404 0.00904128 0.00524936 0.00514303 0.00425762 0.00627196 0.00339808
threshold=77669.498166666672 228990.41500000001 -0.47463538638689146 3457.0000000000005 0.93182185097730585 0.95000000000000007 18.200000000000006 181830.785 12573.593928571432 295920.01500000007 -0.065537083312030994 28950.071428571431 2.3500000000000001 0.15000000000000005 42553.30523809525 5.5000000000000009 7.4500000000000002 0.023657697314064877 25.850000000000005 100467.85928571429 89880.000000000015 454743.59000000008 10.450000000000001 0.32917936166072764 105276.03000000001 0.97139966905852526 247544.09500000003 17.185000000000006 1.0478789714599996
decision_type=2 2 2 10 2 2 2 10 2 8 2 2 8 2 2 2 8 10 2 2 10 8 2 2 2 2 10 2 2
left_child=2 3 4 6 13 8 7 15 -4 10 28 -12 -5 -1 26 16 18 -9 20 -20 -2 -11 -21 -24 -25 -22 -13 -28 -3
right_child=1 9 5 12 -6 -7 -8 17 -10 21 11 14 -14 -15 -16 -17 -18 -19 19 22 25 -23 23 24 -26 -27 27 -29 -30
leaf_value=-0.0053265648048657641 -0.0012307211196141154 0.0036888794625564562 -0.0063480760285165158 0.001153632660026905 -0.0010130095921663774 -0.0094144701957702623 -0.0029632316677764589 0.00079302250421605996 -0.0039767387102950698 0.0033127382165956789 0.0014057809098934134 0.0032268665207084266 0.0029366697296063647 -0.0033808931378139688 0.0015941309120336717 -0.0011265906691551207 0.00066604029653327798 0.0020900277303371696 0.00048902967912991613 0.00010562712136148051 -0.00076149304788486916 0.0045204556650585591 -0.00092077934541381315 0.0001068306390516227 -0.00050605752893413106 -0.00023896915557270403 0.0018980758956500463 0.0028451412800397421 0.0027584971077740193
leaf_weight=25 22 52 63 22 26 20 20 24 21 40 35 47 23 21 21 38 20 31 21 21 31 26 25 23 26 39 20 36 24
leaf_count=25 22 52 63 22 26 20 20 24 21 40 35 47 23 21 21 38 20 31 21 21 31 26 25 23 26 39 20 36 24
internal_value=-1.88578e-05 0.00133052 -0.00526379 1.8996e-05 -0.00329071 -0.00658542 -0.00026217 -8.51997e-05 -0.005809 0.00300677 0.00275496 0.00241062 0.00210899 -0.00452916 0.00268072 -0.000427493 -0.000306566 0.00154833 -0.000402826 -0.00018767 -0.000669173 0.00384887 -0.000340793 -0.000467198 -0.000221992 -0.000477839 0.0028848 0.00254614 0.00343471
internal_weight=863 687 176 386 72 104 341 321 84 301 235 159 45 46 124 266 228 55 208 116 92 66 95 74 49 70 103 56 76
internal_count=863 687 176 386 72 104 341 321 84 301 235 159 45 46 124 266 228 55 208 116 92 66 95 74 49 70 103 56 76
is_linear=0
shrinkage=0.03


Tree=79
num_leaves=29
num_cat=0
split_feature=38 1 2 41 40 31 31 36 1 1 1 24 28 11 11 31 22 10 40 29 7 40 30 24 38 7 41 13
split_gain=6.64836 1.71447 0.185371 0.195843 0.17509 0.158886 0.106344 0.0764779 0.0534471 0.0425837 0.041079 0.0261954 0.0193439 0.0192076 0.0190143 0.0180419 0.0141746 0.0106758 0.00941152 0.00810459 0.00564358 0.00811372 0.00559865 0.00547503 0.0051896 0.00641081 0.00258781 0.00119047
threshold=0.43542413629609567 247746.03575630256 144780.11000000002 1.1926668712818804 0.53292757618129827 51561.735000000008 365932.36000000004 164886.55214285717 196191.60619928598 316700.65054954961 80702.028778364634 0.15000000000000005 39019.276333333335 5.5000000000000009 2.5000000000000004 106051.35000000002 6.950000000000002 1.0250569852726339 0.3556992578498081 1083.0000000000002 94891.071428571449 0.60094737239865614 2464.428571428572 1.9500000000000002 0.018667100719297024 98435.250000000015 1.087788280732495 2.5000000000000004
decision_type=10 2 2 10 8 10 8 2 2 2 2 2 2 2 2 10 2 2 10 10 2 8 2 2 10 2 10 2
left_child=1 2 5 8 27 -1 7 -3 18 11 -7 12 26 14 17 24 -11 20 -4 -19 -12 -22 -17 -6 25 -16 -9 -2
right_child=4 6 3 -5 23 10 -8 9 -10 16 13 -13 -14 -15 15 22 -18 19 -20 -21 21 -23 -24 -25 -26 -27 -28 -29
leaf_value=0.0019567041713744403 -0.0064508718343413603 0.00094189697078296119 0.0016234331081520666 -0.0014916297207985606 -0.0040610880078747868 -0.0017296171444468199 0.0050994753092527389 0.0033154420957577473 0.0030914270013038601 0.0027109967465512451 -0.00043632609973428768 0.0016738236039964248 0.0020616153455697574 -0.0011178072306211107 -0.00019097090149039608 3.5135488558028419e-05 0.0036534327112271313 0.0001831088838766196 0.00083425175033284928 -0.00058925837790593512 -0.001507556566835514 -0.00061041049925344331 0.00071039626230485727 -0.0028782601224258538 -3.0924498827921021e-06 -0.00088048333360347887 0.0026249974990344561 -0.0053716143836908337
leaf_weight=24 48 20 36 20 23 23 20 48 20 39 20 31 38 31 26 20 83 20 28 29 20 20 24 24 26 23 45 76
leaf_count=24 48 20 36 20 23 23 20 48 20 39 20 31 38 31 26 20 83 20 28 29 20 20 24 24 26 23 45 76
internal_value=8.21039e-05 0.00132451 3.44206e-05 0.00112244 -0.0052275 -0.000337815 0.0029519 0.00279436 0.00175506 0.00292105 -0.000539317 0.00255934 0.00275462 -0.000427369 -0.000329023 -6.5613e-05 0.00337665 -0.000613387 0.00129631 -0.000276649 -0.000879347 -0.00108481 0.000411061 -0.00352964 -0.000346991 -0.000525756 0.00301284 -0.00583766
internal_weight=905 734 410 104 171 306 324 304 84 284 282 162 131 259 228 119 122 109 64 49 60 40 44 47 75 49 93 124
internal_count=905 734 410 104 171 306 324 304 84 284 282 162 131 259 228 119 122 109 64 49 60 40 44 47 75 49 93 124
is_linear=0
shrinkage=0.03


Tree=80
num_leaves=30
num_cat=0
split_feature=35 36 14 21 6 25 25 1 36 15 1 22 14 15 4 30 4 25 36 23 41 30 26 25 24 28 1 8 25
split_gain=6.14054 1.66449 0.451545 0.273376 0.20923 0.129894 0.19142 0.0594442 0.0478362 0.0392742 0.0267712 0.020986 0.0367876 0.0241051 0.0205237 0.0192296 0.0234517 0.0187961 0.0161714 0.0152682 0.0148118 0.0147546 0.0142917 0.0132137 0.00999212 0.00882699 0.0125237 0.00592656 0.00507974
threshold=55063.750000000007 175800.42083333337 -0.53402660245708555 1.5500000000000009 197951.72928571433 21.355000000000004 17.915000000000003 316700.65054954961 58326.840357142864 -0.16799793862756093 82746.899132961131 10.65 0.68037272099988588 0.90438663683299525 443580.815 6783.5714285714294 186598.67500000002 15.905000000000003 110756.22928571429 3.0500000000000012 0.74008341752176066 1530.6071428571431 10.450000000000001 15.755000000000001 0.35000000000000003 30577.785714285717 307704.63664793415 0.98699278365446685 15.365
decision_type=8 2 2 2 2 2 2 2 2 2 2 2 2 2 2 2 2 2 2 8 8 2 2 2 2 2 2 2 2
left_child=2 8 3 -1 15 6 -4 9 -2 -6 -10 18 13 -13 28 -3 -17 -5 20 25 -12 -20 -23 -22 -25 -11 -27 -21 -9
right_child=1 4 5 17 7 -7 -8 14 10 19 11 12 -14 -15 -16 16 -18 -19 21 27 23 22 -24 24 -26 26 -28 -29 -30
leaf_value=5.2199338762355698e-05 0.00099708982870321374 0.0018229420204443159 -0.0056897356436820699 -0.0047211837126263255 0.0036076684194532305 -0.0036579383291642773 -0.0093415607365646535 0.0024659880929227386 -0.0013973385058343411 0.0013867584455081008 0.00023683519139885902 -0.0018963670981331513 3.4205307636190863e-05 -0.00057243368821218604 0.0045776465428727011 0.00020529297089928554 0.0015013982215896248 -0.0030640078921403201 0.00083069268698719408 0.003373882339469024 -0.00010960252369254557 0.00038715522168204189 -0.00064955334077872651 -0.00049357388039223023 -0.0013933975954370742 0.0026695048859393276 0.0017272496793884783 0.0024252387856443722 0.003410133157599846
leaf_weight=20 21 31 69 28 32 21 20 20 24 21 24 25 33 26 20 26 24 20 21 20 30 24 22 26 21 36 35 44 86
leaf_count=20 21 31 69 28 32 21 20 20 24 21 24 25 33 26 20 26 24 20 21 20 30 24 22 26 21 36 35 44 86
internal_value=6.47313e-05 0.00134412 -0.00488878 -0.0029009 0.00261745 -0.00608044 -0.00660505 0.00296857 -0.000352481 0.00259525 -0.000458395 -0.000363802 -0.000748215 -0.00124541 0.00350077 0.00123673 0.000844664 -0.00410732 -0.000168306 0.00236591 -0.000406451 0.000191388 -0.000111933 -0.000607422 -0.000916276 0.00205872 0.00223545 0.00276903 0.0032567
internal_weight=870 692 178 68 395 110 89 314 297 188 276 252 84 51 126 81 50 48 168 156 101 67 46 77 47 92 71 64 106
internal_count=870 692 178 68 395 110 89 314 297 188 276 252 84 51 126 81 50 48 168 156 101 67 46 77 47 92 71 64 106
is_linear=0
shrinkage=0.03


Tree=81
num_leaves=31
num_cat=0
split_feature=2 2 14 26 2 17 13 32 4 32 35 40 27 11 10 1 15 25 15 24 1 24 38 26 10 30 17 17 6 5
split_gain=5.84067 1.46622 0.403231 0.334846 0.311544 0.246253 0.175778 0.0883804 0.0815183 0.0621818 0.0484466 0.0252762 0.0306175 0.0233307 0.0216983 0.0212687 0.0166193 0.0152188 0.0139126 0.021198 0.011685 0.00950353 0.0112179 0.0150532 0.00984156 0.0098197 0.00771915 0.00840447 0.00610994 0.00121404
threshold=78813.720000000016 246495.60000000003 -0.47463538638689146 18.750000000000004 144780.11000000002 16.850000000000005 11.500000000000002 52739.821428571442 443580.815 2510.7992857142863 11502.265000000003 0.27725708521005243 22207.500000000004 5.5000000000000009 1.031800604063202 316700.65054954961 0.73721509932751383 15.105000000000002 -0.16799793862756093 0.25000000000000006 314238.59084887622 0.15000000000000005 0.046188455719104814 13.950000000000001 1.0471272007832984 3166.051904761905 28.750000000000004 26.650000000000002 96308.549642857164 307725.37000000005
decision_type=2 2 2 2 2 2 2 2 2 2 8 10 10 2 2 2 2 2 2 2 2 2 10 2 2 2 2 2 2 2
left_child=2 3 5 4 7 9 10 -2 13 -1 -4 -6 14 15 -13 18 21 -18 -3 20 29 25 23 24 -23 -9 27 -17 -19 -20
right_child=1 8 6 -5 11 -7 -8 16 -10 -11 -12 12 -14 -15 -16 26 17 28 19 -21 -22 22 -24 -25 -26 -27 -28 -29 -30 -31
leaf_value=-0.0025051622505166699 0.0016341231553815305 0.0033137286712343877 -0.0058766742076425413 -0.0035020420490764082 0.0022513094638707118 -0.00014640761672386101 -0.0086277033601488383 0.00038530334740733872 0.0046721135857312572 -0.0048473773470946715 -0.0040293176353655077 9.2956721782684316e-05 0.002015431678155437 0.0018742994768156981 0.0014004228669016257 0.003232603937768462 -0.00012739522074679694 -0.0012475406149910254 0.0023114942516096765 0.0014661194913089275 0.0018869769812694616 -0.00067270024499686604 0.00017482457813457585 -0.0011234614016887334 0.00021726021664622035 -0.00033684886991977689 0.0039045860754469263 0.002170263345220259 -0.00064310083116996236 0.0030302624650141025
leaf_weight=20 20 25 55 21 39 20 20 38 22 34 32 23 29 35 22 43 30 32 26 24 27 21 23 27 22 29 25 20 36 46
leaf_count=20 20 25 55 21 39 20 20 38 22 34 32 23 29 35 22 43 30 32 26 24 27 21 23 27 22 29 25 20 36 46
internal_value=1.95369e-05 0.00125483 -0.00477244 9.96917e-05 0.000301575 -0.00300455 -0.00595595 -0.000239206 0.00287327 -0.00404121 -0.0052507 0.00162242 0.00126538 0.0027106 0.000748711 0.00282619 -0.000390174 -0.000696089 0.00255354 0.00237356 0.00257668 -0.000199641 -0.000394293 -0.000581117 -0.000222782 7.2373e-05 0.00325089 0.00293453 -0.000941501 0.00280593
internal_weight=886 705 181 412 391 74 107 278 293 54 87 113 74 271 45 236 258 98 148 123 99 160 93 70 43 67 88 63 68 72
internal_count=886 705 181 412 391 74 107 278 293 54 87 113 74 271 45 236 258 98 148 123 99 160 93 70 43 67 88 63 68 72
is_linear=0
shrinkage=0.03


Tree=82
num_leaves=29
num_cat=0
split_feature=7 4 34 40 26 2 22 31 11 39 13 11 23 14 7 8 36 11 31 25 39 26 10 29 41 32 18 11
split_gain=5.01096 1.28971 0.916851 0.325039 0.291512 0.301768 0.113029 0.0729719 0.0329147 0.0293519 0.0298296 0.0259915 0.0206622 0.0185816 0.0181009 0.0161923 0.0109164 0.00984043 0.0171237 0.0169105 0.0124914 0.0158018 0.0113261 0.00981266 0.00949008 0.00808977 0.0065663 0.00208017
threshold=81593.79222619049 228990.41500000001 51.500000000000007 0.34199300842270219 18.350000000000005 144780.11000000002 9.5500000000000025 341480.18000000005 1.5000000000000002 0.66482181250502836 3.5000000000000004 5.5000000000000009 1.2500000000000002 0.094468741652255758 15536.857592592594 1.0288690151159683 339446.0735714286 2.5000000000000004 106051.35000000002 20.485000000000003 0.96166911007336553 9.1500000000000004 1.040061591966378 435.00000000000006 1.0395254999543213 99752.290476190494 31.550000000000004 4.5000000000000009
decision_type=2 2 10 8 2 2 2 8 2 10 2 2 10 2 2 2 2 2 10 2 10 2 2 10 8 2 2 2
left_child=2 4 3 -1 5 11 -5 9 -7 -3 15 17 13 -10 -8 16 -11 19 25 20 -2 -22 -20 24 -12 26 -19 -25
right_child=1 7 -4 6 -6 8 14 -9 12 10 23 -13 -14 -15 -16 -17 -18 18 22 -21 21 -23 -24 27 -26 -27 -28 -29
leaf_value=-0.0078363958964390405 -0.0011546787307060394 0.0013355637062340974 0.00075409237761050465 -0.0025927255076159529 -0.0033924333046057393 0.0024901676550507543 -0.005554823636927682 0.0039976552384905512 0.0022766128032589736 0.0028272124827914947 0.0028291698221582918 -0.0010753589616198202 0.00061254651028467644 0.00099119607359170908 -0.0042822937667369842 0.0014880509361286055 0.0018975125242556845 0.00021024964575190095 0.00097922760560842479 0.0001998969383368438 0.00027215059382243727 -0.00073878415370321208 2.4181521870195866e-05 0.0032771398588859785 0.001734410033942285 -0.00077190416366127975 -0.00047707593176580431 0.0024797591753304006
leaf_weight=34 25 22 27 28 20 28 45 35 22 36 24 33 30 23 53 32 34 30 20 32 22 35 24 71 21 20 20 23
leaf_count=34 25 22 27 28 20 28 45 35 22 36 24 33 30 23 53 32 34 30 20 32 22 35 24 71 21 20 20 23
internal_value=1.43275e-06 0.00119526 -0.00433571 -0.00519397 4.47973e-05 0.000242433 -0.00442484 0.00267262 0.00160918 0.00248181 0.0025805 -0.000301017 0.00125184 0.00165545 -0.00491683 0.00213714 0.00240873 -0.000184735 1.26737e-05 -0.000380538 -0.000606728 -0.000350634 0.000470407 0.00288825 0.00236709 -0.000277618 -6.86442e-05 0.00311019
internal_weight=869 682 187 160 384 364 126 298 103 263 241 261 75 45 98 102 70 228 114 114 82 57 44 139 45 70 50 94
internal_count=869 682 187 160 384 364 126 298 103 263 241 261 75 45 98 102 70 228 114 114 82 57 44 139 45 70 50 94
is_linear=0
shrinkage=0.03


Tree=83
num_leaves=32
num_cat=0
split_feature=35 4 26 2 22 40 19 31 19 19 35 6 14 2 27 30 25 34 9 38 36 22 2 18 24 5 8 5 4 4 32
split_gain=5.25659 1.35756 0.411733 0.367551 0.309589 0.262424 0.214583 0.0764861 0.0391988 0.0530331 0.036367 0.0338729 0.0337079 0.0335949 0.024397 0.0224679 0.0212563 0.0208258 0.0206477 0.0148009 0.00959227 0.00933568 0.00807642 0.00670557 0.00818121 0.00763183 0.0101091 0.0128227 0.00869583 0.00205596 0.00193257
threshold=53803.670000000006 228990.41500000001 19.150000000000002 144780.11000000002 6.7999999999999989 0.311214761840585 10.750000000000002 352858.18000000011 24.150000000000002 23.050000000000004 257458.12500000003 82836.818571428579 -0.064461972558210262 13722.005000000003 33709.500000000007 2289.2495714285719 19.805000000000003 237.50000000000003 0.88639552336502825 0.046188455719104814 238435.74809523814 6.950000000000002 324082.51000000007 32.45000000000001 0.15000000000000005 104453.57000000002 1.0534658600690532 93834.500000000015 106745.28500000002 310809.87000000005 232318.6735714286
decision_type=8 2 2 2 2 10 2 8 2 2 10 2 2 2 10 2 2 10 2 10 2 2 2 2 2 2 2 2 2 2 2
left_child=4 2 3 11 -1 -6 13 8 9 12 16 -2 30 -7 -14 22 20 18 -13 23 -5 -17 -10 25 -25 26 27 -20 -27 -16 -3
right_child=1 7 -4 10 5 6 -8 -9 15 -11 -12 17 14 -15 29 21 -18 -19 19 -21 -22 -23 -24 24 -26 28 -28 -29 -30 -31 -32
leaf_value=-0.0010986735009249639 0.0007870966650609096 0.0035027653366327283 -0.004095508086362055 0.0022042977296072861 -0.0082927292745028219 -0.0062716202118567061 -0.0020063738050807192 0.0043102067017229267 0.0017918956971594265 0.00095600535627454514 0.0028503220414065502 -0.0011385544430231676 0.0011339166043326258 -0.004647305282475105 0.0018084399295704703 0.0027418041630121676 0.00080675576387771535 -0.0011732869773855312 -0.00030477500013408385 0.00036829827115833459 0.001229830948445438 0.0040246287754012481 0.002758108920417726 0.00034376957444474102 -0.00042380947228521103 0.00024049022672697901 -0.00017611936200410128 -0.0013115832224038654 -0.00052444217285012892 0.0025125797869677241 0.0025487177656032143
leaf_weight=21 21 24 20 28 20 27 27 24 20 29 21 25 24 86 20 22 34 30 20 30 21 26 44 24 24 24 27 28 28 46 23
leaf_count=21 21 24 20 28 20 27 27 24 20 29 21 25 24 86 20 22 34 30 20 30 21 26 44 24 24 24 27 28 28 46 23
internal_value=-3.73943e-05 0.0011316 -4.6484e-06 0.000217923 -0.00458471 -0.00503259 -0.00451134 0.00265037 0.00249214 0.00216668 0.00173261 -0.00034683 0.00241416 -0.00508703 0.00202655 0.00295107 0.00141925 -0.000441081 -0.00034091 -0.000238582 0.00181962 0.00350462 0.00248838 -0.00034412 -4.08367e-05 -0.000457532 -0.000649573 -0.000906861 -0.00017352 0.00232938 0.00309872
internal_weight=888 707 405 385 181 160 140 302 278 166 104 281 137 113 90 112 83 260 230 205 49 48 64 175 48 127 75 48 52 66 47
internal_count=888 707 405 385 181 160 140 302 278 166 104 281 137 113 90 112 83 260 230 205 49 48 64 175 48 127 75 48 52 66 47
is_linear=0
shrinkage=0.03


Tree=84
num_leaves=29
num_cat=0
split_feature=6 1 40 17 22 2 14 31 32 1 11 14 2 32 24 28 15 15 11 17 35 38 25 26 18 17 27 26
split_gain=4.99533 1.19033 0.297187 0.466214 0.137241 0.255046 0.117706 0.0999971 0.0635329 0.0412176 0.0373975 0.032297 0.0290306 0.024977 0.0195088 0.020356 0.0194086 0.0151337 0.0192136 0.015238 0.0114146 0.0102875 0.0093071 0.00891005 0.00690094 0.00322147 0.00252037 0.00229255
threshold=77669.498166666672 247746.03575630256 0.30825101513251413 16.850000000000005 4.8500000000000005 144780.11000000002 -0.71504373327588355 365932.36000000004 118269.98666666668 196191.60619928598 5.5000000000000009 0.97696484778429815 333481.62000000005 53891.069285714293 0.15000000000000005 39293.450000000004 0.73721509932751383 0.49626980634301188 2.5000000000000004 28.150000000000002 112370.8 0.022671648914494736 15.745000000000003 10.65 18.100000000000005 25.350000000000005 27751.500000000004 15.550000000000002
decision_type=2 2 8 2 2 2 2 8 2 2 2 2 2 2 2 2 2 2 2 2 8 10 2 2 2 2 10 2
left_child=2 4 -1 6 -2 10 24 8 -3 21 13 -8 14 -6 15 25 17 18 19 -15 -20 -7 -18 -14 -4 -10 -25 -28
right_child=1 7 3 -5 5 9 11 -9 12 -11 -12 -13 23 16 -16 -17 22 -19 20 -21 -22 -23 -24 26 -26 -27 27 -29
leaf_value=-0.0078490642255002793 -0.0023039870263765689 0.00062941121735743107 -0.0037648450117558235 -0.00038190027116797866 0.00069630158179991302 0.001357529659426826 -0.0057171494203309215 0.0045126263052225109 0.002949171755462885 0.002387731727895102 -0.0012627747025046692 -0.0039052721262787995 0.0021540884147848815 -0.0012866464356193319 0.0014301978230574415 0.0015288878437131643 -0.00037942620760683589 0.00042877295774153686 -0.00040833026692271227 -0.00018381667368964333 0.0004534484865143895 0.00056994670725543986 -0.0010787053124953966 0.0023468691655232207 -0.0025453672012580291 0.0022644044431474279 0.0033991459506037443 0.0025331887602806089
leaf_weight=21 22 20 23 27 22 33 71 20 32 28 37 22 30 23 37 29 35 32 24 22 30 31 36 22 20 50 45 23
leaf_count=21 22 20 23 27 22 33 71 20 32 28 37 22 30 23 37 29 35 32 24 22 30 31 36 22 20 50 45 23
internal_value=-0.000105675 0.00107736 -0.00447912 -0.00399975 -5.8522e-05 8.75351e-05 -0.00470996 0.00245604 0.0022981 0.00143697 -0.000391798 -0.00533464 0.00241983 -0.000242958 0.00210082 0.00230959 -0.00034818 -0.000129615 -0.000312587 -0.000763202 6.99754e-05 0.000990682 -0.000744048 0.00279266 -0.00326839 0.00256394 0.00297951 0.00314721
internal_weight=867 683 184 163 375 353 136 308 288 92 261 93 268 224 148 111 202 131 99 45 54 64 71 120 43 82 90 68
internal_count=867 683 184 163 375 353 136 308 288 92 261 93 268 224 148 111 202 131 99 45 54 64 71 120 43 82 90 68
is_linear=0
shrinkage=0.03


Tree=85
num_leaves=33
num_cat=0
split_feature=2 2 13 19 26 2 14 3 6 24 40 15 36 5 20 19 38 25 9 7 1 24 18 18 38 6 40 28 26 25 25 25
split_gain=4.91276 1.18328 0.338275 0.548398 0.21049 0.17702 0.127162 0.0811799 0.06475 0.0366143 0.0289738 0.0283527 0.0320354 0.0245963 0.0226655 0.0237403 0.0259519 0.0206789 0.0189813 0.0146288 0.0144374 0.0104507 0.00869299 0.00826049 0.00731928 0.00666956 0.00660123 0.00533947 0.00479542 0.00237357 0.00161594 0.00024689
threshold=78813.720000000016 246495.60000000003 11.500000000000002 15.15 18.550000000000004 144780.11000000002 -0.71504373327588355 83446.000000000015 443879.0735714286 1.7500000000000002 0.81038761383144908 0.5475998096715059 238435.74809523814 312904.9150000001 1.8499999999999999 18.650000000000002 0.0051193846166433001 19.485000000000003 1.0674906838634055 303821.35681818187 24267.388463571599 0.15000000000000005 33.050000000000004 31.650000000000002 0.022020139524513711 104480.55285714287 0.75413629545450245 30577.785714285717 8.8500000000000032 22.195000000000004 15.745000000000003 17.420000000000005
decision_type=2 2 2 2 2 2 2 2 2 2 8 2 2 2 2 2 10 2 2 2 2 2 2 2 10 2 10 2 2 2 2 2
left_child=2 4 3 6 5 7 9 -2 13 -1 11 -7 17 18 15 16 -9 -13 19 27 -8 26 28 -23 -25 -18 -16 -3 -15 -24 -30 -32
right_child=1 8 -4 -5 -6 10 20 14 -10 -11 -12 12 -14 22 21 -17 25 -19 -20 -21 -22 23 29 24 -26 -27 -28 -29 30 -31 31 -33
leaf_value=-0.0037216272825996081 0.0015268642273124145 0.0014343941228331198 -0.0078600716557015067 0.0008396108988173572 -0.0025019356370386148 0.00011184898075751133 -0.0038847215645588357 -0.0010978687158973526 0.0041614582577882246 -0.0018461733417851583 0.0021031960068891445 0.002462371385523251 0.00032647552571936768 0.0018171722166152903 0.00061484590088948599 -0.0014802543769357724 -0.00029199835087638347 0.0010239914957700031 0.0027106261074542996 0.00091887467583133412 -0.0052603818760586099 8.2871650811284773e-05 0.0034083941560238596 -0.00084839729825034735 -0.00017983282929552453 0.00038702302784456504 -0.00010243776148523797 0.0022911060988329924 0.0020877499849302691 0.0025461974954232571 0.0030385314729064702 0.0023847702640767505
leaf_weight=26 22 20 21 20 26 26 25 30 22 20 26 20 21 23 24 24 29 20 24 21 83 38 29 26 34 22 21 25 29 29 29 40
leaf_count=26 22 20 21 20 26 26 25 30 22 20 26 20 21 23 24 24 29 20 24 21 83 38 29 26 34 22 21 25 29 29 29 40
internal_value=-7.3885e-05 0.00110017 -0.00427254 -0.00379712 5.85801e-05 0.000238464 -0.00440083 -0.000179455 0.0025589 -0.00296284 0.00122984 0.000947909 0.00129671 0.00241291 -0.000336346 -0.000668856 -0.000413321 0.0017857 0.00195244 0.00164039 -0.0049805 -8.92456e-05 0.0026323 -0.000262312 -0.000478703 2.72268e-06 0.000285163 0.00194981 0.00241948 0.00302776 0.00254105 0.00269902
internal_weight=895 700 195 174 409 383 154 270 291 46 113 87 61 269 248 105 81 40 90 66 108 143 179 98 60 51 45 45 121 58 98 69
internal_count=895 700 195 174 409 383 154 270 291 46 113 87 61 269 248 105 81 40 90 66 108 143 179 98 60 51 45 45 121 58 98 69
is_linear=0
shrinkage=0.03


Tree=86
num_leaves=30
num_cat=0
split_feature=35 31 14 24 5 15 6 36 6 17 7 31 13 14 1 8 19 28 10 17 38 7 22 1 28 29 25 28 10
split_gain=4.79076 1.14529 0.336243 0.18905 0.154321 0.13435 0.172102 0.0763943 0.0651433 0.0620385 0.0486147 0.0471057 0.0386184 0.0337477 0.0333287 0.0268434 0.0144914 0.0349958 0.0111736 0.0238846 0.00996691 0.00784154 0.0117768 0.00768605 0.00726871 0.0106691 0.00641353 0.00936163 0.00262895
threshold=53803.670000000006 215231.16 -0.54849021228983297 0.95000000000000007 48033.295000000006 -0.61405602385363023 137719.77142857146 58629.440357142863 197951.72928571433 24.650000000000002 15305.124890109893 349867.32500000013 9.5000000000000018 -0.81923160956083974 82746.899132961131 0.90748330880477968 25.050000000000004 28950.071428571431 1.0478789714599996 28.750000000000004 0.024372306883843044 105891.38888888891 10.65 100989.7570187166 128.59523809523813 4497.5000000000009 20.860000000000003 37323.041666666679 0.92880317229863474
decision_type=8 8 2 2 2 2 2 2 2 2 2 8 2 2 2 2 2 2 2 2 10 2 2 2 2 10 2 2 2
left_child=2 5 4 10 13 -2 7 -7 -3 -8 -4 16 -11 -1 -9 -16 17 -10 19 -18 21 22 23 -17 25 -22 27 -19 -24
right_child=1 8 3 -5 -6 6 9 14 11 12 -12 -13 -14 -15 15 20 18 26 -20 -21 24 -23 28 -25 -26 -27 -28 -29 -30
leaf_value=-0.0026949035884031363 -0.002408393887536866 0.00093763279343216576 -0.0050983470699060961 -0.0080306884443218044 -0.00042556515296122857 0.0013838163031984797 0.0024203111831512716 -0.0015789675469965335 0.0011418050618376583 0.0014130993061999399 -0.0031294484504244542 0.0036951784864068028 -9.3847523488464854e-05 -0.0044702053272339982 -0.0013752311432368254 0.00036066148039554395 0.0020509361129786288 0.00200332559668459 0.0021667653300162207 0.0035960074412551791 0.00027229634793475267 -0.00078062459671248991 -0.00031338403566873499 -0.00036329488796384439 0.00045225256676785649 -0.0005970384215022652 0.0017842759909108281 0.0027244415836510799 -0.00078910036866935626
leaf_weight=30 20 28 72 21 20 21 26 21 29 30 21 29 30 23 20 30 20 44 37 32 24 35 20 22 24 25 29 72 27
leaf_count=30 20 28 72 21 20 21 26 21 29 30 21 29 30 23 20 30 20 44 37 32 24 35 20 22 24 25 29 72 27
internal_value=-9.89754e-05 0.00104895 -0.00434822 -0.00537132 -0.00269951 -7.67744e-05 6.09807e-05 -0.000313097 0.00236429 0.00122121 -0.00469178 0.00249743 0.000670439 -0.00353383 -0.000461767 -0.000351942 0.00235186 0.00215324 0.00271194 0.00305166 -0.000246937 -0.000399657 -0.000258512 5.32967e-05 3.50098e-05 -0.000174312 0.00234632 0.00247038 -0.000597414
internal_weight=882 695 187 114 73 375 355 269 320 86 93 292 60 53 248 227 263 174 89 52 207 134 99 52 73 49 145 116 47
internal_count=882 695 187 114 73 375 355 269 320 86 93 292 60 53 248 227 263 174 89 52 207 134 99 52 73 49 145 116 47
is_linear=0
shrinkage=0.03


Tree=87
num_leaves=34
num_cat=0
split_feature=35 4 26 2 14 24 18 35 35 3 27 27 25 35 41 11 33 41 41 2 25 9 11 26 3 25 30 34 23 29 14 2 13
split_gain=4.51941 1.0567 0.408167 0.258888 0.199129 0.251443 0.237208 0.0658836 0.056775 0.0508958 0.0319108 0.0341848 0.0264329 0.0199683 0.0216659 0.018653 0.0151523 0.0214427 0.0159376 0.0131604 0.0116917 0.00927633 0.00893856 0.00980574 0.00885267 0.00779759 0.00526695 0.00479326 0.00382402 0.00359456 0.00298779 0.0028691 0.000440409
threshold=53803.670000000006 228990.41500000001 18.750000000000004 144780.11000000002 -0.71504373327588355 3.3500000000000001 19.550000000000001 464799.60999999999 36746.81500000001 82430.000000000015 24367.000000000004 18302.500000000004 12.785000000000002 237513.31000000003 1.0354170042629496 5.5000000000000009 26049.500000000004 1.2112000422968736 1.1275071527984168 102795.00000000001 19.785000000000004 1.0709805960889078 1.0000000180025095e-35 10.250000000000002 95700.000000000015 20.150000000000002 3928.648333333334 12238.935000000003 3.0500000000000012 1605.0000000000002 -0.65234524191686594 95756.175000000003 3.5000000000000004
decision_type=8 2 2 2 2 2 2 8 10 2 10 10 2 10 10 2 10 10 10 2 2 2 2 2 2 2 2 10 10 10 2 2 2
left_child=4 2 3 9 8 6 -6 12 -1 -2 11 20 -3 -14 26 19 17 27 -18 22 -5 30 -11 31 -25 -23 29 -16 -27 -15 -21 -24 -20
right_child=1 7 -4 10 5 -7 -8 -9 -10 15 -12 -13 13 14 16 -17 18 -19 32 21 -22 25 23 24 -26 28 -28 -29 -30 -31 -32 -33 -34
leaf_value=-0.0032998777991160751 0.0011586163892008533 0.0011952180739492177 -0.0039449511667374853 0.0020225912048631618 -0.0047885581052253901 -0.0079160043810095112 -0.0011353605293801853 0.0040472667291760441 -0.0011509149147812942 -0.0010167597666044127 0.0025167470134329051 0.0002026266843566428 0.0012953525462320872 0.0027644226265450319 0.0016430463801953008 -0.00096037428332860337 0.0018640649698576644 0.00097785823652520769 0.0024264913126826287 6.2404167944226743e-05 0.0010898753913954414 -0.00063617317722393916 -0.0002342584162302639 -0.0010690140801968731 -0.0001963484446010129 -0.00025655513712471084 0.0031908678604153596 0.0024600923401785308 0.00031603487008916481 0.0018901284943733897 0.00055573746096342796 0.00025074767705518753 0.0032213267003712446
leaf_weight=29 21 24 21 30 97 20 20 20 20 21 23 22 20 26 23 37 37 24 29 21 28 25 22 21 21 20 40 28 20 20 23 20 22
leaf_count=29 21 24 21 30 97 20 20 20 20 21 23 22 20 26 23 37 37 24 29 21 28 25 22 21 21 20 40 28 20 20 23 20 22
internal_value=-3.53595e-05 0.00105752 2.68657e-05 0.000259188 -0.00418461 -0.00477795 -0.00417899 0.00235725 -0.00246331 -0.000226793 0.00153239 0.00122182 0.00222851 0.00231593 0.0023924 -0.000346841 0.00215209 0.00177924 0.00244629 -0.00023679 0.00159842 -5.28034e-06 -0.000474801 -0.000328944 -0.000647395 -0.000231688 0.0028179 0.0021303 3.04652e-05 0.0024326 0.000326902 -2.84285e-06 0.00282472
internal_weight=895 709 396 375 186 137 117 313 49 272 103 80 293 269 249 251 163 75 88 214 58 109 105 84 42 65 86 51 40 46 44 42 51
internal_count=895 709 396 375 186 137 117 313 49 272 103 80 293 269 249 251 163 75 88 214 58 109 105 84 42 65 86 51 40 46 44 42 51
is_linear=0
shrinkage=0.03


Tree=88
num_leaves=35
num_cat=0
split_feature=2 2 15 36 29 2 19 6 14 6 26 8 11 39 41 25 38 28 41 39 32 14 6 14 14 39 11 15 29 31 18 17 17 8
split_gain=4.17706 1.05738 0.312111 0.400975 0.228155 0.0968549 0.059975 0.0919544 0.0561683 0.0540675 0.03637 0.0337655 0.0299752 0.0182864 0.0227721 0.0177202 0.0164649 0.0147753 0.0131829 0.0129535 0.0123151 0.0100523 0.00997518 0.00962774 0.0127118 0.00908093 0.00609334 0.00583049 0.00567862 0.00409822 0.00340839 0.00381691 0.00159715 0.000384218
threshold=78813.720000000016 144780.11000000002 0.88917497572200743 40798.559166666673 11356.035000000003 222064.25500000003 22.850000000000005 99618.071428571435 -0.90529520250134576 443879.0735714286 9.4500000000000011 0.91568988662882844 5.5000000000000009 0.67002925370395128 1.2112000422968736 17.310000000000002 0.019602445741861343 1710.1428571428573 1.3421498295190435 0.96825772504554697 3636.8528571428574 -0.67166439702596292 104299.42857142858 0.14569472580964501 0.69287764045535594 0.97793827933064492 5.5000000000000009 -0.15101602693478741 4448.5000000000009 220182.31500000003 32.850000000000001 26.650000000000002 24.050000000000004 1.0379963801496948
decision_type=2 2 2 2 8 2 2 2 2 2 2 2 2 10 10 2 10 2 10 10 2 2 2 2 2 10 2 2 10 10 2 2 2 2
left_child=2 6 3 8 -4 10 12 -8 -1 11 -3 -7 17 -13 26 -12 -17 19 -16 -2 21 -10 -9 -21 -25 27 30 -24 -29 -18 31 32 -15 -23
right_child=1 5 4 -5 -6 9 7 22 20 -11 15 13 -14 14 18 16 29 -19 -20 23 -22 33 25 24 -26 -27 -28 28 -30 -31 -32 -33 -34 -35
leaf_value=-0.00233180263414979 -0.001323900224108781 0.00013828089492480186 -0.0083345363052053888 0.0005676443870565298 -0.0039172738417983053 0.0033919846074169746 0.0019919754448346795 -0.00065748050007511793 -0.0045452570870518688 0.0038381239543245596 0.0022631633945275099 0.0011608287114226682 -0.0016093698783919937 0.0020195406357136863 0.00096643825408536952 0.00054331110668895031 0.0019420769744153534 0.0001818904822721379 0.0020209310748256167 -0.00010090644502810932 -0.0050353499688208106 -0.0029433971660381012 0.00058736056222447324 -0.0011722838755979736 -0.00019791617685847954 -0.00049684518724679954 0.0017627408776897937 0.00028488816415819411 -0.00037001250237649812 0.0011847232282161712 0.0026995022960805467 0.0017469063445680838 0.002617535792551068 -0.003890898201082434
leaf_weight=24 20 21 21 22 27 22 20 27 24 21 23 21 26 35 24 22 20 23 25 36 23 32 20 27 22 24 29 25 21 21 62 28 42 20
leaf_count=24 20 21 21 22 27 22 20 27 24 21 23 21 26 35 24 22 20 23 25 36 23 32 20 27 22 24 29 25 21 21 62 28 42 20
internal_value=2.58245e-05 0.00109445 -0.00387424 -0.00314082 -0.00598048 0.00206299 -0.000292455 0.000163785 -0.00380335 0.00233409 0.00126576 0.00221151 -0.000696768 0.00210154 0.00217713 0.00153632 0.00123975 -0.000500357 0.0015341 -0.000650108 -0.00413321 -0.00379834 -0.000162959 -0.000478018 -0.00074752 -9.00814e-06 0.00232928 0.000173155 -1.55996e-05 0.00159161 0.00241659 0.00222564 0.0023751 -0.00337436
internal_weight=900 707 193 145 48 416 291 137 123 309 107 288 154 266 245 86 63 128 49 105 99 76 117 85 49 90 196 66 46 41 167 105 77 52
internal_count=900 707 193 145 48 416 291 137 123 309 107 288 154 266 245 86 63 128 49 105 99 76 117 85 49 90 196 66 46 41 167 105 77 52
is_linear=0
shrinkage=0.03


Tree=89
num_leaves=33
num_cat=0
split_feature=35 4 22 26 2 40 2 31 4 11 2 26 19 32 2 9 19 4 14 11 10 18 20 38 11 15 13 38 26 18 26 9
split_gain=3.65093 1.01341 0.300108 0.258228 0.215427 0.184834 0.138614 0.0637609 0.0546408 0.0344977 0.0263673 0.0278432 0.0521869 0.0501015 0.0249927 0.0188889 0.0149554 0.0134625 0.0108183 0.0103668 0.0088728 0.0228206 0.00689123 0.00668084 0.00756974 0.00564278 0.00539825 0.00991839 0.00869964 0.00655268 0.00396239 0.00315345
threshold=53803.670000000006 228990.41500000001 6.7999999999999989 18.550000000000004 144780.11000000002 0.32002321081464524 19571.070000000003 352858.18000000011 82430.000000000015 1.5000000000000002 329877.50000000006 13.850000000000003 20.950000000000003 250046.20928571431 13354.995000000001 0.85136992680892598 20.150000000000002 196537.01500000004 0.42471264173135381 5.5000000000000009 1.0478789714599996 32.550000000000004 6.2500000000000009 0.069911941715243106 1.0000000180025095e-35 -0.013976481981245173 9.5000000000000018 0.0044391843620184288 10.050000000000002 31.050000000000004 11.65 1.0039421843885148
decision_type=8 2 2 2 2 10 2 8 2 2 2 2 2 2 2 2 2 2 2 2 2 2 2 10 2 2 2 10 2 2 2 2
left_child=2 3 -1 4 8 -4 14 10 -2 -6 11 12 18 -14 -7 -10 -11 -18 -3 23 21 30 -22 24 -17 -13 27 -26 -28 -29 -12 -27
right_child=1 7 5 -5 9 6 -8 -9 15 16 20 25 13 -15 -16 19 17 -19 -20 -21 22 -23 -24 -25 26 31 28 29 -30 -31 -32 -33
leaf_value=-0.0004368192097172141 0.0010912604531273244 0.002567817490780726 -0.0067431345462799072 -0.0028471138416272068 0.0022909837117832568 -0.0055381616543639786 -0.0020739324390403151 0.0037304209616894905 -0.0011316458684288793 0.0014905444651787333 0.0016818288785621657 0.0028664912735777244 -0.00023836627900600431 0.0017350246846167879 -0.0039798101034064434 -0.00073082642114189052 6.8122740115293036e-05 0.0011116748606218607 0.0015077208850593508 -0.00084187348256818944 0.0015941740978742017 0.0034144924134016036 0.0024691980425268411 0.00024883130381349474 -0.00043774190475232895 0.001587134355706993 -8.3266161805526767e-05 0.00060426244406368247 -0.00082500079748569987 -5.1632804372914233e-05 0.0024825463800558023 0.0023729027115872926
leaf_weight=21 24 27 24 26 26 21 35 25 26 33 20 20 24 21 75 27 21 23 22 26 29 29 23 24 35 22 32 21 25 36 34 20
leaf_count=21 24 27 24 26 26 21 35 25 26 33 20 20 24 21 75 27 21 23 22 26 29 29 23 24 35 22 32 21 25 36 34 20
internal_value=3.55303e-05 0.000982079 -0.00382573 -1.22589e-05 0.000189197 -0.00427913 -0.00378005 0.00225249 -0.000248444 0.00135302 0.00211318 0.00181732 0.00146092 0.000700248 -0.00437428 -0.000379844 0.00101099 0.000626198 0.00213153 -0.000288749 0.00243918 0.00267431 0.00202049 -0.000213012 -0.000277041 0.00232589 -0.000190488 -4.70468e-05 -0.000417204 0.000196265 0.00222196 0.00200779
internal_weight=897 721 176 405 379 155 131 316 276 103 291 156 94 45 96 252 77 44 49 226 135 83 52 200 176 62 149 92 57 57 54 42
internal_count=897 721 176 405 379 155 131 316 276 103 291 156 94 45 96 252 77 44 49 226 135 83 52 200 176 62 149 92 57 57 54 42
is_linear=0
shrinkage=0.03


Tree=90
num_leaves=32
num_cat=0
split_feature=35 1 22 26 40 6 1 32 36 1 32 40 22 31 5 33 11 25 39 41 15 38 40 40 10 7 36 7 15 41 33
split_gain=3.25732 0.788572 0.342339 0.211689 0.203878 0.178396 0.133929 0.0649778 0.0602883 0.0532209 0.0336757 0.0329958 0.0320808 0.0222022 0.0199696 0.016564 0.0164308 0.0163003 0.018203 0.0163662 0.0134994 0.0128571 0.0133251 0.0125303 0.00896453 0.00652518 0.00691136 0.00591359 0.00467506 0.00409131 0.00227838
threshold=53803.670000000006 247746.03575630256 6.7999999999999989 19.150000000000002 0.33785649237102761 185507.66500000001 45913.82442764016 187088.61516666666 58326.840357142864 316700.65054954961 3599.4278571428572 0.6947228908433779 6.950000000000002 181830.785 14661.895000000002 35657.950000000004 5.5000000000000009 22.535000000000004 0.7350056985899508 1.2112000422968736 0.73721509932751383 0.0044391843620184288 0.24517325381118979 0.36621155848175951 0.97110437237078584 106123.79642857144 102725.13142857143 107986.46650588237 0.31595530242620651 1.1201920517309911 20347.500000000004
decision_type=8 2 2 2 10 2 2 2 2 2 2 8 2 10 2 8 2 2 10 10 2 10 10 10 2 2 2 2 2 8 10
left_child=2 3 -1 5 -4 8 10 -3 -2 17 -6 23 24 16 -12 30 20 18 29 -20 25 -22 -23 -7 -11 26 -10 -27 -29 -9 -14
right_child=1 7 4 -5 6 11 -8 9 13 12 14 -13 15 -15 -16 -17 -18 -19 19 -21 21 22 -24 -25 -26 27 -28 28 -30 -31 -32
leaf_value=7.9800050173486976e-05 0.0013973647849740121 0.00038727016986480776 -0.0063361673225318226 -0.002826169026084244 -0.0032786064527543456 0.0014509033790091053 -0.0011779760529420206 0.0015894551448839005 0.00064266650970759142 0.0023140789945942483 -0.0053828505456447601 0.0023392811257006794 0.0029727064151837323 0.00062289674654603003 -0.0036767779530159062 0.0038071193799133532 -0.00091023552037465072 0.0022860004862203546 0.0015665892447723306 0.00047388285427587109 -0.001041227331983724 0.0002835726165678352 -0.00062038377325128143 0.00040608831548265045 0.0012737198622198775 -0.00060411393202230101 -3.1629209559469012e-05 0.00020306954716943436 -0.000338619603359033 0.0023023473545908924 0.0022630791688287577
leaf_weight=20 21 20 30 21 57 23 20 33 20 20 24 28 33 24 27 22 35 45 29 23 27 24 35 20 20 23 39 31 25 24 36
leaf_count=20 21 20 30 21 57 23 20 33 20 20 24 28 33 24 27 22 35 45 29 23 27 24 35 20 20 23 39 31 25 24 36
internal_value=-2.95868e-06 0.000918176 -0.00361544 3.42224e-05 -0.00408075 0.000201495 -0.00350711 0.002062 -0.000116153 0.00217776 -0.00392367 0.00154429 0.00263419 -0.000232988 -0.00456771 0.00296054 -0.000314389 0.00177501 0.00154519 0.00110134 -0.000217656 -0.000510332 -0.000254075 0.000985217 0.00183765 -3.2905e-05 0.000203847 -0.000210058 -4.04541e-05 0.00192414 0.00264008
internal_weight=879 701 178 396 158 375 128 305 304 285 108 71 131 283 51 91 259 154 109 52 224 86 59 43 40 138 59 79 56 57 69
internal_count=879 701 178 396 158 375 128 305 304 285 108 71 131 283 51 91 259 154 109 52 224 86 59 43 40 138 59 79 56 57 69
is_linear=0
shrinkage=0.03


Tree=91
num_leaves=32
num_cat=0
split_feature=2 2 13 5 41 26 31 31 14 5 41 14 1 1 10 5 24 31 8 36 8 14 18 37 8 36 1 13 8 40 13
split_gain=3.16942 0.795993 0.3623 0.491406 0.16829 0.175504 0.0802634 0.114976 0.0487992 0.0446032 0.0434953 0.0352123 0.035001 0.0254804 0.0174909 0.0146366 0.0305012 0.0137606 0.0133761 0.0107895 0.0217919 0.00930667 0.00734452 0.00833163 0.00676746 0.00627863 0.0102177 0.00605553 0.00592904 0.00606724 0.00279962
threshold=78813.720000000016 246495.60000000003 11.500000000000002 51479.845000000008 1.1926668712818804 16.950000000000003 181830.785 51561.735000000008 -0.8041866928211282 447409.02500000008 1.2185360718853311 -0.60467950862903008 196191.60619928598 24759.598352534562 0.95154334340314961 338343.25500000006 0.15000000000000005 56088.525000000001 1.0195130718110177 336935.86285714293 0.99569786943744532 0.68037272099988588 32.850000000000001 0.10636290013362253 0.95871416784434726 111534.00000000001 101261.02127039629 9.5000000000000018 0.99569786943744532 0.30457271817723169 2.5000000000000004
decision_type=2 2 2 2 8 2 10 10 2 2 10 2 2 2 2 2 2 10 2 2 2 2 2 10 2 2 2 2 2 10 2
left_child=2 4 3 8 6 10 7 -2 -1 15 14 -9 21 -10 24 16 19 30 -18 28 -21 -8 23 -17 -6 26 -16 -27 -3 -30 -13
right_child=1 9 -4 -5 5 -7 12 11 13 -11 -12 17 -14 -15 25 22 18 -19 -20 20 -22 -23 -24 -25 -26 27 -28 -29 29 -31 -32
leaf_value=-0.0025492914960098764 0.0022063729235170674 0.0029089432332797772 -0.0072040948803935726 0.00073251457323619557 -0.00099648975032883176 -0.00301602671008864 0.00061529914232631841 -0.0012722807825016587 -0.0030089612733572718 0.0034761253054338419 0.0011015939892136625 1.7468664344683614e-05 0.0023797946896117468 -0.0043531688856647197 -4.8233058066846122e-05 0.0016563562213046037 0.0016809512036187306 0.00066608446562895548 0.00062218672285477327 0.00081988280439483272 0.0020378866270607844 0.0014291822919823552 0.0029325758249615316 0.0024862191368426596 -0.0003083776618586853 0.00034149425689663203 -0.00085074268909090232 -0.00023964018141850828 0.0015171750778840347 0.0023823834557626994 -0.0004551380601428125
leaf_weight=35 20 20 20 27 38 21 30 22 29 21 20 22 25 75 38 33 20 23 26 20 54 25 23 34 21 34 22 29 21 30 22
leaf_count=35 20 20 20 27 38 21 30 22 29 21 20 22 25 75 38 33 20 23 26 20 54 25 23 34 21 34 22 29 21 30 22
internal_value=3.52914e-05 0.000944696 -0.00344203 -0.00294835 8.60704e-05 -0.000471213 0.000742625 0.000209009 -0.00366346 0.00211191 -0.000193099 -0.000259365 0.00145812 -0.00401057 -0.000340615 0.001998 0.00182146 8.70534e-05 0.00110849 0.0020385 0.00172402 0.00100416 0.00234852 0.00210785 -0.00076079 -0.000134557 -0.000351609 7.44233e-05 0.00233777 0.00206215 -0.000223698
internal_weight=900 714 186 166 412 223 189 109 139 302 202 89 80 104 182 281 191 67 46 145 74 55 90 67 59 123 60 63 71 51 44
internal_count=900 714 186 166 412 223 189 109 139 302 202 89 80 104 182 281 191 67 46 145 74 55 90 67 59 123 60 63 71 51 44
is_linear=0
shrinkage=0.03


Tree=92
num_leaves=32
num_cat=0
split_feature=6 3 40 4 15 6 13 11 35 11 15 25 31 14 14 11 15 28 15 9 33 27 38 34 7 7 23 15 10 9 14
split_gain=2.97155 0.771841 0.304061 0.553854 0.179216 0.169901 0.0519938 0.038828 0.033417 0.0316658 0.026339 0.0285631 0.0330235 0.0227748 0.0215583 0.0204076 0.0198745 0.031127 0.0192105 0.0153384 0.0122502 0.0114436 0.0197135 0.0109408 0.0109245 0.00971594 0.00961805 0.0067375 0.00296785 0.00246886 0.0010832
threshold=77669.498166666672 234018.01000000004 0.30727547480925671 53516.880000000012 -0.42958798411962301 137719.77142857146 2.5000000000000004 1.0000000180025095e-35 410536.64499999996 5.5000000000000009 0.5403928698825039 19.715000000000003 212053.03500000006 -0.97113884758256674 0.68037272099988588 5.5000000000000009 0.14888728888808328 29541.857142857149 0.9863035000474919 0.9326246099528418 34306.69000000001 33709.500000000007 0.012196424871191236 16964.500000000004 100834.49669312171 105748.67735042736 2.1500000000000008 0.84658398682345093 1.0558212728745935 1.0039421843885148 0.97314989601849466
decision_type=2 2 8 2 2 2 2 2 8 2 2 2 10 2 2 2 2 2 2 2 8 10 10 10 2 2 10 2 2 2 2
left_child=2 4 -1 6 -2 13 -4 -7 9 16 -9 12 -12 -6 15 18 23 -18 24 30 -10 -19 -23 28 27 -16 -27 -15 -3 -26 -8
right_child=1 8 3 -5 5 7 19 10 20 -11 11 -13 -14 14 25 -17 17 21 -20 -21 -22 22 -24 -25 29 26 -28 -29 -30 -31 -32
leaf_value=-0.0067068459401312076 -0.0026023832910736515 0.0027995288717109993 -0.004928150665428903 0.0016584436076560189 0.00058640772002815662 0.0023401826380618981 -0.0036318157767610891 0.0001303657639073208 0.002070577209815383 0.00097664630694946786 0.0025365313089319636 0.00033838357654926568 0.00077634103928825684 -0.0012744005947440331 0.00042459326272364706 -0.0013291707661002873 0.00060451242806656015 0.0013985355791616408 0.000407435456138995 -0.002267454326751509 0.0032684807173375568 0.0025935909848406233 0.0015054723535749045 0.0016062765462662686 1.3038468845110172e-05 0.00031118328034856612 -0.00047147895253146999 -0.00056077914283378047 0.0020750311276476301 -0.00042137179050769189 -0.0027401601124022686
leaf_weight=22 21 45 26 20 27 20 69 29 23 34 20 22 20 20 35 24 20 35 22 20 27 43 32 21 23 21 39 35 27 23 20
leaf_count=22 21 45 26 20 27 20 69 29 23 34 20 22 20 20 35 24 20 35 22 20 27 43 32 21 23 21 39 35 27 23 20
internal_value=2.80057e-05 0.000898012 -0.00343751 -0.00293346 3.04439e-05 0.000182391 -0.00362093 0.00116436 0.00202744 0.00187303 0.000883306 0.00122783 0.00169684 -0.000225619 -0.000318257 -0.000544653 0.00200472 0.00173161 -0.000382092 -0.00326715 0.00276885 0.00192924 0.00215524 0.00236401 -0.000556377 3.40857e-05 -0.000196936 -0.000838401 0.00255999 -0.000208511 -0.00346412
internal_weight=885 708 177 155 401 380 135 111 307 257 91 62 40 269 242 147 223 130 123 109 50 110 75 93 101 95 60 55 72 46 89
internal_count=885 708 177 155 401 380 135 111 307 257 91 62 40 269 242 147 223 130 123 109 50 110 75 93 101 95 60 55 72 46 89
is_linear=0
shrinkage=0.03


Tree=93
num_leaves=35
num_cat=0
split_feature=35 1 14 22 6 2 24 30 26 35 36 34 23 9 1 11 36 8 1 28 6 6 40 15 24 1 5 19 1 2 26 29 2 9
split_gain=2.93526 0.717442 0.179474 0.166997 0.210845 0.161674 0.13616 0.0734069 0.0631412 0.0487243 0.03663 0.0248215 0.0229886 0.0260568 0.0277051 0.0221063 0.0178842 0.0162636 0.0144141 0.0136421 0.0131747 0.0318012 0.0123809 0.0120146 0.00947995 0.00943408 0.0109773 0.0107682 0.00902517 0.00759244 0.00655774 0.00627904 0.00375079 0.00295677
threshold=53803.670000000006 247746.03575630256 -0.47463538638689146 4.950000000000002 137719.77142857146 46786.460000000014 0.95000000000000007 6357.8385714285714 14.450000000000001 419491.63000000006 58629.440357142863 289.00000000000006 7.0500000000000016 0.85136992680892598 318475.16809634404 3.5000000000000004 238435.74809523814 0.99147826357619184 187396.2168719288 47098.19000000001 304750.33928571432 281627.29928571434 0.67514807199229765 0.85561368268953431 0.65000000000000002 100602.37245966899 104670.00000000001 22.650000000000002 100225.06807718681 316581.08000000007 10.850000000000003 807.50000000000011 331871.56500000006 1.0674906838634055
decision_type=8 2 2 2 2 2 2 2 2 8 2 10 8 2 2 2 2 2 2 2 2 2 10 2 2 2 2 2 2 2 2 10 2 2
left_child=2 3 5 -2 10 24 7 -4 16 12 -5 17 13 -3 20 30 18 22 -6 -11 21 -15 23 28 -1 27 31 -19 -12 -22 -16 -27 -14 -31
right_child=1 9 6 4 8 -7 -8 -9 -10 19 11 -13 32 14 15 -17 -18 25 -20 -21 29 -23 -24 -25 -26 26 -28 -29 -30 33 -32 -33 -34 -35
leaf_value=-0.0033432554564363248 -0.0025338847447086924 0.00061857446296406638 -0.0017639091504471642 0.00096362811031708989 0.0007203159414763961 9.147719183767383e-05 -0.0062524445873239761 -0.003973774001725129 0.00289171976902123 0.0036211683707577844 -0.00053018609559248118 -0.0012542015512514372 0.0020269731261457003 0.0018550303411162036 0.0020314208531220044 0.0014763180712341433 0.00041393619090799363 -0.00019237948986384169 0.0018498466199693771 0.0022711563035845758 0.0022378717951476571 0.00024709685007110236 1.9052156472000582e-05 -0.0001779346589853958 -0.0022075353413155037 -8.1591101978639399e-05 0.00020811563468305392 0.00068597342446446411 -0.0014223412518913391 0.0011180393112590536 0.0030696260496707898 -0.00078207703024548076 0.0029057558913799849 0.001695408208446728
leaf_weight=36 20 20 20 21 20 21 22 66 20 20 21 22 26 21 20 26 30 21 25 24 24 23 28 24 20 20 34 29 23 23 27 27 21 36
leaf_count=36 20 20 20 21 20 21 22 66 20 20 21 22 26 21 20 26 30 21 25 24 24 23 28 24 20 20 34 29 23 23 27 27 21 36
internal_value=4.11535e-05 0.000934627 -0.00330719 6.79937e-05 0.000217096 -0.00215444 -0.00410175 -0.00348603 0.0014248 0.00200381 -0.000211526 -0.000314094 0.00183719 0.001691 0.00179463 0.00227662 0.00100072 -0.000217881 0.00137441 0.00295163 0.00150196 0.00103869 -0.000512331 -0.000728241 -0.00298349 1.46448e-07 -0.000199116 0.000320527 -0.00101778 0.00173226 0.00267936 -0.000491908 0.00247198 0.00149272
internal_weight=881 696 185 385 365 77 108 86 95 311 270 249 267 220 200 73 75 227 45 44 127 44 96 68 56 131 81 50 44 83 47 47 47 59
internal_count=881 696 185 385 365 77 108 86 95 311 270 249 267 220 200 73 75 227 45 44 127 44 96 68 56 131 81 50 44 83 47 47 47 59
is_linear=0
shrinkage=0.03


Tree=94
num_leaves=28
num_cat=0
split_feature=38 4 9 24 38 32 31 2 28 1 32 5 19 15 2 36 4 11 30 23 5 2 19 30 41 41 41
split_gain=2.66398 0.62441 0.529533 0.104918 0.137134 0.0855861 0.0645636 0.0603317 0.046672 0.0438835 0.0231564 0.0288498 0.0164974 0.0179593 0.0131504 0.0114713 0.00775736 0.00781397 0.010062 0.00932478 0.00645304 0.00901863 0.0042496 0.00577972 0.00206646 0.00464342 0.00289122
threshold=0.13068418517401884 186598.67500000002 1.0027968693153892 2.8500000000000001 0.47980381984391679 51911.610714285729 352858.18000000011 154143.50000000003 128.59523809523813 81370.570048492387 200209.98999999999 312301.00000000006 24.050000000000004 0.59003219687534991 13354.995000000001 301967.93357142858 97440.000000000015 5.5000000000000009 4513.2142857142871 4.1500000000000012 99358.500000000015 93630.910000000018 23.050000000000004 974.76571428571447 1.0354170042629496 0.97879861737349394 1.0830290578897432
decision_type=10 2 2 2 10 2 8 2 2 2 2 2 2 2 2 2 2 2 2 8 2 2 2 2 10 8 10
left_child=1 5 3 4 -2 -1 10 9 -4 -7 -3 12 13 -12 -6 -15 20 18 19 22 21 -11 23 -18 25 -13 -26
right_child=2 6 8 -5 14 7 -8 -9 -10 16 11 24 -14 15 -16 -17 17 -19 -20 -21 -22 -23 -24 -25 26 -27 -28
leaf_value=0.0018894365829016482 -0.0064526310084121567 0.00086429462157960586 -0.00090813229537822988 -0.0018770742553393712 -0.0042394557902589438 -0.0015026620397870631 0.0033339937188877509 0.0010133546167232382 0.0010692016429467391 -0.00021585751656046437 0.00063605304245891814 0.0019884449981327633 0.0020199156319722533 0.00096025818994698617 -0.0032569309910886906 0.0018550597422290593 0.00020318603259511292 -0.00055499395821243522 0.00065534296403215678 -0.00042601579119666262 7.9557967593163169e-05 -0.00096575007922947403 0.00039408152197104165 -0.00042642315207818419 0.0014445029912167227 0.0027076432945463678 0.0020366615217856385
leaf_weight=20 20 28 21 25 39 22 25 38 20 36 33 47 37 25 72 39 34 20 21 38 21 24 33 20 23 28 65
leaf_count=20 20 28 21 25 39 22 25 38 20 36 33 47 37 25 72 39 34 20 21 38 21 24 33 20 23 28 65
internal_value=8.58821e-05 0.000979817 -0.0029756 -0.00376843 -0.00411242 3.64665e-05 0.00185856 -8.99907e-05 5.89125e-05 -0.00024903 0.00173519 0.00181412 0.00146335 0.0012326 -0.00363691 0.00152568 -0.000131761 -1.37518e-05 6.36621e-05 -4.01525e-05 -0.00037049 -0.000526729 0.000131311 -3.35159e-05 0.0020918 0.00228904 0.00189986
internal_weight=874 677 197 156 131 327 350 307 41 269 325 297 134 97 111 64 247 166 146 125 81 60 87 54 163 75 88
internal_count=874 677 197 156 131 327 350 307 41 269 325 297 134 97 111 64 247 166 146 125 81 60 87 54 163 75 88
is_linear=0
shrinkage=0.03


Tree=95
num_leaves=36
num_cat=0
split_feature=3 32 40 19 6 2 5 14 8 18 32 14 24 35 15 18 32 25 25 40 29 25 13 18 30 15 7 7 34 34 23 40 32 39 30
split_gain=2.4852 0.601562 0.269948 0.434547 0.163083 0.134851 0.0688608 0.0645924 0.0462653 0.0452825 0.0362886 0.0292513 0.0251081 0.0193632 0.0181663 0.0139241 0.00955953 0.0112449 0.00857669 0.00792648 0.00903261 0.00737195 0.00730354 0.0103919 0.00894899 0.00887252 0.00667346 0.00634838 0.00574378 0.0101804 0.00599852 0.00537562 0.00503082 0.00152451 6.08926e-05
threshold=76836.940000000017 212298.38400000005 0.30825101513251413 15.15 241524.18714285715 160544.01500000004 312301.00000000006 -0.71504373327588355 0.98878543324788482 30.550000000000004 52739.821428571442 0.97696484778429815 0.35000000000000003 454743.59000000008 0.73721509932751383 32.850000000000001 221374.01142857148 20.295000000000005 15.105000000000002 0.25753250591319204 1605.0000000000002 22.195000000000004 9.5000000000000018 31.050000000000004 3527.3571428571436 -0.33426211444629356 14386.95166666667 96746.559028571442 12392.000000000002 19759.000000000004 2.3500000000000001 0.66535191543506877 257197.40871428573 0.92695427584624079 11413.780714285718
decision_type=2 2 8 2 2 2 2 2 2 2 2 2 2 8 2 2 2 2 2 8 10 2 2 2 2 2 2 2 10 10 8 8 2 10 2
left_child=2 4 -1 7 5 10 8 12 -3 -7 -2 26 -4 15 19 28 -10 31 -16 -12 -21 -17 23 -22 -24 -25 -9 -20 -8 30 -30 -18 -19 -29 -28
right_child=1 6 3 -5 -6 9 13 11 16 -11 14 -13 -14 -15 18 21 17 32 27 20 22 -23 24 25 -26 -27 34 33 29 -31 -32 -33 -34 -35 -36
leaf_value=-0.0062517827751368956 0.0010633547883480787 0.00027155376290657408 -0.0030478819561275566 0.0012328337586444357 -0.0026166540563904812 0.0024840424125068239 0.0011613944063719828 -0.0046347751083045171 0.00087156318212774659 0.00065882659733428484 0.00032907128110169786 -0.0024429783464542452 -0.0015516472431564969 0.0029213878942223694 -0.00013133314655973546 0.0026861901008575972 0.0016207705484064469 0.0024462314369156956 -0.0011470347899012268 -0.00072832911308588733 0.00069567991004857636 0.001833939736769084 0.00010073694760318507 -0.00055832119404592296 -0.00073507512174546708 0.00021088262407907416 -0.0028872425694550785 -0.00029792724168925945 0.0016950529484221568 0.0011508700223269194 0.0025029451691586037 0.00086642563990924667 0.0015526895203881643 -0.00067596694143139753 -0.0038883320689201352
leaf_weight=21 20 37 21 22 20 23 23 28 21 27 38 20 27 25 30 34 21 20 23 20 20 30 21 21 24 34 20 20 38 21 22 22 21 24 29
leaf_count=21 20 37 21 22 20 23 23 28 21 27 38 20 27 25 30 34 21 20 23 20 20 30 21 21 24 34 20 20 38 21 22 22 21 24 29
internal_value=-2.99233e-05 0.000793259 -0.00308295 -0.00264963 -4.97968e-05 0.000106139 0.00170923 -0.0032431 0.00119306 0.00153067 -0.000139662 -0.00370401 -0.00225509 0.00208089 -0.00023069 0.00193927 0.00151216 0.00166017 -0.000558733 -4.98028e-05 -0.000154244 0.00232106 -5.33352e-05 0.000127725 -0.000351319 -8.75388e-05 -0.00399603 -0.00074536 0.00168445 0.001817 0.00202746 0.00126329 0.00203643 -0.00051457 -0.00354564
internal_weight=888 700 188 167 365 345 335 145 142 50 295 97 48 193 275 168 105 84 97 178 140 64 120 75 45 55 77 67 104 81 60 43 41 44 49
internal_count=888 700 188 167 365 345 335 145 142 50 295 97 48 193 275 168 105 84 97 178 140 64 120 75 45 55 77 67 104 81 60 43 41 44 49
is_linear=0
shrinkage=0.03


Tree=96
num_leaves=30
num_cat=0
split_feature=38 36 18 39 31 7 24 4 18 1 29 29 40 35 14 25 6 41 29 7 35 14 7 24 38 29 9 31 13
split_gain=2.53411 0.574414 0.472917 0.178434 0.176004 0.0928088 0.0511574 0.0443546 0.0410145 0.0380764 0.0247565 0.0189024 0.0161104 0.0141446 0.0174691 0.0139983 0.0130723 0.0250782 0.0180994 0.0120834 0.0195537 0.0113799 0.0183688 0.0103522 0.00898937 0.00722712 0.00609415 0.00241372 0.00343136
threshold=0.13068418517401884 164886.55214285717 27.550000000000004 0.52006646973935622 51561.735000000008 199997.13344393598 1.7500000000000002 443580.815 18.350000000000005 81370.570048492387 8003.4100000000008 16134.275000000003 0.28348312628821698 121473.45500000003 -0.89406062840022227 14.275 309258.70714285719 1.087788280732495 1700.0000000000002 15536.857592592594 10351.825000000001 0.68037272099988588 106123.79642857144 1.6500000000000001 0.0041702682071354065 1083.0000000000002 0.94032619669351269 244623.68000000002 3.5000000000000004
decision_type=10 2 2 10 10 2 2 2 2 2 10 8 10 10 2 2 2 10 10 2 10 2 2 2 10 10 2 10 2
left_child=1 4 3 6 -1 10 19 11 -8 -6 12 16 -3 14 -11 -16 17 -7 -19 20 -2 24 -23 27 -17 -26 -27 -18 -29
right_child=2 5 -4 -5 9 7 8 -9 -10 13 -12 -13 -14 -15 15 21 23 18 -20 -21 -22 22 -24 -25 25 26 -28 28 -30
leaf_value=0.0021527365474945069 -0.0030627021746819512 0.001511955956029224 0.00057155183223526801 -0.0061590037388460977 -0.0014897742666653356 0.0019837790017481895 -0.0030075042330744589 0.0032286636514419855 -0.0010488174423309311 0.00045453558662640197 -0.00020348308740981985 0.0025589891092787525 0.00046832698829738152 -0.00097801060415804377 0.0004189095525678409 -0.0010819478645862546 0.0022795838444820932 0.0013414317419353338 0.00015136450824294504 -0.0029008514614661733 -0.0044409245591272009 0.00040901639758210098 -0.00062196576992781566 0.0013125483157346025 -3.8344523448857566e-05 -0.00032039750184464667 -0.001020252937451005 0.0015639641481500707 0.002025646428533253
leaf_weight=27 33 28 30 20 23 30 21 21 20 34 20 28 27 20 22 23 36 27 20 48 32 34 27 39 30 27 20 56 62
leaf_count=27 33 28 30 20 23 30 21 21 20 34 20 28 27 20 22 23 36 27 20 48 32 34 27 39 30 27 20 56 62
internal_value=3.38746e-05 0.000912974 -0.0028909 -0.00348773 -0.000108069 0.00165512 -0.00310332 0.00187839 -0.00209977 -0.000350193 0.000693246 0.00177276 0.00101714 -0.000233806 -0.000161044 -0.000277263 0.00168208 0.00131072 0.000848724 -0.00344583 -0.00379822 -0.000374391 -4.99914e-05 0.00182272 -0.000569821 -0.000404937 -0.000633259 0.00194262 0.00182153
internal_weight=885 681 204 174 287 394 154 319 41 260 75 298 55 237 217 183 270 77 47 113 65 161 61 193 100 77 47 154 118
internal_count=885 681 204 174 287 394 154 319 41 260 75 298 55 237 217 183 270 77 47 113 65 161 61 193 100 77 47 154 118
is_linear=0
shrinkage=0.03


Tree=97
num_leaves=33
num_cat=0
split_feature=6 1 40 5 22 4 31 22 14 32 1 1 4 25 37 18 35 10 10 41 22 14 14 32 6 11 22 11 2 7 14 15
split_gain=2.4238 0.613416 0.190661 0.319454 0.142067 0.192516 0.0607404 0.0470984 0.0430947 0.0374833 0.0307685 0.0286144 0.0209454 0.0208216 0.0139818 0.013942 0.0130171 0.0128781 0.0107962 0.0104602 0.00791898 0.00759357 0.00967091 0.00907276 0.00766987 0.00593962 0.0118407 0.00483015 0.00417207 0.00398119 0.00311493 0.00711117
threshold=77669.498166666672 247746.03575630256 0.30825101513251413 51479.845000000008 5.0000000000000027 127097.29500000001 365932.36000000004 8.9500000000000011 -0.71504373327588355 118269.98666666668 316700.65054954961 24759.598352534562 184826.51500000004 22.585000000000004 0.024322250970200753 27.150000000000002 352819.27000000008 0.90840330099681166 1.2440628519952135 1.2112000422968736 10.550000000000004 0.98049069993378934 0.81613017994572579 103201.43142857145 109266.85714285716 1.0000000180025095e-35 8.5500000000000007 2.5000000000000004 13354.995000000001 314465.72443478269 -0.94941398590724801 0.64414586362404946
decision_type=2 2 8 2 2 2 8 2 2 2 2 2 2 2 10 2 10 2 2 10 2 2 2 2 2 2 2 2 2 2 2 2
left_child=2 4 -1 8 -2 14 9 -7 -4 -3 13 -10 -9 15 17 -11 19 -6 -16 -17 -14 22 23 27 -24 -12 -27 -19 -13 -15 -25 -32
right_child=1 6 3 -5 5 7 -8 12 11 10 25 28 20 29 18 16 -18 21 -20 -21 -22 -23 24 30 -26 26 -28 -29 -30 -31 31 -33
leaf_value=-0.0056889708332069537 -0.002391263421370902 0.0003617629970804873 -0.0022265812199419505 0.00064502175775882982 -0.00077251013733345918 0.0023116829944774507 0.0033171906854425155 0.00026297188925673257 -0.0025874447438400238 0.0016557623849765054 0.0014682150467044926 -0.0045487672001123429 0.00075118917713407421 0.0023365468413315033 -0.0013466987023795288 0.00095636257878375605 0.0014443286253871131 -0.00091037157922983162 -0.00036081777478102594 7.2483699768781661e-05 0.0015617124169754483 -0.00066700200995673301 0.00066709958502779833 0.00023481719160022645 -7.592265390225554e-05 0.0017870942793064275 0.0025898577220381256 -0.00025018501069015741 -0.0034968446624966767 0.001573882248124172 -0.00058388111680479984 0.00016011570911639585
leaf_weight=22 21 21 38 22 36 23 20 39 31 37 21 24 24 21 20 30 27 20 21 20 26 22 22 25 27 48 46 21 51 28 20 25
leaf_count=22 21 21 38 22 36 23 20 39 31 37 21 24 24 21 20 30 27 20 21 20 26 22 22 25 27 48 46 21 51 28 20 25
internal_value=-5.51289e-05 0.000746608 -0.00307514 -0.00269673 -4.88621e-05 8.97983e-05 0.00172121 0.00112341 -0.00320821 0.00160376 0.00169594 -0.00353601 0.000794054 0.00141205 -0.00035977 0.00116982 0.000918085 -0.000261742 -0.000862349 0.000611165 0.00119502 -0.000157042 -8.32153e-05 -0.000237635 0.000264349 0.00208269 0.00220306 -0.000586235 -0.00388888 0.00194093 -2.80739e-05 -0.000176054
internal_weight=899 711 188 166 392 371 319 112 144 299 278 106 89 163 259 114 77 218 41 50 50 182 160 111 49 115 94 41 75 49 70 45
internal_count=899 711 188 166 392 371 319 112 144 299 278 106 89 163 259 114 77 218 41 50 50 182 160 111 49 115 94 41 75 49 70 45
is_linear=0
shrinkage=0.03


Tree=98
num_leaves=36
num_cat=0
split_feature=2 2 13 19 15 3 35 14 4 1 6 26 8 32 25 1 1 35 35 15 40 6 25 17 28 10 19 14 38 17 7 28 33 14 29
split_gain=2.12123 0.572017 0.322906 0.302546 0.191626 0.121559 0.0501536 0.0483077 0.0270518 0.0256389 0.0218911 0.0214837 0.0186159 0.0267885 0.015018 0.0221386 0.0133435 0.0185244 0.012302 0.0121803 0.0115771 0.0112793 0.0106944 0.00702922 0.0175924 0.00842632 0.00651308 0.00666858 0.00724811 0.00609079 0.00400949 0.00236929 0.00255404 0.0015198 0.000779453
threshold=78813.720000000016 246495.60000000003 11.500000000000002 14.450000000000001 -0.42958798411962301 161153.34000000005 57888.710000000006 -0.71504373327588355 447574.94500000001 196191.60619928598 96308.549642857164 10.550000000000002 0.93444948721460253 220421.74511904764 16.155000000000005 101314.81478661593 24267.388463571599 10153.85 120955.00000000001 -0.074115882986646633 0.28348312628821698 304750.33928571432 19.805000000000003 28.750000000000004 33531.000000000007 1.0558212728745935 22.450000000000003 0.97112537654464559 0.017246330818103239 22.350000000000005 108384.17857142859 37323.041666666679 26298.675000000003 -0.18386704952168662 9010.9950000000008
decision_type=2 2 2 2 2 2 10 2 2 2 2 2 2 2 2 2 2 10 10 2 10 2 2 2 2 2 2 2 10 2 2 2 10 2 10
left_child=2 4 3 7 -2 6 -6 19 12 20 11 29 -3 -14 15 -12 -9 -18 26 -1 -7 -15 -22 24 -23 -25 -16 28 -28 -8 -30 -26 -33 -34 -19
right_child=1 8 -4 -5 5 9 10 16 -10 -11 14 -13 13 21 18 -17 17 34 -20 -21 22 23 -24 25 31 -27 27 -29 30 -31 -32 32 33 -35 -36
leaf_value=-0.0013249517055893584 -0.0027484447400043291 0.0024493485757615418 -0.0062860676613838776 0.00097979372300739795 0.0011886946364856241 0.0012713829354782189 -0.00076267821780805071 -0.0023915519500556197 0.00277273039418188 0.001709376813378185 -4.5233521297381359e-05 -0.0015428553054913539 0.00049868063434310576 0.0010864150519237707 -0.00046922212741005103 -0.0013354809329445873 -0.0026431922045432859 -0.0044209913581609722 0.00057370426798505436 -0.0024967965974726459 0.00076578410732890318 0.00071687563026154582 -0.0001187531108215418 0.002494272463437584 0.0013724554732272571 0.0016311725106946116 0.00061894086226609284 -0.00039252738047462814 -0.00035125688949067679 -6.6680500436072727e-05 0.0002165502295247279 0.001373288988834247 0.0023435873272163528 0.0017194331903010605 -0.0033177277776930067
leaf_weight=20 21 24 22 20 21 20 20 22 21 32 28 21 22 37 34 20 26 24 27 21 30 21 20 26 32 36 21 25 20 25 23 20 20 36 26
leaf_count=20 21 24 22 20 21 20 20 22 21 32 28 21 22 37 34 20 26 24 27 21 30 21 20 26 32 36 21 25 20 25 23 20 20 36 26
internal_value=-4.28796e-05 0.000703529 -0.00292985 -0.00242908 -2.47859e-05 0.000129712 -0.000188901 -0.00292306 0.00170751 0.00101315 -0.000302554 -0.000771534 0.00161608 0.00152664 -0.000143136 -0.00059912 -0.00329773 -0.00352558 5.77975e-06 -0.00197032 0.000675275 0.00162322 0.000416578 0.00172101 0.00155951 0.00202696 -0.000122508 1.36866e-05 0.000175962 -0.000385868 -4.9527e-05 0.00171527 0.00183991 0.00197955 -0.0039236
internal_weight=884 703 181 159 408 387 285 139 295 102 264 66 274 250 198 48 98 76 150 41 70 228 50 191 129 62 123 89 64 45 43 108 76 56 50
internal_count=884 703 181 159 408 387 285 139 295 102 264 66 274 250 198 48 98 76 150 41 70 228 50 191 129 62 123 89 64 45 43 108 76 56 50
is_linear=0
shrinkage=0.03


Tree=99
num_leaves=34
num_cat=0
split_feature=6 4 40 4 38 4 39 14 26 40 29 11 4 15 24 40 8 13 8 28 6 26 40 41 31 7 7 11 25 25 35 3 8
split_gain=1.99223 0.498068 0.212459 0.294265 0.150263 0.14334 0.0447871 0.0358549 0.0347982 0.0563375 0.0214459 0.0208562 0.0196701 0.0248239 0.0276831 0.0175508 0.0140475 0.0124981 0.0142102 0.0107403 0.00914288 0.0104433 0.00827033 0.0129575 0.0189749 0.00792185 0.00648001 0.00608557 0.0094094 0.00557138 0.00530532 0.00483225 0.00124025
threshold=77669.498166666672 228990.41500000001 0.30825101513251413 53516.880000000012 0.13068418517401884 186598.67500000002 0.81489176725782875 -0.90529520250134576 11.050000000000002 0.33785649237102761 3397.5000000000005 5.5000000000000009 432836.00500000006 -0.41399101439218416 1.6500000000000001 0.32576989992074662 1.0183040544623412 2.5000000000000004 1.0358499878388385 1547.1428571428573 97444.357142857145 10.250000000000002 0.68058002212888347 1.0572017648472884 252636.50000000003 102014.58571428574 315461.52086666675 2.5000000000000004 18.395000000000003 19.625000000000004 336478.0400000001 100879.00000000001 0.97392997250994273
decision_type=2 2 10 2 10 2 10 2 2 8 10 2 2 2 2 8 2 2 2 2 2 2 8 10 10 2 2 2 2 2 8 2 2
left_child=2 4 -1 7 5 10 -7 -4 9 -3 11 19 13 -10 22 -12 30 -9 32 20 21 -2 26 -24 -25 -22 -15 -17 -29 31 -11 -27 -19
right_child=1 8 3 -5 -6 6 -8 17 12 16 15 -13 -14 14 -16 27 -18 18 -20 -21 25 -23 23 24 -26 29 -28 28 -30 -31 -32 -33 -34
leaf_value=-0.0057319472450762989 -0.00024893596814945339 -0.00030699478986207396 -0.0017407860403545782 0.00082060690037906166 -0.0019689044199714609 0.002236813585627715 0.00060958384739024036 -0.0039262855259908566 0.0024828882371498778 0.0013536090104697416 0.00098315583160993726 -0.0010222905134451726 0.0027523368693489051 0.0023799201014584725 0.00053106780411326326 -0.00030588774986925623 0.00086626840256420626 -0.0027710970192540278 -0.0036330149095091554 0.00030490677738699188 0.00041760788365666354 -0.0010979489660398526 0.0020748299732804296 0.00040299407566304907 0.0016038071378134189 -0.00013111943643509777 0.0015917092506507677 0.00068478955442763184 -0.0001770150745869614 0.00015151647942340267 0.0021387984931468965 -0.00077461557999153482 -0.0020413577024425778
leaf_weight=20 34 20 23 21 32 31 31 26 32 25 21 30 20 27 23 30 27 45 26 33 20 21 20 21 29 22 34 21 23 20 24 20 20
leaf_count=20 34 20 23 21 32 31 31 26 32 25 21 30 20 27 23 30 27 45 26 33 20 21 20 21 29 22 34 21 23 20 24 20 20
internal_value=-5.62807e-05 0.000678329 -0.0028491 -0.00245781 -3.19182e-05 0.00014672 0.00144579 -0.00295191 0.00159027 0.00109765 -0.000130267 -0.000306084 0.00181343 0.00169829 0.00152029 0.000239207 0.00146648 -0.00317322 -0.00291772 -0.000174455 -0.000291295 -0.000586922 0.00168863 0.00141622 0.00111726 -8.83261e-05 0.00197335 1.77932e-05 0.000240378 -0.000255569 0.00177328 -0.000448434 -0.00258089
internal_weight=872 691 181 161 389 357 62 140 302 96 295 200 206 186 154 95 76 117 91 170 137 55 131 70 50 82 61 74 44 62 49 42 65
internal_count=872 691 181 161 389 357 62 140 302 96 295 200 206 186 154 95 76 117 91 170 137 55 131 70 50 82 61 74 44 62 49 42 65
is_linear=0
shrinkage=0.03


Tree=100
num_leaves=33
num_cat=0
split_feature=2 2 13 4 6 2 32 24 34 19 24 14 31 13 11 19 15 2 17 15 33 19 15 15 14 32 10 35 11 9 2 5
split_gain=2.01139 0.479201 0.290709 0.274965 0.129883 0.142105 0.0601876 0.0393494 0.0256407 0.0219707 0.0208439 0.0367442 0.020008 0.01972 0.0194915 0.0174491 0.0163035 0.019826 0.01496 0.0136052 0.0123133 0.0109866 0.0088441 0.0143096 0.00912324 0.00765884 0.00722237 0.00531812 0.00429983 0.00405174 0.00397003 0.000985787
threshold=78813.720000000016 266569.50000000006 11.500000000000002 53516.880000000012 217423.08321428575 144780.11000000002 53891.069285714293 5.0500000000000007 183.50000000000003 22.650000000000002 0.15000000000000005 -0.79902248885025529 225250.56499999997 8.5000000000000018 1.5000000000000002 23.950000000000003 0.71353761266622884 185991.79000000001 27.850000000000005 0.73136292505298039 19756.345000000005 23.250000000000004 0.52583933546504591 0.73721509932751383 0.37744852145085445 258184.31857142862 1.0419779944616041 10153.85 3.5000000000000004 1.0442391316549202 111210.00000000001 324082.51000000007
decision_type=2 2 2 2 2 2 2 2 10 2 2 2 10 2 2 2 2 2 2 2 10 2 2 2 2 2 2 10 2 2 2 2
left_child=2 4 3 7 5 6 -2 13 9 22 15 -12 14 27 -7 19 17 -16 -11 25 -17 -13 -8 -24 28 -3 -20 -1 -25 31 -28 -21
right_child=1 10 -4 -5 -6 12 8 -9 -10 18 11 21 -14 -15 16 20 -18 -19 26 29 -22 -23 23 24 -26 -27 30 -29 -30 -31 -32 -33
leaf_value=-0.0026824506797960826 0.0010388348900127193 0.00065921550373668246 -0.0062258737427847727 0.00075449488549069919 -0.0022878196768994839 0.0020886244861917061 -0.0010058651569236714 -0.0016404602193506434 -0.0011714771633306816 0.00061156082940711214 0.0019109108456625387 0.00010886818370116608 0.00023152425652369857 -0.0025087452434672738 -5.0864833756349978e-05 0.0017693041764538396 0.0016843414742366543 0.0012664860262468988 -0.00056043182229936631 0.0022773030255403785 0.0028233885134641939 0.0010112000922345033 0.0002093575060384215 -0.00014463577885180713 -0.0011249090056766622 0.0015161244208242611 0.00037017639826184939 -0.0037409218239526335 -0.00068841364508008822 0.0014593979201834792 -0.00021367806425717258 0.001693807649426162
leaf_weight=20 30 22 20 21 20 21 25 23 30 32 38 20 20 47 20 32 20 20 25 26 25 31 27 32 20 20 20 51 22 38 20 29
leaf_count=20 30 22 20 21 20 21 25 23 30 32 38 20 20 47 20 32 20 20 25 26 25 31 27 32 20 20 20 51 22 38 20 29
internal_value=-7.33633e-05 0.00067218 -0.00286773 -0.00241749 9.70745e-06 0.000135002 -0.000210335 -0.0028919 -0.000361965 -0.000248318 0.00162122 0.001213 0.00109521 -0.00311999 0.00130304 0.00180318 0.000998348 0.000622635 9.07831e-05 0.00158984 0.00227233 0.000666243 -0.000508032 -0.000376153 -0.000589728 0.00109304 -0.000170981 -0.00348416 -0.000374664 0.00180019 8.01577e-05 0.00200538
internal_weight=867 685 182 162 404 384 283 141 253 223 281 89 101 118 81 192 60 40 97 135 57 51 126 101 74 42 65 71 54 93 40 55
internal_count=867 685 182 162 404 384 283 141 253 223 281 89 101 118 81 192 60 40 97 135 57 51 126 101 74 42 65 71 54 93 40 55
is_linear=0
shrinkage=0.03


Tree=101
num_leaves=33
num_cat=0
split_feature=2 2 13 5 7 4 14 1 38 38 39 8 32 22 1 40 10 8 23 13 40 6 26 1 40 4 30 4 7 14 11 11
split_gain=1.93538 0.432612 0.254902 0.214926 0.140247 0.124175 0.0440011 0.036264 0.034213 0.0571542 0.0302322 0.0275258 0.0246569 0.0240333 0.0208291 0.0289127 0.0164934 0.0139755 0.0134589 0.0130056 0.0144366 0.010249 0.0102203 0.009999 0.00808991 0.00993317 0.00721489 0.00654878 0.00689394 0.0048582 0.00365307 0.00318337
threshold=78813.720000000016 246495.60000000003 11.500000000000002 51479.845000000008 245929.55521616546 184826.51500000004 -0.71504373327588355 430669.29260964156 0.026088335011934079 0.03293417889032537 0.81489176725782875 0.91822665467448017 220421.74511904764 10.450000000000005 24759.598352534562 0.31540608668340342 0.97009144122825108 0.97486198820176118 3.4499999999999997 9.5000000000000018 1.1365560833084756 86583.847857142871 8.8500000000000032 315486.71265488025 0.28176915331181213 103062.89000000001 953.95714285714291 107190.50000000001 97185.941885714288 0.40907743338811486 3.5000000000000004 2.5000000000000004
decision_type=2 2 2 2 2 2 2 2 10 10 10 2 2 2 2 10 2 2 10 2 8 2 2 2 10 2 2 2 2 2 2 2
left_child=2 4 3 6 5 8 13 11 21 -10 -7 -3 -13 -1 -8 -16 18 -17 -14 20 -11 -2 -18 31 25 29 -27 28 -26 -23 -25 -24
right_child=1 7 -4 -5 -6 10 14 -9 9 19 -12 12 16 -15 15 17 22 -19 -20 -21 -22 24 23 30 27 26 -28 -29 -30 -31 -32 -33
leaf_value=-0.0010213479630130512 -0.00089131548468555715 0.0025992995833179779 -0.0056468799839849053 0.00026988683087337346 -0.0022860583558212966 0.0019967864692443981 -0.0022977943119726007 0.0028060275769752003 0.0017997542369578565 0.00071858266305581137 0.00069613335479516529 0.00041012634978290985 0.00050667977451147243 -0.002456930540502071 -0.0023188292398117483 -0.0030766717623919248 0.00099811421781778337 -0.0046406958252191545 0.0015359807539392601 -0.00041278510650789196 -0.00013440998344283018 -8.2924566231667983e-06 0.0016912207481034687 0.0022129232492297886 -0.00053727151201614593 -1.4527634142295402e-05 0.00068641689553094857 -0.00070256229018087727 0.00019936296455853154 -0.00065474900205365633 0.0015762057742228664 0.0011874842222314328
leaf_weight=21 20 20 22 26 20 35 34 22 20 36 32 21 27 26 22 23 24 20 21 32 34 20 37 49 21 33 21 36 23 21 27 39
leaf_count=21 20 20 22 26 20 35 34 22 20 36 32 21 27 26 22 23 24 20 21 32 34 20 37 49 21 33 21 36 23 21 27 39
internal_value=-8.62109e-06 0.000735275 -0.00264845 -0.00223451 0.000101695 0.000231672 -0.0026793 0.00162369 -1.7808e-05 0.00037444 0.00139495 0.00151536 0.00141667 -0.00185014 -0.00305051 -0.00340345 0.00150879 -0.00389306 0.000979155 8.02068e-05 0.000308214 -0.000263873 0.00164688 0.00174213 -0.000187508 2.98047e-07 0.000265586 -0.000407779 -0.000156339 -0.00034711 0.00201013 0.0014515
internal_weight=885 691 194 172 404 384 146 287 317 122 67 265 245 47 99 65 224 43 48 102 70 195 176 152 175 95 54 80 44 41 76 76
internal_count=885 691 194 172 404 384 146 287 317 122 67 265 245 47 99 65 224 43 48 102 70 195 176 152 175 95 54 80 44 41 76 76
is_linear=0
shrinkage=0.03


Tree=102
num_leaves=32
num_cat=0
split_feature=7 4 37 31 38 7 2 35 22 25 15 36 11 41 40 4 41 6 14 8 40 14 25 36 25 41 4 15 31 34 10
split_gain=1.81124 0.390696 0.3441 0.22309 0.193724 0.125146 0.0433312 0.0347527 0.0250676 0.0190788 0.0173301 0.0155672 0.0129454 0.019837 0.0324262 0.0124988 0.0102395 0.0141662 0.00888915 0.00818628 0.0075184 0.00745003 0.00836102 0.00755368 0.00694069 0.00560558 0.00469534 0.00462423 0.00424778 0.00121979 0.000746077
threshold=84742.272150000019 228990.41500000001 0.024322250970200753 12573.635000000004 0.13068418517401884 199997.13344393598 177711.58000000005 454743.59000000008 9.7500000000000036 12.785000000000002 -0.42958798411962301 271190.8658333334 5.5000000000000009 1.0249233294675091 0.31008792508200489 184826.51500000004 1.0436803750298289 304750.33928571432 -0.94941398590724801 0.93309121374672976 0.50530678390764916 -0.8041866928211282 15.105000000000002 111534.00000000001 18.715000000000003 0.97879861737349394 97881.515000000014 0.76556758748011056 3604.4250000000006 13828.050000000001 0.99798963798840068
decision_type=2 2 10 10 10 2 2 8 2 2 2 2 2 8 10 2 10 2 2 2 10 2 2 2 2 10 2 2 10 10 2
left_child=2 4 3 8 5 6 12 9 -1 -3 -11 -12 13 14 -2 -8 25 -18 -15 -10 -14 -20 -23 26 30 -13 27 -24 -21 -26 -19
right_child=1 7 -4 -5 -6 -7 15 -9 19 10 11 16 20 18 -16 -17 17 24 21 28 -22 22 23 -25 29 -27 -28 -29 -30 -31 -32
leaf_value=-0.0017292620085110587 0.0012996205083618405 0.00050867932767647759 0.00079593699000095222 -0.0058063689162108035 -0.0023539397896300733 0.0018648196701695652 0.00032645207404604428 0.0025530169071215723 -0.0022458317826191585 0.002094260562664351 0.00055532503427694669 0.0013872054819127216 -0.00097610945644026456 0.00035586651835518959 -0.00030282518424263054 0.0013176710332313982 0.00070685696303068347 0.0019547034027054908 -0.00075685692152050745 -0.0025936151699221229 -0.0001626504019285286 0.00025020164821933788 7.7864910602908248e-05 0.00014127928052201039 0.00093112774151136513 0.002077050535556148 -0.00074043734365477579 -0.00052275341050699357 -0.0033585473673569191 0.0013721992665627373 0.0014198089119046927
leaf_weight=36 23 22 25 21 27 37 22 26 44 36 22 33 21 25 21 25 35 24 21 49 20 33 21 26 28 33 29 24 36 20 24
leaf_count=36 23 22 25 21 27 37 22 26 44 36 22 33 21 25 21 25 35 24 21 49 20 33 21 26 28 33 29 24 36 20 24
internal_value=-6.06966e-05 0.000695166 -0.00248131 -0.0029237 4.71104e-05 0.00023961 4.08996e-05 0.00149442 -0.00252405 0.00138623 0.00145966 0.0013463 -0.000109461 -1.838e-05 0.000545083 0.000870163 0.00143138 0.00125476 -0.000159144 -0.00273084 -0.000592621 -0.000244506 -0.000158564 -0.000294598 0.00144517 0.00175798 -0.000447586 -0.000246865 -0.00295287 0.00113916 0.00172169
internal_weight=889 678 211 186 375 348 311 303 165 277 255 219 264 223 44 47 197 131 179 129 41 154 133 100 96 66 74 45 85 48 48
internal_count=889 678 211 186 375 348 311 303 165 277 255 219 264 223 44 47 197 131 179 129 41 154 133 100 96 66 74 45 85 48 48
is_linear=0
shrinkage=0.03


Tree=103
num_leaves=34
num_cat=0
split_feature=7 4 34 29 31 40 31 7 6 8 38 11 31 29 4 13 3 39 39 1 26 25 36 7 26 11 5 5 40 18 10 34 8
split_gain=1.63606 0.476292 0.337807 0.299564 0.0555483 0.0409507 0.0302709 0.028575 0.0351979 0.0262065 0.0172767 0.0158393 0.0133452 0.0215355 0.0096755 0.0133912 0.0158247 0.00838714 0.00784424 0.010678 0.00925639 0.00665772 0.00737789 0.00542078 0.00513034 0.00630633 0.00499376 0.00428596 0.0032312 0.00300797 0.0043247 0.00263126 0.00184572
threshold=81593.79222619049 186598.67500000002 158.00000000000003 6345.1100000000015 365932.36000000004 0.93920963303267258 181830.785 199997.13344393598 223539.48333333337 0.91080989514743049 0.046188455719104814 5.5000000000000009 3604.4250000000006 8110.1200000000008 276993.83500000008 3.5000000000000004 333481.62000000005 0.75204027824992614 0.92695427584624079 99329.573047919068 9.5500000000000025 14.945000000000002 110756.22928571429 189474.75381054133 9.1500000000000004 1.0000000180025095e-35 14090.160000000002 100430.00000000001 1.2246459740186488 30.050000000000004 1.0478789714599996 16486.495000000006 0.84997801053398636
decision_type=2 2 10 10 8 8 10 2 2 2 10 2 10 10 2 2 2 10 10 2 2 2 2 2 2 2 2 2 8 2 2 10 2
left_child=2 6 3 -1 7 12 9 23 -9 -2 18 14 26 -14 -10 16 17 -16 -11 -20 27 -22 -23 -3 -17 -26 -5 -21 -12 -27 31 -31 -28
right_child=1 4 -4 5 -6 -7 -8 8 11 10 28 -13 13 -15 15 24 -18 -19 19 20 21 22 -24 -25 25 29 32 -29 -30 30 -32 -33 -34
leaf_value=-0.0062183799381766991 -0.0011938971078912304 0.00095369553031480819 0.00070416085535945395 -0.0016582391075992389 0.0030157634269978319 -0.0012121069437957236 0.00070278023265449231 0.002446618887426501 0.00091862526765908116 -0.00061228469130391629 0.00071261127446112888 0.00078195292287273335 -0.0038499651796051432 -0.0023766100253252418 0.0018729810189041826 0.0011871101427823306 0.00046560974029654804 0.0010677659737980735 0.00048449773553081537 -0.00017920057556087459 5.5325656758213876e-05 -0.00083098059901273627 -0.00021774586170379603 0.00026044524540858608 0.0012405617483785714 0.0014439433314172283 -0.001968100558480491 0.00029426551550138603 0.00016864252457578132 0.0026606978152109227 0.0016001356772791882 0.0018590836081421004 -0.0027498122630640865
leaf_weight=20 21 22 28 22 20 27 37 32 31 37 20 39 20 33 26 21 21 32 21 35 21 38 34 20 21 20 22 32 20 22 25 23 25
leaf_count=20 21 22 28 22 20 27 37 32 31 37 20 39 20 33 26 21 21 32 21 35 21 38 34 20 21 20 22 32 20 22 25 23 25
internal_value=7.81482e-05 0.000766088 -0.00232656 -0.00282988 0.00148763 -0.00233663 -9.21586e-05 0.0013933 0.00149239 -0.000199714 -0.000114495 0.00137544 -0.00257362 -0.00299359 0.00146747 0.00154339 0.00120063 0.00145435 -0.000219911 -0.000136779 -0.000220824 -0.000412896 -0.000548347 0.00063731 0.00173796 0.00183065 -0.00221287 4.79344e-05 0.000451374 0.00195319 0.0020763 0.00230031 -0.00243253
internal_weight=888 691 197 169 375 149 316 355 313 279 258 281 122 53 242 211 79 58 218 181 160 93 72 42 132 111 69 67 40 90 70 45 47
internal_count=888 691 197 169 375 149 316 355 313 279 258 281 122 53 242 211 79 58 218 181 160 93 72 42 132 111 69 67 40 90 70 45 47
is_linear=0
shrinkage=0.03


Tree=104
num_leaves=35
num_cat=0
split_feature=6 4 40 18 26 13 32 1 14 30 23 1 11 32 22 8 15 14 38 9 34 37 40 6 20 18 19 15 22 38 40 32 1 32
split_gain=1.54862 0.391121 0.181732 0.17132 0.0440818 0.0479047 0.0442012 0.0780088 0.043828 0.0334612 0.0257292 0.0236319 0.019699 0.0196857 0.0160528 0.0156578 0.0309966 0.0204701 0.0145848 0.0145544 0.013271 0.0123635 0.0119689 0.0108616 0.0104889 0.0102093 0.007901 0.00691895 0.00598169 0.00675996 0.00411968 0.00409265 0.00384006 0.00301436
threshold=77669.498166666672 183204.41500000001 0.30825101513251413 21.950000000000003 14.850000000000003 10.500000000000002 250046.20928571431 314238.59084887622 -0.90529520250134576 16725.255000000005 3.6500000000000008 326631.76743071171 5.5000000000000009 53891.069285714293 9.3000000000000043 1.0358499878388385 0.45082531555062549 0.060169887675273891 0.028982543492152981 1.0039421843885148 246.00000000000003 0.11843583558628619 0.50530678390764916 124269.28333333334 2.7500000000000004 32.150000000000013 23.750000000000004 -0.013976481981245173 9.4500000000000028 0.017726685793389593 0.70253706530292592 99054.856190476203 100496.45591567967 104705.1492857143
decision_type=2 2 10 2 2 2 2 2 2 2 8 2 2 2 2 2 2 2 10 2 10 8 10 2 2 2 2 2 2 10 10 2 2 2
left_child=2 12 -1 8 5 6 7 10 -4 11 14 26 13 -2 -3 16 -10 -18 20 30 28 -7 -14 27 -13 -21 -6 31 29 -15 -8 -20 -30 -34
right_child=1 4 3 -5 9 21 19 -9 15 -11 -12 24 22 18 -16 -17 17 -19 23 25 -22 -23 -24 -25 -26 -27 -28 -29 32 -31 -32 -33 33 -35
leaf_value=-0.0050458939047530295 0.00076125283288287651 -0.0001106806392116206 -0.0012046887038741261 0.00042190037329088557 0.00062931148420003328 0.0014742131738898318 0.0021543992922774383 -0.00087923872107961048 -0.001357328490015458 0.0029562598084365683 0.0017445616990327834 0.0014936067203858067 -0.0010697102546691896 0.00043800306539249536 0.00095538344823152695 -0.0034948250859116129 -0.0022671559852148805 -0.0035574843496084213 0.00055783980864692814 0.00056847724686216175 -0.00093258211706680324 0.0025188396010490319 -0.00010902455725995836 0.00083091551105358768 0.0026287994415245272 0.0014292465268114869 0.0014087924056661288 -0.00036319489910965783 -0.00053982882114889271 -0.00026569672659124165 0.0013570687386461279 -3.3533700958027366e-05 -0.00031212963900008404 0.00012314081056974827
leaf_weight=21 27 20 23 21 21 36 20 28 21 20 24 20 26 27 33 25 41 24 21 28 21 20 21 20 21 25 36 23 32 21 21 20 33 24
leaf_count=21 27 20 23 21 21 36 20 28 21 20 24 20 26 27 33 25 41 24 21 28 21 20 21 20 21 25 36 23 32 21 21 20 33 24
internal_value=4.28125e-05 0.000684928 -0.00246059 -0.00208022 0.00134147 0.00111117 0.000885095 0.000455423 -0.00247257 0.00182564 0.000945805 0.00156737 -9.18332e-05 8.03559e-06 0.000558495 -0.00272218 -0.00245999 -0.00279027 -7.87879e-05 0.0013552 -0.00024809 0.00188494 -0.000651682 0.000238833 0.00212379 0.000993449 0.00113742 4.38706e-05 -0.00013717 0.000130995 0.00178805 0.000275435 -0.000281647 -0.000129895
internal_weight=865 689 176 155 373 255 199 105 134 118 77 98 316 269 53 111 86 65 242 94 158 56 47 84 41 53 57 64 137 48 41 41 89 57
internal_count=865 689 176 155 373 255 199 105 134 118 77 98 316 269 53 111 86 65 242 94 158 56 47 84 41 53 57 64 137 48 41 41 89 57
is_linear=0
shrinkage=0.03


Tree=105
num_leaves=34
num_cat=0
split_feature=2 2 13 26 17 31 2 4 14 40 40 6 40 8 14 8 8 24 3 26 3 13 10 32 38 26 4 14 24 32 36 23 38
split_gain=1.52553 0.349239 0.225758 0.171136 0.156894 0.112049 0.0810009 0.0414582 0.032596 0.0218845 0.0206129 0.0254359 0.020145 0.0190117 0.0183522 0.0256307 0.0172826 0.0188019 0.0179367 0.0336301 0.0143096 0.0118771 0.0107882 0.00918182 0.0102194 0.00852661 0.010513 0.0104823 0.00747496 0.00584535 0.00324873 0.00229608 0.000751878
threshold=78813.720000000016 246495.60000000003 11.500000000000002 18.750000000000004 18.150000000000002 51861.075000000004 144780.11000000002 447574.94500000001 -0.90529520250134576 0.81038761383144908 0.28348312628821698 193072.22702380954 0.30727547480925671 0.91451669247654765 0.97696484778429815 0.92690411542767626 0.98068581453113335 3.8500000000000001 309207.44000000006 12.950000000000001 330777.94000000006 3.5000000000000004 1.0558212728745935 57216.943095238108 0.04361770414617918 9.9500000000000011 106745.28500000002 0.70517752626968588 1.0500000000000003 104705.1492857143 347268.94511904771 2.9499999999999997 0.0069373211201888734
decision_type=2 2 2 2 2 10 2 2 2 8 10 2 10 2 2 2 2 2 2 2 2 2 2 2 10 2 2 2 2 2 2 10 10
left_child=2 3 4 5 8 -2 13 16 -1 10 -8 -12 -10 -7 15 -14 20 18 19 -18 -3 30 32 28 25 29 27 -27 -15 -25 -20 -31 -23
right_child=1 7 -4 -5 -6 6 9 -9 12 -11 11 -13 14 23 -16 -17 17 -19 21 -21 -22 22 -24 24 -26 26 -28 -29 -30 31 -32 -33 -34
leaf_value=-0.001411925788519771 0.0022217299902568691 0.0022185185925674535 -0.0054306119307875635 -0.0023698669620382134 0.00032890142026272684 -0.0010671606907536359 0.0010826604123311964 0.0026636915524828838 -0.0016491384564765862 0.001493718147652948 -0.00060714043414918702 0.00071356909943680303 -0.0022334070224314926 -0.00011237048804658747 -0.0019003848083825276 -0.0035868017778367452 -9.4210173189640046e-05 0.00027269475437192753 0.00070926167617511491 0.0014202608015580936 0.001198103480041027 0.0016546573396772147 0.001235928077279823 -0.00020750122365272448 0.00043728909571655094 -0.00042896246048621835 -0.00074724393067299383 0.00044516960857436059 -0.00087643817702773958 7.8731201609353644e-05 0.0012323660960012091 0.00051167347088820585 0.0023037943752881669
leaf_weight=27 22 30 20 24 21 21 32 21 20 26 23 28 28 22 21 45 24 21 22 28 29 22 39 36 31 29 35 20 24 22 40 22 20
leaf_count=27 22 30 20 24 21 21 32 21 20 26 23 28 28 22 21 45 24 21 22 28 29 22 39 36 31 29 35 20 24 22 40 22 20
internal_value=-2.91794e-05 0.000597196 -0.00247291 3.71635e-05 -0.00207669 0.0001898 6.36592e-05 0.00138338 -0.00243476 0.000747094 0.000498213 0.000117733 -0.00266263 -0.00022243 -0.00285863 -0.00310489 0.00127631 0.00114076 0.00123238 0.000732685 0.00174529 0.00140774 0.001657 -0.000144717 -5.37045e-05 -0.000148602 -0.000357895 -7.04062e-05 -0.00052118 7.28613e-05 0.00106095 0.000301762 0.00201016
internal_weight=895 713 182 417 162 393 371 296 141 109 83 51 114 262 94 73 275 216 195 52 59 143 81 241 195 164 84 49 46 80 62 44 42
internal_count=895 713 182 417 162 393 371 296 141 109 83 51 114 262 94 73 275 216 195 52 59 143 81 241 195 164 84 49 46 80 62 44 42
is_linear=0
shrinkage=0.03


Tree=106
num_leaves=35
num_cat=0
split_feature=7 1 27 22 22 7 22 26 6 11 2 25 7 8 29 31 5 22 19 15 10 15 40 32 26 19 31 2 35 38 29 38 40 31
split_gain=1.59494 0.320569 0.175267 0.262049 0.149389 0.1002 0.0391535 0.0333281 0.0270463 0.0235752 0.0145966 0.0158004 0.014594 0.0117773 0.0106323 0.00961359 0.0187287 0.0090157 0.0150197 0.0273608 0.0115428 0.00867379 0.00721178 0.0059593 0.0057557 0.00505227 0.00462815 0.00377725 0.00495174 0.00372979 0.00946824 0.00394709 0.00320194 0.00121868
threshold=84742.272150000019 247746.03575630256 1165.5000000000002 7.6500000000000012 5.2500000000000027 170866.4965102975 10.350000000000001 14.450000000000001 443879.0735714286 5.5000000000000009 110146.79500000003 17.940000000000001 89659.592592592599 0.92592748802941494 5850.0000000000009 3521.3400000000006 14661.895000000002 6.950000000000002 25.150000000000002 0.73136292505298039 1.0558212728745935 -0.10837475778693638 0.05044166377259194 3123.9119047619056 14.250000000000002 19.550000000000004 245469.23000000001 94163.500000000015 112370.8 0.024372306883843044 1101.0000000000002 0.0051193846166433001 0.54813587821893184 264429.26500000007
decision_type=2 2 10 2 2 2 2 2 2 2 2 2 2 2 10 10 2 2 2 2 2 2 8 2 2 2 10 2 10 10 10 10 10 10
left_child=2 4 3 -1 -2 10 -5 14 9 13 12 -12 -6 -3 -7 23 -17 24 19 -19 -20 -13 -14 -8 -15 26 -21 -24 29 30 31 -29 -23 -26
right_child=1 8 -4 6 5 7 15 -9 -10 -11 11 21 22 17 -16 16 -18 18 20 25 -22 32 27 -25 33 -27 -28 28 -30 -31 -32 -33 -34 -35
leaf_value=-0.0058313774488950995 -0.0023185034968297587 0.001957812625781766 -0.00017498541864213244 -0.0011464883848222799 0.00054124025661232223 0.0011483872512115104 -0.0025990855377977309 0.0021768752944295888 0.0024373509997332636 0.00056438045626556544 0.00096247283053923062 0.00054199938704683028 -0.00080770339097150344 0.00051529350557497566 0.00030958164198738005 -0.003270692005753517 -0.002013981071515725 0.00050489518170555425 0.0022584058984648435 0.0016586926417325489 0.0012283201846929098 5.5891577711528434e-05 0.00011914391911122949 -0.0017728771195795975 0.00090019390452653167 0.0019403418655005785 0.00095167691998470283 -0.0005414565158675292 0.00010759596186487571 -2.7551762925993117e-05 -0.00097816252789925781 1.1109755012310215e-05 -0.00041347320137720092 0.0013718948407989481
leaf_weight=21 21 34 28 26 20 30 22 21 21 36 21 21 21 20 26 38 25 35 31 20 21 27 24 37 20 25 25 20 22 20 23 26 24 22
leaf_count=21 21 34 28 26 20 30 22 21 21 36 21 21 21 20 26 38 25 35 31 20 21 27 24 37 20 25 25 20 22 20 23 26 24 22
internal_value=-1.19947e-05 0.000679784 -0.00238075 -0.00274303 7.90603e-05 0.000230839 -0.00226862 0.00117756 0.00138842 0.00130406 -4.35137e-05 0.000258793 -0.000203815 0.00140668 0.000771205 -0.00249649 -0.00281126 0.0013126 0.00143983 0.00120945 0.00187343 4.31797e-05 -0.000302174 -0.00211914 0.00097268 0.00154965 0.00129513 -0.000218175 -0.000291521 -0.000390279 -0.000493522 -0.000235545 -0.00016869 0.00117343
internal_weight=874 677 197 169 367 346 148 77 310 289 269 93 176 253 56 122 63 219 157 105 52 72 156 59 62 70 45 135 111 89 69 46 51 42
internal_count=874 677 197 169 367 346 148 77 310 289 269 93 176 253 56 122 63 219 157 105 52 72 156 59 62 70 45 135 111 89 69 46 51 42
is_linear=0
shrinkage=0.03


Tree=107
num_leaves=32
num_cat=0
split_feature=4 1 32 22 6 41 4 11 24 40 10 14 39 23 13 9 14 25 32 2 5 4 30 35 14 24 10 5 10 32 39
split_gain=1.17387 0.328739 0.162911 0.13139 0.109294 0.0354565 0.0340801 0.0255342 0.0255033 0.020773 0.0197731 0.0177638 0.0183539 0.0163811 0.0169922 0.0175102 0.0116637 0.0108855 0.00999451 0.0114941 0.00926145 0.0085719 0.00673177 0.0316355 0.00543963 0.0092279 0.00482272 0.0041131 0.00402957 0.00273684 0.00170376
threshold=65309.090000000004 247746.03575630256 51911.610714285729 5.2500000000000027 137719.77142857146 1.1557412616985661 443580.815 5.5000000000000009 1.9500000000000002 0.28348312628821698 1.0337247685893989 0.68037272099988588 0.9174369755917039 7.0500000000000016 3.5000000000000004 0.90959758332468577 -0.94941398590724801 15.105000000000002 250637.24000000002 316581.08000000007 315247.23500000004 338592.82000000001 8980.0364285714313 10351.825000000001 0.98049069993378934 1.9500000000000002 1.0471272007832984 100663.00000000001 1.0868581376935291 91955.53071428572 0.77146779051480829
decision_type=2 2 2 2 2 8 2 2 2 10 2 2 10 8 2 2 2 2 2 2 2 2 2 10 2 2 2 2 2 2 10
left_child=8 2 -2 -4 11 9 7 13 22 -6 -11 12 -5 14 18 -16 -14 -18 -3 -20 -9 -15 23 -1 25 28 30 29 -13 -19 -17
right_child=1 6 3 4 5 -7 -8 20 -10 10 -12 24 16 21 15 26 17 27 19 -21 -22 -23 -24 -25 -26 -27 -28 -29 -30 -31 -32
leaf_value=-0.0018735959291488172 0.0024087395511567591 0.00042037898530091703 -0.0022398145101033152 -0.0012791856903848903 0.0012335778465993436 0.0019449584551519995 0.002526312915777618 0.00098374790645071428 -0.0013354844417931004 -0.0003333176078740507 0.00086986587054773486 0.00018620138778351248 0.00030068928274609475 0.002228650726798561 0.00082071172568248579 0.0015622132593461383 6.4115275666621085e-06 -0.00053969521133694792 0.0015664222724093445 0.00068647381894650951 7.7487856615334749e-05 0.0012831313761749437 -0.002081824881327036 -0.0033989072255790234 -0.00032151786522008476 0.00067411760515824427 0.0012918354066953595 -0.00034882271052705808 -0.00034845906415615572 -0.0010029559293050422 0.0021753902277299041
leaf_weight=30 24 28 23 20 27 22 21 20 32 27 21 29 22 30 29 25 36 29 28 30 20 20 76 29 24 23 27 37 21 26 28
leaf_count=30 24 28 23 20 27 22 21 20 32 27 21 29 22 30 29 25 36 29 28 30 20 20 76 29 24 23 27 37 21 26 28
internal_value=8.84062e-05 0.000616518 6.15689e-05 -8.9825e-05 5.17903e-05 0.000908963 0.00135926 0.00126474 -0.00216917 0.000583478 0.000200085 -0.000261847 -0.000445823 0.00137979 0.00124181 0.00149542 -0.000326973 -0.000436347 0.000906873 0.00113063 0.00054356 0.00188302 -0.00235551 -0.00266748 6.18451e-05 0.000190524 0.00172685 -0.000607806 -4.07854e-05 -0.00077269 0.00192044
internal_weight=884 717 411 387 364 97 306 285 167 75 48 267 170 245 195 109 150 128 86 58 40 50 135 59 97 73 80 92 50 55 53
internal_count=884 717 411 387 364 97 306 285 167 75 48 267 170 245 195 109 150 128 86 58 40 50 135 59 97 73 80 92 50 55 53
is_linear=0
shrinkage=0.03


Tree=108
num_leaves=35
num_cat=0
split_feature=6 32 5 40 2 4 8 1 22 2 31 8 29 23 34 28 41 6 1 8 31 25 30 5 26 29 18 17 26 7 14 7 25 25
split_gain=1.02811 0.301572 0.236849 0.20562 0.242553 0.168319 0.0441847 0.0427851 0.029011 0.0291273 0.0254707 0.024442 0.0218411 0.0196288 0.0129984 0.010363 0.00909494 0.00953388 0.0157909 0.00909339 0.0083136 0.0190991 0.0123362 0.0082148 0.00751567 0.00701635 0.00550355 0.00546588 0.0082003 0.0056524 0.00417506 0.00362302 0.00201389 0.000684898
threshold=77669.498166666672 212298.38400000005 295574.9200000001 0.30825101513251413 48807.780000000006 186598.67500000002 0.98355259007078255 196191.60619928598 9.5500000000000025 13354.995000000001 352858.18000000011 0.90335683929685751 3397.5000000000005 0.55000000000000082 237.50000000000003 1455.7738095238099 1.0317442010455882 342225.53404761909 369414.50583624718 0.98595765599920093 245469.23000000001 16.905000000000005 11862.596428571429 324766.93500000006 10.65 4497.5000000000009 31.450000000000003 26.950000000000003 10.750000000000002 106709.54526785716 0.96234642434711437 90365.593253968269 15.255000000000001 21.465000000000003
decision_type=2 2 2 8 2 2 2 2 2 2 8 2 10 10 10 2 10 2 2 2 10 2 2 2 2 10 2 2 2 2 2 2 2 2
left_child=3 2 5 -1 8 11 -7 24 -5 -10 16 -2 14 -14 15 27 17 30 -19 -15 22 -22 -18 26 -3 -21 -23 28 31 -29 -9 -13 -33 -11
right_child=1 7 -4 4 -6 6 -8 10 9 33 -12 12 13 19 -16 -17 20 18 -20 25 21 23 -24 -25 -26 -27 -28 29 -30 -31 -32 32 -34 -35
leaf_value=-0.0047400138698602944 -0.0010367949592435489 -7.9151786464665624e-05 -0.0031370045856705733 -0.00099296954894353734 0.0012650477983381437 0.0029204414648951829 0.00088560039643198246 0.002187511179363355 -0.0033627310501677652 -0.0021077131493017075 0.002362037299793552 -0.00045368815433572638 0.00099485394344183374 0.0005968898621254733 -0.00084826277391985053 0.00051113430942807876 0.0017935586393372537 0.0004947460991596537 0.0016416778994931113 0.00029096891005922639 0.00020597022008867218 0.0011548158681641022 0.00078800481611064502 0.0014747120017584946 0.0006786937996470702 -0.00041158052460311658 0.00048658943211194123 0.00040465334167137093 -0.00072360368973022559 -0.00024728900324553252 0.001400444725613025 0.00022506647759159518 -0.00016495156419785837 -0.0015767931994715972
leaf_weight=21 22 20 20 21 22 20 20 23 20 74 21 21 28 20 24 20 33 20 26 20 25 26 20 41 27 32 23 22 31 24 21 21 25 20
leaf_count=21 22 20 20 21 22 20 20 23 20 74 21 21 28 20 24 20 33 20 26 20 25 26 20 41 27 32 23 22 31 24 21 21 25 20
internal_value=2.3393e-05 0.000544199 -4.23303e-05 -0.00200468 -0.00161112 0.000142942 0.00194944 0.00120799 -0.00208569 -0.0022766 0.00134882 -9.56731e-05 -2.0443e-05 0.000335779 -0.000210697 -0.000112819 0.00125755 0.00151676 0.00116415 6.93545e-05 0.00111053 0.00094958 0.00143572 0.00115161 0.000361276 -0.000140978 0.000857163 -0.000202406 -0.000328018 6.64851e-05 0.00185133 -0.000137036 1.41005e-05 -0.00201254
internal_weight=874 696 370 178 157 350 40 326 135 114 279 310 288 100 188 164 258 90 46 72 168 115 53 90 47 52 49 144 98 46 44 67 46 94
internal_count=874 696 370 178 157 350 40 326 135 114 279 310 288 100 188 164 258 90 46 72 168 115 53 90 47 52 49 144 98 46 44 67 46 94
is_linear=0
shrinkage=0.03


Tree=109
num_leaves=35
num_cat=0
split_feature=3 3 24 33 17 7 31 8 6 19 40 40 14 10 24 10 32 36 23 38 5 14 17 3 23 18 25 8 2 40 31 3 14 23
split_gain=1.22445 0.351297 0.264943 0.216574 0.19331 0.10252 0.0348366 0.0216477 0.0254187 0.0209343 0.0201475 0.0198987 0.016507 0.0196943 0.0158891 0.0264367 0.0134102 0.0132995 0.0116227 0.0130113 0.0115366 0.0104974 0.0101305 0.00706962 0.00694312 0.00604173 0.00588211 0.0089251 0.00522839 0.00597868 0.0115198 0.00432155 0.00397772 0.00171964
threshold=76836.940000000017 234018.01000000004 8.8000000000000025 20848.800000000003 17.150000000000002 169949.06174948244 352858.18000000011 0.98068581453113335 304750.33928571432 22.950000000000003 0.57973402803873653 0.37602070900315082 -0.70291267844185523 0.46033072060085528 1.6500000000000001 1.0185456875680023 237084.49458333335 230528.38571428575 0.84999999999999976 0.0044391843620184288 341557.25500000006 0.32917936166072764 5.9500000000000011 103429.50000000001 5.5500000000000016 28.150000000000002 14.635000000000003 1.0208607464551114 311237.4250000001 0.34199300842270219 271151.2950000001 110661.50000000001 0.89546819317495652 1.0000000180025095e-35
decision_type=2 2 2 10 2 2 8 2 2 2 10 8 2 2 2 2 2 2 10 10 2 2 2 2 10 2 2 2 2 10 10 2 2 10
left_child=2 3 4 5 12 9 7 16 -9 18 17 -11 -1 -14 20 -16 -3 -7 19 25 28 -20 -15 -13 31 -2 -21 -28 -10 30 -30 -25 -24 -31
right_child=1 6 -4 -5 -6 10 -8 8 14 11 -12 23 13 22 15 -17 -18 -19 21 26 -22 -23 32 24 -26 -27 27 -29 29 33 -32 -33 -34 -35
leaf_value=-0.0015391421481035649 -0.00091520396976689381 0.002259224435741392 -0.0053940701901280721 -0.0028051808697637168 0.00094441885926893772 0.0011338763250158602 0.0024344996979925779 0.00031197809391111752 0.0016340702711246334 0.00099012990635608065 0.0018557913000088022 -0.00040106219311790734 -0.0015149593085068492 -0.0019979759147991578 0.0014135884506894009 -8.7811287746510718e-05 0.0012532258228483526 0.0001828821320289179 -0.0011434551636222751 -0.00029565895369159989 0.0019831944912672046 -0.00032468660655770996 -0.003347976341843605 0.00058728391915792595 -0.00027391667630021963 -0.00019212781179124826 -7.6529413365341467e-05 0.00072850499450313776 0.00031573958054650577 0.0010520443782760678 0.0012401203785390991 8.1167957279831173e-05 -0.002417804936878383 0.0016041043004952371
leaf_weight=38 21 26 20 23 20 34 23 35 25 21 22 28 25 30 20 21 32 22 24 23 24 35 24 27 25 21 28 21 23 21 27 34 29 21
leaf_count=38 21 26 20 23 20 34 23 35 25 21 22 28 25 30 20 21 32 22 24 23 24 35 24 27 25 21 28 21 23 21 27 34 29 21
internal_value=-3.89455e-05 0.000531372 -0.00219802 -3.9899e-05 -0.00178296 0.000131694 0.00131294 0.00121066 0.00106324 -0.000115241 0.00109589 0.000164081 -0.00216045 -0.00236293 0.00120522 0.000660798 0.00173484 0.000770034 -0.000332899 -0.000153473 0.00135776 -0.000671252 -0.00259727 4.62775e-06 0.000139805 -0.000566542 9.19444e-05 0.000276155 0.00121375 0.00108319 0.000829434 0.000311046 -0.00289321 0.00135896
internal_weight=893 707 186 409 166 386 298 275 217 308 78 135 146 108 182 41 58 56 173 114 141 59 83 114 86 42 72 49 117 92 50 61 53 42
internal_count=893 707 186 409 166 386 298 275 217 308 78 135 146 108 182 41 58 56 173 114 141 59 83 114 86 42 72 49 117 92 50 61 53 42
is_linear=0
shrinkage=0.03


Tree=110
num_leaves=37
num_cat=0
split_feature=7 36 4 18 38 4 39 14 35 36 3 21 7 22 41 40 22 8 18 25 25 14 3 11 14 10 23 5 10 25 8 37 9 3 3 5
split_gain=1.1833 0.305116 0.258868 0.23814 0.202227 0.093352 0.044921 0.0395161 0.0353111 0.0300844 0.0301972 0.0245687 0.0168789 0.0194063 0.016247 0.0333058 0.0143922 0.0135692 0.0122182 0.0114538 0.0130861 0.013359 0.0131016 0.00930277 0.00682263 0.00666965 0.00653299 0.0057168 0.00547946 0.00517329 0.00884139 0.00619035 0.00477871 0.0041631 0.00690889 0.00241397
threshold=81593.79222619049 54792.781666666669 228990.41500000001 21.850000000000005 0.13068418517401884 186598.67500000002 0.81489176725782875 -0.90529520250134576 464799.60999999999 233754.98869047625 268453.70500000002 11.250000000000002 308735.25456521747 11.750000000000002 0.93207850163690609 0.28176915331181213 8.9500000000000011 1.0358499878388385 33.95000000000001 14.015000000000002 20.025000000000002 -0.94941398590724801 106213.00000000001 4.5000000000000009 0.44022217077093501 1.0714388368366257 2.0500000000000012 108862.00000000001 0.50348266209602077 17.420000000000005 1.0000861515454025 0.095544250074028683 1.1172291081653059 92380.24500000001 97620.000000000015 14711.805000000002
decision_type=2 2 2 2 10 2 10 2 8 2 2 2 2 2 8 10 2 2 2 2 2 2 2 2 2 2 8 2 2 2 2 10 2 2 2 2
left_child=1 3 4 7 5 14 -7 -1 9 -4 -11 17 13 16 15 -2 -12 28 23 -16 21 -21 33 29 35 -20 -24 32 -9 30 -14 -31 -22 -23 -35 -13
right_child=2 -3 8 -5 -6 6 -8 11 -10 10 12 24 18 -15 19 -17 -18 -19 25 20 27 22 26 -25 -26 -27 -28 -29 -30 31 -32 -33 -34 34 -36 -37
leaf_value=-0.00080853307302194565 0.0013331757890145211 -0.0055374431140912091 -5.4395906627178189e-05 0.0013468123540016155 -0.0023690767961670645 0.0019749943434041652 0.0003935631216419014 -0.0026507434295490384 0.0023382833084641869 0.0021847812761552629 0.0004946769678499549 -0.0023659554102712058 0.0018677979201564322 -0.00012326227194121614 0.00044991535011730673 -0.00022009447156772787 0.0015391901922835545 -0.0033268021502030581 0.0020880417259676117 0.00036212292150594294 -0.00036558512914260582 4.1947893370243332e-05 -0.0012533124368002808 0.00050561297891868484 -0.0012133132245175408 0.0012166087042540311 -0.00049329880508594212 0.00055442757872779932 -0.0017333330825457106 0.001301215492421761 0.00099651069147512297 0.00061727480875561013 0.00027457552447490995 -0.0006616312104839987 -3.8041939958930017e-05 -0.0016663132017028742
leaf_weight=21 21 20 20 20 29 33 32 23 21 23 29 21 22 21 26 28 21 25 20 20 20 30 21 26 20 24 23 21 22 23 29 31 20 35 29 28
leaf_count=21 21 20 20 20 29 33 32 23 21 23 29 21 22 21 26 28 21 25 20 20 20 30 21 26 20 24 23 21 22 23 29 31 20 35 29 28
internal_value=-6.91538e-05 -0.00209764 0.000514244 -0.00168696 -2.62449e-06 0.000194587 0.0012142 -0.00207219 0.00115909 0.00106564 0.00114881 -0.00225596 0.00104349 0.00063876 -3.41899e-05 0.000458943 0.000954951 -0.00267579 0.00120314 -0.000134281 -0.000205368 -0.000348849 -0.000453753 0.00104158 -0.00179791 0.00165031 -0.000875823 0.000165907 -0.00224966 0.00116827 0.00140105 0.000926945 -4.66147e-05 -0.000249048 -0.000384 -0.00200748
internal_weight=898 200 698 180 388 359 65 160 310 289 269 139 246 71 294 49 50 70 175 245 219 158 138 131 69 44 44 61 45 105 51 54 40 94 64 49
internal_count=898 200 698 180 388 359 65 160 310 289 269 139 246 71 294 49 50 70 175 245 219 158 138 131 69 44 44 61 45 105 51 54 40 94 64 49
is_linear=0
shrinkage=0.03


end of trees

feature_importances:
lag2=260
roll7=226
roll28=120
state_scale=119
lag7=115
doy_sin=113
ratio_7_28=103
hydro_vs_norm=103
shortwave_radiation_sum=97
thermal_lag2=90
lag3=81
dow=79
doy_cos=79
wind_speed_10m_max=79
thermal_roll7=74
cdd_lag1=73
gen_total_lag2=73
rel_roll7=69
rel_lag2=66
precipitation_sum=64
hydro_share=62
gen_total_roll7=61
temp_range=60
temperature_2m_mean=57
temperature_2m_max=54
temperature_2m_min=53
lag14=52
hydro_roll7=52
re_vs_norm=50
hydro_lag2=40
thermal_share=38
month=37
renewable_roll7=31
solar_lag2=21
wind_lag2=17
renewable_lag2=16
renewable_share=9
cdd=8
hdd=2

parameters:
[boosting: gbdt]
[objective: regression]
[metric: l2]
[tree_learner: serial]
[device_type: cpu]
[data_sample_strategy: bagging]
[data: ]
[valid: ]
[num_iterations: 3000]
[learning_rate: 0.03]
[num_leaves: 63]
[num_threads: 16]
[seed: 42]
[deterministic: 0]
[force_col_wise: 0]
[force_row_wise: 0]
[histogram_pool_size: -1]
[max_depth: -1]
[min_data_in_leaf: 20]
[min_sum_hessian_in_leaf: 0.001]
[bagging_fraction: 0.85]
[pos_bagging_fraction: 1]
[neg_bagging_fraction: 1]
[bagging_freq: 1]
[bagging_seed: 400]
[bagging_by_query: 0]
[feature_fraction: 0.85]
[feature_fraction_bynode: 1]
[feature_fraction_seed: 30056]
[extra_trees: 0]
[extra_seed: 12879]
[early_stopping_round: 0]
[early_stopping_min_delta: 0]
[first_metric_only: 0]
[max_delta_step: 0]
[lambda_l1: 0]
[lambda_l2: 1]
[linear_lambda: 0]
[min_gain_to_split: 0]
[drop_rate: 0.1]
[max_drop: 50]
[skip_drop: 0.5]
[xgboost_dart_mode: 0]
[uniform_drop: 0]
[drop_seed: 17869]
[top_rate: 0.2]
[other_rate: 0.1]
[min_data_per_group: 100]
[max_cat_threshold: 32]
[cat_l2: 10]
[cat_smooth: 10]
[max_cat_to_onehot: 4]
[top_k: 20]
[monotone_constraints: ]
[monotone_constraints_method: basic]
[monotone_penalty: 0]
[feature_contri: ]
[forcedsplits_filename: ]
[refit_decay_rate: 0.9]
[cegb_tradeoff: 1]
[cegb_penalty_split: 0]
[cegb_penalty_feature_lazy: ]
[cegb_penalty_feature_coupled: ]
[path_smooth: 0]
[interaction_constraints: ]
[verbosity: -1]
[saved_feature_importance_type: 0]
[use_quantized_grad: 0]
[num_grad_quant_bins: 4]
[quant_train_renew_leaf: 0]
[stochastic_rounding: 1]
[linear_tree: 0]
[max_bin: 255]
[max_bin_by_feature: ]
[min_data_in_bin: 3]
[bin_construct_sample_cnt: 200000]
[data_random_seed: 175]
[is_enable_sparse: 1]
[enable_bundle: 1]
[use_missing: 1]
[zero_as_missing: 0]
[feature_pre_filter: 1]
[pre_partition: 0]
[two_round: 0]
[header: 0]
[label_column: ]
[weight_column: ]
[group_column: ]
[ignore_column: ]
[categorical_feature: ]
[forcedbins_filename: ]
[precise_float_parser: 0]
[parser_config_file: ]
[objective_seed: 16083]
[num_class: 1]
[is_unbalance: 0]
[scale_pos_weight: 1]
[sigmoid: 1]
[boost_from_average: 1]
[reg_sqrt: 0]
[alpha: 0.9]
[fair_c: 1]
[poisson_max_delta_step: 0.7]
[tweedie_variance_power: 1.5]
[lambdarank_truncation_level: 30]
[lambdarank_norm: 1]
[label_gain: ]
[lambdarank_position_bias_regularization: 0]
[eval_at: ]
[multi_error_top_k: 1]
[auc_mu_weights: ]
[num_machines: 1]
[local_listen_port: 12400]
[time_out: 120]
[machine_list_filename: ]
[machines: ]
[gpu_platform_id: -1]
[gpu_device_id: -1]
[gpu_use_dp: 0]
[num_gpu: 1]

end of parameters

pandas_categorical:[]
