tree
version=v4
num_class=1
num_tree_per_iteration=1
label_index=0
max_feature_idx=21
objective=regression
feature_names=state_id state_scale dow month doy_sin doy_cos lag2 lag3 lag7 roll7 roll28 rel_lag2 ratio_7_28 shortwave_radiation_sum temperature_2m_mean temperature_2m_max precipitation_sum cloud_proxy wind_site_mean wind_cube wind_speed_100m_mean wind_10m_max
feature_infos=[0:7] [893:41118.922465753421] [0:6] [1:12] [-0.9999994220246925:0.99998555065071859] [-0.8301981337405212:0.9999907524084426] [-0.23000000000001819:102647.75999999999] [-0.23000000000001819:102647.75999999999] [-0.23000000000001819:102647.75999999999] [0:64284.434285714284] [48.629629629629626:50269.703703703701] [-1.3189667061901074e-05:5.2091118505246996] [0:2.6000000000000001] [2.1800000000000002:26.219999999999999] [10.6:36.100000000000001] [16.600000000000001:41.700000000000003] [0:136.5] [0.133769687052567:1.6423259564555148] [4.5:39.899999999999999] [91.125:63521.198999999993] [4.5:39.899999999999999] [4.7000000000000002:34.600000000000001]
tree_sizes=1673 1933 2051 1982 1906 2190 2039 2089 2076 2200 1902 2203 2257 1981 2205 2116 2219 2154 2095 2316 2083 2200 2245 2501 2471 2480 2141 2210 2069 2557 2244 2277 2646 2406 2471 2074 2789 2432 2781 2450 2759 2248 2625 2961 2671 2914 2636 2952 2780 2283 2747 2813 2725 3004 2903 2981 2979 2938 2913 3000 2965 2939 2952 2783 2955 3022 2995 2867 2960 2972 3013 2932 3000 2968 3015 3057 3024 3026 3055 2990 3024 2923 3007 2999 2996 3053 2963 2985 3057 2924 2970 2956 2978 2950 2981 3076 3027 2987 2961 2987 3037 2976 3004 2976 2896 2984 3006 2947 2978 2984 3042 2955 2926 2981 3026 3014 3007 3027 3008 3009 3008 2977 3096 2974 2888 3002

Tree=0
num_leaves=19
num_cat=0
split_feature=9 8 18 10 9 4 18 1 5 12 14 14 1 11 21 4 12 16
split_gain=1062.79 47.7661 11.6934 10.2643 5.50183 5.32805 3.93171 2.91155 2.67339 2.25255 1.43087 1.13256 0.90036 1.07275 0.530544 0.466217 0.399574 0.188109
threshold=3647.9285714285716 21198.500000000004 18.250000000000004 29226.583260869571 21280.71428571429 -0.064461972558210262 11.450000000000001 36827.675494893956 -0.57252730874975932 1.1036777268918423 26.750000000000004 27.350000000000005 31153.799204159866 1.0375221513274562 11.750000000000002 0.48595098096596934 0.92849721642010008 5.5500000000000007
decision_type=2 2 2 2 2 2 2 2 2 2 2 2 2 2 2 2 2 2
left_child=-1 2 4 8 6 11 -2 16 -3 15 -11 -4 13 -6 -8 -10 -5 -18
right_child=1 3 5 7 12 -7 14 -9 9 10 -12 -13 -14 -15 -16 -17 17 -19
leaf_value=9.675697573110881 9.7444624923832723 9.757251837179135 9.7344653929980254 9.770068430108438 9.7635964124362342 9.7580417401594062 9.7630956931541633 9.7847267500463087 9.7588975072697259 9.7675952035501545 9.7791957876313944 9.7469428769573394 9.7626054059619047 9.7748876322396008 9.7565415238650743 9.7663333152517051 9.7770998911892484 9.7695317640383266
leaf_weight=126 18 22 20 30 18 20 25 57 20 33 22 14.999999999999998 27 24 21 14.999999999999998 256 19
leaf_count=126 18 22 20 30 18 20 25 57 20 33 22 15 27 24 21 15 256 19
internal_value=9.75485 9.77011 9.75728 9.77517 9.76207 9.74585 9.75566 9.77765 9.76688 9.76914 9.77293 9.73909 9.76782 9.77066 9.7603 9.76253 9.77614 9.77669
internal_weight=788 662 188 474 133 55 64 362 112 90 55 35 69 42 46 35 305 275
internal_count=788 662 188 474 133 55 64 362 112 90 55 35 69 42 46 35 305 275
is_linear=0
shrinkage=1


Tree=1
num_leaves=20
num_cat=0
split_feature=1 8 4 9 18 1 7 6 13 11 5 14 18 13 5 15 9 1 21
split_gain=973.379 45.0744 7.89326 6.60679 6.2676 4.15477 3.53162 3.02035 3.00093 2.83146 2.58808 2.42687 1.2337 1.03653 0.781885 0.688077 0.491751 0.309461 0.165615
threshold=1369.118092991914 22188.985000000004 -0.63921128368950708 36521.000000000007 17.850000000000005 22543.872306143887 16683.500000000004 30515.000000000004 23.225000000000005 1.8757708244587954 0.19969739736768838 27.350000000000005 12.850000000000003 15.300000000000002 0.89309379682046119 31.050000000000004 27510.54285714286 36827.675494893956 17.750000000000004
decision_type=2 2 2 2 2 2 2 2 2 2 2 2 2 2 2 2 2 2 2
left_child=-1 2 4 7 5 10 14 13 12 17 -2 -6 -8 16 -4 -14 -3 -5 -15
right_child=1 3 6 9 11 -7 8 -9 -10 -11 -12 -13 15 18 -16 -17 -18 -19 -20
leaf_value=-0.074514118920673028 0.0027793358685448766 0.0026731619192287325 0.0043070473687257622 0.023039604325274951 -0.02218991702093797 0.012538724946789443 0.021587146807994163 0.019240150421275758 0.0017387168065887753 0.0099327942378380704 -0.012609278761288699 -0.0050645808875560755 0.014401753342346004 0.015406422849314717 -0.0041916291494118532 0.0052487142818669471 0.010274052310146784 0.029156722511563982 0.0089047830560080275
leaf_weight=130 22 15.999999999999998 18 120 15.000000000000002 20 19 158 21 14.999999999999998 14.999999999999998 15.999999999999998 21 50 17 15.999999999999998 17 61 14.999999999999998
leaf_count=130 22 16 18 120 15 20 19 158 21 15 15 16 21 50 17 16 17 61 15
internal_value=-0.00020369 0.0147954 0.00289775 0.0200238 -0.00377992 0.00217285 0.00811875 0.0165669 0.0116334 0.0243261 -0.00378599 -0.0141937 0.015156 0.0119584 0.000175676 0.0109158 0.00695211 0.0253973 0.0142166
internal_weight=782 652 200 452 88 57 112 256 77 196 37 31 56 98 35 37 33 181 65
internal_count=782 652 200 452 88 57 112 256 77 196 37 31 56 98 35 37 33 181 65
is_linear=0
shrinkage=0.03


Tree=2
num_leaves=21
num_cat=0
split_feature=1 8 6 19 10 4 10 4 5 9 5 12 12 15 12 7 15 6 12 7
split_gain=795.079 40.3155 11.0445 9.35669 4.98977 3.72706 3.33479 3.20621 3.16449 2.67599 2.41782 2.20025 2.35543 1.24939 1.10479 2.10297 1.69671 1.08244 0.660747 0.419446
threshold=1369.118092991914 22188.985000000004 30515.000000000004 5880.8705000000018 22046.811217948722 -0.064461972558210262 39292.543333333342 -0.76141707087277943 -0.60038941812636415 16985.857142857149 0.97062204580664158 1.0768962704526057 0.82001415775719477 30.350000000000005 1.1036777268918423 16189.500000000002 30.750000000000004 43724.000000000007 1.1936230111053769 21108.065000000006
decision_type=2 2 2 2 2 2 2 2 2 2 2 2 2 2 2 2 2 2 2 2
left_child=-1 3 8 4 7 13 17 9 -3 -2 11 12 -6 -5 16 -16 -10 -4 -17 -14
right_child=1 2 6 5 10 -7 -8 -9 14 -11 -12 -13 19 -15 15 18 -18 -19 -20 -21
leaf_value=-0.070933440176107115 0.0025942618213593959 0.00069549923334270717 0.019894396003529234 -0.019231447409838436 0.0074029147764667867 0.002202230271317863 0.027213400769759626 0.0071492346541570688 0.013322158776419726 -0.013593484176322817 0.00047128775467475252 0.0029464457940091104 0.026446860957452471 -0.0066624939255416392 0.025297913588583468 0.01572018599247231 0.0024214346429495058 0.009484353411723585 0.0063279764966240951 0.014278412586187613
leaf_weight=116 15.999999999999998 23 229 18 20 19 83 27 36 18 15.999999999999998 14.999999999999998 15.000000000000002 15.999999999999998 15.999999999999998 14.999999999999998 21 14.999999999999998 19 14.999999999999998
leaf_count=116 16 23 229 18 20 19 83 27 36 18 16 15 15 16 16 15 21 15 19 15
internal_value=0.000743198 0.0136734 0.018529 0.00222139 0.00622168 -0.00833285 0.0214893 -0.000283257 0.0108698 -0.0062548 0.0110092 0.0135117 0.016446 -0.0140154 0.0130039 0.0164518 0.00952432 0.0193367 0.0111147 0.0216353
internal_weight=768 652 457 195 142 53 327 61 130 34 81 65 50 34 107 50 57 244 34 30
internal_count=768 652 457 195 142 53 327 61 130 34 81 65 50 34 107 50 57 244 34 30
is_linear=0
shrinkage=0.03


Tree=3
num_leaves=21
num_cat=0
split_feature=9 6 11 18 7 12 9 18 14 9 17 11 7 1 17 4 17 1 15 6
split_gain=878.933 27.3527 8.4206 7.38163 7.16866 5.15968 3.46442 2.89214 2.67763 2.38118 3.57655 4.01137 2.71855 2.21432 1.83025 1.13571 0.742288 0.465335 0.462009 0.382313
threshold=3647.9285714285716 28874.000000000004 1.6110595912547858 17.850000000000005 10515.500000000002 0.84034413922697571 38671.714285714297 20.350000000000005 26.450000000000003 22235.553571428576 1.0441879156487508 0.55461158893461004 16862.000000000004 21460.323662687693 1.0611386054972949 0.47084587141109652 1.0194033250299206 20822.338901230352 28.950000000000003 16216.500000000002
decision_type=2 2 2 2 2 2 2 2 2 2 2 2 2 2 2 2 2 2 2 2
left_child=-1 3 6 9 -5 -6 -3 -7 -9 14 12 -12 -11 15 17 -4 18 -2 -14 -16
right_child=1 2 13 4 5 7 -8 8 -10 10 11 -13 16 -15 19 -17 -18 -19 -20 -21
leaf_value=-0.072837318211067009 0.0143787230511329 0.018494211534446737 0.0082571758516132819 -0.016434796421151414 -0.010128592550754547 0.017979152858943529 0.025642041220664977 0.0095719947055396097 -0.0052045255161723807 -0.0019163358255344276 0.030483850423246622 0.0083928891545271174 0.0093959310568276447 0.0026538950910851835 -0.0015784938136736552 0.020057663935072283 0.0060238435557112098 0.0067175717836083929 0.017886993537616469 0.0040131281583453528
leaf_weight=121 19 210 22 17 15.999999999999998 17 123 25 17 14.999999999999998 18 14.999999999999998 20 29 15.999999999999998 14.999999999999998 18 21 21 28
leaf_count=121 19 210 22 17 16 17 123 25 17 15 18 15 20 29 16 15 18 21 21 28
internal_value=0.000996089 0.0142702 0.0193203 0.00706453 7.00636e-05 0.00414087 0.0212717 0.00821577 0.00362632 0.010398 0.0133795 0.0214959 0.00928961 0.00913858 0.00637719 0.0138244 0.012108 0.010868 0.0143747 0.00199959
internal_weight=803 682 399 283 92 75 333 59 42 191 107 33 74 66 84 37 59 40 41 44
internal_count=803 682 399 283 92 75 333 59 42 191 107 33 74 66 84 37 59 40 41 44
is_linear=0
shrinkage=0.03


Tree=4
num_leaves=20
num_cat=0
split_feature=9 8 6 18 10 0 17 7 10 5 6 6 21 5 16 17 9 17 10
split_gain=864.122 35.9482 6.72954 6.42545 5.2847 4.41912 3.11345 3.00422 2.42105 2.25363 1.98235 1.66624 1.18154 1.11441 1.57864 0.941718 0.550222 0.49211 0.096634
threshold=3647.9285714285716 26762.795000000002 31749.515000000003 18.250000000000004 18124.490259740265 1.0000000180025095e-35 1.1515640663696891 17219.000000000004 39547.475357142866 -0.36648370705903521 12935.000000000002 19764.565000000006 13.750000000000002 -0.082691941062253513 0.25000000000000006 1.047436251032648 27331.251428571431 0.98901932721978514 38576.447268518525
decision_type=2 2 2 2 2 2 2 2 2 2 2 2 2 2 2 2 2 2 2
left_child=-1 3 9 4 6 -5 -2 -7 18 -3 -11 -12 13 -6 15 16 -15 -14 -4
right_child=1 2 8 5 12 7 -8 -9 -10 10 11 -13 17 14 -16 -17 -18 -19 -20
leaf_value=-0.071196678738261368 0.0043014941858127717 0.0037391413162861549 0.019149472948171882 -0.017017565253464616 0.0052727362453937532 -0.0067051042528608095 -0.011236040375906189 0.0074589223376408751 0.025693289301004903 0.023347678907999866 0.0051251315367990173 0.015026911386627364 0.00070980188436806199 0.01013298892682152 0.02219851297490737 0.016226492172905376 0.0027057916453729074 0.007636808434931132 0.01208770516602432
leaf_weight=127 28 26 227 14.999999999999998 23 24 17 26 85 17 28 42 14.999999999999998 26 14.999999999999998 19 15.999999999999998 24 14.999999999999998
leaf_count=127 28 26 227 15 23 24 17 26 85 17 28 42 15 26 15 19 16 24 15
internal_value=7.18292e-05 0.0133957 0.0185278 0.00421512 0.0070733 -0.00380271 -0.00179659 0.000663791 0.0207478 0.0118543 0.0141409 0.0113186 0.00995001 0.0117067 0.0134687 0.0106855 0.00755518 0.00513716 0.0188144
internal_weight=815 688 440 248 183 65 45 50 327 113 87 70 138 99 76 61 42 39 242
internal_count=815 688 440 248 183 65 45 50 327 113 87 70 138 99 76 61 42 39 242
is_linear=0
shrinkage=0.03


Tree=5
num_leaves=23
num_cat=0
split_feature=1 8 18 6 12 5 13 4 1 12 15 5 4 1 18 6 18 12 6 4 8 4
split_gain=732.999 33.7341 5.33284 5.20498 3.72456 3.35637 3.21973 3.68128 2.41826 2.03185 1.98543 1.74139 2.39879 2.43181 1.68904 1.66709 1.43796 0.883472 0.6366 0.624804 0.474073 0.427181
threshold=9757.3125000000018 27640.970000000005 18.250000000000004 31749.515000000003 1.1454751168991206 -0.40613878790836594 20.835000000000004 -0.63255557784149707 36827.675494893956 0.84034413922697571 32.45000000000001 0.97062204580664158 -0.67803021058859214 22543.872306143887 16.150000000000002 1657.0000000000002 12.65 1.1796109410501507 18316.000000000004 0.34537287020513602 20707.570000000003 -0.94975917145599731
decision_type=2 2 2 2 2 2 2 2 2 2 2 2 2 2 2 2 2 2 2 2 2 2
left_child=15 2 6 5 9 -3 11 -8 17 -4 14 12 13 -2 16 -1 -7 -5 -11 -14 -9 -15
right_child=1 3 4 8 -6 10 7 20 -10 18 -12 -13 19 21 -16 -17 -18 -19 -20 -21 -22 -23
leaf_value=-0.067285006391374691 -0.00072344830617881734 0.00094795588181232628 -0.0060700834169983859 0.018978831684216855 -0.013506205510348082 0.012335915767720767 -0.010992784915382371 0.0026679444879603885 0.026068767706553142 0.0013087482926729373 0.024290016992702421 0.0011046026873269251 0.019863543655150213 0.01551712972385918 0.01731402983090707 -0.041540777825695624 0.00084915504291919726 0.010269114460263932 0.0098797036262233944 0.010760663465782999 0.0094907682630069115 0.0069232832888762152
leaf_weight=112 24 21 18 250 19 19 14.999999999999998 25 61 15.000000000000002 14.999999999999998 19 24 15.000000000000002 26 14.999999999999998 19 19 15.999999999999998 23 14.999999999999998 15.999999999999998
leaf_count=112 24 21 18 250 19 19 15 25 61 15 15 19 24 15 26 15 19 19 16 23 15 16
internal_value=0.000598002 0.0131019 0.0041456 0.0181413 -0.00292784 0.0117295 0.00688071 0.000815793 0.020002 0.00154278 0.0145014 0.0095794 0.0111064 0.00648422 0.0115406 -0.0649355 0.00692216 0.018444 0.00606313 0.01603 0.00555661 0.01177
internal_weight=801 674 244 430 68 100 176 55 330 49 79 121 102 55 64 127 38 269 31 47 40 31
internal_count=801 674 244 430 68 100 176 55 330 49 79 121 102 55 64 127 38 269 31 47 40 31
is_linear=0
shrinkage=0.03


Tree=6
num_leaves=21
num_cat=0
split_feature=9 6 18 8 9 18 4 12 10 6 5 12 0 10 9 6 14 12 21 16
split_gain=725.243 29.45 8.71547 7.52619 4.16222 4.27252 3.93215 3.38923 3.15119 2.2455 1.75915 2.78445 2.58899 1.45643 0.689242 0.496712 0.482696 0.450697 0.326619 0.242122
threshold=3647.9285714285716 22551.500000000004 17.850000000000005 28193.075000000001 22235.553571428576 11.450000000000001 -0.68430824382591193 1.141054311189859 39292.543333333342 45250.000000000007 0.96407344085605606 1.1535962742185344 1.0000000180025095e-35 15720.432995169085 41075.221666666672 16216.500000000002 25.950000000000003 0.92849721642010008 13.750000000000002 5.0500000000000007
decision_type=2 2 2 2 2 2 2 2 2 2 2 2 2 2 2 2 2 2 2 2
left_child=-1 2 4 9 5 -2 7 -4 14 16 11 12 -6 -7 17 -15 -3 -5 -18 -19
right_child=1 3 6 8 10 13 -8 -9 -10 -11 -12 -13 -14 15 -16 -17 18 19 -20 -21
leaf_value=-0.066067766802651542 -0.0097800297564826898 0.014462578141246922 -0.0037809722847305235 0.0099182003385880398 0.029214986398651759 0.013759224835974986 0.0028795837636120735 -0.021692599535864943 0.024619150147205445 -0.0010448656875329712 0.0035622112825512884 0.0066991315625741015 0.01055430051919661 -0.0008129249993515642 0.0088384341970360013 0.0056970489634057654 0.010260144326569777 0.018284268771863676 0.0040921683538266843 0.010930731829036684
leaf_weight=124 18 30 24 14.999999999999998 14.999999999999998 14.999999999999998 29 14.999999999999998 80 15.999999999999998 18 26 17 17 14.999999999999998 24 33 222 14.999999999999998 14.999999999999998
leaf_count=124 18 30 24 15 15 15 29 15 80 16 18 26 17 17 15 24 33 222 15 15
internal_value=-0.000106449 0.0124674 0.00340535 0.0169115 0.00741441 0.00224979 -0.00539732 -0.0113922 0.018966 0.00909028 0.0122565 0.014746 0.0205055 0.00632042 0.0171017 0.00308553 0.0111434 0.0175201 0.00857344 0.0179142
internal_weight=783 659 218 441 150 74 68 39 347 94 76 58 32 56 267 41 78 252 48 237
internal_count=783 659 218 441 150 74 68 39 347 94 76 58 32 56 267 41 78 252 48 237
is_linear=0
shrinkage=0.03


Tree=7
num_leaves=22
num_cat=0
split_feature=10 8 16 4 12 1 11 18 8 7 1 1 8 10 15 17 8 8 12 12 6
split_gain=703.918 29.2535 6.3774 4.58625 4.00312 3.40075 2.88899 2.47868 2.115 1.63264 1.18836 1.24388 0.800615 0.768376 0.764153 0.56239 0.489221 2.46023 0.430036 0.327775 0.280114
threshold=1599.6342105263161 22188.985000000004 12.250000000000002 -0.67803021058859214 0.97588363033589454 36827.675494893956 1.2025886693733814 13.050000000000002 16216.500000000002 18901.000000000004 24060.512648026317 20673.011926923955 15616.500000000002 27296.23826086957 30.550000000000004 1.0725008448078455 102647.26000000001 43007.000000000007 0.92849721642010008 0.88517838068785393 35952.000000000007
decision_type=2 2 2 2 2 2 2 2 2 2 2 2 2 2 2 2 2 2 2 2 2
left_child=-1 3 5 4 8 10 -6 -5 -2 12 11 15 -9 -13 -11 -3 17 18 -12 -14 -20
right_child=1 2 -4 7 6 -7 -8 9 -10 14 16 13 19 -15 -16 -17 -18 -19 20 -21 -22
leaf_value=-0.06538139909505844 0.010579380061138758 0.019731977689638733 0.0025142957074567678 0.013865130825809414 -0.014139220098033546 0.024737849477994241 0.0017714333566426134 -0.0048592585081253976 -0.0032163229192558084 0.01225606095045805 0.010976260161918142 0.011134703888167296 3.307138702699116e-05 0.0026219432963989677 0.0032591608455894805 0.0096847258705426674 0.024723680611042416 0.0042078276948236369 0.015847760875476524 0.005609037376401063 0.019613751141000384
leaf_weight=122 20 23 28 29 28 57 14.999999999999998 15.999999999999998 17 20 21 29 19 15.999999999999998 17 14.999999999999998 14.999999999999998 14.999999999999998 126 17 119
leaf_count=122 20 23 28 29 28 57 15 16 17 20 21 29 19 16 17 15 15 15 126 17 119
internal_value=0.000232565 0.0124851 0.0165909 0.00279375 -0.00271251 0.0174792 -0.00875694 0.0065098 0.00440093 0.00386107 0.0162635 0.0123566 0.000366658 0.00834831 0.00850147 0.0164485 0.0172687 0.0166988 0.0173665 0.00282279 0.017821
internal_weight=784 662 464 198 80 436 43 118 37 89 379 83 52 45 37 38 296 281 266 36 245
internal_count=784 662 464 198 80 436 43 118 37 89 379 83 52 45 37 38 296 281 266 36 245
is_linear=0
shrinkage=0.03


Tree=8
num_leaves=22
num_cat=0
split_feature=10 7 18 6 7 17 1 8 14 6 5 1 1 8 8 17 16 5 4 14 14
split_gain=652.887 26.7023 9.40702 6.49983 3.07041 2.6881 2.31812 2.25222 4.04704 2.03944 1.45454 2.75821 2.1209 1.11725 1.02462 1.15601 0.681751 0.403583 0.313413 0.0948094 0.161959
threshold=1599.6342105263161 22843.500000000004 17.850000000000005 32069.715000000004 10515.500000000002 1.2153820596915204 36827.675494893956 22879.500000000004 28.150000000000002 43388.000000000007 0.98005052076767474 24696.3841576087 33478.277567765574 18976.500000000004 16786.500000000004 1.0131721977919177 10.050000000000002 0.29958852271690523 -0.79384350655589164 26.950000000000003 26.350000000000005
decision_type=2 2 2 2 2 2 2 2 2 2 2 2 2 2 2 2 2 2 2 2 2
left_child=-1 2 5 13 -4 10 9 8 -6 18 11 14 -13 -3 -2 -16 19 -17 -5 20 -15
right_child=1 3 4 6 7 -7 -8 -9 -10 -11 -12 12 -14 16 15 17 -18 -19 -20 -21 -22
leaf_value=-0.061734181770911584 0.0001148644876666367 0.0036901572665223722 -0.015109452740712598 0.012197260764097015 -0.015157751776278018 -0.0038167021687452989 0.023802422092806908 0.0071506940309579176 0.0038576816814020276 0.0076217664678448005 0.00056520965415984392 0.021977193824015556 0.0064902372830821309 0.012336943935602904 0.012934537770019638 0.0070719028760989492 0.0054991730464541387 0.00035853662473313947 0.017869415842160778 0.016047934803523515 0.0069502272577956319
leaf_weight=128 18 27 20 29 18 15.999999999999998 60 15.999999999999998 19 26 17 23 14.999999999999998 33 25 16.000000000000004 21 14.999999999999998 225 17 18
leaf_count=128 18 27 20 29 18 16 60 16 19 26 17 23 15 33 25 16 21 15 225 17 18
internal_value=-0.000163838 0.0116771 0.00300401 0.0157922 -0.00567786 0.00739266 0.0179054 -0.00169875 -0.00569599 0.0164819 0.00882002 0.0100411 0.0164941 0.00940003 0.00638052 0.00832107 0.0110131 0.0040421 0.0173222 0.0125101 0.0107698
internal_weight=802 674 218 456 73 145 340 53 37 280 129 112 38 116 74 56 89 31 254 68 51
internal_count=802 674 218 456 73 145 340 53 37 280 129 112 38 116 74 56 89 31 254 68 51
is_linear=0
shrinkage=0.03


Tree=9
num_leaves=23
num_cat=0
split_feature=1 7 18 0 17 5 9 0 12 4 9 1 5 6 1 9 4 7 13 13 9 1
split_gain=592.581 29.9547 9.00476 6.16299 3.78907 5.30877 3.17469 2.80444 2.57553 1.89107 2.42634 2.0398 1.54345 1.53045 1.16052 1.06732 0.873226 1.10869 0.641882 0.472703 0.273204 0.172865
threshold=1369.118092991914 22843.500000000004 17.850000000000005 3.5000000000000004 1.1515640663696891 0.2332836900311728 38734.857142857152 3.5000000000000004 1.1777105231935463 -0.3169700421330815 19778.285714285721 33026.093970352573 0.43540432083943431 17249.500000000004 24060.512648026317 1546.2857142857144 0.96904697354198299 19149.500000000004 17.245000000000001 17.465000000000003 26894.342857142859 31351.602491131787
decision_type=2 2 2 2 2 2 2 2 2 2 2 2 2 2 2 2 2 2 2 2 2 2
left_child=15 2 4 8 9 -6 12 18 20 10 -2 16 14 -9 -5 -1 17 -11 -4 -16 -3 -8
right_child=1 3 7 6 5 -7 21 13 -10 11 -12 -13 -14 -15 19 -17 -18 -19 -20 -21 -22 -23
leaf_value=-0.055034681341864844 0.0049130655257877973 0.0066291211824864131 -0.017783087632235354 0.0049924273976025037 0.0079330380455524263 -0.014296097146968048 0.013555761848886808 -0.0071889502209212097 -0.0018783808887004852 0.016919425728676073 0.01935732806722323 -0.0023186325847231984 0.01632307620689193 0.0040277118482829437 0.0078960444981401624 -0.076609676778316496 0.0023484980765109261 0.0055874988114969293 -0.0074086896932738667 0.015082221197133714 0.01401123009622097 0.021611851967614271
leaf_weight=108 20 15.000000000000002 15.000000000000002 26 19 15.999999999999998 15.999999999999998 19 23 14.999999999999998 25 21 185 21 20 18 15.999999999999998 20 14.999999999999998 42 15.999999999999998 114
leaf_count=108 20 15 15 26 19 16 16 19 23 15 25 21 185 21 20 18 16 20 15 42 16 114
internal_value=-4.2937e-05 0.0110886 0.00202191 0.015465 0.00610064 -0.00245232 0.016742 -0.00675821 0.00567746 0.00865744 0.0134199 0.00539864 0.0146529 -0.00138882 0.0108569 -0.0592657 0.00854393 0.0110961 -0.0133831 0.0130833 0.0110575 0.0208407
internal_weight=805 679 222 457 152 35 403 70 54 117 45 72 273 40 88 126 51 35 30 62 31 130
internal_count=805 679 222 457 152 35 403 70 54 117 45 72 273 40 88 126 51 35 30 62 31 130
is_linear=0
shrinkage=0.03


Tree=10
num_leaves=20
num_cat=0
split_feature=9 8 6 18 10 4 4 8 12 8 10 13 5 12 9 0 16 6 9
split_gain=567.216 28.0096 6.40441 6.10096 3.70678 3.41273 3.32594 2.53696 1.88051 1.70945 1.70667 1.33731 1.43891 1.43385 1.6381 0.753867 0.873205 0.614214 0.0171799
threshold=3647.9285714285716 22188.985000000004 30515.000000000004 18.050000000000004 18124.490259740265 0.16269055358644466 -0.72101013194340913 102647.26000000001 1.141054311189859 44506.000000000007 39292.543333333342 20.975000000000005 0.97062204580664158 1.0768962704526057 25655.640000000003 6.5000000000000009 11.900000000000002 43724.000000000007 25655.640000000003
decision_type=2 2 2 2 2 2 2 2 2 2 2 2 2 2 2 2 2 2 2
left_child=-1 3 7 4 6 8 -2 9 -5 15 17 12 13 14 -6 16 18 -4 -3
right_child=1 2 10 5 11 -7 -8 -9 -10 -11 -12 -13 -14 -15 -16 -17 -18 -19 -20
leaf_value=-0.05830006095368092 -0.0089476425914714729 0.014747216049581766 0.015981329161577022 -0.0053795610480010508 0.008926629048179497 0.003531110630137846 0.0069926692905469936 0.020197765125947838 -0.01864264839054907 -0.0010363456802442671 0.021251409828997727 0.00228078902299915 0.0018609699941075899 0.0053683167044073343 0.023014910975471137 0.0029236889015883207 0.0042861759399428316 0.0079056094455368375 0.010137300418520515
leaf_weight=125 25 18 229 28 20 22 19 14.999999999999998 14.999999999999998 18 87 26 14.999999999999998 20 15.999999999999998 18 21 14.999999999999998 42
leaf_count=125 25 18 229 28 20 22 19 15 15 18 87 26 15 20 16 18 21 15 42
internal_value=-0.000163346 0.0108407 0.0149207 0.00161515 0.00510151 -0.00587411 -0.00205957 0.00910953 -0.0106292 0.00737239 0.0171695 0.00832582 0.0104164 0.0125648 0.0160698 0.0088915 0.0101153 0.0155532 0.0119514
internal_weight=794 669 463 206 141 65 44 132 43 117 331 97 71 56 36 99 81 244 60
internal_count=794 669 463 206 141 65 44 132 43 117 331 97 71 56 36 99 81 244 60
is_linear=0
shrinkage=0.03


Tree=11
num_leaves=23
num_cat=0
split_feature=9 8 9 6 10 18 5 11 21 5 10 11 14 11 6 13 18 1 18 4 8 21
split_gain=551.499 22.095 5.2175 4.22905 4.12188 4.24997 3.6832 2.93074 2.58487 2.21071 2.0079 1.2553 1.01295 0.821045 1.04601 0.975027 0.804697 0.666899 0.477014 0.165804 0.263674 0.00742183
threshold=3647.9285714285716 28193.075000000001 1546.2857142857144 19764.565000000006 18124.490259740265 18.250000000000004 0.2332836900311728 0.70679952763551623 12.350000000000003 0.2499757677084001 35902.061200000004 1.5697641910713833 26.650000000000002 0.63060662489200092 18316.000000000004 19.775000000000002 13.050000000000002 26477.929166666669 18.250000000000004 0.53038584004487344 20978.500000000004 10.250000000000002
decision_type=2 2 2 2 2 2 2 2 2 2 2 2 2 2 2 2 2 2 2 2 2 2
left_child=2 4 -1 8 6 13 16 -7 -3 -10 18 -12 -9 15 -15 -6 -2 19 21 20 -16 -5
right_child=1 3 -4 10 5 7 -8 12 9 -11 11 -13 -14 14 17 -17 -18 -19 -20 -21 -22 -23
leaf_value=-0.053019521673884955 0.0077325832174050015 0.015086788969114424 -0.080019483367602021 0.010224048446451143 0.016348645958304403 -0.011099433923761049 -0.012266475823707877 0.0076338831505373761 -0.0058563437288332923 0.0090461585090002589 0.019630218768960858 0.0087287333081750296 -0.0013693295362526955 -0.00029186709468965143 0.013079775018351418 0.0057516494703789547 -0.0012516495643649249 0.0027186464695259926 0.0086672764165060846 0.0062026506864830203 0.0070404802003632416 0.014918958322255762
leaf_weight=107 14.999999999999998 18 15.999999999999998 20 23 15.999999999999998 22 21 17 14.999999999999998 161 14.999999999999998 21 14.999999999999998 26 15.999999999999998 18 18 26 21 21 141
leaf_count=107 15 18 16 20 23 16 22 21 17 15 161 15 21 15 26 16 18 18 26 21 21 141
internal_value=7.92826e-05 0.0109015 -0.0577558 0.0151648 0.00387766 0.00588389 -0.0032978 -0.000928418 0.00662019 0.00125042 0.016299 0.0188096 0.00327465 0.00867946 0.00699259 0.0124938 0.0030406 0.00824089 0.013762 0.00958322 0.0107789 0.0144683
internal_weight=789 666 123 413 253 198 55 58 50 32 363 176 42 140 101 39 33 86 187 68 47 161
internal_count=789 666 123 413 253 198 55 58 50 32 363 176 42 140 101 39 33 86 187 68 47 161
is_linear=0
shrinkage=0.03


Tree=12
num_leaves=24
num_cat=0
split_feature=9 6 4 10 4 9 11 4 1 0 18 10 11 2 6 11 12 18 12 13 6 6 7
split_gain=527.153 21.4808 6.22537 4.97023 4.66522 3.98096 2.75997 2.31929 2.17785 1.83462 1.36308 1.28591 1.63672 1.13522 1.10242 1.05645 0.711906 0.578049 0.286813 0.248432 0.13513 0.386232 0.0808621
threshold=3647.9285714285716 22551.500000000004 -0.69057362043749781 30897.477450142451 -0.97694226132849327 1546.2857142857144 0.98132699084803077 -0.81923160956083974 36724.940937097817 6.5000000000000009 18.250000000000004 36404.693684210535 0.61952557287266763 2.5000000000000004 11199.500000000002 0.8337311813836259 0.93151330071712801 13.65 1.2225509822490599 17.760000000000002 43388.000000000007 38054.960000000006 25638.500000000004
decision_type=2 2 2 2 2 2 2 2 2 2 2 2 2 2 2 2 2 2 2 2 2 2 2
left_child=5 2 4 10 -2 -1 7 13 16 11 18 12 -4 -6 -9 -11 -5 -14 19 -3 21 -18 -21
right_child=1 3 9 8 6 -7 -8 14 -10 15 -12 -13 17 -15 -16 -17 20 -19 -20 22 -22 -23 -24
leaf_value=-0.051612624634395941 0.0087211834624982797 0.0054393468440735136 0.017002704619550175 0.008486976126829783 -0.0027041962194968663 -0.076181765292820169 -0.015600033209659159 -0.013559088608359589 0.021293763500541001 -0.0013218737281858921 0.0014194019697606564 0.0021795848266858804 0.011430661108563927 0.0082002409547567365 -0.0024024237310023683 0.0080832361605237511 0.013891945363918565 0.0036904400113361097 0.013403078878181986 0.0068213121344645813 0.0096703669580777991 0.017687728721648453 0.012142227038741111
leaf_weight=108 24 27 29 25 15.000000000000002 17 18 14.999999999999998 65 28 22 17 14.999999999999998 15.999999999999998 17 14.999999999999998 157 24 22 15.999999999999998 17 86 18
leaf_count=108 24 27 29 25 15 17 18 15 65 28 22 17 15 16 17 15 157 24 22 16 17 86 18
internal_value=6.863e-05 0.0104069 0.00296494 0.0141882 -0.00242773 -0.0561011 -0.00586167 -0.00268489 0.015923 0.0073579 0.00821597 0.0098709 0.0116765 0.00307979 -0.00812208 0.00217242 0.0145583 0.00707982 0.00994168 0.00830745 0.0150728 0.0153687 0.0101563
internal_weight=813 688 233 455 105 125 81 63 350 128 105 85 68 31 32 43 285 39 83 61 260 243 34
internal_count=813 688 233 455 105 125 81 63 350 128 105 85 68 31 32 43 285 39 83 61 260 243 34
is_linear=0
shrinkage=0.03


Tree=13
num_leaves=21
num_cat=0
split_feature=9 8 18 6 9 3 13 18 10 8 16 1 14 11 6 9 8 17 12 17
split_gain=482.451 21.2648 4.84673 3.91125 3.60175 3.49378 2.97304 2.45257 1.94301 1.82441 1.79708 1.22277 1.81898 1.18093 1.13572 0.794741 0.741158 0.130582 0.052789 0.0322873
threshold=3647.9285714285716 21477.240000000002 18.250000000000004 32200.460000000003 1546.2857142857144 6.0000000000000009 20.835000000000004 12.950000000000001 39877.144642857143 102647.26000000001 16.750000000000004 22543.872306143887 25.650000000000002 1.0375221513274562 43388.000000000007 21533.000000000004 44506.000000000007 1.1515640663696891 0.94476655534096432 0.86644279759262444
decision_type=2 2 2 2 2 2 2 2 2 2 2 2 2 2 2 2 2 2 2 2
left_child=4 2 6 9 -1 -4 11 -8 14 10 16 13 -13 -2 18 -15 17 19 -5 -3
right_child=1 3 5 8 -6 -7 7 -9 -10 -11 -12 12 -14 15 -16 -17 -18 -19 -20 -21
leaf_value=-0.048556982732452118 -0.0014171622596040833 0.0073385735907975369 0.0029088971600867808 0.0097697830984466941 -0.071216193616390228 -0.012504497351905992 -0.010917265673770625 0.0035533425584435463 0.020041886631671973 0.01905932778602137 -0.00092854798514101851 0.0041383751481771465 0.016942524891346691 0.0028355333455838262 0.0066049399785697458 0.012307844254571725 0.0031498438012050956 0.0068704921233913169 0.01499795232954813 0.0118436158572149
leaf_weight=111 20 14.999999999999998 22 17 18 29 14.999999999999998 26 80 14.999999999999998 17 20 22 18 22 14.999999999999998 17 21 200 62
leaf_count=111 20 15 22 17 18 29 15 26 80 15 17 20 22 18 22 15 17 21 200 62
internal_value=-0.000202309 0.0103094 0.00173812 0.0137268 -0.0527577 -0.00599671 0.00468356 -0.00200232 0.0156298 0.00944283 0.00808189 0.00755084 0.0113106 0.00426848 0.0139989 0.0075984 0.00940697 0.0104077 0.0146813 0.011174
internal_weight=782 653 187 466 129 51 136 41 319 147 132 95 42 53 239 33 115 98 217 77
internal_count=782 653 187 466 129 51 136 41 319 147 132 95 42 53 239 33 115 98 217 77
is_linear=0
shrinkage=0.03


Tree=14
num_leaves=23
num_cat=0
split_feature=9 8 1 18 13 16 17 17 1 17 14 15 18 21 17 12 4 12 17 21 6 9
split_gain=448.332 20.6844 4.84938 4.47282 4.68477 2.90965 2.26371 1.98708 1.29193 1.10637 0.952188 1.58655 1.96388 0.897969 1.19149 0.555861 0.536196 0.360266 0.359841 0.259166 0.242259 0.114756
threshold=3647.9285714285716 21198.500000000004 28658.588690058477 18.250000000000004 20.095000000000002 1.1500000000000001 1.1515640663696891 0.83025725446693055 36724.940937097817 1.1627750080942818 27.650000000000002 30.550000000000004 14.15 17.750000000000004 1.0307991307548534 0.92849721642010008 -0.3169700421330815 1.149885930593481 1.0131721977919177 13.750000000000002 17040.000000000004 43566.465714285725
decision_type=2 2 2 2 2 2 2 2 2 2 2 2 2 2 2 2 2 2 2 2 2 2
left_child=-1 3 7 4 10 20 19 -3 15 13 11 12 -2 14 18 -4 -13 -16 -9 -6 -5 -17
right_child=1 2 8 5 6 -7 -8 9 -10 -11 -12 16 -14 -15 17 21 -18 -19 -20 -21 -22 -23
leaf_value=-0.051486190027139313 0.018151159174740313 0.0013788099141259279 0.0075554910223734999 -0.0020880234334617852 0.0040791572987412409 -0.01353158944286406 -0.011731542227241923 0.01061782783878568 0.020007412363775075 0.0042147202955351935 0.014859674941552313 0.005182459744698319 0.0041143253831314322 0.0044357753603866228 0.012069547843188047 0.015067465920981607 -0.0020858736522495745 0.019949141945689915 0.0045165114983683457 -0.00076697804681632824 0.0029086045207291403 0.0093889078870415688
leaf_weight=125 15.999999999999998 26 17 16.000000000000004 15.999999999999998 22 14.999999999999998 47 62 25 17 17 21 17 28 207 15.999999999999998 22 15.999999999999998 21 14.999999999999998 15.999999999999998
leaf_count=125 16 26 17 16 16 22 15 47 62 25 17 17 21 17 28 207 16 22 16 21 15 16
internal_value=0.000237607 0.00993989 0.0132397 0.00158792 0.00440392 -0.00568902 -0.00266022 0.00917552 0.0155991 0.0104491 0.00859107 0.00669821 0.0108039 0.011566 0.0125429 0.0143044 0.0017406 0.0161705 0.00925493 0.00143037 0.00035945 0.0147471
internal_weight=800 675 483 192 139 53 52 181 302 155 87 70 37 130 113 240 33 50 63 37 31 223
internal_count=800 675 483 192 139 53 52 181 302 155 87 70 37 130 113 240 33 50 63 37 31 223
is_linear=0
shrinkage=0.03


Tree=15
num_leaves=22
num_cat=0
split_feature=9 8 18 10 4 16 16 10 12 21 21 9 9 14 12 10 9 18 7 18 5
split_gain=433.236 20.0254 4.42511 2.89799 3.21469 2.80928 2.56643 1.98663 1.6004 1.02976 1.32089 1.19534 0.870406 0.656953 0.614198 0.607789 1.19785 0.560026 0.528175 0.469205 0.194669
threshold=3647.9285714285716 26762.795000000002 17.850000000000005 18124.490259740265 -0.76141707087277943 15.550000000000002 0.65000000000000002 43670.894855072467 1.1454751168991206 13.750000000000002 11.15 27331.251428571431 22235.553571428576 27.350000000000005 0.92849721642010008 35902.061200000004 38252.382857142868 20.250000000000004 19149.500000000004 17.850000000000005 0.97062204580664158
decision_type=2 2 2 2 2 2 2 2 2 2 2 2 2 2 2 2 2 2 2 2 2
left_child=-1 2 3 4 -2 7 17 14 -8 10 11 12 -5 -11 -3 16 19 -4 -12 -16 -17
right_child=1 5 6 9 -6 -7 8 -9 -10 13 18 -13 -14 -15 15 20 -18 -19 -20 -21 -22
leaf_value=-0.049739500880241393 -0.0077013548441963002 0.0079474834997146845 0.0058333483859896651 0.0031116598332300779 0.0074395616457838074 0.0007987089429105467 -0.00293454870743596 0.01987382523715496 -0.015676900516538059 -0.0016685779436546209 0.017636040739322963 -0.00052509701438248151 0.012916691792862756 0.0066550659698744611 0.013554757132559367 0.016054782243218362 0.0041627978459000585 -0.0016609073961701463 0.0091910757435419207 0.0078586469425095447 0.0094710440144819361
leaf_weight=129 26 29 18 15.999999999999998 21 14.999999999999998 21 54 14.999999999999998 15.000000000000002 17 18 19 15.999999999999998 159 121 18 14.999999999999998 26 25 14.999999999999998
leaf_count=129 26 29 18 16 21 15 21 54 15 15 17 18 19 16 159 121 18 15 26 25 15
internal_value=0.000223495 0.00983393 0.00290008 0.00543233 -0.000908735 0.0136675 -0.00345874 0.0141201 -0.00878952 0.00775673 0.00927748 0.00575924 0.00884488 0.00277047 0.0131704 0.0135691 0.0121459 0.00252662 0.0131652 0.0128737 0.0154764
internal_weight=808 679 243 174 47 436 69 421 36 127 96 53 35 31 367 338 202 33 43 184 136
internal_count=808 679 243 174 47 436 69 421 36 127 96 53 35 31 367 338 202 33 43 184 136
is_linear=0
shrinkage=0.03


Tree=16
num_leaves=23
num_cat=0
split_feature=9 8 9 18 6 10 1 3 4 7 13 5 13 15 7 16 8 18 10 1 12 15
split_gain=425.704 14.3316 3.83011 3.52225 3.46474 3.11984 3.51381 2.61306 2.06708 1.34603 1.25008 1.20733 1.61649 1.32414 0.846302 0.944957 0.832837 0.777394 0.529674 0.256287 0.155158 0.0495497
threshold=3647.9285714285716 24690.000000000004 1546.2857142857144 18.250000000000004 19764.565000000006 18511.708333333336 17508.985987654323 8.5000000000000018 0.61490419508004501 10784.500000000002 19.330000000000002 0.97062204580664158 18.830000000000002 30.250000000000004 40772.560000000005 5.0500000000000007 19541.500000000004 14.050000000000002 24702.737500000003 33128.177954545456 1.0269274066222926 28.050000000000004
decision_type=2 2 2 2 2 2 2 2 2 2 2 2 2 2 2 2 2 2 2 2 2 2
left_child=2 3 -1 5 7 6 -2 10 14 -5 -3 12 13 -7 15 21 17 -14 -11 -10 -17 -6
right_child=1 4 -4 9 8 11 -8 -9 19 18 -12 -13 16 -15 -16 20 -18 -19 -20 -21 -22 -23
leaf_value=-0.045258313334506493 0.0084834658624604337 -0.0062988711031057914 -0.06723037084937096 -0.009751054610436162 0.014985211400398567 0.0079738934431225067 -0.0079874756511500358 0.01201325861737132 0.014761231988668442 0.0025274205458318366 0.0052092121859245435 0.00063243317858953222 -0.00073123708691285997 0.020627041505649688 0.0042459114027373927 0.0088573887111509514 0.010463223597751214 0.007275531048124487 -0.0040240603642693407 0.019616295173764228 0.0037265288550406691 0.012036882250366691
leaf_weight=113 18 15.000000000000002 18 15.999999999999998 65 20 26 27 83 27 14.999999999999998 17 21 15.999999999999998 14.999999999999998 15.000000000000002 24 20 15.999999999999998 54 14.999999999999998 131
leaf_count=113 18 15 18 16 65 20 26 27 83 27 15 17 21 16 15 15 24 20 16 54 15 131
internal_value=-0.0002913 0.00960407 -0.049243 0.00334251 0.0127554 0.00560997 -0.00117348 0.00559085 0.0138006 -0.00286323 -0.000578881 0.0081168 0.0093398 0.0143872 0.0118972 0.0123633 0.00619831 0.00333124 1.9158e-05 0.0169296 0.00668521 0.0131561
internal_weight=787 656 131 221 435 162 44 57 378 59 30 118 101 36 241 226 65 41 43 137 30 196
internal_count=787 656 131 221 435 162 44 57 378 59 30 118 101 36 241 226 65 41 43 137 30 196
is_linear=0
shrinkage=0.03


Tree=17
num_leaves=23
num_cat=0
split_feature=9 6 11 18 9 0 6 17 10 4 11 17 21 5 13 4 11 9 13 9 17 1
split_gain=405.36 14.6807 4.79068 4.94859 3.94077 3.57242 2.48402 2.26389 1.92357 1.60584 1.0593 2.38746 2.14107 0.837151 0.706298 1.12611 0.822544 0.48596 0.587158 0.480749 0.289353 0.0392222
threshold=3647.9285714285716 27499.280000000002 1.1898389668077838 17.850000000000005 1546.2857142857144 3.5000000000000004 18316.000000000004 1.0177661740689408 36128.64734299518 -0.68430824382591193 0.55461158893461004 1.0251581945025401 11.15 -0.074115882986646633 22.630000000000006 0.81613017994572579 0.78252668232137834 25655.640000000003 18.365000000000006 27756.66 0.9058548493644919 36827.675494893956
decision_type=2 2 2 2 2 2 2 2 2 2 2 2 2 2 2 2 2 2 2 2 2 2
left_child=4 2 3 10 -1 7 9 -3 19 13 11 -2 -13 -5 15 16 -12 18 -18 -7 -21 -10
right_child=1 5 -4 6 -6 8 -8 -9 21 -11 14 12 -14 -15 -16 -17 17 -19 -20 20 -22 -23
leaf_value=-0.044223447144031522 0.0029836280286312101 0.010687252963737895 -0.0096921489226885812 -0.013225692183477803 -0.066075258940458292 0.0064424792714416982 0.0069955590482674206 -0.0042301033334316389 0.014680691566318273 0.0014500262088182826 -0.0010592003758339321 0.006111229288702209 0.021473806357092184 -0.0031782517538351172 0.00030444981716573236 0.014014650212929528 0.011195250594755634 0.0018973064883367012 0.0042445241132130227 0.0069888559877872465 0.012534835499416037 0.018405864243395628
leaf_weight=112 23 15.999999999999998 20 17 18 23 20 17 106 21 14.999999999999998 15.999999999999998 21 14.999999999999998 18 14.999999999999998 25 17 25 18 162 62
leaf_count=112 23 16 20 17 18 23 20 17 106 21 15 16 21 15 18 15 25 17 25 18 162 62
internal_value=-0.000129957 0.0092856 0.00380167 0.00495872 -0.0482044 0.0128868 -0.00157421 0.00319996 0.0137267 -0.00494487 0.00767087 0.0109434 0.0154846 -0.00897995 0.00580559 0.00679965 0.00517758 0.0065641 0.00801681 0.0114954 0.0120631 0.0162558
internal_weight=802 672 268 248 130 404 73 33 371 53 175 60 37 32 115 97 82 67 50 203 180 168
internal_count=802 672 268 248 130 404 73 33 371 53 175 60 37 32 115 97 82 67 50 203 180 168
is_linear=0
shrinkage=0.03


Tree=18
num_leaves=22
num_cat=0
split_feature=9 9 12 17 8 9 18 18 7 14 9 5 12 16 12 18 11 9 11 6 6
split_gain=335.057 14.8449 4.65041 3.13886 3.0778 3.03853 3.00005 2.80047 2.6507 2.60369 1.5279 1.68233 2.31751 1.03685 0.866453 0.750065 0.609055 0.507364 0.659812 0.448222 0.125912
threshold=3647.9285714285716 24407.484047619051 1.1560590165526257 1.1515640663696891 18051.500000000004 36521.000000000007 19.750000000000004 17.250000000000004 17219.000000000004 28.050000000000004 44092.253333333341 -0.17646730165275518 1.2325655073225121 8.6500000000000004 1.0776358757091089 12.850000000000003 0.86870062184965502 46075.547619047626 1.3214829244791297 19080.000000000004 38644.000000000007
decision_type=2 2 2 2 2 2 2 2 2 2 2 2 2 2 2 2 2 2 2 2 2
left_child=-1 3 5 7 -5 13 10 14 9 -9 11 -4 -13 19 15 -2 -17 18 -7 -3 -21
right_child=1 2 6 4 -6 17 -8 8 -10 -11 -12 12 -14 -15 -16 16 -18 -19 -20 20 -22
leaf_value=-0.044255946463062648 0.0090805820037018169 0.0055772800147533413 0.0021566071612760425 0.0016087306367699055 -0.016030760962954339 0.01515072226157931 -0.0058765691084166367 -0.015190610711773234 0.0054815824348479507 0.0015462922545916892 0.00071427624753635862 0.0060864324952941392 0.020663589707442691 0.0037964119476964694 0.012040953443978319 -0.0021149532036169576 0.0052652932326732712 0.019465557360649109 0.0069637674750650629 0.011862833322020632 0.0069315592659746897
leaf_weight=124 20 18 18 18 14.999999999999998 120 15.999999999999998 16.000000000000004 23 14.999999999999998 21 23 19 22 20 17 20 48 14.999999999999998 177 14.999999999999998
leaf_count=124 20 18 18 18 15 120 16 16 23 15 21 23 19 22 20 17 20 48 15 177 15
internal_value=0.000670194 0.00901732 0.011525 0.00114382 -0.00686709 0.0129113 0.00545332 0.00323475 -0.00196615 -0.00748921 0.007779 0.0101488 0.0133204 0.0104442 0.00683957 0.00466822 0.0019398 0.0158922 0.014356 0.0110983 0.011553
internal_weight=800 676 512 164 33 415 97 131 54 31 81 60 42 232 77 57 37 183 135 210 192
internal_count=800 676 512 164 33 415 97 131 54 31 81 60 42 232 77 57 37 183 135 210 192
is_linear=0
shrinkage=0.03


Tree=19
num_leaves=24
num_cat=0
split_feature=9 8 4 4 9 18 9 9 21 16 5 11 6 6 10 18 1 6 11 4 1 11 6
split_gain=328.437 15.104 5.17752 4.04131 3.71606 5.60468 2.7883 2.08021 2.04088 1.816 1.1558 1.28245 0.88614 0.731969 0.670588 0.643672 1.288 0.574199 2.01658 0.306444 0.256121 0.0523655 0.0359662
threshold=3647.9285714285716 24366.690000000006 -0.67803021058859214 -0.97694226132849327 17490.107142857149 11.350000000000003 36521.000000000007 1546.2857142857144 13.750000000000002 15.550000000000002 0.97832380634958016 0.8627022387178086 18316.000000000004 13217.000000000002 25677.112647058828 12.15 35435.404625323004 19851.500000000004 0.73106309401387903 -0.88965196910377931 30284.560164218172 0.78252668232137834 38644.000000000007
decision_type=2 2 2 2 2 2 2 2 2 2 2 2 2 2 2 2 2 2 2 2 2 2 2
left_child=7 2 3 -2 13 -6 9 -1 10 17 11 -4 21 -5 -13 16 -8 18 -3 -19 -17 -10 -18
right_child=1 6 8 4 5 -7 15 -9 12 -11 -12 14 -14 -15 -16 20 22 19 -20 -21 -22 -23 -24
leaf_value=-0.039598874402673623 0.0079091679086559456 0.013215970261132012 0.018862873166799545 -0.0028779383590444921 0.0018047115294372333 -0.021167512134835122 0.0061161044090986246 -0.057581244081258767 -0.0026042815867592301 5.5806913102666534e-06 0.0020967715710867195 0.011529239449650048 0.0057789020105425658 0.0056031383086434178 0.003622689787298441 0.010390174090862275 0.0099766217763809593 0.0069207830044130478 -0.0014600046413640179 0.011645925334490397 0.017291258024317878 -0.00018761788960546254 0.016223226858151925
leaf_weight=112 22 15.000000000000002 14.999999999999998 18 14.999999999999998 23 28 18 15.000000000000002 15.999999999999998 15.999999999999998 23 27 14.999999999999998 20 17 14.999999999999998 25 15.999999999999998 168 103 15.999999999999998 35
leaf_count=112 22 15 15 18 15 23 28 18 15 16 16 23 27 15 20 17 15 25 16 168 103 16 35
internal_value=0.000303007 0.00888239 0.0025343 -0.00285256 -0.00631251 -0.0124627 0.012117 -0.0429235 0.00631552 0.00977339 0.00955712 0.0114767 0.00199897 0.00107699 0.00817623 0.0148317 0.0119168 0.0104649 0.00601186 0.0111111 0.0165 -0.00144394 0.014805
internal_weight=793 663 225 93 71 38 438 130 132 240 74 58 58 33 43 198 78 224 31 193 120 31 50
internal_count=793 663 225 93 71 38 438 130 132 240 74 58 58 33 43 198 78 224 31 193 120 31 50
is_linear=0
shrinkage=0.03


Tree=20
num_leaves=22
num_cat=0
split_feature=9 8 9 19 13 9 5 4 21 1 4 9 7 6 19 4 4 11 4 19 5
split_gain=309.689 15.308 6.57567 3.82493 3.35 2.41367 2.20583 2.09497 1.55376 1.51291 1.48907 1.4885 1.00394 1.10752 0.925879 2.3296 1.01909 0.754079 0.493865 0.162411 0.0725604
threshold=3647.9285714285716 22188.985000000004 1546.2857142857144 5687.5455000000011 20.835000000000004 27510.54285714286 0.080547328232315238 0.077330756371236084 13.950000000000001 36724.940937097817 -0.89406062840022227 48315.285714285717 15220.500000000002 19764.565000000006 2171.8445000000006 -0.72101013194340913 -0.20074750544272557 1.1078478815592654 0.61490419508004501 4784.2205000000004 0.41985448298472511
decision_type=2 2 2 2 2 2 2 2 2 2 2 2 2 2 2 2 2 2 2 2 2
left_child=2 3 -1 4 14 8 -6 10 17 11 -5 12 -7 -14 15 -2 -16 -3 19 -15 -21
right_child=1 5 -4 7 6 9 -8 -9 -10 -11 -12 -13 13 18 16 -17 -18 -19 -20 20 -22
leaf_value=-0.038578584779392591 0.0034146142418363264 0.012685497521888463 -0.063377897441387165 -0.00077175054370480424 0.0023902298070325127 0.019838455722612492 -0.011096869586035609 0.0027695722342468798 -0.00051767259836196897 0.016851058372042396 -0.012669567464229961 0.0018555468781029476 0.003562048946740106 0.011272096323913761 0.0086511748648532057 0.016333871057464016 -1.6660043371043034e-05 0.0037885285384560881 0.014090182315125021 0.0053931993842124938 0.0093910215049982076
leaf_weight=108 26 22 15.999999999999998 14.999999999999998 29 14.999999999999998 14.999999999999998 22 23 64 25 14.999999999999998 18 166 21 25 26 17 84 18 28
leaf_count=108 26 22 16 15 29 15 15 22 23 64 25 15 18 166 21 25 26 17 84 18 28
internal_value=0.000447717 0.008495 -0.0427337 0.00161095 0.00430962 0.0114635 -0.00249021 -0.00451138 0.00567957 0.0123104 -0.0084571 0.0113731 0.0117932 0.0112858 0.00735134 0.010125 0.00405124 0.00918132 0.0117284 0.0106697 0.00811655
internal_weight=798 674 124 204 142 470 44 62 62 408 40 344 329 314 98 51 47 39 296 212 46
internal_count=798 674 124 204 142 470 44 62 62 408 40 344 329 314 98 51 47 39 296 212 46
is_linear=0
shrinkage=0.03


Tree=21
num_leaves=23
num_cat=0
split_feature=9 7 9 18 7 12 1 10 1 13 8 12 17 12 8 21 7 5 9 10 13 21
split_gain=296.807 15.2775 6.89561 4.56644 4.72903 2.48685 2.21266 2.05467 2.19806 1.46957 1.06057 1.04496 0.872681 0.792501 0.515264 0.241394 0.188441 0.244126 0.149247 0.0911931 0.0162252 0.00750719
threshold=3647.9285714285716 22843.500000000004 1546.2857142857144 17.850000000000005 20857.500000000004 1.1454751168991206 35435.404625323004 35038.354702380959 24366.504207459209 16.465000000000003 18976.500000000004 0.82956358440703803 0.95158731061106472 1.1777105231935463 21477.240000000002 10.250000000000002 18901.000000000004 -0.065537083312030994 30923.738095238099 35152.404880952388 15.245000000000003 14.15
decision_type=2 2 2 2 2 2 2 2 2 2 2 2 2 2 2 2 2 2 2 2 2 2
left_child=2 3 -1 4 7 11 9 8 12 13 -11 -5 -2 18 16 -12 17 -14 21 -17 -8 -3
right_child=1 6 -4 5 -6 -7 20 -9 -10 10 15 -13 14 -15 -16 19 -18 -19 -20 -21 -22 -23
leaf_value=-0.037591790052977476 0.01160484236829421 0.0065796466325135777 -0.061490320891141891 -0.0065458707099682401 -0.010828048486043424 -0.013356533671983264 0.012302788445409737 -0.0012277145385742186 0.01554139077520141 0.0039528100387542509 0.0071065784633159634 0.0023990809071748969 0.0032853439046690871 0.00041957081697711885 0.0073809953268617386 0.010744610459713096 0.0046098332720644333 -0.0014363154590881254 0.0099761304035782799 0.013479462431415038 0.016125529084886823 0.003828990023364039
leaf_weight=108 14.999999999999998 15.000000000000002 18 17 14.999999999999998 20 51 28 24 22 23 29 15.999999999999991 20 23 152 14.999999999999998 20.000000000000007 18 66 68 14.999999999999998
leaf_count=108 15 15 18 17 15 20 51 28 24 22 23 29 16 20 23 152 15 20 18 66 68 15
internal_value=-3.44093e-05 0.00791896 -0.0419133 0.00145998 0.00424607 -0.00505653 0.0110848 0.00597872 0.00775468 0.00969821 0.0107313 -0.00104167 0.00535947 0.00551 0.00382144 0.0113125 0.0019982 0.000724664 0.00752939 0.0116876 0.0147176 0.00552959
internal_weight=798 672 126 222 156 66 450 141 113 331 263 46 89 68 74 241 51 36 48 218 119 30
internal_count=798 672 126 222 156 66 450 141 113 331 263 46 89 68 74 241 51 36 48 218 119 30
is_linear=0
shrinkage=0.03


Tree=22
num_leaves=24
num_cat=0
split_feature=1 8 18 8 1 9 15 14 8 18 16 8 9 18 12 8 17 17 14 16 18 14 5
split_gain=296.437 10.8211 6.27776 2.91176 2.86237 1.83636 1.36027 1.16055 0.854594 1.50343 0.852827 0.839342 0.685817 0.615627 2.11631 0.566228 0.480584 1.47815 0.52598 0.252143 0.251 0.250976 0.0692013
threshold=1369.118092991914 26762.795000000002 18.250000000000004 14079.000000000002 19355.717657342659 36624.714285714297 30.550000000000004 26.450000000000003 39682.720000000008 15.65 2.4500000000000006 16617.500000000004 1546.2857142857144 12.15 1.0882616504283338 19328.940000000006 1.1108552780256027 1.191893462995034 28.350000000000005 1.4500000000000002 13.850000000000003 29.850000000000005 0.75438814418115718
decision_type=2 2 2 2 2 2 2 2 2 2 2 2 2 2 2 2 2 2 2 2 2 2 2
left_child=12 2 6 -4 -3 8 11 -5 19 -10 15 -2 -1 14 22 16 18 -18 -8 -6 -13 -17 -7
right_child=1 4 3 7 5 13 10 -9 9 -11 -12 20 -14 -15 -16 21 17 -19 -20 -21 -22 -23 -24
leaf_value=-0.038377961758020759 0.015539382029982172 0.00053452477008104318 -0.012802870944142342 0.0062249489621642763 0.010881215368813656 0.014454917946587438 -0.0049135036295353384 -0.0037814085154483715 0.010214983279767787 -0.0020533218979835507 0.0095006657884057072 0.0088579279305930764 -0.0534147218295506 0.015220633709772689 0.00061185862430754832 0.0074390023335814473 0.0097339398895992923 -0.002892804544090348 0.0020839155223220584 0.007232124267944267 0.0036807477423488827 0.0023972592365462332 0.009186214676925113
leaf_weight=109 14.999999999999998 23 24 14.999999999999998 139 44 17 25 17 15.999999999999998 19 25 19 120 14.999999999999998 23 15.000000000000002 14.999999999999998 18 40 19 18 19
leaf_count=109 15 23 24 15 139 44 17 25 17 16 19 25 19 120 15 23 15 15 18 40 19 18 19
internal_value=0.000125175 0.00802808 0.00299814 -0.0049871 0.0108819 0.011457 0.00579938 8.87167e-05 0.00932302 0.00448928 0.0039217 0.00951851 -0.0413974 0.0136258 0.010853 0.00276427 0.000964493 0.00363435 -0.00139671 0.0101547 0.00687956 0.00544001 0.0131975
internal_weight=809 681 248 64 433 410 184 40 212 33 125 59 128 198 78 106 65 30 35 179 44 41 63
internal_count=809 681 248 64 433 410 184 40 212 33 125 59 128 198 78 106 65 30 35 179 44 41 63
is_linear=0
shrinkage=0.03


Tree=23
num_leaves=26
num_cat=0
split_feature=9 9 7 10 3 2 10 10 17 13 11 9 5 1 4 9 13 15 21 14 14 19 14 19 9
split_gain=258.255 12.5885 3.97802 2.59426 2.34645 2.54857 2.66911 2.22873 2.48519 1.66815 1.65766 1.40281 1.20149 0.779581 0.83683 0.684127 0.49752 0.369172 0.325103 0.299733 0.690127 0.45143 0.375896 0.116356 0.10664
threshold=3647.9285714285716 24407.484047619051 9775.0000000000018 1455.8101851851854 9.5000000000000018 3.5000000000000004 18124.490259740265 30897.477450142451 0.89726320574674168 17.690000000000001 2.1840726839953093 38410.751428571435 -0.57252730874975932 25465.433618618623 0.36146417736073544 30309.458571428575 14.955000000000002 34.95000000000001 12.450000000000001 26.250000000000004 23.350000000000005 2274.0295000000001 28.150000000000002 1749.7805000000001 32619.081428571433
decision_type=2 2 2 2 2 2 2 2 2 2 2 2 2 2 2 2 2 2 2 2 2 2 2 2 2
left_child=3 4 -3 -1 9 6 -6 8 -4 16 11 15 -11 14 23 -9 -2 18 -14 20 -13 22 -21 -10 -17
right_child=1 2 7 -5 5 -7 -8 10 13 12 -12 19 17 -15 -16 24 -18 -19 -20 21 -22 -23 -24 -25 -26
leaf_value=-0.0364000765200055 0.0038481024258276986 -0.0043614006787538523 -0.0017700611096289421 -0.055605701523668623 -0.016313169932525073 0.0038622364721127922 0.00022621241589898571 0.0045624410267919302 0.0081701017609413923 -0.0063530799001455304 0.001813732978577415 0.012594537780835078 0.0031745823789387944 0.0032312760265036061 0.0046489643344697967 0.014583511395674001 0.012031220992406208 0.0060484131348008908 -0.0013359660984549138 0.0046147606561058449 0.021018048322626524 0.014433807900973728 0.011801466629840433 0.014266321359682478 0.010229748618804803
leaf_weight=107 15.000000000000002 15.999999999999998 25 14.999999999999998 19 19 14.999999999999998 22 14.999999999999998 15.999999999999998 15.999999999999998 37 28 20 20 17 15.999999999999998 15.999999999999998 26 17 26 47 15.999999999999998 30 175
leaf_count=107 15 16 25 15 19 19 15 22 15 16 16 37 28 20 20 17 16 16 26 17 26 47 16 30 175
internal_value=0.000155401 0.00750542 0.00989907 -0.0396202 0.000445943 -0.00468407 -0.00940919 0.0103875 0.00643739 0.00280946 0.0115119 0.011934 0.000594846 0.00883654 0.0104133 0.0101725 0.00854484 0.0023153 0.00103269 0.0143935 0.0166107 0.0122849 0.00857448 0.0126684 0.0107616
internal_weight=791 669 499 122 170 53 34 483 110 117 373 357 86 85 65 214 31 70 54 143 63 80 33 45 192
internal_count=791 669 499 122 170 53 34 483 110 117 373 357 86 85 65 214 31 70 54 143 63 80 33 45 192
is_linear=0
shrinkage=0.03


Tree=24
num_leaves=26
num_cat=0
split_feature=9 10 18 9 12 5 12 11 11 10 18 17 21 9 1 14 5 0 14 4 14 17 2 6 15
split_gain=268.215 8.30119 5.27135 4.21882 3.68788 3.31779 2.99563 1.73011 1.37503 1.12711 0.887148 1.30106 0.659912 0.622536 0.643998 0.450258 0.703582 0.45083 0.903363 0.407829 0.353482 0.286246 0.631922 0.0646796 0.00816014
threshold=3647.9285714285716 31416.675592105272 17.850000000000005 1546.2857142857144 1.1796109410501507 -0.51480397887112972 0.82001415775719477 0.55461158893461004 0.78252668232137834 39547.475357142866 22.650000000000002 1.010783774069526 10.350000000000003 21280.71428571429 19688.346776611699 27.650000000000002 0.5403928698825039 4.5000000000000009 28.850000000000005 -0.83847110675477843 26.250000000000004 1.0351370589425877 3.5000000000000004 38566.000000000007 31.050000000000004
decision_type=2 2 2 2 2 2 2 2 2 2 2 2 2 2 2 2 2 2 2 2 2 2 2 2 2
left_child=3 2 7 -1 6 -4 -3 -2 -9 15 11 -7 -11 19 -15 16 20 18 -17 -10 -8 22 -16 -18 -14
right_child=1 4 5 -5 -6 10 9 8 13 12 -12 -13 24 14 21 17 23 -19 -20 -21 -22 -23 -24 -25 -26
leaf_value=-0.035863848772964307 0.013259800796263982 -0.0015321624527374904 -0.010990623600845193 -0.055987317055463788 -0.0010475180498682535 -0.0071614398465802264 0.0077588547021150596 -0.0025955413095653055 -0.00041872962441464717 0.0074414833138386404 0.0072046163349467167 0.0031126762599009892 0.019151540026068687 0.012356478385627269 0.00076973467664044745 0.021084683002794483 0.0097655106430001391 0.0076025111622670108 0.0087804010620011995 0.0054616434739066539 0.0021042403814039734 0.007968624122440815 0.0077450606768781479 0.012941352435771157 0.013854989412994612
leaf_weight=110 26 15.999999999999998 27 18 24 15.999999999999998 31 18 20 15.999999999999998 14.999999999999998 27 22 18 26 15.000000000000002 139 14.999999999999998 14.999999999999998 20 17 34 20 32 61
leaf_count=110 26 16 27 18 24 16 31 18 20 16 15 27 22 18 26 15 139 15 15 20 17 34 20 32 61
internal_value=-6.69815e-05 0.00756386 0.00342514 -0.0395115 0.0102754 -0.00269986 0.0109942 0.00628398 0.00496821 0.0115517 0.00139734 -0.000858629 0.0145193 0.00597777 0.00725944 0.010338 0.00956093 0.0135521 0.0158658 0.00264153 0.00592046 0.0058392 0.00399883 0.0105026 0.0156765
internal_weight=798 670 267 128 403 85 379 182 156 363 58 43 99 138 98 264 219 45 30 40 48 80 46 171 83
internal_count=798 670 267 128 403 85 379 182 156 363 58 43 99 138 98 264 219 45 30 40 48 80 46 171 83
is_linear=0
shrinkage=0.03


Tree=25
num_leaves=26
num_cat=0
split_feature=9 8 9 18 13 1 7 13 4 4 21 16 4 14 18 15 10 21 8 1 1 12 7 10 12
split_gain=253.584 11.3685 3.83846 3.40188 3.12436 2.76738 2.43157 2.0419 1.82196 1.0204 0.903686 0.8719 1.68154 1.40002 0.885299 0.871088 1.15083 0.776252 0.503057 0.603681 0.658589 0.412767 0.140782 0.056274 0.0120814
threshold=3647.9285714285716 21198.500000000004 1546.2857142857144 18.250000000000004 20.835000000000004 30962.493558273782 19345.940000000006 14.760000000000002 -0.064461972558210262 0.19653276579064646 18.050000000000004 3.9500000000000006 -0.67803021058859214 25.650000000000002 14.15 28.850000000000005 35038.354702380959 16.850000000000005 27640.970000000005 20673.011926923955 21915.162334345583 1.0587674751728875 25079.500000000004 34744.252678571436 1.0366291890773625
decision_type=2 2 2 2 2 2 2 2 2 2 2 2 2 2 2 2 2 2 2 2 2 2 2 2 2
left_child=2 3 -1 4 11 7 -6 -3 10 15 -5 12 21 14 -14 24 -17 18 22 -20 -21 -2 -9 -22 -7
right_child=1 5 -4 8 6 9 -8 17 -10 -11 -12 -13 13 -15 -16 16 -18 -19 19 20 23 -23 -24 -25 -26
leaf_value=-0.034747197355689673 0.0028896735568859559 -0.00041029995237477121 -0.053996616438031192 -0.013761562430544903 0.0021367055469931197 0.0099096295599113478 -0.012221317690632798 0.0026065129318617675 0.0018214246642816324 0.013792459949512373 -0.003907512073804225 0.012683494741864063 0.0097749948983683298 0.015358918655444595 0.00068165820697322483 0.0096800116957588625 -0.00064169893139287039 0.0027685410142518005 0.014601363487865613 0.0022578855275231248 0.0096293844612298802 -0.003549705094804889 0.0068426590561866752 0.0057727882704314056 0.014444223572226132
leaf_weight=114 14.999999999999998 28 18 17 27 49 14.999999999999998 17 21 130 19 14.999999999999998 14.999999999999998 14.999999999999998 23 20 17 24 21 14.999999999999998 111 17 18 14.999999999999998 14.999999999999998
leaf_count=114 15 28 18 17 27 49 15 17 21 130 19 15 15 15 23 20 17 24 21 15 111 17 18 15 15
internal_value=-0.000415232 0.00700885 -0.0381389 0.000966094 0.00344319 0.00949967 -0.00331359 0.0071973 -0.00511245 0.0118984 -0.0090402 0.00629037 0.00489653 0.00807851 0.00458041 0.00923991 0.0051479 0.0081562 0.00877814 0.00951508 0.00856393 -0.000538822 0.00503721 0.00926764 0.0113779
internal_weight=811 679 132 199 142 480 42 249 57 231 36 100 85 53 38 101 37 221 197 162 141 32 35 126 64
internal_count=811 679 132 199 142 480 42 249 57 231 36 100 85 53 38 101 37 221 197 162 141 32 35 126 64
is_linear=0
shrinkage=0.03


Tree=26
num_leaves=22
num_cat=0
split_feature=9 8 18 9 6 4 12 7 8 10 6 11 12 8 10 12 9 17 7 12 4
split_gain=252.811 7.94715 4.5281 2.46522 1.89808 1.81249 1.75164 1.25334 1.65015 1.26769 1.1975 1.62928 0.896607 0.997932 0.782195 0.729999 0.598805 0.492898 0.25088 0.0770522 0.0614766
threshold=3647.9285714285716 22188.985000000004 18.250000000000004 1546.2857142857144 33896.860000000008 0.077330756371236084 1.141054311189859 10515.500000000002 54627.000000000007 22437.653687782808 12935.000000000002 0.55461158893461004 1.2897363449934809 18976.500000000004 39992.343928571434 0.99422746897006953 41355.935476190483 1.0194033250299206 22843.500000000004 0.95544692710624146 -0.90483020021433236
decision_type=2 2 2 2 2 2 2 2 2 2 2 2 2 2 2 2 2 2 2 2 2
left_child=3 2 10 -1 7 6 -4 -3 9 -9 -2 -12 13 15 16 -13 19 -15 -11 -6 -20
right_child=1 4 5 -5 14 -7 -8 8 -10 18 11 12 -14 17 -16 -17 -18 -19 20 -21 -22
leaf_value=-0.034157933225998513 -0.00099320411114604216 -0.00091600424920519196 -0.002716664810632837 -0.050522258105603124 0.0063768389119821436 0.0029683351563289761 -0.015272720261093447 -0.00089918069355189806 0.015443975582070972 0.0044943325278619601 0.014481400072574615 0.0032615989382410869 0.011019253249881634 0.010623580699320883 0.013989964855404999 -0.0043045739377358637 0.0037128576139609016 0.0035595616426032321 0.0051457930821925402 0.010640372886765198 0.0087049164879938641
leaf_weight=115 22 15.999999999999998 27 20 14.999999999999998 20 14.999999999999998 18 21 29 18 27 15.999999999999998 15.999999999999998 76 17 15.999999999999998 24 15.999999999999998 181 85
leaf_count=115 22 16 27 20 15 20 15 18 21 29 18 27 16 16 76 17 16 24 16 181 85
internal_value=-0.000119107 0.00740215 0.00239017 -0.0372844 0.00952349 -0.00426744 -0.00769135 0.00700543 0.00775733 0.00647528 0.00535711 0.00653789 0.00485215 0.00344852 0.0110815 0.000278249 0.00991788 0.0067565 0.00749452 0.0103818 0.00825196
internal_weight=810 675 202 135 473 62 42 185 169 148 140 118 100 84 288 44 212 40 130 196 101
internal_count=810 675 202 135 473 62 42 185 169 148 140 118 100 84 288 44 212 40 130 196 101
is_linear=0
shrinkage=0.03


Tree=27
num_leaves=23
num_cat=0
split_feature=9 8 9 18 10 10 17 14 0 18 6 15 12 7 15 4 6 6 6 17 5 17
split_gain=223.228 10.0494 3.78551 3.2588 2.85976 2.50189 2.01422 1.90559 2.8923 1.48188 1.47525 1.30063 1.2258 1.63086 1.75908 1.07539 0.929124 0.429735 0.317595 0.249339 0.19051 0.174991
threshold=3647.9285714285716 21198.500000000004 1546.2857142857144 18.250000000000004 18511.708333333336 30545.740869565216 1.1481664224870232 27.850000000000005 3.5000000000000004 17.750000000000004 16862.000000000004 28.550000000000004 0.83319411391948661 18969.500000000004 30.550000000000004 0.61490419508004501 20963.500000000004 16216.500000000002 40374.000000000007 1.0351370589425877 0.11478523713130605 1.0847211601536717
decision_type=2 2 2 2 2 2 2 2 2 2 2 2 2 2 2 2 2 2 2 2 2 2
left_child=2 3 -1 4 6 9 -2 8 -5 10 -3 -11 17 -14 -15 18 -12 -6 20 -18 -7 -22
right_child=1 5 -4 7 12 15 -8 -9 -10 11 16 -13 13 14 -16 -17 19 -19 -20 -21 21 -23
leaf_value=-0.032899659501539689 0.0019417673002543121 0.015272473938324871 -0.051355310763631548 -0.018358237208688961 -0.0016845411493590003 0.0057829240295622086 -0.011126231388377216 0.0012173573108803894 -0.00076413187345391828 0.0050719302363301574 -0.001162056475877762 -0.0063513101067613157 0.015213342138525583 0.009627554365791954 -0.0027399917544486622 0.012553146716128004 0.0040753174232892111 0.0045859022026083296 0.0039829867084821063 0.0087723020254634309 0.0089017367703800501 0.013045628537302432
leaf_weight=109 27 14.999999999999998 19 14.999999999999998 17 25 14.999999999999998 25 17 17 15.999999999999998 14.999999999999998 21 24 15.999999999999998 139 24 19 15.999999999999998 30 139 21
leaf_count=109 27 15 19 15 17 25 15 25 17 17 16 15 21 24 16 139 24 19 16 30 139 21
internal_value=-0.000478793 0.00664951 -0.0363871 0.000952659 0.00342104 0.009078 -0.00301897 -0.00497864 -0.00960613 0.00515783 0.00718836 -0.000341341 0.00621415 0.0087445 0.00478563 0.0103889 0.00507993 0.00169204 0.00878338 0.00690486 0.00915151 0.00959997
internal_weight=781 653 128 196 139 457 42 57 32 117 85 32 97 61 40 340 70 36 201 54 185 160
internal_count=781 653 128 196 139 457 42 57 32 117 85 32 97 61 40 340 70 36 201 54 185 160
is_linear=0
shrinkage=0.03


Tree=28
num_leaves=22
num_cat=0
split_feature=9 8 18 9 4 6 7 11 6 6 9 10 15 17 17 9 15 16 4 14 17
split_gain=205.268 6.62813 5.10367 3.93717 2.72157 1.81442 1.54277 2.92783 1.17582 2.94504 1.0727 0.944043 0.777815 0.754614 0.768979 0.53198 0.487327 0.41182 0.0568865 0.0491756 0.0412561
threshold=3647.9285714285716 21198.500000000004 18.250000000000004 1546.2857142857144 -0.18386704952168662 32069.715000000004 10515.500000000002 0.55461158893461004 12285.500000000002 15570.000000000002 32924.242142857147 39992.343928571434 31.550000000000004 0.98965919142706993 1.049068755678747 41075.221666666672 33.150000000000013 5.0500000000000007 -0.88965196910377931 25.750000000000004 1.0153801734156749
decision_type=2 2 2 2 2 2 2 2 2 2 2 2 2 2 2 2 2 2 2 2 2
left_child=3 2 8 -1 -4 6 -3 -8 -2 -10 13 15 17 -11 -15 18 -16 20 -7 -19 -9
right_child=1 5 4 -5 -6 11 7 12 9 10 -12 -13 -14 14 16 -17 -18 19 -20 -21 -22
leaf_value=-0.030967975402516976 -0.002048731972463429 -0.0022119432874023915 -0.012467512367293238 -0.049186000621744566 0.0013536123991012574 0.00601918525993824 0.017029499282891099 0.0095021743300770008 0.017628813402398542 0.010037293147761374 -0.0022546380312581148 0.013192226403951646 0.00057840571828907529 -0.00030153834132541868 0.0097648651270489939 0.0029442749829853279 0.0026697854316708718 0.0050169777645565133 0.0095050023569607407 0.0023730130400508643 0.005824561227451671
leaf_weight=110 18 18 26 19 23 18 20 26 14.999999999999998 22 19 73 29 27 17 14.999999999999998 20 14.999999999999998 211 22 20
leaf_count=110 18 18 26 19 23 18 20 26 15 22 19 73 29 27 17 15 20 15 211 22 20
internal_value=-7.59002e-05 0.00677094 0.00197109 -0.0343612 -0.00618137 0.00867634 0.00582094 0.006933 0.00491276 0.00597345 0.00401001 0.0099825 0.00486292 0.00541384 0.00356853 0.00892277 0.00626327 0.00631108 0.00928549 0.0036472 0.00821253
internal_weight=783 654 187 129 49 467 150 132 138 120 105 317 112 86 64 244 37 83 229 37 46
internal_count=783 654 187 129 49 467 150 132 138 120 105 317 112 86 64 244 37 83 229 37 46
is_linear=0
shrinkage=0.03


Tree=29
num_leaves=26
num_cat=0
split_feature=9 7 9 18 21 1 17 10 1 10 12 11 17 12 12 13 15 7 6 7 10 16 6 13 15
split_gain=181.354 8.65292 4.3631 2.92833 3.64 1.93405 1.90052 1.84247 2.68651 1.61081 1.52188 1.30262 1.15424 0.657458 0.657382 0.624167 0.40571 0.334321 0.281076 0.245484 0.203424 0.188071 0.0767452 0.0146807 0.0140433
threshold=3647.9285714285716 22843.500000000004 1546.2857142857144 17.850000000000005 9.6500000000000004 30225.323333769255 1.0955555908674024 36672.192431318683 24366.504207459209 22213.610128205128 1.1512178564103615 0.89052674805159759 1.0336887094883025 1.1205578131977085 0.86510967682834017 16.465000000000003 28.550000000000004 38631.000000000007 38566.000000000007 36756.880000000012 27434.496567505725 0.35000000000000003 28874.000000000004 13.835000000000003 28.250000000000004
decision_type=2 2 2 2 2 2 2 2 2 2 2 2 2 2 2 2 2 2 2 2 2 2 2 2 2
left_child=2 3 -1 4 6 11 -2 8 9 12 14 -3 -6 17 -5 19 -17 23 22 24 -11 -16 -18 -7 -13
right_child=1 5 -4 10 7 13 -8 -9 -10 20 -12 15 -14 -15 21 16 18 -19 -20 -21 -22 -23 -24 -25 -26
leaf_value=-0.029410787165164948 0.0027077070338761096 -0.0016036607215509696 -0.048414575053844597 -0.0043785302247852089 0.013247500191361684 0.0064582916349172591 -0.011460129007852326 -0.0027904288657009599 0.015528469525277616 0.002389295480268843 -0.0091900432996451838 0.0067324426331940804 0.0032364439265802503 0.0040021941974769373 0.00015955400963624315 0.012344736492633818 0.0049381781928241253 0.012365246936678887 0.0031621506523030495 0.0009193556228031714 -0.0019802162855524909 0.0047118975145413597 0.0084514107495065657 0.0097750671595334994 0.0038748801375428832
leaf_weight=103 15.000000000000002 14.999999999999998 18 18 21 19 15.999999999999998 15.999999999999998 28 14.999999999999998 23 15.000000000000002 22 14.999999999999998 16.000000000000004 23 17 139 15.999999999999998 15.999999999999998 20 14.999999999999998 91 73 15.999999999999998
leaf_count=103 15 15 18 18 21 19 16 16 28 15 23 15 22 15 16 23 17 139 16 16 20 15 91 73 16
internal_value=0.000551861 0.00659761 -0.0329791 0.00176409 0.00409545 0.00896963 -0.0048561 0.00641167 0.00782662 0.00474276 -0.00316686 0.00672431 0.00849705 0.0108076 -9.0125e-05 0.00737802 0.00835801 0.0112114 0.00743433 0.00409689 -7.96415e-05 0.00251437 0.00799824 0.00924207 0.0055818
internal_weight=801 680 121 225 153 455 31 122 106 78 72 209 43 246 49 194 147 231 124 47 35 31 108 92 31
internal_count=801 680 121 225 153 455 31 122 106 78 72 209 43 246 49 194 147 231 124 47 35 31 108 92 31
is_linear=0
shrinkage=0.03


Tree=30
num_leaves=24
num_cat=0
split_feature=9 8 9 18 13 7 1 13 12 21 21 13 21 11 7 8 5 5 12 13 18 6 12
split_gain=178.59 8.28435 3.59876 2.54982 2.91116 2.24197 1.68528 1.65127 2.51298 1.26661 1.21917 1.26015 1.03239 0.99338 1.67073 0.975961 0.652464 0.513101 0.472756 0.155356 0.0939523 0.0835171 0.0237537
threshold=3647.9285714285716 21198.500000000004 1546.2857142857144 18.250000000000004 20.835000000000004 19524.500000000004 36107.791654974499 16.465000000000003 1.1512178564103615 17.850000000000005 11.15 18.365000000000006 19.650000000000002 0.55461158893461004 20931.500000000004 15616.500000000002 0.44312301391210612 0.73136292505298039 0.95377420754884279 20.305000000000003 11.65 38750.610000000008 0.99225267236375803
decision_type=2 2 2 2 2 2 2 2 2 2 2 2 2 2 2 2 2 2 2 2 2 2 2
left_child=2 3 -1 4 10 -6 7 8 16 -5 15 -12 -11 -9 -15 -2 22 -17 -16 20 -20 -8 -3
right_child=1 6 -4 9 5 -7 21 13 -10 12 11 -13 -14 14 18 17 -18 -19 19 -21 -22 -23 -24
leaf_value=-0.030172179713845251 -0.0027629073006100952 0.0043084517245491338 -0.04859992463533816 -0.01065398084744811 0.0019315695858977992 -0.011621085601703574 0.0090901772837553695 0.013868650224592003 -0.0054149838553174678 0.0045102165748967839 0.014056819948554039 0.0031890243049710987 -0.0052527908511135887 0.00053345009870827201 0.0027152681416448424 0.0013638471209100986 0.010539025809954514 0.0084948253191330213 0.0051791797950863838 0.0098011104957604744 0.0081422535165451282 0.01265456133832534 0.0020791716008063624
leaf_weight=102 18 16.000000000000004 17 18 27 15.999999999999998 40 26 21 14.999999999999998 23 18 21 28 14.999999999999998 17 20 20 28 104 84 70 14.999999999999998
leaf_count=102 18 16 17 18 27 16 40 26 21 15 23 18 21 28 15 17 20 20 28 104 84 70 15
internal_value=-5.225e-05 0.00607326 -0.0335645 0.000832605 0.00297573 -0.00340364 0.00822631 0.00714547 0.00297584 -0.00459322 0.00584431 0.00965584 -0.00116159 0.00817077 0.0074969 0.00276388 0.00650484 0.00545639 0.00832913 0.00869049 0.00750534 0.0115439 0.00342115
internal_weight=779 660 119 193 139 43 467 357 72 54 96 41 36 285 259 55 51 37 231 216 112 110 31
internal_count=779 660 119 193 139 43 467 357 72 54 96 41 36 285 259 55 51 37 231 216 112 110 31
is_linear=0
shrinkage=0.03


Tree=31
num_leaves=24
num_cat=0
split_feature=1 8 10 3 21 5 13 18 8 6 1 9 17 8 7 9 10 6 21 16 18 1 6
split_gain=173.335 7.93012 3.07656 3.77231 1.64249 1.5825 1.65457 1.7141 1.47584 2.61334 2.18748 1.3223 1.18251 0.936057 0.913028 0.836622 0.787901 0.790097 0.650525 0.471171 0.149825 0.0897542 0.00277692
threshold=1369.118092991914 24690.000000000004 18124.490259740265 9.5000000000000018 19.850000000000005 0.97062204580664158 18.830000000000002 14.15 102647.26000000001 19851.500000000004 24696.3841576087 1546.2857142857144 1.0257950442957655 38750.610000000008 15518.500000000002 1103.6428571428573 34818.437261904772 18127.000000000004 11.950000000000001 1.4500000000000002 18.150000000000002 24366.504207459209 38054.960000000006
decision_type=2 2 2 2 2 2 2 2 2 2 2 2 2 2 2 2 2 2 2 2 2 2 2
left_child=11 2 3 14 5 6 7 -4 9 10 12 15 -3 19 -2 -1 17 -8 -19 22 -15 -21 -11
right_child=1 8 4 -5 -6 -7 16 -9 -10 13 -12 -13 -14 20 -16 -17 -18 18 -20 21 -22 -23 -24
leaf_value=-0.038409654825925829 -0.0035916350562782851 0.00013504314948530757 0.015143492517286332 -0.013225807526032439 -0.0048039786486575994 -0.0029844769534455346 0.0005577973372720438 0.003743477328121662 0.017328784532452884 0.0080623138512207846 -0.0065733666051375232 -0.042840592555309594 0.011709829597350428 0.011594718099213563 0.0054567860383540395 -0.026355538181568446 -0.0026568138418609603 0.0024198109991848469 0.010189867353496643 0.0026603269794334967 0.0065622394181349695 0.005881876243012292 0.010305590104009653
leaf_weight=18 14.999999999999998 15.000000000000002 27 22 15.999999999999998 19 27 23 17 146 17 17 14.999999999999998 128 23 93 14.999999999999998 18 24 15.999999999999998 14.999999999999998 40 35
leaf_count=18 15 15 27 22 16 19 27 23 17 146 17 17 15 128 23 93 15 18 24 16 15 40 35
internal_value=0.000291393 0.0063999 0.00184367 -0.00390415 0.00390611 0.00486721 0.00600802 0.0102452 0.00873103 0.00830954 0.00156059 -0.0314303 0.00629259 0.00913174 0.00188405 -0.0289555 0.00330631 0.00464097 0.0071212 0.00782198 0.0111646 0.00508491 0.00860399
internal_weight=801 673 229 60 169 153 134 50 444 427 47 128 30 380 38 111 84 69 42 237 143 56 181
internal_count=801 673 229 60 169 153 134 50 444 427 47 128 30 380 38 111 84 69 42 237 143 56 181
is_linear=0
shrinkage=0.03


Tree=32
num_leaves=28
num_cat=0
split_feature=9 8 9 18 10 10 1 3 6 13 3 7 7 11 7 12 1 1 1 2 6 11 9 14 0 13 8
split_gain=170.971 8.72521 3.3408 2.32611 2.94912 3.24838 3.28584 2.1218 1.4912 1.34384 1.28126 1.77936 1.13065 1.38317 0.882312 0.768666 0.544148 0.863387 0.821844 0.507548 0.404335 0.341646 0.287477 0.0935823 0.0811953 0.0707538 0.0645628
threshold=3647.9285714285716 21198.500000000004 1546.2857142857144 11.250000000000002 36925.629629629635 18124.490259740265 17475.321608860395 8.5000000000000018 18316.000000000004 18.830000000000002 6.0000000000000009 10515.500000000002 40406.000000000007 0.58100325171577361 29654.850000000002 1.1796109410501507 33128.177954545456 21304.200305944058 22109.324389528516 3.5000000000000004 41660.000000000007 0.72013848465608676 1103.6428571428573 25.450000000000003 5.5000000000000009 20.23 27882.200000000001
decision_type=2 2 2 2 2 2 2 2 2 2 2 2 2 2 2 2 2 2 2 2 2 2 2 2 2 2 2
left_child=2 3 22 9 5 6 -5 8 21 -2 15 -12 13 -13 19 16 17 -3 -19 26 -10 -7 -1 -18 -16 -20 -15
right_child=1 10 -4 4 -6 7 -8 -9 20 -11 11 12 -14 14 24 -17 23 18 25 -21 -22 -23 -24 -25 -26 -27 -28
leaf_value=-0.036224601609366275 0.011041715712100266 0.014749784158542752 -0.044872572464602335 0.0014270429804921149 -0.011798049030559404 -0.0069630913743201428 -0.014678182250566102 0.010903681775741279 0.0068174127953198665 0.00026162861287593845 -0.0033997078678187202 0.015960841582101933 -0.00094221366678967199 0.0073274549345175421 0.0083223599413546102 0.0035863842005315035 0.010354373494491857 0.00095443475370605795 0.0061984462494199923 0.00022784420521929858 0.00055267467656556297 -0.00083510799725588993 -0.025947831633443736 0.014841512948274611 0.0047652768716216079 0.0092004739423947671 0.0037048302326155333
leaf_weight=19 23 18 19 23 19 14.999999999999998 20 23 24 18 14.999999999999998 14.999999999999998 14.999999999999998 15.999999999999998 121 21 49 15.999999999999998 31 26 14.999999999999998 17 96 28 15.999999999999998 68 17
leaf_count=19 23 18 19 23 19 15 20 23 24 18 15 15 15 16 121 21 49 16 31 26 15 17 96 28 16 68 17
internal_value=-0.000549664 0.00566833 -0.0312201 0.000358156 -0.00132913 0.000271631 -0.0063832 0.00338542 0.000717926 0.00654129 0.00787379 0.00623709 0.00690091 0.00746209 0.00665702 0.00951314 0.0100664 0.0085982 0.00739967 0.00342075 0.0045524 -0.00394822 -0.0282359 0.0123205 0.00798148 0.0084018 0.0057796
internal_weight=803 669 134 197 156 137 43 94 71 41 472 241 226 211 196 231 210 133 115 59 39 32 115 77 137 99 33
internal_count=803 669 134 197 156 137 43 94 71 41 472 241 226 211 196 231 210 133 115 59 39 32 115 77 137 99 33
is_linear=0
shrinkage=0.03


Tree=33
num_leaves=25
num_cat=0
split_feature=9 8 9 4 4 2 1 1 17 18 7 11 4 11 18 1 5 7 18 5 5 1 1 8
split_gain=152.87 9.27316 4.99005 2.84266 2.98166 5.03224 2.27679 1.57571 2.19972 1.06923 1.03893 1.15763 0.691848 0.798752 0.528413 0.964717 1.0595 0.655327 0.527148 0.294138 0.193973 0.292401 0.284039 0.0222985
threshold=3647.9285714285716 21198.500000000004 1546.2857142857144 -0.67803021058859214 -0.97694226132849327 3.5000000000000004 17847.107442977194 30962.493558273782 0.81095507349116247 12.450000000000001 14444.500000000002 0.92438198666930693 -0.28415946097701883 0.8393892264697107 12.15 35435.404625323004 0.56901594657981336 27251.710000000003 16.950000000000003 0.16587474750015932 0.51113019672828186 23725.639254901962 20673.011926923955 31939.690000000002
decision_type=2 2 2 2 2 2 2 2 2 2 2 2 2 2 2 2 2 2 2 2 2 2 2 2
left_child=2 3 -1 4 -2 6 -6 8 -3 -5 -10 -12 -11 19 15 16 -9 -16 -15 -14 21 -13 -22 -24
right_child=1 7 -4 9 5 -7 -8 14 10 12 11 20 13 18 17 -17 -18 -19 -20 -21 22 -23 23 -25
leaf_value=-0.025876081409950215 0.0057102779819714752 -0.0016091537764617082 -0.044830039411783214 0.0093325291912664064 -0.0063487217344931866 0.001868598864924523 -0.02295977043754914 0.0082684210035949921 0.014375304109171816 0.0068230666592717171 -0.00099916814515988036 0.0016004928620532155 -0.0002015031172777526 0.00031156412791460752 0.017888243833885473 0.010002951071314188 -0.002289019853753202 0.010275131917306196 0.0075297030948979007 -0.005474739745259285 0.011204760471979776 0.006796250272203575 0.0044827374750200438 0.0073263295435783814
leaf_weight=117 20 27 18 20 17 29 14.999999999999998 16.000000000000004 17 18 15.999999999999998 15.999999999999998 22 20 14.999999999999998 67 14.999999999999998 105 14.999999999999998 14.999999999999998 25 31 14.999999999999998 96
leaf_count=117 20 27 18 20 17 29 15 16 17 18 16 16 22 20 15 67 15 105 15 15 25 31 15 96
internal_value=-0.000206048 0.00583071 -0.0290208 0.000266013 -0.00394445 -0.00719072 -0.0150277 0.00812514 0.00636033 0.00338152 0.00736214 0.00662595 0.00188494 0.000499361 0.0100166 0.00800122 0.00333086 0.0115044 0.00364485 -0.00251043 0.00729622 0.005165 0.00794721 0.0070282
internal_weight=787 652 135 191 81 61 32 461 243 110 216 199 90 72 218 98 31 120 35 37 183 47 136 111
internal_count=787 652 135 191 81 61 32 461 243 110 216 199 90 72 218 98 31 120 35 37 183 47 136 111
is_linear=0
shrinkage=0.03


Tree=34
num_leaves=26
num_cat=0
split_feature=9 9 9 8 12 3 5 21 8 17 14 21 8 1 9 1 9 8 7 1 11 12 17 1 7
split_gain=151.99 7.54009 2.42485 2.38492 2.50733 1.9297 2.79183 1.28153 1.21893 1.45633 1.33835 1.18589 0.896423 0.727815 0.656411 0.761597 0.646641 0.545844 0.506149 0.503457 0.356612 0.165355 0.153063 0.112233 0.0374545
threshold=3647.9285714285716 24407.484047619051 1546.2857142857144 18976.500000000004 1.3058659585431482 9.5000000000000018 0.48877522411129348 13.750000000000002 102647.26000000001 0.82310534489653542 25.250000000000004 18.150000000000002 13710.000000000002 36724.940937097817 42666.448095238105 21163.03259564548 1046.011904761905 43724.000000000007 17804.500000000004 23909.528596059117 0.81639916673378143 0.93151330071712801 0.98628952684430915 30884.869527222287 34410.270000000011
decision_type=2 2 2 2 2 2 2 2 2 2 2 2 2 2 2 2 2 2 2 2 2 2 2 2 2
left_child=2 5 16 4 12 7 -7 18 9 10 -5 -9 -3 14 15 -11 -1 19 -2 -17 -13 -21 24 -24 -23
right_child=1 3 -4 8 -6 6 -8 11 -10 13 -12 20 -14 -15 -16 17 -18 -19 -20 21 -22 22 23 -25 -26
leaf_value=-0.036756904826444739 0.0081470778837267853 0.010898861183839686 -0.042371764853596686 0.0071467147929512934 -0.007169069280581814 -0.011444860985046228 0.0018398623901885003 -0.0060722554408013819 0.016173907798879283 0.012334228636806501 -0.0031234561441385229 -0.00054856970285375897 0.001147734386846423 0.011426695326374747 0.0013557197778330493 0.0026991034866027208 -0.024920205387229822 0.0015793406528731187 0.002267980697985378 0.0042641978189349172 0.0056295431032776832 0.0043757429718971255 0.007298903470172694 0.009518633084637778 0.0072017783205956219
leaf_weight=14.999999999999998 26 14.999999999999998 18 21 19 26 28 23 14.999999999999998 32 21 16.000000000000004 18 57 15.999999999999998 21 96 15.999999999999998 29 18 14.999999999999998 25 93 103 22
leaf_count=15 26 15 18 21 19 26 28 23 15 32 21 16 18 57 16 21 96 16 29 18 15 25 93 103 22
internal_value=-0.000303407 0.00542088 -0.0298815 0.00720379 0.00106824 -0.000198867 -0.00473679 0.00209412 0.00788975 0.00753939 0.00210307 -0.00117819 0.00594958 0.00809277 0.00748103 0.00776806 -0.027142 0.00719877 0.00523554 0.00750424 0.00260085 0.00786739 0.00809731 0.00854976 0.00593853
internal_weight=804 675 129 512 52 163 54 109 460 445 42 54 33 403 346 330 111 298 55 282 31 261 243 196 47
internal_count=804 675 129 512 52 163 54 109 460 445 42 54 33 403 346 330 111 298 55 282 31 261 243 196 47
is_linear=0
shrinkage=0.03


Tree=35
num_leaves=22
num_cat=0
split_feature=9 8 19 7 11 7 7 14 4 10 4 5 10 17 0 5 12 1 14 5 0
split_gain=138.116 6.29488 3.43194 2.35853 1.81656 1.87393 1.7193 1.47513 0.806345 0.659331 0.930584 1.35529 1.03805 0.930961 0.650665 0.556607 0.532508 0.348025 0.335538 0.299195 0.20163
threshold=3647.9285714285716 21198.500000000004 6078.5275000000011 10515.500000000002 0.55461158893461004 20931.500000000004 976.00000000000011 27.850000000000005 0.88768027107944258 17374.484123376627 -0.3169700421330815 0.51849435583340198 28858.626254545459 1.1386395602008677 3.5000000000000004 0.51113019672828186 1.0016628352297461 24060.512648026317 25.450000000000003 0.84199059757024453 4.5000000000000009
decision_type=2 2 2 2 2 2 2 2 2 2 2 2 2 2 2 2 2 2 2 2 2
left_child=6 2 9 -3 -5 16 -1 -4 14 -2 11 13 19 -11 -7 17 -6 -16 -19 -12 -17
right_child=1 3 7 4 5 8 -8 -9 -10 10 12 -13 -14 -15 15 20 -18 18 -20 -21 -22
leaf_value=-0.038489726100649151 -0.00077845852868631477 -0.0026090065931732003 -0.010471343267709016 0.015801481872797011 0.0038963459171354772 0.0012583161257207394 -0.025354967053080425 -0.00041111394349071709 0.01038166576696019 0.0076068808015828061 0.0017990973043967692 0.013408051296137273 -0.002838361035618517 -0.0021654016853255385 0.0013073430848973137 0.0068844962906506324 -0.0031205117207412656 0.002307608750249658 0.0072868996081908912 0.0079306743962361537 0.009299491445107437
leaf_weight=19 28 20 26 23 18 18 114 25 91 17 15.000000000000002 18 25 14.999999999999998 19 106 17 19 51 14.999999999999998 105
leaf_count=19 28 20 26 23 18 18 114 25 91 17 15 18 25 15 19 106 17 19 51 15 105
internal_value=-8.04384e-05 0.00547493 0.000736553 0.00725486 0.00768662 0.00719729 -0.0277738 -0.00574147 0.00776485 0.00326886 0.00434253 0.00722846 0.00155737 0.0031682 0.0069558 0.00728706 0.000503708 0.00507824 0.00603702 0.00516894 0.00816231
internal_weight=804 671 184 487 467 444 133 51 409 133 105 50 55 32 318 300 35 89 70 30 211
internal_count=804 671 184 487 467 444 133 51 409 133 105 50 55 32 318 300 35 89 70 30 211
is_linear=0
shrinkage=0.03


Tree=36
num_leaves=29
num_cat=0
split_feature=9 9 9 11 4 5 21 1 7 7 12 0 1 17 11 9 7 5 5 4 1 13 5 11 1 7 13 11
split_gain=126.4 8.03848 3.28537 2.34219 2.12077 4.30077 1.76591 1.6633 1.57428 2.21693 1.38988 1.27351 1.17712 0.732409 0.724399 0.677105 0.655397 0.615934 0.613711 0.518709 0.367479 0.345896 0.314105 0.376354 0.32236 0.105079 0.00964694 0.00578223
threshold=1656.8214285714287 22084.892857142859 1539.3571428571431 0.39161643465435808 -0.87395131947920313 0.20812153622207724 20.650000000000002 12319.363636363638 12935.000000000002 16683.500000000004 1.1512178564103615 1.0000000180025095e-35 30829.599852476294 1.0623326348720847 0.87827293154532848 1103.6428571428573 18127.000000000004 0.097680735332368748 1.0000000180025095e-35 0.077330756371236084 20673.011926923955 17.445000000000004 0.51849435583340198 1.0495901351293244 21708.829546416131 31242.455000000005 13.835000000000003 1.0707328185333493
decision_type=2 2 2 2 2 2 2 2 2 2 2 2 2 2 2 2 2 2 2 2 2 2 2 2 2 2 2 2
left_child=2 4 15 -3 5 -2 8 -6 -5 -10 12 -12 22 16 -14 -1 18 -13 -9 21 -19 26 25 -24 -25 27 -16 -11
right_child=1 3 -4 6 7 -7 -8 13 9 10 11 17 14 -15 19 -17 -18 20 -20 -21 -22 -23 23 24 -26 -27 -28 -29
leaf_value=-0.033150770536490848 0.0016620219605309621 -0.0041892489477207782 -0.042545259901705906 0.014830528819002211 -0.0081621904408230497 -0.018949790018446305 -0.0014643636322580276 0.0053172394613686365 -0.0026340808253735304 0.0053676125801661416 -0.0041949942006784327 0.00048792707640677693 0.016022597544771783 -0.0017709708108656829 0.005166387191663185 -0.022762066684663296 0.0078065009415149685 0.0097026873566210259 -0.0019926105218979976 0.0099945145833492278 0.003430989487096667 0.0023714717254042627 0.0024291565495410134 0.01167000445372918 0.0064714284752096446 0.0012392640683580847 0.0082928973516902399 0.0031086924587212061
leaf_weight=19 19 17 14.999999999999998 22 14.999999999999998 14.999999999999998 22 17 21 15.000000000000002 14.999999999999998 18 14.999999999999998 29 15.999999999999998 91 22 22 21 123 18 18 19 14.999999999999998 103 14.999999999999998 35 14.999999999999998
leaf_count=19 19 17 15 22 15 15 22 17 21 15 15 18 15 29 16 91 22 22 21 123 18 18 19 15 103 15 35 15
internal_value=-0.000359817 0.00474447 -0.0278449 0.00638015 -0.00170248 -0.007979 0.00673565 0.000461285 0.00709725 0.0066853 0.00711844 0.00319904 0.00783383 0.00206213 0.00942086 -0.0251164 0.00391215 0.00518738 0.00137994 0.00874524 0.0071782 0.00629946 0.00594602 0.00668275 0.00731575 0.00351414 0.007544 0.00450304
internal_weight=807 682 125 544 138 34 527 104 505 483 462 73 389 89 207 110 60 58 38 192 40 69 182 137 118 45 51 30
internal_count=807 682 125 544 138 34 527 104 505 483 462 73 389 89 207 110 60 58 38 192 40 69 182 137 118 45 51 30
is_linear=0
shrinkage=0.03


Tree=37
num_leaves=25
num_cat=0
split_feature=10 9 10 8 14 4 4 4 18 8 6 4 7 7 11 10 9 6 16 10 8 4 17 14
split_gain=122.631 6.11249 3.23147 2.12844 2.29695 2.04637 2.57312 2.52397 1.48772 1.2722 1.48226 1.19396 1.06492 0.863447 0.772386 0.63725 0.604212 0.323303 0.307163 0.109743 0.0777709 0.204319 0.0903324 0.0343961
threshold=1599.6342105263161 24407.484047619051 1455.8101851851854 18253.500000000004 25.750000000000004 -0.67166439702596292 -0.97113884758256674 -0.87395131947920313 13.050000000000002 102647.26000000001 19851.500000000004 -0.68430824382591193 44506.000000000007 11319.000000000002 1.7914464970402915 19515.736666666671 1046.011904761905 18818.500000000004 1.1500000000000001 28341.565217391308 39790.000000000007 -0.82415615971448097 0.98628952684430915 28.850000000000005
decision_type=2 2 2 2 2 2 2 2 2 2 2 2 2 2 2 2 2 2 2 2 2 2 2 2
left_child=2 5 16 4 -3 6 -2 -8 -7 10 11 -5 14 -9 18 -10 -1 23 20 -20 21 -12 -23 -17
right_child=1 3 -4 9 -6 8 7 13 15 -11 12 -13 -14 -15 -16 17 -18 -19 19 -21 -22 22 -24 -25
leaf_value=-0.033334709002691157 0.0044832524537108832 0.0068111587176099414 -0.041621571121846924 -0.0049401400238275528 -0.0061823472574353217 0.010910569299012423 -0.014537869266350752 -0.0057870856637600807 0.0047401007306244643 0.01514994361748298 0.0030458577598134673 0.0052891715522855511 0.011052062401082367 0.0034388797094716743 0.0014990702862369603 -0.0038350504549110628 -0.022446290912727512 0.001967970436172826 0.0025511018617544322 0.0056592937186360354 0.0087893561820589737 0.005279152623208409 0.0075879905104346869 -0.0015059264839681632
leaf_weight=14.999999999999998 23 22 14.999999999999998 15.999999999999998 23 14.999999999999998 22 18 25 15.999999999999998 15.999999999999998 22 58 14.999999999999998 27 15.000000000000002 97 19 22 34 60 42 152 14.999999999999998
leaf_count=15 23 22 15 16 23 15 22 18 25 16 16 22 58 15 27 15 97 19 22 34 60 42 152 15
internal_value=-0.000291281 0.00480363 -0.0271042 0.00642926 0.000189556 -0.000178196 -0.00367635 -0.00712613 0.00290102 0.00702971 0.00667444 0.00095044 0.00719651 -0.00163659 0.00650432 0.00103307 -0.0244638 -0.000969985 0.00690719 0.00456829 0.00735514 0.00686631 0.00714711 -0.00283739
internal_weight=804 677 127 510 45 167 78 55 89 465 449 38 411 33 353 74 112 49 326 56 270 210 194 30
internal_count=804 677 127 510 45 167 78 55 89 465 449 38 411 33 353 74 112 49 326 56 270 210 194 30
is_linear=0
shrinkage=0.03


Tree=38
num_leaves=29
num_cat=0
split_feature=9 9 10 12 13 14 5 4 5 18 14 9 11 11 17 17 7 12 18 12 5 12 7 13 5 15 5 17
split_gain=103.755 5.26519 4.22152 1.77344 3.4279 1.77221 3.24133 5.16121 1.14208 1.89093 1.1391 1.06095 0.831099 0.656331 0.519985 0.495392 0.773359 0.44666 0.344293 0.380952 0.242005 0.223882 0.221176 0.214774 0.106977 0.0763933 0.0527612 0.0187652
threshold=3647.9285714285716 26620.951666666668 1455.8101851851854 1.1963166753854095 16.725000000000005 24.650000000000002 0.20812153622207724 -0.87395131947920313 -0.60038941812636415 18.050000000000004 28.050000000000004 36624.714285714297 0.56687922534319801 0.81639916673378143 0.9913109358547364 1.0929608942582913 22843.500000000004 0.99225267236375803 13.950000000000001 1.0580866595038716 0.43540432083943431 1.0170477796100885 40238.000000000007 21.450000000000006 0.77652048701313048 33.850000000000001 -0.61405602385363023 0.98774466944800976
decision_type=2 2 2 2 2 2 2 2 2 2 2 2 2 2 2 2 2 2 2 2 2 2 2 2 2 2 2 2
left_child=2 5 23 11 -5 -2 8 -8 9 -7 -6 15 -10 -14 -9 16 -3 -15 19 24 26 -20 -21 -1 -13 -23 -18 -22
right_child=1 3 -4 4 10 6 7 14 12 -11 -12 18 13 17 -16 -17 20 -19 21 22 27 25 -24 -25 -26 -27 -28 -29
leaf_value=-0.022903289197932317 0.0083542123701996537 -6.0691694644364442e-05 -0.038957375089327499 -0.0061537993947664892 0.010803613498806954 0.004987482080856958 -0.019157229972382384 0.0042421410517657502 0.010515542374923826 -0.0089926120419712621 0.00096081747416112767 0.0099503938215119488 -0.0015337410595800194 0.0081032145082082768 -0.002409517511342918 0.010207605423509247 0.0045828712895950837 0.0020696621843879774 0.007534818657888815 0.0016758382101269324 0.0053412275835871695 0.014211645297267856 0.0069765620196566864 -0.016434080714151558 0.0061580561220645896 0.0089197099141099228 0.001739500335910741 0.007185712068155407
leaf_weight=77 24 20 15.999999999999998 25 28 16.000000000000004 15.999999999999998 14.999999999999998 15.999999999999998 14.999999999999998 17 61 19 20 26 25 15.000000000000002 26 24 15.000000000000002 43 32 14.999999999999998 36 23 20 14.999999999999998 98
leaf_count=77 24 20 16 25 28 16 16 15 16 15 17 61 19 20 26 25 15 26 24 15 43 32 15 36 23 20 15 98
internal_value=0.000490343 0.00525687 -0.023932 0.0069459 0.00244738 0.00106268 -5.84064e-05 -0.00576577 0.00289643 -0.00191211 0.00728434 0.00770571 0.00473846 0.00304497 0.000108137 0.00614989 0.00551851 0.00492128 0.00939194 0.00799928 0.0061642 0.0112222 0.00459659 -0.021164 0.00907937 0.012582 0.00335876 0.00670578
internal_weight=798 669 129 476 70 193 169 57 112 31 45 406 81 65 41 216 191 46 190 114 171 76 30 113 84 52 30 141
internal_count=798 669 129 476 70 193 169 57 112 31 45 406 81 65 41 216 191 46 190 114 171 76 30 113 84 52 30 141
is_linear=0
shrinkage=0.03


Tree=39
num_leaves=26
num_cat=0
split_feature=10 8 12 4 5 12 4 1 15 17 18 21 17 15 2 14 10 3 6 6 5 10 12 6 10
split_gain=105.143 4.86166 1.90329 3.17825 3.00718 2.005 1.28216 2.07994 1.15369 0.825654 0.796411 0.743716 0.558708 0.545792 0.839013 0.651118 0.46255 0.444693 0.422975 0.393143 0.313679 0.363499 0.698614 0.0919331 0.0197115
threshold=1599.6342105263161 19691.500000000004 0.96874046526814117 -0.72101013194340913 0.18281312110578132 0.83319411391948661 -0.69057362043749781 21731.703826557143 31.450000000000003 1.0317367879602826 14.15 10.750000000000002 1.0307991307548534 32.45000000000001 3.5000000000000004 26.250000000000004 37203.128824476655 3.5000000000000004 19375.500000000004 33896.860000000008 0.25829915227078726 25727.262500000004 1.0725790960767356 38054.960000000006 33503.861785714289
decision_type=2 2 2 2 2 2 2 2 2 2 2 2 2 2 2 2 2 2 2 2 2 2 2 2 2
left_child=9 2 5 4 -4 8 7 -3 -2 -1 -5 -9 16 14 15 -13 20 -12 -14 -20 -8 -22 24 -18 -23
right_child=1 6 3 10 -6 -7 12 11 -10 -11 17 13 18 -15 -16 -17 23 -19 19 -21 21 22 -24 -25 -26
leaf_value=-0.027884999162703754 -0.0044003379488220581 -0.0046137508227611359 -0.0009888465406838803 0.006510486544242927 -0.018700180334203381 0.01008800301532229 0.0010713968128787683 0.010583842077425546 0.0042341146022081373 -0.019964776105350919 0.0027393107923368611 0.0077440024708429799 0.014324861260897971 0.0082189955291422923 -0.0017911749472841619 0.00031152388889734681 0.0048780369232682618 -0.0036286130801520562 0.0037345642456784842 0.0091935350452090649 0.0097326306320194688 0.0038045113424167911 0.00017262702807784079 0.0088351104825735091 0.0062803853854537005
leaf_weight=73 24 21 18 19 14.999999999999998 27 14.999999999999998 19 28 52 15.999999999999998 27 14.999999999999998 20 24 17 14.999999999999998 20 19 69 19 14.999999999999998 22 73 98
leaf_count=73 24 21 18 19 15 27 15 19 28 52 16 27 15 20 24 17 15 20 19 69 19 15 22 73 98
internal_value=3.17208e-05 0.00486192 0.000436006 -0.00257202 -0.009648 0.00376749 0.00636856 0.00369913 0.000233605 -0.0249565 0.00186313 0.00538535 0.00729201 0.00405269 0.00262749 0.00501076 0.00642864 -0.000803208 0.00928276 0.00812408 0.00537694 0.0057772 0.00508656 0.008284 0.00602361
internal_weight=780 655 167 88 33 79 488 128 52 125 55 107 360 88 68 44 257 36 103 88 169 154 135 88 113
internal_count=780 655 167 88 33 79 488 128 52 125 55 107 360 88 68 44 257 36 103 88 169 154 135 88 113
is_linear=0
shrinkage=0.03


Tree=40
num_leaves=28
num_cat=0
split_feature=9 8 18 4 7 13 1 9 8 13 9 5 15 14 12 1 13 1 1 12 4 1 13 7 13 13 10
split_gain=106.891 5.99503 1.69993 3.01528 1.49835 1.58997 1.22486 1.54726 1.29933 1.12139 0.856106 0.766409 0.742102 0.952009 0.603364 0.557481 0.468504 0.444669 0.725514 0.73627 0.416175 0.378138 0.137926 0.0896638 0.0885435 0.0325337 0.00699648
threshold=1710.7833333333335 19691.500000000004 11.250000000000002 -0.86546281643016554 976.00000000000011 21.545000000000005 35435.404625323004 47662.329047619052 54627.000000000007 14.955000000000002 1515.5595238095241 0.48877522411129348 28.950000000000003 28.550000000000004 0.84034413922697571 23609.693823076926 22.355000000000004 20673.011926923955 22109.324389528516 1.0666089358558819 -0.61913973745509387 17732.53791375292 20.395000000000003 28274.465000000004 15.245000000000003 12.120000000000003 34510.630243506501
decision_type=2 2 2 2 2 2 2 2 2 2 2 2 2 2 2 2 2 2 2 2 2 2 2 2 2 2 2
left_child=4 2 11 -4 -1 10 7 8 9 15 -6 -2 -5 20 -11 -3 -15 21 19 -19 -14 -16 23 -20 -8 -17 -25
right_child=1 6 3 12 5 -7 24 -9 -10 14 -12 -13 13 16 17 25 -18 18 22 -21 -22 -23 -24 26 -26 -27 -28
leaf_value=-0.034662448934146335 0.0097982995615651207 -0.0033695688471198082 -0.010510580048992715 0.0056541984085924923 -0.022025265679112636 -0.015268030707325252 0.0070591493099927899 -0.0034368616800444819 0.013171901468719754 0.00093564096190359275 -0.034006355851888652 0.00068226078369965158 -0.0073255767300724984 0.0063597940522081712 0.0049283247503141558 0.0018082583975046868 -0.00013837892526330855 0.0052443519094958896 0.00281811588909477 -0.0031830875597455921 -0.0013104945022998184 0.011907126622460781 0.0074648672989109056 0.0060764401785664904 0.0098445051811732256 0.0041670374448100726 0.0038199156961020294
leaf_weight=19 15.999999999999998 15.999999999999998 27 18 62 33 48 15.999999999999998 19 21 15.999999999999998 15.999999999999998 15.999999999999998 14.999999999999998 15.999999999999998 15.000000000000002 24 19 15.999999999999998 14.999999999999998 27 23 89 90 75 15.999999999999998 14.999999999999998
leaf_count=19 16 16 27 18 62 33 48 16 19 21 16 16 16 15 16 15 24 19 16 15 27 23 89 90 75 16 15
internal_value=-0.000204613 0.00465721 -0.000424962 -0.00199278 -0.024879 -0.0226205 0.00624022 0.00535507 0.0057517 0.00527768 -0.0252716 0.00554853 0.000468019 -0.000777929 0.00594094 0.000920303 0.00254924 0.00630318 0.00573178 0.00155608 -0.00377477 0.0094241 0.00638679 0.00548534 0.00888787 0.00320446 0.00583151
internal_weight=798 668 159 127 130 111 509 386 370 351 78 32 100 82 304 47 39 283 244 34 43 39 210 121 123 31 105
internal_count=798 668 159 127 130 111 509 386 370 351 78 32 100 82 304 47 39 283 244 34 43 39 210 121 123 31 105
is_linear=0
shrinkage=0.03


Tree=41
num_leaves=23
num_cat=0
split_feature=9 7 17 7 18 5 12 11 17 9 0 7 12 12 12 7 5 1 18 11 13 12
split_gain=87.8197 5.61054 2.51361 2.42427 2.17567 2.16165 1.58108 1.50491 1.34029 1.28769 0.874994 0.810404 0.712288 0.600273 0.409459 0.306238 0.197448 0.130755 0.128964 0.091709 0.0161067 0.000850463
threshold=3647.9285714285716 22843.500000000004 1.1515640663696891 16189.500000000002 17.850000000000005 0.96407344085605606 1.0768962704526057 0.55461158893461004 0.96110395571601426 1546.2857142857144 3.5000000000000004 41701.000000000007 0.86915504465704096 1.1777105231935463 0.99225267236375803 40871.980000000003 0.27487873330147788 30225.323333769255 18.250000000000004 1.2165248089766951 15.635000000000002 1.0170477796100885
decision_type=2 2 2 2 2 2 2 2 2 2 2 2 2 2 2 2 2 2 2 2 2 2
left_child=9 2 4 -4 5 7 12 -2 -9 -1 13 15 -6 -3 -10 17 -16 18 19 20 -12 -13
right_child=1 10 3 -5 6 -7 -8 8 14 -11 11 21 -14 -15 16 -17 -18 -19 -20 -21 -22 -23
leaf_value=-0.020068857939271576 0.012155895910358854 0.0053140795808285469 8.8689890529575026e-05 -0.013892041699666726 -0.0026606169948354364 -0.0049656913105986617 -0.0083164172435179345 0.011237081574166523 0.0041041876324452459 -0.031204465102404357 0.0031314712642308545 0.0064837977538506186 0.005813675985361139 -0.0011245041200891137 0.0014697963620225586 0.0017814535399278003 -0.0030527833936845558 0.0071167950691935948 0.0028138378054030576 0.0070894979354408048 0.0052649488151576872 0.009983334866911173
leaf_weight=114 26 28 27 17 15.999999999999998 17 23 14.999999999999998 28 18 14.999999999999998 15.999999999999998 15.999999999999998 22 16.000000000000004 15.999999999999998 14.999999999999998 144 20 52 72 73
leaf_count=114 26 28 27 17 16 17 23 15 28 18 15 16 16 22 16 16 15 144 20 52 72 73
internal_value=0.000156822 0.00455442 0.00056055 -0.0056821 0.00220446 0.00449355 -0.00265185 0.00616745 0.00379888 -0.0220304 0.00642737 0.00688818 0.00166927 0.00254681 0.00160139 0.00610186 -0.000770939 0.00631682 0.00551291 0.00585584 0.00497574 0.00951053
internal_weight=806 674 216 44 172 117 55 100 74 132 458 408 32 50 59 319 31 303 159 139 87 89
internal_count=806 674 216 44 172 117 55 100 74 132 458 408 32 50 59 319 31 303 159 139 87 89
is_linear=0
shrinkage=0.03


Tree=42
num_leaves=27
num_cat=0
split_feature=9 8 9 10 9 21 16 8 17 8 13 11 5 9 18 9 2 11 10 7 14 13 1 1 10 8
split_gain=99.6879 6.20367 4.78331 2.43806 1.94671 1.8035 1.46571 1.13984 1.21978 1.68097 1.08888 2.697 1.50987 1.00899 0.974604 0.76735 0.685373 0.616863 0.37707 0.823128 0.219574 0.17424 0.164817 0.0612532 0.025507 0.00495436
threshold=1656.8214285714287 21198.500000000004 1528.3571428571431 18124.490259740265 17490.107142857149 20.450000000000003 0.45000000000000007 10869.500000000002 1.1156061753507667 15505.500000000002 18.575000000000003 0.56687922534319801 -0.57252730874975932 1046.011904761905 12.550000000000002 26894.342857142859 5.5000000000000009 0.8393892264697107 40927.518717532475 19763.565000000006 26.050000000000004 19.095000000000002 37791.131925094604 20673.011926923955 34947.583003952583 33623.360000000008
decision_type=2 2 2 2 2 2 2 2 2 2 2 2 2 2 2 2 2 2 2 2 2 2 2 2 2 2
left_child=2 3 13 4 6 7 -2 -5 9 -9 12 -12 -3 -1 -11 -13 18 -16 19 -14 24 -19 23 -17 -21 -22
right_child=1 10 -4 5 -6 -7 -8 8 -10 14 11 15 16 -15 17 22 -18 21 -20 20 25 -23 -24 -25 -26 -27
leaf_value=-0.029932018046577771 0.0049169667178521987 -0.0018201622786000371 -0.039126896157860754 0.010855855604304987 -0.010790960941877628 -0.0068563520530348313 -0.0059154425093120976 -0.0068028810163959855 0.0093376503218161443 0.009316094045472496 0.019248750681678452 0.0012759929555265798 0.013354500650483018 -0.019061084159110724 -0.0019440354958492061 0.0094610022594604423 0.0010539067376937185 0.0014255516206407369 0.0020575309438364848 0.0054867887376981268 0.0023455792274520108 0.0061164001046734697 0.0095724550448358058 0.0063599985662570338 0.0073376841359491015 0.0040680514407508512
leaf_weight=15.999999999999998 21 26 18 14.999999999999998 25 14.999999999999998 20 18 17 14.999999999999998 15.999999999999998 21 14.999999999999998 93 29 14.999999999999998 26 15.000000000000002 19 57 16.000000000000004 14.999999999999998 40 139 66 14.999999999999998
leaf_count=16 21 26 18 15 25 15 20 18 17 15 16 21 15 93 29 15 26 15 19 57 16 15 40 139 66 15
internal_value=-0.000107511 0.00449199 -0.02428 0.000131718 -0.00453537 0.00238065 -0.0003965 0.00358912 0.00241153 0.000960256 0.00638119 0.00787753 0.00488777 -0.0211674 0.00297792 0.00686169 0.00571206 0.0011139 0.00633839 0.00678998 0.00598757 0.00400666 0.00744714 0.00677947 0.00658146 0.00337507
internal_weight=803 676 127 205 66 139 41 124 109 92 471 231 240 109 74 215 214 59 188 169 154 30 194 154 123 31
internal_count=803 676 127 205 66 139 41 124 109 92 471 231 240 109 74 215 214 59 188 169 154 30 194 154 123 31
is_linear=0
shrinkage=0.03


Tree=43
num_leaves=31
num_cat=0
split_feature=9 8 9 4 5 12 12 21 8 4 6 5 5 11 21 16 8 1 1 1 1 5 12 7 13 7 13 6 13 13
split_gain=84.8998 4.86747 2.53425 2.12421 5.8387 1.88734 1.82368 1.2638 1.08055 1.37209 1.83351 0.991259 0.788562 1.11363 0.646959 0.538872 0.532721 0.542518 0.405095 0.563511 0.780701 0.587194 0.239428 0.281372 0.16722 0.0750798 0.0649153 0.0486474 0.0229603 0.00485839
threshold=1656.8214285714287 21198.500000000004 1528.3571428571431 -0.86546281643016554 0.2332836900311728 1.0471887504528152 0.82490710651021326 13.750000000000002 102647.26000000001 -0.69674959280705229 22923.500000000004 -0.51480397887112972 0.97832380634958016 0.63060662489200092 17.850000000000005 8.0500000000000025 13710.000000000002 18289.21923438364 36827.675494893956 20673.011926923955 21915.162334345583 0.88917497572200743 0.92849721642010008 30709.815000000006 22.325000000000003 30709.815000000006 23.225000000000005 19080.000000000004 13.835000000000003 15.300000000000002
decision_type=2 2 2 2 2 2 2 2 2 2 2 2 2 2 2 2 2 2 2 2 2 2 2 2 2 2 2 2 2 2
left_child=2 3 6 4 5 -2 -1 12 9 10 15 -9 13 -5 27 -3 -15 -18 19 21 -21 -11 -12 -24 25 -22 -26 -13 -27 -30
right_child=1 8 -4 7 -6 -7 -8 11 -10 18 22 14 -14 16 -16 -17 17 -19 -20 20 24 -23 23 -25 26 28 -28 -29 29 -31
leaf_value=-0.031180150508880615 0.0092573989038110555 0.00056133870473679365 -0.035022363830602872 0.012439680110761209 -0.017613377608358859 -0.0041679360737141803 -0.017986992248604724 -0.006582363934109086 0.012928501680493355 0.013952907158390563 0.0011703395865419331 -0.0024680064835119991 -0.00090908644230742206 -0.0010227140630869305 0.0046358725332954365 -0.0071708928536185447 0.0092009244548777718 0.0012764758216764996 0.0089039003192668865 0.00051448907927963237 0.0031607226893538608 0.0054782163448955697 0.0026437788445036856 0.0067570249899290506 0.0097100817784667014 0.0034528533980140788 0.006143050022714305 -0.00018175646676408017 0.0069111432569722332 0.0052834675395313424
leaf_weight=14.999999999999998 17 15.000000000000002 17 17 18 17 84 17 18 14.999999999999998 14.999999999999998 18 17 14.999999999999998 26 14.999999999999998 16.000000000000004 14.999999999999998 61 27 22 21 26 52 18 14.999999999999998 38 14.999999999999998 34 100
leaf_count=15 17 15 17 17 18 17 84 17 18 15 15 18 17 15 26 15 16 15 61 27 22 21 26 52 18 15 38 15 34 100
internal_value=0.000305174 0.00426211 -0.0232404 0.000408255 -0.00473274 0.00268611 -0.0205638 0.00216014 0.00588313 0.00556239 0.00277151 -0.000611673 0.00474405 0.00625053 0.00126811 -0.00351133 0.00354022 0.00567626 0.00651915 0.00595998 0.00537935 0.00955785 0.00482948 0.00548631 0.00594845 0.00533104 0.00758489 -0.00149857 0.00560539 0.00579202
internal_weight=816 700 116 208 52 34 99 156 492 474 123 76 80 63 59 30 46 31 351 290 254 36 93 78 227 171 56 33 149 134
internal_count=816 700 116 208 52 34 99 156 492 474 123 76 80 63 59 30 46 31 351 290 254 36 93 78 227 171 56 33 149 134
is_linear=0
shrinkage=0.03


Tree=44
num_leaves=28
num_cat=0
split_feature=9 9 9 15 18 18 8 18 21 12 8 9 9 1 17 15 8 16 12 17 1 1 17 12 1 21 1
split_gain=89.6529 5.38005 4.97329 2.34794 2.03205 1.98767 1.84 1.67111 1.28136 1.14313 2.39763 2.24587 0.927012 0.661439 0.545114 0.698605 0.413773 0.207632 0.232074 0.676553 0.366128 0.637645 0.0926501 0.0644031 0.0522866 0.0155518 0.0310634
threshold=1656.8214285714287 1539.3571428571431 22235.553571428576 34.95000000000001 11.450000000000001 25.950000000000006 102647.26000000001 17.450000000000003 17.750000000000004 1.3432800675016263 14079.000000000002 31909.623571428576 1046.011904761905 36827.675494893956 1.0146096390090795 32.550000000000004 18976.500000000004 5.0500000000000007 0.93151330071712801 0.99921314875685852 20673.011926923955 21915.162334345583 0.98471079034259501 1.0186785369246831 30829.599852476294 13.450000000000001 32945.412970401696
decision_type=2 2 2 2 2 2 2 2 2 2 2 2 2 2 2 2 2 2 2 2 2 2 2 2 2 2 2
left_child=1 12 3 4 -2 6 9 14 -9 10 -4 -11 -1 16 -6 -16 -12 18 19 -18 -20 -22 25 -19 -24 26 -23
right_child=2 -3 5 -5 7 -7 -8 8 -10 11 13 -13 -14 -15 15 -17 17 23 20 -21 21 22 24 -25 -26 -27 -28
leaf_value=-0.028234753381264837 -0.011085106599144638 -0.039834973324711122 0.017059831023216246 0.0081093818969700648 0.0069462273975736209 -0.0045019105213749055 0.015728272472818692 -0.011146040052796404 -0.00042085381820797918 0.0080911918273195611 0.0010975606802094261 -0.005658427389419597 -0.018005474301859396 0.0086686091677984217 -0.003223524987697601 0.0045201494491526059 0.0069656358969708287 0.0043318082783371211 0.010235392915681586 -0.0013708258253366996 0.00074872283823788162 0.0044920282225523675 0.0055593239742382948 0.0016402899067510257 0.0071051049970072807 0.0057649299076625278 0.0022016803766874704
leaf_weight=17 18 15.999999999999998 15.999999999999998 21 17 14.999999999999998 15.999999999999998 15.999999999999998 23 18 22 21 86 62 19 19 15.999999999999998 18 18 15.999999999999998 23 26 106 20 104 19 14.999999999999998
leaf_count=17 18 16 16 21 17 15 16 16 23 18 22 21 86 62 19 19 16 18 18 16 23 26 106 20 104 19 15
internal_value=0.000355326 -0.0234543 0.00455395 -0.0006454 -0.00240039 0.00580676 0.00611091 -0.000541069 -0.00515 0.00575586 0.00615503 0.000772683 -0.0201994 0.00570836 0.00279311 0.000680728 0.00521238 0.00544301 0.00568681 0.00296196 0.00594646 0.00561537 0.00602139 0.00306806 0.00638466 0.00458498 0.00379547
internal_weight=803 119 684 133 112 551 536 94 39 520 481 39 103 465 55 38 403 381 343 32 311 293 270 38 210 60 41
internal_count=803 119 684 133 112 551 536 94 39 520 481 39 103 465 55 38 403 381 343 32 311 293 270 38 210 60 41
is_linear=0
shrinkage=0.03


Tree=45
num_leaves=30
num_cat=0
split_feature=10 7 18 14 7 14 5 12 17 3 21 21 0 8 15 9 3 3 18 18 5 1 13 7 9 9 9 13 12
split_gain=69.0025 4.47545 2.69886 2.69143 2.34782 1.84609 1.79664 1.26606 1.17908 1.41422 1.89992 1.41924 1.0328 0.986127 0.987502 0.831516 0.709014 0.666359 0.638176 0.495942 0.321531 0.338697 0.498985 0.189573 0.10659 0.14902 0.1034 0.0369084 0.000234486
threshold=1599.6342105263161 22843.500000000004 17.850000000000005 27.050000000000004 20857.500000000004 25.650000000000002 0.97062204580664158 1.1777105231935463 1.2153820596915204 3.5000000000000004 11.15 13.550000000000002 3.5000000000000004 15090.000000000002 29.050000000000004 38671.714285714297 3.5000000000000004 6.0000000000000009 10.750000000000002 11.950000000000001 0.41985448298472511 24060.512648026317 17.465000000000003 18316.000000000004 42883.470000000008 41433.590952380961 27672.92928571429 20.530000000000005 1.0517935331137889
decision_type=2 2 2 2 2 2 2 2 2 2 2 2 2 2 2 2 2 2 2 2 2 2 2 2 2 2 2 2 2
left_child=3 2 4 5 6 16 8 15 9 23 18 -12 -9 -4 -15 20 -1 -16 -11 -7 21 -3 -23 -2 25 -17 -22 -28 -24
right_child=1 7 13 -5 -6 19 -8 12 -10 10 11 -13 -14 14 17 24 -18 -19 -20 -21 26 22 28 -25 -26 -27 27 -29 -30
leaf_value=-0.015321451315754339 0.0025156963353647897 -0.00035696530841629613 -0.011261470193664231 -0.031276890480000034 -0.0084862670801607327 -0.015715188635440424 -0.0050939767900854346 -0.0037490468110889198 -0.0026440703325594467 -0.0016286719103535527 0.017834386175329033 0.0051717290437469877 0.004452133052231323 0.0032467086733702351 -0.001019863865632728 0.0073004669707555031 -0.02784386356472969 -0.0098480956256389619 0.0060222205102443693 -0.0077764641307294371 0.0026400452650462585 0.0005812848967616446 0.0074763084021642022 -0.0019666314420892909 0.0091709576949085062 0.0032622054745169247 0.0053042522030684377 0.0074109903952250108 0.0045186995703946145
leaf_weight=17 15.000000000000002 20 15.999999999999998 21 14.999999999999998 46 18 23 15.999999999999998 14.999999999999998 20 15.999999999999998 29 14.999999999999998 15.000000000000002 63 23 14.999999999999998 23 15.999999999999998 15.999999999999998 22 17 14.999999999999998 55 14.999999999999998 139 24 14.999999999999998
leaf_count=17 15 20 16 21 15 46 18 23 16 15 20 16 29 15 15 63 23 15 23 16 16 22 17 15 55 15 139 24 15
internal_value=-0.000384995 0.00351947 -3.8691e-05 -0.020807 0.00208974 -0.0180914 0.00334412 0.00525021 0.00467259 0.00582689 0.00800415 0.0127749 0.000820184 -0.00527409 -0.00275662 0.0058397 -0.0235049 -0.0057736 0.0030717 -0.0139735 0.00475714 0.00296007 0.00415747 0.000291691 0.00779802 0.00662485 0.00545915 0.00570052 0.00643729
internal_weight=775 652 214 123 153 102 138 438 120 104 74 36 52 61 45 386 40 30 38 62 253 74 54 30 133 78 179 163 32
internal_count=775 652 214 123 153 102 138 438 120 104 74 36 52 61 45 386 40 30 38 62 253 74 54 30 133 78 179 163 32
is_linear=0
shrinkage=0.03


Tree=46
num_leaves=27
num_cat=0
split_feature=10 7 17 2 7 4 8 1 21 1 16 0 12 21 21 2 17 4 14 1 1 7 16 11 1 10
split_gain=70.0593 3.46744 3.6046 2.46918 2.36607 1.92005 2.86486 2.05666 1.52046 1.51182 1.13977 1.08715 1.18564 0.997624 0.941745 1.21346 0.661718 0.653837 0.513302 0.466265 0.188621 0.474662 0.184977 0.12575 0.116988 0.0257864
threshold=1599.6342105263161 22843.500000000004 1.1515640663696891 2.5000000000000004 976.00000000000011 -0.9259986516102553 15616.500000000002 23609.693823076926 13.050000000000002 1353.4991730302286 1.1500000000000001 3.5000000000000004 1.1777105231935463 11.250000000000002 19.550000000000004 3.5000000000000004 1.2333608842849029 -0.2343252264153072 25.650000000000002 36827.675494893956 20673.011926923955 41417.360000000008 10.550000000000002 1.0293236190566923 30829.599852476294 34702.104464285723
decision_type=2 2 2 2 2 2 2 2 2 2 2 2 2 2 2 2 2 2 2 2 2 2 2 2 2 2
left_child=4 2 5 -4 -1 7 10 -2 13 18 -7 12 23 17 15 -10 -5 -8 -6 20 -13 22 24 -3 25 -22
right_child=1 11 3 16 9 6 8 -9 14 -11 -12 19 -14 -15 -16 -17 -18 -19 -20 -21 21 -23 -24 -25 -26 -27
leaf_value=-0.030780725598335262 0.0013833676321519301 0.007004868232590309 -0.01571009389590472 0.0027187593545143795 -0.01887859672307968 -0.00081002161438976017 0.0081128964354010187 0.016559327974477234 0.0017653861366993477 -0.02594451695680618 -0.011437341881295044 0.0080011652708053584 -0.003497793164032583 0.012653935359790921 0.006148556959815323 -0.0080593172008714947 -0.0055594856642624908 1.300035643258265e-05 -0.012570279116967115 0.0084317713559028656 0.0050483600952519244 0.00046924313796418055 0.0024434572042082436 0.0027018468578656513 0.0064262639982409255 0.0029475413387020427
leaf_weight=18 16.000000000000004 15.000000000000002 14.999999999999998 16.000000000000004 37 19 14.999999999999998 14.999999999999998 29 20 15.999999999999998 28 24 18 15.999999999999998 15.999999999999998 14.999999999999998 19 56 61 128 19 22 15.999999999999998 127 15.999999999999998
leaf_count=18 16 15 15 16 37 19 15 15 29 20 16 28 24 18 16 16 15 19 56 61 128 19 22 16 127 16
internal_value=-1.77053e-05 0.00386138 0.000803902 -0.00651344 -0.0199379 0.00273553 0.00125814 0.00928513 0.00357917 -0.0177054 -0.00602385 0.00535991 0.0013469 0.00724576 0.000322751 -0.00192214 -0.00138102 0.00383867 -0.0154246 0.0059009 0.00540018 0.00511729 0.00541347 0.0050823 0.00563491 0.00485851
internal_weight=812 681 225 46 131 179 148 31 113 113 35 456 55 52 61 45 31 34 93 401 340 312 293 31 271 144
internal_count=812 681 225 46 131 179 148 31 113 113 35 456 55 52 61 45 31 34 93 401 340 312 293 31 271 144
is_linear=0
shrinkage=0.03


Tree=47
num_leaves=31
num_cat=0
split_feature=9 9 8 8 4 4 9 4 18 7 11 7 10 4 11 10 1 9 11 15 13 8 8 13 7 10 17 8 16 7
split_gain=70.9232 4.92532 4.10595 1.62173 1.62019 2.00291 3.51771 1.94701 1.66728 1.57403 1.83736 1.30873 1.0427 0.653592 0.507505 0.487855 0.359012 0.500222 0.353359 0.264998 0.165588 0.259423 0.12809 0.106578 0.106292 0.0954547 0.0911293 0.0620684 0.030996 0.00334478
threshold=1656.8214285714287 1528.3571428571431 21198.500000000004 1018.5000000000001 -0.72101013194340913 -0.97694226132849327 17490.107142857149 -0.85671820900978868 12.450000000000001 10515.500000000002 0.55461158893461004 8364.0000000000018 30545.740869565216 -0.28415946097701883 0.86870062184965502 28341.565217391308 36827.675494893956 42666.448095238105 1.7914464970402915 28.350000000000005 14.955000000000002 25676.115000000002 38750.610000000008 23.225000000000005 17254.500000000004 25985.620192307695 0.98628952684430915 35362.710000000006 1.0000000180025095e-35 40443.000000000007
decision_type=2 2 2 2 2 2 2 2 2 2 2 2 2 2 2 2 2 2 2 2 2 2 2 2 2 2 2 2 2 2
left_child=1 3 4 -1 5 -2 11 -8 -6 -4 -11 -7 14 -10 -12 19 17 22 20 -15 -16 -22 26 -24 -21 -23 27 -14 -28 -25
right_child=2 -3 9 -5 8 6 7 -9 13 10 12 -13 16 15 18 -17 -18 -19 -20 24 21 25 23 29 -26 -27 28 -29 -30 -31
leaf_value=-0.025904688611626623 0.0042574202114716167 -0.035865955894812944 -0.0028776230646128001 -0.015260077674907667 0.0090408217047269531 -0.0043229667489465906 -0.019876556685742206 -0.004298335039878593 0.004643074631189497 0.013691028449684381 -0.0025881444114972561 0.0071470013085533583 0.0043902959587962132 0.0037983534252271057 0.0011717279444565065 -0.0045260480040198439 0.0079963819740805769 0.00024356118869036435 -0.00092744417159872897 0.00098739124169307095 0.0015271970739980276 0.0081103655199209843 0.0080158607001331716 0.0033986829221248627 -0.0019188230194151399 0.0040990615280514413 0.0057879403645270744 0.0018811237684598094 0.0035116658100450876 0.0057180223496336681
leaf_weight=22 23 18 20 79 24 17 15.000000000000002 14.999999999999998 24 22 14.999999999999998 14.999999999999998 41 14.999999999999998 15.999999999999998 21 62 17 14.999999999999998 19 17 15.999999999999998 42 14.999999999999998 23 20 112 17 18 17
leaf_count=22 23 18 20 79 24 17 15 15 24 22 15 15 41 15 16 21 62 17 15 19 17 16 42 15 23 20 112 17 18 17
internal_value=-8.52233e-05 -0.0212818 0.00360536 -0.0180367 0.000111943 -0.00304799 -0.00580641 -0.0128429 0.00225796 0.00512786 0.00548532 0.00115773 0.00501494 0.000518822 0.00224266 -0.000834531 0.00580203 0.00526095 0.00314543 0.000632825 0.00403203 0.0048215 0.0055822 0.0068305 -0.000618985 0.00621489 0.00502412 0.00374207 0.00553075 0.00489471
internal_weight=812 119 693 101 211 85 62 30 126 482 462 32 440 102 99 78 341 279 84 57 69 53 262 74 42 36 188 58 130 32
internal_count=812 119 693 101 211 85 62 30 126 482 462 32 440 102 99 78 341 279 84 57 69 53 262 74 42 36 188 58 130 32
is_linear=0
shrinkage=0.03


Tree=48
num_leaves=29
num_cat=0
split_feature=9 8 9 4 12 4 15 9 18 16 12 11 18 5 4 4 6 7 15 21 8 8 18 6 6 4 9 6
split_gain=69.0667 4.51421 4.17775 2.37793 3.87444 2.29691 1.12739 1.08637 0.950852 0.945141 0.637055 0.559853 0.953128 0.557543 0.554704 0.500507 0.88738 0.587048 0.484954 0.288857 0.284749 0.250455 0.226762 0.198352 0.159038 0.0708575 0.0338293 0.0510751
threshold=1710.7833333333335 21198.500000000004 1539.3571428571431 -0.70898476237405783 0.97588363033589454 -0.90483020021433236 30.550000000000004 1046.011904761905 11.550000000000002 16.750000000000004 0.83319411391948661 1.1772567991616867 17.250000000000004 0.95936279103287792 0.88768027107944258 -0.95754239937548935 22923.500000000004 17219.000000000004 30.350000000000005 15.750000000000002 39831.900000000009 38631.000000000007 12.250000000000002 40058.470000000008 26102.285000000003 0.93845596220871974 37213.42857142858 35657.950000000004
decision_type=2 2 2 2 2 2 2 2 2 2 2 2 2 2 2 2 2 2 2 2 2 2 2 2 2 2 2 2
left_child=2 3 7 4 5 -2 13 -1 -6 14 -8 12 -12 -5 15 -3 17 -17 -19 25 21 24 -22 -21 -18 -16 27 -26
right_child=1 9 -4 6 8 -7 10 -9 -10 -11 11 -13 -14 -15 19 16 20 18 -20 23 22 -23 -24 -25 26 -27 -28 -29
leaf_value=-0.026129808103044827 0.010508959976335365 0.0087227229454687662 -0.034374882327625526 0.0099738798150792712 -0.016359381112543977 -0.0039885120635682891 -0.0033877116554127686 -0.015803812924097035 -0.0062257807432777347 -0.0010751244034516909 0.0089956078198003137 -0.0015879419771954416 -0.00070564600442977316 0.0026211916559259404 0.011263576942054848 -0.0041125073590699366 0.0014415892156060127 0.0062665699400445982 -0.0010183140477302538 0.0020073616132140161 0.0042680200561881062 0.00056580372812116842 0.0086349528362708421 0.0064981821179389953 0.0045395671860634819 0.0073139018873050014 0.0029176491753835423 0.0061711107691749924
leaf_weight=15.999999999999998 15.999999999999998 26 18 18 14.999999999999998 20 27 89 25 21 17 22 17 21 17 14.999999999999998 14.999999999999998 15.000000000000002 14.999999999999998 15.999999999999998 26 14.999999999999998 33 28 129 45 17 48
leaf_count=16 16 26 18 18 15 20 27 89 25 21 17 22 17 21 17 15 15 15 15 16 26 15 33 28 129 45 17 48
internal_value=-0.000270733 0.00349238 -0.0207678 -0.000319358 -0.0044204 0.00266879 0.00226548 -0.0178363 -0.0106239 0.00505628 0.000248883 0.0020586 0.00437526 0.00633573 0.00533963 0.00471368 0.00434496 0.000410803 0.00278814 0.00730407 0.00496326 0.00439292 0.00691357 0.00502343 0.00465963 0.00871502 0.00489119 0.00504603
internal_weight=802 679 123 198 76 36 122 105 40 481 83 56 34 39 460 354 328 45 30 106 283 224 59 44 209 62 194 177
internal_count=802 679 123 198 76 36 122 105 40 481 83 56 34 39 460 354 328 45 30 106 283 224 59 44 209 62 194 177
is_linear=0
shrinkage=0.03


Tree=49
num_leaves=24
num_cat=0
split_feature=9 6 10 11 21 15 0 4 8 9 12 11 6 5 5 21 8 18 7 7 17 7 13
split_gain=57.5203 4.4035 2.71577 2.59643 2.38702 2.05252 2.84545 1.76253 1.25199 1.14772 0.816407 0.773154 0.65864 0.648729 1.0336 0.644517 0.565569 0.508901 0.13505 0.133248 0.104939 0.0897244 0.00158846
threshold=1656.8214285714287 21658.000000000004 1455.8101851851854 1.1898389668077838 13.15 31.350000000000005 2.5000000000000004 -0.77786766366919291 18253.500000000004 1103.6428571428573 0.99346610427342885 1.7914464970402915 16749.500000000004 0.67644692717078936 0.90438663683299525 11.15 40024.335000000006 13.550000000000002 23576.605000000003 40238.000000000007 1.0257950442957655 29654.850000000002 15.995000000000003
decision_type=2 2 2 2 2 2 2 2 2 2 2 2 2 2 2 2 2 2 2 2 2 2 2
left_child=2 3 9 4 8 6 -6 -7 10 -1 -2 16 -9 -13 -15 17 18 -10 -3 20 21 -20 -18
right_child=1 11 -4 -5 5 7 -8 12 15 -11 -12 13 -14 14 -16 -17 22 -19 19 -21 -22 -23 -24
leaf_value=-0.025142127800928917 0.0032521697156131265 0.0016692343975106875 -0.031941096368519696 -0.010570179325528443 -0.014286707788705826 0.0094949740259086379 0.0004424851812422275 -0.0051676189631223671 0.0065929872887209055 -0.014972955905236736 -0.0052695833628668498 -0.0014871484526403009 0.0014534673420712352 0.0091212722780182956 -0.00059152324284826 0.011274941984564064 0.0048961171814624 -0.00015446966459207673 0.0022720620636362582 0.0018291755393147467 0.0058741807767679699 0.0046483114134611148 0.0076283294181136978
leaf_weight=17 23 15.999999999999998 14.999999999999998 18 22 14.999999999999998 23 23 28 84 14.999999999999998 29 28 18 19 18 14.999999999999998 14.999999999999998 23 15.999999999999998 95 121 90
leaf_count=17 23 16 15 18 22 15 23 23 28 84 15 29 28 18 19 18 15 15 23 16 95 121 90
internal_value=-0.00024509 0.00314768 -0.0195625 -0.000239176 0.000737703 -0.0022654 -0.00705998 0.00111512 0.00408301 -0.0171396 -0.000206967 0.00488796 -0.00161484 0.00182209 0.00435906 0.00667718 0.00541363 0.00433697 0.00462019 0.00479091 0.00497236 0.00430509 0.00733683
internal_weight=786 670 116 228 210 111 45 66 99 101 38 442 51 66 37 61 376 43 271 255 239 144 105
internal_count=786 670 116 228 210 111 45 66 99 101 38 442 51 66 37 61 376 43 271 255 239 144 105
is_linear=0
shrinkage=0.03


Tree=50
num_leaves=29
num_cat=0
split_feature=9 9 9 4 5 12 9 5 12 21 7 15 5 9 10 13 21 11 11 21 14 1 10 12 7 8 6 1
split_gain=60.3195 3.94793 3.64253 2.46856 3.28954 1.49752 2.02126 1.49871 2.09315 1.01341 0.887402 0.777573 0.765513 0.74145 0.7743 0.685703 0.550247 0.898287 0.31164 0.305384 0.276039 0.213047 0.554194 0.481771 0.217293 0.0849391 0.0217556 0.0178975
threshold=1656.8214285714287 1528.3571428571431 22235.553571428576 -0.86546281643016554 0.2332836900311728 1.1512178564103615 44092.253333333341 -0.29342786347392819 1.2325655073225121 13.850000000000003 894.50000000000011 32.550000000000004 -0.51480397887112972 36624.714285714297 37203.128824476655 17.000000000000004 10.15 1.0951747360464283 0.81639916673378143 13.65 21.150000000000002 22109.324389528516 26214.095555555559 0.93709622416712157 27581.105000000003 43156.000000000007 38566.000000000007 30225.323333769255
decision_type=2 2 2 2 2 2 2 2 2 2 2 2 2 2 2 2 2 2 2 2 2 2 2 2 2 2 2 2
left_child=1 10 3 4 -2 13 7 -7 19 11 -1 15 -11 14 21 -5 20 -18 -14 -9 26 22 -4 -23 -25 -19 -15 -26
right_child=2 -3 5 9 -6 6 -8 8 -10 12 -12 -13 18 16 -16 -17 17 25 -20 -21 -22 23 -24 24 27 -27 -28 -29
leaf_value=-0.024469070855308982 0.00065551594498434237 -0.032583877391181883 0.0056613249947594551 0.0055535769418758501 -0.017443541349733579 -0.0035486465032127769 -0.0065945344942156224 0.0032208051633400218 0.011518152241177599 -0.0067547617604335145 -0.014802876239156593 0.0086495299487640825 -0.001585324415937066 0.003514214487452256 -0.0023099992659819479 -0.0026588698681443931 0.014290636293590068 0.0055374547870208823 0.0038350400268374117 -0.0022358256897055786 0.00031563223284833571 0.0085732758454978471 -0.00049782444822735021 0.0013625336140394211 0.0041740434619273537 0.0080011412740818091 0.0061687498858996794 0.0055878751325820165
leaf_weight=14.999999999999998 19 18 24 14.999999999999998 14.999999999999998 20 22 15.999999999999998 27 15.999999999999998 90 19 20 17 14.999999999999998 18 15.999999999999998 70 14.999999999999998 17 14.999999999999998 28 26 23 97 40 19 40
leaf_count=15 19 18 24 15 15 20 22 16 27 16 90 19 20 17 15 18 16 70 15 17 15 28 26 23 97 40 19 40
internal_value=-0.000303123 -0.0194361 0.00326205 -0.00108754 -0.00785484 0.00438203 0.00108828 0.00331037 0.00563742 0.00125339 -0.0166153 0.00412729 -0.00172202 0.00515468 0.00405164 0.0011781 0.00666847 0.00774981 0.00081942 0.00044268 0.00380527 0.00446849 0.0025626 0.00494307 0.00420978 0.00656022 0.00516615 0.0046613
internal_weight=792 123 669 137 34 532 102 80 60 103 105 52 51 430 253 33 177 126 35 33 51 238 50 188 160 110 36 137
internal_count=792 123 669 137 34 532 102 80 60 103 105 52 51 430 253 33 177 126 35 33 51 238 50 188 160 110 36 137
is_linear=0
shrinkage=0.03


Tree=51
num_leaves=29
num_cat=0
split_feature=10 10 7 7 7 17 8 12 7 11 12 11 12 17 7 10 10 6 5 1 7 10 5 11 15 5 13 13
split_gain=56.7196 3.42869 2.77962 3.36322 2.94155 3.21186 1.91922 1.7728 1.32467 0.820912 0.775776 0.719277 0.635401 0.915697 0.884878 0.571218 0.505393 0.232374 0.1856 0.179976 0.342742 0.218493 0.12122 0.113227 0.088086 0.086475 0.0512199 0.0251877
threshold=1599.6342105263161 1455.8101851851854 10515.500000000002 12935.000000000002 22843.500000000004 1.1515640663696891 15616.500000000002 0.82490710651021326 2830.0000000000005 0.56687922534319801 1.0788145435822021 0.99720510991190747 1.1796109410501507 1.1600846471565809 57802.000000000007 25838.018250000005 35902.061200000004 18316.000000000004 0.97648852793709995 32529.372091503272 52518.000000000007 38722.430521978029 0.41202506375868281 1.1462184505356385 28.050000000000004 -0.61405602385363023 21.045000000000005 19.655000000000005
decision_type=2 2 2 2 2 2 2 2 2 2 2 2 2 2 2 2 2 2 2 2 2 2 2 2 2 2 2 2
left_child=1 7 8 -4 5 6 -5 -1 -2 -8 -10 17 16 14 -14 -13 22 -11 19 21 -21 -18 23 25 -24 -6 27 -26
right_child=2 -3 3 4 12 -7 9 -9 10 11 -12 15 13 -15 -16 -17 18 -19 -20 20 -22 -23 24 -25 26 -27 -28 -29
leaf_value=-0.025761304699322755 0.0030612506877098766 -0.031642956996665278 0.015142042019288057 -0.0071457410603761665 0.0030690794046968218 -0.0094014467816385949 0.0095487820148906291 -0.013790208357282554 -0.0017208129883204634 -0.0018955833455547692 -0.010901924663533766 0.0075667729537034854 0.0026917078656454878 0.0072490881388320733 -0.006051118121865917 0.00031242765294497499 0.0065214129005159646 0.0019795076233836317 0.0027641394624815267 0.0066225366962124714 0.011968116418403738 0.0021048933335325935 0.0071366847437970777 0.0045797005160288376 0.0040678565397572058 0.00021799829921552113 0.0058155478723347183 0.0022165320200535159
leaf_weight=14.999999999999998 19 14.999999999999998 22 15.999999999999998 18 25 14.999999999999998 99 17 28 15.999999999999998 27 25 17 14.999999999999998 14.999999999999998 26 24 14.999999999999998 104 14.999999999999998 20 14.999999999999998 20 89 19 24 15.999999999999998
leaf_count=15 19 15 22 16 18 25 15 99 17 28 16 27 25 17 15 15 26 24 15 104 15 20 15 20 89 19 24 16
internal_value=-4.09917e-05 -0.0180816 0.00351834 0.00408631 0.00362273 -5.16924e-06 0.00199255 -0.0157824 -0.00304896 0.00343853 -0.00654086 0.00228487 0.00485954 0.00182271 -0.000718878 0.0051079 0.00530198 -0.000100006 0.0064909 0.00679254 0.00748303 0.0047689 0.00418381 0.00282564 0.00467535 0.00169127 0.00428456 0.00383245
internal_weight=791 129 662 610 588 150 125 114 52 109 33 94 438 57 40 42 381 52 180 165 119 46 201 57 144 37 129 105
internal_count=791 129 662 610 588 150 125 114 52 109 33 94 438 57 40 42 381 52 180 165 119 46 201 57 144 37 129 105
is_linear=0
shrinkage=0.03


Tree=52
num_leaves=29
num_cat=0
split_feature=9 8 14 13 12 4 18 18 16 12 9 1 1 7 7 0 15 21 4 9 14 17 15 18 1 1 4 13
split_gain=47.1048 2.95777 1.98414 1.63169 1.23813 2.36742 1.90395 1.36401 1.68594 1.14309 0.915791 0.789957 1.25124 0.719817 0.562148 1.14096 0.441716 0.405111 0.400907 0.251073 0.173755 0.171989 0.138739 0.0917349 0.0919592 0.0935726 0.0382087 0.0187748
threshold=1710.7833333333335 23404.755000000001 27.050000000000004 21.425000000000004 0.97336769428455849 -0.72101013194340913 11.550000000000002 21.350000000000005 1.5500000000000003 0.86915504465704096 27510.54285714286 20932.699683744471 15870.396113764657 18901.000000000004 15220.500000000002 3.5000000000000004 30.550000000000004 11.950000000000001 -0.90483020021433236 42883.470000000008 25.950000000000003 1.0247039588810309 29.450000000000003 20.950000000000003 21668.841528282308 30225.323333769255 0.34537287020513602 20.650000000000002
decision_type=2 2 2 2 2 2 2 2 2 2 2 2 2 2 2 2 2 2 2 2 2 2 2 2 2 2 2 2
left_child=2 4 3 16 7 6 -6 8 9 17 13 12 -7 -3 -12 -16 22 -2 -17 23 -15 -13 -1 24 -20 26 -26 -21
right_child=1 10 -4 -5 5 11 -8 -9 -10 -11 14 21 -14 20 15 18 -18 -19 19 27 -22 -23 -24 -25 25 -27 -28 -29
leaf_value=-0.015838206857442857 0.0022895083520561455 -0.0033678408056173632 -0.02638847210889925 -0.0080824941992759698 -0.014846785746825238 -0.0019507570416899397 -0.0022330178010968428 -0.0052780024290961375 0.011989362477569987 0.0067227211677365825 0.0099986967444419851 -0.004033625593874603 0.0080820318890942461 0.0053824670774568067 -0.0017452488832175731 0.00046277856748355061 -0.012351734638214111 -0.0032764790024094543 0.0075226592443262529 0.0054555318477962694 0.0014115195356619854 7.7445330944928242e-06 -0.024987940560368932 0.0023233447149395943 0.004037083983793854 0.0052158574805390547 0.0019289992508642814 0.0082352854582396409
leaf_weight=27 18 21 21 28 15.999999999999998 18 29 14.999999999999998 17 25 18 15.999999999999998 25 17 23 17 25 27 15.999999999999998 26 25 20 14.999999999999998 18 73 162 14.999999999999998 31
leaf_count=27 18 21 21 28 16 18 29 15 17 25 18 16 25 17 23 17 25 27 16 26 25 20 15 18 73 162 15 31
internal_value=-1.15474e-06 0.00299432 -0.017517 -0.0150523 0.000178319 -0.00182302 -0.00715884 0.00259959 0.00404588 0.0018373 0.00436513 0.00131808 0.00398222 0.000967963 0.00489403 0.00460191 -0.0176464 -0.0010474 0.00501712 0.00524014 0.00319041 -0.00190618 -0.0200932 0.00480017 0.00494919 0.00472609 0.0037286 0.00719524
internal_weight=804 688 116 95 226 124 45 102 87 70 462 79 43 63 399 381 67 45 358 341 42 36 42 284 266 250 88 57
internal_count=804 688 116 95 226 124 45 102 87 70 462 79 43 63 399 381 67 45 358 341 42 36 42 284 266 250 88 57
is_linear=0
shrinkage=0.03


Tree=53
num_leaves=31
num_cat=0
split_feature=10 1 8 8 14 4 7 17 10 12 13 7 7 12 1 4 2 18 2 1 1 12 1 4 0 14 10 4 15 12
split_gain=38.0077 2.95844 2.01198 1.44023 1.83583 0.912493 0.923058 1.19282 1.13615 1.17312 0.818192 0.712716 1.0395 1.22128 0.45739 0.447857 0.403894 0.380534 0.35462 0.353486 0.294581 0.483624 0.156697 0.141303 0.106868 0.112176 0.0503894 0.0482427 0.0356914 0.0135629
threshold=1599.6342105263161 1355.2471233562039 21198.500000000004 19541.500000000004 26.550000000000004 -0.95754239937548935 16189.500000000002 0.93987090041598498 28858.626254545459 0.92849721642010008 21.450000000000006 9319.6000000000022 16189.500000000002 1.3058659585431482 1334.8672535211269 -0.38142733947913604 1.5000000000000002 13.850000000000003 5.5000000000000009 30962.493558273782 20673.011926923955 1.0681105847689303 21612.813557692312 0.042991213741508195 5.5000000000000009 25.250000000000004 36404.693684210535 -0.93235440815991333 30.950000000000003 0.99980265930806278
decision_type=2 2 2 2 2 2 2 2 2 2 2 2 2 2 2 2 2 2 2 2 2 2 2 2 2 2 2 2 2 2
left_child=1 10 3 5 -5 -2 8 -8 9 -7 14 -4 -13 15 -1 18 -9 -18 24 20 -17 28 -19 -21 25 -14 -25 -27 -22 -29
right_child=2 -3 11 4 -6 6 7 16 -10 -11 -12 12 13 -15 -16 19 17 22 -20 23 21 -23 -24 26 -26 27 -28 29 -30 -31
leaf_value=-0.015836108973430046 0.0073337734791288234 -0.027332055840422125 -0.0017653932049870491 0.001774190891730158 -0.011988845640683875 0.0065186036828284461 0.0099414107554099147 -0.0025269187418078738 -0.0083525920286774621 -0.0036182435275986789 -0.0074899629950523376 0.01130285671306774 0.0058271117604547932 -0.0032140358125325292 -0.0081687394157052041 0.0076314769685268402 0.0059302236170818406 0.0024605058188385816 -0.00016824665085340921 0.0032561168130487202 0.005170950164849108 -0.0012600413543221198 -0.0015604376402916385 0.009221422628444784 0.0014595006512744084 0.0020952245024643064 0.0062061783083639027 0.0027870360296219586 0.0034050550034915995 0.0043866829305294567
leaf_weight=60 21 14.999999999999998 15.999999999999998 17 14.999999999999998 15.999999999999998 14.999999999999998 19 15.999999999999998 22 28 18 29 18 15.999999999999998 15.999999999999998 15.999999999999998 15.000000000000002 24 18 31 17 15.999999999999998 14.999999999999998 19 27 109 24 56 42
leaf_count=60 21 15 16 17 15 16 15 19 16 22 28 18 29 18 16 16 16 15 24 18 31 17 16 15 19 27 109 24 56 42
internal_value=0.000447228 -0.0150266 0.0032446 0.000606052 -0.00500296 0.00180538 0.000850904 0.00284848 -0.00214017 0.000762426 -0.0127696 0.00427336 0.00448874 0.00416377 -0.0144728 0.00448831 0.000991463 0.00245887 0.00319254 0.00527399 0.00394722 0.00324711 0.000416385 0.00632481 0.00375894 0.00408773 0.00671151 0.00343409 0.00413634 0.00390407
internal_weight=786 119 667 188 32 156 135 81 54 38 104 479 463 445 76 427 66 47 165 262 120 104 31 142 141 122 124 93 87 66
internal_count=786 119 667 188 32 156 135 81 54 38 104 479 463 445 76 427 66 47 165 262 120 104 31 142 141 122 124 93 87 66
is_linear=0
shrinkage=0.03


Tree=54
num_leaves=30
num_cat=0
split_feature=9 9 7 15 15 7 15 8 4 21 11 10 7 9 15 6 16 4 9 7 6 12 12 11 5 5 21 21 1
split_gain=46.8459 5.0668 3.23118 2.19439 2.13713 1.7003 1.66461 1.40624 1.36703 1.33638 1.20611 0.935503 0.971408 0.786232 0.59865 0.515498 0.515163 0.619908 0.348431 0.325705 0.446306 0.261182 0.259795 0.163851 0.116544 0.110809 0.0433303 0.182187 0.02127
threshold=1656.8214285714287 1528.3571428571431 22843.500000000004 34.95000000000001 34.150000000000013 9775.0000000000018 30.150000000000002 19763.565000000006 -0.16693218438255733 13.65 0.61952557287266763 17374.484123376627 16189.500000000002 1103.6428571428573 27.950000000000003 19258.000000000004 2.7500000000000004 -0.92923668111203805 24407.484047619051 43824.000000000007 43561.000000000007 0.93151330071712801 1.1660172150419044 1.3956531334689664 -0.55834004994684261 0.75438814418115718 11.050000000000002 13.250000000000002 28509.726475253432
decision_type=2 2 2 2 2 2 2 2 2 2 2 2 2 2 2 2 2 2 2 2 2 2 2 2 2 2 2 2 2
left_child=1 13 3 4 5 9 7 -7 11 -2 -5 -8 -13 -1 -9 -10 18 -18 -4 20 21 -20 26 25 -19 -23 -21 -28 -27
right_child=2 -3 16 10 -6 6 8 14 15 -11 -12 12 -14 -15 -16 -17 17 24 19 22 -22 23 -24 -25 -26 28 27 -29 -30
leaf_value=-0.02158093164072317 0.00043317008231367386 -0.032327515618189383 0.0002982458584786703 0.012614504240876101 -0.011497618467820917 -0.0090273063124290519 0.0003237635960035464 0.0045302007670857403 -0.0038189338355831834 -0.010078231586515904 0.00082493239958934914 0.014414701287945111 0.0042917954417593454 -0.012747544802725315 -0.003114410812656085 0.0030351300910115239 -0.0028092037634924053 0.001576678849675733 0.0010329780606552958 0.004977334986130396 -8.8147699300731926e-05 0.0053150425114950467 0.0027334474640734055 0.0081422593795201365 0.0047366115283863294 0.0022721657911805729 0.011390275981496362 0.0060610002279281611 0.0039970494119916109
leaf_weight=14.999999999999998 19 17 15.999999999999998 15.000000000000002 14.999999999999998 19 14.999999999999998 17 20 23 14.999999999999998 15.999999999999998 21 88 15.999999999999998 15.999999999999998 18 21 18 15.999999999999998 19 127 14.999999999999998 14.999999999999998 27 17 14.999999999999998 26 94
leaf_count=15 19 17 16 15 15 19 15 17 20 23 15 16 21 88 16 16 18 21 18 16 19 127 15 15 27 17 15 26 94
internal_value=-0.000342397 -0.0174457 0.00275907 -0.000153326 -0.00132453 -0.000370231 0.00123054 -0.0029548 0.0037144 -0.00551953 0.0071397 0.00673481 0.009184 -0.0144205 0.000857555 -0.000773268 0.00424208 0.00172708 0.00466981 0.00486033 0.00434848 0.0046579 0.00674869 0.00490567 0.00347251 0.00463553 0.00767686 0.00844983 0.00377777
internal_weight=791 120 671 227 197 182 140 52 88 42 30 52 37 103 33 36 444 66 378 362 290 271 72 253 48 238 57 41 111
internal_count=791 120 671 227 197 182 140 52 88 42 30 52 37 103 33 36 444 66 378 362 290 271 72 253 48 238 57 41 111
is_linear=0
shrinkage=0.03


Tree=55
num_leaves=31
num_cat=0
split_feature=9 9 11 5 21 15 11 6 6 6 12 17 11 4 7 6 9 10 7 13 13 6 4 18 15 13 13 5 10 13
split_gain=39.2866 2.64745 2.17928 2.62232 1.51885 1.69014 1.26591 1.29339 1.33771 1.11201 1.0681 0.821154 1.11123 0.610625 0.377559 0.554214 0.394661 0.325391 0.299315 0.229863 0.188031 0.176738 0.28836 0.17238 0.126014 0.113265 0.0785863 0.0503168 0.0139687 0.00856639
threshold=1656.8214285714287 19426.020000000004 0.98132699084803077 -0.10837475778693638 18.150000000000002 30.750000000000004 0.38102428153546386 13700.000000000002 18316.000000000004 57802.000000000007 0.83319411391948661 1.0441879156487508 0.74628707676737294 -0.25101255527900046 19149.500000000004 19764.565000000006 30634.616428571433 1434.1342592592594 41701.000000000007 15.695000000000002 19.330000000000002 40522.710000000006 0.90162119223771331 11.850000000000003 28.150000000000002 17.975000000000005 23.270000000000007 0.75438814418115718 35652.888888888898 18.235000000000003
decision_type=2 2 2 2 2 2 2 2 2 2 2 2 2 2 2 2 2 2 2 2 2 2 2 2 2 2 2 2 2 2
left_child=4 2 10 -4 5 13 -3 -8 11 14 20 12 -9 -1 -10 -16 19 -7 21 24 -2 27 -23 -21 -17 -20 -27 28 -18 -29
right_child=1 6 3 -5 -6 17 7 8 9 -11 -12 -13 -14 -15 15 16 18 -19 25 23 -22 22 -24 -25 -26 26 -28 29 -30 -31
leaf_value=-0.022992372491530008 -0.0033758482597768306 -0.0043319761504729591 -0.0004911254189908505 -0.016073941996677176 -0.023529135960599652 -0.011083248555660247 0.01044577802889622 -0.008984807763869564 0.0076468244083225719 -0.0034755059657618401 0.0066615481417626144 0.0043122681756229964 0.0014223175680963323 -0.012796938300132751 -0.00081476171670312231 0.0020227622715756296 0.0042671679209161087 -0.00497625369268159 0.0033707146594921748 0.0015116565447533502 0.0008368795948397172 -0.0011075424731654276 0.0044820851394358806 0.0049035366750987512 -0.0014418878654638926 0.0076817376561024607 0.0043036102652549736 0.0039612035495894295 0.0057586471972112746 0.0024284361427028972
leaf_weight=19 18 15.999999999999998 23 14.999999999999998 21 40 24 15.999999999999998 28 15.999999999999998 23 14.999999999999998 18 23 20 18 62 15.999999999999998 15.999999999999998 26 17 15.000000000000002 14.999999999999998 33 15.999999999999998 49 18 103 47 15.999999999999998
leaf_count=19 18 16 23 15 21 40 24 16 28 16 23 15 18 23 20 18 62 16 16 26 17 15 15 33 16 49 18 103 47 16
internal_value=6.49152e-05 0.00284846 -0.00174095 -0.00713838 -0.0156942 -0.0135783 0.00360239 0.00383906 0.00351219 0.00397633 0.00191537 -0.00117591 -0.00370223 -0.0182446 0.00423703 0.00399412 0.00421845 -0.00957016 0.00469619 0.00240475 -0.00139503 0.00412415 0.00179273 0.00350738 0.000402813 0.00633546 0.00692523 0.00441266 0.00500245 0.00379866
internal_weight=802 683 96 38 119 98 587 571 547 498 58 49 34 42 482 454 434 56 341 93 35 258 30 59 34 83 67 228 109 119
internal_count=802 683 96 38 119 98 587 571 547 498 58 49 34 42 482 454 434 56 341 93 35 258 30 59 34 83 67 228 109 119
is_linear=0
shrinkage=0.03


Tree=56
num_leaves=31
num_cat=0
split_feature=9 9 10 1 14 12 7 11 11 9 18 11 1 10 11 17 11 3 5 12 3 17 12 7 17 6 12 11 13 5
split_gain=41.4115 5.67082 2.2807 2.16599 4.41566 1.3787 1.19153 2.99823 1.88405 1.12503 1.00738 0.64222 1.04086 0.480329 0.65845 0.568079 0.352073 0.330462 0.467821 0.202267 0.217931 0.190127 0.134864 0.0622191 0.0498342 0.265694 0.161476 0.0520711 0.0443558 0.0260858
threshold=1656.8214285714287 1539.3571428571431 21139.875000000004 17847.107442977194 30.150000000000002 0.82490710651021326 9319.6000000000022 0.44089134593197993 0.50661222621072655 20407.125714285718 18.050000000000004 1.7914464970402915 20673.011926923955 31416.675592105272 0.77638468793259507 1.1178960418822885 1.1635555043820796 6.0000000000000009 0.41985448298472511 0.84034413922697571 9.5000000000000018 1.039057918714283 0.99225267236375803 23576.605000000003 0.99684939709073916 33487.795000000006 0.98162550980901553 1.1755709173328033 17.940000000000001 0.30778899014954286
decision_type=2 2 2 2 2 2 2 2 2 2 2 2 2 2 2 2 2 2 2 2 2 2 2 2 2 2 2 2 2 2
left_child=1 5 3 9 -5 -1 -4 -8 -9 10 16 13 -13 14 -10 17 -2 21 -19 -16 22 24 -21 -24 26 -26 -15 -28 -20 -7
right_child=2 -3 6 4 -6 29 7 8 11 -11 -12 12 -14 15 19 -17 -18 18 28 20 -22 -23 23 -25 25 -27 27 -29 -30 -31
leaf_value=-0.02193965010344982 0.0049831601064652207 -0.033071404488428553 -0.0037587773363645135 -0.018182545973754981 0.0018394221832975744 -0.0076007269198695819 0.013968594770591992 -0.0061483903974294662 -0.0026077117680106312 0.0086089217167076015 -0.005315406399645976 0.0052513580117374663 -0.003073211723878499 0.0080643651733065345 0.00025309286080300809 0.0089878316063966065 -0.00074293630526346319 -0.00098637652097512823 0.0041837363249463272 0.0051980409554808456 0.0062928976946406891 0.0070538666785102001 0.00044548738561570641 0.0027212024414010583 0.00022712014615535736 0.0045999931690634275 0.0028452617379611934 0.0051507155201397838 0.0020663595140764587 -0.011988181011832279
leaf_weight=14.999999999999998 23 14.999999999999998 17 14.999999999999998 23 15.999999999999998 24 15.999999999999998 18 15.999999999999998 19 22 29 14.999999999999998 15.999999999999998 26 14.999999999999998 21 80 14.999999999999998 25 42 18 29 15.999999999999998 59 27 30 17 67
leaf_count=15 23 15 17 15 23 16 24 16 18 16 19 22 29 15 16 26 15 21 80 15 25 42 18 29 16 59 27 30 17 67
internal_value=0.000126361 -0.0165147 0.00296112 -0.000954262 -0.00657794 -0.0133697 0.00373509 0.00398173 0.00347002 0.00207048 5.51781e-06 0.00379782 0.000580435 0.00415511 0.00247108 0.00474862 0.00279873 0.00433375 0.002997 0.00339141 0.00394991 0.00512821 0.00283803 0.00190341 0.00449072 0.00369724 0.005195 0.00419213 0.00386189 -0.0113411
internal_weight=786 113 673 111 38 98 562 545 521 73 57 505 51 454 121 333 38 307 118 103 87 189 62 47 147 75 72 57 97 83
internal_count=786 113 673 111 38 98 562 545 521 73 57 505 51 454 121 333 38 307 118 103 87 189 62 47 147 75 72 57 97 83
is_linear=0
shrinkage=0.03


Tree=57
num_leaves=31
num_cat=0
split_feature=9 2 8 17 17 1 4 4 7 15 5 7 4 9 11 7 8 6 6 4 5 1 1 9 7 5 5 14 14 6
split_gain=36.5378 3.54262 2.7201 2.17996 1.19678 2.27057 1.23144 1.70889 0.60756 0.829463 0.575771 0.857508 0.83195 0.557425 0.511582 0.406377 0.402857 0.275488 0.207914 0.206209 0.225418 0.183429 0.547726 0.209513 0.12251 0.115533 0.0662294 0.0541843 0.0288317 0.0283628
threshold=1710.7833333333335 2.5000000000000004 21198.500000000004 1.0113041890713357 1.1515640663696891 17847.107442977194 -0.95500086777008153 -0.83847110675477843 16189.500000000002 30.850000000000005 -0.51480397887112972 12935.000000000002 -0.69674959280705229 27510.54285714286 0.8393892264697107 10515.500000000002 80856.380000000019 45250.000000000007 43388.000000000007 -0.87395131947920313 0.32410992729244009 21249.340946381661 21915.162334345583 29912.458333333339 34306.69000000001 -0.022575793296316496 0.83258597624099873 24.850000000000005 25.650000000000002 38566.000000000007
decision_type=2 2 2 2 2 2 2 2 2 2 2 2 2 2 2 2 2 2 2 2 2 2 2 2 2 2 2 2 2 2
left_child=1 3 4 -1 6 -6 -2 -8 15 -10 12 -12 -4 14 -11 -9 17 18 19 20 25 -21 -23 -24 26 -13 -25 -19 -3 -26
right_child=2 28 10 -5 5 -7 7 8 9 13 11 16 -14 -15 -16 -17 -18 27 -20 21 -22 22 23 24 29 -27 -28 -29 -30 -31
leaf_value=-0.012712180772796271 0.0066265272995691595 -0.012605871917171911 -0.0028062141872942448 -0.027279371383690063 0.001848484430728214 -0.012853221379530927 -0.0090075900405645355 0.001294295310974121 0.0068214726534027324 -0.00083471455415499139 0.010385184387909249 0.0013788723743831117 0.0050966228784195006 -0.0036273478743221077 0.0059674062795544922 -0.0045036240817978978 -0.00070556558668613436 0.0041120131737129254 0.00022835448274717611 0.0066326340762898322 -0.00034988434094449747 -0.0014900070795898928 0.007720308601856231 0.00072361643919173404 0.0037678759007460688 0.0050039482276354515 0.0031728957529838491 0.0071359955870053341 -0.0085809155517235034 0.0050401527235205742
leaf_weight=22 25 20 26 29 19 15.999999999999998 15.999999999999998 18 24 20 18 15.999999999999998 19 19 17 23 15.999999999999998 20 14.999999999999998 28 21 14.999999999999998 14.999999999999998 14.999999999999998 86 19 39 32 39 69
leaf_count=22 25 20 26 29 19 16 16 18 24 20 18 16 19 19 17 23 16 20 15 28 21 15 15 15 86 19 39 32 39 69
internal_value=-3.49244e-05 -0.015892 0.00262384 -0.0217123 -0.000332984 -0.00520378 0.000769975 -0.000378707 0.000890214 0.00239269 0.00386198 0.00420314 0.000605427 0.000324874 0.00243633 -0.00201639 0.00387949 0.00407024 0.00371308 0.0038725 0.00210095 0.00422568 0.00389099 0.00426132 0.00394225 0.00351088 0.00254268 0.0061683 -0.0103139 0.00439124
internal_weight=776 110 666 51 197 35 162 137 121 80 469 424 45 56 37 41 406 390 338 323 56 267 239 224 209 35 54 52 59 155
internal_count=776 110 666 51 197 35 162 137 121 80 469 424 45 56 37 41 406 390 338 323 56 267 239 224 209 35 54 52 59 155
is_linear=0
shrinkage=0.03


Tree=58
num_leaves=31
num_cat=0
split_feature=9 10 8 6 4 18 21 18 6 12 18 9 6 17 2 4 0 10 15 1 16 12 0 8 18 18 15 18 1 8
split_gain=34.9122 2.50889 1.81055 2.24616 1.57747 1.46821 1.74364 0.852125 1.06266 0.71783 1.11211 1.32946 0.658967 0.447331 0.419738 0.402001 0.592565 0.958825 0.337719 0.216123 0.136287 0.120998 0.142816 0.129539 0.251975 0.116331 0.113135 0.102276 0.22 0.09933
threshold=1656.8214285714287 21139.875000000004 102647.26000000001 12935.000000000002 -0.96689237009891416 17.250000000000004 16.650000000000002 25.750000000000004 15173.500000000002 0.82490710651021326 11.450000000000001 1499.5000000000002 16690.500000000004 1.0311950471541784 3.5000000000000004 0.83552254320998587 3.5000000000000004 25838.018250000005 30.650000000000002 32945.412970401696 13.950000000000001 0.92849721642010008 4.5000000000000009 35056.625000000007 18.350000000000005 12.65 33.050000000000004 16.150000000000002 30829.599852476294 38750.610000000008
decision_type=2 2 2 2 2 2 2 2 2 2 2 2 2 2 2 2 2 2 2 2 2 2 2 2 2 2 2 2 2 2
left_child=9 4 3 -3 -2 14 -7 8 -5 -1 11 -11 -10 -12 26 16 17 -14 -19 27 21 -18 -23 -24 29 -21 -6 28 -17 -25
right_child=1 2 -4 7 5 6 -8 -9 12 10 13 -13 15 -15 -16 19 20 18 -20 25 -22 22 23 24 -26 -27 -28 -29 -30 -31
leaf_value=-0.022710171048255526 -0.0097617068782667894 -0.0056418117105960846 0.012690967078271664 0.011311009473660412 -0.00042173837777227164 -0.011543633638716796 0.00059684939566068346 -0.0025797246331349011 -0.0018956536331679672 -0.012749969176948071 -0.012511482741683721 -0.02474140992059427 0.0060917174502422931 -0.0051951046220280904 0.0062969965394586323 -0.00013817319865612422 0.0017555915854043432 -0.0046061570688404815 0.00060248438036069273 0.0087855984392049523 0.0010313277270056699 0.0033718933681409586 0.0072410122491419317 0.0032650147327645258 0.00064230998104903843 0.0051016921628065206 0.0028712314589168218 0.0056270217077563633 0.0043191147467185704 0.0058959440253674982
leaf_weight=14.999999999999998 14.999999999999998 23 17 14.999999999999998 20 14.999999999999998 28 18 18 40 18 14.999999999999998 17 20 22 14.999999999999998 25 20 22 21 17 134 22 31 14.999999999999998 35 14.999999999999998 21 27 48
leaf_count=15 15 23 17 15 20 15 28 18 18 40 18 15 17 20 22 15 25 20 22 21 17 134 22 31 15 35 15 21 27 48
internal_value=0.000162068 0.00270514 0.00353056 0.00319886 -0.00131303 0.000120827 -0.00396303 0.00360922 0.00384004 -0.0155154 -0.0139013 -0.0167737 0.00356517 -0.00911305 0.00323154 0.00378145 0.00323424 0.000473226 -0.00197445 0.00531536 0.0037851 0.00394666 0.00415009 0.00497666 0.0043069 0.00673847 0.00106845 0.00388195 0.0027933 0.00496966
internal_weight=784 676 561 544 115 100 43 521 503 108 93 55 488 38 57 470 351 59 42 119 292 275 250 116 94 56 35 63 42 79
internal_count=784 676 561 544 115 100 43 521 503 108 93 55 488 38 57 470 351 59 42 119 292 275 250 116 94 56 35 63 42 79
is_linear=0
shrinkage=0.03


Tree=59
num_leaves=31
num_cat=0
split_feature=9 9 9 7 12 12 11 21 21 12 12 5 17 12 7 16 8 7 5 18 7 11 12 9 21 8 9 5 13 1
split_gain=33.5583 2.44058 1.99197 2.91438 1.69152 1.26973 1.23586 2.88759 1.64474 0.989253 0.740873 0.864641 0.5841 1.4018 0.671256 0.561359 0.523225 0.501683 0.404502 0.510263 0.561972 0.29514 0.202769 0.152807 0.15105 0.109243 0.107084 0.044817 0.0368458 0.0582827
threshold=1710.7833333333335 1539.3571428571431 27672.92928571429 12935.000000000002 1.4654181780018878 0.82763845186235241 1.1772567991616867 11.15 13.850000000000003 1.1454751168991206 0.83319411391948661 0.16587474750015932 1.1321952022629354 1.1796109410501507 20931.500000000004 1.0000000180025095e-35 17664.780000000002 43824.000000000007 0.95691861501572195 10.750000000000002 19930.500000000004 0.8627022387178086 0.92849721642010008 31909.623571428576 13.850000000000003 41347.330000000009 21908.714285714286 0.51113019672828186 13.835000000000003 30829.599852476294
decision_type=2 2 2 2 2 2 2 2 2 2 2 2 2 2 2 2 2 2 2 2 2 2 2 2 2 2 2 2 2 2
left_child=1 5 6 -4 12 -1 8 -8 18 10 11 -10 13 14 -5 -14 -12 22 19 -2 21 -21 -16 -24 -19 28 -9 -7 -25 -30
right_child=2 -3 3 4 -6 27 7 26 9 -11 16 -13 15 -15 17 -17 -18 24 -20 20 -22 -23 23 25 -26 -27 -28 -29 29 -31
leaf_value=-0.020502757706186349 0.0012012909829616546 -0.025361771446963152 0.014351967331123254 -0.0013830567811700431 -0.0057534821626419813 -0.0071725793395723608 -0.013782586728167885 -0.00021695095607463048 0.0013809610825098518 -0.0077063175715738896 0.0070316451722208196 -0.0078118545452461521 0.010023145902156829 -0.0028733599732720084 0.00065810874144992101 0.0024293239352603754 -0.00011560123117471282 0.0081469007389886033 -0.00023325885262559442 0.01224329258863102 0.0027979549360819733 0.0053773446061869002 0.00074601088267038846 0.002037964906277401 0.0044064529407127143 0.0059321603333127911 0.0032337183513514258 -0.011143334420478861 0.0031613879163256463 0.0044541226194104956
leaf_weight=14.999999999999998 23 15.999999999999998 21 20 15.999999999999998 19 14.999999999999998 15.000000000000002 19 15.999999999999998 14.999999999999998 14.999999999999998 23 29 21 15.999999999999998 20 33 14.999999999999998 14.999999999999998 24 17 14.999999999999998 19 27 27 14.999999999999998 67 100 91
leaf_count=15 23 16 21 20 16 19 15 15 19 16 15 15 23 29 21 16 20 33 15 15 24 17 15 19 27 27 15 67 100 91
internal_value=0.000211756 -0.0144922 0.00276928 0.00389915 0.00333375 -0.0123113 0.000445044 -0.00389402 0.00156684 -0.00144276 0.000185822 -0.00288337 0.00370467 0.00331451 0.00383618 0.00717821 0.00316202 0.00415604 0.00426166 0.00509981 0.00660435 0.00912663 0.00356125 0.00379609 0.00666014 0.00398128 0.00160266 -0.010449 0.00367685 0.00381707
internal_weight=799 117 682 458 437 101 224 45 179 85 69 34 421 382 353 39 35 333 94 79 56 32 273 252 60 237 30 86 210 191
internal_count=799 117 682 458 437 101 224 45 179 85 69 34 421 382 353 39 35 333 94 79 56 32 273 252 60 237 30 86 210 191
is_linear=0
shrinkage=0.03


Tree=60
num_leaves=31
num_cat=0
split_feature=9 4 15 14 1 8 11 10 14 14 4 14 11 8 12 1 12 1 13 10 5 10 10 8 15 3 18 4 4 1
split_gain=32.9454 1.99564 2.04889 1.84942 1.62754 4.06341 1.73868 1.42605 1.24916 1.24297 0.934271 0.659531 0.658096 0.992698 0.957892 0.572249 1.03553 0.665156 0.450043 0.282837 0.278517 0.243457 0.432499 0.21507 0.178073 0.128622 0.119792 0.111689 0.10564 0.0723225
threshold=1656.8214285714287 -0.72101013194340913 27.750000000000004 27.050000000000004 21731.703826557143 19541.500000000004 0.40515286732714278 36761.296029629644 27.750000000000004 25.550000000000004 -0.20074750544272557 27.750000000000004 0.55461158893461004 13710.000000000002 0.88517838068785393 20673.011926923955 1.1535962742185344 30225.323333769255 23.270000000000007 1430.8690476190479 0.96849880583763492 25985.620192307695 31416.675592105272 47013.000000000007 26.350000000000005 9.5000000000000018 16.350000000000005 0.93845596220871974 -0.60554068365937697 21915.162334345583
decision_type=2 2 2 2 2 2 2 2 2 2 2 2 2 2 2 2 2 2 2 2 2 2 2 2 2 2 2 2 2 2
left_child=3 2 24 9 5 8 -6 11 -4 10 -1 25 14 -14 -3 20 17 18 21 -11 26 -17 29 28 -2 -8 -15 -25 -19 -23
right_child=1 12 4 -5 6 -7 7 -9 -10 19 -12 -13 13 15 -16 16 -18 23 -20 -21 -22 22 -24 27 -26 -27 -28 -29 -30 -31
leaf_value=-0.021095502569594166 0.0039486411524315666 0.0018282787195023369 -0.0056987937757124497 -0.022568898592954096 -0.0070999699383974078 -0.017134135186206548 0.00067998171210862117 -0.0047161453217267986 0.0048533729846467789 -0.010163549835584602 -0.0093450610339641579 0.0084290717427547152 -0.0028576408322392539 0.0095402624510228622 0.012144913461059332 0.0056531376622363247 -0.0036192442398322255 0.0017261859263526275 -0.0017985778808360918 -0.0044607124039355451 0.0027641632004330552 -0.0022579982000238748 0.0033337420550450473 0.0088909656672101264 0.0093105094693601131 0.0038559574633836749 0.0049496653558392268 0.0046589145506732163 0.0044300010214958869 0.00054229671025977412
leaf_weight=20 16.000000000000004 14.999999999999998 15.999999999999998 21 18 15.999999999999998 24 17 21 47 15.999999999999998 24 20 23 18 20 17 18 22 14.999999999999998 15.999999999999998 15.000000000000002 69 17 14.999999999999998 22 17 22 152 14.999999999999998
leaf_count=20 16 15 16 21 18 16 24 17 21 47 16 24 20 23 18 20 17 18 22 15 16 15 69 17 15 22 17 22 152 15
internal_value=0.000144258 0.00275657 0.000145347 -0.0142582 -0.00125996 -0.005443 0.000913759 0.00269406 0.000232033 -0.0120616 -0.0166398 0.0045747 0.00378843 0.00345368 0.00782797 0.00376414 0.00329933 0.00365403 0.0020191 -0.00896634 0.00659147 0.00274296 0.00205474 0.00472742 0.00695013 0.0022963 0.00791786 0.00684737 0.00416712 -0.000911466
internal_weight=784 665 189 119 158 53 105 87 37 98 36 70 476 443 33 423 367 350 141 62 56 119 99 209 31 46 40 39 170 30
internal_count=784 665 189 119 158 53 105 87 37 98 36 70 476 443 33 423 367 350 141 62 56 119 99 209 31 46 40 39 170 30
is_linear=0
shrinkage=0.03


Tree=61
num_leaves=31
num_cat=0
split_feature=9 2 4 0 15 17 17 16 13 18 12 11 8 11 13 9 5 2 14 14 10 10 15 17 9 6 5 6 6 10
split_gain=30.8507 2.51368 2.1484 2.04255 3.11498 3.5485 1.72535 1.63697 0.954049 0.708032 0.636602 1.31428 0.527502 0.348066 0.364265 0.299034 0.285687 0.289196 0.228317 0.212233 0.201938 0.461769 0.197356 0.183887 0.115325 0.0919716 0.0775653 0.0463288 0.12774 0.0359492
threshold=1656.8214285714287 2.5000000000000004 -0.69674959280705229 3.5000000000000004 31.450000000000003 1.1515640663696891 1.0113041890713357 5.2500000000000009 18.470000000000002 10.250000000000002 0.81218312842496998 0.63060662489200092 15505.500000000002 0.91672525129644133 23.270000000000007 19634.916666666668 -0.60038941812636415 5.5000000000000009 26.850000000000005 26.050000000000004 25985.620192307695 28155.369444444448 31.850000000000005 1.0712999171119839 35144.255714285719 27499.280000000002 0.97648852793709995 47710.000000000007 43561.000000000007 34632.399107142868
decision_type=2 2 2 2 2 2 2 2 2 2 2 2 2 2 2 2 2 2 2 2 2 2 2 2 2 2 2 2 2 2
left_child=1 6 3 4 7 8 -1 -2 -6 -8 15 -12 -13 14 -14 -4 -5 19 -3 -18 22 -22 -15 24 29 -21 27 28 -26 -23
right_child=2 18 10 16 5 -7 9 -9 -10 -11 11 12 13 20 -16 -17 17 -19 -20 25 21 23 -24 -25 26 -27 -28 -29 -30 -31
leaf_value=-0.011023887636512516 -0.0035022838845849033 -0.010695814121928479 0.0022503915364167799 -0.00052452080417424434 0.012218565969344447 -0.0087357419715262934 -0.029292332310886939 -0.01564792723953724 0.0022626371558924969 -0.015197119300856309 0.010132585157608162 -0.0012083664892072027 0.0032487292552832512 0.0076329788938164708 -0.0021904928884223887 -0.0031485725318392116 0.0057538597583770747 -0.0004429546328416715 -0.0055686716241762045 0.00045719447819625626 -0.00077499410802764552 0.0029031845146701451 0.0028818368589660771 0.0063343094024927377 0.0043718862822518132 0.0033109719281059664 0.0018641199367611032 0.0059480139822699124 0.0015614997883411971 0.0011061595752835274
leaf_weight=23 23 52 17 22 14.999999999999998 18 15.000000000000002 18 20 14.999999999999998 27 20 25 26 17 15.999999999999998 33 15.999999999999998 18 14.999999999999998 19 61 15.999999999999998 29 115 35 17 22 20 15.999999999999998
leaf_count=23 23 52 17 22 15 18 15 18 20 15 27 20 25 26 17 16 33 16 18 15 19 61 16 29 115 35 17 22 20 16
internal_value=-6.9152e-05 -0.0137669 0.00244902 -3.05768e-05 -0.00330976 0.00150507 -0.0187621 -0.00931432 0.00695929 -0.023635 0.00359564 0.00390252 0.00343714 0.00368475 0.00104764 -0.000397625 0.00252928 0.00320485 -0.00956871 0.00390192 0.00400155 0.00367752 0.00603628 0.00398301 0.00366342 0.00250535 0.00411383 0.00433092 0.00398441 0.00256723
internal_weight=801 123 678 215 94 53 53 41 35 30 463 430 403 383 42 33 121 99 70 83 341 299 42 280 251 50 174 157 135 77
internal_count=801 123 678 215 94 53 53 41 35 30 463 430 403 383 42 33 121 99 70 83 341 299 42 280 251 50 174 157 135 77
is_linear=0
shrinkage=0.03


Tree=62
num_leaves=31
num_cat=0
split_feature=10 9 18 10 1 14 7 7 8 1 17 13 7 5 7 9 10 14 13 7 14 4 13 5 1 1 14 6 17 9
split_gain=27.4222 5.97196 1.19396 1.32086 2.56041 3.94832 1.28344 3.75292 0.946434 0.700346 0.851229 0.456563 0.270228 0.278579 0.664276 0.637778 0.391509 0.239159 0.193134 0.181604 0.152109 0.149241 0.381786 0.148183 0.0956989 0.124753 0.0700203 0.0609057 0.0435306 0.00534789
threshold=1599.6342105263161 1546.2857142857144 28.800000000000004 20438.275641025644 17847.107442977194 29.550000000000004 9099.2700000000023 12935.000000000002 15505.500000000002 13888.894736842107 1.08055275255449 19.210000000000004 44695.000000000007 0.93769647993491489 22843.500000000004 23786.344285714291 33628.619771428581 25.350000000000005 19.275000000000002 43404.000000000007 26.850000000000005 -0.90483020021433236 17.575000000000003 0.99138911339924218 21668.841528282308 22818.463826979478 27.750000000000004 38054.960000000006 1.0177661740689408 36721.737142857157
decision_type=2 2 2 2 2 2 2 2 2 2 2 2 2 2 2 2 2 2 2 2 2 2 2 2 2 2 2 2 2 2
left_child=1 11 3 4 9 -6 -5 -8 -9 -2 -11 -1 13 14 15 -10 -15 -14 -17 21 -13 22 -16 28 -23 -26 -19 29 -18 -27
right_child=2 -3 -4 6 5 -7 7 8 12 10 -12 20 17 16 19 18 23 26 -20 -21 -22 24 -24 -25 25 27 -28 -29 -30 -31
leaf_value=-0.013210206017703624 -0.0021393413622589675 -0.029448630660772322 -0.0050413317346675807 -0.0045155100759706997 -0.01635687602291766 0.0018156012477209935 0.015651860958896577 -0.0025833300749460858 0.0035066576208919284 0.0092782529443502428 0.0013086164684901977 -0.0091126299780957837 0.0027099819012707279 0.0085473797284066674 -0.0021443213171818678 -0.00073991018183091099 0.003105918601155281 0.0080669278350912702 -0.0055256223415627199 -3.5115291054050129e-05 -0.004728045562576306 0.0059010659779111536 0.0037149455577135085 0.0014899313710629938 0.0008178534138423856 0.0031209890828671348 0.0043328717211261391 0.0043004749955511401 0.0057803453230544141 0.0019117801589891316
leaf_weight=35 14.999999999999998 15.999999999999998 17 17 17 24 20 25 18 21 27 49 29 15.999999999999998 14.999999999999998 15.000000000000002 23 20 14.999999999999998 15.999999999999998 17 15.999999999999998 23 28 18 101 18 74 17 15.999999999999998
leaf_count=35 15 16 17 17 17 24 20 25 18 21 27 49 29 16 15 15 23 20 15 16 17 16 23 28 18 101 18 74 17 16
internal_value=3.82628e-05 -0.0132221 0.00241821 0.00263012 -0.000458435 -0.00612965 0.00322445 0.00349228 0.00294873 0.0033074 0.00502699 -0.0101297 0.00324762 0.00293152 0.00250667 -0.000727618 0.00448867 0.0050455 -0.00332856 0.00306432 -0.00815554 0.00325172 0.0014105 0.00331675 0.00354752 0.00331311 0.00660325 0.00353736 0.00446368 0.00299054
internal_weight=778 117 661 644 104 41 540 523 503 63 48 101 478 411 327 48 84 67 30 279 66 263 38 68 225 209 38 191 40 117
internal_count=778 117 661 644 104 41 540 523 503 63 48 101 478 411 327 48 84 67 30 279 66 263 38 68 225 209 38 191 40 117
is_linear=0
shrinkage=0.03


Tree=63
num_leaves=29
num_cat=0
split_feature=9 9 7 7 7 17 8 21 19 8 17 9 9 0 19 3 7 6 7 10 13 10 0 12 6 17 14 5
split_gain=30.5038 5.11886 1.80855 3.13869 2.39215 2.0676 1.36479 1.36106 1.21332 1.30264 0.882494 0.565063 0.520635 0.365462 0.432154 0.529217 0.239295 0.227953 0.180118 0.145351 0.111784 0.0689297 0.099655 0.152574 0.0681163 0.0402544 0.0233257 0.0110102
threshold=1656.8214285714287 1539.3571428571431 9775.0000000000018 12935.000000000002 22843.500000000004 1.1515640663696891 1018.5000000000001 13.65 2072.7675000000004 15876.000000000002 0.93568110338403254 25655.640000000003 24066.693571428576 3.5000000000000004 3688.0695000000005 6.0000000000000009 41701.000000000007 18316.000000000004 40871.980000000003 1425.3399470899474 23.735000000000003 22590.88500661376 5.5000000000000009 1.0253143093540833 28274.465000000004 1.0065557824343576 26.750000000000004 0.51849435583340198
decision_type=2 2 2 2 2 2 2 2 2 2 2 2 2 2 2 2 2 2 2 2 2 2 2 2 2 2 2 2
left_child=1 6 7 -4 5 8 -1 -2 11 -10 -11 -5 17 14 15 -6 18 -12 21 26 -18 -15 24 -24 -23 27 -8 -26
right_child=2 -3 3 4 13 -7 19 -9 9 10 12 -13 -14 16 -16 -17 20 -19 -20 -21 -22 22 23 -25 25 -27 -28 -29
leaf_value=-0.017194902898227154 0.0020345398473242916 -0.029413765695165184 0.012355408664503745 0.0083629701100289815 0.0022445606780596653 -0.0084632782166590911 -0.010164484272486176 -0.0073151035299524663 -0.0088169692084193226 0.0064188173369449722 -0.0013041527962069149 0.00077302063815295693 -0.0054256574642893513 0.0053528197609672415 0.0050398165542933646 -0.0042512811172600775 0.0056208778664463156 0.0032869423246558974 -2.7467924005845013e-05 -0.0049931447646197145 0.002576416592512812 0.0013969025330152361 0.0032204706848133354 -0.00070449794916545641 0.0035743823236621475 0.0039527032055131344 -0.0062824521871174084 0.0024896540583125245
leaf_weight=26 25 14.999999999999998 27 19 24 26 56 28 14.999999999999998 14.999999999999998 21 15.999999999999998 17 17 14.999999999999998 18 69 14.999999999999998 14.999999999999998 14.999999999999998 19 18 18 14.999999999999998 32 129 14.999999999999998 65
leaf_count=26 25 15 27 19 24 26 56 28 15 15 21 16 17 17 15 18 69 15 15 15 19 18 18 15 32 129 15 65
internal_value=-0.000290451 -0.0136645 0.00224753 0.00269991 0.00222423 -0.00113294 -0.0110762 -0.00299128 0.00059636 -0.00138792 0.000455927 0.00512261 -0.00140373 0.00328935 0.00100017 -0.000606069 0.00361137 0.000681119 0.00317604 -0.00887756 0.00503541 0.00333856 0.00317746 0.00149808 0.00339056 0.0035357 -0.00953893 0.00291248
internal_weight=805 127 678 625 598 144 112 53 118 83 68 35 53 454 57 42 397 36 309 86 88 294 277 33 244 226 71 97
internal_count=805 127 678 625 598 144 112 53 118 83 68 35 53 454 57 42 397 36 309 86 88 294 277 33 244 226 71 97
is_linear=0
shrinkage=0.03


Tree=64
num_leaves=31
num_cat=0
split_feature=9 9 8 12 12 21 18 14 16 8 16 11 6 9 5 12 10 8 12 3 17 6 12 14 5 14 5 18 8 6
split_gain=23.0481 2.63134 1.94142 1.04646 1.9745 1.49549 1.32926 1.189 0.935567 0.694642 0.69024 1.07526 0.827993 0.480869 0.326742 0.229735 0.567586 0.374199 0.0979276 0.306014 0.136327 0.098598 0.0763778 0.0660552 0.0540472 0.0461929 0.0758156 0.0237387 0.0120084 0.00707326
threshold=1656.8214285714287 1528.3571428571431 20586.065000000006 0.97588363033589454 0.83319411391948661 10.850000000000003 17.850000000000005 27.350000000000005 1.1500000000000001 15090.000000000002 16.750000000000004 0.55461158893461004 19654.000000000004 35280.098571428578 0.28313308994381592 1.1796109410501507 24966.823232323233 44506.000000000007 0.92849721642010008 9.5000000000000018 1.0065557824343576 28874.000000000004 1.0632884208536848 25.550000000000004 0.78724360164103002 25.850000000000005 0.46611290379786346 10.65 37857.085000000006 34299.160000000011
decision_type=2 2 2 2 2 2 2 2 2 2 2 2 2 2 2 2 2 2 2 2 2 2 2 2 2 2 2 2 2 2
left_child=1 14 3 4 7 -5 9 -2 -8 -7 11 13 -13 -4 -1 17 -17 18 19 -14 21 -20 -19 -16 -23 28 -27 -26 -22 -29
right_child=2 -3 10 5 -6 6 8 -9 -10 -11 -12 12 15 -15 23 16 -18 22 20 -21 25 24 -24 -25 27 26 -28 29 -30 -31
leaf_value=-0.0050487628118380118 -0.0055619087489321827 -0.022908976168061295 0.012416290450183783 -0.0082988426437729905 0.0080120149849643631 0.0083762497093309383 0.0008358931426252973 0.0029722932591263588 -0.0087621783043601003 -7.2023585904389605e-05 -0.0017490130858495831 -0.0017568345644300982 0.0041171063026903491 0.004164169939125285 -0.012545085667322079 0.0052199083424228077 -0.0019600416766479612 0.0046839492613715778 0.00025109351694803026 -0.0013847757627566655 0.0038464033125859241 0.0035963443345722874 0.0081138719866673138 -0.008988784018315767 0.00094378187010685601 0.0039222709373649897 0.0017226809118356971 0.0018731747407998356 0.0055090567808259612 0.0031811082078253522
leaf_weight=17 28 15.999999999999998 15.000000000000002 27 29 14.999999999999998 17 27 17 18 23 29 17 14.999999999999998 34 14.999999999999998 22 33 14.999999999999998 15.999999999999998 44 54 15.999999999999998 55 15.999999999999998 57 25 26 31 14.999999999999998
leaf_count=17 28 16 15 27 29 15 17 27 17 18 23 29 17 15 34 15 22 33 15 16 44 54 16 55 16 57 25 26 31 15
internal_value=-4.65257e-07 -0.0118732 0.00221673 -0.00045888 0.00195014 -0.0026074 -0.000139763 -0.0014151 -0.00418332 0.00402731 0.00319857 0.0034519 0.0030401 0.00880837 -0.00981398 0.00339313 0.00106917 0.0036216 0.00320484 0.00152283 0.00338891 0.00257172 0.00607819 -0.0105932 0.00287532 0.00400415 0.00330865 0.00209349 0.00465888 0.00247739
internal_weight=784 122 662 178 84 94 67 55 34 33 484 461 431 30 106 402 37 365 316 33 283 126 49 89 111 157 82 57 75 41
internal_count=784 122 662 178 84 94 67 55 34 33 484 461 431 30 106 402 37 365 316 33 283 126 49 89 111 157 82 57 75 41
is_linear=0
shrinkage=0.03


Tree=65
num_leaves=31
num_cat=0
split_feature=9 9 12 1 18 0 17 10 16 6 9 12 17 17 11 11 11 12 12 15 16 10 9 14 1 12 18 1 9 4
split_gain=26.8481 2.04901 1.35958 1.21246 0.864475 1.26507 0.723982 0.950575 0.91432 0.919772 0.439506 0.729375 0.56824 0.388789 0.772538 0.555021 0.666551 0.451982 0.342427 0.341346 0.283548 0.279834 0.165151 0.27076 0.151947 0.121026 0.146974 0.0867752 0.0720748 0.0559353
threshold=1656.8214285714287 1528.3571428571431 0.82490710651021326 13418.472972972975 20.250000000000004 3.5000000000000004 0.83025725446693055 33550.212500000001 6.4500000000000011 54449.000000000007 14785.639523809527 0.82001415775719477 0.92736550957918717 1.0299394049611139 0.80744662874464479 0.55461158893461004 0.87827293154532848 1.1106221880692322 0.94241394412013657 27.350000000000005 1.0000000180025095e-35 32318.217176470593 1220.7857142857144 26.750000000000004 21656.959291283765 1.0603365592908629 12.550000000000002 21708.829546416131 35144.255714285719 0.28003368959032676
decision_type=2 2 2 2 2 2 2 2 2 2 2 2 2 2 2 2 2 2 2 2 2 2 2 2 2 2 2 2 2 2
left_child=1 2 -1 -2 6 -6 7 -5 9 10 -8 -12 20 14 -14 -15 -17 27 -18 -7 -13 -21 -4 -24 29 -26 -27 -16 -29 -20
right_child=3 -3 22 4 5 19 8 -9 -10 -11 11 12 13 15 17 16 18 -19 24 21 -22 -23 23 -25 25 26 -28 28 -30 -31
leaf_value=-0.018795965515697993 -0.0041742332658031957 -0.022591872566069166 -0.0059448935174279734 -0.0046866072656121102 -0.0063419946583665229 0.0050220345951278098 0.0076419721863401884 0.0044401657270888486 0.0096437053801491854 -0.0037900750295204269 -0.0016019412256511193 0.0038069354152927789 -0.0037758795606593291 0.0086128222812776965 0.0053203353011294415 -0.0023082341242800738 -0.00022773351520299911 -0.0015286036048616683 0.0041322431976304327 -0.0015191920246330221 0.010191876590251923 0.0032007477520719953 -0.011057168875100477 -0.0052423645030049712 0.0048056870282051104 0.00059985966624125184 0.003858564239104881 0.0020641315764498335 0.00345891162384645 0.0079822107156117764
leaf_weight=15.999999999999998 22 15.999999999999998 25 22 20 20 20 15.999999999999998 19 14.999999999999998 26 16.000000000000004 15.999999999999998 21 17 14.999999999999998 14.999999999999998 19 15.000000000000002 26 14.999999999999998 17 51 14.999999999999998 61 21 32 69 101 15.999999999999998
leaf_count=16 22 16 25 22 20 20 20 16 19 15 26 16 16 21 17 15 15 19 15 26 15 17 51 15 61 21 32 69 101 16
internal_value=0.000124841 -0.0126451 -0.0107705 0.00249279 0.00273056 -0.000126615 0.00314778 -0.00081389 0.00343435 0.00316626 0.00339146 0.0031812 0.00346405 0.00314404 0.00224929 0.00412453 0.0034947 0.00274907 0.00406051 0.00198095 0.00732687 0.000406152 -0.00898562 -0.00992868 0.00450118 0.00385988 0.00263614 0.00319528 0.00292338 0.00648266
internal_weight=795 123 107 672 650 83 567 38 529 510 495 475 449 418 222 196 175 206 160 63 31 43 91 66 145 114 53 187 170 31
internal_count=795 123 107 672 650 83 567 38 529 510 495 475 449 418 222 196 175 206 160 63 31 43 91 66 145 114 53 187 170 31
is_linear=0
shrinkage=0.03


Tree=66
num_leaves=31
num_cat=0
split_feature=9 10 7 9 7 8 12 18 12 18 7 6 7 8 10 9 7 1 7 7 10 8 12 15 11 13 12 7 13 17
split_gain=23.7774 1.94194 1.40134 1.40745 1.64115 1.24751 0.745032 0.697715 0.908987 0.69752 1.93702 0.792609 0.648227 0.462037 0.311575 0.268191 0.391254 0.182152 0.389648 0.164621 0.145676 0.149501 0.118324 0.169188 0.101017 0.0945408 0.0724621 0.0664909 0.0653402 0.0524597
threshold=1656.8214285714287 1455.8101851851854 80856.380000000019 22235.553571428576 21658.000000000004 1018.5000000000001 0.85247076134186661 17.250000000000004 1.0715741363056031 19.850000000000005 12935.000000000002 20540.565000000006 16617.500000000004 40837.980000000003 36584.177037037043 14785.639523809527 16189.500000000002 20577.614894652379 41417.360000000008 40772.560000000005 31416.675592105272 29013.295000000002 0.88744391905220132 31.450000000000003 1.1562831851996151 16.770000000000007 1.0828589953962309 35390.700000000004 20.900000000000002 1.0177661740689408
decision_type=2 2 2 2 2 2 2 2 2 2 2 2 2 2 2 2 2 2 2 2 2 2 2 2 2 2 2 2 2 2
left_child=1 5 3 4 7 -1 -5 15 -9 10 -8 -11 -12 17 -15 -2 -17 -14 20 -16 24 -22 -7 26 25 -19 -24 -13 -18 -23
right_child=2 -3 -4 6 -6 22 9 8 -10 11 12 27 13 14 19 16 28 18 -20 -21 21 29 23 -25 -26 -27 -28 -29 -30 -31
leaf_value=-0.01632912775215048 0.0053718618080019946 -0.021712705812727408 -0.0057035737861879168 -0.003175707251271781 -0.0082761997086927292 -0.004630901682026246 0.012417039789936758 0.0016976954373691617 -0.0065300093604517828 -0.0051652427747224767 -0.0023080328165700562 0.0034353353492042518 0.0059124879896019899 0.008338371276855468 0.0011314040623769603 -0.0019262825958430766 0.0047909363403039803 0.001758466139435768 -0.0017271500732749701 0.0048133349454119092 0.0060155970495390258 0.0025280047084021641 -0.011411736951239647 -0.00588968994302882 0.0027426667208783327 -0.0012572433739243185 -0.0065363162230042847 0.00076012676116079094 0.0017492010972152152 0.0037031270636173038
leaf_weight=24 23 15.999999999999998 18 14.999999999999998 18 14.999999999999998 20 27 19 15.999999999999998 17 22 15.999999999999998 23 14.999999999999998 18 15.000000000000002 19 15.999999999999998 61 17 120 29 25 34 14.999999999999998 14.999999999999998 14.999999999999998 15.999999999999998 75
leaf_count=24 23 16 18 15 18 15 20 27 19 16 17 22 16 23 15 18 15 19 16 61 17 120 29 25 34 15 15 15 16 75
internal_value=-8.87682e-05 -0.0120477 0.0021538 0.0023875 -0.000324048 -0.0102471 0.00310067 0.00100671 -0.00183119 0.00330046 0.00368386 4.35606e-05 0.00321991 0.00345863 0.00525676 0.0028203 0.00145894 0.00285822 0.00265455 0.00413428 0.00291541 0.00330773 -0.0081701 -0.00878736 0.00163272 0.000432074 -0.0101061 0.00244539 0.00342217 0.00301298
internal_weight=794 124 670 652 136 108 516 118 46 501 448 53 428 411 99 72 49 312 296 76 280 212 84 69 68 34 44 37 31 195
internal_count=794 124 670 652 136 108 516 118 46 501 448 53 428 411 99 72 49 312 296 76 280 212 84 69 68 34 44 37 31 195
is_linear=0
shrinkage=0.03


Tree=67
num_leaves=30
num_cat=0
split_feature=9 9 12 7 7 7 12 6 11 11 11 12 13 1 11 6 11 9 7 7 12 6 6 6 18 17 7 1 10
split_gain=25.4084 2.13712 1.53814 1.42322 1.38731 1.31808 0.898995 0.584245 1.07523 0.478291 0.42967 0.353758 0.364028 0.329021 1.65998 0.800468 0.392899 0.373416 0.440271 0.207962 0.156828 0.157113 0.0854263 0.0440996 0.0900689 0.0329785 0.0282552 0.00893386 0.0058325
threshold=1656.8214285714287 1528.3571428571431 0.81218312842496998 9775.0000000000018 12935.000000000002 5307.0000000000009 1.4834967644169927 16590.000000000004 0.44089134593197993 0.70679952763551623 0.63060662489200092 0.88744391905220132 21.545000000000005 20577.614894652379 1.9857634313951362 36650.000000000007 1.4489444610692417 36624.714285714297 37131.000000000007 18901.000000000004 0.89361550706477255 28874.000000000004 39394.000000000007 22551.500000000004 12.65 0.98774466944800976 38020.000000000007 35759.010134932541 34052.906071428581
decision_type=2 2 2 2 2 2 2 2 2 2 2 2 2 2 2 2 2 2 2 2 2 2 2 2 2 2 2 2 2
left_child=1 2 -1 5 -5 -2 7 8 -6 -10 -9 -4 -13 15 17 16 -12 18 19 -15 -21 23 26 -22 -25 28 -19 -24 -23
right_child=3 -3 11 4 6 -7 -8 10 9 -11 13 12 -14 14 -16 -17 -18 22 -20 20 21 25 27 24 -26 -27 -28 -29 -30
leaf_value=-0.019258207687560251 0.0019600247200428239 -0.022777522401336361 -0.0037831180498880492 0.0092943646298954252 0.0050851160181420189 -0.0072391951345623685 -0.0044353879988193508 0.0071990034516368588 -0.0071152618615066303 -0.0002453747918744656 0.0041587845077738165 -0.010942863764177109 -0.0055624857813119889 -0.00018537223339080812 -0.0054755395658962107 0.0091456149704754342 -0.001621424104360973 0.003344430220232526 -0.0026521640764001538 0.0053989049851110105 -0.0003962328762966482 0.0023367955373681105 0.0034801178726113651 -0.00031105371356448706 0.0026148740621283651 0.0031853801271829168 0.0015995656931772828 0.0047404767128537938 0.0012458131413318608
leaf_weight=14.999999999999998 29 14.999999999999998 14.999999999999998 26 19 24 14.999999999999998 19 14.999999999999998 20 28 56 23 25 21 22 14.999999999999998 25 14.999999999999998 17 14.999999999999998 21 42 14.999999999999998 22 112 22 81 17
leaf_count=15 29 15 15 26 19 24 15 19 15 20 28 56 23 25 21 22 15 25 15 17 15 21 42 15 22 112 22 81 17
internal_value=5.70837e-05 -0.0123228 -0.0104996 0.00233742 0.00273574 -0.00231742 0.00242315 0.00261256 -0.000349469 -0.00341507 0.00291228 -0.0087298 -0.00955245 0.00272689 0.00241838 0.00472678 0.00215999 0.00282841 0.00208341 0.00239373 0.00268716 0.00240825 0.00392601 0.000939502 0.00147357 0.00289836 0.00262631 0.00437268 0.00193542
internal_weight=806 124 109 682 629 53 603 588 54 35 534 94 79 515 450 65 43 429 259 244 219 202 170 52 37 150 47 123 38
internal_count=806 124 109 682 629 53 603 588 54 35 534 94 79 515 450 65 43 429 259 244 219 202 170 52 37 150 47 123 38
is_linear=0
shrinkage=0.03


Tree=68
num_leaves=31
num_cat=0
split_feature=10 7 4 1 1 11 14 16 1 14 6 7 11 8 5 0 1 12 3 6 7 18 14 10 7 8 8 17 18 7
split_gain=20.1815 2.01342 1.6241 1.57829 2.76845 2.43616 1.6506 1.80751 1.24716 1.26979 1.02589 0.981654 0.564873 0.866701 0.50499 0.24376 0.583828 0.415292 0.344771 0.669755 0.592576 0.21297 0.208801 0.201168 0.19133 0.122962 0.107198 0.0791574 0.0761419 0.0588673
threshold=1599.6342105263161 976.00000000000011 -0.69674959280705229 21731.703826557143 17847.107442977194 0.38102428153546386 27.350000000000005 4.1500000000000012 1353.4991730302286 25.350000000000005 16749.500000000004 19608.500000000004 0.41655821204914606 15505.500000000002 0.87291090774974645 5.5000000000000009 21612.813557692312 0.89035399584336328 2.5000000000000004 20876.500000000004 23289.805000000004 18.250000000000004 28.550000000000004 21799.081581196584 38631.000000000007 38954.000000000007 29944.735000000004 0.98774466944800976 9.4500000000000011 41284.470000000008
decision_type=2 2 2 2 2 2 2 2 2 2 2 2 2 2 2 2 2 2 2 2 2 2 2 2 2 2 2 2 2 2
left_child=1 -1 3 4 10 -5 11 -8 9 -3 -2 -7 -4 23 -11 17 21 -15 19 -19 -20 -17 -18 -14 -13 27 -22 -21 -16 -28
right_child=2 8 12 5 -6 6 7 -9 -10 14 -12 24 13 15 28 16 22 18 20 25 26 -23 -24 -25 -26 -27 29 -29 -30 -31
leaf_value=-0.020285812502726912 0.0042755755083635442 -0.012671248096972704 0.0083800766397924987 -0.0092935966393526848 -0.013819953567887606 -0.0056223300609149424 0.0023554332740604879 0.015269673712113324 -0.016573450158987389 -0.0017668809021087063 -0.0045909362480692243 0.00277546145679662 0.00038409777875880101 0.006926331431283776 -0.004615476521499017 0.0059692045833383287 -0.003852873270345085 -0.0033162026619538662 0.0093153184815309934 0.00050121862299274647 0.00075184594456325553 0.0013906698461089817 0.00071766927000135178 -0.0043356566113310268 -0.0009117491630946888 0.0045589171006129338 0.0030184539619063878 0.0026227029692381621 -0.008963923893476786 0.0044890763205834303
leaf_weight=18 22 28 14.999999999999998 14.999999999999998 17 17 25 14.999999999999998 17 29 21 58 15.000000000000002 27 14.999999999999998 19 14.999999999999998 18 14.999999999999998 23 14.999999999999998 19 18 14.999999999999998 14.999999999999998 24 113 58 17 50
leaf_count=18 22 28 15 15 17 17 25 15 17 29 21 58 15 27 15 19 15 18 15 23 15 19 18 15 15 24 113 58 17 50
internal_value=-0.000135578 -0.0111452 0.00194774 -0.00027132 -0.00428317 0.00142445 0.00278322 0.00769479 -0.00924615 -0.00751306 -6.61716e-05 0.000480475 0.0029357 0.00271501 -0.00481827 0.00307229 0.0014166 0.00340481 0.00306225 0.0017768 0.00385485 0.00386393 -0.0014613 -0.00209927 0.00201371 0.00269556 0.00329631 0.0020469 -0.00731699 0.00351851
internal_weight=788 124 664 205 60 145 130 40 106 89 43 90 459 444 61 414 71 343 316 123 193 38 33 30 73 105 178 81 32 163
internal_count=788 124 664 205 60 145 130 40 106 89 43 90 459 444 61 414 71 343 316 123 193 38 33 30 73 105 178 81 32 163
is_linear=0
shrinkage=0.03


Tree=69
num_leaves=31
num_cat=0
split_feature=9 15 10 18 4 9 21 12 21 8 9 8 5 12 15 1 7 1 1 4 15 10 7 7 9 12 21 1 11 13
split_gain=19.6348 2.22392 1.73263 1.29177 1.58272 2.39033 1.23477 1.17936 0.846547 1.54565 0.748442 0.525875 0.430413 0.388664 0.383523 0.339846 0.648473 0.485089 0.401609 0.496123 0.625098 0.833185 0.3263 0.321606 0.26097 0.183741 0.0793929 0.073623 0.0733405 0.0548956
threshold=1656.8214285714287 32.250000000000007 24763.485712250716 11.350000000000003 -0.67166439702596292 17490.107142857149 13.450000000000001 1.3058659585431482 21.450000000000003 14079.000000000002 1220.7857142857144 43724.000000000007 -0.29342786347392819 1.1387707245468495 31.350000000000005 30962.493558273782 19763.565000000006 20673.011926923955 31568.685572615865 0.042991213741508195 28.850000000000005 35038.354702380959 38020.000000000007 1496.5000000000002 17701.714285714286 0.91943597381478992 10.250000000000002 36471.183811814124 1.0538231208813469 19.125000000000004
decision_type=2 2 2 2 2 2 2 2 2 2 2 2 2 2 2 2 2 2 2 2 2 2 2 2 2 2 2 2 2 2
left_child=1 6 3 14 5 12 10 8 9 -4 -1 -9 -5 24 -2 16 -11 -18 -17 20 28 -22 26 -8 -6 -21 -19 -27 -20 -28
right_child=2 -3 7 4 13 -7 23 11 -10 15 -12 -13 -14 -15 -16 18 17 22 19 25 21 -23 -24 -25 -26 27 29 -29 -30 -31
leaf_value=-0.0069045603129526843 0.00043502817302942278 -0.01975794628586458 0.010935431051513423 -0.0033663324343369281 0.0015046892949359732 -0.012068319476113237 -0.007582899287343025 -0.0065320096948348408 -0.0035933744540328485 -0.0021985268885077072 -0.015445431329069599 0.001054561988395803 0.003384453883011113 0.0040274766970263874 0.0063335976344735725 0.0080288067067924296 0.0065825068384408941 0.00038944430338839689 0.0023932236283527395 0.0076986659633214855 0.0029377220198512077 -0.0062249245618780456 -0.0019849268883904989 -0.0026953768580486731 -0.0030262000555091578 0.00279588519417225 0.0021729426924154108 0.0046939180904467187 0.0049527687685830251 0.0035765907948371021
leaf_weight=21 18 21 21 15.000000000000002 21 27 28 15.000000000000002 14.999999999999998 27 29 14.999999999999998 14.999999999999998 21 21 17 23 15.999999999999998 36 14.999999999999998 15.999999999999998 15.999999999999998 14.999999999999998 26 21 45 96 61 19 46
leaf_count=21 18 21 21 15 21 27 28 15 15 27 29 15 15 21 21 17 23 16 36 15 16 16 15 26 21 45 96 61 19 46
internal_value=-0.000162912 -0.0109843 0.00187359 -0.000855048 -0.00239374 -0.00592666 -0.00887331 0.00271771 0.00307706 0.00330476 -0.0122618 -0.00290989 9.62702e-06 0.000886726 0.0037652 0.00290006 0.00203865 0.00263865 0.00372832 0.00330372 0.00152563 -0.00174028 0.00204509 -0.00540996 -0.000795335 0.00453659 0.00244772 0.00395485 0.00342019 0.00267101
internal_weight=798 125 673 159 120 57 104 514 484 469 50 30 30 63 39 448 223 196 225 208 87 32 173 54 42 121 158 106 55 142
internal_count=798 125 673 159 120 57 104 514 484 469 50 30 30 63 39 448 223 196 225 208 87 32 173 54 42 121 158 106 55 142
is_linear=0
shrinkage=0.03


Tree=70
num_leaves=31
num_cat=0
split_feature=9 9 9 8 4 1 1 1 12 3 12 11 17 8 1 11 12 16 1 9 15 8 11 21 13 4 21 0 15 1
split_gain=22.4617 4.76995 1.48325 1.45785 1.36745 1.31071 3.51908 0.832499 0.803703 1.08541 0.449151 1.07351 0.337753 0.33589 0.491685 0.549706 0.273043 0.302116 0.274818 0.23423 0.269283 0.217938 0.204608 0.183463 0.171182 0.0985646 0.0858176 0.0766813 0.0840192 0.0728666
threshold=1656.8214285714287 1528.3571428571431 1103.6428571428573 54627.000000000007 -0.67803021058859214 22543.872306143887 17847.107442977194 16021.202614379088 0.92849721642010008 9.5000000000000018 0.81218312842496998 0.63060662489200092 1.0006451995250012 15505.500000000002 20673.011926923955 1.9543341727528987 0.96699701272853156 0.8500000000000002 26809.308823529416 1197.3690476190479 31.650000000000002 37970.000000000007 0.8393892264697107 10.050000000000002 21.305000000000003 -0.814291907305839 15.750000000000002 4.5000000000000009 34.550000000000004 35872.863677304973
decision_type=2 2 2 2 2 2 2 2 2 2 2 2 2 2 2 2 2 2 2 2 2 2 2 2 2 2 2 2 2 2
left_child=1 2 -1 4 5 6 7 -2 9 -7 12 -12 -6 -13 21 22 -10 25 -19 -4 26 -15 -16 -9 29 -18 -21 -26 -29 -24
right_child=3 -3 19 -5 10 8 -8 23 16 -11 11 13 -14 14 15 -17 17 18 -20 20 -22 -23 24 -25 27 -27 -28 28 -30 -31
leaf_value=-0.017373812682926655 -0.0041018231687611779 -0.026619239191835124 -0.0032725045917665258 0.0089176985062658781 -0.0034293597564101219 0.0030681139644344931 -0.015356884803075125 0.0007063312324530937 0.0063820014403694692 -0.0075683071215947462 0.0097580192357833891 -0.00097542368976229969 0.0023099498100284683 0.0078740846464410413 0.0001124003930733754 -0.0026750256804128486 0.0057084524134794869 0.002188996171578765 -0.0023536205221898854 -0.010845501847565173 -0.004458977397192608 0.0031944148631199544 0.0019188841798405375 0.0052539333612903168 0.003263339667821363 0.002432845958641597 -0.0063074797466397279 0.0031350368157248279 0.0070120817050337786 0.0031872541995512111
leaf_weight=15.999999999999998 21 15.999999999999998 14.999999999999998 26 15.999999999999998 15.000000000000002 14.999999999999998 14.999999999999998 14.999999999999998 15.999999999999998 19 20 17 23 24 15.999999999999998 15.999999999999998 28 18 28 20 21 117 17 60 26 18 15.000000000000002 15.999999999999998 79
leaf_count=16 21 16 15 26 16 15 15 15 15 16 19 20 17 23 24 16 16 28 18 28 20 21 117 17 60 26 18 15 16 79
internal_value=0.000104276 -0.0121489 -0.00927246 0.00219774 0.00190013 -0.000145514 -0.00347967 0.000318008 0.00157273 -0.00254762 0.00282937 0.0030993 -0.000509698 0.00272771 0.0029315 0.00250191 0.00283775 0.00210521 0.000387447 -0.00729211 -0.00808253 0.0058766 0.00278363 0.00328919 0.00300469 0.00388345 -0.00940656 0.00410581 0.00543979 0.00245715
internal_weight=784 113 97 671 645 202 68 53 134 31 443 410 33 391 371 327 103 88 46 81 66 44 311 32 287 42 46 91 31 196
internal_count=784 113 97 671 645 202 68 53 134 31 443 410 33 391 371 327 103 88 46 81 66 44 311 32 287 42 46 91 31 196
is_linear=0
shrinkage=0.03


Tree=71
num_leaves=31
num_cat=0
split_feature=9 15 2 4 0 14 13 1 4 11 12 13 6 0 12 9 2 14 1 9 14 4 7 13 6 1 6 15 4 4
split_gain=16.6488 2.04047 1.72254 1.47377 1.39689 2.15474 2.87839 1.18542 0.911985 0.75067 1.92262 0.732874 0.400415 0.291125 0.277679 0.619742 0.224759 0.212217 0.194689 0.244978 0.187288 0.180741 0.370365 0.304707 0.151891 0.131239 0.0761531 0.0722462 0.0635657 0.0509764
threshold=1656.8214285714287 30.550000000000004 2.5000000000000004 -0.69674959280705229 3.5000000000000004 27.150000000000002 20.650000000000002 18289.21923438364 -0.95754239937548935 0.56687922534319801 0.82956358440703803 20.570000000000004 18316.000000000004 5.5000000000000009 1.1796109410501507 38671.714285714297 5.5000000000000009 26.050000000000004 19867.529565653193 42883.470000000008 26.550000000000004 0.83552254320998587 20931.500000000004 22.680000000000003 27499.280000000002 21249.340946381661 25452.035000000003 26.750000000000004 0.9916835347852474 0.9550229469509578
decision_type=2 2 2 2 2 2 2 2 2 2 2 2 2 2 2 2 2 2 2 2 2 2 2 2 2 2 2 2 2 2
left_child=1 2 -1 4 5 7 8 -2 -7 10 -5 -3 25 16 18 -16 17 27 -14 21 -13 22 -20 -23 -19 -11 -24 -6 29 -25
right_child=3 11 -4 9 13 6 -8 -9 -10 12 -12 20 14 -15 15 -17 -18 24 19 -21 -22 23 26 28 -26 -27 -28 -29 -30 -31
leaf_value=-0.021058205170556902 -0.002333743213010686 -0.011092919399961829 -0.0086768709256180698 -2.6657863667136742e-06 0.0029781736303120853 0.01064801895370086 -0.0078864088470370249 -0.012866630405187606 0.0013926093932241201 0.0015946050842334939 0.014264876903856503 -0.0064115900578706154 0.0062807795536868709 -0.0016361900054228803 0.0036963661797344682 -0.0040947433566565026 -0.00054587317814462275 -0.00058010611372689405 -0.0017341533999728118 0.0045627919801821308 -0.0024467601557262241 0.0063730470205504951 0.00026300653431783703 0.0017121481731534004 0.0028700964657279349 -0.0014787791717540601 0.0025315769427522485 0.0062997157350182537 0.00051848466836792583 0.0041019867948795617
leaf_weight=22 19 22 26 17 18 15.999999999999998 20 20 22 20 14.999999999999998 21 14.999999999999998 15.999999999999998 18 14.999999999999998 17 15.999999999999998 21 61 28 24 14.999999999999998 23 34 27 166 18 14.999999999999998 17
leaf_count=22 19 22 26 17 18 16 20 20 22 20 15 21 15 16 18 15 17 16 21 61 28 24 15 23 34 27 166 18 15 17
internal_value=5.08925e-05 -0.0102103 -0.014967 0.00185803 -0.000192074 -0.00283322 0.000859766 -0.00809938 0.00562717 0.00279902 0.00713095 -0.0066726 0.00245077 0.00197204 0.00276452 0.000123334 0.00255303 0.00316408 0.00300661 0.00282733 -0.00433077 0.00242101 0.00191123 0.00364512 0.00178618 -0.000159251 0.0023485 0.0048831 0.00227291 0.0028748
internal_weight=804 119 48 685 216 97 58 39 38 469 32 71 437 119 390 33 103 86 357 342 49 281 202 79 50 47 181 36 55 40
internal_count=804 119 48 685 216 97 58 39 38 469 32 71 437 119 390 33 103 86 357 342 49 281 202 79 50 47 181 36 55 40
is_linear=0
shrinkage=0.03


Tree=72
num_leaves=31
num_cat=0
split_feature=10 1 14 4 6 7 15 16 15 4 12 6 11 11 11 10 1 17 13 17 14 18 10 10 7 15 10 5 16 7
split_gain=12.9497 2.3738 1.51551 1.04086 1.25333 2.54097 3.03885 1.60951 1.55223 0.810976 0.439704 0.672317 0.310027 0.324831 0.284616 0.272132 0.391494 0.306466 0.240008 0.234597 0.233815 0.230269 0.193994 0.222298 0.167587 0.150402 0.149353 0.127472 0.0908941 0.0876583
threshold=1599.6342105263161 1355.2471233562039 25.650000000000002 -0.69057362043749781 22010.485000000004 21658.000000000004 31.450000000000003 0.35000000000000003 28.550000000000004 -0.21756855694718769 0.81218312842496998 15720.500000000002 2.4806590165656348 2.1296807803458528 1.7914464970402915 35902.061200000004 32957.943441796939 1.0772947228869902 22.325000000000003 1.1156061753507667 30.150000000000002 15.250000000000002 26214.095555555559 28858.626254545459 27251.710000000003 31.050000000000004 28945.140030769235 0.62420859727530387 0.65000000000000002 30073.940000000006
decision_type=2 2 2 2 2 2 2 2 2 2 2 2 2 2 2 2 2 2 2 2 2 2 2 2 2 2 2 2 2 2
left_child=1 2 9 4 5 6 8 -8 -2 -1 26 -12 13 14 15 16 20 -17 28 24 22 -21 25 -24 -6 -13 -5 -25 -4 -26
right_child=3 -3 18 10 19 -7 7 -9 -10 -11 11 12 -14 -15 -16 17 -18 -19 -20 21 -22 -23 23 27 29 -27 -28 -29 -30 -31
leaf_value=-0.016038777709007263 0.00027482829399799047 -0.019015583625684181 -0.0060616853088140488 0.0012938347815846403 0.005978215930654722 -0.012274586403815957 7.3266535483557601e-05 0.011152546876775367 -0.011887869217566082 -0.0065719777523190713 0.0087571374645716883 0.0064418628332870344 -0.0013658253476023674 0.0069017470452715363 -0.0010295360237360001 0.003143286232785513 -0.0022022504913375564 0.007487049379075566 -0.00050826351966380191 0.0024456403825686059 -0.00063169123922390011 -0.0020044784315396101 -0.00095958377087586799 0.0051160477167543237 0.00033630752045770774 0.0021632840406770508 -0.0025330883813531775 0.0021327267396018695 -0.0030595845012710643 0.0030747165950015184
leaf_weight=18 17 15.999999999999998 29 15.999999999999998 14.999999999999998 17 27 19 19 22 14.999999999999998 19 15.999999999999998 14.999999999999998 18 144 17 15.999999999999998 14.999999999999998 20 20 18 17 14.999999999999998 14.999999999999998 15.999999999999998 17 93 24 38
leaf_count=18 17 16 29 16 15 17 27 19 19 22 15 19 16 15 18 144 17 16 15 20 20 18 17 15 15 16 17 93 24 38
internal_value=0.000108984 -0.00870544 -0.00686004 0.00178886 1.32253e-05 -0.00238923 -9.63726e-05 0.0049235 -0.0064322 -0.0113929 0.00258706 0.00284761 0.00258742 0.00275575 0.00255418 0.0027396 0.00195893 0.00366473 -0.00394431 0.00225972 0.00237182 0.000342863 0.00275042 0.00213661 0.00329051 0.0047086 -0.000709704 0.00263256 -0.00486294 0.00234011
internal_weight=783 124 108 659 205 99 82 46 36 40 454 421 406 390 375 357 197 160 68 106 180 38 160 125 68 35 33 108 53 53
internal_count=783 124 108 659 205 99 82 46 36 40 454 421 406 390 375 357 197 160 68 106 180 38 160 125 68 35 33 108 53 53
is_linear=0
shrinkage=0.03


Tree=73
num_leaves=31
num_cat=0
split_feature=9 9 12 8 17 1 12 11 6 6 8 12 9 6 15 7 5 5 5 15 9 1 1 2 12 1 7 17 5 21
split_gain=18.0741 3.78327 1.32564 1.219 1.63969 1.8227 0.828717 1.00989 0.901129 0.915798 0.477925 0.624472 1.18479 0.394413 0.25977 0.402647 0.230388 0.228349 0.207095 0.27513 0.241158 0.181466 0.146165 0.0937673 0.35003 0.0622138 0.0270224 0.0235939 0.0235116 0.00755797
threshold=1710.7833333333335 1539.3571428571431 0.82490710651021326 21198.500000000004 1.1515640663696891 17758.929130434786 1.1454751168991206 1.2790474319337004 15173.500000000002 18316.000000000004 102647.26000000001 1.1963166753854095 35598.132857142868 23777.995000000003 35.250000000000007 17219.000000000004 0.59003219687534991 0.080547328232315238 0.30778899014954286 31.550000000000004 1220.7857142857144 21249.340946381661 22109.324389528516 5.5000000000000009 1.0082422568804026 30829.599852476294 26194.500000000004 1.0712999171119839 0.47369649395226454 16.850000000000005
decision_type=2 2 2 2 2 2 2 2 2 2 2 2 2 2 2 2 2 2 2 2 2 2 2 2 2 2 2 2 2 2
left_child=1 2 -1 4 6 -6 8 -8 -2 -10 11 14 -13 16 15 -5 -11 -16 -4 20 -20 -17 -23 25 -25 26 -24 29 -28 -27
right_child=3 -3 18 10 5 -7 7 -9 9 13 -12 12 -14 -15 17 21 -18 -19 19 -21 -22 22 23 24 -26 27 28 -29 -30 -31
leaf_value=-0.016045785788446666 0.0069469645799233991 -0.02341729741126887 -0.0028615678304477646 -0.0019064880397758987 0.00060112626880015195 -0.013223736025393009 -0.0058619546357156892 0.0029522337410598995 -0.0033736021516303865 0.0072826583595260192 0.0071512306183576582 0.002705626354020621 -0.0073463780432939524 -0.0002570366296409206 0.0072655740114195002 0.0051475190786788088 0.0020339957391843199 0.0022798611405305566 -0.0043867107305456607 -0.003747136066244407 -0.0098947006365970556 -0.0004071341728901162 0.0034758699356633072 -0.0023133588133051114 0.0030979572143405676 0.0030577255339345097 0.00087125427721600451 0.0042777443286364097 0.00216836671854093 0.0018208176277888317
leaf_weight=15.999999999999998 27 17 14.999999999999998 17 17 14.999999999999998 27 18 29 17 18 26 14.999999999999998 20 19 24 15.999999999999998 18 14.999999999999998 20 36 14.999999999999998 14.999999999999998 14.999999999999998 28 110 19 26 89 15.999999999999998
leaf_count=16 27 17 15 17 17 15 27 18 29 17 18 26 15 20 19 24 16 18 15 20 36 15 15 15 28 110 19 26 89 16
internal_value=-0.000215496 -0.0108711 -0.00837 0.00174463 -0.000309182 -0.00627594 0.00099523 -0.00236068 0.00239827 0.000770785 0.00255529 0.00234156 -0.00114258 0.00307868 0.00269298 0.00243092 0.0049995 0.00508139 -0.00660973 -0.0073015 -0.00850137 0.00264694 0.00243706 0.00257292 0.00119137 0.00277879 0.00219766 0.00321439 0.00196016 0.00293156
internal_weight=775 119 102 656 186 32 154 45 109 82 470 452 41 53 411 374 33 37 86 71 51 357 333 318 43 275 123 152 108 126
internal_count=775 119 102 656 186 32 154 45 109 82 470 452 41 53 411 374 33 37 86 71 51 357 333 318 43 275 123 152 108 126
is_linear=0
shrinkage=0.03


Tree=74
num_leaves=31
num_cat=0
split_feature=10 9 19 0 12 4 17 11 19 6 11 10 6 1 2 11 6 17 6 13 7 6 7 6 17 19 19 0 4 10
split_gain=17.135 4.66015 1.36038 1.85708 1.30134 1.02042 2.29881 0.714115 1.39123 1.05335 0.682379 0.462537 0.387969 0.255879 0.362648 0.345172 0.214677 0.213028 0.163467 0.132278 0.164468 0.112955 0.308748 0.0549783 0.0528842 0.0458385 0.105594 0.0609878 0.0376466 0.0371854
threshold=1599.6342105263161 1546.2857142857144 7703.8825000000006 3.5000000000000004 0.82490710651021326 -0.96689237009891416 1.1515640663696891 0.63060662489200092 2714.8095000000008 16862.000000000004 0.8393892264697107 1434.1342592592594 54449.000000000007 20673.011926923955 3.5000000000000004 1.8757708244587954 16400.500000000004 1.0317367879602826 38566.000000000007 20.570000000000004 1210.5000000000002 40954.600000000006 40772.560000000005 25885.215000000004 1.0882207665243786 1540.8855000000001 985.1495000000001 4.5000000000000009 0.21336913576298863 26764.317592592597
decision_type=2 2 2 2 2 2 2 2 2 2 2 2 2 2 2 2 2 2 2 2 2 2 2 2 2 2 2 2 2 2
left_child=1 4 5 -4 -1 6 -2 8 9 -7 16 19 13 14 18 21 -9 23 -12 20 -6 22 24 -5 25 26 -15 29 -28 -27
right_child=2 -3 3 17 11 7 -8 10 -10 -11 12 -13 -14 15 -16 -17 -18 -19 -20 -21 -22 -23 -24 -25 -26 27 28 -29 -30 -31
leaf_value=-0.015313456586251654 0.003128489559050649 -0.024166342443541475 -0.0082540448755025857 0.00071076465623551288 -0.0048745734058320521 -0.0015904779732227325 -0.010459084520116447 -0.004074958045966923 0.010524990825817503 0.0076243605899314086 0.0008482281910255551 -0.0010936192510759128 -0.0020351758161011864 0.002576718268131739 0.0074329696036875247 -0.0019219728427774764 0.00065114289522171019 -0.0010445466715722313 0.004784246953752111 -0.005210267466566775 -0.01013139183131548 0.0036699201529035749 -0.0017725300224607481 0.0029540218566544351 0.0037354990722087678 0.0036947787892730797 -0.0008272047910620183 0.0039198520574076417 0.0011711695576634477 0.0019895187751972116
leaf_weight=15.999999999999998 28 17 25 17 14.999999999999998 28 15.999999999999998 17 27 15.999999999999998 24 14.999999999999998 14.999999999999998 36 22 14.999999999999998 14.999999999999998 29 14.999999999999998 39 24 67 14.999999999999998 28 30 14.999999999999998 15.000000000000002 27 14.999999999999998 118
leaf_count=16 28 17 25 17 15 28 16 17 27 16 24 15 15 36 22 15 15 29 15 39 24 67 15 28 30 15 15 27 15 118
internal_value=-0.00019465 -0.0102601 0.001709 -0.00151599 -0.00769494 0.00226663 -0.00205237 0.00263019 0.00540752 0.00194618 0.00218093 -0.00608944 0.00249681 0.00267001 0.00447266 0.00233506 -0.00195161 0.000917687 0.00252161 -0.00699881 -0.00844595 0.00253417 0.00222855 0.00217288 0.00247491 0.00227628 0.00152592 0.00256314 0.000182731 0.00223373
internal_weight=801 126 675 99 109 576 44 532 71 44 461 93 429 414 61 353 32 74 39 78 39 338 271 45 256 226 66 160 30 133
internal_count=801 126 675 99 109 576 44 532 71 44 461 93 429 414 61 353 32 74 39 78 39 338 271 45 256 226 66 160 30 133
is_linear=0
shrinkage=0.03


Tree=75
num_leaves=31
num_cat=0
split_feature=10 14 18 10 4 6 13 18 21 14 12 12 4 6 0 7 2 7 5 15 1 1 6 7 17 13 9 1 16 17
split_gain=14.2125 2.88268 1.08159 0.949542 1.68126 1.48062 2.90981 0.992984 1.06536 0.800057 0.413881 0.29519 0.467313 0.281344 0.480371 0.273461 0.245866 0.218526 0.157338 0.150066 0.133298 0.508016 0.129973 0.227712 0.0404193 0.0147356 0.0410138 0.0228459 0.0083042 0.00614723
threshold=1599.6342105263161 27.050000000000004 27.400000000000002 24763.485712250716 -0.96689237009891416 15173.500000000002 17.760000000000002 17.250000000000004 16.650000000000002 26.050000000000004 1.2956714464089722 1.0030307684999522 -0.58482361983252518 17040.000000000004 1.0000000180025095e-35 1563.5000000000002 2.5000000000000004 19930.500000000004 -0.031174269516803289 33.250000000000007 21163.03259564548 22037.935374331555 40954.600000000006 40522.710000000006 1.0847211601536717 20.395000000000003 37213.42857142858 35596.9328773585 8.6500000000000004 1.1783557464782304
decision_type=2 2 2 2 2 2 2 2 2 2 2 2 2 2 2 2 2 2 2 2 2 2 2 2 2 2 2 2 2 2
left_child=1 9 3 4 -2 6 -5 11 -9 16 13 18 -13 -7 -15 -11 -1 -16 -6 -10 -19 -22 23 24 25 26 27 28 -23 -26
right_child=2 -3 -4 5 7 10 -8 8 19 15 -12 12 -14 14 17 -17 -18 20 -20 -21 21 22 -24 -25 29 -27 -28 -29 -30 -31
leaf_value=-0.01205851538673691 -0.0086803761242966477 -0.018959510533706002 -0.0053757775062695141 0.017051243484020231 0.0031244135900017084 -0.00088075999626079972 -0.00047432395319143932 -0.0082270725115257144 0.003001655171460965 -0.0052377581448647481 -0.0020322655308991668 0.0021621577430946323 0.0089212560933083287 0.0068754022269327513 -0.00064975740472701464 -0.00031112681453426675 -0.0068895531548677303 0.0045914275279002534 -0.00093242615150908618 -0.00085718262009322639 -0.0028024936823503061 0.002064006701508911 0.0037242589703295379 -0.0012222030298674807 0.0040220926774908669 0.0028063391428440809 0.0006530796709869588 0.0030239133186200085 0.0010524921521873158 0.0023169019585132923
leaf_weight=21 15.999999999999998 21 15.999999999999998 15.999999999999998 15.000000000000002 21 15.999999999999998 14.999999999999998 14.999999999999998 27 18 24 14.999999999999998 21 20 15.999999999999998 36 26 15.999999999999998 18 14.999999999999998 105 73 14.999999999999998 21 52 19 32 14.999999999999998 14.999999999999998
leaf_count=21 16 21 16 16 15 21 16 15 15 27 18 24 15 21 20 16 36 26 16 18 15 105 73 15 21 52 19 32 15 15
internal_value=0.000144886 -0.00920905 0.00190906 0.00210924 -0.000132454 0.00270814 0.00877602 0.00115194 -0.00211951 -0.00682984 0.00225767 0.00339179 0.00507018 0.0024375 0.00260326 -0.00349989 -0.00913812 0.00235091 0.00110095 0.000968128 0.00250812 0.00233408 0.00257091 0.00223887 0.00244715 0.00225249 0.00205358 0.00221788 0.00195689 0.00347093
internal_weight=771 121 650 634 134 500 32 118 48 100 468 70 39 450 429 43 57 408 31 33 388 362 347 274 259 223 171 152 120 36
internal_count=771 121 650 634 134 500 32 118 48 100 468 70 39 450 429 43 57 408 31 33 388 362 347 274 259 223 171 152 120 36
is_linear=0
shrinkage=0.03


Tree=76
num_leaves=31
num_cat=0
split_feature=10 10 12 17 10 12 10 8 15 12 6 18 1 15 7 14 0 4 15 1 1 12 5 4 6 17 7 18 15 12
split_gain=15.6235 2.26988 1.08447 0.97878 1.87564 0.719492 1.49262 1.20612 0.947273 0.824623 3.33854 0.553459 0.549255 0.545755 1.00746 0.463458 0.421163 0.342627 0.329616 0.328006 0.319917 0.308043 0.18697 0.176163 0.111904 0.0564262 0.0412628 0.0309344 0.0244676 0.0197764
threshold=1599.6342105263161 1447.7222222222224 0.82490710651021326 1.1515640663696891 18703.000000000004 1.1512178564103615 33338.38404761906 43724.000000000007 30.650000000000002 0.79698541499078213 13700.000000000002 13.850000000000003 17889.827485380123 32.550000000000004 22843.500000000004 25.250000000000004 1.0000000180025095e-35 -0.48970496317164519 31.450000000000003 21249.340946381661 22109.324389528516 0.96874046526814117 0.2499757677084001 -0.90483020021433236 38054.960000000006 0.98628952684430915 30709.815000000006 11.65 27.550000000000004 1.0536490676544672
decision_type=2 2 2 2 2 2 2 2 2 2 2 2 2 2 2 2 2 2 2 2 2 2 2 2 2 2 2 2 2 2
left_child=1 2 -1 5 -5 9 7 8 -7 11 -11 -2 -12 14 -6 -4 -14 -17 -19 -18 21 -21 -16 -22 25 27 -27 -25 -29 -28
right_child=3 -3 15 4 13 6 -8 -9 -10 10 12 -13 16 -15 22 17 19 18 -20 20 23 -23 -24 24 -26 26 29 28 -30 -31
leaf_value=-0.014896187182360639 0.0028702724624523205 -0.019774812866623203 -0.0096496086557125368 -0.0080191137559282102 -0.0054602255243808035 -0.0040474985630041165 -0.007335543994392668 0.0084828426254292336 0.0035666996729560195 0.015347680084799463 -0.0027499602145204943 -0.0036914443605346606 0.0073650067146210103 0.0059495356869107728 0.00065657434519380306 -0.0012485164989318167 0.0056283398411635837 -0.0082423506379127494 -0.0030446165397763252 0.0025928815267980097 -0.00027722337682332314 -0.0026015911472495644 0.0052699936093652949 0.00016058011135707299 0.0033822256642005101 0.00407369714230299 0.002410102928247811 0.00066245694887281091 0.0022301742781419306 0.0010199744561139275
leaf_weight=15.999999999999998 17 15.999999999999998 29 24 18 29 19 15.999999999999998 26 17 15.999999999999998 28 14.999999999999998 15.999999999999998 16.000000000000004 19 26 28 23 15.999999999999998 19 22 14.999999999999998 15.999999999999998 125 14.999999999999998 86 15.999999999999998 28 14.999999999999998
leaf_count=16 17 16 29 24 18 29 19 16 26 17 16 28 15 16 16 19 26 28 23 16 19 22 15 16 125 15 86 16 28 15
internal_value=-0.000192559 -0.00957008 -0.00783653 0.00170348 -0.00120002 0.00216185 -0.000293045 0.00174091 -0.000449208 0.00262433 0.00302595 -0.00119592 0.00245001 0.00148202 -0.000152868 -0.00642319 0.00267121 -0.00485562 -0.00610162 0.00245065 0.00218988 -0.000394158 0.00307298 0.00249727 0.00267308 0.00213709 0.0025312 0.00131806 0.00171368 0.00222746
internal_weight=787 131 115 656 89 567 90 71 55 477 432 45 415 65 49 99 399 70 51 384 358 38 31 320 301 176 116 60 44 101
internal_count=787 131 115 656 89 567 90 71 55 477 432 45 415 65 49 99 399 70 51 384 358 38 31 320 301 176 116 60 44 101
is_linear=0
shrinkage=0.03


Tree=77
num_leaves=31
num_cat=0
split_feature=1 12 13 6 9 9 6 10 9 0 16 2 9 12 18 11 5 21 1 11 1 11 13 14 21 11 14 18 17 1
split_gain=8.56764 1.41015 1.0301 0.877522 1.78126 2.61111 1.60214 1.71297 1.52219 2.19811 0.742408 1.16794 0.503192 0.551201 0.45904 0.392178 0.412877 0.173158 0.145774 0.341143 0.111778 0.39831 0.131842 0.118663 0.30331 0.156417 0.0805931 0.0618538 0.0436181 0.0410431
threshold=13418.472972972975 0.82490710651021326 22.975000000000005 21658.000000000004 42160.894761904761 38112.571428571435 20732.000000000004 35152.404880952388 30634.616428571433 1.0000000180025095e-35 0.75000000000000011 2.5000000000000004 17301.928571428576 0.86510967682834017 14.15 0.87415628905520915 -0.048362832084465616 15.350000000000003 17619.10469444445 2.3708443502045466 20673.011926923955 1.7914464970402915 20.405000000000005 22.950000000000003 11.250000000000002 1.1277625686519432 25.650000000000002 10.950000000000001 1.0309766748979758 24366.504207459209
decision_type=2 2 2 2 2 2 2 2 2 2 2 2 2 2 2 2 2 2 2 2 2 2 2 2 2 2 2 2 2 2
left_child=1 -1 10 4 5 6 7 8 9 -2 11 -3 13 -11 -14 16 -16 -12 -5 20 -20 22 23 -22 25 -25 -13 -26 -24 -29
right_child=3 2 -4 18 -6 -7 -8 -9 -10 12 17 26 14 -15 15 -17 -18 -19 19 -21 21 -23 28 24 27 -27 -28 29 -30 -31
leaf_value=-0.014516346199961845 0.012205016376254591 -0.013779297611908986 0.0019056951695614879 0.005134834717301761 -0.0085474522635340684 0.011421504914760589 -0.0090415099087883446 -0.0084092586432747973 -0.0063454375048413092 0.00079183220788836474 -0.0015290105416728504 -0.0066437316437562306 0.0029512154626556569 0.0079943679558003647 -0.0028188358593199936 -0.0053102799406961384 0.0033730031348144008 -0.0051625703237950793 0.0046756064677610995 -0.001431382453959921 0.0029268099866765606 -0.0023161883926128639 0.0025877384509186484 -0.0026558666942375045 0.0002877402075511568 0.0012392449214616243 -0.0032772576302289962 0.0038435432796056074 0.0039324470795691017 0.0020812348881309186
leaf_weight=15.999999999999998 17 22 14.999999999999998 14.999999999999998 18 17 14.999999999999998 14.999999999999998 17 23 27 15.999999999999998 25 14.999999999999998 18.999999999999996 17 16.000000000000004 23 18 21 87 14.999999999999998 72 19 14.999999999999998 14.999999999999998 23 15.999999999999998 58 107
leaf_count=16 17 22 15 15 18 17 15 15 17 23 27 16 25 15 19 17 16 23 18 21 87 15 72 19 15 15 23 16 58 107
internal_value=0.000153023 -0.00648976 -0.00525961 0.0015718 -1.51179e-05 0.000846887 -0.000272514 0.000628799 0.001638 0.00274553 -0.00624449 -0.00844796 0.00116244 0.0038925 -0.000249291 -0.00184031 4.10406e-05 -0.00333472 0.00231012 0.00219183 0.00237803 0.00225314 0.00244028 0.00201805 0.00153002 -0.000964057 -0.00491509 0.0021495 0.00323818 0.00236831
internal_weight=814 142 126 672 214 196 179 164 149 132 111 61 115 38 77 52 35 50 458 443 422 404 389 259 172 34 39 138 130 123
internal_count=814 142 126 672 214 196 179 164 149 132 111 61 115 38 77 52 35 50 458 443 422 404 389 259 172 34 39 138 130 123
is_linear=0
shrinkage=0.03


Tree=78
num_leaves=31
num_cat=0
split_feature=9 7 16 10 8 8 14 10 10 8 14 5 9 10 6 2 6 6 13 17 15 11 9 16 0 17 1 11 14 6
split_gain=13.3478 2.37663 1.59816 1.81395 1.39623 1.03181 1.24244 1.86985 1.57883 1.15473 0.749901 0.885369 0.729019 0.512704 0.492602 0.420937 0.336322 0.575542 0.204928 0.181745 0.245156 0.167318 0.13073 0.109745 0.107527 0.0856888 0.0995974 0.0620038 0.0619595 0.0711682
threshold=1656.8214285714287 976.00000000000011 1.0000000180025095e-35 1377.5489130434785 102647.26000000001 21198.500000000004 24.550000000000004 36073.672605820109 32318.217176470593 19541.500000000004 27.650000000000002 0.50370931781787065 1502.3928571428573 18937.278461538463 20356.500000000004 2.5000000000000004 11199.500000000002 16749.500000000004 20.305000000000003 1.1038251254335063 29.050000000000004 1.1262144614527376 29313.610714285718 1.0000000180025095e-35 5.5000000000000009 1.0725008448078455 30356.044633507856 0.78252668232137834 23.650000000000002 23777.995000000003
decision_type=2 2 2 2 2 2 2 2 2 2 2 2 2 2 2 2 2 2 2 2 2 2 2 2 2 2 2 2 2 2
left_child=1 -1 3 -3 5 6 14 8 9 10 11 -8 21 15 -2 -12 -7 -18 19 24 -21 -4 -20 -13 28 26 -24 -15 -19 -30
right_child=4 2 12 -5 -6 16 7 -9 -10 -11 13 23 -14 27 -16 -17 17 18 22 20 -22 -23 25 -25 -26 -27 -28 -29 29 -31
leaf_value=-0.019613597299903633 0.0083196288785513696 -0.0056732589623931301 -0.0075588365130383394 -0.019677518723696906 0.0094409455955028528 0.0062331526974836989 -0.0084045671361188089 -0.010341817615063566 0.0077552269810908714 -0.0076067239697010297 0.00089632092509418727 -0.0016943025353419426 0.0014171210785999017 -0.0023013598166632138 0.0013650981197133661 0.0072359681884317014 -0.0034775703444200399 0.0027662727388800407 0.0056515068607404829 0.0019613314086669368 -0.0030011243110193925 -0.0034276224729483541 1.9542127847671509e-05 0.001714529193499509 9.4779825769364839e-06 0.0040712596122175456 0.0026020970287568427 0.00020443508285097778 -0.00015892246582855781 0.0019471536816470323
leaf_weight=15.999999999999998 14.999999999999998 21 27 14.999999999999998 18 15.999999999999998 15.999999999999998 17 17 21 20 15.000000000000002 14.999999999999998 14.999999999999998 22 17 14.999999999999998 96 15.999999999999998 17 14.999999999999998 21 15.999999999999998 14.999999999999998 23 33 83 18 15.999999999999998 123
leaf_count=16 15 21 27 15 18 16 16 17 17 21 20 15 15 15 22 17 15 96 16 17 15 21 16 15 23 33 83 18 16 123
internal_value=4.32112e-05 -0.00933332 -0.00731637 -0.0122369 0.00161705 0.00138184 -0.000374639 -0.00146168 -0.000361382 -0.00146565 -0.000243816 -0.00314455 -0.00421462 0.00169678 0.00446657 0.00403083 0.00215911 0.00198845 0.0021906 0.00170586 -0.000404524 -0.00596083 0.00310501 1.07454e-05 0.00196871 0.0027166 0.00219337 -0.00100098 0.00215877 0.00170591
internal_weight=810 115 99 36 695 677 208 171 154 137 116 46 63 70 37 37 469 453 438 290 32 48 148 30 258 132 99 33 235 139
internal_count=810 115 99 36 695 677 208 171 154 137 116 46 63 70 37 37 469 453 438 290 32 48 148 30 258 132 99 33 235 139
is_linear=0
shrinkage=0.03


Tree=79
num_leaves=31
num_cat=0
split_feature=10 14 14 2 4 1 1 7 7 0 13 6 5 8 1 6 17 12 1 12 12 17 7 2 6 1 8 17 2 18
split_gain=12.8756 2.51218 1.62876 1.97653 0.856222 1.41997 2.53681 1.36052 3.53153 1.27371 0.561763 0.531442 1.14724 0.379375 0.743187 0.53144 0.519526 0.853905 0.443634 0.341373 0.336244 0.239874 0.225361 0.201221 0.355971 0.253363 0.152755 0.123328 0.11759 0.149677
threshold=1599.6342105263161 27.050000000000004 25.950000000000003 2.5000000000000004 -0.69057362043749781 21731.703826557143 17847.107442977194 9319.6000000000022 12935.000000000002 3.5000000000000004 21.450000000000006 10856.500000000002 0.31595530242620651 15505.500000000002 20434.245120777694 20732.000000000004 0.88389492284060356 1.1560590165526257 22109.324389528516 1.0681105847689303 0.83319411391948661 1.0441879156487508 16189.500000000002 1.0000000180025095e-35 26102.285000000003 32529.372091503272 1475.5000000000002 1.0194033250299206 4.5000000000000009 16.650000000000002
decision_type=2 2 2 2 2 2 2 2 2 2 2 2 2 2 2 2 2 2 2 2 2 2 2 2 2 2 2 2 2 2
left_child=1 2 3 -1 5 6 11 -7 -9 -10 -4 -2 -13 22 15 -15 -16 18 19 20 -18 23 -6 25 -25 -20 -5 -22 -11 -30
right_child=4 -3 10 26 13 7 -8 8 9 28 -12 12 -14 14 16 -17 17 -19 21 -21 27 -23 -24 24 -26 -27 -28 -29 29 -31
leaf_value=-0.01555966900102794 0.0042065792070592155 -0.018201194814279335 -0.0049444948285818097 -0.0065119864521548144 -0.0033640291859560151 -0.0065525343115715416 -0.013363829222507773 0.015269324591054635 -0.00650761168646185 0.0025909032048012531 0.0015212650543877057 0.0036195517786066318 -0.0070299943294376138 0.0096200565434992301 0.0062836337654152878 0.0029709118902683258 -0.0020519975814233095 -0.0045359390121149385 0.0016366120508279312 -0.0033712159762425082 0.0046664682558427246 0.0042992005086150654 0.0014082414784321658 -0.0024225116707384587 0.0020495440845868934 0.0068456564766957474 -0.0022286830332718397 0.00084401783697745378 0.0021038510504045658 -0.0016877311216119456
leaf_weight=28 14.999999999999998 20 28 18 14.999999999999998 14.999999999999998 15.999999999999998 14.999999999999998 17 72 19 14.999999999999998 18 19 22 28 17 17 20 19 16.000000000000004 56 17 15.999999999999998 169 14.999999999999998 17 14.999999999999998 19 14.999999999999998
leaf_count=28 15 20 28 18 15 15 16 15 17 72 19 15 18 19 22 28 17 17 20 19 16 56 17 16 169 15 17 15 19 15
internal_value=-0.000185225 -0.00875901 -0.00674788 -0.00983654 0.00147964 -7.46461e-05 -0.00375916 0.00149521 0.00245107 0.000668573 -0.00237527 -0.000151113 -0.00225907 0.00220843 0.00244301 0.00594181 0.00198382 0.00168779 0.00202076 -0.000165779 0.00118714 0.00254893 -0.000895056 0.00206869 0.001641 0.00411842 -0.00466445 0.00298014 0.00191867 0.000430262
internal_weight=808 130 110 63 678 217 64 153 138 123 47 48 33 461 429 47 382 360 343 67 48 276 32 220 185 35 35 31 106 34
internal_count=808 130 110 63 678 217 64 153 138 123 47 48 33 461 429 47 382 360 343 67 48 276 32 220 185 35 35 31 106 34
is_linear=0
shrinkage=0.03


Tree=80
num_leaves=31
num_cat=0
split_feature=9 9 16 9 4 7 7 4 13 18 14 18 12 16 13 9 1 7 7 18 15 12 1 4 13 7 21 15 1 15
split_gain=12.9396 2.80377 1.13024 1.08012 1.53468 2.12912 1.76801 1.1732 1.05525 0.879227 0.596854 0.534637 0.826647 0.682338 0.43116 0.284506 0.249419 0.240386 0.542822 0.25634 0.245663 0.629293 0.36731 0.291917 0.190691 0.187019 0.296251 0.1491 0.0960181 0.0458204
threshold=1656.8214285714287 1528.3571428571431 1.2500000000000002 22235.553571428576 -0.95754239937548935 23289.805000000004 15518.500000000002 -0.96902457013955734 17.940000000000001 10.750000000000002 24.750000000000004 17.450000000000003 1.0828589953962309 1.0500000000000003 19.450000000000006 1197.3690476190479 20434.245120777694 18127.000000000004 22426.000000000004 14.15 28.450000000000003 1.1796109410501507 22818.463826979478 -0.8816668175367014 18.830000000000002 43824.000000000007 13.850000000000003 31.450000000000003 21915.162334345583 29.350000000000005
decision_type=2 2 2 2 2 2 2 2 2 2 2 2 2 2 2 2 2 2 2 2 2 2 2 2 2 2 2 2 2 2
left_child=1 2 15 7 5 -5 8 -2 -6 -4 -9 13 24 14 -12 -1 -16 -8 19 -19 22 23 -20 -22 -13 28 -27 -17 -25 -30
right_child=3 -3 9 4 6 -7 17 10 -10 -11 11 12 -14 -15 16 27 -18 18 20 -21 21 -23 -24 25 -26 26 -28 -29 29 -31
leaf_value=-0.0020461156677741271 -0.0084449208867462249 -0.020117247845781477 -0.0057157868979608294 0.015592138655483721 -0.0096264652702957396 0.00156583730913833 0.0046692807434333692 0.0051901431688491035 0.00080102513927747228 -0.016898726452799401 -0.004803542896886082 0.0020586238582344608 -0.0083325509882221632 0.0059132252975056566 0.0035407466301694513 -0.0075129223949111567 -0.0011915142886826525 0.0008607473662670921 0.0068098141465868268 -0.0042897633071008485 -0.0019285861446576959 -0.0027951769351160947 0.0023344814949758492 -0.00027679661434376612 -0.0023732786594579617 0.006376609790908253 0.0013484507718749227 -0.0034384380080737173 0.00051942319210086546 0.00213556830276009
leaf_weight=24 14.999999999999998 17 15.000000000000002 14.999999999999998 18 24 25 14.999999999999998 14.999999999999998 14.999999999999998 14.999999999999998 15.000000000000002 15.999999999999998 15.999999999999998 15.999999999999998 32 21 14.999999999999998 19 17 14.999999999999998 26 102 18 15.999999999999998 21 22 18 19 175
leaf_count=24 15 17 15 15 18 24 25 15 15 15 15 15 16 16 16 32 21 15 19 17 15 26 102 18 16 21 22 18 19 175
internal_value=-0.000335156 -0.00930148 -0.0071873 0.00125724 0.00186715 0.007458 0.00140947 -0.00103356 -0.00511177 -0.012014 -6.3405e-05 -0.000825657 -0.00321854 0.000872949 -0.000839474 -0.00496588 0.000931503 0.00188305 0.0017079 -0.00196685 0.00199793 0.00151457 0.00313652 0.00194708 -0.000234012 0.0021883 0.00397833 -0.00623477 0.00179144 0.0019842
internal_weight=812 121 104 691 546 39 507 145 33 30 130 115 47 68 52 74 37 474 449 32 417 296 121 270 31 255 43 50 212 194
internal_count=812 121 104 691 546 39 507 145 33 30 130 115 47 68 52 74 37 474 449 32 417 296 121 270 31 255 43 50 212 194
is_linear=0
shrinkage=0.03


Tree=81
num_leaves=31
num_cat=0
split_feature=10 9 8 16 9 11 15 10 12 8 6 18 8 10 13 18 13 12 8 15 12 17 17 13 1 18 4 18 6 8
split_gain=8.38868 2.35718 1.0419 0.705756 0.693064 3.27995 0.584248 0.478037 1.12546 1.48595 0.674016 0.60079 0.473779 0.303572 0.223326 0.271729 0.188271 0.160646 0.221739 0.178887 0.164786 0.111815 0.109879 0.0709428 0.0768767 0.0689842 0.0655236 0.0514422 0.13456 0.138809
threshold=1599.6342105263161 1546.2857142857144 102647.26000000001 33.300000000000004 17951.958571428575 1.1898389668077838 32.350000000000001 18594.445652173916 1.3058659585431482 13710.000000000002 18316.000000000004 15.250000000000002 16081.500000000002 32580.380000000001 20.460000000000004 9.4500000000000011 20.405000000000005 0.89557505517902924 26762.795000000002 29.050000000000004 0.94062093214815756 1.0309766748979758 1.0217063738770271 23.225000000000005 33532.112021764035 13.15 -0.68430824382591193 13.15 38566.000000000007 38321.000000000007
decision_type=2 2 2 2 2 2 2 2 2 2 2 2 2 2 2 2 2 2 2 2 2 2 2 2 2 2 2 2 2 2
left_child=1 6 3 4 5 12 14 -6 9 -9 13 -10 -2 -11 15 -1 17 -12 19 -19 -20 22 25 24 -23 -18 -22 28 29 -28
right_child=2 -3 -4 -5 7 -7 -8 8 11 10 16 -13 -14 -15 -16 -17 21 18 20 -21 26 23 -24 -25 -26 -27 27 -29 -30 -31
leaf_value=-0.0040824498373426884 0.0056322031281888481 -0.017089818231761453 0.0087449097385009118 -0.0043111148768251659 0.0056250976566225288 -0.01231587135232985 -0.00055196930289916368 0.0095266048480635093 0.00079437303667267165 9.0212562587112187e-05 0.0040217201298345688 -0.0069159210585057734 -6.1850063277468564e-05 -0.0049857464038273866 -0.0042099336799167626 -0.0097242991506521197 0.0037968281673134434 0.00098159864321351042 -0.0010294622521063216 -0.0029519629788895448 0.0029229120029520021 0.0054200954930274745 -0.00014431670928994814 0.0018216992248045771 0.0026366667001275343 0.0016806478359337365 0.0011666551876502731 0.0020724225585611431 0.002914023704149506 -0.0020601226839547355
leaf_weight=17 22 15.999999999999998 15.999999999999998 17 28 15.999999999999998 21 21 15.999999999999998 28 21 18 29 14.999999999999998 40 26 26 23 17 15.999999999999998 49 30 15.999999999999998 17 22 40 34 96 20 15.999999999999998
leaf_count=17 22 16 16 17 28 16 21 21 16 28 21 18 29 15 40 26 26 23 17 16 49 30 16 17 22 40 34 96 20 16
internal_value=0.000294636 -0.00694243 0.00160959 0.00140859 0.00157451 -0.0012816 -0.0050883 0.00191413 0.00170205 0.0020594 0.00169902 -0.00344499 0.00251426 -0.00182336 -0.00619605 -0.00777438 0.00204758 0.00158346 0.00136643 -0.000697448 0.00171638 0.00291265 0.00207501 0.00382162 0.00438376 0.00260145 0.00194098 0.00161978 0.000958693 9.4565e-05
internal_weight=789 120 669 653 636 67 104 569 541 507 486 34 51 43 83 43 443 292 271 39 232 151 82 69 52 66 215 166 70 50
internal_count=789 120 669 653 636 67 104 569 541 507 486 34 51 43 83 43 443 292 271 39 232 151 82 69 52 66 215 166 70 50
is_linear=0
shrinkage=0.03


Tree=82
num_leaves=31
num_cat=0
split_feature=9 15 8 14 6 7 7 15 16 5 12 15 10 7 8 13 4 12 9 7 10 1 1 1 4 10 10 11 11 5
split_gain=9.99547 1.75468 1.47902 1.29079 1.53036 0.966788 1.94944 1.63149 1.79665 1.556 1.76641 0.632299 0.520728 0.453092 0.424032 0.31171 0.28642 0.260706 0.53094 0.188275 0.104218 0.0917337 0.125357 0.394791 0.0915086 0.0795105 0.0635227 0.038901 0.0606461 0.0455171
threshold=1656.8214285714287 32.250000000000007 102647.26000000001 25.550000000000004 1245.0000000000002 22843.500000000004 20653.500000000004 31.350000000000005 2.7500000000000004 0.48877522411129348 1.0991659274387173 35.050000000000004 29226.583260869571 1568.5000000000002 20894.000000000004 16.880000000000006 -0.65882179392489248 1.1777105231935463 35895.029523809535 49790.000000000007 1424.4894179894184 35435.404625323004 21304.200305944058 22109.324389528516 -0.73282214301478099 25374.277572463772 1335.6130952380956 1.1549645963259663 1.0707328185333493 0.79253265336324141
decision_type=2 2 2 2 2 2 2 2 2 2 2 2 2 2 2 2 2 2 2 2 2 2 2 2 2 2 2 2 2 2
left_child=1 3 5 4 -1 6 7 9 11 10 -2 14 15 20 16 -11 -9 19 24 21 26 22 -7 -24 -19 -25 -5 28 -27 -30
right_child=2 -3 -4 13 -6 17 -8 8 -10 12 -12 -13 -14 -15 -16 -17 -18 18 -20 -21 -22 -23 23 25 -26 27 -28 -29 29 -31
leaf_value=-0.0040412479745490209 -0.0011851831566542387 -0.014927777521312236 0.0097637257528932469 -0.0032515002228319643 -0.017017892811666515 0.0040034281326965853 -0.0093180929656709842 0.0031824566902858872 0.011643519401550293 0.0055556620135903357 -0.013847836529215176 0.0052222324707187134 -0.0032172875665128229 0.0011011057502279679 -0.004251911416261767 2.7130473601190667e-05 -0.0011267489505033671 0.00088390435031412734 -0.0034688739025074502 0.0046098666616354979 -0.0020293753681813972 0.0028790768833374079 -0.0024025024652447819 0.0039803119792657738 0.0039594966633354914 0.0021853640846066728 -0.0065870656915332964 0.002067350534557858 -0.00061627816674964767 0.0011708277978879562
leaf_weight=19 23 23 17 15.999999999999998 14.999999999999998 20 18 25.999999999999996 15.999999999999998 18 15.999999999999998 24 15.999999999999998 15.999999999999998 15.999999999999998 17 26.000000000000004 21 21 29 14.999999999999998 104 19 14.999999999999998 14.999999999999998 31 21 134 19 32
leaf_count=19 23 23 17 16 15 20 18 26 16 18 16 24 16 16 16 17 26 21 21 29 15 104 19 15 15 31 21 134 19 32
internal_value=8.49575e-05 -0.00765412 0.0014989 -0.00575846 -0.0103936 0.00126287 -0.000390588 0.000506069 0.00296715 -0.00244753 -0.00680221 0.00124259 0.00101354 -0.00321013 -0.000271066 0.00301699 0.00106592 0.00203761 0.000133172 0.00230499 -0.00452831 0.00210269 0.00178467 0.00157681 0.00230635 0.00192192 -0.00538537 0.00174378 0.00117837 0.000506911
internal_weight=818 125 693 102 34 676 216 198 108 90 39 92 51 68 68 35 52 460 57 403 52 374 270 250 36 231 37 216 82 51
internal_count=818 125 693 102 34 676 216 198 108 90 39 92 51 68 68 35 52 460 57 403 52 374 270 250 36 231 37 216 82 51
is_linear=0
shrinkage=0.03


Tree=83
num_leaves=31
num_cat=0
split_feature=1 7 1 9 18 11 2 7 1 9 9 7 6 1 11 11 14 12 12 7 12 17 10 7 12 18 13 13 10 17
split_gain=10.0404 1.83083 1.71413 1.2334 0.712048 0.806648 1.41442 2.48379 1.31493 0.959058 1.93895 0.451778 0.660228 0.41791 0.697383 0.25021 0.15788 0.148959 0.263233 0.135829 0.131062 0.122233 0.0935975 0.0888974 0.0868646 0.0831098 0.0664214 0.06193 0.0347391 0.0291932
threshold=13418.472972972975 976.00000000000011 1362.7798153692618 1528.3571428571431 28.800000000000004 0.55461158893461004 4.5000000000000009 9775.0000000000018 31873.152815126054 17701.714285714286 16082.214285714288 17219.000000000004 20540.565000000006 20673.011926923955 1.9857634313951362 1.0495901351293244 24.850000000000005 0.91058534858214124 0.93335375500434381 20931.500000000004 1.2897363449934809 0.89321402284005147 35902.061200000004 38020.000000000007 0.89361550706477255 13.250000000000002 22.155000000000005 14.005000000000001 37078.954545454551 1.0351370589425877
decision_type=2 2 2 2 2 2 2 2 2 2 2 2 2 2 2 2 2 2 2 2 2 2 2 2 2 2 2 2 2 2
left_child=1 -1 3 16 5 6 7 -2 -9 10 -7 12 -11 15 17 -13 -3 -15 -19 -20 -17 25 23 29 -18 -21 -26 -24 -29 -23
right_child=4 2 -4 -5 -6 9 -8 8 -10 11 -12 13 -14 14 -16 20 24 18 19 21 -22 22 27 -25 26 -27 -28 28 -30 -31
leaf_value=-0.015174977393101224 -0.001189914331348105 -0.007886845026165247 -0.012813644828565883 0.0031157582534942774 -0.004457045807777082 0.0033127557145627706 -0.0018093706845589306 0.018128753558677786 0.0057004909164139195 -0.0047950827135987894 -0.010726170466445825 0.00081251440460191054 0.0023344734837155556 0.0039404093082994222 -0.0041956963079671063 0.0067127786891470692 -0.0019450726710698182 -0.0018032485648597542 -0.00068821079440807033 -0.0012861136809292741 0.0028217762228297562 0.0015381701081114271 0.00085983345595498878 -0.00048546216067145843 -0.0056962849807582405 0.0014594879830838179 -0.0027431905580063659 0.0045091860609896041 0.0026959787981341715 0.0025256290309131142
leaf_weight=20 20 18 22 18 14.999999999999998 17 21 14.999999999999998 19 21 14.999999999999998 14.999999999999998 22 28 15.999999999999998 27 14.999999999999998 17 17 14.999999999999998 17 105 15.999999999999998 14.999999999999998 36 22 15.999999999999998 14.999999999999998 113 48
leaf_count=20 20 18 22 18 15 17 21 15 19 21 15 15 22 28 16 27 15 17 17 15 17 105 16 15 36 22 16 15 113 48
internal_value=3.80562e-05 -0.00704559 -0.00552639 -0.00375547 0.00163257 0.00178972 0.00467669 0.00717359 0.0118861 0.00138852 -0.00351184 0.00169706 -0.00120577 0.00195778 0.00161608 0.00429667 -0.00524873 0.00186155 0.00168989 0.00186106 0.00539749 0.00198845 0.00218084 0.00166243 -0.00433192 0.000337533 -0.00492289 0.00275459 0.00297457 0.00187655
internal_weight=796 145 125 103 651 636 75 54 34 561 32 529 43 486 427 59 85 411 383 366 44 349 312 168 67 37 52 144 128 153
internal_count=796 145 125 103 651 636 75 54 34 561 32 529 43 486 427 59 85 411 383 366 44 349 312 168 67 37 52 144 128 153
is_linear=0
shrinkage=0.03


Tree=84
num_leaves=31
num_cat=0
split_feature=10 14 8 4 6 7 15 13 4 1 9 12 6 18 12 7 7 11 6 7 6 10 2 11 12 13 9 8 13 18
split_gain=8.78404 2.93718 1.07663 1.18142 1.58063 1.57157 3.40348 1.00373 0.994415 0.68405 0.602536 0.3874 1.02532 0.353668 0.345878 0.249038 0.287027 0.298785 0.212069 0.179988 0.171665 0.155358 0.427301 0.297422 0.0970287 0.225485 0.0942267 0.0707427 0.0692931 0.0456534
threshold=1599.6342105263161 27.050000000000004 102647.26000000001 -0.69057362043749781 21658.000000000004 21658.000000000004 31.450000000000003 21.425000000000004 -0.95500086777008153 1337.4417624521075 23056.515714285717 0.83319411391948661 15720.500000000002 10.050000000000002 1.0329554342988387 16189.500000000002 18316.000000000004 0.86870062184965502 40522.710000000006 17804.500000000004 1421.5000000000002 25985.620192307695 2.5000000000000004 1.9857634313951362 1.0107071255159059 16.060000000000006 35144.255714285719 35236.350000000013 13.835000000000003 20.450000000000003
decision_type=2 2 2 2 2 2 2 2 2 2 2 2 2 2 2 2 2 2 2 2 2 2 2 2 2 2 2 2 2 2
left_child=1 7 3 4 5 6 10 9 -8 13 -2 19 -13 -1 -9 -14 -17 -18 24 -5 -15 22 -19 26 29 -26 27 -23 -28 -6
right_child=2 -3 -4 11 18 -7 8 14 -10 -11 -12 12 15 20 -16 16 17 21 -20 -21 -22 23 -24 -25 25 -27 28 -29 -30 -31
leaf_value=-0.0021702073484659193 -0.0039654950120232317 -0.018041056801797822 0.0080611420646309849 -0.0022818648933978945 0.0039600713364779947 -0.011467827852619322 0.0080230500943958751 -0.0035359909199178209 -0.0012524927579062549 -0.012673094584880506 -0.012056582139706925 0.0087615695279091594 -0.0014654508678774748 -0.009107909895987672 0.0024391696514452204 0.0052221362924446228 -0.0018963244627229869 0.00027785172065099078 -0.0016528701367240178 0.0016234892705345855 -0.0042830764282760876 0.0014983123967968243 0.0070521090024461353 -0.0014929528936743735 -0.0018273482731926967 0.0022546918254035212 0.00034179974073434577 -0.00066893033080679524 0.0025164848963064802 0.0015435509506941719
leaf_weight=23 20 18 18 27 24 17 23 16.000000000000004 17 14.999999999999998 17 18 19 20 14.999999999999998 21 18 15.999999999999998 14.999999999999998 14.999999999999998 19 81 15.999999999999998 23 14.999999999999998 43 14.999999999999998 14.999999999999998 173 14.999999999999998
leaf_count=23 20 18 18 27 24 17 23 16 17 15 17 18 19 20 15 21 18 16 15 15 19 81 16 23 15 43 15 15 173 15
internal_value=-0.000155574 -0.00736734 0.00119643 0.000986372 -0.000893876 -0.00372319 -0.00176629 -0.00529271 0.00420902 -0.00708882 -0.00811067 0.00183413 0.00211136 -0.00538397 -0.00067218 0.00176744 0.00193679 0.00171552 0.00150438 -0.000876699 -0.00708094 0.0019173 0.00388057 0.00168887 0.00201615 0.00117327 0.00195519 0.00115294 0.0023484 0.00315127
internal_weight=807 126 681 663 206 94 77 108 40 77 37 457 415 62 31 397 378 357 112 42 39 339 32 307 97 58 284 96 188 39
internal_count=807 126 681 663 206 94 77 108 40 77 37 457 415 62 31 397 378 357 112 42 39 339 32 307 97 58 284 96 188 39
is_linear=0
shrinkage=0.03


Tree=85
num_leaves=31
num_cat=0
split_feature=9 9 7 9 18 16 13 10 7 18 17 7 17 0 15 0 9 9 13 18 1 11 5 12 7 17 17 13 17 12
split_gain=10.1992 2.69255 1.11733 0.71286 2.14701 0.850644 1.41258 0.702185 1.06235 0.624844 0.55604 0.914121 0.455527 0.876377 0.649282 0.579273 0.340925 0.318125 0.187979 0.371026 0.171611 0.273243 0.137406 0.123083 0.0934326 0.0923349 0.0511983 0.0452967 0.0364944 0.0363899
threshold=1656.8214285714287 1528.3571428571431 1029.0000000000002 19426.020000000004 11.450000000000001 33.300000000000004 10.010000000000002 18594.445652173916 9775.0000000000018 18.250000000000004 0.79586906665361024 15220.500000000002 0.91650202796603975 1.0000000180025095e-35 31.650000000000002 3.5000000000000004 14785.639523809527 24259.916666666668 20.460000000000004 9.4500000000000011 20673.011926923955 1.4382335994692308 0.7487283477006671 0.93151330071712801 38631.000000000007 1.0603534374051684 1.0425502956771717 20.405000000000005 1.0226046332751235 1.0016628352297461
decision_type=2 2 2 2 2 2 2 2 2 2 2 2 2 2 2 2 2 2 2 2 2 2 2 2 2 2 2 2 2 2
left_child=1 2 -1 4 -2 6 -5 -8 -9 16 -10 -12 15 14 -14 -13 -6 28 19 -4 25 23 -20 -22 27 -19 -26 29 -15 -25
right_child=3 -3 18 5 9 -7 7 8 10 -11 11 12 13 17 -16 -17 -18 20 22 -21 21 -23 -24 24 26 -27 -28 -29 -30 -31
leaf_value=-0.013056371423105399 -0.01089547028984217 -0.018444722638232634 -0.0019838336855173108 0.010311506450542605 0.0056331671654935118 -0.005053141292472205 0.0073490933639307815 -0.0060939725115895273 -0.0030436918917921899 -0.0024799182350116393 0.008404919947497546 0.0087538578492753639 -0.0075939647371278084 -0.0021580485399702891 0.00052721624169498678 0.0016714281440363265 0.00056949530029669403 0.0054487751858929775 -0.0011869170986115933 -0.0079632716234773384 -0.00032947983592748639 -0.0021380460303386346 -0.0046472467278892348 0.0017670522676422617 0.0020097307551323489 0.0018652930822880829 0.0034697820525616406 0.0024256616222768702 -0.00021865032081093107 0.00076860953348659665
leaf_weight=15.999999999999998 14.999999999999998 18 15.999999999999998 14.999999999999998 21 14.999999999999998 15.999999999999998 14.999999999999998 21 29 15.999999999999998 14.999999999999998 14.999999999999998 14.999999999999998 18 30 26 16.000000000000004 23 28 22 14.999999999999998 20 63 66 14.999999999999998 46 39 19 78
leaf_count=16 15 18 16 15 21 15 16 15 21 29 16 15 15 15 18 30 26 16 23 28 22 15 20 63 66 15 46 39 19 78
internal_value=-0.000281434 -0.00821487 -0.00610985 0.00119123 -0.00125367 0.00158457 0.00178147 0.00150735 0.00130171 0.000879888 0.00154266 0.00175164 0.00149159 0.00117649 -0.00338723 0.00430428 0.00296957 0.0015739 -0.00456763 -0.00596972 0.00183576 0.00161558 -0.00293139 0.00180729 0.00196942 0.00393297 0.00265975 0.00151538 -0.00114662 0.0012332
internal_weight=782 121 103 661 91 570 555 540 524 76 509 488 472 427 33 45 47 394 87 44 360 329 43 314 292 31 112 180 34 141
internal_count=782 121 103 661 91 570 555 540 524 76 509 488 472 427 33 45 47 394 87 44 360 329 43 314 292 31 112 180 34 141
is_linear=0
shrinkage=0.03


Tree=86
num_leaves=31
num_cat=0
split_feature=10 10 3 2 4 0 7 15 14 11 6 10 0 10 12 2 11 21 10 18 2 14 13 11 11 6 7 6 15 3
split_gain=9.07107 2.00292 1.08266 2.80073 1.04246 1.6244 2.78936 4.87819 1.50944 0.48144 0.529748 0.602443 0.423784 0.329593 0.877405 0.49369 0.427531 0.259984 0.190469 0.185855 0.175691 0.259673 0.171973 0.15656 0.119467 0.116549 0.103126 0.065997 0.0633056 0.0557122
threshold=1599.6342105263161 1455.8101851851854 3.5000000000000004 2.5000000000000004 -0.72101013194340913 2.5000000000000004 20857.500000000004 31.450000000000003 28.350000000000005 0.40515286732714278 18316.000000000004 29226.583260869571 6.5000000000000009 25985.620192307695 1.1796109410501507 3.5000000000000004 0.79765406974573794 13.15 30897.477450142451 10.550000000000002 5.5000000000000009 26.050000000000004 20.775000000000002 1.334626676822763 0.7899933208705604 29613.040000000005 25528.035000000003 38644.000000000007 26.750000000000004 2.5000000000000004
decision_type=2 2 2 2 2 2 2 2 2 2 2 2 2 2 2 2 2 2 2 2 2 2 2 2 2 2 2 2 2 2
left_child=1 2 17 -4 5 6 7 -2 -9 -6 11 12 -11 15 16 26 -15 -1 29 -19 21 28 -5 27 -14 -23 -12 -20 -7 -18
right_child=4 -3 3 22 9 20 -8 8 -10 10 13 -13 24 14 -16 -17 18 19 23 -21 -22 25 -24 -25 -26 -27 -28 -29 -30 -31
leaf_value=-0.0053585816463992859 -0.01051898597354262 -0.017334527663119572 -0.016732709640637038 -0.0048232341765919147 0.0066876131606598693 0.0022616604408797094 -0.013940742142302426 0.01140596495848149 0.00032194919263323145 0.0047780072316527368 -4.2424844455366066e-05 -0.0053658025084357512 -0.0027173625561408695 0.0067423691000679841 -0.0041382156811993233 0.0073662101224064823 -0.0014032674806290551 0.0010310665362824995 0.00138192258979339 -0.0031197407943281256 -0.00095776697038672863 -0.00058000484274493315 -0.00036338571020785501 0.0042909876360661455 0.00067996664531528943 0.0021566722225397823 0.0032570778025204643 0.0023856026098426236 0.0053359520915811027 0.00084113469754811378
leaf_weight=24 27 14.999999999999998 22 15.000000000000002 15.999999999999998 14.999999999999998 17 18 25 14.999999999999998 17 17 15.999999999999998 14.999999999999998 20 23 17 15.999999999999998 152 20 17 25 14.999999999999998 25 18 28 14.999999999999998 112 20 19
leaf_count=24 27 15 22 15 16 15 17 18 25 15 17 17 16 15 20 23 17 16 152 20 17 25 15 25 18 28 15 112 20 19
internal_value=-0.000246946 -0.00754917 -0.00595751 -0.00906958 0.00111699 -0.0007548 -0.00374284 -0.000947759 0.00526249 0.00184022 0.00165196 -0.000824078 0.000900254 0.0020478 0.00169948 0.00418806 0.00206507 -0.00305481 0.00180928 -0.00131777 0.00174469 0.00227644 -0.00275539 0.00206403 -0.000980922 0.000891637 0.00160483 0.00182246 0.00421187 -0.000236796
internal_weight=816 127 112 52 689 192 87 70 43 497 481 66 49 415 360 55 340 60 325 36 105 88 30 289 34 53 32 264 35 36
internal_count=816 127 112 52 689 192 87 70 43 497 481 66 49 415 360 55 340 60 325 36 105 88 30 289 34 53 32 264 35 36
is_linear=0
shrinkage=0.03


Tree=87
num_leaves=31
num_cat=0
split_feature=7 7 17 18 18 10 17 0 12 9 3 5 11 9 11 18 2 11 9 17 8 10 21 17 7 6 7 9 12 16
split_gain=7.4669 1.29933 1.23779 1.61151 2.30432 1.4785 0.886818 2.09267 0.820503 0.750267 0.638372 0.536033 0.53172 0.510856 0.336283 0.701232 0.169355 0.116272 0.289256 0.144185 0.132145 0.198874 0.107125 0.0989506 0.133863 0.0921929 0.0725169 0.0415481 0.0410974 0.0443838
threshold=9775.0000000000018 12935.000000000002 1.0542436403727917 8.4500000000000011 10.250000000000002 1207.0144927536232 1.1515640663696891 3.5000000000000004 1.1535962742185344 44092.253333333341 8.5000000000000018 0.71353761266622884 1.0986188077859025 1546.2857142857144 0.63060662489200092 12.750000000000002 2.5000000000000004 0.81639916673378143 23185.500000000004 0.99684939709073916 40024.335000000006 39205.134615384624 14.950000000000001 1.0816899243837146 25638.500000000004 36094.080000000009 38098.000000000007 1340.5952380952383 1.0736150843936001 1.0000000180025095e-35
decision_type=2 2 2 2 2 2 2 2 2 2 2 2 2 2 2 2 2 2 2 2 2 2 2 2 2 2 2 2 2 2
left_child=2 -2 3 -1 -5 -6 8 -8 14 11 16 12 -10 27 15 -3 -7 19 -19 -16 21 23 25 24 -20 -9 -22 -4 29 -26
right_child=1 6 13 4 5 10 7 22 9 -11 -12 -13 -14 -15 17 -17 -18 18 20 -21 26 -23 -24 -25 28 -27 -28 -29 -30 -31
leaf_value=0.0014104812126606702 0.0074256920237094166 0.0090802004451260836 -0.0027533532546735124 -0.017692615927451034 -0.013916391832754015 0.00056990569191319601 -0.010378034340217708 0.0003752554358695359 -0.0051642666889529214 -0.0065874462378652469 -0.0078499585528650495 0.0040371112982657822 0.0013483052685856819 0.0010879545482910342 0.0017965776932205219 0.00015923963311840504 -0.0032457569103941999 0.0046823422927409408 -0.00094603052464663044 -0.0019503198408832151 0.0041702807676047083 -0.0019943197427646202 -0.00080764936392798141 0.003631885058849173 0.0015016250461268857 0.0036159364196161428 0.0020175083235299848 -0.0055090161496773368 0.0024996977213454703 0.00029329419687488357
leaf_weight=14.999999999999998 28 15.000000000000002 17 20 15.999999999999998 19 18 15.000000000000002 19 17 21 20 23 25 17 14.999999999999998 20 28 22 15.999999999999998 18 14.999999999999998 14.999999999999998 14.999999999999998 129 15.999999999999998 95 18 29 36
leaf_count=15 28 15 17 20 16 19 18 15 19 17 21 20 23 25 17 15 20 28 22 16 18 15 15 15 129 16 95 18 29 36
internal_value=-0.000202576 0.00132908 -0.00571596 -0.00757294 -0.00897674 -0.00628824 0.00101722 -0.00227007 0.00142198 -0.00137144 -0.00387077 0.000219914 -0.00169868 -0.00214708 0.00191628 0.00490845 -0.00144972 0.0016803 0.00182534 -2.77366e-05 0.0015778 0.0011713 0.00120284 0.00139221 0.00120479 0.00216564 0.00242699 -0.00439173 0.00145586 0.00124466
internal_weight=792 621 171 111 96 76 593 64 529 79 60 62 42 60 450 30 39 420 387 33 359 246 46 231 216 31 113 35 194 165
internal_count=792 621 171 111 96 76 593 64 529 79 60 62 42 60 450 30 39 420 387 33 359 246 46 231 216 31 113 35 194 165
is_linear=0
shrinkage=0.03


Tree=88
num_leaves=31
num_cat=0
split_feature=10 7 8 13 16 17 14 12 1 12 8 19 6 6 10 21 12 9 15 12 11 12 17 17 8 7 5 6 9 1
split_gain=7.74001 2.65796 1.32176 1.1724 1.63538 0.717291 1.86705 0.523885 1.0162 1.02588 0.775653 0.591968 0.356889 0.280823 0.566261 0.618266 0.29196 0.264234 0.246372 0.240528 0.219544 0.208743 0.160976 0.146185 0.113625 0.11886 0.104515 0.0980859 0.0733073 0.0788316
threshold=1521.3571428571429 976.00000000000011 102647.26000000001 21.545000000000005 1.0000000180025095e-35 1.1515640663696891 29.050000000000004 1.1512178564103615 26809.308823529416 1.218486275174506 13710.000000000002 5687.5455000000011 14079.000000000002 18316.000000000004 32700.073571428577 14.550000000000002 0.89035399584336328 1502.3928571428573 31.150000000000002 0.92849721642010008 1.4754210082057515 1.0269274066222926 1.0843206716628353 1.0131721977919177 38750.610000000008 20931.500000000004 0.14888728888808328 27251.710000000003 39018.634285714295 31660.688787291747
decision_type=2 2 2 2 2 2 2 2 2 2 2 2 2 2 2 2 2 2 2 2 2 2 2 2 2 2 2 2 2 2
left_child=1 -1 5 4 -3 7 12 10 9 11 -2 -9 -7 14 15 -12 23 -6 -11 -18 26 -5 24 -15 25 -21 -14 -27 -26 -30
right_child=2 3 -4 21 17 6 -8 8 -10 18 13 -13 20 16 -16 -17 19 -19 -20 22 -22 -23 -24 -25 28 27 -28 -29 29 -31
leaf_value=-0.018149748247746813 0.0066897534193204981 -0.013220944261142554 0.009107529575887478 -0.002433785419253741 -0.0050692030245607549 -0.0027992710471153258 -0.009803203005147608 0.0010599151545796883 -0.0064701154987726892 0.0018974828544784991 0.0059150039426544131 -0.0064660653668483174 0.0016500162067157882 0.0064145597908645859 -0.0048895872260133425 -0.0013640488640105884 -0.0012159339969770775 -0.00023454863934175053 0.0075216701714431542 -0.0012014034835278594 -0.00082576896755627409 0.0022676914585206438 0.0038908905172720548 0.0020015711194890386 0.0038912422209978104 -0.00061543872468808498 0.0051635626615846855 0.0015573720305886139 -0.00011888975934947237 0.002231192408490176
leaf_weight=14.999999999999998 26 24 17 15.000000000000002 31 15.999999999999998 17 20 19 15.000000000000002 14.999999999999998 14.999999999999998 19 16.000000000000004 15.999999999999998 26 25 14.999999999999998 14.999999999999998 17 14.999999999999998 14.999999999999998 28 14.999999999999998 21 20 14.999999999999998 164 14.999999999999998 80
leaf_count=15 26 24 17 15 31 16 17 20 19 15 15 15 19 16 16 26 25 15 15 17 15 15 28 15 21 20 15 164 15 80
internal_value=5.57291e-05 -0.00706312 0.00130056 -0.00507685 -0.00715299 0.00106907 -0.00152684 0.00144787 -0.000725021 0.00109732 0.00182642 -0.00234068 0.000865761 0.00152245 -0.000434761 0.00145027 0.00180143 -0.00356815 0.00500393 0.0015497 0.00212535 -8.82374e-05 0.00175596 0.00452996 0.00154418 0.00109437 0.00340086 0.00131712 0.00229182 0.00186533
internal_weight=782 115 667 100 70 650 82 568 84 65 484 35 65 458 57 41 401 46 30 370 49 30 345 31 317 201 34 184 116 95
internal_count=782 115 667 100 70 650 82 568 84 65 484 35 65 458 57 41 401 46 30 370 49 30 345 31 317 201 34 184 116 95
is_linear=0
shrinkage=0.03


Tree=89
num_leaves=31
num_cat=0
split_feature=1 15 8 4 0 7 15 7 1 1 11 15 7 11 18 17 9 3 11 15 12 21 13 15 13 8 9 9 10 10
split_gain=3.91002 1.03364 0.92422 0.795711 1.32415 2.14312 3.87561 0.951545 0.667009 0.664413 0.860196 0.536217 0.445161 0.478421 0.329671 0.634278 0.234433 0.224838 0.217627 0.18568 0.344828 0.105619 0.102101 0.0738048 0.0609167 0.0475793 0.0396867 0.07438 0.041553 0.0360039
threshold=13418.472972972975 30.750000000000004 102647.26000000001 -0.72101013194340913 3.5000000000000004 21108.065000000006 31.450000000000003 12935.000000000002 1320.4091194968557 20434.245120777694 1.9857634313951362 29.350000000000005 16683.500000000004 0.63060662489200092 11.65 1.047436251032648 27756.66 9.5000000000000018 0.77638468793259507 27.950000000000003 0.93335375500434381 12.250000000000002 20.395000000000003 29.350000000000005 19.305000000000003 43724.000000000007 27923.625714285718 35144.255714285719 33338.38404761906 31656.891428571431
decision_type=2 2 2 2 2 2 2 2 2 2 2 2 2 2 2 2 2 2 2 2 2 2 2 2 2 2 2 2 2 2
left_child=1 8 3 4 5 6 -2 -8 17 11 12 16 21 -14 15 -3 -5 -1 -15 -6 -21 -11 24 -22 26 -24 -20 28 -28 -25
right_child=2 14 -4 9 19 -7 7 -9 -10 10 -12 -13 13 18 -16 -17 -18 -19 22 20 23 -23 25 29 -26 -27 27 -29 -30 -31
leaf_value=-0.0020937983637738327 -0.0091518882698109066 -0.00017706747241919078 0.0078636457274357478 -0.00046749025862663984 0.0036556040272116659 -0.012947982033057246 0.0085478701511397942 -0.00032573242006557327 -0.010704682688746187 -8.7575868100804417e-05 -0.0049255031011998657 0.00769768283702433 0.0060871671428057283 -0.0018695724440519425 0.00075731065473519268 -0.0067102835331112149 0.0040148957259953022 -0.0066174700882818014 0.0027815351553384542 -0.0025927454363554713 0.00040947014861740169 -0.0035533694050836322 0.0019416071715502765 0.0016611858859791287 -0.00044040080881677568 0.0035042425231742004 -0.00088100985664983872 0.0018078085004750533 0.00082427105195397 0.0039076207622009166
leaf_weight=24 29 29 15.999999999999998 18 28 14.999999999999998 23 19 25 15.000000000000002 18 25 20 14.999999999999998 28 23 22 19 14.999999999999998 18 18 14.999999999999998 98 19 18 26 14.999999999999998 76 53 14.999999999999998
leaf_count=24 29 29 16 18 28 15 23 19 25 15 18 25 20 15 28 23 22 19 15 18 18 15 98 19 18 26 15 76 53 15
internal_value=0.000147227 -0.00421973 0.00115298 0.00095913 -0.000697047 -0.00337463 -0.00105277 0.00470128 -0.00689189 0.00163791 0.00114988 0.00440067 0.00147381 0.00178775 -0.00183569 -0.00320826 0.00207161 -0.0042979 0.00147906 0.00167317 0.00080068 -0.00193425 0.00165718 0.00202785 0.00117232 0.00231968 0.00135809 0.00117375 0.000433682 0.00281429
internal_weight=797 148 649 633 184 86 71 42 68 449 384 65 366 336 80 52 40 43 316 98 70 30 301 52 177 124 159 144 68 34
internal_count=797 148 649 633 184 86 71 42 68 449 384 65 366 336 80 52 40 43 316 98 70 30 301 52 177 124 159 144 68 34
is_linear=0
shrinkage=0.03


Tree=90
num_leaves=31
num_cat=0
split_feature=9 9 18 18 11 12 9 12 5 12 14 7 6 4 10 13 18 10 10 10 10 7 11 14 7 12 4 10 17 11
split_gain=5.72629 4.79801 0.58511 1.76317 1.38863 0.623008 1.14721 0.922678 1.38854 0.63208 0.580826 0.533215 0.490834 0.517589 0.912999 0.280139 0.217454 0.204386 0.184366 0.142703 0.172237 0.31009 0.244232 0.140952 0.275899 0.0980931 0.094454 0.0666077 0.0456189 0.0288147
threshold=1656.8214285714287 1539.3571428571431 10.950000000000001 11.450000000000001 0.80744662874464479 1.1796109410501507 44092.253333333341 1.2225509822490599 -0.17646730165275518 1.1349519035089937 26.850000000000005 9319.6000000000022 13700.000000000002 -0.8816668175367014 28945.140030769235 20.305000000000003 9.4500000000000011 24763.485712250716 25985.620192307695 28155.369444444448 32390.549928571436 29654.850000000002 0.90251340811353309 26.950000000000003 30073.940000000006 0.99422746897006953 0.26347957579725428 25289.009601139605 1.0117608056226295 1.3303703445922617
decision_type=2 2 2 2 2 2 2 2 2 2 2 2 2 2 2 2 2 2 2 2 2 2 2 2 2 2 2 2 2 2
left_child=1 10 4 -4 -2 9 7 -7 -9 11 15 -5 -13 14 -14 16 -1 25 -19 -20 21 -21 -22 24 -6 -15 -17 -25 -26 -24
right_child=2 -3 3 5 23 6 -8 8 -10 -11 -12 12 13 17 -16 26 -18 18 19 20 22 -23 29 27 28 -27 -28 -29 -30 -31
leaf_value=-0.0027735770986114135 0.010898133514668135 -0.020838113194879361 -0.0064223539317026738 -0.0031377809424884616 -0.0014631969969848106 -0.0040840735204517838 -0.0073551988980865898 -0.0028384878758383409 0.0072253240363929286 0.0058232384476939155 0.00087608387673516639 0.0058509740775281732 0.0023343597901985045 0.0011043863805631797 -0.007031513574474956 -0.00080731717636808745 -0.0077352670715340683 0.004925290745570023 -0.00057720249630510798 0.006605635494148979 -0.0020021105212542942 0.0010495866953649305 0.001631296637946355 0.0046777810912360159 0.0010695536831270955 -0.0019236230933373526 -0.0038836833568555965 0.0018278910377589257 0.0029161873998236843 0.0029674626644700763
leaf_weight=14.999999999999998 14.999999999999998 14.999999999999998 28 22 27 23 19 20 27 27 21 20 18 15.999999999999998 15.999999999999998 18 29 14.999999999999998 23 15.999999999999998 14.999999999999998 20 182 14.999999999999998 25 19 19 21 30 18
leaf_count=15 15 15 28 22 27 23 19 20 27 27 21 20 18 16 16 18 29 15 23 16 15 20 182 15 25 19 19 21 30 18
internal_value=3.06044e-05 -0.00603988 0.00109441 0.000652952 0.00286367 0.0010602 -0.001203 0.000624803 0.00300179 0.00153533 -0.00350479 0.00121836 0.00148707 0.00121213 -0.00221889 -0.00463431 -0.00623791 0.00158358 0.00184455 0.00164143 0.00184768 0.00373664 0.00149987 0.00167773 0.000949562 -0.000554517 -0.00250522 0.00319905 0.00214379 0.00177974
internal_weight=794 117 677 544 133 516 89 70 47 427 102 400 378 358 34 81 44 324 289 274 251 36 215 118 82 35 37 36 55 200
internal_count=794 117 677 544 133 516 89 70 47 427 102 400 378 358 34 81 44 324 289 274 251 36 215 118 82 35 37 36 55 200
is_linear=0
shrinkage=0.03


Tree=91
num_leaves=31
num_cat=0
split_feature=10 7 13 9 8 0 18 11 12 12 12 6 11 18 17 1 12 12 8 0 7 9 9 18 12 13 0 1 11 14
split_gain=6.2731 1.66515 1.12104 0.857427 0.768271 0.736337 1.12218 1.63067 1.36116 0.819794 0.741344 1.93138 0.576156 0.309254 0.267238 0.337043 0.205245 0.196017 0.383557 0.209183 0.188548 0.154516 0.215987 0.13849 0.0712308 0.0935549 0.0681703 0.0291194 0.0208427 0.0207867
threshold=1521.3571428571429 976.00000000000011 21.545000000000005 1515.5595238095241 102647.26000000001 2.5000000000000004 19.750000000000004 1.167555643885213 1.1128622682851554 1.1963166753854095 0.84034413922697571 15941.500000000002 0.52695016278816331 13.250000000000002 0.6014002673507689 16021.202614379088 1.0269274066222926 0.83319411391948661 17283.000000000004 5.5000000000000009 1349.0000000000002 38037.42857142858 27024.000000000004 10.450000000000001 0.93151330071712801 13.835000000000003 4.5000000000000009 25863.475557692309 1.1755709173328033 28.150000000000002
decision_type=2 2 2 2 2 2 2 2 2 2 2 2 2 2 2 2 2 2 2 2 2 2 2 2 2 2 2 2 2 2
left_child=1 -1 3 20 5 6 7 9 -9 10 12 -12 -2 -13 -7 -16 -4 -17 -19 24 -3 22 -21 -22 -20 -26 27 -27 -29 -28
right_child=4 2 16 -5 -6 14 -8 8 -10 -11 11 13 -14 -15 15 17 -18 18 19 21 23 -23 -24 -25 25 26 29 28 -30 -31
leaf_value=-0.01467864639867146 -0.0035221655764009641 -0.0023580999232945031 -0.0022283894894644619 -0.012934343517922303 0.0070803288618723551 0.0045421552303014324 -0.0063140211766585701 -0.011238790451316162 -0.00020591782908886669 -0.0029280837821877665 0.012998717126289481 0.0037394998584770493 0.0032692131544569169 -0.00098099127586465324 -0.002671406385733893 -0.0015863785590045153 0.0022558486543814925 0.0058715938466290633 -8.2115996628999701e-05 -0.0019566001211448261 -0.0038004902231373958 -0.002729551825014984 0.0022639886311454963 -0.008316216437766949 2.9390915712740801e-05 0.0024290372841060158 0.0021705820488414781 0.00082777475006878365 0.0016033331798826109 0.0033866920209090624
leaf_weight=17 21 22 18 14.999999999999998 15.999999999999998 22 26 15.999999999999998 23 25 17 25 20 22 17 17 14.999999999999998 15.999999999999998 20 15.999999999999998 19 14.999999999999998 26 15.999999999999998 26 28 83 58 94 26
leaf_count=17 21 22 18 15 16 22 26 16 23 25 17 25 20 22 17 17 15 16 20 16 19 15 26 16 26 28 83 58 94 26
internal_value=-0.000176795 -0.00637978 -0.0047869 -0.00683757 0.000959873 0.0007903 -0.000751197 0.000168461 -0.00505966 0.0017898 0.00294683 0.00491513 -0.000211328 0.00158006 0.00143857 0.00126433 -0.000177668 0.00143353 0.00156649 0.00136186 -0.00484909 -0.000308975 0.000640293 -0.00620276 0.00164629 0.00175586 0.00190991 0.001519 0.00132199 0.00251646
internal_weight=797 122 105 72 675 659 195 169 39 130 105 64 41 47 464 442 33 425 408 392 57 57 42 35 335 315 289 180 152 109
internal_count=797 122 105 72 675 659 195 169 39 130 105 64 41 47 464 442 33 425 408 392 57 57 42 35 335 315 289 180 152 109
is_linear=0
shrinkage=0.03


Tree=92
num_leaves=31
num_cat=0
split_feature=9 7 13 18 0 15 15 9 1 6 7 0 7 9 7 17 11 1 16 7 18 10 1 7 13 5 1 17 11 15
split_gain=4.63801 1.77753 0.707057 0.803401 1.3079 0.670227 2.21782 0.778091 0.625754 0.504723 1.22262 3.35843 0.751959 0.487238 0.38601 0.335133 0.474058 0.301589 0.319261 0.227788 0.203988 0.298217 0.203073 0.155123 0.308468 0.0814836 0.078106 0.118236 0.0769901 0.0586153
threshold=1656.8214285714287 976.00000000000011 10.010000000000002 19.750000000000004 2.5000000000000004 34.95000000000001 34.45000000000001 50062.662857142866 1353.4991730302286 8493.5000000000018 14444.500000000002 1.0000000180025095e-35 16683.500000000004 1499.5000000000002 19608.500000000004 0.91650202796603975 1.0459519978526182 20577.614894652379 0.45000000000000007 20931.500000000004 16.850000000000005 34441.469953416155 20822.338901230352 1210.5000000000002 20.305000000000003 -0.28519997588938989 33675.401930018423 1.0799706234987141 1.0459519978526182 29.350000000000005
decision_type=2 2 2 2 2 2 2 2 2 2 2 2 2 2 2 2 2 2 2 2 2 2 2 2 2 2 2 2 2 2
left_child=1 -1 -2 5 -5 6 7 9 13 -4 11 -11 -12 23 -7 16 -14 18 29 -19 26 -22 -6 -3 -25 -24 28 -28 -21 -17
right_child=2 8 3 4 22 14 -8 -9 -10 10 12 -13 15 -15 -16 17 -18 19 -20 20 21 -23 25 24 -26 -27 27 -29 -30 -31
leaf_value=-0.013148062294349075 0.0058613490102912428 -0.0006841041394019205 -0.0028221906230530953 -0.0082396967336535454 -0.0021750864470377563 0.0080696416450174221 -0.0093070308507109678 -0.0049050254155607789 -0.0077221241965889937 0.016779201170977424 -0.0033663103414333559 -0.0018814292873599026 0.0079850259019682793 0.0023647971916943788 0.0025405020243488251 0.0033176187585507119 0.0013963546195568945 -0.0018600764076994812 0.00025901476453457558 -0.00083178540253463912 0.0018622415929156187 -0.0037773616020293798 0.00017453497974202038 -0.0062857552741964655 -0.0014000059034675358 0.0026622903783572838 0.0016810127275341466 0.0045842495374381542 0.0013419268930402514 0.0065546637703664595
leaf_weight=19 26 17 20 19 18 17 15.999999999999998 14.999999999999998 22 14.999999999999998 26 17 15.999999999999998 15.999999999999998 36 19 24 21 19 14.999999999999998 15.000000000000002 14.999999999999998 24 25 23 22 72 14.999999999999998 141 15.999999999999998
leaf_count=19 26 17 20 19 18 17 16 15 22 15 26 17 16 16 36 19 24 21 19 15 15 15 24 25 23 22 72 15 141 16
internal_value=0.000190811 -0.00513377 0.0011891 0.00097933 -0.00174238 0.00139489 0.00104231 0.00142369 -0.00343313 0.00164749 0.00185963 0.00733821 0.00140292 -0.00211021 0.00454295 0.00173813 0.00428656 0.00142239 0.00344809 0.00102954 0.00126373 -0.00101741 0.000377745 -0.00324946 -0.00409431 0.00142568 0.00155136 0.00227334 0.00112503 0.00507173
internal_weight=781 122 659 633 83 550 497 481 103 466 446 32 414 81 53 388 40 348 54 294 273 30 64 65 48 46 243 87 156 35
internal_count=781 122 659 633 83 550 497 481 103 466 446 32 414 81 53 388 40 348 54 294 273 30 64 65 48 46 243 87 156 35
is_linear=0
shrinkage=0.03


Tree=93
num_leaves=31
num_cat=0
split_feature=9 9 8 12 12 17 12 11 10 8 12 11 18 14 9 11 11 13 3 12 6 13 13 10 0 17 18 6 6 9
split_gain=6.63628 3.04155 1.49159 1.17348 0.759527 1.2611 0.449823 1.56438 1.14422 0.658 0.416554 0.85387 0.246412 0.196465 0.206336 0.187228 0.149684 0.213579 0.281763 0.210817 0.124388 0.103871 0.199904 0.0873291 0.0907523 0.0559557 0.0750354 0.0484576 0.0380964 0.0359182
threshold=1656.8214285714287 1539.3571428571431 102647.26000000001 0.82490710651021326 1.1512178564103615 0.89726320574674168 0.79698541499078213 0.63060662489200092 32957.938472727277 16400.500000000004 1.4180047817464159 0.7899933208705604 15.250000000000002 26.850000000000005 1220.7857142857144 1.9543341727528987 1.1485675385471963 16.925000000000004 9.5000000000000018 0.95377420754884279 36328.000000000007 23.270000000000007 20.365000000000006 25677.112647058828 4.5000000000000009 1.0036251659582238 13.15 31068.195000000003 27499.280000000002 43566.465714285725
decision_type=2 2 2 2 2 2 2 2 2 2 2 2 2 2 2 2 2 2 2 2 2 2 2 2 2 2 2 2 2 2
left_child=1 3 4 -1 6 -6 8 -8 9 -2 11 -7 20 14 -5 16 17 19 21 28 -13 22 27 -18 -25 26 -21 -19 -9 -26
right_child=2 -3 -4 13 5 10 7 15 -10 -11 -12 12 -14 -15 -16 -17 23 18 -20 25 -22 -23 -24 24 29 -27 -28 -29 -30 -31
leaf_value=-0.01126525003562468 0.0054417604979905511 -0.017661308969060579 0.0098159536470969512 -0.00088136177801061415 -0.0063218406798137769 -0.0061389728743233719 0.0084843531548976902 0.005100809909841594 -0.0072811689724524816 -0.0014153496478684247 0.0041770779677545245 0.0010909271995415506 -0.0013906284333206713 3.840645309537649e-05 -0.0044059654828327308 -0.0011639616867760195 0.0042910950411768518 -0.00078015506034716958 -0.002518776822835207 -0.0011846718559727857 0.0046867724409436476 -0.0011427868814452697 0.0033971951597569776 0.0014082375244970898 0.0042217884563347866 0.0018855606675198353 0.001297984490565096 0.0009831717413137939 0.0024823569953441619 0.0022682210243288045
leaf_weight=15.999999999999998 20 15.999999999999998 15.999999999999998 22 29 15.999999999999998 28 14.999999999999998 15.999999999999998 28 21 21 18 18 54 23 14.999999999999998 22 26 17 14.999999999999998 17 26 123 14.999999999999998 35 24 32 18 47
leaf_count=16 20 16 16 22 29 16 28 15 16 28 21 21 18 18 54 23 15 22 26 17 15 17 26 123 15 35 24 32 18 47
internal_value=0.000115797 -0.00615466 0.00128716 -0.00419547 0.00105384 -0.00109387 0.00152727 0.00183974 -0.000815194 0.00154516 0.000672314 -0.000465939 0.00137418 -0.00278249 -0.00343445 0.0013955 0.00153651 0.00100407 0.000140695 0.00195825 0.00275701 0.000890027 0.00133934 0.00213808 0.00191948 0.00103852 0.000261368 0.000262574 0.00389603 0.00285802
internal_weight=809 126 683 110 667 120 547 483 64 48 91 70 54 94 76 455 432 232 123 109 36 97 80 200 185 76 41 54 33 62
internal_count=809 126 683 110 667 120 547 483 64 48 91 70 54 94 76 455 432 232 123 109 36 97 80 200 185 76 41 54 33 62
is_linear=0
shrinkage=0.03


Tree=94
num_leaves=31
num_cat=0
split_feature=9 10 12 9 4 4 14 7 13 7 7 8 10 7 2 8 13 9 4 7 11 1 12 11 7 12 7 10 12 13
split_gain=4.42165 1.97597 1.45886 0.653787 1.43119 0.648699 1.32963 0.928356 2.19796 0.406367 0.401374 0.518234 0.718537 0.31862 0.302185 0.289194 0.275169 0.234762 0.20345 0.191335 0.234544 0.178317 0.140825 0.131056 0.120529 0.12346 0.0590227 0.0523209 0.0419321 0.0401384
threshold=1656.8214285714287 1455.8101851851854 0.81218312842496998 22235.553571428576 -0.96689237009891416 -0.95754239937548935 27.350000000000005 16617.500000000004 18.605000000000004 18969.500000000004 18901.000000000004 8994.0000000000018 16604.015415019767 20931.500000000004 2.5000000000000004 17664.780000000002 21.545000000000005 1220.7857142857144 0.077330756371236084 25930.515000000003 2.1840726839953093 21163.03259564548 1.1327477218123512 0.78252668232137834 46769.000000000007 0.92849721642010008 39639.000000000007 47555.962962962971 1.0666089358558819 13.835000000000003
decision_type=2 2 2 2 2 2 2 2 2 2 2 2 2 2 2 2 2 2 2 2 2 2 2 2 2 2 2 2 2 2
left_child=1 2 -1 4 -2 6 -5 8 -7 -9 11 -6 -13 -11 -12 -14 17 -4 -19 -15 21 -21 24 -17 25 -23 28 -26 29 -27
right_child=3 -3 16 5 10 7 -8 9 -10 13 14 12 15 19 -16 23 -18 18 -20 20 -22 22 -24 -25 27 26 -28 -29 -30 -31
leaf_value=-0.011813181821147309 -0.0091301789775709886 -0.014891590436591821 -0.00049568377293484364 -0.00057899772338569156 0.0039138702566132826 -0.0084272668297801709 0.0092759310901433661 0.005723363751251446 0.0044688049331307409 -0.0020939598888158801 -5.254332907497883e-05 -0.0067836141865700479 0.0018749767305299399 0.0040347786783240733 0.0056072755204513661 -0.0039949661361820543 0.00043139325255262001 -0.0063334676978411145 -0.0020536119490861893 0.0038993129298090928 -0.0015949888184666632 -0.00082928711333527015 -0.0011156657211143861 -0.00012976115925566239 0.0040616343702588762 -6.0551060097558159e-05 0.0020584197217540347 0.0014825754441941776 -8.5825012841572355e-05 0.0014014666284103286
leaf_weight=14.999999999999998 14.999999999999998 14.999999999999998 21 23 14.999999999999998 26 24 17 19 23 15.999999999999998 18 29 22 15.999999999999998 15.000000000000002 26 22 22 23 23 24 20 14.999999999999998 19 19 78 15.999999999999998 25 140
leaf_count=15 15 15 21 23 15 26 24 17 19 23 16 18 29 22 16 15 26 22 22 23 23 24 20 15 19 19 78 16 25 140
internal_value=-8.66342e-05 -0.00532189 -0.003717 0.000857809 -0.000967095 0.00132852 0.00462652 0.000997352 -0.0030238 0.00141199 0.000149624 -0.000863112 -0.00186922 0.00121673 0.00294074 -0.000196657 -0.00215711 -0.00317449 -0.00437587 0.00141219 0.00124313 0.00143019 0.00124189 -0.00219126 0.00139477 0.00117546 0.00136399 0.0030265 0.00105064 0.00122818
internal_weight=801 121 106 680 139 541 47 494 45 449 124 92 77 432 32 59 91 65 44 409 387 364 341 30 321 286 262 35 184 159
internal_count=801 121 106 680 139 541 47 494 45 449 124 92 77 432 32 59 91 65 44 409 387 364 341 30 321 286 262 35 184 159
is_linear=0
shrinkage=0.03


Tree=95
num_leaves=31
num_cat=0
split_feature=9 9 13 17 9 11 14 14 21 12 12 7 7 17 4 0 7 21 11 11 4 8 13 11 10 12 12 6 18 7
split_gain=3.8973 2.37473 0.958359 0.669862 0.691444 2.36048 0.487028 0.430428 0.565034 0.473991 0.393624 0.444849 0.765349 0.314763 0.530308 0.724375 0.271541 0.254676 0.363471 0.237903 0.181084 0.172772 0.171383 0.212865 0.148822 0.102733 0.105064 0.102456 0.0936863 0.0922181
threshold=1656.8214285714287 1528.3571428571431 10.010000000000002 0.74120969790283342 18201.21428571429 1.1635555043820796 26.850000000000005 28.550000000000004 13.450000000000001 0.83319411391948661 0.81218312842496998 9775.0000000000018 13702.500000000002 0.91650202796603975 -0.72101013194340913 3.5000000000000004 16862.000000000004 18.750000000000004 0.85770325999252239 1.2286332373094955 -0.55657520495441892 18901.000000000004 20.395000000000003 1.4382335994692308 39205.134615384624 1.1817299665414278 0.99636917255880475 24891.500000000004 13.550000000000002 1210.5000000000002
decision_type=2 2 2 2 2 2 2 2 2 2 2 2 2 2 2 2 2 2 2 2 2 2 2 2 2 2 2 2 2 2
left_child=1 6 -2 -4 5 7 19 8 -5 -9 -6 -12 -13 14 -14 -16 -15 18 21 20 -1 -18 23 24 25 26 28 -28 -20 -22
right_child=2 -3 3 4 10 -7 -8 9 -10 -11 11 12 13 16 15 -17 17 -19 22 -21 29 -23 -24 -25 -26 -27 27 -29 -30 -31
leaf_value=-0.0074901484227494182 0.0061302985686568475 -0.015284331085790385 -0.0045523851418069429 0.0022676790816088511 -0.0025087989474559436 -0.011639964769539587 0.0010404632668095557 -0.00023581719099494971 -0.0053924422360518403 0.0068217667444225617 -0.0033687629923224447 0.0073579892981797453 -0.0012993867366629488 -0.002560317280391852 0.0099644284213290489 0.00187455559992392 0.00034573537133195814 0.0044557006830083477 0.0028970264716606056 -0.00053776478449649677 -0.0014988735970109699 -0.0039714240531126656 0.0021518620309918489 -0.0020914372322814803 -0.0014221718632034025 0.0035047607298474759 -0.0016960372063605225 0.00084049260043142797 0.00081123635222736209 -0.0044619266060180957
leaf_weight=17 29 14.999999999999998 19 16.000000000000004 22 14.999999999999998 20 17 14.999999999999998 14.999999999999998 14.999999999999998 18 14.999999999999998 15.999999999999998 14.999999999999998 27 15.000000000000002 19 40 14.999999999999998 15.999999999999998 15.999999999999998 136 19 18 15.999999999999998 14.999999999999998 92 40 38
leaf_count=17 29 15 19 16 22 15 20 17 15 15 15 18 15 16 15 27 15 19 40 15 16 16 136 19 18 16 15 92 40 38
internal_value=8.73773e-05 -0.00482809 0.000973635 0.00072585 0.000898391 -0.00171554 -0.00309279 0.000932865 -0.00154101 0.0032791 0.00127126 0.00143639 0.00158825 0.00135158 0.0034181 0.0050854 0.00107089 0.0012186 0.00104643 -0.00405581 -0.00476397 -0.00198813 0.00130582 0.000812573 0.00107876 0.00131223 0.00108953 0.000460309 0.00189935 -0.00366887
internal_weight=801 121 680 651 632 78 106 63 31 32 554 532 517 499 57 42 442 426 407 86 71 31 376 240 221 203 187 107 80 54
internal_count=801 121 680 651 632 78 106 63 31 32 554 532 517 499 57 42 442 426 407 86 71 31 376 240 221 203 187 107 80 54
is_linear=0
shrinkage=0.03


Tree=96
num_leaves=31
num_cat=0
split_feature=9 9 8 16 17 21 12 17 11 17 14 17 14 6 8 11 6 13 9 11 1 6 12 12 12 13 17 6 1 10
split_gain=3.42909 3.27978 0.746024 0.54033 0.486765 1.81256 0.482649 1.15323 1.00358 0.543846 0.458792 0.374004 0.377824 0.31312 0.285772 0.451198 0.264015 0.205 0.179375 0.122342 0.106562 0.170678 0.112302 0.167694 0.0779405 0.100457 0.0681678 0.0775733 0.0636215 0.0267106
threshold=1656.8214285714287 1539.3571428571431 102647.26000000001 33.300000000000004 1.1515640663696891 10.050000000000002 1.1936230111053769 0.9113601448437284 0.44788291995139085 1.0590734245755622 26.850000000000005 1.1766665351015442 26.250000000000004 18316.000000000004 13905.000000000002 0.73106309401387903 19258.000000000004 21.095000000000002 1220.7857142857144 1.9857634313951362 20077.906426861704 20963.500000000004 0.89035399584336328 0.92849721642010008 1.091744809864637 20.305000000000003 1.0091290595740425 27781.750000000004 24366.504207459209 35325.824821428578
decision_type=2 2 2 2 2 2 2 2 2 2 2 2 2 2 2 2 2 2 2 2 2 2 2 2 2 2 2 2 2 2
left_child=1 10 3 4 6 -6 8 -8 -2 -9 18 -7 -13 14 -10 -16 -15 -14 -1 20 -18 -22 -23 -24 25 -20 27 -25 -28 -29
right_child=2 -3 -4 -5 5 11 7 9 13 -11 -12 12 17 16 15 -17 19 -19 24 -21 21 22 23 26 -26 -27 28 29 -30 -31
leaf_value=-0.0014990163184702397 0.007016821718878216 -0.016512187818686165 0.0068008166303237276 -0.0045267344467962772 -0.0090328502947730673 0.0047256291968127088 -0.0061409156717773935 0.004400070767013757 0.0022095008037592233 -0.0024938190585988406 0.0010944016121327877 0.0031374173071235419 -0.0037629675767991851 0.0050366996776531727 -0.0058841146901249886 0.00019075528718531131 0.0036651649074081112 0.00052684832750329446 -0.0073369158212752902 -0.0010727806123239654 -0.0015339098135009408 0.0034987499870892079 -0.0015731540528175077 -0.0010376727164668194 -0.0022733066441929513 -0.003621618275841077 0.0036231123601250786 0.00067465853911975553 0.0015701639079159814 0.0015005252599182379
leaf_weight=28 25 15.999999999999998 15.999999999999998 15.999999999999998 19 15.999999999999998 25 25 17 14.999999999999998 23 18 21 14.999999999999998 15.999999999999998 28 14.999999999999998 17 14.999999999999998 19 18 19 17 14.999999999999998 14.999999999999998 25 14.999999999999998 72 136 80
leaf_count=28 25 16 16 16 19 16 25 25 17 15 23 18 21 15 16 28 15 17 15 19 18 19 17 15 15 25 15 72 136 80
internal_value=-4.84918e-05 -0.00464506 0.000769401 0.000607721 0.000744871 -0.00127332 0.00106926 -0.00133429 0.00138144 0.00181921 -0.00258118 0.000963129 -0.000237755 0.00106137 -0.000923982 -0.00217807 0.00135204 -0.00191345 -0.00360151 0.00119188 0.00130801 0.00119387 0.00134041 0.00119796 -0.00458171 -0.00529789 0.00135501 0.000919097 0.00181879 0.00112317
internal_weight=817 122 695 679 663 91 572 65 507 40 106 72 56 482 61 44 421 38 83 406 387 372 354 335 55 40 318 167 151 152
internal_count=817 122 695 679 663 91 572 65 507 40 106 72 56 482 61 44 421 38 83 406 387 372 354 335 55 40 318 167 151 152
is_linear=0
shrinkage=0.03


Tree=97
num_leaves=31
num_cat=0
split_feature=6 13 9 13 10 14 17 17 9 8 13 7 17 6 0 9 19 6 7 21 11 8 2 8 17 13 15 15 17 1
split_gain=5.7955 1.71787 2.52407 5.34419 0.976357 0.692792 0.543032 0.701221 0.700099 2.34426 0.510175 0.741363 0.567077 0.967515 0.687353 0.369243 0.228355 0.506478 0.484566 0.257567 0.191893 0.106512 0.0895338 0.135166 0.0882554 0.0872209 0.153304 0.0997209 0.0744685 0.0715719
threshold=9123.0000000000018 23.180000000000003 1546.2857142857144 19.980000000000004 1178.6291666666668 26.750000000000004 0.47058677879683025 0.63529219500723111 17951.958571428575 17664.780000000002 13.210000000000003 12935.000000000002 0.91650202796603975 16590.000000000004 3.5000000000000004 15014.746190476193 2487.9155000000005 19528.000000000004 17219.000000000004 11.250000000000002 1.4382335994692308 43007.000000000007 3.5000000000000004 43650.000000000007 0.97649334689571654 20.075000000000003 32.250000000000007 30.950000000000003 1.0603534374051684 27235.948925627945
decision_type=2 2 2 2 2 2 2 2 2 2 2 2 2 2 2 2 2 2 2 2 2 2 2 2 2 2 2 2 2 2
left_child=1 2 4 -4 -1 24 -2 -8 9 15 -10 -12 14 -14 -13 -9 17 -15 -18 -20 21 -19 23 25 -6 27 -27 -21 -26 -24
right_child=6 -3 3 -5 5 -7 7 8 10 -11 11 12 13 16 -16 -17 18 20 19 22 -22 -23 29 -25 28 26 -28 -29 -30 -31
leaf_value=-0.010085286597410838 -0.0042279257858172051 0.0037917577672530616 -0.0036715321486880041 -0.025110223603745301 -0.0054318945551210121 0.0024145884303884073 0.0070837799821268114 0.0048245118421159291 -0.0027678076563669102 -0.01159881482256905 0.0065629366389475755 0.008904419988393782 -0.0045883886586774942 0.0064097930509597065 0.0014585432296735233 -0.0010752044633554759 -0.0044046861557837788 0.001314160719600185 -0.0018864435169638858 -0.0013116674282884395 -0.0013168592981740153 0.0031965601444244383 0.0039005464802989187 -0.0017477174163522088 -0.0013699300657026468 0.0040931527779903259 0.00068962650692008212 0.0012543598081295687 -0.0040371292456984516 0.0014860442050314527
leaf_weight=15.999999999999998 15.999999999999998 14.999999999999998 27 15.999999999999998 21 20 14.999999999999998 17 26 14.999999999999998 22 15.999999999999998 26 18 32 18 14.999999999999998 155 25 20 20 33 14.999999999999998 14.999999999999998 22 18 32 34 20 47
leaf_count=16 16 15 27 16 21 20 15 17 26 15 22 16 26 18 32 18 15 155 25 20 20 33 15 15 22 18 32 34 20 47
internal_value=-0.000330893 -0.00546567 -0.00648265 -0.0124102 -0.0037133 -0.00227656 0.000922315 0.00106518 0.000896985 -0.00244266 0.00119798 0.00139733 0.00115494 0.000829819 0.0041974 0.00189626 0.00116401 0.00183082 0.000471799 0.000865822 0.00137729 0.00167475 0.00126243 0.000759499 -0.00379429 0.00114727 0.0020252 0.000291076 -0.0027658 0.00217384
internal_weight=807 157 142 43 99 83 650 634 619 50 569 543 521 473 48 35 447 226 221 206 208 188 181 119 63 104 50 54 42 62
internal_count=807 157 142 43 99 83 650 634 619 50 569 543 521 473 48 35 447 226 221 206 208 188 181 119 63 104 50 54 42 62
is_linear=0
shrinkage=0.03


Tree=98
num_leaves=31
num_cat=0
split_feature=6 13 9 4 12 6 4 4 0 15 21 12 16 15 7 12 1 18 11 9 6 1 12 5 9 12 13 7 7 13
split_gain=5.39435 1.98968 2.15923 4.86122 0.932591 0.68165 0.454488 1.1926 1.18224 0.52991 1.07125 0.343597 0.323969 0.515938 0.452576 0.486324 0.289286 0.363675 0.354793 0.169288 0.27489 0.197529 0.189805 0.158699 0.155446 0.15526 0.314722 0.195937 0.117233 0.0494865
threshold=8493.5000000000018 23.105000000000004 1546.2857142857144 -0.79902248885025529 0.82490710651021326 10856.500000000002 -0.95754239937548935 -0.87395131947920313 3.5000000000000004 31.550000000000004 11.050000000000002 1.4654181780018878 1.6500000000000001 30.850000000000005 15518.500000000002 0.79698541499078213 21249.340946381661 13.350000000000003 1.6110595912547858 41075.221666666672 18316.000000000004 33913.429030271494 0.94476655534096432 -0.57252730874975932 30634.616428571433 0.89557505517902924 21.425000000000004 1210.5000000000002 25638.500000000004 20.835000000000004
decision_type=2 2 2 2 2 2 2 2 2 2 2 2 2 2 2 2 2 2 2 2 2 2 2 2 2 2 2 2 2 2
left_child=1 2 4 -4 -1 -2 9 8 -8 -7 -11 12 14 23 -9 -16 17 -17 19 20 -18 -21 -22 -14 -19 -6 27 -27 -24 -23
right_child=5 -3 3 -5 25 6 7 11 -10 10 -12 -13 13 -15 15 16 18 24 -20 21 22 29 28 -25 -26 26 -28 -29 -30 -31
leaf_value=-0.010378721912994104 0.0070105901515732207 0.0038216628214078293 -0.0014049355946481228 -0.023620269922539593 0.00018407178549643825 0.00017979550891770765 -0.0098485172912478446 -0.0025890705198178001 0.00014251760988762336 0.00061738028338080954 0.011344905752031242 -0.0027787798682325764 0.00014369711320614441 0.0078445360787651117 -0.0030684037220833653 0.006936399724922682 -0.0020543122332310304 1.8606399571581278e-05 -0.0029365477648874124 0.0050896984304894099 0.00371105148560471 0.00065918179054278879 -0.0014111699273481088 0.0034789708210155364 0.0037246872670948505 -0.0015168543518520891 0.00017149752538119043 -0.0055564608621234829 0.0012133191464498093 0.0025084267769541059
leaf_weight=14.999999999999998 15.999999999999998 19 18 15.999999999999998 14.999999999999998 24 15.999999999999998 27 26 17 14.999999999999998 17 28 14.999999999999998 20 17 22 22 15.999999999999998 20 25 28 14.999999999999998 22 17 18 19 35 189 26
leaf_count=15 16 19 18 16 15 24 16 27 26 17 15 17 28 15 20 17 22 22 16 20 25 28 15 22 17 18 19 35 189 26
internal_value=2.52138e-05 -0.00495951 -0.00622389 -0.0125907 -0.00390032 0.00124414 0.00107436 0.00081277 -0.00393825 0.00360807 0.00601746 0.00120561 0.00134904 0.00330095 0.00104976 0.00129661 0.00153078 0.00350012 0.00118885 0.00140867 0.00102233 0.00265769 0.00133313 0.00168858 0.00173697 -0.00257523 -0.00313952 -0.00428957 0.00100851 0.00160735
internal_weight=795 155 136 34 102 640 624 568 42 56 32 526 509 65 444 417 397 56 341 325 251 74 229 50 39 87 72 53 204 54
internal_count=795 155 136 34 102 640 624 568 42 56 32 526 509 65 444 417 397 56 341 325 251 74 229 50 39 87 72 53 204 54
is_linear=0
shrinkage=0.03


Tree=99
num_leaves=31
num_cat=0
split_feature=1 9 2 14 1 1 11 5 21 7 3 7 9 11 1 10 10 21 7 6 1 12 1 18 21 16 1 15 13 21
split_gain=2.3936 1.10427 2.87971 0.505596 0.438211 1.00922 2.5 0.507332 0.489834 0.760216 1.43141 0.567008 0.325789 0.423014 0.196187 0.18645 0.167748 0.133754 0.330155 0.251206 0.132464 0.143704 0.102602 0.093299 0.0732886 0.0725454 0.062967 0.0442267 0.0310478 0.0255524
threshold=13418.472972972975 1546.2857142857144 2.5000000000000004 26.750000000000004 17475.321608860395 17889.827485380123 1.0775662599346336 0.95936279103287792 22.450000000000006 12935.000000000002 8.5000000000000018 16683.500000000004 51848.805714285721 0.55461158893461004 19688.346776611699 21139.875000000004 1224.5653409090912 14.950000000000001 24561.755000000001 20876.500000000004 21460.323662687693 0.92849721642010008 34381.024369747909 10.350000000000003 9.3500000000000032 0.55000000000000016 24060.512648026317 30.150000000000002 13.835000000000003 16.350000000000005
decision_type=2 2 2 2 2 2 2 2 2 2 2 2 2 2 2 2 2 2 2 2 2 2 2 2 2 2 2 2 2 2
left_child=1 3 -3 16 7 6 -6 -2 9 10 -7 -11 13 -13 -15 -16 -1 19 -19 -17 -21 -22 24 25 -23 -18 -26 28 -24 -20
right_child=4 2 -4 -5 5 8 -8 -9 -10 11 -12 12 -14 14 15 17 23 18 29 20 21 22 27 -25 26 -27 -28 -29 -30 -31
leaf_value=-0.00025361267506684125 0.0066475054477108638 -0.016727582990356222 0.00089870627659062539 0.0016593066204724641 0.002562932823970914 -0.00072858291254802182 -0.012188845233370861 -0.00017257642621795337 -0.0038107546620691816 -0.0030321033106696219 0.010177362885164177 0.0057008688553775609 -0.0027242380531970409 0.0039674720873257938 -0.0019493407109066059 -0.0020065164431515665 -0.001123037765501067 0.0057269373505065835 0.0018308639645886918 0.0036108630895614622 -0.0012837082311922972 -0.0012902081385254859 0.00015392548842903446 -0.0048801782832015306 -0.00059982399302534759 -0.003888842537999153 0.0010677705225069075 0.0029463352419686717 0.0017018858296796678 0.00082879335886137852
leaf_weight=17 23 15.000000000000002 15.999999999999998 27 23 20 15.999999999999998 15.999999999999998 15.999999999999998 29 21 17 17 19 17 25 22 15.999999999999998 43 14.999999999999998 24 14.999999999999998 14.999999999999998 30 23 14.999999999999998 123 24 58 60
leaf_count=17 23 15 16 27 23 20 16 16 16 29 21 17 17 19 17 25 22 16 43 15 24 15 15 30 23 15 123 24 58 60
internal_value=0.000220392 -0.0032925 -0.00812704 -0.00182237 0.000966943 0.000770438 -0.00378844 0.00397759 0.00107991 0.0012272 0.00507094 0.000917727 0.00115283 0.0012967 0.00111659 0.000981588 -0.00295404 0.00110286 0.00195751 0.00077688 0.00102303 0.000860917 0.00106876 -0.00361201 0.000592283 -0.00238624 0.000800512 0.00183166 0.0013964 0.00127404
internal_weight=817 142 31 111 675 636 39 39 597 581 41 540 511 494 477 458 84 441 119 322 297 282 258 67 161 37 146 97 73 103
internal_count=817 142 31 111 675 636 39 39 597 581 41 540 511 494 477 458 84 441 119 322 297 282 258 67 161 37 146 97 73 103
is_linear=0
shrinkage=0.03


Tree=100
num_leaves=31
num_cat=0
split_feature=8 2 17 16 4 16 14 4 4 4 10 6 7 17 15 6 7 4 18 6 11 1 8 10 14 1 3 10 1 10
split_gain=3.10127 2.58238 2.07156 1.29463 0.705487 1.76533 0.60129 0.509392 0.54513 0.852293 0.470973 0.87015 0.476508 0.39141 0.381787 0.236656 0.323179 0.241827 0.311019 1.31275 0.888232 0.339694 0.188614 0.145493 0.204706 0.292173 0.0748609 0.0805861 0.0538712 0.0442654
threshold=1475.5000000000002 2.5000000000000004 1.0287056578355294 34.350000000000001 -0.96902457013955734 1.1500000000000001 25.850000000000005 -0.95244167294248061 -0.87395131947920313 -0.9259986516102553 1447.7222222222224 5307.0000000000009 9099.2700000000023 1.049068755678747 31.450000000000003 13217.000000000002 54523.000000000007 -0.77245553105869302 13.050000000000002 19258.000000000004 0.70679952763551623 21642.668489934884 24690.000000000004 30897.477450142451 25.250000000000004 20077.906426861704 3.5000000000000004 21139.875000000004 26962.4200039604 39904.603928571443
decision_type=2 2 2 2 2 2 2 2 2 2 2 2 2 2 2 2 2 2 2 2 2 2 2 2 2 2 2 2 2 2
left_child=1 2 -1 4 5 -2 -3 -6 9 -9 14 -12 -13 -7 -10 -14 17 -17 19 -19 -20 -21 -23 24 25 -22 -26 -28 -25 -24
right_child=3 6 -4 -5 7 13 -8 8 10 -11 11 12 15 -15 -16 16 -18 18 20 21 23 22 29 28 26 -27 27 -29 -30 -31
leaf_value=-0.0042848803175856232 -0.010499725460129625 -0.0038853698978690721 -0.018711116785804432 -0.0073529663635417816 0.0061862897659268447 -0.0019128439328907165 0.0034802117065659589 0.0018114379623844084 -0.0038037374853156511 -0.0065049979116090315 0.0071035434629606164 -0.0030181610165163873 0.0046267860461222492 0.0044705415703356266 0.0017718551851188143 0.0039989433065056798 -0.0029020513758501584 0.0098266699413458499 -0.0061295317496885262 0.005020996540000564 0.0046529482305049897 -0.0022581711564870445 0.00074537436131070893 0.0030616146201888719 -0.0026009419344757731 -0.00082784274004791907 -0.0013555885473864951 0.0011412927377969027 0.0012559958400324141 0.0020199677860364318
leaf_weight=21 14.999999999999998 17 15.999999999999998 15.999999999999998 14.999999999999998 15.000000000000002 19 21 28 20 21 22 17 15.999999999999998 15.999999999999998 27 14.999999999999998 15.999999999999998 14.999999999999998 17 14.999999999999998 14.999999999999998 92 15.999999999999998 17 17 26 18 156 34
leaf_count=21 15 17 16 16 15 15 19 21 28 20 21 22 17 16 16 27 15 16 15 17 15 15 92 16 17 17 26 18 156 34
internal_value=-9.01113e-06 -0.00581453 -0.0111629 0.000595756 0.000797298 -0.00271967 -1.94101e-05 0.00105143 0.000912402 -0.00235923 0.00114306 0.00138054 0.00113028 0.00145307 -0.00178736 0.00131921 0.00118772 0.00132675 0.00115099 0.00214019 0.00052545 0.00124871 0.000730036 0.00094524 -1.23938e-05 0.00186386 -0.00102458 -0.000328927 0.00145722 0.0011155
internal_weight=791 73 37 718 702 46 36 656 641 41 600 556 535 31 44 513 496 481 454 174 280 158 141 265 93 32 61 44 172 126
internal_count=791 73 37 718 702 46 36 656 641 41 600 556 535 31 44 513 496 481 454 174 280 158 141 265 93 32 61 44 172 126
is_linear=0
shrinkage=0.03


Tree=101
num_leaves=31
num_cat=0
split_feature=9 9 9 0 11 13 9 9 14 12 0 14 17 6 8 9 9 11 2 1 13 17 17 8 13 6 21 21 13 6
split_gain=2.89211 2.99737 0.716408 0.757797 0.453018 1.52059 0.855675 1.88552 0.387916 0.385485 0.415084 0.729026 0.334529 0.210219 0.204626 0.173876 0.148214 0.105672 0.27632 0.128034 0.0845896 0.120221 0.0678081 0.0464817 0.0436636 0.0351604 0.0351452 0.0949371 0.0316572 0.0244151
threshold=1656.8214285714287 1539.3571428571431 49582.142857142862 4.5000000000000009 0.44089134593197993 17.760000000000002 19426.020000000004 17490.107142857149 26.850000000000005 0.81218312842496998 1.0000000180025095e-35 27.450000000000003 1.0623326348720847 18451.500000000004 17664.780000000002 1220.7857142857144 23620.166666666668 1.7914464970402915 3.5000000000000004 21163.03259564548 20.305000000000003 1.1156061753507667 1.0257950442957655 1170.5000000000002 20.305000000000003 27251.710000000003 8.8500000000000032 7.4500000000000011 15.090000000000002 35209.765000000007
decision_type=2 2 2 2 2 2 2 2 2 2 2 2 2 2 2 2 2 2 2 2 2 2 2 2 2 2 2 2 2 2
left_child=1 8 4 -4 5 -2 7 12 15 -8 11 -11 -6 -12 -15 23 -16 19 -19 -18 21 25 -22 -1 -17 -21 27 -27 -28 -30
right_child=2 -3 3 -5 6 -7 9 -9 -10 10 13 -13 -14 14 16 24 17 18 -20 20 22 -23 -24 -25 -26 26 28 -29 29 -31
leaf_value=8.3033943220096455e-06 0.0099130187183618535 -0.01551111704359452 -0.0072182674594223496 0.0015322900593609495 -0.0013534128912059324 -0.0007190801799297332 -0.0031070403490836419 -0.0089328741213306785 0.0011651760935783384 -0.00040347970583859611 -0.001227803440997377 0.008294339530169963 0.0032594221514240227 0.0043753212190380218 0.0038520817512956757 -0.0051190249063074586 0.0036803812161087992 -0.0029344059862196443 0.0021946465375367549 -0.00012625005587728487 0.00097820770778482601 -0.001455820192183767 0.002466000568378588 -0.0022818164105239489 -0.002861136761493981 0.0014351170384806805 0.0020656581251328257 -0.0011813202783973378 0.00069229644425093499 0.0016235569305717945
leaf_weight=15.000000000000002 19 15.999999999999998 18 14.999999999999998 26 28 15.999999999999998 23 23 14.999999999999998 30 18 27 17 15.999999999999998 27 15.999999999999998 18 15.999999999999998 25 61 19 56 14.999999999999998 26 27 35 20 83 39
leaf_count=15 19 16 18 15 26 28 16 23 23 15 30 18 27 17 16 27 16 18 16 25 61 19 56 15 26 27 35 20 83 39
internal_value=4.43525e-05 -0.00417164 0.000807411 -0.00338047 0.00102974 0.00380818 0.000801309 -0.0021371 -0.00220448 0.00123154 0.00137897 0.00454365 0.00102959 0.00114247 0.00130594 -0.00314369 0.00116523 0.00104366 -0.000532902 0.0011864 0.00105761 0.000733955 0.00171979 -0.0012078 -0.0041557 0.000926671 0.00105568 0.000318966 0.00126944 0.00101138
internal_weight=805 122 683 33 650 47 603 76 106 527 511 33 53 478 448 83 431 415 34 381 365 248 117 30 53 229 204 47 157 122
internal_count=805 122 683 33 650 47 603 76 106 527 511 33 53 478 448 83 431 415 34 381 365 248 117 30 53 229 204 47 157 122
is_linear=0
shrinkage=0.03


Tree=102
num_leaves=31
num_cat=0
split_feature=10 14 14 5 21 17 17 17 18 16 15 4 11 7 4 6 10 16 6 4 4 10 2 10 15 15 12 8 7 8
split_gain=3.38074 2.08442 1.18336 1.1567 0.530851 0.482676 0.952361 0.763871 0.496236 0.567509 0.890477 0.860242 0.533731 0.531694 0.357939 0.26616 1.05677 0.950817 0.247868 0.188953 0.15028 0.141995 0.120651 0.151075 0.129154 0.188657 0.234356 0.10707 0.13312 0.0861487
threshold=1599.6342105263161 26.950000000000003 26.050000000000004 0.85561368268953431 13.450000000000001 0.63529219500723111 0.74120969790283342 0.44532205994095569 19.750000000000004 5.5500000000000007 30.950000000000003 -0.96902457013955734 2.3708443502045466 12183.500000000002 -0.91201878827502736 16749.500000000004 30281.046583850937 1.0000000180025095e-35 18818.500000000004 -0.79384350655589164 -0.76141707087277943 1394.7545454545457 3.5000000000000004 26706.89697552448 35.250000000000007 28.650000000000002 1.0681105847689303 22879.500000000004 33303.585000000006 29944.735000000004
decision_type=2 2 2 2 2 2 2 2 2 2 2 2 2 2 2 2 2 2 2 2 2 2 2 2 2 2 2 2 2 2
left_child=1 2 3 19 -4 7 -7 -2 9 11 -11 -8 14 -10 -13 16 17 -16 -17 -1 -20 -6 24 -24 25 -22 29 -15 -29 -27
right_child=5 -3 4 -5 21 6 8 -9 13 10 -12 12 -14 27 15 18 -18 -19 20 -21 22 -23 23 -25 -26 26 -28 28 -30 -31
leaf_value=-0.0049270071772237623 -0.00065389167994726438 -0.012464893885329365 -0.0035751625851673237 -0.011943746961381596 0.00087161025620604822 -0.0061598947959167786 -0.0042126653920859097 0.0076124461012130433 -0.006308930113035089 -0.00037161670159548523 0.0093107481378441048 0.0044602301536160035 -0.0040535179339349272 -0.0020966604440227935 0.0065058106050959654 0.0041965079653076822 -0.0061230883603407577 -0.0025647550262510774 -0.0016999677026315646 -0.00078013315940132506 0.0019054450528401845 0.0048773012354093445 0.0045603648244458084 0.001484175105828969 0.0029792034812271594 -0.0012678915541619062 -0.0027689469025398675 0.0024819451237501769 -0.00088983947731321675 0.00090834221344649488
leaf_weight=15.999999999999998 18 23 14.999999999999998 15.999999999999998 17 17 28 20 14.999999999999998 15.999999999999998 15.999999999999998 27 15.999999999999998 17 19 23 20 19 14.999999999999998 24 51 14.999999999999998 14.999999999999998 132 18 19 24 17 22 74
leaf_count=16 18 23 15 16 17 17 28 20 15 16 16 27 16 17 19 23 20 19 15 24 51 15 15 132 18 19 24 17 22 74
internal_value=-0.000201581 -0.00466314 -0.00271676 -0.00558547 0.000789734 0.000664302 0.000456662 0.0038599 0.000662945 0.00097822 0.00473248 0.00072005 0.00102921 -0.00166147 0.00122447 0.00100107 -0.000865763 0.00206905 0.001296 -0.00259451 0.00108141 0.00292573 0.0012161 0.00185507 0.000696746 0.000420025 -0.000248608 -0.000241995 0.000629288 0.000446403
internal_weight=784 126 103 56 47 658 620 38 603 532 32 500 472 71 456 429 58 38 371 40 348 32 333 147 186 168 117 56 39 93
internal_count=784 126 103 56 47 658 620 38 603 532 32 500 472 71 456 429 58 38 371 40 348 32 333 147 186 168 117 56 39 93
is_linear=0
shrinkage=0.03


Tree=103
num_leaves=31
num_cat=0
split_feature=9 9 8 4 8 4 12 21 19 10 13 19 6 14 17 0 9 7 7 6 1 13 1 21 1 2 0 1 1 4
split_gain=4.73136 2.62805 1.00979 0.531022 1.56635 2.74924 0.678747 0.517347 0.544931 0.928009 0.331827 0.456353 0.64385 0.33167 0.271072 0.375921 0.374186 0.313517 0.302245 0.257879 0.235343 0.317026 0.18321 0.141626 0.132463 0.115816 0.07248 0.0704714 0.129642 0.047536
threshold=1710.7833333333335 1539.3571428571431 791.50000000000011 -0.87395131947920313 19691.500000000004 -0.97113884758256674 1.4654181780018878 10.950000000000001 5783.6695000000009 30545.740869565216 10.125000000000002 6078.5275000000011 13217.000000000002 26.850000000000005 0.91650202796603975 2.5000000000000004 15014.746190476193 16862.000000000004 19149.500000000004 19654.000000000004 1120.2398989898991 19.800000000000001 20932.699683744471 20.900000000000002 22109.324389528516 3.5000000000000004 6.5000000000000009 34106.089230769234 32816.43940573185 0.36146417736073544
decision_type=2 2 2 2 2 2 2 2 2 2 2 2 2 2 2 2 2 2 2 2 2 2 2 2 2 2 2 2 2 2
left_child=1 2 -1 4 5 -2 10 -6 9 -9 -5 14 -13 20 15 -12 -16 -18 -19 -20 -4 -22 -21 25 -24 26 -14 28 -26 -23
right_child=3 -3 13 6 7 -7 -8 8 -10 -11 11 12 23 -15 16 -17 17 18 19 22 21 29 24 -25 27 -27 -28 -29 -30 -31
leaf_value=-0.010555448360631572 0.0017232056512412699 -0.016409519935647647 -3.5251171930747876e-05 0.0050666905605175998 0.0059418723896584088 -0.01385518539045006 -0.0045204446611827919 0.0014450052843011658 0.0037838998129186424 -0.0074197752824436657 0.0069436799460335782 -0.0059117926533023514 0.0012689883633078458 0.0010817369231663177 0.0051376378163695332 0.0014866676295230933 -0.0020086213156324008 0.0045100280747283252 -0.0022345391594405686 0.0038704609837044365 -0.0072443924684609685 -0.00096957842625367149 -0.0013162988487498035 -0.002029474692090469 0.0010596560816657698 0.0024442947100635198 -0.0014284332309800543 0.0017936590963598485 -0.0016522855032235382 -0.0033143050010715209
leaf_weight=14.999999999999998 20 15.999999999999998 14.999999999999998 18 14.999999999999998 18 17 27 21 14.999999999999998 17 15.999999999999998 14.999999999999998 18 19 32 27 22 19 20 19 15.999999999999998 19 14.999999999999998 144 27 17 102 15.999999999999998 19
leaf_count=15 20 16 15 18 15 18 17 27 21 15 17 16 15 18 19 32 27 22 19 20 19 16 19 15 144 27 17 102 16 19
internal_value=-0.000283268 -0.0057747 -0.003823 0.000686641 -0.00114731 -0.00597983 0.00106791 0.00129763 4.30564e-05 -0.00191434 0.00125811 0.00110936 -0.000821698 -0.00245112 0.001509 0.00357797 0.0012307 0.00100292 0.00125097 0.00100028 -0.00337724 -0.00427116 0.00121788 0.000405474 0.00100306 0.00107077 -0.000163748 0.00117996 0.000771411 -0.00235278
internal_weight=796 118 102 678 116 38 562 78 63 42 545 527 90 87 437 49 388 369 342 320 69 54 301 74 281 59 32 262 160 35
internal_count=796 118 102 678 116 38 562 78 63 42 545 527 90 87 437 49 388 369 342 320 69 54 301 74 281 59 32 262 160 35
is_linear=0
shrinkage=0.03


Tree=104
num_leaves=31
num_cat=0
split_feature=6 6 9 21 9 11 9 11 7 11 13 9 15 6 11 11 17 21 1 1 4 1 1 9 13 1 11 10 18 17
split_gain=2.81058 1.76621 3.89194 3.25314 0.87769 0.852596 1.11136 1.67295 0.478056 0.731919 0.453159 0.394882 0.325828 0.260349 0.276204 0.161277 0.240942 0.093804 0.0927624 0.154435 0.117023 0.0533421 0.1102 0.091228 0.0521607 0.0355548 0.0527261 0.0275699 0.0226952 0.0214049
threshold=9123.0000000000018 1286.5000000000002 1546.2857142857144 15.250000000000002 1546.2857142857144 0.44089134593197993 18201.21428571429 1.1898389668077838 11319.000000000002 0.61952557287266763 19.415000000000003 1270.4000000000003 31.550000000000004 54190.000000000007 2.2555082603774173 1.4489444610692417 1.0177661740689408 14.750000000000002 21304.200305944058 21915.162334345583 0.14569472580964501 33733.649280800506 32621.423266527167 34933.723571428578 13.835000000000003 23856.266161887695 1.1462184505356385 31656.891428571431 15.750000000000002 1.0882207665243786
decision_type=2 2 2 2 2 2 2 2 2 2 2 2 2 2 2 2 2 2 2 2 2 2 2 2 2 2 2 2 2 2
left_child=1 4 12 -4 11 -2 7 10 -8 -10 -7 -1 17 14 15 18 -17 -3 20 -20 -11 22 25 -23 -25 -21 27 -27 -26 -28
right_child=5 2 3 -5 -6 6 8 -9 9 13 -12 -13 -14 -15 -16 16 -18 -19 19 21 -22 23 -24 24 28 26 29 -29 -30 -31
leaf_value=0.00079561033751815555 0.0065164306452092915 -0.0046651758214360786 -0.022449122071266172 -0.0040852646157145496 0.005538586170545646 -0.0028360290186745783 0.0054575225790696484 -0.011295191985828911 -0.0036519874491158029 0.0011654102616012096 0.0036512278292017675 -0.0048945554206147783 0.0013519655507116114 -0.0024722735707958538 0.0046020127992544855 0.0016147224075700108 -0.0031179519155994056 -0.0017120887849014252 -0.0010277612262871115 0.0021141645349562169 0.0043408697456317506 0.0037442693387856702 -0.0012752310772990122 -0.00014734235828080654 0.0018460315712727606 -0.0006342986737250942 0.0011101664635643829 0.00065566317014832123 0.00063516818219795819 0.0022340712776141507
leaf_weight=22 21 17 17 18 19 19 19 14.999999999999998 29 28 15.999999999999998 19 22 15.999999999999998 19 17 18 28 28 28 17 15.999999999999998 17 17 83 20 118 45 20 19
leaf_count=22 21 17 17 18 19 19 19 15 29 28 16 19 22 16 19 17 18 28 28 28 17 16 17 17 83 20 118 45 20 19
internal_value=-4.82167e-05 -0.00355593 -0.00592108 -0.0137362 0.000526118 0.00084106 0.000629853 -0.00357409 0.00100719 0.000835786 0.000166635 -0.0019463 -0.00155875 0.00109611 0.00121728 0.00106816 -0.000856198 -0.00297874 0.00121896 0.00106742 0.0024987 0.00122513 0.000948565 0.0017064 0.00137776 0.00112251 0.000965672 0.000251666 0.00162749 0.00129594
internal_weight=807 162 102 35 60 645 624 50 574 555 35 41 67 526 510 491 35 45 456 411 45 383 247 136 120 230 202 65 103 137
internal_count=807 162 102 35 60 645 624 50 574 555 35 41 67 526 510 491 35 45 456 411 45 383 247 136 120 230 202 65 103 137
is_linear=0
shrinkage=0.03


Tree=105
num_leaves=31
num_cat=0
split_feature=7 4 21 14 12 7 14 13 4 17 8 12 12 12 12 8 16 1 0 6 1 7 0 4 6 13 17 7 6 8
split_gain=3.97324 1.34451 2.8773 1.38822 1.82673 1.33255 2.36618 1.20985 1.03831 1.79392 0.536111 0.496162 0.49854 0.39246 0.380666 0.394278 0.376342 0.293297 0.292294 0.291454 0.280868 0.190908 0.154933 0.193974 0.240467 0.165535 0.143995 0.133857 0.0551537 0.0460827
threshold=9775.0000000000018 0.70517752626968588 15.050000000000002 25.950000000000003 1.024792971321377 12935.000000000002 27.350000000000005 21.115000000000006 -0.96902457013955734 1.1515640663696891 10054.000000000002 1.4654181780018878 0.74470142174617315 1.320103335210367 1.1963166753854095 13905.000000000002 0.15000000000000005 21163.03259564548 3.5000000000000004 16690.500000000004 1331.1575191459738 1551.5000000000002 5.5000000000000009 0.83552254320998587 36580.255000000012 23.605 1.0194033250299206 41417.360000000008 22923.500000000004 38750.610000000008
decision_type=2 2 2 2 2 2 2 2 2 2 2 2 2 2 2 2 2 2 2 2 2 2 2 2 2 2 2 2 2 2
left_child=1 3 -3 4 20 6 -2 10 9 -7 21 12 -10 14 15 -14 -9 26 -16 -19 -1 -5 23 27 -25 -24 -17 28 -21 -30
right_child=5 2 -4 7 -6 8 -8 16 11 -11 -12 -13 13 -15 18 17 -18 19 -20 22 -22 -23 25 24 -26 -27 -28 -29 29 -31
leaf_value=-0.0040787258498104556 -0.0018428545401376834 -0.0016581588218105025 -0.018000825053701798 -0.002540324048272201 -0.012903196645455191 0.0013357618730515241 0.014073743528376023 0.00079452855252277305 -0.003782048305300505 -0.011533811606247635 -0.0068917064554989338 -0.0042035938196760764 0.0054724073880597166 0.0051089867289093403 -0.0045440360960109453 0.0050859684988178991 0.0074337746487820851 -0.0030784600293811627 0.00072226659860461949 -0.00047301834441896055 0.0011728194243658114 0.0017463705283315741 0.00076645854278467596 0.0055134414311717537 0.0015621031020943809 -0.0027673478946089744 0.0016251448888717026 -0.0012935979223610567 0.00088414783499195303 0.002274542151448818
leaf_weight=19 15.000000000000002 22 15.999999999999998 19 21 22 15.999999999999998 15.000000000000002 17 14.999999999999998 18 14.999999999999998 17 20 17 20 14.999999999999998 14.999999999999998 18 22 14.999999999999998 14.999999999999998 28 14.999999999999998 95 18 27 26 173 24
leaf_count=19 15 22 16 19 21 22 16 15 17 15 18 15 17 20 17 20 15 15 18 22 15 15 28 15 95 18 27 26 173 24
internal_value=-0.000249864 -0.00422549 -0.00909527 -0.00276331 -0.00635945 0.000855606 0.00672724 -0.00025728 0.00053304 -0.00420555 -0.0029906 0.000855956 0.00100812 0.00117385 0.00100186 0.00122376 0.00437129 0.0010449 -0.00194301 0.000781953 -0.00182543 -0.000657181 0.000940918 0.00115278 0.00218975 -0.000674025 0.00324532 0.000673242 0.000916342 0.00107469
internal_weight=810 175 38 137 55 635 31 82 604 37 52 567 552 535 515 480 30 463 35 416 34 34 401 355 110 46 47 245 219 197
internal_count=810 175 38 137 55 635 31 82 604 37 52 567 552 535 515 480 30 463 35 416 34 34 401 355 110 46 47 245 219 197
is_linear=0
shrinkage=0.03


Tree=106
num_leaves=31
num_cat=0
split_feature=9 9 21 21 4 15 4 13 12 12 1 1 15 18 7 7 5 0 11 14 12 9 21 9 8 11 1 14 1 0
split_gain=2.45784 3.31706 0.465595 2.2458 0.659207 1.57612 0.63744 0.515661 0.379093 1.12178 0.75799 0.411788 0.3775 0.30304 0.364951 0.228287 0.253826 0.20293 0.297858 0.137106 0.19527 0.122584 0.11916 0.140148 0.117914 0.0782094 0.0767001 0.0804223 0.0889538 0.0769287
threshold=1656.8214285714287 1539.3571428571431 9.6500000000000004 9.3500000000000032 -0.95754239937548935 31.450000000000003 -0.87395131947920313 17.575000000000003 1.1512178564103615 1.1189643834558058 17860.946677358999 15870.396113764657 32.250000000000007 11.950000000000001 19763.565000000006 16862.000000000004 0.67007489853957602 1.0000000180025095e-35 0.73106309401387903 24.850000000000005 0.89361550706477255 34222.823571428577 19.850000000000005 20407.125714285718 21198.500000000004 1.0396580742476909 21668.841528282308 28.150000000000002 26702.52211174243 4.5000000000000009
decision_type=2 2 2 2 2 2 2 2 2 2 2 2 2 2 2 2 2 2 2 2 2 2 2 2 2 2 2 2 2 2
left_child=1 12 3 13 5 -4 7 -6 9 17 11 -10 19 14 -2 -12 -17 -8 -19 -1 -21 -16 23 -20 -25 -22 -26 28 -28 -29
right_child=2 -3 4 -5 6 -7 8 -9 10 -11 15 -13 -14 -15 21 16 -18 18 22 20 25 -23 -24 24 26 -27 27 29 -30 -31
leaf_value=-0.0045444817900657649 -0.0037954654232324925 -0.016191128935007487 -0.00095603276076244891 -0.010419345454720313 -0.005065775016515419 0.0090524407790909551 0.0035023981370031834 0.0011888523672574332 -0.00077996124170328447 0.0088116067151228581 -0.0059506251410964663 0.0054905848614871505 0.0021995310097311931 0.0045386225587743167 0.0033408653527936512 -0.0040779129570970929 0.00088127569388598203 -0.002327287399675697 0.0034700774185359479 0.00088182015081034279 -0.0044047468155622481 0.00032365009483802841 -0.0010161840898746794 -0.0010454299019395626 0.0031908236195643739 -0.0017021125889467921 -0.0013092888516428717 0.0011382586305553558 0.00098573984878700966 0.0034100111448788083
leaf_weight=23 14.999999999999998 14.999999999999998 27 17 27 27 28 19 17 15.999999999999998 14.999999999999998 18 15.999999999999998 14.999999999999998 14.999999999999998 15.999999999999998 18 22 23 17 15.999999999999998 44 20 20 15.999999999999998 31 14.999999999999998 38 165 22
leaf_count=23 15 15 27 17 27 27 28 19 17 16 15 18 16 15 15 16 18 22 23 17 16 44 20 20 16 31 15 38 165 22
internal_value=5.74542e-05 -0.00389975 0.00075871 -0.00105233 0.00109859 0.00419278 0.000759191 -0.00254045 0.00109224 0.00148938 -0.000720292 0.00256736 -0.00183544 0.000926553 9.42066e-05 -0.00307721 -0.00154936 0.00112609 0.000911684 -0.00261025 -0.00179849 0.00117512 0.00114817 0.00129873 0.00109412 -0.00276439 0.00126809 0.00111459 0.000782201 0.00205436
internal_weight=793 118 675 106 569 54 515 46 469 385 84 35 103 89 74 49 34 369 341 87 64 59 319 299 276 47 256 240 180 60
internal_count=793 118 675 106 569 54 515 46 469 385 84 35 103 89 74 49 34 369 341 87 64 59 319 299 276 47 256 240 180 60
is_linear=0
shrinkage=0.03


Tree=107
num_leaves=31
num_cat=0
split_feature=1 7 1 10 8 4 5 0 17 21 7 7 12 11 4 21 1 2 12 8 1 21 6 13 7 8 6 6 10 4
split_gain=3.83797 1.4252 1.86362 1.10335 0.800036 0.680897 1.20234 1.61459 0.815392 0.651277 0.441894 0.327357 0.463855 0.44443 0.385006 0.322592 0.314607 0.45885 0.307397 0.211001 0.128348 0.0979147 0.0976316 0.0833376 0.068968 0.0729239 0.0353412 0.033984 0.0286765 0.0222693
threshold=13418.472972972975 976.00000000000011 1362.7798153692618 1434.1342592592594 102647.26000000001 -0.87395131947920313 0.2332836900311728 3.5000000000000004 1.0018680453650863 13.050000000000002 22843.500000000004 16189.500000000002 1.1512178564103615 0.63060662489200092 -0.65234524191686594 11.450000000000001 21612.813557692312 3.5000000000000004 1.0517935331137889 20894.000000000004 21915.162334345583 13.15 15941.500000000002 23.440000000000001 25930.515000000003 28193.075000000001 38566.000000000007 37955.455000000009 1383.2458791208794 0.99700008544936913
decision_type=2 2 2 2 2 2 2 2 2 2 2 2 2 2 2 2 2 2 2 2 2 2 2 2 2 2 2 2 2 2
left_child=1 -1 3 9 5 6 8 -8 -2 15 -10 12 14 -13 -7 -3 17 19 28 -15 23 -19 -16 -18 -22 -26 27 -27 -11 -28
right_child=4 2 -4 -5 -6 11 7 -9 10 18 -12 13 -14 16 22 -17 20 21 -20 -21 24 -23 -24 -25 25 26 29 -29 -30 -31
leaf_value=-0.012194542798556779 -0.0034827004779468883 -0.0028272486146053541 -0.01103457668715197 0.0054988990198163419 0.0067988869473338126 0.0036561592684491817 -0.010769678469261397 0.00032719093554008463 0.0064700268867992515 -0.0013925228616571985 0.00033712560649622571 0.0052460559371572272 -0.0046520455162972207 0.002644733192771673 0.00028788046966142505 -0.0086518122361188641 0.0004710669855454138 0.0071445258275458683 0.001966433967427292 -0.0014478698053530285 0.0026082658044912894 0.0031074731691521319 -0.0029979201954077272 -0.0023372334358282387 -0.00069933136990293866 0.00084256651620681253 0.0015456321336201986 -0.00059482050703509764 -0.0034032827460289219 0.00030364090111106634
leaf_weight=17 20 21 21 14.999999999999998 18 21 21 24 21 18 20 24 18 23 15.000000000000002 17 19 17 22 19 21 14.999999999999998 14.999999999999998 15.999999999999998 23 149 108 14.999999999999998 14.999999999999998 15.999999999999998
leaf_count=17 20 21 21 15 18 21 21 24 21 18 20 24 18 23 15 17 19 17 22 19 21 15 15 16 23 149 108 15 15 16
internal_value=-9.29899e-05 -0.00445901 -0.00326898 -0.00158583 0.000886338 0.000699386 -0.00147766 -0.00508927 0.00126362 -0.00282024 0.00363319 0.00113544 -0.000774928 0.00142101 0.000717377 -0.00573528 0.0011901 0.00295113 -0.000675646 0.000811661 0.000820948 0.00554627 -0.00143971 -0.00086967 0.00100332 0.000878969 0.00100897 0.000705516 -0.00244875 0.00139274
internal_weight=804 146 129 108 658 640 106 45 61 93 41 534 69 465 51 38 441 74 55 42 367 32 30 35 332 311 288 164 33 124
internal_count=804 146 129 108 658 640 106 45 61 93 41 534 69 465 51 38 441 74 55 42 367 32 30 35 332 311 288 164 33 124
is_linear=0
shrinkage=0.03


Tree=108
num_leaves=31
num_cat=0
split_feature=1 2 17 16 17 17 9 14 17 14 11 5 7 17 2 10 17 8 18 16 11 4 12 17 12 14 2 18 17 10
split_gain=2.46404 1.90634 1.9894 0.588428 0.734022 0.469539 0.43378 0.399076 1.35177 0.544873 0.917254 0.665759 0.608066 1.28083 0.580349 0.326195 0.484533 0.325823 0.310225 0.338366 0.289549 0.278738 0.236336 0.176249 0.126868 0.236456 0.0969467 0.0804873 0.0750981 0.0693427
threshold=1339.6309548149663 2.5000000000000004 1.0113041890713357 33.300000000000004 0.63529219500723111 0.76802142302736132 51848.805714285721 28.950000000000003 1.1515640663696891 27.350000000000005 0.63060662489200092 0.11478523713130605 16683.500000000004 0.99252099769854618 2.5000000000000004 25985.620192307695 0.98965919142706993 17350.500000000004 16.450000000000003 0.95000000000000007 1.0587031161769649 -0.51940496556100924 1.1327477218123512 1.1348144863181762 0.93151330071712801 24.050000000000004 3.5000000000000004 17.750000000000004 1.0257950442957655 27434.496567505725
decision_type=2 2 2 2 2 2 2 2 2 2 2 2 2 2 2 2 2 2 2 2 2 2 2 2 2 2 2 2 2 2
left_child=1 2 -1 4 -2 -6 7 9 17 12 11 -11 13 -7 -15 16 -14 -9 19 29 -19 -3 23 24 25 -17 -18 -26 -22 -12
right_child=3 21 -4 -5 5 6 -8 8 -10 10 18 -13 15 14 -16 22 26 20 -20 -21 28 -23 -24 -25 27 -27 -28 -29 -30 -31
leaf_value=-0.0019070368849982817 0.005404933297942424 0.0015021143585909158 -0.016370315600084721 -0.0047669560920136668 -0.0041274967672009213 -0.0069204555581589885 -0.0038140695120551082 0.0040416563189189349 -0.0074946357026188203 0.002310780832434401 0.0026326700858771801 0.011377336416831788 0.0074474636722794349 0.0047868327711793508 -0.0018523520417511462 0.0017003494638073095 0.00017320003493555955 -0.0027093198150396343 -0.0021490674043123268 0.005908148827798226 -0.00011781417910242452 -0.0028505269209854302 -0.0023057762464635412 0.0038139330813040332 0.00079619629739251718 -0.0031318368455395102 0.0029281040121402059 0.0028773871387698146 0.002059885361832717 0.00039837494004092624
leaf_weight=15.999999999999998 27 22 18 15.999999999999998 17 26 17 19 20 15.000000000000002 15.999999999999998 14.999999999999998 14.999999999999998 20 24 14.999999999999998 26 25 17 14.999999999999998 26 28 20 15.999999999999998 178 18 19 17 29 44
leaf_count=16 27 22 18 16 17 26 17 19 20 15 16 15 15 20 24 15 26 25 17 15 26 28 20 16 178 18 19 17 29 44
internal_value=1.60001e-05 -0.00478137 -0.0100481 0.00059379 0.000730331 0.000526123 0.000659711 0.00079108 -0.000765299 0.00115158 0.00288724 0.00727181 0.000602277 -0.00189755 0.00124237 0.00115069 0.00311204 0.000715651 0.00133319 0.00215782 -0.000153585 -0.000951251 0.000684882 0.000946771 0.000714152 -0.000963737 0.00141148 0.001005 0.00106241 0.00105989
internal_weight=796 84 34 712 696 669 652 635 119 516 122 30 394 70 44 324 60 99 92 75 80 50 264 244 228 33 45 195 55 60
internal_count=796 84 34 712 696 669 652 635 119 516 122 30 394 70 44 324 60 99 92 75 80 50 264 244 228 33 45 195 55 60
is_linear=0
shrinkage=0.03


Tree=109
num_leaves=31
num_cat=0
split_feature=8 7 16 8 13 8 4 5 0 2 17 12 1 12 8 21 5 8 5 1 1 14 14 4 8 18 6 7 17 17
split_gain=2.74942 2.15012 1.06837 1.18823 0.495371 0.449162 0.602429 2.10521 2.01343 0.683096 0.483186 0.251836 0.586379 0.37569 0.299753 0.543812 0.428081 0.226448 0.29615 0.174385 0.149883 0.0972565 0.135132 0.0964804 0.0800851 0.0514182 0.0469005 0.0386378 0.0203442 0.0168167
threshold=1653.5000000000002 1029.0000000000002 1.0000000180025095e-35 1416.5000000000002 21.305000000000003 102647.26000000001 -0.87395131947920313 0.2332836900311728 3.5000000000000004 2.5000000000000004 1.0556376324126984 1.1796109410501507 19499.365138888894 1.2956714464089722 16400.500000000004 13.750000000000002 0.73136292505298039 19491.000000000004 0.5475998096715059 21249.340946381661 21915.162334345583 28.150000000000002 28.950000000000003 0.28003368959032676 1511.5000000000002 17.150000000000002 41284.470000000008 24561.755000000001 1.0068813858012673 1.0006451995250012
decision_type=2 2 2 2 2 2 2 2 2 2 2 2 2 2 2 2 2 2 2 2 2 2 2 2 2 2 2 2 2 2
left_child=1 -1 3 -3 24 6 7 9 -9 -2 -11 14 13 -13 15 16 -8 18 -16 23 -21 27 -23 -19 -4 26 -24 -22 29 -29
right_child=5 2 4 -5 -6 -7 11 8 -10 10 -12 12 -14 -15 17 -17 -18 19 -20 20 21 22 25 -25 -26 -27 -28 28 -30 -31
leaf_value=-0.013230359729379415 0.0057009751763608726 -0.0015622372232610359 -0.00079073937306710492 -0.012290622646756032 0.0034448008798062799 0.0055115238620954401 0.0019507680740207434 -0.012634418351656716 5.5217681801877912e-05 -0.0043855133066501685 0.0024244308551507336 -0.0021464389500518641 -0.0046583071091900697 0.0034748551440942619 0.00090733153112232683 -0.00063712149992087774 0.0087817278876900669 0.0011855970872075934 -0.004253050655893543 -0.0015576183968888861 -0.00062965150730793964 0.0038455114383716136 -0.00073745170216027054 0.0043881420776332647 -0.0034566337545402347 0.0022395994208220921 0.0014360873364186023 0.00073328917427647436 0.0011602030132071531 -0.00023628784634638578
leaf_weight=18 25 22 27 14.999999999999998 22 14.999999999999998 18 21 22 14.999999999999998 19 15.999999999999998 21 25 23 20 15.999999999999998 17 14.999999999999998 19 14.999999999999998 23 17 20 15.999999999999998 19 14.999999999999998 104 117 18
leaf_count=18 25 22 27 15 22 15 18 21 22 15 19 16 21 25 23 20 16 17 15 19 15 23 17 20 16 19 15 104 117 18
internal_value=-7.33808e-05 -0.00420916 -0.00239336 -0.00631883 -3.69497e-05 0.000694825 0.000565116 -0.00152866 -0.00642814 0.00213583 -0.000656686 0.000966269 -0.000811811 0.00128338 0.00120029 0.0032691 0.00547462 0.000921394 -0.00124046 0.00114065 0.000920413 0.00107253 0.00202067 0.00305296 -0.00189224 0.00108365 0.000305938 0.000782668 0.000875797 0.000588733
internal_weight=775 120 102 37 65 655 640 102 43 59 34 538 62 41 476 54 34 422 38 384 347 328 74 37 43 51 32 254 239 122
internal_count=775 120 102 37 65 655 640 102 43 59 34 538 62 41 476 54 34 422 38 384 347 328 74 37 43 51 32 254 239 122
is_linear=0
shrinkage=0.03


Tree=110
num_leaves=31
num_cat=0
split_feature=9 9 9 11 18 1 11 9 9 17 12 12 15 17 15 11 11 6 1 11 6 1 21 15 10 18 4 6 0 16
split_gain=4.22803 2.27459 1.51328 0.68223 1.50295 1.00154 1.34438 0.675228 2.04673 0.506757 0.269046 0.284934 0.195778 0.164689 0.134697 0.209315 0.19842 0.29555 0.156379 0.141121 0.11632 0.114305 0.0911881 0.0750419 0.0727501 0.0652562 0.0558706 0.0552586 0.0520096 0.0482042
threshold=1656.8214285714287 1539.3571428571431 1103.6428571428573 0.63060662489200092 19.950000000000003 32957.943441796939 0.39161643465435808 18201.21428571429 16985.857142857149 1.0279146978796536 1.4440638380284352 1.2897363449934809 32.250000000000007 1.1230437629837255 28.150000000000002 2.1840726839953093 1.1499368483851407 35397.700000000004 21163.03259564548 1.046729602167864 23385.050000000003 23856.266161887695 14.450000000000001 31.750000000000004 1383.2458791208794 10.350000000000003 -0.83847110675477843 29967.785000000003 4.5000000000000009 1.0000000180025095e-35
decision_type=2 2 2 2 2 2 2 2 2 2 2 2 2 2 2 2 2 2 2 2 2 2 2 2 2 2 2 2 2 2
left_child=1 2 -1 4 5 6 -2 8 13 -7 11 14 22 -5 18 16 17 19 -9 20 23 -21 25 -16 -24 -4 -20 -18 -28 -30
right_child=3 -3 12 7 -6 9 -8 10 -10 -11 -12 -13 -14 -15 15 -17 27 -19 26 21 -22 -23 24 -25 -26 -27 28 -29 29 -31
leaf_value=-0.011806518022409257 0.0018968794365914966 -0.015512897530022789 -0.0023199899122118947 -0.00069467868190258735 -0.003762732092291117 -0.0028355022539433682 0.01168459855790796 0.003914123183581978 -0.011461140478632469 0.004298903947175645 -0.0030489805998171076 0.0042222848747457773 0.0010340167410836062 0.0032054244503766918 -0.0028111225799859864 -0.0028180522657930847 -0.00059767711798057834 -0.0040761779506197741 0.0026207944191992284 0.0028985812870616261 0.001285563608786712 0.00020679300313891281 -6.6902657438601773e-05 -0.00045804168656468392 -0.0026664005041384374 -0.0051424189196789963 -0.00063687555612497297 0.0012282493905106395 0.0013942275998914348 -0.0003510588005577263
leaf_weight=14.999999999999998 24 14.999999999999998 25 20 22 17 27 18 14.999999999999998 14.999999999999998 14.999999999999998 19 14.999999999999998 15.999999999999998 21 15.999999999999998 14.999999999999998 14.999999999999998 14.999999999999998 20 15.999999999999998 41 19 28 18 14.999999999999998 19 191 68 17
leaf_count=15 24 15 25 20 22 17 27 18 15 15 15 19 15 16 21 16 15 15 15 20 16 41 19 28 18 15 19 191 68 17
internal_value=-0.000154175 -0.00525521 -0.00355896 0.000760328 0.0029633 0.00479269 0.007324 0.000356173 -0.00287594 0.000564907 0.000674437 0.000793342 -0.00199165 0.00111618 0.000646739 0.000340481 0.000501434 -0.000362875 0.00144164 0.000135968 -0.00082473 0.00115335 -0.00259233 -0.0015372 -0.00140341 -0.00357288 0.00100913 0.00109083 0.000731617 0.00104512
internal_weight=812 122 107 690 105 83 51 585 51 32 534 519 92 36 500 363 347 141 137 126 65 61 77 49 37 40 119 206 104 85
internal_count=812 122 107 690 105 83 51 585 51 32 534 519 92 36 500 363 347 141 137 126 65 61 77 49 37 40 119 206 104 85
is_linear=0
shrinkage=0.03


Tree=111
num_leaves=31
num_cat=0
split_feature=7 18 9 8 8 15 12 4 12 7 15 21 7 13 11 18 1 1 18 9 13 8 7 21 7 0 18 6 13 13
split_gain=2.20874 1.40663 1.06317 0.451626 1.20049 1.0962 0.688947 0.678119 0.627193 1.28237 0.449457 0.759846 0.429788 0.384544 0.356521 0.347946 0.131307 0.223048 0.18968 0.183927 0.11441 0.0930293 0.123602 0.0825608 0.10207 0.0497272 0.0447339 0.0472077 0.0430446 0.0260418
threshold=1510.0000000000002 8.7500000000000018 1103.6428571428573 19691.500000000004 18976.500000000004 31.450000000000003 1.1454751168991206 -0.82897401153126982 1.4440638380284352 12183.500000000002 30.750000000000004 13.850000000000003 1604.5000000000002 19.095000000000002 0.55461158893461004 14.15 21249.340946381661 21915.162334345583 13.15 30634.616428571433 20.570000000000004 40837.980000000003 40871.980000000003 16.550000000000004 40406.000000000007 5.5000000000000009 17.350000000000005 27499.280000000002 22.590000000000003 20.405000000000005
decision_type=2 2 2 2 2 2 2 2 2 2 2 2 2 2 2 2 2 2 2 2 2 2 2 2 2 2 2 2 2 2
left_child=1 -1 -3 4 5 6 10 -7 9 -5 11 -2 -9 -4 -11 -15 18 -18 -16 -20 -14 22 25 24 -23 26 27 -19 -22 -26
right_child=3 2 13 8 -6 7 -8 12 -10 14 -12 -13 20 15 16 -17 17 21 19 -21 28 23 -24 -25 29 -27 -28 -29 -30 -31
leaf_value=-0.011715444489137122 0.0047053020564839241 -0.0091400177031755441 -0.0045193441691534489 -0.0068841958408685103 -0.0076886879000812765 0.0069099413239481775 -0.0063291468761033478 0.0051001013859229933 0.0066353495397111946 0.0051052553304716166 -0.004015414880831604 -0.0028637278185266518 -0.0022394896886850659 -0.0012985718786536204 0.0047194522950112037 0.0037849230067804451 -0.0023926979256793856 -0.00064512871691714156 -0.0012309081440693452 0.0030198547686450181 0.0016767327972896358 0.0041087484967551732 -0.0018119866983033717 -0.00017578062203635152 0.00056473177290172316 -0.00079187399086852862 0.0016566288197869792 0.00080494760548710249 -0.00020427661104898515 0.0019949920019134877
leaf_weight=17 23 14.999999999999998 14.999999999999998 17 18 20 25 14.999999999999998 14.999999999999998 17 21 21 17 29 17 18 18 21 17 15.999999999999998 15.999999999999998 17 15.999999999999998 15.999999999999998 22 15.999999999999998 50 197 27 28
leaf_count=17 23 15 15 17 18 20 25 15 15 17 21 21 17 29 17 18 18 21 17 16 16 17 16 16 22 16 50 197 27 28
internal_value=-9.94579e-05 -0.00436833 -0.00249071 0.000482118 -0.000706445 4.78749e-05 -0.00229864 0.00227245 0.000965566 0.000763682 -0.000605787 0.00112537 0.000888423 -0.000646658 0.0010696 0.000723321 0.000895614 0.000707378 0.00231999 0.000884861 -0.000295051 0.000864746 0.000611331 0.00174477 0.00219521 0.000759572 0.000857375 0.000660666 0.000539048 0.0014116
internal_weight=797 94 77 703 203 185 90 95 500 485 65 44 75 62 468 47 451 401 50 33 60 383 300 83 67 284 268 218 43 50
internal_count=797 94 77 703 203 185 90 95 500 485 65 44 75 62 468 47 451 401 50 33 60 383 300 83 67 284 268 218 43 50
is_linear=0
shrinkage=0.03


Tree=112
num_leaves=31
num_cat=0
split_feature=8 13 8 4 4 13 21 17 4 11 12 12 10 18 17 17 18 15 10 4 8 17 6 12 6 15 21 10 11 9
split_gain=2.86125 1.58424 0.651174 1.56491 3.6483 0.639743 0.547196 0.851835 0.46861 0.526401 0.461191 0.593748 0.4584 0.402331 0.372519 0.374303 0.351405 0.263144 0.250323 0.650586 0.273111 0.233831 0.104991 0.082692 0.119623 0.0649389 0.095463 0.062695 0.0496386 0.0328744
threshold=1475.5000000000002 21.475000000000005 19691.500000000004 -0.87395131947920313 -0.97113884758256674 20.305000000000003 13.550000000000002 0.97926262787986296 -0.3169700421330815 1.0413360975856814 1.4440638380284352 1.2956714464089722 1224.5653409090912 12.850000000000003 0.63529219500723111 0.83025725446693055 12.550000000000002 35.750000000000007 38722.430521978029 0.66766646831012755 43724.000000000007 1.0307991307548534 15720.500000000002 0.84034413922697571 20618.500000000004 28.750000000000004 11.15 36672.192431318683 1.3118312278061948 30634.616428571433
decision_type=2 2 2 2 2 2 2 2 2 2 2 2 2 2 2 2 2 2 2 2 2 2 2 2 2 2 2 2 2 2
left_child=1 5 3 4 -2 12 8 -8 9 -5 11 14 -1 -10 -4 -16 -9 18 20 -20 23 -19 -18 -17 -25 27 -27 -26 -21 -28
right_child=2 -3 10 6 -6 -7 7 16 13 -11 -12 -13 -14 -15 15 17 22 21 19 28 -22 -23 -24 24 25 26 29 -29 -30 -31
leaf_value=-0.00072065669385825879 0.0022339888068381697 -0.012491649949118833 0.0045101983114503898 0.0069949507959187031 -0.015073435005864928 0.0015291866394025939 -0.0057285725451739775 0.0033443732813000678 0.0020805225215320073 0.00042041508957150982 0.0058390094142626312 -0.0042709072194993493 -0.0074118527485272628 -0.0034914936725981534 -0.0024418971378472633 -0.00114565263122238 -0.0029601967940791783 0.00077025843588145149 -0.0059140958932831006 0.0011075849278803127 0.0042015752067323777 0.0056615034540882332 4.612367230884988e-05 0.0031180128341783647 0.0021446254496234204 -0.0013331722947465174 -0.00043953621465908849 0.00046046878909692166 -0.00077750202312873787 0.00092507317698094986
leaf_weight=14.999999999999998 22 20 24 23 19 19 26 23 26 20 14.999999999999998 18 24 18 28 14.999999999999998 14.999999999999998 17 14.999999999999998 50 23 18 27 21 51 21 17 34 14.999999999999998 123
leaf_count=15 22 20 24 23 19 19 26 23 26 20 15 18 24 18 28 15 15 17 15 50 23 18 27 21 51 21 17 34 15 123
internal_value=-0.000211596 -0.00559578 0.000382286 -0.000978078 -0.00611457 -0.00288077 0.00025984 -0.00135244 0.00193874 0.00409162 0.000973758 0.000801691 -0.00499901 -0.000251636 0.00101234 0.000805744 0.00051677 0.0010328 0.000795806 -0.000684912 0.00118612 0.00345581 -0.00111331 0.000912325 0.0010356 0.000834121 0.000470061 0.00149703 0.000662342 0.000755514
internal_weight=802 78 724 219 41 58 178 91 87 43 505 490 39 44 472 448 65 420 385 80 305 35 42 282 267 246 161 85 65 140
internal_count=802 78 724 219 41 58 178 91 87 43 505 490 39 44 472 448 65 420 385 80 305 35 42 282 267 246 161 85 65 140
is_linear=0
shrinkage=0.03


Tree=113
num_leaves=31
num_cat=0
split_feature=7 4 0 8 3 16 9 17 21 8 5 11 17 6 12 7 21 12 1 18 4 21 12 1 0 12 18 17 8 11
split_gain=2.13326 2.20536 3.33405 1.05542 0.845445 0.822155 1.24735 0.504366 1.95217 0.300921 1.39048 0.883943 0.213274 0.230299 0.190267 0.358238 0.196069 0.142881 0.141644 0.103692 0.0949614 0.199544 0.139228 0.16861 0.182681 0.168909 0.141167 0.0889718 0.146408 0.0803667
threshold=1945.0000000000002 0.70517752626968588 2.5000000000000004 102647.26000000001 11.500000000000002 3.6000000000000005 1528.3571428571431 1.1515640663696891 10.050000000000002 12232.000000000002 0.44312301391210612 0.50661222621072655 1.1766665351015442 15416.000000000002 1.2956714464089722 13702.500000000002 19.350000000000005 0.9855427410568719 1323.9378624183607 15.950000000000001 -0.90483020021433236 12.15 1.1327477218123512 20434.245120777694 5.5000000000000009 0.89035399584336328 14.15 1.0351370589425877 23868.665000000005 1.2165248089766951
decision_type=2 2 2 2 2 2 2 2 2 2 2 2 2 2 2 2 2 2 2 2 2 2 2 2 2 2 2 2 2 2
left_child=1 4 -3 7 5 6 18 9 -9 10 -2 -11 -10 -14 15 -13 20 -18 -1 -15 21 -17 23 -22 25 -25 -26 28 -27 -29
right_child=3 2 -4 -5 -6 -7 -8 8 12 11 -12 14 13 19 -16 16 17 -19 -20 -21 22 -23 -24 24 26 27 -28 29 -30 -31
leaf_value=0.0011119745049456304 0.0087563157230615609 -0.0014637705844826995 -0.018586332540419932 0.0075464207090829537 -0.0069717344247242977 -0.005022302399340429 0.0087502607346201921 -0.009983938499120994 0.003586621419252718 -0.0048848572445030396 -0.0025215146960690616 -0.0036263088465613479 -0.00318316853221725 0.0021808072479529072 0.0034628756765438164 -0.0032218661338779117 0.00496101299437749 0.0010320655714271456 -0.0022315287997480482 -0.00088606133509208174 0.0037620347179472447 0.0012711198686769134 -0.001183728725318947 0.0035612488622692499 -0.0032103045394315439 -0.0020834358409047124 0.00031110607605013582 0.00284059427424588 0.00074208276732891582 0.00070572238105038796
leaf_weight=20 18 23 17 17 14.999999999999998 17 15.999999999999998 18 14.999999999999998 24 18 14.999999999999998 14.999999999999998 23 21 14.999999999999998 14.999999999999998 19 22 14.999999999999998 15.999999999999998 17 29 20 14.999999999999998 15.999999999999998 25 31 207 34
leaf_count=20 18 23 17 17 15 17 16 18 15 24 18 15 15 23 21 15 15 19 22 15 16 17 29 20 15 16 25 31 207 34
internal_value=-0.000119286 -0.0036005 -0.00927939 0.000577318 -0.000929693 0.000428412 0.00214019 0.000369593 -0.00174276 0.000701995 0.00328147 0.000511161 0.000661655 -0.000266486 0.000791391 0.000658981 0.000814148 0.00294474 -0.00066121 0.000986428 0.000630707 -0.000900601 0.000759322 0.000919748 0.000768318 0.00101641 -0.00109941 0.000816342 0.000522638 0.00177829
internal_weight=788 130 40 658 90 75 58 641 86 555 36 519 68 53 495 474 459 34 42 38 425 32 393 364 348 308 40 288 223 65
internal_count=788 130 40 658 90 75 58 641 86 555 36 519 68 53 495 474 459 34 42 38 425 32 393 364 348 308 40 288 223 65
is_linear=0
shrinkage=0.03


Tree=114
num_leaves=31
num_cat=0
split_feature=7 9 18 21 11 5 11 11 9 10 5 7 10 0 2 11 6 8 11 8 8 6 7 17 21 11 14 9 1 17
split_gain=2.95529 2.36463 5.29746 1.10804 0.547153 2.13265 0.696497 0.411729 0.983971 0.801957 2.36897 0.277458 0.310717 0.246148 0.131316 0.128344 0.093742 0.218166 0.107187 0.0934607 0.153552 0.0726112 0.0675733 0.046191 0.0395942 0.0383338 0.0416127 0.0562704 0.0493503 0.0380068
threshold=1945.0000000000002 1546.2857142857144 13.65 19.000000000000004 0.44089134593197993 1.0000000180025095e-35 0.50661222621072655 0.63060662489200092 32466.968333333338 18124.490259740265 0.2332836900311728 1349.0000000000002 1430.8690476190479 1.0000000180025095e-35 3.5000000000000004 2.2555082603774173 18316.000000000004 17476.830000000005 1.7914464970402915 40024.335000000006 39286.55000000001 1440.0000000000002 35908.750000000007 0.97330327021218832 15.750000000000002 1.2080573510648416 26.450000000000003 27672.92928571429 23785.184614944723 0.98628952684430915
decision_type=2 2 2 2 2 2 2 2 2 2 2 2 2 2 2 2 2 2 2 2 2 2 2 2 2 2 2 2 2 2
left_child=1 3 -3 11 5 -2 -6 8 -8 10 -9 14 21 -11 -1 16 24 -18 19 20 25 -13 -21 -24 -15 26 28 -28 -19 -30
right_child=4 2 -4 -5 6 -7 7 9 -10 13 -12 12 -14 15 -16 -17 17 18 -20 22 -22 -23 23 -25 -26 -27 27 -29 29 -31
leaf_value=0.0025557588569819927 -0.003882019715873819 -0.022840341963421766 0.001439923747059177 -0.0088222629173348339 -0.0051206662456970654 0.0095540628075599654 0.0085757177261014759 0.0023845037161372598 -0.0016446392840760596 -0.002727733502785365 -0.010637858400586992 -0.0051522433779695453 0.001366477749474785 0.00038293801850396327 -0.00073982280772179364 0.0033510917487243807 0.0042294253167860646 0.0019756351183685991 -0.0012127166613936423 0.0033864979999249471 -0.0022052488963612738 -0.0020877473987638948 4.0491646759619469e-05 0.0016052102897006798 -0.0013555370220914482 0.0013950178621425515 -0.0013499477632682431 0.0005159622387957846 -0.00014132541684375611 0.00092595015025608517
leaf_weight=23 17 15.000000000000002 14.999999999999998 15.999999999999998 18 23 16.000000000000004 28 14.999999999999998 15.999999999999998 20 14.999999999999998 14.999999999999998 21 18 15.999999999999998 14.999999999999998 25 22 14.999999999999998 14.999999999999998 20 22 74 23 61 20 41 46 82
leaf_count=23 17 15 15 16 18 23 16 28 15 16 20 15 15 21 18 16 15 25 22 15 15 20 22 74 23 61 20 41 46 82
internal_value=-0.000228503 -0.00419999 -0.011369 -0.00201827 0.000617583 0.00393079 0.000388562 0.00057244 0.00383043 0.000379783 -0.00324996 -0.000657967 -0.00212093 0.00073003 0.0011418 0.00085159 0.000755114 0.000887627 0.000749778 0.000862931 0.000572681 -0.00360861 0.00159768 0.00125477 -0.000545236 0.000739032 0.00054086 -0.000119246 0.000802183 0.000546125
internal_weight=788 137 30 107 651 40 611 593 31 562 48 91 50 514 41 498 482 438 423 401 290 35 111 96 44 275 214 61 153 128
internal_count=788 137 30 107 651 40 611 593 31 562 48 91 50 514 41 498 482 438 423 401 290 35 111 96 44 275 214 61 153 128
is_linear=0
shrinkage=0.03


Tree=115
num_leaves=31
num_cat=0
split_feature=1 2 17 4 4 7 8 17 8 17 6 13 8 9 1 4 12 10 2 8 11 17 6 5 7 1 11 11 6 4
split_gain=2.01454 1.59029 2.90685 0.687935 1.51348 1.28698 0.376568 1.67673 0.596982 0.590286 0.537015 1.24143 0.516001 0.552221 0.343988 0.259688 0.208626 0.142979 0.286172 0.239236 0.440496 0.186084 0.184406 0.104762 0.0946891 0.0935788 0.0869991 0.0776493 0.0432387 0.0375301
threshold=1343.6731319910516 2.5000000000000004 1.0113041890713357 -0.99630266176052629 -0.95754239937548935 18801.500000000004 12961.000000000002 0.96694560216523751 16081.500000000002 0.54920018494835365 16590.000000000004 18.860000000000003 8994.0000000000018 1528.3571428571431 21460.323662687693 -0.51940496556100924 1.4180047817464159 25985.620192307695 3.5000000000000004 19541.500000000004 0.78252668232137834 1.0194033250299206 22551.500000000004 -0.10837475778693638 1307.5000000000002 21163.03259564548 1.0587031161769649 1.3253983838496126 38644.000000000007 -0.69057362043749781
decision_type=2 2 2 2 2 2 2 2 2 2 2 2 2 2 2 2 2 2 2 2 2 2 2 2 2 2 2 2 2 2
left_child=1 2 -1 -2 5 -5 7 -6 -8 -10 11 -11 13 -9 -13 -3 17 18 26 -19 -21 -20 -22 -7 -17 -24 -12 28 29 -27
right_child=3 15 -4 4 6 23 8 12 9 10 16 14 -14 -15 -16 24 -18 19 21 20 22 -23 25 -25 -26 27 -28 -29 -30 -31
leaf_value=-0.0010487478721886872 -0.0050778354090802811 0.0019608496963977812 -0.017243522562397022 0.012866586129016736 -0.0077367525592446328 0.00043820885366157572 0.0051309302474918028 -0.00072308779203970181 0.0062124368104645436 -0.0074239134918025231 -0.0010561638336022089 0.0045640575162628119 -0.0025144744910467125 0.0062083034813404086 -0.0013516857970113816 -0.00029334819053902339 -0.0024279697820105972 -0.0025616521192224403 0.0065094902607447944 0.0056211625083404434 -0.0022190442696017653 0.0016268187153207906 0.0028836032934486866 0.0039443324906203682 -0.0035635048337280747 0.0013424288591486401 0.0016025346057075593 -0.0010373506350019439 0.0012676029767899309 0.00029914206487279785
leaf_weight=23 14.999999999999998 23 15.999999999999998 14.999999999999998 23 15 27 17 14.999999999999998 22 17 14.999999999999998 18 23 17 15.000000000000002 14.999999999999998 17 15.000000000000002 14.999999999999998 17 14.999999999999998 17 15 15.999999999999998 38 25 20 118 147
leaf_count=23 15 23 16 15 23 15 27 17 15 22 17 15 18 23 17 15 15 17 15 15 17 15 17 15 16 38 25 20 118 147
internal_value=0.000350769 -0.00375485 -0.00820981 0.00089529 0.00103779 0.00623905 0.000661405 -0.0012318 0.000932856 0.000706878 0.000528291 -0.00225477 0.00151966 0.00336831 0.00152667 -0.000359085 0.00085213 0.000968885 0.00218268 0.000734207 0.000897718 0.00432241 0.000669043 0.00232823 -0.00209485 0.00082558 0.000527303 0.000700185 0.000820924 0.000525504
internal_weight=806 93 39 713 698 45 653 81 572 545 530 54 58 40 32 54 476 461 72 389 372 30 357 30 31 340 42 323 303 185
internal_count=806 93 39 713 698 45 653 81 572 545 530 54 58 40 32 54 476 461 72 389 372 30 357 30 31 340 42 323 303 185
is_linear=0
shrinkage=0.03


Tree=116
num_leaves=31
num_cat=0
split_feature=8 4 1 7 11 5 21 12 4 4 0 18 10 17 10 11 8 11 11 12 12 12 8 18 1 0 5 5 4 0
split_gain=2.39485 2.18011 1.66739 1.0802 0.664578 0.79522 1.14524 1.26639 0.60457 2.50701 0.271623 0.358571 0.421694 0.567461 0.267033 0.239741 0.237115 0.149831 0.107374 0.112838 0.264215 0.259481 0.116245 0.0996024 0.0813514 0.196574 0.0578607 0.0479879 0.0275567 0.02909
threshold=1475.5000000000002 -0.73282214301478099 1137.9169815777045 1510.0000000000002 0.55461158893461004 -0.013976481981245173 11.15 0.94476655534096432 -0.96689237009891416 -0.98046803196378884 1.0000000180025095e-35 8.1500000000000004 16447.766599326602 0.97649334689571654 18937.278461538463 1.06812111075823 24366.690000000006 0.75834409845960171 2.148152967344926 0.89557505517902924 0.92849721642010008 0.84034413922697571 23868.665000000005 13.15 21304.200305944058 5.5000000000000009 0.35645927230573393 0.65071284653328287 0.99700008544936913 4.5000000000000009
decision_type=2 2 2 2 2 2 2 2 2 2 2 2 2 2 2 2 2 2 2 2 2 2 2 2 2 2 2 2 2 2
left_child=1 -1 -3 -4 5 -2 -7 -8 9 23 -10 16 13 -13 -14 -15 -12 -16 19 21 -21 -19 26 -6 -24 27 -22 28 29 -26
right_child=4 2 3 -5 8 6 7 -9 10 -11 11 12 14 15 17 -17 -18 18 -20 20 22 -23 24 -25 25 -27 -28 -29 -30 -31
leaf_value=0.0025276738149113951 -0.0011990533529647757 -0.00021760980653412202 -0.017208461049257925 -0.005561520836005608 0.00036686284001916639 -0.0009506016025053603 0.0025511255487799642 0.01355003483397396 -0.0022612381093204022 -0.011847025187065204 0.0061418436856611686 -0.0063617785399158787 0.0039241284592603535 -0.0028243500766727851 -0.0020151257632594361 0.0016625620919311869 0.0012228895267287004 -0.00016411538934335112 0.002629491730034351 -0.0029359282208606596 0.00029092777712161051 0.0045429778571706263 0.0028175918500432198 0.0037754641297985522 0.00094381848915893408 -0.0023862786839405695 -0.002167338989675045 0.00040827806516507167 1.3067484542261808e-05 0.0018579936281272794
leaf_weight=22 26 14.999999999999998 17 15.999999999999998 15.000000000000002 19 21 17 28 15.999999999999998 14.999999999999998 15.999999999999998 21 14.999999999999998 17 27 21 22 23 18 14.999999999999998 18 14.999999999999998 14.999999999999998 87 15.999999999999998 17 127 15.999999999999998 57
leaf_count=22 26 15 17 16 15 19 21 17 28 16 15 16 21 15 17 27 21 22 23 18 15 18 15 15 87 16 17 127 16 57
internal_value=7.72641e-05 -0.00514032 -0.00861535 -0.0122019 0.000597364 0.0030893 0.00501973 0.00790316 0.000264016 -0.00297556 0.000525351 0.000671452 0.000466602 -0.00190519 0.00076676 4.55339e-06 0.00348784 0.000601976 0.000714033 0.000593754 0.000423023 0.00206954 0.000611469 0.00220061 0.000785846 0.000667448 -0.0010657 0.000853026 0.00119665 0.00132617
internal_weight=790 70 48 33 720 83 57 38 637 46 591 563 527 58 469 42 36 448 431 408 368 40 350 30 318 303 32 287 160 144
internal_count=790 70 48 33 720 83 57 38 637 46 591 563 527 58 469 42 36 448 431 408 368 40 350 30 318 303 32 287 160 144
is_linear=0
shrinkage=0.03


Tree=117
num_leaves=31
num_cat=0
split_feature=18 9 9 16 11 18 7 15 6 21 4 10 15 4 8 15 6 7 18 7 18 15 17 2 1 10 7 2 18 1
split_gain=1.29573 2.44965 10.2899 0.59983 0.59237 0.48519 0.75743 1.50666 0.625705 0.550408 0.699083 0.650978 0.607486 0.580887 0.357827 0.323849 0.243539 0.333166 0.302099 0.194394 0.191891 0.217493 0.125787 0.115382 0.173007 0.0901756 0.0838781 0.0760718 0.114848 0.0673929
threshold=11.65 17951.958571428575 1563.2166666666669 5.5500000000000007 0.75834409845960171 17.850000000000005 15220.500000000002 30.450000000000003 9775.0000000000018 17.750000000000004 -0.91201878827502736 16447.766599326602 28.450000000000003 -0.68430824382591193 11293.500000000002 27.950000000000003 16749.500000000004 19149.500000000004 14.65 21108.065000000006 10.750000000000002 31.250000000000004 1.0843206716628353 3.5000000000000004 22543.872306143887 32700.073571428577 1349.0000000000002 3.5000000000000004 10.250000000000002 22818.463826979478
decision_type=2 2 2 2 2 2 2 2 2 2 2 2 2 2 2 2 2 2 2 2 2 2 2 2 2 2 2 2 2 2
left_child=1 2 20 4 -3 6 7 -2 -9 11 -11 -7 -13 -14 -12 -16 -8 18 -18 -6 21 26 27 29 -25 -17 -1 28 -21 -19
right_child=5 3 -4 -5 19 9 16 8 -10 10 14 12 13 -15 15 25 17 23 -20 22 -22 -23 -24 24 -26 -27 -28 -29 -30 -31
leaf_value=0.00033890129067003726 -0.0022538461983203886 -0.0051890054034690056 -0.025882072739865782 0.0057197616590807833 -0.0021587896090932189 -0.0074177256675765791 -0.0015986463953740894 0.0042804386179894202 0.012506595094523884 0.0066878063872675688 -0.0036314398354213486 0.003333457758311521 -0.0071139388389008891 1.6450777184218169e-05 0.0044730775384232398 -0.0011370455153519288 0.0068946502029019231 -0.00087196538563479075 0.0010021717411776382 0.0009791327753825292 -0.0033836414810160501 0.0023233200405509426 0.002893794242968747 0.0044265540998757761 0.001083532641486988 0.0014906767010688781 -0.0025068798188918402 0.0014260389168824379 -0.0017553824367932975 0.00066031051415773028
leaf_weight=15.999999999999998 18 15.999999999999998 15.999999999999998 15.999999999999998 18 14.999999999999998 28 23 14.999999999999998 14.999999999999998 17 20 14.999999999999998 26 15.999999999999998 32 15.000000000000002 31 15.999999999999998 29 14.999999999999998 24 24 14.999999999999998 92 15.999999999999998 19 43 23 119
leaf_count=16 18 16 16 16 18 15 28 23 15 15 17 20 15 26 16 32 15 31 16 29 15 24 24 15 92 16 19 43 23 119
internal_value=0.000140276 -0.00159878 -0.00553845 0.000539513 -6.90254e-05 0.000971068 0.0015777 0.00473355 0.00799058 -0.000344013 0.00115697 -0.00222105 -0.000748258 -0.00280178 -3.72684e-06 0.00104073 0.000992185 0.00125336 0.00409843 0.000594987 -0.000574472 0.000227247 0.00104032 0.000881182 0.0016248 -0.000236547 -0.00125795 0.000522065 -0.000250582 0.000336334
internal_weight=803 259 90 169 153 544 372 56 38 172 96 76 61 41 81 64 316 288 31 137 74 59 119 257 107 48 35 95 52 150
internal_count=803 259 90 169 153 544 372 56 38 172 96 76 61 41 81 64 316 288 31 137 74 59 119 257 107 48 35 95 52 150
is_linear=0
shrinkage=0.03


Tree=118
num_leaves=31
num_cat=0
split_feature=7 7 5 3 7 12 9 7 18 7 7 10 9 1 12 5 0 15 15 15 1 0 8 4 6 14 6 2 16 4
split_gain=0.950411 0.847841 1.2677 0.812815 0.805914 0.519314 0.514555 0.351621 0.354914 0.889698 0.529781 0.355895 0.351146 0.226413 0.198917 0.183727 0.181237 0.14846 0.300363 0.283075 0.216262 0.095658 0.0857398 0.0730169 0.0689201 0.0546664 0.115618 0.0515396 0.0497604 0.0414156
threshold=9775.0000000000018 1658.0000000000002 0.37247810748448967 11.500000000000002 12935.000000000002 1.4654181780018878 1528.3571428571431 80856.380000000019 13.050000000000002 18424.500000000004 17219.000000000004 29840.892222222225 24972.446428571431 1137.9169815777045 1.020660862167736 0.62420859727530387 5.5000000000000009 28.150000000000002 30.050000000000004 28.950000000000003 21163.03259564548 4.5000000000000009 19328.940000000006 -0.74441730022405961 41386.360000000008 30.350000000000005 32350.520000000004 3.5000000000000004 1.1500000000000001 -0.77245553105869302
decision_type=2 2 2 2 2 2 2 2 2 2 2 2 2 2 2 2 2 2 2 2 2 2 2 2 2 2 2 2 2 2
left_child=1 3 -3 6 -2 7 13 8 9 -6 11 -10 -11 -1 15 -15 24 20 19 -19 -12 22 -20 -22 28 26 -24 -23 29 -14
right_child=4 2 -4 -5 5 -7 -8 -9 10 12 17 -13 16 14 -16 -17 -18 18 21 -21 23 27 25 -25 -26 -27 -28 -29 -30 -31
leaf_value=0.0020243762579301126 0.005763678298941974 0.00014427004614844916 -0.0097168938964605333 -0.0061855809728149323 0.0075857721624726588 -0.0043877848734458292 0.0043750276982497706 -0.0031289456700906155 -0.00055770715582184496 0.0042825527232268762 0.0048268144143124416 -0.006188639596734634 0.0022925834905575303 -0.0025024089724619818 -0.0038268497892256291 0.001610996144540284 -0.0022566222662434858 0.00028880558830375467 -0.0015402547302929793 -0.0044782180921174586 0.0024441494544347126 0.00098835894732826179 0.0032784389866077723 5.2372962167924815e-05 0.0020979874343611299 -0.00072165250685065989 0.00055004103757462215 0.0029184716846793889 -0.00060628258463111704 0.00064385832164559381
leaf_weight=21 27 22 23 15.999999999999998 20 15.999999999999998 24 18 26 27 15.999999999999998 14.999999999999998 14.999999999999998 14.999999999999998 19 21 14.999999999999998 25 14.999999999999998 18 15.999999999999998 29 14.999999999999998 32 38 18 86 25 22 89
leaf_count=21 27 22 23 16 20 16 24 18 26 27 16 15 15 15 19 21 15 25 15 18 16 29 15 32 38 18 86 25 22 89
internal_value=0.000345961 -0.00169534 -0.00509489 -0.000312551 0.000877226 0.000637323 0.000729995 0.000790549 0.000926735 0.00184058 0.000304812 -0.00280983 0.00121522 -0.000503734 -0.00150617 -0.000144422 0.000710338 0.0007537 0.000391377 -0.00181704 0.00200997 0.000910303 0.000467057 0.000915507 0.00100562 0.000741356 0.00101104 0.00195425 0.000648549 0.000920425
internal_weight=784 161 45 116 623 596 100 580 562 226 336 41 206 76 55 36 179 295 231 43 64 188 134 48 164 119 101 54 126 104
internal_count=784 161 45 116 623 596 100 580 562 226 336 41 206 76 55 36 179 295 231 43 64 188 134 48 164 119 101 54 126 104
is_linear=0
shrinkage=0.03


Tree=119
num_leaves=31
num_cat=0
split_feature=8 2 13 18 1 12 12 1 13 10 12 1 5 12 13 12 7 7 14 14 18 15 10 12 6 7 12 7 10 17
split_gain=1.86889 2.53753 2.52383 0.433412 0.726547 1.37211 3.30477 0.519677 0.493096 0.919496 0.489474 0.805867 0.595188 0.538993 0.48686 0.480927 0.452948 0.638351 0.351593 0.244569 0.234492 0.208152 0.318146 0.128105 0.211106 0.0834037 0.0767435 0.0712484 0.204466 0.0724371
threshold=1475.5000000000002 2.5000000000000004 19.980000000000004 8.1500000000000004 17889.827485380123 1.0386527797083298 0.97588363033589454 33400.630659863957 21.425000000000004 15920.375277777779 1.1512178564103615 26809.308823529416 -0.29342786347392819 1.1240674041713234 18.605000000000004 1.2291144405328771 9319.6000000000022 15633.500000000002 25.850000000000005 25.350000000000005 12.850000000000003 34.95000000000001 35152.404880952388 0.81218312842496998 17163.000000000004 19524.500000000004 1.0342596972384455 41417.360000000008 39992.343928571434 1.0772947228869902
decision_type=2 2 2 2 2 2 2 2 2 2 2 2 2 2 2 2 2 2 2 2 2 2 2 2 2 2 2 2 2 2
left_child=1 2 -1 7 5 6 20 -2 9 -7 13 12 -12 16 -13 -14 -6 -18 -3 -11 -5 23 -23 -19 -25 -26 -24 29 -29 -27
right_child=3 18 -4 4 10 8 -8 -9 -10 19 11 14 15 -15 -16 -17 17 21 -20 -21 -22 22 26 24 25 27 -28 28 -30 -31
leaf_value=-0.0018302403856068849 0.0069736655811338047 -0.0016117697825048754 -0.016928225591712229 0.0021791136880283768 -0.0032003767043352126 -0.0043098922735080123 -0.014454175509851086 0.00041215094139001197 0.0053431466890170292 0.0052561184577643869 -0.0036837791504436414 -0.0086661661744994248 6.8962631954087145e-05 0.0059900174644089456 -0.001198386490965883 0.0066147568652077634 0.0067450647981946955 -0.0018584713911466105 0.0041915536122886753 0.00039293385735204948 -0.0023250353689256466 0.0059633307619129904 -0.00061632615281268953 0.0038458612157652775 -0.001554815855479854 0.00059595943651899843 0.0021439624675794649 -0.0031201753266813124 0.00068043344462399976 0.0019476756267249584
leaf_weight=20 17 17 19 21 22 28 20 26 14.999999999999998 15.999999999999998 17 15.000000000000002 25 17 15.999999999999998 14.999999999999998 14.999999999999998 17 17 20 17 14.999999999999998 15.999999999999998 15.999999999999998 14.999999999999998 210 17 14.999999999999998 49 42
leaf_count=20 17 17 19 21 22 28 20 26 15 16 17 15 25 17 16 15 15 17 17 20 17 15 16 16 15 210 17 15 49 42
internal_value=-0.000112071 -0.00462323 -0.00965263 0.000347931 0.00016167 -0.00177882 -0.0052008 0.00320089 0.000799894 -0.000394577 0.000646212 -0.00138416 0.000751204 0.00103391 -0.00511805 0.00272173 0.000820528 0.00104165 0.00136155 0.00271723 0.000148599 0.000802418 0.00262036 0.00054968 0.000677633 0.000502307 0.000846898 0.00060912 -0.000277892 0.000834808
internal_weight=807 73 39 734 691 137 58 43 79 64 554 88 57 466 31 40 449 427 34 36 38 412 48 364 347 331 33 316 64 252
internal_count=807 73 39 734 691 137 58 43 79 64 554 88 57 466 31 40 449 427 34 36 38 412 48 364 347 331 33 316 64 252
is_linear=0
shrinkage=0.03


Tree=120
num_leaves=31
num_cat=0
split_feature=9 15 12 13 21 9 6 11 21 6 11 8 7 6 6 10 10 6 12 12 0 11 21 2 2 11 0 9 11 7
split_gain=2.28373 2.84787 1.41633 0.535396 0.373484 1.75207 0.490723 0.362004 1.4598 0.686324 0.294273 0.240887 0.230251 0.216974 0.285532 0.156855 0.299281 0.105656 0.148461 0.181435 0.161315 0.132143 0.105155 0.0839553 0.0877913 0.0810566 0.0800408 0.118347 0.177271 0.0798815
threshold=1656.8214285714287 32.250000000000007 1.1128622682851554 21.545000000000005 10.15 17951.958571428575 18901.000000000004 0.55461158893461004 16.250000000000004 8493.5000000000018 0.60138059912491493 20435.135000000006 11319.000000000002 1181.0000000000002 1440.0000000000002 17154.769880952383 19515.736666666671 16590.000000000004 0.91058534858214124 0.94241394412013657 3.5000000000000004 1.0129309874953403 20.450000000000003 3.5000000000000004 1.5000000000000002 1.167555643885213 4.5000000000000009 38479.571428571435 1.1108344967776278 43824.000000000007
decision_type=2 2 2 2 2 2 2 2 2 2 2 2 2 2 2 2 2 2 2 2 2 2 2 2 2 2 2 2 2 2
left_child=1 2 3 13 5 -2 -7 8 9 -6 -9 -8 -12 -1 -15 -14 -17 -18 21 -20 25 -19 26 24 -13 -21 -22 28 -28 -29
right_child=4 -3 -4 -5 7 6 11 10 -10 -11 12 23 15 14 -16 16 17 18 19 20 22 -23 -24 -25 -26 -27 27 29 -30 -31
leaf_value=0.00097589852381497631 -0.0098305195652167582 -0.014234553351067006 -0.0094190945786734419 0.0033782248012721536 0.0015015060217543081 -0.0041187322698533532 0.0043070173000083548 -0.0032436668938573667 -0.0032068611076101657 0.0089571404704059075 0.003374642893543531 0.00080829463549889622 -0.0021452801581472161 -0.0058915531673633002 -0.00081495029314152944 0.004626490677542546 -0.0016374859537341092 0.0041293020977173 -0.0025630905347711896 0.00021024064106099741 0.00057935727860312914 0.00051954139675945037 -0.0014319963675613204 0.0014752847799205813 -0.0018040958313005312 -0.0027497821363310017 0.00074920653146154316 -0.00099699893451638921 0.0044007080055486689 0.0013604536261742136
leaf_weight=18 14.999999999999998 18 15.999999999999998 25 20 15.999999999999998 17 14.999999999999998 22 26 27 24 15.999999999999998 14.999999999999998 26 14.999999999999998 17 18 14.999999999999998 15.000000000000002 198 18 15.999999999999998 42 19 15.999999999999998 24 17 24 40
leaf_count=18 15 18 16 25 20 16 17 15 22 26 27 24 16 15 26 15 17 18 15 15 198 18 16 42 19 16 24 17 24 40
internal_value=-6.61019e-05 -0.00388733 -0.00178224 -0.000142383 0.00059482 -0.000825041 0.000464486 0.000934377 0.00295526 0.00591319 0.000643645 0.0012488 0.000779204 -0.00169602 -0.00285988 0.000608858 0.000720023 0.000558475 0.000659235 0.000470558 0.000614396 0.00244676 0.000816789 0.000552209 -0.000374897 -0.00139158 0.000944149 0.00160835 0.00267796 0.000647391
internal_weight=810 118 100 84 692 133 118 559 68 46 491 102 476 59 41 449 433 418 401 365 350 36 319 85 43 31 303 105 48 57
internal_count=810 118 100 84 692 133 118 559 68 46 491 102 476 59 41 449 433 418 401 365 350 36 319 85 43 31 303 105 48 57
is_linear=0
shrinkage=0.03


Tree=121
num_leaves=31
num_cat=0
split_feature=8 2 13 14 18 18 14 15 9 17 18 11 2 15 6 13 14 21 8 21 1 9 15 2 21 21 0 2 4 17
split_gain=1.80717 2.38657 1.74778 0.629651 0.379283 1.78522 0.553653 0.93956 0.514478 0.319388 0.315323 0.564545 1.08822 1.0672 0.28192 0.402401 0.249797 0.238858 0.233994 0.223086 0.211728 0.485473 0.418708 0.135087 0.124991 0.121807 0.134989 0.159113 0.151052 0.0875026
threshold=1475.5000000000002 2.5000000000000004 19.980000000000004 26.050000000000004 11.550000000000002 11.250000000000002 27.150000000000002 31.650000000000002 33283.645000000011 1.1257086718458884 28.800000000000004 0.55461158893461004 3.5000000000000004 31.750000000000004 17366.500000000004 20.365000000000006 25.850000000000005 15.550000000000002 17283.000000000004 9.6500000000000004 21642.668489934884 1494.0714285714287 30.550000000000004 1.5000000000000002 16.150000000000002 9.4500000000000011 3.5000000000000004 3.5000000000000004 -0.90483020021433236 1.0311950471541784
decision_type=2 2 2 2 2 2 2 2 2 2 2 2 2 2 2 2 2 2 2 2 2 2 2 2 2 2 2 2 2 2
left_child=1 2 -1 -3 5 6 7 9 19 20 11 12 13 -6 15 16 -13 25 -19 -8 21 -2 -22 -20 -17 -16 27 29 -28 -27
right_child=4 3 -4 -5 10 -7 8 -9 -10 -11 -12 14 -14 -15 17 24 -18 18 23 -21 22 -23 -24 -25 -26 26 28 -29 -30 -31
leaf_value=-0.0026533636663641246 -0.00096746668685227606 -0.0027432033658566835 -0.015552294132648966 0.0049984808847626768 0.011759758675961117 -0.0088175230333052412 0.0018825256986447663 -0.0068537392001599071 -0.00069728370111149084 -0.0034152221250788946 -0.0031288187764585019 -0.0006349567944804827 -0.001750806077298793 0.0013889966066926718 0.0025999046583892777 0.002893435223137631 -0.0058121708108994519 0.0052842261335429019 0.0030096919555217027 0.0070692318677902221 0.0011461894495128574 0.0063262141750687183 -0.0040809843114887672 0.00065953435462401953 -0.00046554020808544006 -0.0032470255024731158 -0.001902081730950158 0.0012032901980963192 0.00087162816226541329 -0.00030427830896395094
leaf_weight=19 15.000000000000002 17 19 17 17 20 14.999999999999998 18 24 17 15.999999999999998 15.999999999999998 20 18 18 14.999999999999998 17 14.999999999999998 31 18 57 14.999999999999998 15.999999999999998 71 23 23 18 17 156 14.999999999999998
leaf_count=19 15 17 19 17 17 20 15 18 24 17 16 16 20 18 18 15 17 15 31 18 57 15 16 71 23 23 18 17 156 15
internal_value=-0.00012244 -0.00458741 -0.00955797 0.00119029 0.000334894 -0.000716245 0.000195738 -0.000833556 0.00263149 0.000167024 0.000782586 0.000922505 0.00373154 0.0067896 0.000551888 -0.00115494 -0.00348173 0.000889305 0.0019941 0.00495393 0.000812059 0.00284683 -7.77672e-05 0.00141794 0.000938747 0.000354168 0.000156666 -0.00111379 0.000566339 -0.00215871
internal_weight=793 72 38 34 721 215 195 138 57 120 506 490 55 35 435 71 33 364 117 33 103 30 73 102 38 247 229 55 174 38
internal_count=793 72 38 34 721 215 195 138 57 120 506 490 55 35 435 71 33 364 117 33 103 30 73 102 38 247 229 55 174 38
is_linear=0
shrinkage=0.03


Tree=122
num_leaves=31
num_cat=0
split_feature=8 2 13 2 4 4 7 8 17 1 8 8 10 17 13 7 10 10 8 11 10 6 0 2 8 11 6 2 0 12
split_gain=1.83443 1.92877 1.74713 0.459574 0.445102 1.29365 0.666435 0.390387 1.21116 1.33441 0.442702 0.392807 0.595714 0.321746 0.436853 1.98207 0.478967 0.451928 0.2815 0.330671 0.234382 0.14266 0.103856 0.0986504 0.143811 0.0695798 0.0630642 0.0537311 0.0514675 0.0494885
threshold=1475.5000000000002 2.5000000000000004 19.980000000000004 4.5000000000000009 -0.97694226132849327 -0.96463499255812291 17254.500000000004 12961.000000000002 0.97649334689571654 1353.4991730302286 16081.500000000002 7653.5000000000009 1447.7222222222224 0.54920018494835365 18.605000000000004 16617.500000000004 18937.278461538463 39205.134615384624 19541.500000000004 0.61952557287266763 28155.369444444448 18966.500000000004 5.5000000000000009 3.5000000000000004 43650.000000000007 0.78252668232137834 38750.610000000008 3.5000000000000004 4.5000000000000009 1.0760541469157163
decision_type=2 2 2 2 2 2 2 2 2 2 2 2 2 2 2 2 2 2 2 2 2 2 2 2 2 2 2 2 2 2
left_child=1 2 -1 -3 6 -6 -2 8 9 -7 20 12 -10 -12 15 -15 -16 21 25 -20 -9 -17 26 24 -21 -18 29 -28 -25 -23
right_child=4 3 -4 -5 5 7 -8 10 11 -11 13 -13 -14 14 16 17 18 -19 19 23 -22 22 -24 28 -26 -27 27 -29 -30 -31
leaf_value=-0.0024356615566648544 0.0078989703685853306 0.0043085095767552654 -0.014662250396372242 -0.002485089475909869 -0.0080406991425244247 -0.00018148898938670754 0.00024088104172343655 0.0010907612916301276 -0.00028748127346437785 -0.011922334529021207 0.0043814723473042244 -0.0023976544510911808 0.0064239445086568597 -0.0088072613300755609 0.0058666882695009304 0.0032587210834026338 -0.0030817177053540945 -0.0038220677577721126 0.0050903992789487042 0.00073013255448087385 0.0063461532567938165 0.00058533133621327578 -0.0017252584174275397 0.00081659300675139177 -0.0019953687928084816 -0.0003914933489535802 0.0005004609424698476 0.0029662369129558404 0.0023730239247171476 -0.001145471172314822
leaf_weight=22 14.999999999999998 15.999999999999998 20 15.999999999999998 14.999999999999998 18 26 15.000000000000002 29 14.999999999999998 15.999999999999998 20 18 22 15.999999999999998 15.999999999999998 14.999999999999998 20 15.999999999999998 101 15.999999999999998 123 15.999999999999998 41 19 19 15.999999999999998 15.999999999999998 40 14.999999999999998
leaf_count=22 15 16 20 16 15 18 26 15 29 15 16 20 18 22 16 16 15 20 16 101 16 123 16 41 19 19 16 16 40 15
internal_value=-0.00015036 -0.00458163 -0.00865967 0.00096534 0.000320418 0.000130952 0.0032797 0.000341037 -0.00136756 -0.00589456 0.000651027 0.000968385 0.00244014 0.000438188 0.000298119 -0.000616925 0.00113271 0.00026612 0.000786949 0.00118588 0.00402345 0.000704394 0.000452337 0.000827987 0.000272958 -0.00168363 0.000674965 0.00183531 0.00162386 0.000383524
internal_weight=788 74 42 32 714 673 41 658 100 33 558 67 47 527 511 244 267 222 251 217 31 202 186 201 120 34 170 32 81 138
internal_count=788 74 42 32 714 673 41 658 100 33 558 67 47 527 511 244 267 222 251 217 31 202 186 201 120 34 170 32 81 138
is_linear=0
shrinkage=0.03


Tree=123
num_leaves=31
num_cat=0
split_feature=7 7 13 4 1 4 0 18 18 11 11 13 4 11 3 11 2 1 17 1 13 1 1 18 11 17 5 7 5 15
split_gain=1.37029 1.68011 1.07024 1.28773 2.4677 0.965797 1.6681 0.805575 0.972167 0.620471 0.651143 0.603477 0.566241 0.259958 0.24781 0.137899 0.137801 0.298763 0.225296 0.206847 0.321635 0.176778 0.0995873 0.0913289 0.0704448 0.0327073 0.0296865 0.0250202 0.0196733 0.033314
threshold=9775.0000000000018 12935.000000000002 23.105000000000004 0.70517752626968588 1137.9169815777045 -0.96902457013955734 3.5000000000000004 8.3500000000000032 9.5500000000000025 0.41655821204914606 0.52695016278816331 19.305000000000003 -0.86546281643016554 0.63060662489200092 8.5000000000000018 2.4806590165656348 3.5000000000000004 21668.841528282308 0.99921314875685852 22109.324389528516 17.865000000000006 20673.011926923955 17668.957677165356 14.050000000000002 0.90251340811353309 1.0843206716628353 0.77652048701313048 33945.365000000005 0.04621408538533487 30.150000000000002
decision_type=2 2 2 2 2 2 2 2 2 2 2 2 2 2 2 2 2 2 2 2 2 2 2 2 2 2 2 2 2 2
left_child=2 -2 3 7 -5 6 -3 -1 -9 -7 -11 12 -10 -12 -13 16 19 18 -18 20 -15 22 -22 -23 -19 -21 28 -28 29 -26
right_child=1 5 -4 4 -6 9 -8 8 11 10 13 14 -14 15 -16 -17 17 24 -20 25 21 23 -24 -25 26 -27 27 -29 -30 -31
leaf_value=0.0037478013802319764 0.0076788815213688494 -0.010696899509302487 0.0041342846200235987 0.00086814225925242196 -0.015119132788851858 0.0062587115475360089 0.0011188660271895621 -0.0081918808688288131 -0.0077124418769227831 -0.0050252907022245615 0.0041750601616998518 -0.0010547997574839327 -0.00077136816146473083 -0.0039056378625333312 0.0030664986042449106 -0.0018862521222659521 0.0058763131264008969 -0.00087962938975542785 0.0013488985641071428 0.00055191839352615219 -7.9886910195151942e-06 -0.0029425869120613618 0.0032885991442291171 -6.3169252053530016e-05 -0.0005131803354357971 0.001674519698883939 -0.00073233023614567864 0.0006612373118484872 0.0014478013487949745 0.0011991850047100646
leaf_weight=19 27 17 19 14.999999999999998 18 14.999999999999998 24 21 17 17 15.999999999999998 25 25 23 24 19 17 23 24 174 16.000000000000004 14.999999999999998 14.999999999999998 24 14.999999999999998 26 14.999999999999998 35 65 25
leaf_count=19 27 17 19 15 18 15 24 21 17 17 16 25 25 23 24 19 17 23 24 174 16 15 15 24 15 26 15 35 65 25
internal_value=-2.85465e-05 0.000620766 -0.0023061 -0.00309306 -0.00821784 0.000289694 -0.00405001 -0.00169792 -0.00267129 0.000609879 0.00043806 -0.00124854 -0.00380371 0.000625542 0.00100489 0.000503323 0.000598993 0.00116472 0.00341212 0.000171116 -0.000984684 5.6889e-05 0.00168977 -0.00126016 0.0006149 0.000712991 0.00084505 0.00023108 0.00112763 0.000563189
internal_weight=830 647 183 164 33 620 41 131 112 579 564 91 42 547 49 531 512 219 41 293 93 70 31 39 178 200 155 50 105 40
internal_count=830 647 183 164 33 620 41 131 112 579 564 91 42 547 49 531 512 219 41 293 93 70 31 39 178 200 155 50 105 40
is_linear=0
shrinkage=0.03


Tree=124
num_leaves=31
num_cat=0
split_feature=8 2 13 16 13 4 5 4 8 18 1 14 2 15 15 1 12 12 11 8 6 15 8 6 12 6 5 10 12 4
split_gain=1.84575 1.63018 2.19278 0.780487 0.779973 0.527022 2.07862 0.351003 0.600794 0.354197 0.496825 0.330247 0.327818 0.564474 0.994458 0.230718 0.343951 0.310349 0.288154 0.298303 0.283877 0.184195 0.227169 0.141661 0.139149 0.11432 0.0539065 0.0415994 0.0567194 0.0620573
threshold=1475.5000000000002 2.5000000000000004 19.980000000000004 34.350000000000001 10.010000000000002 -0.96902457013955734 -0.091258822863740666 -0.94975917145599731 80856.380000000019 18.250000000000004 19355.717657342659 25.850000000000005 5.5000000000000009 32.45000000000001 29.650000000000002 20434.245120777694 1.0715741363056031 1.1752852749876552 1.8757708244587954 17283.000000000004 19080.000000000004 31.250000000000004 1653.5000000000002 18316.000000000004 0.94828879064235327 27781.750000000004 0.57605713708605399 35902.061200000004 1.0666089358558819 -0.65882179392489248
decision_type=2 2 2 2 2 2 2 2 2 2 2 2 2 2 2 2 2 2 2 2 2 2 2 2 2 2 2 2 2 2
left_child=1 2 -1 4 -2 6 -6 -7 9 12 -11 -3 15 14 -14 16 21 -18 19 -17 -21 22 -9 -12 26 -25 -22 28 -26 -30
right_child=3 11 -4 -5 5 7 -8 8 -10 10 23 -13 13 -15 -16 18 17 -19 -20 20 24 -23 -24 25 27 -27 -28 -29 29 -31
leaf_value=-0.001653894264574932 0.0056630260526435447 -0.0025101668774150311 -0.015541781362678322 -0.0058148297560891423 0.0041042247288195152 0.0041004709247499703 -0.0087581276513636099 -0.0027624566320862088 -0.0045172685660097908 -0.0043558573614685767 -0.0017021338658407331 0.0030914409815644222 0.0014649730468434946 0.0021808253735717798 -0.0077751569495409381 0.0044186134440824393 0.0070498910956084725 0.0019092477265552712 -0.002767579151051385 -0.0023201227995256579 0.0038987575413878353 0.0026109985717468792 0.001773451360824861 0.0030656890740946813 0.00063483805207821813 7.6277425365620536e-05 0.0014205250610393703 0.0010273194890469313 0.00048984391801671951 -0.0019594624771515985
leaf_weight=21 22 18 19 17 19 20 23 19 21 29 23 15.999999999999998 19 25 20 18 18 27 19 25 14.999999999999998 25 17 14.999999999999998 88 36 22 118 17 17
leaf_count=21 22 18 19 17 19 20 23 19 21 29 23 16 19 25 20 18 18 27 19 25 15 25 17 15 88 36 22 118 17 17
internal_value=-0.00027278 -0.00472335 -0.00867659 0.00018753 0.000345625 0.000161537 -0.00301737 0.000374589 0.000244324 0.000421894 -0.00116733 0.000151183 0.000746796 -0.00123344 -0.00342168 0.00103584 0.00224581 0.004178 0.000646546 0.000865191 0.000625721 0.000733031 -0.000639895 0.000163972 0.000906317 0.00103802 0.00257363 0.000630128 0.000235586 -0.000775632
internal_weight=808 74 40 734 717 695 42 653 633 612 103 34 509 64 39 445 106 45 339 320 302 61 36 74 277 51 37 240 122 34
internal_count=808 74 40 734 717 695 42 653 633 612 103 34 509 64 39 445 106 45 339 320 302 61 36 74 277 51 37 240 122 34
is_linear=0
shrinkage=0.03


Tree=125
num_leaves=31
num_cat=0
split_feature=6 6 14 12 10 14 11 17 10 9 5 9 12 8 8 9 9 1 17 18 12 12 9 17 17 11 0 17 12 9
split_gain=1.25851 1.97901 1.52915 1.51483 1.14271 0.517457 0.456164 3.25604 0.866269 0.744435 1.87487 0.29585 0.248172 0.438195 0.200335 0.156619 0.159132 0.100548 0.0803514 0.09546 0.140311 0.122448 0.168395 0.156978 0.0689335 0.0589935 0.0524191 0.0434384 0.0433465 0.096198
threshold=8493.5000000000018 1591.5000000000002 27.050000000000004 0.79287544125426257 1434.1342592592594 25.250000000000004 0.55461158893461004 1.0441879156487508 35902.061200000004 18201.21428571429 0.2332836900311728 50839.948571428577 1.2146072335193117 20894.000000000004 15876.000000000002 1494.0714285714287 1220.7857142857144 17619.10469444445 0.6014002673507689 13.550000000000002 0.93335375500434381 0.94828879064235327 33080.134285714295 0.89726320574674168 1.0361077894315591 1.0587031161769649 3.5000000000000004 1.0725008448078455 0.96874046526814117 30634.616428571433
decision_type=2 2 2 2 2 2 2 2 2 2 2 2 2 2 2 2 2 2 2 2 2 2 2 2 2 2 2 2 2 2
left_child=1 3 -3 -1 5 -5 7 8 -2 10 17 12 14 -14 -11 16 -7 -8 -16 21 -21 22 -20 -23 25 -25 -22 28 -28 -30
right_child=6 2 -4 4 -6 15 9 -9 -10 11 -12 -13 13 -15 18 -17 -18 -19 19 20 26 23 -24 24 -26 -27 27 -29 29 -31
leaf_value=-0.0090089468197787504 0.001935230403700295 -0.0018289381653691331 -0.014838819317519665 -0.0041113841398619112 0.0067404983714963729 0.0019595115886707052 -0.00071044220753452357 0.011240184818208217 -0.0076213751252119733 -0.0025422613571087519 -0.01062836910646997 -0.002942226197978016 0.0062356275133788582 0.00043084187132696951 0.0026092582610190698 0.003035255029487113 -0.001488215138670057 0.002431004096288234 0.0045037889338564122 -0.0016917871978254088 -0.00086579043650999662 -0.0020222829879425904 0.00026179396752815912 -0.00057423794962232935 0.0017892984686568524 0.00098465458893821347 0.0017537727962725941 0.0015717139813284575 -0.0017136948527768253 0.0005284442150825634
leaf_weight=14.999999999999998 15.000000000000002 15.999999999999998 15.999999999999998 28 20 17 14.999999999999998 23 15.999999999999998 15.999999999999998 17 18 18 29 17 15.999999999999998 31 19 18 29 22 14.999999999999998 14.999999999999998 30 62 69 17 34 18 123
leaf_count=15 15 16 16 28 20 17 15 23 16 16 17 18 18 29 17 16 31 19 18 29 22 15 15 30 62 69 17 34 18 123
internal_value=-1.71781e-05 -0.00239421 -0.00882411 -0.000662391 0.000593892 -0.000857312 0.000565374 0.00315569 -0.00316018 0.000322939 -0.00307482 0.000648003 0.000780041 0.00281773 0.000571814 0.000647791 -0.000237608 0.0010826 0.000688395 0.000604974 0.000197799 0.00107203 0.00270075 0.000739726 0.00101871 0.000510246 0.000467158 0.000627242 0.000406896 0.000222249
internal_weight=814 159 32 127 112 92 655 54 31 601 51 550 532 47 485 64 48 34 469 452 243 209 33 176 161 99 214 192 158 141
internal_count=814 159 32 127 112 92 655 54 31 601 51 550 532 47 485 64 48 34 469 452 243 209 33 176 161 99 214 192 158 141
is_linear=0
shrinkage=0.03


end of trees

feature_importances:
roll7=315
lag3=269
ratio_7_28=269
state_scale=260
lag2=215
lag7=215
roll28=207
rel_lag2=206
cloud_proxy=193
doy_sin=192
wind_site_mean=179
shortwave_radiation_sum=163
doy_cos=135
temperature_2m_mean=124
temperature_2m_max=124
wind_10m_max=113
state_id=78
precipitation_sum=68
dow=63
month=28
wind_cube=17

parameters:
[boosting: gbdt]
[objective: regression]
[metric: l2]
[tree_learner: serial]
[device_type: cpu]
[data_sample_strategy: bagging]
[data: ]
[valid: ]
[num_iterations: 1500]
[learning_rate: 0.03]
[num_leaves: 31]
[num_threads: 16]
[seed: 42]
[deterministic: 0]
[force_col_wise: 0]
[force_row_wise: 0]
[histogram_pool_size: -1]
[max_depth: -1]
[min_data_in_leaf: 15]
[min_sum_hessian_in_leaf: 0.001]
[bagging_fraction: 0.85]
[pos_bagging_fraction: 1]
[neg_bagging_fraction: 1]
[bagging_freq: 1]
[bagging_seed: 400]
[bagging_by_query: 0]
[feature_fraction: 0.85]
[feature_fraction_bynode: 1]
[feature_fraction_seed: 30056]
[extra_trees: 0]
[extra_seed: 12879]
[early_stopping_round: 0]
[early_stopping_min_delta: 0]
[first_metric_only: 0]
[max_delta_step: 0]
[lambda_l1: 0]
[lambda_l2: 2]
[linear_lambda: 0]
[min_gain_to_split: 0]
[drop_rate: 0.1]
[max_drop: 50]
[skip_drop: 0.5]
[xgboost_dart_mode: 0]
[uniform_drop: 0]
[drop_seed: 17869]
[top_rate: 0.2]
[other_rate: 0.1]
[min_data_per_group: 100]
[max_cat_threshold: 32]
[cat_l2: 10]
[cat_smooth: 10]
[max_cat_to_onehot: 4]
[top_k: 20]
[monotone_constraints: ]
[monotone_constraints_method: basic]
[monotone_penalty: 0]
[feature_contri: ]
[forcedsplits_filename: ]
[refit_decay_rate: 0.9]
[cegb_tradeoff: 1]
[cegb_penalty_split: 0]
[cegb_penalty_feature_lazy: ]
[cegb_penalty_feature_coupled: ]
[path_smooth: 0]
[interaction_constraints: ]
[verbosity: -1]
[saved_feature_importance_type: 0]
[use_quantized_grad: 0]
[num_grad_quant_bins: 4]
[quant_train_renew_leaf: 0]
[stochastic_rounding: 1]
[linear_tree: 0]
[max_bin: 255]
[max_bin_by_feature: ]
[min_data_in_bin: 3]
[bin_construct_sample_cnt: 200000]
[data_random_seed: 175]
[is_enable_sparse: 1]
[enable_bundle: 1]
[use_missing: 1]
[zero_as_missing: 0]
[feature_pre_filter: 1]
[pre_partition: 0]
[two_round: 0]
[header: 0]
[label_column: ]
[weight_column: ]
[group_column: ]
[ignore_column: ]
[categorical_feature: ]
[forcedbins_filename: ]
[precise_float_parser: 0]
[parser_config_file: ]
[objective_seed: 16083]
[num_class: 1]
[is_unbalance: 0]
[scale_pos_weight: 1]
[sigmoid: 1]
[boost_from_average: 1]
[reg_sqrt: 0]
[alpha: 0.9]
[fair_c: 1]
[poisson_max_delta_step: 0.7]
[tweedie_variance_power: 1.5]
[lambdarank_truncation_level: 30]
[lambdarank_norm: 1]
[label_gain: ]
[lambdarank_position_bias_regularization: 0]
[eval_at: ]
[multi_error_top_k: 1]
[auc_mu_weights: ]
[num_machines: 1]
[local_listen_port: 12400]
[time_out: 120]
[machine_list_filename: ]
[machines: ]
[gpu_platform_id: -1]
[gpu_device_id: -1]
[gpu_use_dp: 0]
[num_gpu: 1]

end of parameters

pandas_categorical:[]
