tree
version=v4
num_class=1
num_tree_per_iteration=1
label_index=0
max_feature_idx=27
objective=quantile
feature_names=block dow month is_weekend is_holiday hour_sin hour_cos doy_sin doy_cos p_lag_1d p_lag_2d p_lag_7d p_roll7d_mean p_roll7d_max p_roll7d_std p_prevday_mean p_prevday_max p_prevday_min pb_lag_1d sb_lag_1d bidgap_lag_1d load_lag_2d load_roll7d_mean temp_c cdh coal_days_of_stock coal_critical_pct coal_stock_trend_7d
feature_infos=[0:95] [0:6] [1:12] [0:1] [0:1] [-1:1] [-1:1] [-0.9999994220246925:0.99998555065071859] [-0.99997919295908233:0.9999907524084426] [49.509999999999998:10000] [49.509999999999998:10000] [49.509999999999998:10000] [2282.7692708333334:6690.0158482142851] [6402.8299999999999:10000] [952.50082110021867:4031.8261934590741] [1516.4342708333334:7244.1147916666669] [2829.5799999999999:10000] [49.509999999999998:2670.8000000000002] [2703.9000000000001:28246.299999999999] [2467.3000000000002:65182] [-58702.399999999994:24326.200000000001] [1635.0666666666666:7584.373333333333] [3032.3790362103177:6202.6615848214287] [4.5:42.350000000000001] [0:18.350000000000001] [14.66:24.329999999999998] [3.9500000000000002:12.619999999999999] [-9.6099999999999977:8.759999999999998]
tree_sizes=5227 5661 5698 5672 5737 5665 5663 5654 5655 5689 5730 5709 5706 5711 5734 5738 5729 5727 5736 5701 5735 5746 5750 5734 5736 5744 5752 5764 5771 5755 5746 5758 5778 5734 5764 5780 5778 5787 5788 5807 5748 5829 5771 5789 5788 5792 5791 5780 5766 5809 5771 5771 5791 5790 5776 5810 5781 5827 5796 5798 5810 5759 5810 5796 5785 5763 5805 5780 5826 5821 5797 5780 5797 5833 5790 5810 5790 5828 5793 5840 5819 5785 5842 5811 5825 5797 5834

Tree=0
num_leaves=63
num_cat=0
split_feature=9 9 10 10 3 9 9 3 20 3 6 20 0 15 10 0 17 0 8 17 22 22 20 9 24 0 12 16 20 15 5 27 20 27 17 15 24 18 12 5 9 14 27 24 10 12 27 15 0 25 25 27 8 9 0 25 5 19 0 20 17 10
split_gain=3267.26 152.203 152.022 41.1283 40.7872 30.6052 25.2954 25.049 24.3618 18.5121 16.6278 16.3875 15.4874 14.9295 10.3803 8.86759 8.74506 8.67827 8.53062 11.6956 8.10743 7.94881 7.22145 6.78014 6.67171 6.58477 6.08836 5.7406 5.65485 5.34481 5.04435 4.9322 4.9616 4.83918 24.4702 14.6019 10.5012 4.57552 4.44001 4.14789 3.88731 6.14915 3.82567 4.17775 3.80813 3.21905 3.12578 6.62034 4.34518 3.04893 3.17608 2.94981 2.93307 2.78564 3.18585 2.6236 4.73089 2.56655 2.54857 2.52658 2.82552 2.95513
threshold=2888.9850000000006 3100.3000000000006 2730.9600000000005 3251.5450000000005 1.0000000180025095e-35 2599.8750000000005 3499.1050000000005 1.0000000180025095e-35 -13825.4 1.0000000180025095e-35 1.0000000180025095e-35 -13679.85 25.500000000000004 3044.425677083334 2470.2450000000003 20.500000000000004 1295.9700000000003 19.500000000000004 0.97832380634958016 1447.825 5098.6420176091278 3452.122193700397 -8472.8999999999978 2470.8250000000003 1.4812499999999995 23.500000000000004 4148.7601339285729 9854.590000000002 -12452.449999999999 3002.9783333333339 -0.95642797789208689 -1.0000000180025095e-35 -10778.749999999998 -0.61000000000000021 999.88000000000011 3697.9316145833336 5.200000000000002 17391.350000000002 3137.8573511904765 0.097964660725097366 2302.6750000000006 993.25930400328843 0.11999999999999923 4.1562500000000009 2750.3050000000007 5604.0362797619064 -0.5400000000000017 4358.3226562500013 36.500000000000007 14.795000000000002 19.480000000000004 -0.53999999999999992 0.9980355542543059 2767.8750000000005 61.500000000000007 16.960000000000004 0.63405362205439497 26742.550000000007 21.500000000000004 -11290.449999999997 1008.6950000000001 3040.0350000000003
decision_type=2 2 2 2 2 2 2 2 2 2 2 2 2 2 2 2 2 2 2 2 2 2 2 2 2 2 2 2 2 2 2 2 2 2 2 2 2 2 2 2 2 2 2 2 2 2 2 2 2 2 2 2 2 2 2 2 2 2 2 2 2 2
left_child=2 4 5 7 8 22 9 11 16 14 46 15 38 29 20 -4 17 -2 19 23 -3 -13 30 42 39 -5 44 -27 52 58 -1 32 -28 34 35 -8 -37 -30 -6 -23 -32 -42 43 -17 -10 59 -11 48 -48 -43 -51 -26 -15 -9 -55 56 -46 -25 -7 60 -16 -62
right_child=1 6 3 25 12 13 33 53 26 10 -12 21 -14 28 45 18 -18 -19 -20 -21 -22 24 -24 57 51 27 31 -29 37 -31 40 -33 -34 -35 -36 36 -38 -39 -40 -41 41 49 -44 -45 55 -47 47 -49 -50 50 -52 -53 -54 54 -56 -57 -58 -59 -60 -61 61 -63
leaf_value=7.9715685319900516 7.9720882940292359 7.975093641281128 7.9693443655967711 7.9722896385192872 7.9736312150955202 7.9708660721778868 7.9847666168212887 7.967158937454224 7.9734883785247801 7.9715061759948727 7.975567855834961 7.9735357570648198 7.9702488780021667 7.9698427772521976 7.9769760799407958 7.9693947410583492 7.970482473373413 7.9746259927749632 7.9736457061767574 7.9681855010986329 7.9695787906646727 7.9727251577377318 7.971565585136414 7.9728267097473147 7.9719612717628481 7.9776665592193607 7.9726092863082885 7.9721120691299436 7.9715667581558227 7.9736310005187985 7.9581555271148678 7.9723203730583192 7.9744332885742191 7.9835955429077146 7.9833843135833744 7.9700839900970459 7.9801149082183835 7.9730780935287475 7.972619643211365 7.9704791903495789 7.9717820787429812 7.9710281562805179 7.9728216814994814 7.9720513153076169 7.9753858089447025 7.9749570846557614 7.9745104646682741 7.974478006362915 7.9708067488670347 7.967683835029602 7.9681963944435124 7.97452109336853 7.9724818563461302 7.9720036363601681 7.9669262075424196 7.9747061729431152 7.9736324596405028 7.9746649312973021 7.9726960182189943 7.9773551654815673 7.9725023269653317 7.9746090984344482
leaf_weight=40 65 42 224 74 62 42 51 268 149 67 339 142 348 500 74 56 135 76 43 171 43 43 45 46 46 187 71 49 160 45 5925 44 143 5687 649 63 40 44 93 86 40 45 58 59 95 53 58 96 114 1503 64 55 41 105 65 516 74 40 60 1463 41 49
leaf_count=40 65 42 224 74 62 42 51 268 149 67 339 142 348 500 74 56 135 76 43 171 43 43 45 46 46 187 71 49 160 45 5925 44 143 5687 649 63 40 44 93 86 40 45 58 59 95 53 58 96 114 1503 64 55 41 105 65 516 74 40 60 1463 41 49
internal_value=7.97261 7.98416 7.96059 7.96847 7.97638 7.95891 7.98579 7.96642 7.97906 7.98317 7.97893 7.9689 7.96908 7.96419 7.98479 7.96619 7.9711 7.97632 7.96854 7.96726 7.97454 7.97399 7.9583 7.97129 7.97054 7.97841 7.98107 7.98085 7.96246 7.97292 7.95823 7.97702 7.9789 7.98677 7.98454 7.97378 7.96728 7.96677 7.97695 7.96604 7.95817 7.9595 7.96788 7.96473 7.98232 7.98531 7.97418 7.97563 7.9721 7.95921 7.95899 7.9763 7.96086 7.96039 7.9635 7.98327 7.97994 7.97814 7.96912 7.98555 7.98189 7.97822
internal_weight=21171 10800 10371 1817 1871 8554 8929 1507 1368 2439 674 1069 503 892 1765 697 276 141 473 430 85 372 7662 259 230 310 1092 236 745 147 7617 258 214 6490 803 154 103 204 155 129 7577 1652 173 115 834 1680 335 268 172 1612 1567 101 541 438 170 685 169 86 102 1627 164 90
internal_count=21171 10800 10371 1817 1871 8554 8929 1507 1368 2439 674 1069 503 892 1765 697 276 141 473 430 85 372 7662 259 230 310 1092 236 745 147 7617 258 214 6490 803 154 103 204 155 129 7577 1652 173 115 834 1680 335 268 172 1612 1567 101 541 438 170 685 169 86 102 1627 164 90
is_linear=0
shrinkage=1


Tree=1
num_leaves=63
num_cat=0
split_feature=9 19 9 1 1 9 1 9 0 0 20 11 0 19 7 21 17 1 11 20 21 9 9 12 12 1 9 14 14 14 21 15 12 20 9 20 9 15 15 22 9 0 9 25 20 23 14 17 9 7 18 21 20 0 11 19 17 25 15 23 1 21
split_gain=3181.33 156.659 154.029 64.0849 45.9056 27.4849 25.9816 41.8347 24.6936 23.8315 23.0464 15.8748 15.8076 14.2337 13.39 13.128 11.9876 11.7391 11.1756 10.9788 10.9006 11.9668 10.8285 10.3658 8.2057 9.42891 6.96515 6.65839 6.74311 6.10401 6.06768 5.98385 5.54966 7.05285 5.53849 5.28338 5.04424 4.77866 4.74927 4.67288 4.61327 4.53201 4.2035 3.90288 3.89637 3.87908 3.71217 3.43335 3.36691 3.27699 4.69744 5.41456 3.11962 2.99797 2.95136 2.94894 2.70143 2.57677 2.55523 2.55236 2.47597 2.36017
threshold=2888.9850000000006 27598.800000000003 3175.6750000000006 5.5000000000000009 1.0000000180025095e-35 2620.2850000000003 5.5000000000000009 3699.1800000000007 25.500000000000004 23.500000000000004 -11130.9 3300.1350000000007 25.500000000000004 32132.100000000002 -0.99866806308218525 6022.2200000000003 1235.4450000000004 1.0000000180025095e-35 3777.9900000000002 -15700.549999999999 2683.8333333333339 2290.4100000000003 2519.0550000000007 3077.3538392857149 2787.6264657738097 4.5000000000000009 2688.0200000000004 2015.7255268669437 2170.923358937463 1852.5077849053396 3549.0850000000005 2412.4126562500001 6326.3696056547624 4729.6000000000004 4189.4250000000002 -7296.2499999999991 2260.3800000000006 3748.6992708333337 3638.4790104166673 5446.7093142361127 3349.0800000000004 31.500000000000004 3500.0150000000008 14.825000000000001 -12998.049999999997 21.968750000000004 1082.6688227191464 1543.2000000000003 2990.6650000000004 0.23014236637527921 17256.600000000002 2944.2100000000005 -12452.449999999999 18.500000000000004 4036.2400000000002 15266.300000000001 1405.9250000000004 17.885000000000002 2968.5095833333339 18.193750000000005 3.5000000000000004 2606.501666666667
decision_type=2 2 2 2 2 2 2 2 2 2 2 2 2 2 2 2 2 2 2 2 2 2 2 2 2 2 2 2 2 2 2 2 2 2 2 2 2 2 2 2 2 2 2 2 2 2 2 2 2 2 2 2 2 2 2 2 2 2 2 2 2 2
left_child=1 4 3 10 9 18 14 8 39 -1 16 24 45 17 15 -4 27 20 43 -18 -3 58 31 -10 -7 35 46 -2 53 -21 -25 -11 40 -34 41 37 -33 -26 48 -8 44 -9 -32 -6 -16 -5 -19 -28 -12 56 51 -51 -49 -29 -13 -45 -40 61 -22 -43 -39 -31
right_child=2 13 6 12 5 11 7 34 23 22 38 54 -14 -15 32 -17 19 26 -20 29 21 -23 -24 30 25 -27 47 28 -30 57 42 36 33 -35 -36 -37 -38 60 49 -41 -42 59 -44 55 -46 -47 -48 52 -50 50 -52 -53 -54 -55 -56 -57 -58 -59 -60 -61 -62 -63
leaf_value=-0.0037312411308288596 0.0019149541854858398 -0.0052842105388641331 -0.0056617295265197765 -0.00061327679157257447 -0.0012473853707313553 0.00097380352020264732 0.004465154457092284 0.005612134552001961 0.0011162126541137685 -0.0030647060394287172 0.0017203958272933926 0.00049005010128021719 -0.0053511196374893188 -0.013874413204193106 0.0019040190696716318 0.011486529922485359 -0.0037217384576797483 -0.0058892552375793359 0.00012570061683653933 0.00062531805038452677 -0.0034956172943115147 0.0010236696124076828 0.0046821587562560912 0.00032938442230225458 -0.0014802081227302598 -0.0034744269132614123 -0.00024328007698058761 -0.00095906596183777278 0.0017732766866684012 -0.00041436545848846592 -0.003224119877815239 -0.00025390548706053726 0.00010482945442200187 0.014664382266998279 0.010124339675903328 0.0010576370000839174 0.0030944333553314116 5.4455709457403855e-05 0.00096658244132995284 0.0019132558822631872 0.010231685256958016 0.0036605163574218833 -0.00033772029876708129 -0.0019849963188171491 0.0038609742164611837 0.00098309540748595645 -0.0063387891054153388 -0.0020546253204345799 0.0028514802932739247 0.0011618703603744507 0.0017649261474609278 -0.00060081968307494898 -0.00063705925941467175 0.0015163482427597019 0.0038658262252807595 -0.0052411977767944234 0.0021206045150756834 -0.00024397909641265869 -0.00035154304504394048 0.0016285331726074313 -0.0020758348703384397 0.00095253467559814448
leaf_weight=100 124 141 41 54 44 61 136 155 60 86 191 142 241 5665 41 63 103 51 72 73 96 80 180 49 168 206 57 48 118 44 139 58 60 72 833 42 70 132 48 48 5803 41 55 41 818 53 1553 311 384 43 84 81 60 40 47 814 334 129 40 83 53 136
leaf_count=100 124 141 41 54 44 61 136 155 60 86 191 142 241 5665 41 63 103 51 72 73 96 80 180 49 168 206 57 48 118 44 139 58 60 72 833 42 70 132 48 48 5803 41 55 41 818 53 1553 311 384 43 84 81 60 40 47 814 334 129 40 83 53 136
internal_value=0.000101198 -0.0117732 0.0114765 0.00463718 -0.00489426 -0.0070927 0.0133496 0.00989063 0.00255123 0.00321212 0.00672388 -0.00315141 -0.00722063 -0.0137505 0.0141499 0.00342857 0.00284926 -0.0117929 -0.0105401 -0.000154321 -0.00674581 -0.00248848 0.00653165 -0.00271382 -0.00533937 -0.00640365 -0.0126758 0.00725076 0.00391304 0.00219321 -0.00547131 0.00195349 0.0143135 0.0081203 0.0130997 -0.00367424 0.00604651 -0.00487288 0.00942967 0.0111892 0.0144349 0.009375 -0.00784615 -0.01145 0.0123314 0.00236111 -0.0135888 -0.00923077 0.0113802 0.00751269 0.00444976 0.00072 -0.0102823 -0.00235955 0.0045 -0.0118984 0.00916449 0.00033871 -0.00788321 0.00504 -0.00153226 0.00265193
internal_weight=21195 10370 10825 2328 2316 1822 8497 1599 487 494 1980 851 348 8054 6898 104 815 2389 971 485 357 216 394 303 662 601 2032 330 206 382 243 214 6794 132 1112 395 128 353 1165 184 6662 279 194 899 859 107 1604 428 575 590 208 124 371 88 189 855 382 309 136 124 185 180
internal_count=21195 10370 10825 2328 2316 1822 8497 1599 487 494 1980 851 348 8054 6898 104 815 2389 971 485 357 216 394 303 662 601 2032 330 206 382 243 214 6794 132 1112 395 128 353 1165 184 6662 279 194 899 859 107 1604 428 575 590 208 124 371 88 189 855 382 309 136 124 185 180
is_linear=0
shrinkage=0.03


Tree=2
num_leaves=63
num_cat=0
split_feature=20 20 10 10 1 19 11 10 1 7 8 25 14 1 6 20 1 6 25 19 18 20 10 19 8 11 15 17 26 10 14 10 17 17 2 5 8 14 10 2 26 14 11 10 18 26 18 10 25 6 2 5 7 14 17 23 11 8 25 19 10 10
split_gain=3002.55 211.063 177.426 52.1768 55.0845 29.5208 28.097 22.3744 17.8192 15.7046 25.7369 13.8868 13.147 12.4334 11.6719 11.3697 14.5307 11.122 11.1165 10.1126 10.3706 9.85426 9.78842 9.05142 7.13818 6.98425 6.92204 9.92548 8.11935 6.83601 6.82909 6.44576 8.24934 7.42322 6.20218 6.15846 5.83339 5.86465 5.62169 5.59693 5.21792 5.75928 5.06031 5.02372 4.96882 4.76684 6.234 4.62687 5.5163 3.93043 5.21644 3.42657 3.30191 6.22688 3.1865 3.11934 5.95529 3.32419 8.43243 5.09091 3.03802 2.90839
threshold=-12830.149999999998 -7296.2499999999991 2800.5650000000005 2690.3500000000008 5.5000000000000009 28762.800000000003 2600.7150000000006 3269.3600000000001 5.5000000000000009 -0.99866806308218525 0.011826144619637555 14.795000000000002 2313.7509905205675 4.5000000000000009 -0.19509032201612839 -1542.9499999999996 5.5000000000000009 -0.097964660725097366 15.560000000000002 23537.700000000004 8040.1500000000005 -1255.7500000000007 3199.2500000000005 30564.900000000005 -0.7284115498514564 2900.1350000000007 2368.5494791666674 1075.8050000000001 9.8150000000000031 2999.3050000000007 976.32160611551865 2380.2200000000007 1001.6650000000001 983.54500000000019 1.5000000000000002 -0.13052619222005171 0.99855310097228334 1007.8810503980166 3129.6350000000007 3.5000000000000004 9.4200000000000017 2207.1706532591293 3620.5300000000007 2519.9250000000006 8701.4000000000015 7.8250000000000011 11694.85 2892.7250000000004 17.745000000000001 -0.3520614488341256 9.5000000000000018 0.13052619222005182 0.37744852145085445 2152.2219207903777 1780.6200000000001 26.143750000000008 2800.1250000000005 0.063390085881955341 17.475000000000005 23815.450000000001 2499.1600000000003 3092.6000000000004
decision_type=2 2 2 2 2 2 2 2 2 2 2 2 2 2 2 2 2 2 2 2 2 2 2 2 2 2 2 2 2 2 2 2 2 2 2 2 2 2 2 2 2 2 2 2 2 2 2 2 2 2 2 2 2 2 2 2 2 2 2 2 2 2
left_child=2 3 5 42 12 11 8 13 39 10 -8 43 29 23 -6 16 40 -18 -15 20 22 -10 -14 26 25 60 35 28 -28 34 -7 -32 33 -33 -5 -4 37 -26 -16 -3 -11 -42 55 -1 -31 46 -19 -29 54 -36 -51 -21 -46 -54 -49 57 -57 -2 -59 -60 -13 -20
right_child=1 6 7 4 14 30 9 -9 21 15 -12 24 19 18 38 -17 17 45 61 51 -22 -23 -24 -25 36 -27 27 47 -30 44 31 32 -34 -35 49 -37 -38 -39 -40 -41 41 -43 -44 -45 52 -47 -48 48 -50 50 -52 -53 53 -55 -56 56 -58 58 59 -61 -62 -63
leaf_value=0.0010298260831832983 -0.0029771304359435913 0.0011063767447471572 0.00073389833736419601 -0.00025768360126019016 -0.0066005613141059882 -0.0019288024892807076 0.0058123918647766271 0.0023205076332092388 -0.0032030721008777618 0.0053795133705139258 -0.0057994089975356997 -0.0046724919090271036 -0.0018306203638315032 0.0008204322248697249 -0.0014729859287738866 0.01185817109298707 -0.0016479713069200395 -0.00039445215189456203 -0.0037909561311006488 0.00056081214237214462 0.0026168480651378666 0.0025418166103363046 0.0027851158962249566 -0.0025857734313011124 -0.00021929542422294724 0.00033100096929073787 0.0019218466011285827 -0.00059807372313736896 -0.0010321042292118011 0.0021829074583053654 -0.013695407520532603 -0.0051187010464668198 -0.0043642235269546513 0.00072782174009084594 0.00075815120029450785 -0.0040828836475610593 -5.9858442306506276e-05 -0.005003991984844189 0.00026750609278678892 0.0042051377606391995 0.0052026645212173593 0.0028918083086013802 0.0015384040946960552 -0.00091417577183246831 0.0033020481419563374 0.0036687986583709797 0.0036872750101089521 -0.0045394965219497686 0.00070031411361695987 0.001853042364120494 0.00072428884935379575 -0.0015087281112670858 0.0028247786722183131 -0.00010761320972441978 9.1507905721677213e-05 -0.00178980630147457 0.00078592128753663282 0.00066779005229471882 0.00014141441631317696 -0.0018206061412095974 -0.0020887507234811763 -0.0016027123203277594
leaf_weight=51 93 61 50 68 132 61 113 191 121 1961 46 65 67 40 78 5008 76 66 252 77 298 40 99 196 42 62 132 108 48 45 5801 134 1193 48 117 97 50 987 91 168 321 382 50 53 484 217 44 59 115 157 112 65 151 41 62 108 71 56 52 174 71 61
leaf_count=51 93 61 50 68 132 61 113 191 121 1961 46 65 67 40 78 5008 76 66 252 77 298 40 99 196 42 62 132 108 48 45 5801 134 1193 48 117 97 50 987 91 168 321 382 50 53 484 217 44 59 115 157 112 65 151 41 62 108 71 56 52 174 71 61
internal_value=0.00014269 0.0107391 -0.0118071 0.00339412 0.0056457 -0.0134215 0.0130261 -0.00194405 0.00514066 0.0133989 0.00403125 -0.00938857 0.00765152 -0.0034398 -0.00620861 0.0135828 0.0121301 0.00679455 -0.00817797 0.00405272 0.00619355 -0.0025 0.000179641 -0.00150346 -0.0102465 -0.00497487 0.00015625 0.00177143 0.00745856 0.00950255 -0.0141897 -0.0142748 -0.0123946 -0.00639344 0.00659341 -0.00557432 -0.0112083 -0.0116942 -0.000970588 0.0105 0.0129343 0.0106747 -0.00436364 0.00114286 0.0113227 0.00919207 0.00405405 -0.00121739 0.00113924 0.00806202 0.0100556 -0.00293706 0.0119645 0.00854922 -0.00331967 -0.00518919 -0.00191667 -0.00674202 -0.00508834 -0.0076652 -0.00875912 -0.0100796
internal_weight=21339 11310 10029 2686 2082 8618 8624 1411 390 8234 159 1381 1781 1220 301 8075 3067 403 353 606 464 161 166 867 1277 198 671 524 180 1175 7237 7176 1375 182 454 147 1079 1029 169 229 2664 703 604 104 721 327 110 344 236 386 269 142 676 192 121 554 179 375 282 226 136 313
internal_count=21339 11310 10029 2686 2082 8618 8624 1411 390 8234 159 1381 1781 1220 301 8075 3067 403 353 606 464 161 166 867 1277 198 671 524 180 1175 7237 7176 1375 182 454 147 1079 1029 169 229 2664 703 604 104 721 327 110 344 236 386 269 142 676 192 121 554 179 375 282 226 136 313
is_linear=0
shrinkage=0.03


Tree=3
num_leaves=63
num_cat=0
split_feature=9 9 19 1 1 9 20 0 1 9 0 0 9 17 7 18 17 20 0 9 24 17 21 9 9 17 22 1 14 9 25 5 9 22 16 17 7 19 27 17 9 9 14 1 9 22 7 1 0 1 0 23 9 21 7 18 22 8 27 20 8 6
split_gain=3134.95 159.387 151.892 61.6248 44.0656 28.1446 27.411 22.4652 21.3341 35.0781 20.9529 19.7539 18.5469 14.1052 13.7766 14.8702 13.0429 11.556 10.0535 9.29359 9.09695 7.92741 10.9412 7.60631 7.46549 7.26072 9.66188 8.65524 6.4866 6.18327 5.97004 5.95922 5.68718 5.4665 5.34999 5.24718 5.24603 7.39421 5.26895 5.17797 4.91419 4.79222 4.27586 4.24967 3.9757 3.80954 3.70553 3.67572 3.67465 3.57772 12.4517 3.3908 3.27625 3.20442 3.17456 3.13627 3.08705 3.06928 4.01535 3.03206 2.99133 4.12748
threshold=2888.9850000000006 3200.2050000000004 27598.800000000003 5.5000000000000009 1.0000000180025095e-35 2620.2850000000003 -14115.949999999999 23.500000000000004 5.5000000000000009 4160.755000000001 27.500000000000004 28.500000000000004 2299.9200000000005 1320.8200000000004 -0.99866806308218525 11956.650000000001 1295.9700000000003 -6502.7999999999984 78.500000000000014 2519.0550000000007 4.8000000000000034 200.01000000000002 5011.5400000000009 3000.4550000000004 3500.7700000000009 1235.4450000000004 3771.5900669642865 3.5000000000000004 2116.1701502252254 2749.9050000000002 16.810000000000006 -0.8814490726585632 3470.1700000000005 3551.0032738095242 4396.0600000000004 1535.0450000000003 -0.861146256326485 32626.350000000002 0.23499999999999946 2530.8550000000005 2260.3800000000006 2416.2950000000005 2235.32632893344 2.5000000000000004 2799.2000000000003 5840.0669791666678 0.76347624337813269 2.5000000000000004 62.500000000000007 1.0000000180025095e-35 35.500000000000007 18.193750000000005 2560.5750000000003 2123.7550000000006 -0.99275805973510278 16378.500000000002 5360.5407669890883 0.6174544326165855 0.0099999999999989004 -17767.099999999995 -0.61405602385363023 -0.63405362205439475
decision_type=2 2 2 2 2 2 2 2 2 2 2 2 2 2 2 2 2 2 2 2 2 2 2 2 2 2 2 2 2 2 2 2 2 2 2 2 2 2 2 2 2 2 2 2 2 2 2 2 2 2 2 2 2 2 2 2 2 2 2 2 2 2
left_child=2 3 4 6 7 21 16 52 14 11 57 20 31 36 15 -3 28 25 24 30 -10 22 41 39 -13 26 -7 43 -2 45 -9 -4 34 47 -16 -20 -14 38 -38 53 -32 -6 -30 48 56 49 54 -31 -27 50 -15 -37 -1 -8 -25 -26 -28 58 -5 -18 61 -23
right_child=1 8 12 10 5 17 23 19 9 -11 -12 18 13 29 32 -17 59 -19 35 -21 -22 60 -24 46 55 27 44 -29 42 33 40 -33 -34 -35 -36 51 37 -39 -40 -41 -42 -43 -44 -45 -46 -47 -48 -49 -50 -51 -52 -53 -54 -55 -56 -57 -58 -59 -60 -61 -62 -63
leaf_value=-0.0054789584547436211 0.0020012683232796479 0.011714346479072581 -0.0041746140765309379 -0.00014624060073852973 -0.0033992867918157541 0.0010207531742620457 0.00052333118677138301 -0.003530193979636431 0.0044654708650481729 0.009594754794731113 -0.0051634315413880347 -0.0027577791341936385 -0.0054721353339314584 -0.0050427654819774487 0.00050873212303163655 -0.0053137611926364764 -0.0054361502956438114 0.0017520049974060026 0.002252952995098827 0.0045162038706493312 -0.0003904468500244462 -0.0090330922972297629 0.003553083650722497 0.001549183620164376 -0.00078960641132354238 -0.00028154013245343276 -0.0032204507005977943 -0.002359955242790561 -0.00030321769411862488 1.4812567205426673e-05 -0.00019167013821244083 -0.013881278161919121 0.010323341182365428 -0.0030984630055233796 0.0041052096315765587 0.0015359229714757383 -0.00054612369729996942 -0.0037452169770670007 0.001456042762858294 -0.00051271365365981761 0.0025613710850912463 -0.00030921246137739723 0.0009118215775787685 0.00044909181538222765 -0.0026500203947782538 -0.0029585587356376576 0.0017848754285144696 -0.00053720422507879556 -0.0013394238867902608 -0.0043395338030076044 0.00081153715774297643 -0.00041828032270430971 -0.00077202030253171734 0.0009721419721985036 0.0021895979490137085 0.0020823413421982638 0.001042886044607183 -0.00032137705017686534 0.0014646748217010507 -0.00085270816981135138 -0.0050950437040471995 -0.0003983925954544354
leaf_weight=46 83 54 123 41 66 76 59 50 269 821 254 112 105 99 53 42 41 87 56 165 41 60 45 77 60 117 49 246 74 51 72 5702 5334 134 1263 42 66 117 73 42 84 45 40 80 64 67 201 159 81 1424 48 40 64 647 830 56 43 45 49 148 714 53
leaf_count=46 83 54 123 41 66 76 59 50 269 821 254 112 105 99 53 42 41 87 56 165 41 60 45 77 60 117 49 246 74 51 72 5702 5334 134 1263 42 66 117 73 42 84 45 40 80 64 67 201 159 81 1424 48 40 64 647 830 56 43 45 49 148 714 53
internal_value=4.42623e-05 0.0113269 -0.0116681 0.00489552 -0.00486785 -0.00699507 0.00680785 0.00320539 0.0133788 0.0101235 -0.00611538 0.0050517 -0.013588 -0.0113204 0.0140996 0.00278351 -0.000465116 -0.00296801 0.000326975 0.00673387 0.0106109 -0.0104421 -0.00420382 0.00831987 -0.00353712 -0.00416116 0.000257511 -0.00611429 0.00492424 -0.0123147 0.00246377 -0.0144979 0.0142625 -0.0086087 0.0124601 0.00669065 -0.00584254 -0.00350195 0.00117857 0.00596796 0.00535032 -0.00924107 0.00026087 -0.00247312 -0.00401274 -0.0130872 0.00990081 -0.00554502 -0.00482412 -0.0133874 -0.00881757 0.00180723 -0.00864865 0.00657709 0.0107214 0.00179487 0 0.00341912 0.00659341 -0.00607895 -0.0116123 -0.00697368
internal_weight=21349 10874 10475 2631 2307 1826 2242 481 8243 1497 389 676 8168 2343 6746 96 386 843 366 371 310 983 156 1856 228 756 232 524 197 1982 206 5825 6650 344 1316 138 361 256 139 748 156 111 114 278 156 1638 1108 210 198 1571 147 82 110 706 907 116 92 135 90 189 827 113
internal_count=21349 10874 10475 2631 2307 1826 2242 481 8243 1497 389 676 8168 2343 6746 96 386 843 366 371 310 983 156 1856 228 756 232 524 197 1982 206 5825 6650 344 1316 138 361 256 139 748 156 111 114 278 156 1638 1108 210 198 1571 147 82 110 706 907 116 92 135 90 189 827 113
is_linear=0
shrinkage=0.03


Tree=4
num_leaves=63
num_cat=0
split_feature=20 20 10 10 3 19 11 11 10 3 0 12 22 11 3 0 20 15 14 27 27 3 27 14 27 14 10 10 7 7 12 18 3 12 17 17 18 12 27 0 15 27 10 23 11 26 27 12 16 8 20 10 0 27 26 20 11 20 14 22 7 14
split_gain=2899.29 214.964 163.043 53.8091 36.5474 31.4809 24.5575 22.0847 21.2058 17.1772 15.641 14.3502 14.1481 13.4122 10.7975 10.8914 10.7892 10.7297 13.0811 10.5253 12.4393 9.71791 8.46989 17.8814 9.99066 8.74401 8.01903 7.7969 7.73217 7.47032 9.8288 7.4338 7.58754 7.32299 6.86946 8.71569 6.68298 6.50817 6.22796 6.09215 7.28841 6.07427 7.73575 6.01294 5.55841 5.33096 5.3159 5.19226 4.99629 4.59447 4.57876 4.47915 4.31124 4.1492 4.47915 4.09194 3.98976 3.97055 3.64567 3.63812 3.60151 3.55549
threshold=-12830.149999999998 -6631.6499999999987 2769.7650000000008 2837.5700000000002 1.0000000180025095e-35 28762.800000000003 2499.5850000000005 3244.4750000000004 3280.4000000000001 1.0000000180025095e-35 65.500000000000014 2812.6530431547626 3464.0157142857147 2560.5100000000007 1.0000000180025095e-35 19.500000000000004 -18273.249999999996 4289.4120833333336 2156.1485824133397 -1.0000000180025095e-35 -0.29999999999999888 1.0000000180025095e-35 0.030000000000000252 2344.2537948776849 -0.2750000000000003 1007.8810503980166 2600.1950000000002 2300.5750000000003 -0.91246704667116951 -0.99940763397299126 3225.6895758928576 8439.7000000000025 1.0000000180025095e-35 4482.8633110119054 1001.6650000000001 915.37500000000011 7791.1000000000013 4409.2738318452384 -0.61000000000000021 69.500000000000014 4125.6800000000012 0.065000000000000405 3044.6400000000008 31.006250000000005 2820.5700000000002 6.9500000000000002 -0.32999999999999913 3530.0921875000004 8845.595000000003 0.6174544326165855 -2623.1000000000008 2999.8950000000004 27.500000000000004 -0.025000000000000352 9.6200000000000028 -9556.6499999999978 3217.7100000000005 -8846.4499999999989 976.32160611551865 6049.0775074404764 0.8697513045430848 1612.0107664382056
decision_type=2 2 2 2 2 2 2 2 2 2 2 2 2 2 2 2 2 2 2 2 2 2 2 2 2 2 2 2 2 2 2 2 2 2 2 2 2 2 2 2 2 2 2 2 2 2 2 2 2 2 2 2 2 2 2 2 2 2 2 2 2 2
left_child=2 3 5 11 10 22 -6 9 14 38 12 -2 -5 50 15 48 47 18 -15 20 36 26 23 24 -1 -24 39 58 -16 30 -9 32 -31 51 35 -29 -14 53 43 40 -13 -21 -43 -3 -30 -25 -38 -17 -4 -46 -11 -18 -20 54 -8 -28 -27 -23 -7 -33 -12 -55
right_child=1 7 8 4 6 27 37 29 -10 13 60 21 19 17 28 16 33 -19 52 41 -22 57 25 45 -26 56 55 34 44 31 -32 59 -34 -35 -36 -37 46 -39 -40 -41 -42 42 -44 -45 49 -47 -48 -49 -50 -51 -52 -53 -54 61 -56 -57 -58 -59 -60 -61 -62 -63
leaf_value=-0.0014728602568365233 0.0014241953100304183 -0.0037463021018926622 -0.0034495393996109235 0.001702459977048063 -0.005515126182055523 -0.0019525463725401158 0.0024830104751647486 -0.0016803870035553901 0.00220702866782136 -0.0031632225952665702 0.0043218636620217764 -0.0024525954745667723 -0.0017523970133007881 0.0030096189735420429 0.00065210457926606841 0.00032568388342130383 0.00021220899271063407 0.0048918677501739172 0.00067321942782710747 -0.0011181317056529138 0.0041784883282354277 -0.0028838843632002131 0.0010216000522015544 -0.0013672756501791382 0.00069199861920964166 -0.0044879735997845052 -7.3418726179301784e-05 -0.0050661925986267417 -0.004059677783401403 0.0043631889260964127 0.0093725304799842264 0.0094734509177501272 0.00033680188657625009 -0.003128005759310124 -0.0043189370678608976 0.00024887835154896009 0.0019438458788421497 -0.0020736986652369893 0.0050557767023237327 0.00096940885080415201 8.165691499347982e-05 -0.00081401387637162863 0.0026715650913767507 0.0035182797480748907 9.9709427313690038e-05 -0.0064816094041617589 -0.00041185319332689649 -0.0034461273508526167 -0.00046145880692434189 -0.0017897127692477932 0.0015285756118958859 0.0012680227420209533 -0.0011902546607305453 0.00073467802644297639 5.9667077913867493e-05 0.0013716381818761202 -0.0016467231088681622 -0.00054765689556349087 -0.013469717861189973 0.0071393428511913369 0.0030016765267676161 4.1958033869065044e-05
leaf_weight=154 102 42 111 296 139 49 112 40 176 86 552 221 76 177 58 65 256 269 44 64 123 164 40 86 87 581 165 169 215 185 48 6087 70 58 1397 66 162 55 968 49 90 50 47 41 64 305 40 143 150 62 56 165 64 49 40 86 49 50 5519 70 50 179
leaf_count=154 102 42 111 296 139 49 112 40 176 86 552 221 76 177 58 65 256 269 44 64 123 164 40 86 87 581 165 169 215 185 48 6087 70 58 1397 66 162 55 968 49 90 50 47 41 64 305 40 143 150 62 56 165 64 49 40 86 49 50 5519 70 50 179
internal_value=3.17886e-05 0.0105157 -0.0116891 0.00358035 0.00630958 -0.0133082 -0.000104348 0.013005 -0.00264764 0.00999714 0.00882957 -0.00240841 0.00621653 0.00632712 -0.00392804 -0.00218124 -0.000196221 0.00843243 0.00435315 0.0034103 0.00600746 -0.00372276 -0.0090023 -0.00649289 -6.19835e-05 -0.0113562 -0.00178922 -0.0140855 -0.0080625 0.0138117 0.00505618 0.0139311 0.00884766 0.00228125 -0.0122352 -0.00743644 0.00247312 0.00340596 0.0124192 -0.00465374 -0.00620192 -0.00305556 0.00168367 0.00446429 -0.0097807 -0.0104464 0.0053202 -0.00588517 -0.0073855 -0.00472441 -0.00188811 0.00366114 -0.00385321 0.00480315 0.00862745 0.00232143 -0.0122187 -0.0092093 -0.0146256 0.0141401 0.0125373 0.00222707
internal_weight=21233 11208 10025 2961 2034 8502 574 8247 1523 1747 1460 927 858 696 1347 948 687 554 285 562 401 825 1302 632 241 670 611 7200 399 6500 88 6412 255 479 1632 235 278 435 1051 360 311 161 97 83 341 391 202 208 261 126 142 421 108 380 152 251 630 214 5568 6157 602 228
internal_count=21233 11208 10025 2961 2034 8502 574 8247 1523 1747 1460 927 858 696 1347 948 687 554 285 562 401 825 1302 632 241 670 611 7200 399 6500 88 6412 255 479 1632 235 278 435 1051 360 311 161 97 83 341 391 202 208 261 126 142 421 108 380 152 251 630 214 5568 6157 602 228
is_linear=0
shrinkage=0.03


Tree=5
num_leaves=63
num_cat=0
split_feature=9 10 9 1 9 1 0 20 0 1 9 6 11 7 22 20 9 15 15 10 25 1 19 20 9 0 16 4 0 11 26 9 12 18 26 0 25 9 14 12 25 0 14 0 12 18 1 9 15 9 20 12 22 11 22 9 12 26 23 14 0 5
split_gain=3018.32 175.805 153.982 55.9882 45.2153 45.2002 30.3969 22.0944 21.8161 21.7984 35.6768 19.4791 19.0159 12.3378 13.3603 12.2928 12.117 10.7715 9.65612 7.4931 7.46576 7.46252 7.45718 7.41437 7.11592 6.52527 6.13028 5.90245 5.90584 5.89775 5.4091 5.62588 5.77808 5.23154 8.07973 5.1923 5.0449 4.68501 4.65647 6.42992 4.60355 4.41945 4.44384 4.35738 4.32032 7.97153 4.04971 3.96365 3.77956 3.91627 3.76293 3.75505 3.66123 3.6577 4.024 3.5991 3.56529 3.59358 4.61065 4.37567 3.4557 3.44992
threshold=2888.9850000000006 2700.0650000000005 3199.4850000000001 5.5000000000000009 2592.5050000000006 1.0000000180025095e-35 22.500000000000004 -12998.049999999997 26.500000000000004 5.5000000000000009 3699.1800000000007 1.0000000180025095e-35 3999.5950000000007 -0.99866806308218525 5729.9220684523816 -20777.999999999996 2811.0850000000005 3169.6490625000006 3073.6731770833335 2640.5150000000008 15.490000000000002 4.5000000000000009 23957.950000000001 -13969.85 3524.4400000000005 35.500000000000007 4396.0600000000004 1.0000000180025095e-35 67.500000000000014 2461.4300000000007 11.265000000000002 3040.9300000000007 3572.574732142858 16733.950000000004 5.3050000000000006 63.500000000000007 20.600000000000005 4189.4250000000002 2242.8974450617329 3747.3224404761913 17.165000000000003 15.500000000000002 2019.504183827423 19.500000000000004 6326.3696056547624 12340.1 5.5000000000000009 2975.1000000000004 2571.7162500000009 1999.1650000000002 -12998.049999999997 3997.6203050595241 5098.6420176091278 3190.2700000000004 3456.3076450892863 2260.3800000000006 5604.0362797619064 10.135000000000003 23.918750000000006 2753.2667223456815 19.500000000000004 -0.58216583101416164
decision_type=2 2 2 2 2 2 2 2 2 2 2 2 2 2 2 2 2 2 2 2 2 2 2 2 2 2 2 2 2 2 2 2 2 2 2 2 2 2 2 2 2 2 2 2 2 2 2 2 2 2 2 2 2 2 2 2 2 2 2 2 2 2
left_child=1 4 3 7 22 6 50 17 47 13 11 25 16 14 -4 -8 21 60 -6 52 -17 23 40 -7 26 -11 -15 28 30 -20 31 32 -21 34 -31 -24 37 -12 -19 -40 -1 -13 -43 -25 -26 -46 -18 -5 49 -37 -3 -44 -9 54 -34 61 57 -28 -59 -60 -2 -22
right_child=2 5 9 8 18 12 15 19 -10 10 36 41 -14 24 -16 20 46 38 29 27 55 -23 35 43 44 -27 56 -29 -30 33 -32 -33 53 -35 -36 48 -38 -39 39 -41 -42 42 51 -45 45 -47 -48 -49 -50 -51 -52 -53 -54 -55 -56 -57 -58 58 59 -61 -62 -63
leaf_value=-0.0032386702530854891 0.00011603872432433437 -0.0034606277310635747 0.010314327332449781 -0.00034765929524520621 6.0745819377343578e-05 -0.0032150420777646979 -0.0025677331373845911 0.00082825045251201158 -0.0049223738227171581 0.00045881660027676126 0.0034692625279986178 0.0043172651708917086 0.0028679194311993592 0.0053968076819487943 -0.0051124482900246444 -0.0033201460953919781 -6.078664329245864e-05 -0.00077763622858351145 -0.0026493539247824491 0.0012897241243052359 0.0016494960022675365 -0.0049059210945740263 -0.011347286631569569 -0.0019347044203981323 0.010423374673313964 -0.0024726495303041759 0.0041942842688034608 -0.00053626667969272287 0.0026397173969185729 0.00010273547018165186 -0.0001144692260760749 0.002217161789375326 0.0009712053915956442 0.00014066758350560703 -0.0015393690472052057 -0.0051426378252360204 0.0014743001150558576 0.0091699654745529269 0.000859167441860249 -0.00047739802552265509 -0.0003469023544758887 0.0028973211626074757 -0.0005111376495706921 -0.0001049878016800676 -0.00066490203210808115 0.014753364258236701 -0.0047552977506675111 0.000866773656813411 -0.0050690406094383664 -0.001297180475599502 -0.00079377384195604688 0.00065568992517872182 -0.00045821476050225126 0.0012064955312163406 -0.00034122194548433346 0.0029600643572715857 0.0020731066130386423 0.0038048096926677874 0.00050002057213292871 0.004047430417795885 0.0019469934014075064 -0.00070038698847682654
leaf_weight=162 56 89 52 43 149 368 71 116 243 68 264 96 85 78 41 51 270 146 331 177 43 373 6909 45 4691 125 1465 48 378 42 60 478 54 68 300 53 45 783 43 152 56 53 53 170 41 70 64 93 318 59 46 45 69 141 98 313 46 160 74 49 144 42
leaf_count=162 56 89 52 43 149 368 71 116 243 68 264 96 85 78 41 51 270 146 331 177 43 373 6909 45 4691 125 1465 48 378 42 60 478 54 68 300 53 45 783 43 152 56 53 53 170 41 70 64 93 318 59 46 45 69 141 98 313 46 160 74 49 144 42
internal_value=0.00011048 -0.011371 0.0112095 0.00474213 -0.0132759 -0.00344165 0.00304116 0.00660805 -0.00588158 0.0131873 0.00994129 0.00272109 -0.0065298 0.0139207 0.00303191 0.00633397 -0.0074361 0.00135609 -0.00686869 0.00836111 0.00816667 -0.00915361 -0.0140295 -0.00701199 0.0140719 -0.00440722 0.0124773 0.00909408 0.00945205 -0.00826819 0.00823588 0.0087882 0.00643312 -0.00583942 -0.00734694 -0.0141928 0.0128454 0.0132681 -0.00188596 0.00114796 -0.00849315 0.00828629 0.00503289 -0.00256944 0.0146908 0.00870536 -0.00250746 0.00372263 -0.0109281 -0.00610619 -0.00959559 0.00121212 0.00266129 0.00382653 0.000588235 0.00954887 0.0128357 0.0130532 0.00987676 0.00544355 0.00686567 0.00401163
internal_weight=21315 10477 10838 2539 8447 2030 655 2160 379 8299 1532 440 1375 6767 93 520 1290 541 890 1619 449 956 7557 583 6674 193 1872 1434 1386 741 1008 948 470 410 342 7339 1092 1047 341 195 218 247 151 215 4802 111 334 136 430 112 135 98 185 293 152 398 1794 1748 283 123 200 85
internal_count=21315 10477 10838 2539 8447 2030 655 2160 379 8299 1532 440 1375 6767 93 520 1290 541 890 1619 449 956 7557 583 6674 193 1872 1434 1386 741 1008 948 470 410 342 7339 1092 1047 341 195 218 247 151 215 4802 111 334 136 430 112 135 98 185 293 152 398 1794 1748 283 123 200 85
is_linear=0
shrinkage=0.03


Tree=6
num_leaves=63
num_cat=0
split_feature=9 10 9 1 1 9 0 1 9 0 7 1 20 19 0 9 17 17 8 1 17 4 27 14 20 9 9 17 9 20 2 14 10 17 10 0 12 0 12 18 20 20 14 12 1 9 22 27 7 1 0 14 7 9 5 20 22 9 6 6 8 14
split_gain=2933.47 164.74 158.888 51.461 47.819 30.7418 25.7682 24.4593 35.0235 20.4297 18.8514 22.5279 18.6329 17.192 15.423 14.8727 13.7942 11.1247 15.4256 11.0094 10.8632 10.6137 9.49544 9.26658 8.41503 8.37983 8.06994 7.6437 6.5547 6.54484 6.24773 6.08582 6.37795 7.08575 5.83375 5.75378 5.07686 5.07336 4.63832 7.79484 4.62082 4.56781 4.40312 4.27314 8.06211 4.16288 4.08294 4.00593 3.95103 3.86382 3.83177 3.73083 8.99442 3.71823 3.71287 3.7112 4.48927 3.6708 3.45623 3.17224 3.12135 3.05824
threshold=2888.9850000000006 2519.9250000000006 3188.8800000000006 5.5000000000000009 3.5000000000000004 2496.7300000000005 20.500000000000004 5.5000000000000009 3999.3850000000007 30.500000000000004 -0.99866806308218525 2.5000000000000004 -11130.9 29959.200000000001 29.500000000000004 2767.8750000000005 1535.0450000000003 1000.4450000000001 0.037621334799590643 1.0000000180025095e-35 1008.6950000000001 1.0000000180025095e-35 0.25999999999999984 2245.0627995252476 -16811.799999999996 3470.1700000000005 2599.8750000000005 1001.6650000000001 2260.3800000000006 -13161.199999999997 4.5000000000000009 2081.4094244778112 3099.7750000000005 499.72000000000008 2455.1400000000003 65.500000000000014 4482.8633110119054 32.500000000000007 6326.3696056547624 12340.1 -14409.099999999999 -7934.1999999999989 976.32160611551865 2993.7526711309529 3.5000000000000004 2811.0850000000005 5849.073685515873 0.21499999999999989 0.11157877211276467 1.5000000000000002 30.500000000000004 2152.2219207903777 0.23014236637527921 3000.0200000000009 -0.41248606129204551 -10980.799999999997 3562.9400644841276 3599.3950000000004 -0.32143946530316164 0.63405362205439486 0.58307701883076835 2271.552732555057
decision_type=2 2 2 2 2 2 2 2 2 2 2 2 2 2 2 2 2 2 2 2 2 2 2 2 2 2 2 2 2 2 2 2 2 2 2 2 2 2 2 2 2 2 2 2 2 2 2 2 2 2 2 2 2 2 2 2 2 2 2 2 2 2
left_child=1 5 3 12 6 40 15 10 9 27 11 -4 20 19 53 -3 26 18 -7 21 31 28 30 49 -22 -12 35 -9 54 -19 57 -2 33 -33 60 -6 43 -30 -27 -40 42 -21 -1 -26 48 -18 -10 -16 -45 -15 -28 58 -53 -5 -8 56 -17 -11 -36 -46 -14 -54
right_child=2 4 7 14 16 17 13 8 46 22 25 -13 34 23 47 55 45 29 -20 41 24 -23 -24 -25 36 38 50 -29 37 -31 -32 32 -34 -35 51 -37 -38 -39 39 -41 -42 -43 -44 44 59 -47 -48 -49 -50 -51 -52 52 61 -55 -56 -57 -58 -59 -60 -61 -62 -63
leaf_value=-0.0027349535888377117 0.0020002221875395597 -0.0033937481130558033 0.011519094560532447 -0.0002179782294236343 -0.0030099959930221052 -0.0040786259655153324 0.0010171554938910709 0.00063111233101520003 0.0079529033145155376 -0.00027312790112596016 0.0035764222641673448 -0.0052217453582916913 -0.002010880231853238 0.00094656427986538282 -0.00607545276207337 9.7618858987837944e-05 -0.0040271660464627421 -0.0028729422586404761 0.00091156958409422284 -0.00037186696219273504 -0.0042401008253566894 -0.0045138075109793264 0.0015486505227487245 -0.0038540631440926363 -0.0010332013922265482 0.0094189248617186638 0.00044643264488809288 0.0039721279430892853 0.00077540229263026281 -0.00065950418418021957 -0.0026427700273468743 -0.001277755555974318 0.0022330170757559162 0.00084920724426001287 0.001431243364762338 -0.0001123717476798669 -0.0014227089859827123 0.0033691389041058794 -0.00083416679270093214 0.015659106225997411 -0.0030084106175882397 0.0010124113480331643 -0.011632273344206946 0.00033086117683275515 0.00030709986777659458 -0.00079111282715728316 0.004299571950623555 -0.00093613656103709532 0.0012176646935817281 -0.001688358782160595 -0.0015002637257925189 0.0019471830049995198 -0.00080306949888365954 0.00084057017550255965 -0.0013775939207858467 0.00053559893148308997 -0.0020211261175526385 0.0019991301737680711 0.0024552647739050837 -0.00046722669468059582 0.00089980805521031818 0.00093978777994573992
leaf_weight=56 95 374 55 66 143 64 71 72 881 70 1417 45 40 53 171 75 643 603 106 355 65 42 77 171 63 5235 111 221 55 168 126 57 80 77 161 46 51 254 40 69 192 42 6436 124 91 144 46 70 93 45 72 520 48 67 56 52 45 45 319 59 40 108
leaf_count=56 95 374 55 66 143 64 71 72 881 70 1417 45 40 53 171 75 643 603 106 355 65 42 77 171 63 5235 111 221 55 168 126 57 80 77 161 46 51 254 40 69 192 42 6436 124 91 144 46 70 93 45 72 520 48 67 56 52 45 45 319 59 40 108
internal_value=0.000175735 -0.0111523 0.0110971 0.00439781 -0.00499474 -0.013452 -0.0017741 0.0130625 0.00962963 0.00404412 0.0138305 0.000891089 0.00623088 0.000786026 -0.00584 -0.0071298 -0.00968534 -0.00835987 -0.00140351 0.00282534 0.00282126 0.00588727 -0.00122257 -0.00583333 0.000274223 0.0140217 -0.00490617 0.0097449 0.00727689 -0.0098899 -0.00415289 0.00730645 0.00446512 0.000444444 0.00858529 -0.00923684 0.00164938 0.00962903 0.0145706 0.00831818 -0.0141675 -0.000866834 -0.0143046 0.00271462 0.0039538 -0.0119353 0.0133028 -0.0103512 0.00763761 0.00151515 -0.000407609 0.00912705 0.00766617 0.00235075 0.00152344 0.00017341 -0.00272727 0.000905172 0.0111642 -0.00139073 0.000740741 0.00133758
internal_weight=21338 10474 10864 2465 2849 7625 1690 8399 1538 611 6861 100 2091 1144 374 546 1159 941 170 875 855 478 318 269 546 6761 372 293 436 771 241 309 214 134 1236 189 481 309 5344 109 6684 397 6492 430 367 787 927 241 217 98 183 1156 676 133 127 172 120 115 480 150 80 156
internal_count=21338 10474 10864 2465 2849 7625 1690 8399 1538 611 6861 100 2091 1144 374 546 1159 941 170 875 855 478 318 269 546 6761 372 293 436 771 241 309 214 134 1236 189 481 309 5344 109 6684 397 6492 430 367 787 927 241 217 98 183 1156 676 133 127 172 120 115 480 150 80 156
is_linear=0
shrinkage=0.03


Tree=7
num_leaves=63
num_cat=0
split_feature=9 10 9 1 9 1 0 0 20 1 9 0 20 7 10 7 15 7 1 15 27 20 26 7 27 8 9 16 10 8 18 9 25 10 10 9 27 15 8 12 18 12 23 18 25 12 20 26 20 10 16 9 26 20 0 0 26 7 1 25 15 27
split_gain=2923.28 158.997 153.92 55.5778 48.0988 38.7845 26.7286 25.7757 21.1908 20.1732 30.0875 17.7889 13.7148 13.0813 12.5628 11.6606 10.5884 10.7496 10.5064 10.2726 10.1068 9.55569 7.33236 7.05176 6.88335 6.7778 6.68053 7.45108 6.63989 7.93427 6.55414 5.64827 5.49999 5.49487 5.40478 5.35044 7.80823 5.3015 5.20915 5.166 7.48303 5.15313 4.7967 4.74233 6.28475 4.69817 4.68802 4.54657 4.53701 4.52062 5.67677 4.27688 5.74594 4.95237 4.23336 4.20226 4.20048 4.72634 5.03826 4.1793 4.018 3.86207
threshold=2888.9850000000006 2700.0650000000005 3244.1800000000007 5.5000000000000009 2470.8250000000003 1.0000000180025095e-35 29.500000000000004 22.500000000000004 -11130.9 5.5000000000000009 4000.1300000000006 31.500000000000004 -20593.699999999993 -0.99866806308218525 3280.4000000000001 -0.99985146406598202 3044.425677083334 -0.93843426604005675 5.5000000000000009 3169.6490625000006 0.21499999999999989 -13679.85 7.5400000000000009 -0.861146256326485 1.0000000180025095e-35 0.9980355542543059 3563.5850000000005 4396.0600000000004 2369.6400000000003 -0.9629068873952128 15270.1 3000.0200000000009 17.385000000000002 3473.5650000000005 2510.9050000000002 2299.9200000000005 0.58000000000000018 2412.4126562500001 0.73136292505298039 6326.3696056547624 12340.1 3639.9628794642863 28.643750000000008 11908.950000000003 18.140000000000004 4526.4478273809536 -10264.699999999999 7.6700000000000008 -14694.599999999999 3030.1550000000002 4962.5200000000013 3030.5050000000006 10.600000000000001 -8655.3499999999967 37.500000000000007 79.500000000000014 11.265000000000002 -0.32614396506100213 3.5000000000000004 14.980000000000002 2008.5867708333335 0.25999999999999984
decision_type=2 2 2 2 2 2 2 2 2 2 2 2 2 2 2 2 2 2 2 2 2 2 2 2 2 2 2 2 2 2 2 2 2 2 2 2 2 2 2 2 2 2 2 2 2 2 2 2 2 2 2 2 2 2 2 2 2 2 2 2 2 2
left_child=1 4 3 8 28 7 31 48 19 13 11 42 -9 15 18 -4 17 -6 21 49 24 -7 32 -19 33 30 27 -15 35 -30 43 -5 -21 -13 38 -1 -37 60 -10 -28 -41 -24 -11 44 -18 51 54 -47 -3 50 -2 -36 -53 -54 -32 -22 57 -23 -59 -52 -14 -8
right_child=2 5 9 6 16 14 61 12 34 10 -12 20 37 26 -16 -17 25 23 -20 22 55 56 41 -25 -26 -27 39 -29 29 -31 46 -33 -34 -35 45 36 -38 -39 -40 40 -42 -43 -44 -45 -46 47 -48 -49 -50 -51 59 52 53 -55 -56 -57 -58 58 -60 -61 -62 -63
leaf_value=-0.012554240566182017 -0.00060918889079129455 -0.0034464195387880234 0.0096374228928019067 -0.00018090131299877576 0.00089114948452332136 -0.0023503447229411998 -0.0049745270098730731 -0.0023750792489402881 -0.00089457062179651545 0.0036770205036663127 0.0078339784999311313 -0.0025397184905133719 0.0026314165603947481 0.0059054194051586248 0.0013819926048601605 -0.0047922801542201743 -0.0032489988252206812 -0.0037718300701509388 -0.0061541550906174169 -0.0016259705623904175 2.5217926822218571e-05 0.00047392617207184348 0.00080936101786599935 -0.00042175404063735653 -0.0023171798156754343 0.00012938072106645214 0.010313767909171521 0.0038742399598383592 -0.00021454435491205626 -0.0046128740860734126 -0.00016965014278732759 0.0012970908591925666 -2.1798629517242317e-05 0.0013543177889254786 0.0013953110420710057 -0.0041762066119765875 0.0010924628655175539 0.0024206745412663367 0.0011308718489632863 -0.0011178357015859098 0.012305793839388368 -9.0910034532201136e-05 0.00059461854652759878 -0.0027696367106664387 -0.00091054559049846601 0.0022456595020982116 3.477904143172061e-05 -0.00043318975140590685 -0.00017953875646440132 0.0026652969748875142 0.0019146971621091912 0.0023364594246640278 0.0025773723931972014 -0.00039057801056282312 -0.0020351499956683481 0.0021115656082169032 -0.0052781297687738643 8.1274597263552019e-05 -0.0017164406478153537 0.0010504721461351795 -0.0014945677501418818 -0.0013331242265775512
leaf_weight=5348 48 70 44 60 78 595 199 73 58 240 918 42 42 69 123 45 314 102 248 67 42 107 146 134 91 46 4653 1671 50 927 55 99 238 70 474 521 41 325 44 40 63 118 42 436 78 68 79 42 61 123 58 726 44 57 197 50 42 138 117 91 66 65
leaf_count=5348 48 70 44 60 78 595 199 73 58 240 918 42 42 69 123 45 314 102 248 67 42 107 146 134 91 46 4653 1671 50 927 55 99 238 70 474 521 41 325 44 40 63 118 42 436 78 68 79 42 61 123 58 726 44 57 197 50 42 138 117 91 66 65
internal_value=0.00027581 -0.0110923 0.011131 0.00510085 -0.0129035 -0.00350349 -0.00491745 0.00260972 0.00686642 0.0132385 0.0100769 0.00469723 0.00568047 0.0139546 -0.00634573 0.0025 -0.0080625 -0.00314286 -0.0072476 0.00318539 -0.000456081 -0.005865 0.000763158 -0.00632911 -0.00419118 -0.0093408 0.0141111 0.0124928 -0.0139699 -0.0116411 -0.00978879 0.00478125 -0.00240196 0.00079646 0.00902576 -0.0143529 -0.0115098 0.00770737 0.0023301 0.0147004 0.00793269 0.00441509 0.0100707 -0.0112183 -0.00877863 0.00950779 -0.00618976 0.00351351 -0.00920455 0.00747664 0.00462121 0.0100115 0.0113225 0.00455882 -0.00818182 0.00774194 -0.0022963 -0.00123967 -0.00345703 0.0075 0.00192661 -0.0107547
internal_weight=21318 10413 10905 2825 8406 2007 423 637 2402 8080 1495 577 506 6585 1370 89 1519 314 1247 889 295 999 569 236 203 1205 6496 1740 6887 977 1159 159 305 112 1513 5910 562 433 102 4756 103 264 282 828 392 1411 331 110 131 320 197 1301 827 101 252 92 404 362 255 149 108 264
internal_count=21318 10413 10905 2825 8406 2007 423 637 2402 8080 1495 577 506 6585 1370 89 1519 314 1247 889 295 999 569 236 203 1205 6496 1740 6887 977 1159 159 305 112 1513 5910 562 433 102 4756 103 264 282 828 392 1411 331 110 131 320 197 1301 827 101 252 92 404 362 255 149 108 264
is_linear=0
shrinkage=0.03


Tree=8
num_leaves=63
num_cat=0
split_feature=9 10 9 9 10 20 6 22 6 7 9 18 15 22 19 7 22 19 16 24 21 17 21 27 23 10 18 26 9 8 16 7 14 24 25 9 17 18 26 23 20 18 25 7 17 22 25 20 21 17 22 10 8 15 15 26 20 22 6 15 17 18
split_gain=2825.93 171.49 152.552 46.1813 36.1725 31.488 16.9789 16.6678 14.977 14.7669 12.8091 12.2331 11.7449 11.3619 10.0031 9.22489 8.90499 8.42626 7.48015 7.42651 6.88997 6.78588 6.67913 6.58932 6.42569 6.16636 5.92701 10.4705 5.92464 5.86916 5.648 5.53326 6.9632 6.48657 5.47813 5.20981 5.03889 4.92012 6.3246 4.84643 4.7165 4.47325 4.0031 3.97426 3.90494 4.12135 5.14009 4.21194 7.22703 5.16258 4.47174 3.8478 5.64236 3.7777 3.72128 4.02401 3.64218 3.6 3.59199 3.52924 3.48481 3.37993
threshold=2888.9850000000006 2700.0650000000005 3310.9650000000006 2560.5750000000003 3280.4000000000001 -11130.9 -0.5 6066.6546999007942 -0.032701564615071448 -0.99940763397299126 3649.9250000000006 11837.650000000003 3095.3279166666671 3488.0969432043653 31516.700000000001 -0.2102246306142678 3168.6151240079366 26318.550000000007 9854.590000000002 1.3250000000000013 4574.7266666666674 1100.0250000000003 2403.3100000000004 0.035000000000000149 24.231250000000006 3434.3100000000004 9064.9000000000015 7.3850000000000007 3065.8000000000006 0.49626980634301188 5000.6900000000014 0.17963823861099873 2182.9679085065777 10.56875 19.275000000000002 2384.7000000000003 1447.825 15270.1 5.1750000000000016 26.381250000000005 -9219.0499999999975 10142.950000000003 14.825000000000001 0.45560143098769151 2449.7550000000006 5167.0123989335325 16.885000000000002 -13351.049999999997 2460.3516666666669 1544.4400000000003 3734.2210019841273 2320.5350000000003 -0.9629068873952128 3002.9783333333339 4941.5795833333341 6.9800000000000013 -7746.5499999999984 5827.4019010416678 -0.19509032201612839 3226.7990104166674 1953.1700000000003 16171.550000000001
decision_type=2 2 2 2 2 2 2 2 2 2 2 2 2 2 2 2 2 2 2 2 2 2 2 2 2 2 2 2 2 2 2 2 2 2 2 2 2 2 2 2 2 2 2 2 2 2 2 2 2 2 2 2 2 2 2 2 2 2 2 2 2 2
left_child=1 3 5 14 13 6 54 9 31 11 58 -4 21 15 34 22 -8 19 -17 -15 -21 53 -3 -20 61 44 27 -12 43 39 -24 33 -33 41 40 -32 -19 38 -14 -6 42 -7 -1 -10 45 47 -47 48 -18 50 -50 -16 -53 -5 55 -2 -34 -40 -11 -38 -43 -25
right_child=2 4 7 12 29 8 16 -9 28 10 26 -13 37 17 51 18 25 36 23 20 -22 -23 30 24 -26 -27 -28 -29 -30 -31 35 32 56 -35 -36 -37 59 -39 57 -41 -42 60 -44 -45 -46 46 -48 -49 49 -51 -52 52 -54 -55 -56 -57 -58 -59 -60 -61 -62 -63
leaf_value=-0.00070191321675427965 7.2769671065673334e-05 -0.002626715081361781 0.005663198670467366 -0.00042719643165797902 -0.0017175006138687632 0.00011071316198183023 -0.0016336890420217331 -0.0008935790605504578 0.00078814701832625284 0.0027611570208602564 -0.00096481853942842477 -0.0046520236552637416 -8.1808277302553018e-05 -0.0024707636955012191 -0.012351260639783987 0.0014009550572095762 -0.00050253124566893351 -0.0022866139243643865 0.00068321038681211637 0.0015343644752630547 -0.0006504267566607247 -0.0030471032745018611 0.0011348193443136445 -7.6074176134373055e-05 -0.0065249618716700609 0.0030324620616368979 0.0097422139302765654 0.0086159722463166055 0.0027375203636011668 0.0045792523086855925 -0.0038505100695731807 0.0013909669988898354 -0.0016331561717172649 -0.0014778515697823468 -0.0019332844202701027 -0.00059402351909027646 -0.0012649395135393203 -0.00059219379483965717 -0.0025101708797226549 0.0035184875947653627 -0.00065024690046859839 0.0024375741623239699 -0.0046499482478728768 0.0017333485864463904 -0.00062374822202554186 -0.0016081193396435367 0.00071823491402619229 0.00096486400269746753 0.00097443586789646818 -0.0004459447842772235 -0.00019940206676236194 -0.0014362822501247673 -0.004263845214849433 0.00091246897831208428 -0.003241811826953391 -0.0026847542379160936 0.00077745843057568814 -0.0015529966298076568 0.0040027181461515585 -0.0035290183450158974 0.0019464048135509726 0.00010346680719123035
leaf_weight=44 107 104 40 70 61 80 40 51 351 541 41 42 57 236 4913 116 45 180 52 62 164 53 45 96 62 60 5328 69 719 107 47 178 74 41 92 151 54 241 492 129 46 168 1638 94 66 43 79 234 170 57 58 42 606 52 48 99 147 43 1453 351 276 41
leaf_count=44 107 104 40 70 61 80 40 51 351 541 41 42 57 236 4913 116 45 180 52 62 164 53 45 96 62 60 5328 69 719 107 47 178 74 41 92 151 54 241 492 129 46 168 1638 94 66 43 79 234 170 57 58 42 606 52 48 99 147 43 1453 351 276 41
internal_value=0.000184967 -0.0109385 0.0109458 -0.0128421 -0.0031763 0.00548995 0.00138211 0.0132772 0.0076233 0.0133932 0.0135329 0.000722892 -0.00680872 -0.00480988 -0.013665 -0.00188811 0.00341149 -0.00679866 0.00142663 -0.0037581 0.000132159 0.000255682 -0.00538793 -0.0014881 -0.003975 0.00409594 0.0142912 0.0072973 0.00991416 0.00649329 -0.00264344 0.00484974 0.0021375 0.00675795 -0.0117133 -0.00482412 -0.00918942 -0.00829137 -0.00976391 0.00329843 -0.0120937 0.00765714 -0.0123529 0.00716368 0.00334661 0.00401747 -0.00097561 0.00509735 0.0029003 0.00466783 0.00668122 -0.0143015 -0.0120647 0.00414634 -0.00541176 -0.00362319 -0.00141892 -0.0107743 0.0114586 -0.0110468 0.00883146 -0.000326087
internal_weight=21246 10447 10799 8389 2058 3234 1106 7565 2128 7514 7432 82 1008 1761 7381 714 852 1047 367 462 226 175 347 251 199 812 5438 110 1164 297 243 964 399 565 1820 198 585 833 592 190 1728 524 1682 445 752 686 122 564 330 285 228 5561 648 122 254 206 221 535 1994 405 444 137
internal_count=21246 10447 10799 8389 2058 3234 1106 7565 2128 7514 7432 82 1008 1761 7381 714 852 1047 367 462 226 175 347 251 199 812 5438 110 1164 297 243 964 399 565 1820 198 585 833 592 190 1728 524 1682 445 752 686 122 564 330 285 228 5561 648 122 254 206 221 535 1994 405 444 137
is_linear=0
shrinkage=0.03


Tree=9
num_leaves=63
num_cat=0
split_feature=9 9 10 1 1 9 0 9 1 0 10 0 1 9 20 7 17 12 15 8 12 27 7 19 16 0 10 1 9 8 20 17 27 19 1 23 5 21 10 6 15 1 27 0 15 20 17 8 24 12 18 27 15 9 15 27 1 12 18 9 17 17
split_gain=2755.85 205.384 116.115 49.3415 45.2975 30.8106 29.9004 29.7575 39.0206 22.6899 22.2244 17.7296 17.2169 16.2907 15.6437 13.6103 11.6515 11.2621 10.5337 10.1523 10.1458 10.0518 9.43545 8.88966 8.20298 10.8799 7.82765 7.04897 7.54886 6.85993 6.97731 6.51373 6.27983 7.3483 6.24495 7.44597 6.21109 5.9341 5.81149 5.56549 5.55291 5.72451 5.98877 5.58215 5.54793 7.69895 5.25029 5.23041 5.1291 4.97626 6.13114 4.97051 4.76588 4.32341 4.18271 4.10053 8.51417 6.67452 4.58715 4.0924 4.03158 3.8439
threshold=2811.0850000000005 3175.6750000000006 2500.9450000000002 5.5000000000000009 3.5000000000000004 2384.7000000000003 19.500000000000004 3599.3950000000004 5.5000000000000009 24.500000000000004 2420.1300000000006 22.500000000000004 1.0000000180025095e-35 3000.0200000000009 -23548.049999999999 -0.99940763397299126 1392.0700000000004 3077.3538392857149 2412.4126562500001 0.87291090774974645 3077.3538392857149 -0.054999999999998821 0.62837760187664593 28879.750000000004 4396.0600000000004 18.500000000000004 2700.0650000000005 5.5000000000000009 4100.9350000000004 0.99249573635719013 -13161.199999999997 2449.7550000000006 0.58000000000000018 31808.150000000005 2.5000000000000004 24.818750000000005 -0.63405362205439475 5091.6350000000011 3092.6000000000004 -0.41248606129204529 2100.8732812500007 1.0000000180025095e-35 0.46999999999999981 22.500000000000004 3638.4790104166673 -12998.049999999997 1807.5550000000001 -0.985569629219886 0.95000000000000118 6326.3696056547624 12340.1 -0.66999999999999893 2008.5867708333335 2260.3800000000006 3775.1407812500006 0.13499999999999981 1.5000000000000002 3572.574732142858 8701.4000000000015 2650.3600000000006 1392.0700000000004 200.01000000000002
decision_type=2 2 2 2 2 2 2 2 2 2 2 2 2 2 2 2 2 2 2 2 2 2 2 2 2 2 2 2 2 2 2 2 2 2 2 2 2 2 2 2 2 2 2 2 2 2 2 2 2 2 2 2 2 2 2 2 2 2 2 2 2 2
left_child=2 3 5 10 6 -1 22 8 24 -10 19 38 14 31 -8 -9 32 21 52 39 -11 -6 48 34 25 -3 37 49 36 30 -18 40 59 -34 46 -36 -29 -26 -5 -2 -12 43 51 -42 -15 -46 -14 -30 -4 -17 -51 -43 -16 -20 -47 56 58 -57 -53 61 -44 -7
right_child=1 7 4 11 17 16 12 15 9 20 13 -13 23 44 18 27 29 -19 53 -21 -22 -23 -24 -25 26 -27 -28 28 47 -31 -32 -33 33 -35 35 -37 -38 -39 -40 -41 41 42 60 -45 45 54 -48 -49 -50 50 -52 55 -54 -55 -56 57 -58 -59 -60 -61 -62 -63
leaf_value=-0.010843687927554573 -0.003141723730721426 -0.00099284413385070992 -0.0035152038763627178 -8.4012722147406294e-05 0.0013429095631348753 1.4092841053057192e-05 -0.0059448290701379133 0.00038770520904348512 0.0035339076468178551 0.00082919372244304233 -0.00032004058915771958 -0.0045107452172588177 -0.0027508399895792299 0.0018342144896389011 0.001497806236107051 0.009874437487343837 -0.0030043051828288637 -0.0040029595712133001 0.00049918796842625564 0.00087519428735468804 -0.0016884990205600879 -0.0018443142573323001 0.00011778615625999133 -0.0035670957581217786 0.0018953443679241744 0.0078667703261388229 0.0036001475462332341 0.00017629449496772587 0.0047991225292260166 -1.7486654376854815e-05 -0.00087778586516220171 -0.00055898996766007953 0.0016102501769026567 -0.0032455347199580676 -0.00069483904133208255 0.0015324652997035049 0.0031701556301884804 -0.00051592573441383571 0.0021017595606001248 -7.8334511250357505e-05 6.0043367702942158e-05 -0.00052709580904937599 0.0010960746302523638 0.0043050717587750677 -0.000422449517020147 0.0005197825156745805 0.00022892047174785101 0.007685875815013698 -6.9256353770064108e-05 -0.00052344052558868977 0.011737122275426816 -0.00057040118892112798 -0.0032408865047000111 0.0022075619998676997 0.0015298790904566138 0.00031450570168775724 0.0011183902534455824 -0.00038238703746183765 0.00034372841460131195 0.00022247845387854515 -0.0021943557256274993 -0.0034825899383693314
leaf_weight=6070 102 49 328 97 44 40 46 65 153 44 70 282 137 515 57 4447 785 828 135 48 202 117 50 177 99 49 2046 78 52 53 146 132 43 44 58 69 202 44 42 68 60 43 40 130 64 78 72 830 40 41 62 42 73 253 368 160 354 103 44 48 51 180
leaf_count=6070 102 49 328 97 44 40 46 65 153 44 70 282 137 515 57 4447 785 828 135 48 202 117 50 177 99 49 2046 78 52 53 146 132 43 44 58 69 202 44 42 68 60 43 40 130 64 78 72 830 40 41 62 42 73 253 368 160 354 103 44 48 51 180
internal_value=0.000223765 0.0103073 -0.0113508 0.00340532 -0.00573441 -0.0132328 -0.0024365 0.012666 0.0100484 0.0013875 0.00502224 -0.0060782 0.00020872 0.00590687 0.00382301 0.0138811 -0.00910075 -0.0107121 0.00531792 -0.00410959 -0.00425101 -0.00342593 -0.00923628 -0.00376459 0.0115581 0.0030303 0.0119384 0.0140364 0.0119175 -0.0107817 -0.0113788 0.00357317 -0.00442416 0.00255682 -0.000890208 0.00433594 0.00758007 0.00510417 0.00267857 -0.00754386 0.0043306 0.00488813 0.00381265 0.00958115 0.00869883 0.00645793 -0.00407143 0.0132843 -0.0108943 0.0145748 0.00793269 0.0046988 -0.00206107 0.0077892 0.00785235 0.0053054 0.00707483 0.00232955 -0.00137931 -0.00669145 -0.00342391 -0.00841629
internal_weight=21249 11356 9893 2893 2484 7409 1495 8463 2686 399 2472 421 1077 2254 564 5777 1339 989 518 218 246 161 418 513 2287 98 2189 5712 1162 984 931 1229 355 87 336 127 280 143 139 170 1097 1027 837 190 1025 510 209 882 368 4550 103 746 130 388 446 703 440 263 86 268 91 220
internal_count=21249 11356 9893 2893 2484 7409 1495 8463 2686 399 2472 421 1077 2254 564 5777 1339 989 518 218 246 161 418 513 2287 98 2189 5712 1162 984 931 1229 355 87 336 127 280 143 139 170 1097 1027 837 190 1025 510 209 882 368 4550 103 746 130 388 446 703 440 263 86 268 91 220
is_linear=0
shrinkage=0.03


Tree=10
num_leaves=63
num_cat=0
split_feature=20 20 10 10 1 20 11 1 15 0 10 25 8 0 27 27 22 27 27 12 1 10 20 10 27 20 27 27 26 12 1 25 12 20 27 8 27 27 1 26 21 27 25 12 10 22 0 18 22 11 25 22 10 21 10 12 20 0 1 16 0 26
split_gain=2582.83 229.461 157.364 47.5312 47.9732 27.5445 25.3221 28.623 18.9163 16.5485 15.2249 13.7291 13.4592 13.1564 12.094 10.959 10.5396 11.7951 15.4985 10.5249 10.3324 8.56946 7.79894 7.627 7.57205 7.50913 7.38705 7.21297 7.23426 6.62568 6.50328 6.34256 7.68583 6.13305 5.83971 5.77785 5.74867 6.33486 5.63676 5.59182 8.09825 5.57464 12.8944 5.55517 6.2816 5.42966 5.41085 5.26208 6.75939 5.18938 4.90796 4.76974 4.40667 4.30154 5.59348 4.15453 5.61936 4.11852 4.02436 7.78203 7.43931 3.98342
threshold=-13161.199999999997 -6631.6499999999987 2690.3500000000008 2700.8000000000006 5.5000000000000009 -20030.999999999996 3217.7100000000005 5.5000000000000009 3638.4790104166673 65.500000000000014 3000.3950000000004 14.795000000000002 0.99932962452255414 18.500000000000004 1.0000000180025095e-35 0.25999999999999984 3456.3076450892863 -1.0000000180025095e-35 -0.29999999999999888 2787.6264657738097 5.5000000000000009 3396.4000000000001 -2157.7499999999995 2080.8350000000005 0.21499999999999989 -17612.749999999996 -0.32999999999999913 -0.77499999999999847 9.5050000000000008 3473.4918601190479 3.5000000000000004 15.210000000000003 3067.187901785715 -15700.549999999999 -0.47500000000000137 0.65720762023595369 0.58000000000000018 0.81499999999999961 5.5000000000000009 10.075000000000001 4217.2983333333341 0.58000000000000018 16.715000000000003 3978.4669345238099 3349.9200000000005 3734.2210019841273 37.500000000000007 7272.4000000000005 3190.9591108630962 3472.2150000000006 19.315000000000001 5840.0669791666678 3320.4150000000004 2100.3950000000004 3044.6400000000008 6326.3696056547624 6715.2500000000009 59.500000000000007 1.5000000000000002 5988.6800000000012 18.500000000000004 8.6900000000000031
decision_type=2 2 2 2 2 2 2 2 2 2 2 2 2 2 2 2 2 2 2 2 2 2 2 2 2 2 2 2 2 2 2 2 2 2 2 2 2 2 2 2 2 2 2 2 2 2 2 2 2 2 2 2 2 2 2 2 2 2 2 2 2 2
left_child=2 3 5 19 9 23 7 39 10 16 33 -7 41 -6 21 46 53 18 26 -2 25 -9 27 -1 -15 -10 34 -8 -29 61 57 32 -24 58 52 45 50 -38 -21 -3 -41 49 -43 -30 -45 -35 -16 -12 -49 51 -25 -13 -18 -5 -55 -33 -57 -27 59 60 -4 -19
right_child=1 6 8 4 13 11 22 14 20 -11 47 12 -14 24 15 -17 17 29 -20 38 -22 -23 31 36 -26 30 -28 28 43 -31 -32 55 -34 35 -36 -37 37 -39 -40 40 -42 42 -44 44 -46 -47 -48 48 -50 -51 -52 -53 -54 54 -56 56 -58 -59 -60 -61 -62 -63
leaf_value=-0.013439231381372227 0.00092683074085766917 0.003873721670079302 -0.0037586351861659171 0.0012684371810308902 0.0023836701502878998 0.00056007654002609541 0.0014002144361128187 -0.00095137674727531875 -0.0036906820326379464 0.0025786018963103352 -0.0021512640445994079 -0.0033970461825358544 0.00015023245512802319 -0.0045778891768078192 0.00031852990168509618 0.0015874819342772105 -0.00033756925016449558 -0.00028251499440742119 0.0032826113201524709 -0.00062373736594834473 -0.0080288904245498886 0.0037048062646277734 0.013137002199027225 -0.0047680168747745453 -0.00011593970632180373 -0.00052673239340041535 -0.0010408627906543799 0.004268877440756675 0.0041244449082448575 -0.00080852552423313459 -0.00080595680231835935 0.0094285442522498812 -0.00068491611096373358 0.0007387270168494808 0.0015418760962512756 -0.00021798254651783644 -0.00075690349905801926 -0.006131214293087126 -0.005314347238448462 0.0020640571604878086 -0.0037950767998361987 0.0026391708026832729 -0.0060727028320562444 -0.00085988751744356937 0.0032261378811856999 -0.00074133202408425795 -0.0020926534494100446 -0.00192884782346594 0.0012357658735662768 -0.001672873109948716 -0.0042406726826532725 -0.0014149323266864178 0.0016303217672210878 0.00035395644390753486 0.002464670579884789 -0.00022817394381391409 0.018168794427171325 0.001042927829445932 -0.0038283715295159304 0.00032455113960237368 -0.00042300333628733975 0.0019648346465789145
leaf_weight=4295 70 1020 64 100 41 69 60 43 171 851 63 1825 49 212 44 99 120 48 172 618 132 179 41 1312 117 93 76 1247 275 141 238 4575 40 98 143 131 106 75 73 128 48 41 50 52 138 63 114 52 298 45 106 56 64 186 141 44 49 70 175 59 106 40
leaf_count=4295 70 1020 64 100 41 69 60 43 171 851 63 1825 49 212 44 99 120 48 172 618 132 179 41 1312 117 93 76 1247 275 141 238 4575 40 98 143 131 106 75 73 128 48 41 50 52 138 63 114 52 298 45 106 56 64 186 141 44 49 70 175 59 106 40
internal_value=0.000223744 0.00993734 -0.0110363 0.00314095 0.00517326 -0.0128387 0.012601 0.00929893 -0.00305127 0.00694191 -0.000608108 -0.00990871 -0.0103483 -0.00477089 0.00309375 -0.00133721 0.00471185 0.00268323 0.00497396 -0.00340551 -0.00689362 0.00820628 0.0134476 -0.0138982 -0.00677273 -0.00513089 0.00174505 0.0117259 0.0120841 -0.00306522 -0.00287313 0.0140874 0.00567073 -0.0033142 0.00370427 0 -0.0121031 -0.00700549 -0.00453035 0.0117794 0.00677966 -0.010726 -0.00342391 0.00885193 0.00486911 0.0037963 -0.00622642 0.00394928 0.00538462 -0.011069 -0.0127484 -0.0113098 0.000162162 0.00851636 0.00681402 0.0142322 0.00781915 0.0017378 -0.0057037 -0.00306522 -0.00631579 0.00337079
internal_weight=21251 11409 9842 3213 2452 8029 8196 1675 1813 2082 1109 2135 2066 370 479 257 1231 804 575 761 704 222 6521 5894 329 572 403 1772 1712 229 401 4749 81 696 327 292 1599 181 691 1196 176 2017 91 465 190 161 158 413 350 1926 1418 1881 184 427 327 4668 93 163 404 229 170 88
internal_count=21251 11409 9842 3213 2452 8029 8196 1675 1813 2082 1109 2135 2066 370 479 257 1231 804 575 761 704 222 6521 5894 329 572 403 1772 1712 229 401 4749 81 696 327 292 1599 181 691 1196 176 2017 91 465 190 161 158 413 350 1926 1418 1881 184 427 327 4668 93 163 404 229 170 88
is_linear=0
shrinkage=0.03


Tree=11
num_leaves=63
num_cat=0
split_feature=9 9 10 1 1 9 9 1 0 6 9 20 1 0 25 27 11 7 10 15 20 12 15 26 9 1 20 9 7 22 11 26 0 10 20 15 1 19 0 20 12 12 12 9 27 0 15 21 12 9 11 9 1 16 9 7 11 8 1 25 0 19
split_gain=2666.36 210.923 112.975 44.2752 42.5143 34.9671 31.7099 45.1351 29.3768 22.4023 18.661 16.7379 17.6751 16.1596 11.5054 11.3212 11.0493 10.1084 9.98263 9.33702 8.99698 8.80366 7.95711 7.53323 9.10222 7.35639 7.77586 7.30944 7.08638 6.36495 5.70103 5.49064 6.11294 5.334 5.3169 4.74768 6.81072 4.57194 4.39835 4.38277 4.21857 4.17761 5.18416 4.16917 4.13551 4.50537 4.0398 4.00048 3.94639 3.7507 3.7364 3.72575 3.71774 5.79255 3.60992 3.56689 3.49088 4.09915 3.34908 3.33409 3.31566 3.28982
threshold=2811.0850000000005 3149.2050000000004 2500.9450000000002 3.5000000000000004 5.5000000000000009 2399.6250000000005 3699.1800000000007 5.5000000000000009 21.500000000000004 1.0000000180025095e-35 2999.3850000000007 -23548.049999999999 1.0000000180025095e-35 22.500000000000004 18.725000000000005 0.58000000000000018 4036.2400000000002 -0.99940763397299126 2640.5150000000008 2412.4126562500001 -17767.099999999995 3059.9421130952387 3638.4790104166673 6.7200000000000015 2469.4850000000001 5.5000000000000009 725.79999999999939 2650.3600000000006 -0.84772008488809492 5504.9563541666676 3149.5250000000005 10.390000000000002 9.5000000000000018 2969.5800000000004 -13351.049999999997 2202.5082291666672 1.0000000180025095e-35 36869.80000000001 11.500000000000002 -15855.449999999997 3098.773623511905 6326.3696056547624 6551.5072767857146 3389.9550000000004 -0.60500000000000032 28.500000000000004 3775.1407812500006 1912.4550000000002 5604.0362797619064 2717.6050000000005 3176.5200000000004 2893.2250000000004 1.0000000180025095e-35 9954.595000000003 3930.8900000000008 -0.12546116083924153 2691.8350000000005 -0.5129677127369543 2.5000000000000004 16.715000000000003 31.500000000000004 24831.150000000005
decision_type=2 2 2 2 2 2 2 2 2 2 2 2 2 2 2 2 2 2 2 2 2 2 2 2 2 2 2 2 2 2 2 2 2 2 2 2 2 2 2 2 2 2 2 2 2 2 2 2 2 2 2 2 2 2 2 2 2 2 2 2 2 2
left_child=2 4 5 8 10 37 7 18 14 43 16 -10 19 33 -4 27 20 -8 29 40 59 30 -12 49 -25 41 44 50 -17 -3 -5 48 -33 -6 -24 -22 60 52 -11 -29 -13 -19 -43 -9 -27 -46 -36 -38 -20 -14 -7 -49 53 -1 -47 -48 -23 -58 -26 -2 -37 -21
right_child=1 6 3 21 13 15 17 9 11 38 22 12 23 -15 -16 28 -18 25 31 61 35 56 34 24 58 26 -28 39 -30 -31 -32 32 -34 -35 46 36 47 -39 -40 -41 -42 42 -44 -45 45 54 55 51 -50 -51 -52 -53 -54 -55 -56 -57 57 -59 -60 -61 -62 -63
leaf_value=-0.0041651574545662397 -0.00074384523882113911 0.0013441920945339979 -0.0027876478428142271 -0.0019133108723626878 -0.00014341344460945925 -0.0027213116000786995 0.0018757708267443008 -0.0029025360034690894 -0.0059284629976056281 0.0037870717845168399 0.0016363710964054645 0.00093589452266625624 -0.0027961229965363277 -0.0044699625530818477 0.00013254250417407576 0.0018329078381749797 0.0045619982002733823 0.0097296799290769089 0.0035022901062627732 0.0037420188235812277 -0.0022735662509849506 -0.0044797066281323603 -0.00049215426000630107 -0.003566505849308621 0.00010313783403284925 -0.00012018920594103477 0.0074842686928170109 -0.003016870555334914 -0.0032554541558939398 -0.001396203417164279 0.00078615649216904335 -0.0002369181401426612 0.0033359625170279726 0.00071291216594765667 -3.7593907439310567e-05 0.00031003463966762014 0.00024942318186968568 -0.014612821407704511 0.00082742850528203958 -0.00015657563146339814 -0.0031195176297514182 -1.641270661903782e-05 0.010899496967036874 -0.00042464409924717115 0.0048631244236946175 -0.00096792790370754385 0.0017060161285152285 -0.00014094178290961599 0.001599326298621193 4.8089907167199182e-05 -0.0016913294220385344 0.00034967023403778438 -0.0064773046775308974 -0.00018867380180851435 0.0013987381913423656 0.00077025236241653246 -0.00071494735021849999 -0.0031390907103406329 0.0013154945647952053 -0.0048765582353366187 0.0038735669549306894 0.00074195839601181029
leaf_weight=306 43 126 408 102 81 860 57 95 92 77 546 45 135 281 47 44 87 4117 2289 134 49 525 66 68 108 45 783 84 59 42 49 52 265 64 69 74 58 3390 191 142 74 40 62 110 95 40 147 349 59 43 70 537 2325 47 90 204 68 242 81 45 84 233
leaf_count=306 43 126 408 102 81 860 57 95 92 77 546 45 135 281 47 44 87 4117 2289 134 49 525 66 68 108 45 783 84 59 42 49 52 265 64 69 74 58 3390 191 142 74 40 62 110 95 40 147 349 59 43 70 537 2325 47 90 204 68 242 81 45 84 233
internal_value=0.000287251 0.0101335 -0.0112078 -0.0056334 0.00295153 -0.0130738 0.0124485 0.0101331 -0.00232811 0.00155063 0.00452734 0.000517751 0.00174078 -0.00576112 -0.00865132 -0.0085119 0.00217031 0.0138827 0.0115649 0.00566735 0.00143952 -0.0105471 0.00755082 -0.00264908 0.000639535 0.0140186 0.011741 -0.00936041 0.00100962 0.00443787 -0.00384868 0.0120124 0.00825472 0.00236301 0.00474333 0.00214844 0.00255666 -0.0140188 0.00724907 -0.00449339 -0.001625 0.0145841 0.0084466 -0.00589806 0.00730627 0.00896018 0.00598575 0.0015873 0.012516 -0.0073743 -0.0105371 0.0010823 -0.0130683 -0.0101271 0.00526718 0.00728693 -0.0117524 -0.00916399 0.00402632 -0.00775281 0.00830189 0.00802989
internal_weight=21200 11419 9781 2454 2784 7327 8635 3306 1468 473 2358 1013 921 426 455 1259 1326 5329 2833 486 1239 986 1032 435 257 5272 1053 1156 103 168 151 2665 317 145 486 1151 1102 6068 268 226 119 4219 102 205 270 225 420 944 2348 178 930 886 2678 353 130 351 835 310 189 88 158 367
internal_count=21200 11419 9781 2454 2784 7327 8635 3306 1468 473 2358 1013 921 426 455 1259 1326 5329 2833 486 1239 986 1032 435 257 5272 1053 1156 103 168 151 2665 317 145 486 1151 1102 6068 268 226 119 4219 102 205 270 225 420 944 2348 178 930 886 2678 353 130 351 835 310 189 88 158 367
is_linear=0
shrinkage=0.03


Tree=12
num_leaves=63
num_cat=0
split_feature=9 9 10 9 3 9 0 3 3 11 10 11 25 10 8 17 12 10 20 26 0 22 22 0 0 0 20 14 16 0 18 27 17 25 10 23 22 22 8 13 8 10 17 16 0 6 0 14 25 12 18 26 27 11 22 0 22 10 22 12 25 0
split_gain=2604.76 197.591 126.423 44.9048 39.182 31.1079 30.7943 24.9743 23.3319 19.3095 16.5463 15.2951 15.0755 13.3239 12.8854 10.8273 10.3045 9.97197 9.07801 10.6891 9.31162 9.03062 15.3318 8.51209 8.13783 8.06797 6.85593 6.71314 6.4436 11.0717 6.40698 6.31711 6.26965 9.59944 6.19183 5.85801 8.93875 5.5157 5.45732 5.33863 5.13338 5.0284 4.9474 4.7802 5.88406 4.68998 4.6846 4.64866 4.48938 15.845 5.05619 10.1296 4.38278 4.36114 4.29053 4.2069 4.53414 4.18936 4.16525 4.70618 3.96125 3.92829
threshold=2811.0850000000005 3100.3000000000006 2500.9450000000002 3679.8250000000003 1.0000000180025095e-35 2399.6250000000005 19.500000000000004 1.0000000180025095e-35 1.0000000180025095e-35 2600.7150000000006 3320.4150000000004 2219.5400000000004 18.725000000000005 2750.3050000000007 0.97461712852231652 999.6500000000002 3037.0687425595238 2812.3650000000002 -19835.149999999998 6.6950000000000012 59.500000000000007 3734.2210019841273 3966.6768173894566 16.500000000000004 64.500000000000014 38.500000000000007 -14854.749999999998 976.32160611551865 4396.0600000000004 25.500000000000004 10905.550000000001 -0.084999999999999062 1295.9700000000003 17.305000000000003 2019.6700000000003 25.406250000000004 5205.4093625992073 6049.0775074404764 0.6174544326165855 8998.1850000000031 0.99249573635719013 3044.6400000000008 1447.825 4999.7350000000015 42.500000000000007 0.77259657388510627 62.500000000000007 1922.7385388687778 15.210000000000003 3098.773623511905 9064.9000000000015 7.3850000000000007 -0.47000000000000058 2763.7300000000005 5840.0669791666678 89.500000000000014 3259.707705853175 3080.0950000000007 3297.6680617559532 3208.4505059523813 15.095000000000001 14.500000000000002
decision_type=2 2 2 2 2 2 2 2 2 2 2 2 2 2 2 2 2 2 2 2 2 2 2 2 2 2 2 2 2 2 2 2 2 2 2 2 2 2 2 2 2 2 2 2 2 2 2 2 2 2 2 2 2 2 2 2 2 2 2 2 2 2
left_child=2 7 5 8 6 27 12 13 17 41 14 -9 -4 34 18 16 45 31 42 55 43 32 -23 -11 35 38 39 -1 29 -19 52 -3 -15 -34 -2 36 -24 48 -13 -17 54 -10 -8 -21 -45 60 -29 -40 49 -5 51 -50 -25 -6 -41 56 -20 58 -35 -60 -7 -55
right_child=1 3 4 37 53 15 10 11 9 23 -12 25 -14 21 -16 26 -18 28 19 20 -22 22 24 30 -26 -27 -28 46 -30 -31 -32 -33 33 57 -36 -37 -38 -39 47 40 -42 -43 -44 44 -46 -47 -48 -49 50 -51 -52 -53 -54 61 -56 -57 -58 -59 59 -61 -62 -63
leaf_value=-0.002169042735681801 -0.0026787620121545607 0.00014265395855423966 -0.0025760709445331108 0.0091323226319910758 -0.0043315987571749971 -0.0031931381478225961 -0.002084064063756017 -0.0051474089801449626 0.0010412541004302155 0.0033081599447030105 0.0039213053353497253 0.00069023366825490926 0.00025483848661058241 0.0018264846853113779 0.00090452779103610936 -0.00046919982815289972 -0.0029392049508299768 -0.00077741586905807122 1.5348555342606929e-05 -0.0028252472698679166 0.00084072678071357211 -0.0014930136981259156 0.0012453230684643035 -0.0017312402125905812 0.002481558622754427 -0.0007298310287613052 -0.0010192474149550979 -0.01044540806369116 0.0034087480439582408 0.0082496967197269559 0.0014245626595925341 0.0026590038849043118 -0.0017035663522532473 0.00067124939814943829 0.00011864244658278622 0.00062113114120263544 -0.0012129727263954849 0.0032117846933862279 0.00024104008531883103 -0.0028523158367058077 -9.9228824519661523e-05 -0.0020690982078418242 -0.0064248796415529693 0.00033441334731094231 -0.0028064177110565945 0.0011611488953181936 -0.0042912448026974732 -0.00047871683768409219 -0.00077354067044006043 -0.0011912693498067738 0.0087377115206455254 0.0088264205926283524 0.0011817658231175442 -3.6143078006798391e-05 -0.0016075207544836445 -0.0028013968785508677 -0.0030134371208660579 0.0028705282971137123 -0.0003453490644882162 0.00026276440179062277 0.0010920582284643032 -0.0030490151131232234
leaf_weight=50 44 130 463 162 490 41 165 130 51 203 134 176 50 199 125 44 86 53 118 54 249 104 41 40 113 248 271 5683 2106 51 468 125 47 201 413 244 43 57 41 619 41 138 90 139 40 46 339 74 40 45 5108 63 107 51 46 59 101 150 40 133 46 145
leaf_count=50 44 130 463 162 490 41 165 130 51 203 134 176 50 199 125 44 86 53 118 54 249 104 41 40 113 248 271 5683 2106 51 468 125 47 201 413 244 43 57 41 619 41 138 90 139 40 46 339 74 40 45 5108 63 107 51 46 59 101 150 40 133 46 145
internal_value=0.000264239 0.0100176 -0.0110868 0.0120815 -0.00522029 -0.0130699 -0.00287752 0.00245086 0.00940685 0.0055506 -0.000376471 -0.00248507 -0.00907588 0.00431472 -0.00155127 -0.00872683 -0.00265909 0.0109793 -0.00267224 -0.00102497 0.00167702 0.00584726 0.00288462 0.00754579 0.00532805 -0.00025 -0.0100245 -0.0139552 0.0116282 0.00428571 0.0057711 0.00533203 0.00793774 0.00631993 -9.82533e-05 0.00291793 -0.00388235 0.0137756 0.00313356 -0.0115047 -0.0121358 -0.00307895 -0.00755859 -0.00262821 -0.00025 0.00257463 -0.0140462 -0.00193966 0.0138734 0.00944712 0.0140474 0.00735577 0.000304054 -0.01131 -0.0127703 -0.00569892 -0.00375 0.00748571 0.00576 0.00232759 -0.00153409 -0.00746193
internal_weight=21173 11388 9785 8947 2473 7312 1787 2441 3472 1007 1274 669 513 1772 1140 1240 219 2465 1015 760 482 1315 545 818 441 539 1021 6072 2210 104 615 255 770 571 457 328 84 5475 291 750 706 189 255 233 179 133 6022 115 5418 207 5211 103 147 686 665 278 219 524 374 173 87 196
internal_count=21173 11388 9785 8947 2473 7312 1787 2441 3472 1007 1274 669 513 1772 1140 1240 219 2465 1015 760 482 1315 545 818 441 539 1021 6072 2210 104 615 255 770 571 457 328 84 5475 291 750 706 189 255 233 179 133 6022 115 5418 207 5211 103 147 686 665 278 219 524 374 173 87 196
is_linear=0
shrinkage=0.03


Tree=13
num_leaves=63
num_cat=0
split_feature=9 9 10 1 10 9 10 6 1 1 20 0 9 7 17 20 7 6 25 8 9 19 26 2 7 9 8 2 26 14 19 9 20 17 17 14 0 16 1 15 7 13 18 17 19 20 17 10 1 7 0 26 5 15 10 18 17 6 9 14 1 17
split_gain=2569.25 183.861 124.142 64.9397 32.5413 31.9029 30.8871 26.087 24.0691 23.6736 22.5739 21.6576 16.3921 13.4057 12.302 12.063 10.9808 10.4298 10.412 9.1411 8.87022 8.78464 8.69473 8.34142 8.3058 8.29727 7.80087 7.55489 7.27047 7.26152 7.09276 6.87941 6.49604 6.46672 6.41443 6.34719 6.32218 5.98345 5.80072 7.60197 5.49373 5.38363 5.11252 5.03641 5.01033 5.00383 10.584 4.9102 4.55668 4.10064 4.06752 3.90662 3.84594 4.07052 3.80483 3.73613 8.48178 3.66915 3.66721 6.48046 3.4989 3.78971
threshold=2835.0800000000004 3329.7350000000001 2500.9450000000002 5.5000000000000009 3251.5450000000005 2399.6250000000005 2750.3050000000007 -0.097964660725097366 5.5000000000000009 3.5000000000000004 725.79999999999939 19.500000000000004 2999.3850000000007 -0.99866806308218525 999.6500000000002 -23548.049999999999 -0.99985146406598202 -0.097964660725097366 18.750000000000004 0.037621334799590643 2780.6500000000001 26480.200000000001 6.6950000000000012 10.500000000000002 0.78523795966413312 3549.3150000000005 -0.85336608150419258 9.5000000000000018 6.7400000000000011 2125.5590654165449 36869.80000000001 3000.4550000000004 -15233.249999999998 2449.7550000000006 99.965000000000018 993.25930400328843 13.500000000000002 4396.0600000000004 1.0000000180025095e-35 3073.6731770833335 -0.99467753128998015 8998.1850000000031 7744.7000000000016 1688.9750000000001 23957.950000000001 -12998.049999999997 1320.8200000000004 2390.8900000000003 1.0000000180025095e-35 -0.159513159777915 32.500000000000007 11.435 -0.065403129230142812 2368.5494791666674 2961.3000000000006 14142.1 1754.4350000000002 -0.32143946530316164 2990.6650000000004 2719.0754722058305 3.5000000000000004 1548.6650000000002
decision_type=2 2 2 2 2 2 2 2 2 2 2 2 2 2 2 2 2 2 2 2 2 2 2 2 2 2 2 2 2 2 2 2 2 2 2 2 2 2 2 2 2 2 2 2 2 2 2 2 2 2 2 2 2 2 2 2 2 2 2 2 2 2
left_child=2 3 5 6 9 30 21 -5 13 11 17 18 33 16 19 -13 -3 50 -4 -7 44 40 23 -17 31 37 -19 -28 -21 -29 35 -9 41 34 -8 -1 -33 -15 39 -37 -2 -16 -6 -22 -11 46 -14 -23 -36 -25 -10 57 -24 -54 60 56 -12 -47 -42 -60 61 -50
right_child=1 8 4 7 42 14 12 24 10 20 55 15 45 25 32 22 -18 26 -20 28 43 47 52 49 -26 -27 27 29 -30 -31 -32 36 -34 -35 48 38 -38 -39 -40 -41 58 -43 -44 -45 -46 51 -48 -49 54 -51 -52 -53 53 -55 -56 -57 -58 -59 59 -61 -62 -63
leaf_value=-0.00092590141781674791 -0.0011774800854340306 0.012358030102071033 -0.0028778139427131587 -0.0044937111461520636 -0.00034326969949209472 -0.0027711332903048278 -0.00036184654928786306 -0.00078983021516267017 0.00073620389600277387 -0.0013328937502371252 0.0052314343024348984 -0.0057595626915936376 0.0014024342650805542 0.00031534628663892227 -0.00031688504864688214 -0.0031541684605836018 -0.0044846853768456098 -0.0010438719495009607 9.2358165857615577e-05 -0.0048021189146909646 0.00063753488105622313 -0.0035273414604697706 0.00070620234482874798 -0.0003868705113802573 0.0029005176983926614 0.0084835172747917912 0.0032518051666884503 0.00093731490247805026 0.00077934969644558808 -0.0011605215769941867 -0.01386874206506656 0.0016716150392352702 -0.00089526407898923735 -0.00044247859128163645 0.0025569655270624735 -0.0039354182910337427 -3.1140303259040713e-05 0.0033458659549058466 -0.006017898683566161 0.00017854466459359396 8.2769146437970955e-05 -0.0027157238603722168 0.0034364681793965122 -0.00079157964110494023 -0.0035439298090657175 0.0017149318530643497 -0.00035189373342420894 -0.00051167023468801976 0.00012342492989541042 0.0014829600994275304 -0.0015250190314070621 0.00045728028503516427 -0.0035513990640587334 0.00019643645475301064 0.00033078792592906582 0.0076017572058645119 -0.00028739793920837362 0.0024302804049170846 0.001162767604869126 -0.0013986647392618811 0.00025865686851655133 0.0006450014197131892
leaf_weight=51 43 41 382 257 86 76 59 105 55 140 117 80 123 44 40 139 42 53 50 54 44 74 283 128 43 4808 279 57 96 50 3336 41 338 88 164 275 104 1193 2357 62 180 681 184 111 717 477 76 140 51 42 99 43 44 214 239 651 46 1037 148 40 93 150
leaf_count=51 43 41 382 257 86 76 59 105 55 140 117 80 123 44 40 139 42 53 50 54 44 74 283 128 43 4808 279 57 96 50 3336 41 338 88 164 275 104 1193 2357 62 180 681 184 111 717 477 76 140 51 42 99 43 44 214 239 651 46 1037 148 40 93 150
internal_value=0.000284227 0.0100813 -0.0107851 0.00467558 -0.00520605 -0.0127868 0.00630037 -0.00484574 0.0127886 -0.00632842 0.00923651 -0.00374175 0.00773933 0.0136025 -0.00847978 -0.00116004 0.00160714 0.00477273 -0.00928406 -0.00211454 -0.00980257 0.000311502 -0.000105758 -0.0041129 0.00127551 0.013767 0.007125 0.00860465 0.00218543 0.00180556 -0.0136953 -0.000836653 -0.00983491 0.00429586 0.00519155 -0.0125473 0.00339041 0.0115468 -0.0127458 -0.00900888 0.00287621 -0.0114474 0.00464945 -0.00317308 -0.0109965 0.00939101 0.004875 -0.00460465 0.0059957 0.000350877 -0.00193548 0.0099647 0.00218635 -0.00046332 0.00463483 0.0124785 0.00832317 0.0102178 0.00406504 0.00698413 0.00691525 0.00913366
internal_weight=21320 11310 10010 3775 2644 7366 3225 550 7535 2374 1407 1362 2600 6128 1285 930 83 593 432 226 1012 625 850 309 293 6045 439 386 150 107 6081 250 1059 844 756 2745 145 1237 2694 337 411 721 270 155 857 1756 199 214 697 170 154 1557 541 258 533 814 163 1514 368 188 294 201
internal_count=21320 11310 10010 3775 2644 7366 3225 550 7535 2374 1407 1362 2600 6128 1285 930 83 593 432 226 1012 625 850 309 293 6045 439 386 150 107 6081 250 1059 844 756 2745 145 1237 2694 337 411 721 270 155 857 1756 199 214 697 170 154 1557 541 258 533 814 163 1514 368 188 294 201
is_linear=0
shrinkage=0.03


Tree=14
num_leaves=63
num_cat=0
split_feature=9 9 10 3 9 11 5 9 9 17 3 14 20 20 12 17 20 11 11 3 26 7 26 12 3 12 11 7 20 15 14 20 25 10 7 13 17 15 17 17 15 23 10 19 26 19 6 19 16 16 11 22 6 17 19 23 11 15 17 21 7 21
split_gain=2481.32 200.87 123.87 36.4053 32.0505 31.735 27.6943 25.7145 16.4145 13.7511 12.68 12.6434 11.4057 10.5328 10.4789 10.1277 9.74902 8.86346 8.29298 8.27057 8.0558 7.67994 7.12448 8.72975 7.10624 9.68724 8.31871 7.1292 6.55078 6.0454 6.91505 6.00171 5.94186 7.02194 5.8813 5.53547 5.49499 6.4273 5.40699 9.65283 5.39459 5.30774 5.253 5.23251 5.5812 9.42069 5.10515 4.90137 5.47312 4.83681 4.78818 4.7649 4.69133 6.39818 4.68337 4.62629 7.91005 4.55646 6.11192 6.30861 4.57853 4.42765
threshold=2811.0850000000005 3244.1800000000007 2500.9450000000002 1.0000000180025095e-35 2313.8450000000007 3199.5350000000003 -0.60876142900872077 3699.1800000000007 3000.4550000000004 999.6500000000002 1.0000000180025095e-35 1907.9963504114091 -13825.4 -20030.999999999996 3583.9349032738096 915.37500000000011 -15377.299999999999 2830.5800000000004 2509.9800000000005 1.0000000180025095e-35 10.415000000000001 -0.93235440815991333 9.9500000000000011 4154.523802083334 1.0000000180025095e-35 6003.6879092261906 3399.2500000000005 -0.99763297024448894 -28131.349999999995 4289.4120833333336 2128.6322027530291 -17945.649999999998 18.695000000000004 2940.4850000000001 -0.53493989022977317 8998.1850000000031 2530.8550000000005 2968.5095833333339 1906.9400000000003 1295.9700000000003 4153.5219791666668 16.881250000000005 2750.3050000000007 26166.650000000005 9.1550000000000029 13475.200000000003 0.55557023301960229 19889.850000000002 6451.7750000000005 9999.6750000000011 2219.5400000000004 5840.0669791666678 0.44228869021900119 1999.2000000000003 25251.250000000004 23.181250000000002 3472.2150000000006 2394.752395833334 1235.4450000000004 2829.6200000000003 0.26347957579725428 2758.9133333333339
decision_type=2 2 2 2 2 2 2 2 2 2 2 2 2 2 2 2 2 2 2 2 2 2 2 2 2 2 2 2 2 2 2 2 2 2 2 2 2 2 2 2 2 2 2 2 2 2 2 2 2 2 2 2 2 2 2 2 2 2 2 2 2 2
left_child=2 5 4 6 28 8 13 10 11 15 22 38 32 -4 -10 21 35 40 -12 31 57 46 -3 55 27 26 29 -9 -1 30 -26 -13 33 52 54 -11 37 -33 39 -2 -16 -41 -39 44 47 -46 -6 -7 -49 -30 -21 -37 53 -8 -5 -24 -57 -14 -59 -60 -61 -20
right_child=1 7 3 34 9 43 12 24 14 16 18 19 20 -15 17 -17 -18 -19 61 50 -22 -23 23 -25 25 -27 -28 -29 49 -31 -32 36 -34 -35 -36 51 -38 42 -40 41 -42 -43 -44 -45 45 -47 -48 48 -50 -51 -52 -53 -54 -55 -56 56 -58 58 59 60 -62 -63
leaf_value=-0.014370481660109187 0.0016013835537884269 0.0035076274514321778 -0.0028021083207185526 -0.00026048295403512166 -0.0016725680300044487 0.0031970334077862715 -0.0026472587728833029 0.0018086726863651846 0.0010192787794479274 -0.00069889290095015433 -0.00039368531269767359 -0.0034001586603308051 -0.0034750655232697533 0.0010187494944502041 -0.0048679519324966855 0.002216001479952556 -0.0010803899744869572 0.0010110706280402049 0.0035970136739389247 -0.0068764757917885565 -0.0040054221630839489 -0.0030688849830869547 0.0033436630642357025 -0.0011706877068663245 0.0035382238190748969 -0.00081456047438112301 0.0073454794516150199 0.0090107599061110301 -0.0037213025979920197 0.0042382456652985834 -0.00046107596659297198 -0.00032932073413983077 -8.3480860656823811e-05 -0.0019590280923568581 -0.0040816162280743916 -0.0027391310859508256 -0.00086228021345755577 -3.2316336776903044e-05 0.00040552357349723953 0.0001180253357156591 -8.2635392482579556e-05 -0.0008492724053555989 0.00077250270511822086 7.2595996441351393e-05 -0.00062963506679038607 0.0020042210650716807 0.00083929353396309018 0.0032003354153021667 0.00067212606106772379 -0.006210516029478183 -0.00050426962508467012 -0.0014778234160379711 -0.0026773461158460551 0.00024250837172963278 -0.0051272263391620937 -0.0013684240315559571 0.004260801111648122 0.002608224342156937 -0.0012200332580699902 0.0011284958883704288 -0.00039355883767492548 0.00170845342453525
leaf_weight=3040 56 1527 109 96 58 373 199 56 538 55 91 54 45 378 54 56 357 288 87 86 68 123 146 47 97 45 1536 3449 647 216 72 115 148 191 521 887 55 151 141 56 200 89 212 92 54 330 46 119 177 2038 226 56 334 69 59 42 84 65 58 101 61 596
leaf_count=3040 56 1527 109 96 58 373 199 56 538 55 91 54 45 378 54 56 357 288 87 86 68 123 146 47 97 45 1536 3449 647 216 72 115 148 191 521 887 55 151 141 56 200 89 212 92 54 330 46 119 177 2038 226 56 334 69 59 42 84 65 58 101 61 596
internal_value=0.000366895 0.00979971 -0.0106837 -0.0049141 -0.0126433 0.00375541 -0.00270936 0.0123882 0.00173773 -0.00893228 0.00993514 -0.000615942 -0.00493657 0.00341189 0.00444033 -0.00290493 -0.0101881 0.00149171 0.00669677 -0.00248333 -0.000676692 -0.00572368 0.0112886 0.00717188 0.0135609 0.0120946 0.0124168 0.0143796 -0.0137033 0.00843264 0.00414706 -0.000382653 -0.00673567 -0.00776448 -0.0108567 -0.0117117 0.000589888 0.00162839 0.00428571 0.00111386 -0.00258824 -0.00297945 0.00358516 0.00784031 0.00843928 0.00553247 0.000285714 0.010097 0.00717172 -0.0126042 -0.00642173 -0.0122511 -0.00935323 -0.00635688 -0.00567308 0.00923077 0.00496063 0.00126888 0.00267483 0.000271493 0.00331288 0.00782895
internal_weight=21422 11557 9865 2502 7363 3466 1826 8091 2321 1638 2620 1241 1339 487 1080 283 1355 542 774 899 398 227 1846 319 5471 1966 1921 3505 5725 385 169 587 941 793 676 998 533 478 342 201 254 145 363 1145 1053 384 104 669 296 2685 312 943 602 268 155 272 126 330 285 220 162 683
internal_count=21422 11557 9865 2502 7363 3466 1826 8091 2321 1638 2620 1241 1339 487 1080 283 1355 542 774 899 398 227 1846 319 5471 1966 1921 3505 5725 385 169 587 941 793 676 998 533 478 342 201 254 145 363 1145 1053 384 104 669 296 2685 312 943 602 268 155 272 126 330 285 220 162 683
is_linear=0
shrinkage=0.03


Tree=15
num_leaves=63
num_cat=0
split_feature=20 20 20 20 1 11 17 0 8 0 11 25 8 18 12 20 1 1 15 8 6 8 22 8 21 16 6 1 0 6 1 0 14 7 7 17 1 17 23 24 20 20 0 17 0 18 1 14 22 7 21 18 22 17 7 6 8 11 7 12 15 12
split_gain=2356.23 210.086 119.31 33.4955 35.4619 33.333 30.6323 22.4331 20.919 20.2979 20.1508 17.3828 17.8833 16.281 12.6838 11.9504 12.1624 11.007 10.6344 16.5215 10.3761 10.7136 10.5859 10.1312 9.22089 10.743 9.21496 9.10188 9.05525 8.8073 8.69074 9.58447 8.04736 7.97809 7.88912 7.75386 7.68091 7.62918 7.34191 6.58803 6.30103 6.08836 9.23529 5.87914 5.66991 5.50315 6.29567 5.25784 5.06746 5.06189 7.91002 4.89674 4.80527 4.74723 4.72615 5.4402 5.08526 4.66385 4.40847 6.04595 4.32737 11.1473
threshold=-13161.199999999997 -6974.3999999999987 -20956.649999999994 -844.74999999999898 5.5000000000000009 2700.3050000000007 1100.0250000000003 28.500000000000004 0.48877522411129348 68.500000000000014 2439.1900000000005 18.695000000000004 0.99932962452255414 6751.7000000000016 2969.6633333333339 -27579.449999999997 1.0000000180025095e-35 5.5000000000000009 2546.3523437500003 0.21652257995689161 -0.63405362205439475 0.97461712852231652 6066.6546999007942 0.65720762023595369 2486.9250000000006 5000.6900000000014 -0.3520614488341256 1.0000000180025095e-35 29.500000000000004 -0.72947329433276253 5.5000000000000009 19.500000000000004 993.25930400328843 0.23014236637527921 -0.99940763397299126 999.88000000000011 5.5000000000000009 199.72500000000005 26.143750000000008 4.950000000000002 -14854.749999999998 1720.5999999999997 30.500000000000004 1666.1650000000002 71.500000000000014 17751.450000000001 3.5000000000000004 1206.2566574427631 5621.5131026785721 -0.9905448150984083 5248.2016666666677 10636.800000000001 5840.0669791666678 1802.8950000000002 -0.12546116083924153 -0.88144907265856332 0.83258597624099873 2700.3050000000007 0.81428061195174062 3875.8733928571432 2202.5082291666672 3098.773623511905
decision_type=2 2 2 2 2 2 2 2 2 2 2 2 2 2 2 2 2 2 2 2 2 2 2 2 2 2 2 2 2 2 2 2 2 2 2 2 2 2 2 2 2 2 2 2 2 2 2 2 2 2 2 2 2 2 2 2 2 2 2 2 2 2
left_child=2 5 15 4 26 14 8 39 9 18 47 12 24 38 35 -1 28 54 -4 27 21 -15 30 -10 -12 -26 33 -20 -17 -13 49 -32 -18 -3 -5 -2 -36 -29 -7 -6 -27 42 -38 57 -9 46 -35 -8 -30 50 -22 -37 -43 -44 55 -16 -56 -31 60 -60 61 -51
right_child=1 3 6 34 7 13 10 44 23 -11 11 29 -14 20 17 16 32 -19 19 -21 22 -23 -24 -25 25 40 -28 37 48 43 31 -33 -34 45 36 51 41 -39 -40 -41 -42 52 53 -45 -46 -47 -48 -49 -50 58 -52 -53 -54 -55 56 -57 -58 -59 59 -61 -62 -63
leaf_value=-0.013904090797342032 0.001615259900801642 0.0021299744316812231 -0.0037258168100630894 3.5215881134744718e-05 0.002852427479336441 -0.0038454581634000018 -0.00040346135208952028 -0.0026427040186553885 0.001694117855218411 0.0011593520950365387 -0.0024113689948084228 -0.0016220054750366853 0.00026220471446459115 -0.0010916783859034318 0.0018428178071634794 -0.0034915097996951602 -0.00056116064232072385 -0.0050710377046298263 0.0012785145598458714 0.00070615886556466554 -0.00084904235930557622 0.0016418311381676885 -0.00054843379416599444 -0.0023861175286212519 0.00084408495561916653 -0.0031000261551009964 0.003663086647500151 0.00010409162643858494 -0.0018173356452656541 -0.00024525907612722443 0.0017736966337909309 -0.00054229255979562293 -0.0060321937959295722 0.0010271484594110447 0.0087561000766387311 -0.001012053662787009 0.004055286387674481 -0.0043135167895696292 9.5149688111462182e-06 -0.00049573296291853801 -0.00036333281210073839 0.0070498998130315016 0.0017616539957694321 0.00024114109340928281 0.00015467352905657706 0.001865378503759656 -0.0010381195338353688 -0.0035118899469299956 0.00047061655364332821 0.0066430949120755128 0.0022661008845403252 0.00086958548447076285 0.0029036887072124529 -0.00052615050827657054 -0.00027992649718088457 -0.00012241107226108384 -0.0015020634101216145 0.0002063702760948427 0.0037451012086724498 -0.00045647884418085647 0.0014094216066529474 -0.0036117268306684468
leaf_weight=3265 80 303 244 49 223 56 62 149 166 108 488 88 75 147 41 97 51 190 60 86 56 92 45 53 63 504 2577 55 232 45 50 128 2093 81 3776 43 101 262 75 45 180 699 83 188 129 114 49 1237 69 56 47 79 41 47 181 183 74 73 73 98 1210 45
leaf_count=3265 80 303 244 49 223 56 62 149 166 108 488 88 75 147 41 97 51 190 60 86 56 92 45 53 63 504 2577 55 232 45 50 128 2093 81 3776 43 101 262 75 45 180 699 83 188 129 114 49 1237 69 56 47 79 41 47 181 183 74 73 73 98 1210 45
internal_value=0.000211376 0.00942385 -0.0105648 0.0118554 0.00969218 0.00267049 -0.00660104 0.00263254 -0.00214493 -0.00435662 -0.00813415 -0.0059824 -0.00764302 0.00465351 -0.00228784 -0.0133187 -0.0117617 -0.00427612 -0.00620763 -0.00352371 0.00531006 -0.0005625 0.00608624 0.00606818 -0.00850728 -0.00639706 0.0109248 -0.00623016 -0.00691729 -0.000455696 0.00645408 0.000167598 -0.0126573 0.00736314 0.0135084 0.00428571 0.0136321 -0.00825472 -0.00556818 0.00881041 -0.00748905 0.0112191 0.0069181 0.0019544 -0.00333333 0.00330612 -0.000916031 -0.01095 -0.00432119 0.00715952 0.000721154 -0.000487805 0.0125506 0.00160305 -0.00184375 0.00133333 -0.00462891 -0.00327731 0.0076062 0.00305233 0.00819741 0.00220588
internal_weight=21359 11515 9844 8466 3670 3049 4037 546 1034 815 3003 1704 1310 2178 871 5807 2542 669 707 463 2047 239 1808 219 1235 747 3124 377 398 394 1763 178 2144 547 4796 202 4747 317 131 268 684 971 231 306 278 244 130 1299 301 1585 103 122 740 130 479 224 255 118 1482 171 1311 101
internal_count=21359 11515 9844 8466 3670 3049 4037 546 1034 815 3003 1704 1310 2178 871 5807 2542 669 707 463 2047 239 1808 219 1235 747 3124 377 398 394 1763 178 2144 547 4796 202 4747 317 131 268 684 971 231 306 278 244 130 1299 301 1585 103 122 740 130 479 224 255 118 1482 171 1311 101
is_linear=0
shrinkage=0.03


Tree=16
num_leaves=63
num_cat=0
split_feature=9 9 20 1 1 9 1 9 5 6 9 6 20 17 6 5 10 15 17 10 1 7 1 7 20 2 17 20 15 7 15 22 9 17 20 16 25 14 1 5 11 25 15 1 25 10 9 17 5 14 14 15 18 16 20 14 19 17 6 5 17 1
split_gain=2349.72 217.582 102.01 46.6176 43.5797 32.4105 32.0675 27.8618 27.8571 24.7537 20.8121 20.0496 12.8376 12.409 11.7617 11.5877 11.1274 10.5624 10.1689 9.91416 9.43404 9.85306 9.05845 8.95863 8.16841 8.22099 8.02385 7.0395 6.60106 6.52117 6.15722 6.11265 5.86072 6.83058 5.6951 5.58251 5.55375 5.33333 5.26829 6.0208 5.25348 6.38416 6.23163 6.09713 8.42598 5.90329 5.10774 4.53018 4.37268 4.28057 10.0878 4.26532 4.17895 4.16537 4.14157 4.09823 3.94612 3.83622 3.93856 3.81676 3.78543 7.0695
threshold=2780.6500000000001 3244.1800000000007 -21315.799999999999 5.5000000000000009 1.0000000180025095e-35 3699.1800000000007 5.5000000000000009 3000.4550000000004 -1.0000000180025095e-35 -0.19509032201612839 2530.8550000000005 0.06540312923014284 -18454.999999999996 200.01000000000002 1.0000000180025095e-35 -0.22695468355932472 1999.9550000000002 3350.4788020833334 1417.7450000000001 2829.9600000000005 5.5000000000000009 -0.99866806308218525 4.5000000000000009 0.78523795966413312 3426.8499999999999 9.5000000000000018 2449.7550000000006 -15700.549999999999 2412.4126562500001 -0.9905448150984083 4547.3495312500008 4998.3548239087313 3000.0200000000009 1724.6300000000003 -14979.599999999999 4396.0600000000004 16.235000000000003 2308.3117755501576 4.5000000000000009 -0.55557023301960229 3311.2500000000005 20.580000000000002 2202.5082291666672 3.5000000000000004 16.775000000000002 2510.9050000000002 2213.2600000000007 499.42500000000001 -0.95642797789208689 2726.7431848224951 2019.504183827423 2618.3751041666669 12749.550000000001 8199.3100000000031 -18105.049999999996 2805.1264244868257 24250.500000000004 99.415000000000006 -0.19509032201612839 -0.8814490726585632 249.05500000000004 4.5000000000000009
decision_type=2 2 2 2 2 2 2 2 2 2 2 2 2 2 2 2 2 2 2 2 2 2 2 2 2 2 2 2 2 2 2 2 2 2 2 2 2 2 2 2 2 2 2 2 2 2 2 2 2 2 2 2 2 2 2 2 2 2 2 2 2 2
left_child=2 3 16 7 8 6 35 12 28 -5 13 27 -2 15 -8 -6 46 -12 30 31 21 -7 34 32 25 48 29 -10 -4 -14 59 56 -11 -34 -19 -3 47 -28 39 -15 41 42 -31 45 -45 -44 -1 -37 -22 50 -16 -17 -27 -48 -30 -42 -9 -38 -59 -18 61 -23
right_child=1 5 4 9 10 20 14 19 11 23 17 -13 26 38 49 51 18 22 -20 -21 24 60 -24 -25 -26 52 37 -29 54 40 -32 -33 33 -35 -36 36 57 -39 -40 -41 55 -43 43 44 -46 -47 53 -49 -50 -51 -52 -53 -54 -55 -56 -57 -58 58 -60 -61 -62 -63
leaf_value=-0.012660461458736706 -0.0038071011896191375 0.0040603291603199662 -0.0010495301392080502 -0.005514014939049669 0.0026843508488936683 3.4159404700702111e-05 -0.00118684111447787 0.0013164382442461076 -0.0018118996906106321 -0.0011287127368723438 -0.0004820724697111922 -0.0033767193274403338 -0.00067668696060695142 -0.0022737213071006312 0.0046306987798595319 -0.0020538971373844014 -0.0021874926540047831 -0.0012524537702630933 -0.0050931145026318876 0.0015210953023261098 0.0014384641413441733 0.010859226855018153 -0.0025634595589151131 0.0018137199148304493 0.0072652388324345018 -0.00059682435765063603 7.9316844779837579e-05 0.0014325277997924602 0.00023339600996064469 -0.0030872820355653282 0.00033198580840289261 -0.00059183473152889297 0.00099274641852213456 -0.00031077117320304825 -0.00031832824096694523 0.0038949661814945014 0.0020746276994799383 -0.0016435193230092348 -0.005048171546162745 -0.0028551917545081374 0.0020836620286857821 -0.00045326749770151941 -7.7539419536929439e-05 0.0012773627165394963 -9.7879075366469334e-05 0.00060429684091724669 -0.00011033016629615754 0.0016874560225024736 0.0038510241332370041 0.0033070972422471366 -0.00038641801522120822 -6.3432670578977829e-05 0.0016123642195914555 -0.0055659146774850532 0.0029955149980356133 -0.0002337720177933944 0.00013537294965500378 0.0023989447885830904 0.0033516825220868984 -0.0033551907250955804 0.0084487060677122718 0.002901087105649367
leaf_weight=3704 93 75 78 235 42 55 174 96 77 140 366 199 70 272 60 54 79 279 1027 1187 53 127 347 58 585 41 96 97 82 45 49 97 85 46 293 64 52 76 643 975 282 45 111 40 280 498 42 211 339 72 85 49 68 108 167 44 81 571 1272 643 4037 63
leaf_count=3704 93 75 78 235 42 55 174 96 77 140 366 199 70 272 60 54 79 279 1027 1187 53 127 347 58 585 41 96 97 82 45 49 97 85 46 293 64 52 76 643 975 282 45 111 40 280 498 42 211 339 72 85 49 68 108 167 44 81 571 1272 643 4037 63
internal_value=0.000183098 0.00922161 -0.0107588 0.00320966 -0.00710271 0.0120037 0.0092719 0.00463558 -0.000299572 -0.00472566 -0.00853659 -0.00589572 0.00199881 -0.0104249 0.00133929 -0.00195205 -0.0133575 -0.00554044 -0.0113897 0.00766416 0.0133433 0.0139809 -0.00725543 0.000590909 0.0108188 0.00797809 0.00263539 0.00154286 0.00608232 0.00337924 -0.00876295 0.00250909 -0.00170956 0.00284091 -0.00492147 0.0106523 0.0109304 -0.00346821 -0.0110735 -0.00991587 0.00384473 0.00277941 0.00329231 0.00382258 0.00046729 0.00558197 -0.0142724 0.00690217 0.01 0.00598624 0.00297945 -0.00735577 0.000681818 -0.00874172 0.00846 0.00715596 0.00581461 0.0115111 0.0117381 -0.00946058 0.014145 0.00989529
internal_weight=21381 11709 9672 3705 4020 8004 2636 3141 700 564 3320 373 1680 2035 391 145 5652 1285 1798 1461 5368 4282 919 329 1086 501 1587 174 327 1415 771 274 271 131 572 2245 2170 172 1890 1247 1345 1019 974 929 320 609 3854 275 392 217 145 103 109 150 249 326 177 1895 1843 722 4227 190
internal_count=21381 11709 9672 3705 4020 8004 2636 3141 700 564 3320 373 1680 2035 391 145 5652 1285 1798 1461 5368 4282 919 329 1086 501 1587 174 327 1415 771 274 271 131 572 2245 2170 172 1890 1247 1345 1019 974 929 320 609 3854 275 392 217 145 103 109 150 249 326 177 1895 1843 722 4227 190
is_linear=0
shrinkage=0.03


Tree=17
num_leaves=63
num_cat=0
split_feature=9 9 10 3 0 9 9 3 10 10 27 11 0 17 17 7 12 12 10 20 10 10 3 7 25 25 0 17 11 18 0 19 11 16 0 21 12 16 23 22 0 27 16 27 16 22 20 7 9 20 17 22 12 10 10 17 18 0 12 25 22 27
split_gain=2290.37 196.242 118.639 34.3221 32.6388 31.8652 30.5491 30.4274 19.9103 17.6513 16.443 16.2649 14.9643 14.0231 12.5069 11.5742 11.4526 9.67627 9.06384 9.77981 8.88678 8.47176 10.0934 8.23453 8.37035 8.22588 8.16896 11.0517 7.90928 7.53408 11.6038 7.2412 6.66827 6.49235 12.637 6.36151 6.3556 6.13089 5.83001 5.6575 5.36989 5.1126 5.11086 5.09439 5.04849 4.73143 4.86008 4.70637 5.63042 4.59714 6.02292 4.58313 4.78613 4.90871 4.41932 4.35655 4.31455 4.31176 4.13099 3.94151 4.4188 5.65492
threshold=2811.0850000000005 3200.7650000000008 2380.2200000000007 1.0000000180025095e-35 19.500000000000004 3800.1850000000004 2213.2600000000007 1.0000000180025095e-35 3280.4000000000001 3010.2100000000005 0.58000000000000018 2499.5850000000005 29.500000000000004 1016.2300000000001 2558.0250000000001 0.64166506163122816 4511.3924851190486 3473.4918601190479 2640.5150000000008 -20593.699999999993 2410.4300000000003 2640.5150000000008 1.0000000180025095e-35 -0.99940763397299126 20.600000000000005 19.155000000000005 32.500000000000007 999.88000000000011 3290.4450000000002 8907.9000000000015 79.500000000000014 23957.950000000001 2461.4300000000007 4396.0600000000004 25.500000000000004 5069.3433333333342 4511.3924851190486 4962.5200000000013 25.981250000000006 4955.4618055555557 15.500000000000002 -1.0000000180025095e-35 9999.6750000000011 -0.47000000000000058 5500.0250000000005 5840.0669791666678 -16024.999999999998 0.78523795966413312 3000.0200000000009 -13518.349999999999 1004.0650000000002 3630.8405009920639 3919.9192782738096 3000.3950000000004 2000.7950000000003 1699.3600000000004 12447.900000000001 15.500000000000002 3110.778325892858 14.865000000000002 3687.7778583829368 0.094999999999998877
decision_type=2 2 2 2 2 2 2 2 2 2 2 2 2 2 2 2 2 2 2 2 2 2 2 2 2 2 2 2 2 2 2 2 2 2 2 2 2 2 2 2 2 2 2 2 2 2 2 2 2 2 2 2 2 2 2 2 2 2 2 2 2 2
left_child=2 7 6 4 15 11 54 9 18 14 28 17 47 -12 20 38 40 -3 25 -20 39 35 33 -7 29 -6 27 -24 45 30 -25 57 -14 34 -23 -13 41 58 42 -2 44 43 -4 -21 -11 46 -8 48 -9 50 -39 52 53 56 -1 -52 -43 -5 -22 -44 61 -61
right_child=1 5 3 31 8 23 10 12 -10 16 13 21 32 -15 -16 -17 -18 -19 19 36 37 22 26 24 -26 -27 -28 -29 -30 -31 -32 -33 -34 -35 -36 -37 -38 49 -40 -41 -42 51 59 -45 -46 -47 -48 -49 -50 -51 55 -53 -54 -55 -56 -57 -58 -59 -60 60 -62 -63
leaf_value=-0.012218606332320804 0.0003070787607480163 0.001761056787809334 -0.0032524049627100735 8.1273969853654641e-05 -0.0021800682108047641 3.1754178986691524e-05 -0.0028108223875057447 -7.9468407512841565e-05 0.003746744571230325 -0.00013833213568620551 0.0015234828395836873 0.0021274253630566031 -0.0035929808566662388 -0.004903035966398326 -0.0011991443681671488 0.00022200068100739932 -0.0006400889087689965 -0.0010440161252452107 -0.0028569342241395201 -0.00037892530473813578 0.00026083780534307265 -0.001612095695947735 5.0557337415639832e-05 -0.0014694112673327275 0.0023622469979124893 0.00057134109717515535 0.00097616231743610446 0.0028151509635974924 0.00018348786328443721 0.008067353497297737 0.0083542456451287175 -0.0039710908256716327 -0.00014064554693173469 0.0032600048064792019 0.0075640732490449558 -0.0012981072517953551 -0.0027996822608969828 0.0016759597097094046 7.7810696467954789e-05 -0.0028886816432333929 0.0021967155078997003 -0.00052331831256877234 -1.8592543361561908e-05 0.0012686599822943423 0.0013846526355711796 -0.0010787391745164365 -0.0013428694462319156 0.0030050633164124948 0.00052305386665922875 0.00076743411455815647 -0.00092389048108048482 -0.0016116102519115128 -0.0016923057811542375 0.0024676292157162381 -0.0048759291328601328 0.00012593563731279288 0.00063178740238956088 -0.0020019402705550161 -0.002898368697761482 0.0002165067620052019 -0.0023642959023372255 -0.0014478888910879428
leaf_weight=3895 123 101 286 43 576 54 929 143 163 61 80 90 245 44 61 44 69 102 144 70 40 40 79 41 67 89 370 346 56 4775 54 764 351 1985 41 40 89 67 43 70 705 108 46 142 116 58 300 44 141 767 82 99 43 47 1042 129 80 120 45 60 187 172
leaf_count=3895 123 101 286 43 576 54 929 143 163 61 80 90 245 44 61 44 69 102 144 70 40 40 79 41 67 89 370 346 56 4775 54 764 351 1985 41 40 89 67 43 70 705 108 46 142 116 58 300 44 141 767 82 99 43 47 1042 129 80 120 45 60 187 172
internal_value=0.000222207 0.00934207 -0.0104068 -0.00588847 -0.00404982 0.0118208 -0.012815 0.00311503 -0.00159903 0.00493793 -0.00900204 0.00947418 -0.00149189 0.00144 0.00277256 -0.0088677 0.00808298 0.00125 -0.00269153 -0.000583232 0.00338746 0.0100318 0.0103721 0.0133203 0.0134478 -0.00529279 0.00748116 0.0103169 -0.00996652 0.0135927 0.00515625 -0.0108136 -0.00432161 0.0114804 0.00310976 0.00251908 0.000927835 0.00440318 -0.00969811 -0.00255155 0.0090034 0.00205932 -0.0103125 0.00577465 0.00429775 -0.0104464 -0.0108415 0.00364742 0.00221053 0.00503346 0.00172043 -3.96825e-05 0.00193548 0.00362288 -0.0139459 -0.000778302 0.00142857 -0.00503049 -0.00331395 -0.00833691 -0.00925 -0.00643777
internal_weight=21263 11444 9819 3415 2488 8185 6404 3259 1650 2335 1467 3194 924 124 1384 838 951 203 1487 822 1323 2991 2861 4991 4937 665 795 425 1343 4870 95 927 596 2066 81 130 678 1130 794 193 882 589 751 212 177 1287 1229 328 284 1045 278 377 278 235 4937 211 188 163 85 465 419 232
internal_count=21263 11444 9819 3415 2488 8185 6404 3259 1650 2335 1467 3194 924 124 1384 838 951 203 1487 822 1323 2991 2861 4991 4937 665 795 425 1343 4870 95 927 596 2066 81 130 678 1130 794 193 882 589 751 212 177 1287 1229 328 284 1045 278 377 278 235 4937 211 188 163 85 465 419 232
is_linear=0
shrinkage=0.03


Tree=18
num_leaves=63
num_cat=0
split_feature=20 20 10 20 1 10 10 1 11 1 12 1 19 18 1 20 26 12 13 1 25 5 26 13 10 11 10 26 23 22 7 17 21 26 1 18 17 10 17 4 15 17 11 18 22 17 15 10 18 12 11 1 12 20 26 7 12 20 22 26 27 27
split_gain=2152.58 193.159 141.142 33.178 36.2302 32.2063 29.3716 35.0946 21.5705 14.3237 13.7892 12.0051 9.84551 9.73268 9.66942 9.69111 10.5132 9.46529 9.33979 15.9337 8.63732 8.61391 12.1096 8.58776 8.54889 8.23626 8.16917 9.85534 12.1488 7.70188 7.55206 7.37954 7.07932 7.22714 6.94968 7.26153 6.84787 6.81944 10.6 6.76507 6.57667 12.0518 11.3767 11.3516 6.45764 6.00714 7.57762 5.92434 5.82291 5.77345 7.16129 5.76597 7.87716 5.47473 5.40341 5.05506 5.00839 5.5225 4.85699 4.73484 5.77459 4.67722
threshold=-13161.199999999997 -6974.3999999999987 2420.1300000000006 -1255.7500000000007 5.5000000000000009 2769.7650000000008 2730.9600000000005 5.5000000000000009 2389.8750000000005 3.5000000000000004 4482.8633110119054 5.5000000000000009 30073.850000000002 6174.8000000000002 5.5000000000000009 3589.2500000000009 6.120000000000001 2831.0556101190482 9600.2350000000024 4.5000000000000009 18.750000000000004 -0.47114434510950048 7.8250000000000011 8998.1850000000031 1999.9550000000002 2500.1550000000002 3434.3100000000004 9.4200000000000017 21.756250000000005 6066.6546999007942 -0.99866806308218525 425.72500000000008 3571.6583333333342 9.1450000000000014 2.5000000000000004 13182.950000000003 983.91500000000008 3151.1650000000004 2572.6950000000002 1.0000000180025095e-35 2368.5494791666674 1100.0250000000003 3450.1700000000005 7459.9500000000016 3744.0376810515877 1001.8700000000001 3007.1436458333337 3200.0750000000003 13237.850000000002 3053.4782886904763 2905.1100000000001 5.5000000000000009 3492.6031696428577 -14854.749999999998 11.265000000000002 -0.47558551945199218 6458.8813616071438 6715.2500000000009 5638.0076029265883 10.255000000000001 0.059999999999999616 0.70500000000000018
decision_type=2 2 2 2 2 2 2 2 2 2 2 2 2 2 2 2 2 2 2 2 2 2 2 2 2 2 2 2 2 2 2 2 2 2 2 2 2 2 2 2 2 2 2 2 2 2 2 2 2 2 2 2 2 2 2 2 2 2 2 2 2 2
left_child=2 6 8 4 26 9 17 10 24 20 13 12 40 -8 30 16 -16 -2 19 -10 45 -6 -23 -11 -1 -9 27 55 -29 37 -5 -30 33 -13 35 -22 -33 38 54 61 42 43 44 -42 -7 46 -4 -24 58 -47 53 52 -19 -51 59 -3 -32 -58 -20 60 -15 -39
right_child=1 3 5 14 21 11 7 25 18 23 -12 32 -14 29 15 -17 -18 51 48 -21 34 22 47 -25 -26 -27 -28 28 31 -31 56 36 -34 -35 -36 -37 -38 39 -40 -41 41 -43 -44 -45 -46 49 -48 -49 -50 50 -52 -53 -54 -55 -56 -57 57 -59 -60 -61 -62 -63
leaf_value=-0.011770508988298439 0.00067263578085583473 0.0025984285875539468 -0.0016273410732730253 0.0017513786218296089 -0.00093867850975719585 0.00017109607087035351 -0.001782311267360157 -0.0052271723304905477 -0.0033050735508874094 0.00043731371176317866 -0.0010326454780727977 -0.0022690566770678889 -0.00082207795250550659 0.00082880147702173884 -0.00073952194107802956 0.0070966848601499415 0.0029602869767619742 -0.00143445663588885 -0.003692628977471326 0.0031172221391502575 -0.0032539230980435986 -0.00085485697793959755 -0.00016394473438778866 -0.0029563131866170611 -0.0039731419217470167 -4.3788635945443131e-05 0.0040528329075570912 0.0029412611244549946 0.003913875772923436 -0.00041210858272560546 0.0079799835013188592 -0.0045358503329854648 -0.0086775394658952718 0.00029158543091466703 0.0011203147193146856 0.00021403939531646542 0.00043346242501996813 0.0032426290132958791 -0.00075009533977119511 -0.00019028526158041623 -0.00066836335917271669 -5.4493809778941583e-05 0.0029580783246922057 0.0016744674867535635 -0.0035634461139970506 -0.0031246494926724733 0.0011536580890861847 0.0031686054570343458 -0.0011529870918283614 -0.0022553960370819402 0.00015340466472750334 -0.0059160361713278403 -2.875856653558273e-05 -6.8499817459972688e-05 -7.9256819738726661e-05 0.0018646771476807621 0.00013846394741155342 0.015393464131845853 -0.0009983436014563106 0.0014676256406897003 0.00049377806669407935 0.00047727929146409661
leaf_weight=3773 99 443 164 52 177 50 67 137 78 40 131 62 326 326 78 583 348 240 948 45 57 124 42 759 1421 191 1424 152 44 44 3829 46 99 47 54 55 199 609 46 62 64 437 52 196 102 131 64 185 254 338 73 58 369 75 80 598 50 49 94 118 404 59
leaf_count=3773 99 443 164 52 177 50 67 137 78 40 131 62 326 326 78 583 348 240 948 45 57 124 42 759 1421 191 1424 152 44 44 3829 46 99 47 54 55 199 609 46 62 64 437 52 196 102 131 64 185 254 338 73 58 369 75 80 598 50 49 94 118 404 59
internal_value=0.000258184 0.00909761 -0.0100203 0.011437 0.00916157 -0.00489372 0.00261427 0.00432527 -0.0125348 -0.00755384 0.00585516 -0.00153552 -0.000403094 0.00653359 0.013001 0.0103515 0.00688525 -0.00246415 -0.00924296 -0.00133065 -0.00517292 0.00192817 0.00464489 -0.0105562 -0.0134321 -0.00474164 0.0104747 0.00890088 0.00512443 0.00696398 0.0136699 0.0015 -0.00818182 -0.00286364 0.00107784 -0.00318584 -0.00054878 0.00728446 0.00563077 0.00948016 0.00121397 0.00260029 -0.0035122 0.00770115 -0.00764706 -0.00640071 -0.00222707 0.00875 -0.00999229 -0.00793689 -0.00640657 -0.00375 -0.00287705 -0.00793478 0.00632939 0.0104942 0.0138203 0.00705 -0.0109875 0.0070318 0.00611491 0.0103587
internal_weight=21321 11463 9858 8423 3434 3245 3040 2274 6613 1810 1946 1435 1227 1815 4989 1009 426 766 1419 123 1011 528 351 799 5194 328 2906 1482 441 1748 3980 289 208 109 166 112 245 1704 974 730 901 697 204 260 152 845 228 227 1296 617 486 667 609 413 928 1041 3928 99 1042 848 730 668
internal_count=21321 11463 9858 8423 3434 3245 3040 2274 6613 1810 1946 1435 1227 1815 4989 1009 426 766 1419 123 1011 528 351 799 5194 328 2906 1482 441 1748 3980 289 208 109 166 112 245 1704 974 730 901 697 204 260 152 845 228 227 1296 617 486 667 609 413 928 1041 3928 99 1042 848 730 668
is_linear=0
shrinkage=0.03


Tree=19
num_leaves=63
num_cat=0
split_feature=9 9 20 1 1 0 1 20 0 9 9 9 0 20 15 1 10 0 27 22 1 15 15 1 26 26 5 10 15 0 14 22 14 10 11 14 10 21 14 14 27 26 20 26 20 23 2 15 25 23 26 20 0 10 26 16 9 9 22 11 2 25
split_gain=2172.94 185.053 113.839 39.6319 36.4669 44.877 32.7983 33.402 25.9075 23.5673 21.2808 19.1444 17.981 16.3201 13.2647 12.4424 11.3681 9.90785 9.65761 9.99854 9.27914 9.26691 8.47861 8.4149 8.19247 7.75603 7.62634 7.56039 7.17147 6.90752 6.60021 6.50117 6.19417 6.11647 6.02781 5.90288 8.64772 6.51901 12.1762 5.89852 7.95195 5.67701 5.56444 5.46474 7.50939 5.41918 5.15109 6.06946 5.13815 5.03624 5.0264 5.26537 6.53278 4.90466 4.99031 4.78943 4.99323 4.76419 4.75569 4.60768 4.4175 4.34514
threshold=2800.48 3244.1800000000007 -21141.699999999993 5.5000000000000009 1.0000000180025095e-35 23.500000000000004 5.5000000000000009 725.79999999999939 28.500000000000004 2530.8550000000005 2999.3850000000007 3930.8900000000008 27.500000000000004 -27819.399999999991 3432.0963020833337 1.0000000180025095e-35 2700.0650000000005 29.500000000000004 0.58000000000000018 3227.3427430555562 3.5000000000000004 2412.4126562500001 2008.5867708333335 4.5000000000000009 7.4750000000000005 9.7650000000000023 -0.52778511650980109 2420.1300000000006 3183.39015625 66.500000000000014 2189.3924354751302 5098.6420176091278 1361.2180628571675 1953.6300000000003 3532.6900000000001 2189.3924354751302 3554.5250000000005 2403.3100000000004 2759.5994295377473 2732.6387252257637 0.0099999999999989004 8.2900000000000009 -5224.8499999999985 5.4450000000000012 -10980.799999999997 14.356250000000003 1.5000000000000002 2368.5494791666674 17.860000000000003 8.7625000000000028 6.8750000000000009 7179.6999999999998 33.500000000000007 3464.5950000000007 11.265000000000002 9954.595000000003 1901.3550000000002 2335.9900000000002 5664.0203670634928 3300.1350000000007 1.5000000000000002 16.695000000000004
decision_type=2 2 2 2 2 2 2 2 2 2 2 2 2 2 2 2 2 2 2 2 2 2 2 2 2 2 2 2 2 2 2 2 2 2 2 2 2 2 2 2 2 2 2 2 2 2 2 2 2 2 2 2 2 2 2 2 2 2 2 2 2 2
left_child=2 3 13 10 5 -4 11 12 39 23 27 25 24 -1 34 17 31 -15 -17 -20 43 22 -7 26 -8 42 33 -2 -21 46 -10 -12 -14 -6 -11 -27 37 -37 -39 40 -5 -42 -3 -16 -45 48 -29 -48 49 -28 51 52 -9 54 60 56 -19 -23 -47 -35 -18 -26
right_child=1 6 4 8 9 21 7 50 30 14 16 -13 32 15 20 18 53 55 19 28 -22 57 -24 -25 61 35 45 29 -30 -31 -32 -33 -34 59 -36 36 -38 38 -40 -41 41 -43 -44 44 -46 58 47 -49 -50 -51 -52 -53 -54 -55 -56 -57 -58 -59 -60 -61 -62 -63
leaf_value=-0.01241915229408895 -0.00071882304065778774 0.0025142694863514504 -0.0031884948156800782 -0.0031659290161821208 -0.0040011826729400204 0.0021321386234585569 6.4111193283906685e-05 0.0038344600251970459 -0.0017517648763584769 -0.00042728412701370288 0.00074402649758926738 0.008399119953615735 0.0041657131284826929 -0.0030635349582979953 0.00032829608435000154 -0.005223407186586506 0.0003417374405390827 -0.0024134144594428796 -0.0071204754755987221 0.0015626890270647919 -0.0020367271201220749 0.00038029117275962144 -0.003579545287856587 -0.0045711609698722011 0.00021927100478351668 0.0030816140590873252 -0.0019210485147953093 -0.00048882298304812281 -0.0023648352272580284 0.0012718368303722637 -0.0056424624669493802 -0.0016531749265386252 -0.00049682498067380007 -0.0010072209256296726 0.0014656936642002982 0.0023950645499904687 0.0034754425091577269 -0.0024147325014321906 0.0014690505139467369 0.0026682663860131406 -0.00014186438730618976 0.00062741106782716828 0.0032144038406470088 -0.00091896806024936771 0.00049501757103647119 -0.0030232480599442458 -0.0014044249851913237 0.00029756034672783204 -0.0019944362795887428 5.8845595976766415e-05 0.0064642969767042752 0.0081896860912512894 -6.430256104506427e-05 0.0038656461099567173 2.4651931046437702e-05 0.0011211778867035969 0.00010990773105298501 0.0020263569426511195 -0.00060656379048642964 0.0026086092882837519 0.0010995108671388377 0.0039409200824458241
leaf_weight=3210 150 722 209 43 75 42 83 51 159 388 133 3476 45 88 58 1911 106 152 69 74 515 169 66 633 40 223 40 152 42 284 170 85 350 184 65 47 160 67 44 53 48 75 1819 315 60 735 70 742 76 104 591 84 99 252 88 51 89 205 65 51 922 152
leaf_count=3210 150 722 209 43 75 42 83 51 159 388 133 3476 45 88 58 1911 106 152 69 74 515 169 66 633 40 223 40 152 42 284 170 85 350 184 65 47 160 67 44 53 48 75 1819 315 60 735 70 742 76 104 591 84 99 252 88 51 89 205 65 51 922 152
internal_value=0.00025742 0.00903806 -0.0101853 0.00331163 -0.00634246 -6.50289e-05 0.0115489 0.00753008 -0.00409836 -0.0076315 0.00467337 0.0124638 0.00254844 -0.0129242 -0.00465407 -0.011082 0.00705104 -0.00606299 -0.0119886 -0.00540323 -0.00667018 0.00496894 -0.00275229 -0.00975305 0.00842391 0.0107331 -0.00838467 0.00197284 0 0.00273819 -0.00940909 0.000684932 -0.00155303 -0.00424437 -0.000429515 0.00744465 0.00479624 -0.000188679 -0.00415179 0.00388636 0.00107784 0.00495968 0.01143 -0.00342166 -0.00474734 -0.00963761 0.00152332 0.00247232 -0.00542986 -0.00206897 0.0115678 0.00778723 0.00437086 0.00806428 0.00719785 -0.00337884 -0.00514463 0.0072 -0.0107865 -0.00184322 0.00778426 0.0118135
internal_weight=21326 11585 9741 3532 4055 691 8053 1495 548 3364 2984 6558 670 5686 1401 2476 1586 380 2096 185 948 482 108 1963 275 3082 1330 1398 116 1248 329 218 395 310 453 541 318 158 111 219 166 123 2541 433 375 1020 964 812 220 144 825 234 150 1368 1116 292 241 374 800 235 1028 192
internal_count=21326 11585 9741 3532 4055 691 8053 1495 548 3364 2984 6558 670 5686 1401 2476 1586 380 2096 185 948 482 108 1963 275 3082 1330 1398 116 1248 329 218 395 310 453 541 318 158 111 219 166 123 2541 433 375 1020 964 812 220 144 825 234 150 1368 1116 292 241 374 800 235 1028 192
is_linear=0
shrinkage=0.03


Tree=20
num_leaves=63
num_cat=0
split_feature=9 9 9 10 11 3 11 10 11 10 3 9 3 7 9 17 5 3 15 14 14 25 21 15 0 7 9 26 26 17 15 6 3 0 9 19 19 26 14 14 18 17 0 19 17 25 6 3 26 17 25 23 25 10 18 21 0 25 18 27 14 23
split_gain=2110.87 172.803 121.384 43.9421 26.2276 25.4247 24.9585 18.9115 17.1712 16.0999 12.5251 12.3699 11.3374 11.2985 11.6889 10.5289 10.3344 9.79435 10.4504 22.4902 9.45001 8.86372 8.58181 8.1867 7.60066 7.18 7.17538 11.6175 7.07917 6.63674 7.98083 6.62115 6.44493 7.35281 6.21747 6.12749 5.99463 5.90262 7.12274 11.5392 5.88811 5.67559 6.20581 5.66711 5.54683 5.51601 9.37156 5.38182 6.22606 7.88251 5.29587 8.28524 5.27125 5.16116 5.1549 4.95851 4.77515 9.1487 4.71826 6.07841 7.84267 4.70954
threshold=2899.8450000000007 2496.7300000000005 3349.0800000000004 2600.1950000000002 3200.7850000000003 1.0000000180025095e-35 3260.3750000000005 1953.6300000000003 2389.8750000000005 3080.0950000000007 1.0000000180025095e-35 2700.7400000000002 1.0000000180025095e-35 -0.99866806308218525 3989.0250000000005 2558.0250000000001 -0.5 1.0000000180025095e-35 4289.4120833333336 2156.1485824133397 2254.6938880717748 19.255000000000006 5180.9116666666678 4034.3143229166672 18.500000000000004 -0.99275805973510278 2000.4050000000004 5.1750000000000016 10.055000000000001 1001.8700000000001 4109.6463541666672 1.0000000180025095e-35 1.0000000180025095e-35 28.500000000000004 2981.2450000000003 27048.700000000004 10716.600000000002 10.780000000000003 2338.7083311441997 2753.2667223456815 9064.9000000000015 1999.2000000000003 58.500000000000007 30073.850000000002 1295.9700000000003 18.140000000000004 -0.63405362205439475 1.0000000180025095e-35 7.3250000000000011 1815.1000000000001 17.845000000000002 8.7625000000000028 20.600000000000005 2700.0650000000005 10772.750000000002 2431.6633333333339 44.500000000000007 16.775000000000002 10818.100000000002 -0.10999999999999942 2212.2287270776405 22.306250000000006
decision_type=2 2 2 2 2 2 2 2 2 2 2 2 2 2 2 2 2 2 2 2 2 2 2 2 2 2 2 2 2 2 2 2 2 2 2 2 2 2 2 2 2 2 2 2 2 2 2 2 2 2 2 2 2 2 2 2 2 2 2 2 2 2
left_child=1 3 5 7 11 9 17 26 -7 15 21 45 16 36 28 25 43 22 19 -19 32 29 -4 -24 61 -2 -1 -28 47 30 -9 -20 -13 -34 -11 56 -8 38 -30 -40 -16 42 -31 -5 -23 -3 -47 -15 49 54 51 -43 -42 -27 -49 -18 57 -6 -26 -60 -61 -10
right_child=2 4 6 12 35 8 13 10 24 34 -12 20 -14 14 40 -17 55 18 31 -21 -22 44 23 -25 58 53 27 -29 37 41 -32 -33 33 -35 -36 -37 -38 -39 39 -41 52 50 -44 -45 -46 46 -48 48 -50 -51 -52 -53 -54 -55 -56 -57 -58 -59 59 60 -62 -63
leaf_value=-0.012046577725266286 -0.00078829322186761968 -0.0019662468229720443 0.0037116844880595232 0.00097853420155447068 -0.0021916601555151513 -0.0027120261656579814 0.0047628970169672335 -0.0023034126531173891 0.0002285334098999181 0.00064863363658151929 -0.0067752695547032447 0.00012987519950675264 -0.0065387920790701323 0.003580961798712012 0.0041266109332589807 -0.00086207678236991379 -0.0024224309010323353 0.002213277885757421 0.0012133440761932502 -0.0013675628202675138 -0.00097678749192521498 -0.005728097231388762 -0.0010730316539676286 0.0031724028928027436 -0.0011327955472482864 0.0002923935588323445 0.00081471134667125071 -0.0045957894815975833 0.0026826701704315867 -0.0034998008498626199 0.00076557646795166962 0.0028275473211165367 8.8777668128336979e-05 -0.0027263700932593513 0.0023582881127701149 -0.0019651554646679956 -0.00027550869554690213 0.0035823903861069259 -0.0013760633492806561 0.0027566831351014897 0.0080964919436913446 -0.0021670725880220142 -0.0026040486363312085 -0.0021681613442846802 0.00075379829420932679 -0.0026003320126965954 8.9815968059423482e-05 -0.00058890958383503997 0.002812627313084608 0.0030482986239854701 -0.0020401803741359626 0.00025216755802611953 0.0021970341328093035 0.00086260316227777518 0.00075479611458498567 -0.0016098560179410269 0.0025532728273810522 0.0013805709094579831 0.0010601997548575514 0.00045664884677878878 -0.00055069121984123719 0.0014902165941673041
leaf_weight=3310 64 975 648 162 67 191 47 521 70 126 881 517 134 1346 59 42 78 194 160 122 443 46 64 89 148 330 41 502 176 973 45 193 88 119 953 68 47 93 48 81 3617 43 179 84 87 193 188 41 198 87 161 75 50 844 66 289 186 173 98 207 118 102
leaf_count=3310 64 975 648 162 67 191 47 521 70 126 881 517 134 1346 59 42 78 194 160 122 443 46 64 89 148 330 41 502 176 973 45 193 88 119 953 68 47 93 48 81 3617 43 179 84 87 193 188 41 198 87 161 75 50 844 66 289 186 173 98 207 118 102
internal_value=0.000170742 -0.00930285 0.0095639 -0.0117111 -0.00322565 0.00476776 0.0116898 -0.0124632 0.00057754 0.00642585 -0.0106723 -0.00446315 -0.00479278 0.012555 0.0127205 0.0041452 -0.00305375 0.00817811 0.00548507 0.0015142 -0.00219606 -0.00941811 0.0104177 0.00399351 0.00264113 0.00464891 -0.0138596 -0.0106158 0.0109359 -0.00991742 -0.00714286 0.00902542 -8.27586e-05 -0.00454327 0.009125 0.00309091 0.00221053 0.00729323 0.0052451 -0.000115385 0.0137403 -0.0110091 -0.0119428 0.0017004 -0.00190299 -0.0064112 -0.0033377 0.0117654 0.00862595 0.00476923 -0.007125 -0.00226891 0.0138918 0.00518298 -0.000694444 -0.00623641 0.00442623 0.00161826 0.00097028 0.00258255 0.00059816 0.00815029
internal_weight=21347 10628 10719 7611 3017 3293 7426 6864 934 2359 3011 2523 747 5956 5862 1280 613 1470 669 316 1167 2130 801 153 743 1238 3853 543 2136 1997 566 353 724 207 1079 494 94 398 305 129 3726 1431 1152 246 133 1356 381 1738 392 194 279 118 3667 1174 107 367 426 240 571 423 325 172
internal_count=21347 10628 10719 7611 3017 3293 7426 6864 934 2359 3011 2523 747 5956 5862 1280 613 1470 669 316 1167 2130 801 153 743 1238 3853 543 2136 1997 566 353 724 207 1079 494 94 398 305 129 3726 1431 1152 246 133 1356 381 1738 392 194 279 118 3667 1174 107 367 426 240 571 423 325 172
is_linear=0
shrinkage=0.03


Tree=21
num_leaves=63
num_cat=0
split_feature=9 9 20 9 10 3 10 3 3 0 10 7 17 9 5 10 0 3 5 17 14 25 6 23 12 25 17 15 12 26 15 6 15 22 19 3 20 12 26 7 10 14 27 17 21 7 7 25 19 2 12 22 27 27 25 14 15 17 12 25 17 25
split_gain=2061.72 198.557 111.692 36.4258 28.2498 22.3806 19.6858 17.6456 16.2571 16.1235 15.6334 14.9306 13.3727 13.3311 12.7887 11.7671 11.455 11.0163 11.2097 10.9532 10.5078 10.2606 10.2946 10.2445 9.42676 9.31209 8.54519 7.65151 7.48183 8.05117 7.18856 6.98673 6.79342 6.43544 6.2034 6.11807 8.40397 10.893 5.98426 5.96487 5.94513 5.92564 5.84713 8.66586 5.39174 9.5012 5.37833 5.29224 7.93957 5.93946 5.17837 5.11817 5.06269 7.38393 5.05976 5.03573 4.93745 4.88777 4.80244 4.64655 9.3424 4.57321
threshold=2767.8750000000005 3200.7650000000008 -21141.699999999993 3849.6300000000006 2870.7150000000006 1.0000000180025095e-35 3080.0950000000007 1.0000000180025095e-35 1.0000000180025095e-35 33.500000000000007 1999.4650000000004 -0.99866806308218525 2558.0250000000001 2519.0550000000007 -0.63405362205439475 2640.5150000000008 24.500000000000004 1.0000000180025095e-35 -0.5 1417.7450000000001 2507.0906093030226 18.140000000000004 -0.63405362205439475 19.006250000000005 4511.3924851190486 20.600000000000005 999.88000000000011 4900.826822916667 2831.0556101190482 5.4450000000000012 4547.3495312500008 -0.58216583101416131 5604.4479687500007 5686.9315625000008 20494.150000000005 1.0000000180025095e-35 725.79999999999939 4468.7751488095246 7.9250000000000007 0.88621069759564464 1953.6300000000003 1951.0215830509285 0.46999999999999981 1445.1550000000002 3226.1033333333339 -0.69057362043749781 -0.99275805973510278 19.305000000000003 13658.500000000002 9.5000000000000018 2807.0266666666671 5197.1911024305564 -0.14499999999999955 0.25499999999999906 19.165000000000003 2173.2761345289528 2412.4126562500001 2000.3750000000002 2840.8607440476194 16.885000000000002 1008.6950000000001 19.480000000000004
decision_type=2 2 2 2 2 2 2 2 2 2 2 2 2 2 2 2 2 2 2 2 2 2 2 2 2 2 2 2 2 2 2 2 2 2 2 2 2 2 2 2 2 2 2 2 2 2 2 2 2 2 2 2 2 2 2 2 2 2 2 2 2 2
left_child=2 5 10 7 13 6 12 15 14 57 44 -5 20 17 -6 51 26 18 40 30 42 28 -23 -16 38 35 -9 34 41 55 -12 -22 -29 -20 -17 -13 37 -37 -8 59 -4 -15 46 -44 45 -1 -2 48 -40 -50 -11 -3 -18 -54 -42 -30 -25 -7 -19 60 -36 -21
right_child=1 3 4 11 8 9 24 16 -10 50 19 25 -14 21 23 27 52 58 33 61 31 22 -24 56 -26 -27 -28 32 29 -31 -32 -33 -34 -35 39 36 -38 -39 47 -41 54 -43 43 -45 -46 -47 -48 -49 49 -51 -52 -53 53 -55 -56 -57 -58 -59 -60 -61 -62 -63
leaf_value=0.00022345812452199352 -0.0013465034696552314 0.00095379613588519874 -0.0030051754326567036 -2.2231099908740502e-05 0.0017540384966561893 0.00041318694460755533 0.0023074509552008403 -0.00022005657868998883 -0.0037134225112004501 0.00066192936015990961 -0.0028002672907630278 0.007770741960771232 -0.0011183161900381222 -0.0024252043620275996 0.00096149853157573512 0.0034116106020808876 0.0015765682744531872 -0.0016398750593939848 -0.0022593553497967322 -0.0043032475397686816 -0.0026823707648713489 -0.0019852859940057053 0.00049673437805255463 -0.0034694864656966027 -0.00069700068717160947 0.0010488290935229472 0.0027019614368462984 -0.00062318097203192477 -0.00052468843464755107 -0.0016923860468974494 0.0004614262597339458 0.00017892386031544304 0.0025244674604345363 0.00069227352441366904 0.0033365782411496881 0.0037560736806805293 0.0069604120881969853 -0.00024689667069290874 -0.00038656192426197219 -0.00015333953128955356 -0.00074154957487811753 0.000782111849132403 0.0008800940481674635 -0.0015276517311470349 -0.011377577511123036 -0.0046310361687202746 0.00053852707309979923 -0.00016834889087108173 0.0024504137254101012 0.00061805246604771822 -0.0018681244209500301 -0.0013485980142896592 -0.00019009041399850713 0.0012017371023773826 0.0012434794156178208 0.00021012430826074178 -0.00090128788400544834 -0.00031923132989439826 -0.0046836669485307335 0.0022788100510469887 -0.00072804796643223925 -0.0068177223031150279
leaf_weight=53 48 94 76 77 209 376 368 54 112 56 725 2889 74 49 130 1675 206 89 1094 1043 91 143 201 110 70 63 292 66 52 586 54 217 63 40 93 297 1330 82 41 59 195 50 98 76 3646 116 1124 51 241 76 510 40 288 151 50 47 141 81 490 313 49 94
leaf_count=53 48 94 76 77 209 376 368 54 112 56 725 2889 74 49 130 1675 206 89 1094 1043 91 143 201 110 70 63 292 66 52 586 54 217 63 40 93 297 1330 82 41 59 195 50 98 76 3646 116 1124 51 241 76 510 40 288 151 50 47 141 81 490 313 49 94
internal_value=0.000207719 0.00861672 -0.0101152 0.0111996 -0.00617076 0.00274243 0.00423331 0.00884582 -0.000725462 -0.00101074 -0.012773 0.0129078 0.00239445 -0.00737907 0.00126904 0.010212 0.00545867 -0.00883047 -0.00742788 -0.0105477 0.00295468 -0.00475642 -0.000434783 -0.00200262 0.00797759 0.0131242 0.00985591 0.0107115 -0.00664968 -0.00776239 -0.00778846 -0.00203883 0.00357692 -0.00882819 0.0111301 0.0132811 0.0118333 0.00785526 0.00892674 0.00821359 -0.00246894 0.00105 0.004098 -0.00102857 -0.0138876 -0.00855882 0.00485934 0.00640244 0.00768802 0.00929245 -0.00439153 0.00155556 0.00308824 0.00126136 -0.000182927 0.00015 -0.00553571 0.00317686 -0.0123362 0.009375 0.00482517 -0.0124297
internal_weight=21374 11779 9595 8181 3864 3598 2575 3443 702 1023 5731 4738 1728 3162 590 2452 991 2034 1455 1916 1654 1128 344 381 847 4661 346 2318 784 685 779 308 129 1134 2189 4598 1709 379 777 514 321 99 1346 174 3815 169 1172 409 358 317 566 134 645 439 245 99 251 457 579 455 142 1137
internal_count=21374 11779 9595 8181 3864 3598 2575 3443 702 1023 5731 4738 1728 3162 590 2452 991 2034 1455 1916 1654 1128 344 381 847 4661 346 2318 784 685 779 308 129 1134 2189 4598 1709 379 777 514 321 99 1346 174 3815 169 1172 409 358 317 566 134 645 439 245 99 251 457 579 455 142 1137
is_linear=0
shrinkage=0.03


Tree=22
num_leaves=63
num_cat=0
split_feature=9 20 9 1 10 9 1 1 20 10 6 8 10 14 9 12 0 1 25 0 9 25 0 1 22 12 18 20 20 1 9 0 14 23 1 25 12 14 4 22 19 11 22 11 23 10 9 17 17 22 17 6 8 25 20 20 17 15 22 10 20 15
split_gain=1976.63 162.102 125.095 48.0938 36.2081 27.8408 26.5514 25.8965 24.9131 22.7384 22.1746 15.6572 15.2296 15.024 14.5082 14.5569 14.3244 13.8864 11.8022 11.6984 11.5117 11.1364 9.24734 7.13499 8.92251 6.93281 6.82557 6.79293 6.46104 6.31213 12.5371 14.8346 6.27477 8.64645 6.25116 6.05068 7.01383 6.08048 6.03722 11.6324 5.94595 5.61541 5.58083 6.88473 5.50024 5.35345 5.28963 5.94126 5.96168 5.11412 22.1952 4.89326 4.98706 4.85393 5.52445 4.83136 4.68931 7.17665 4.60317 4.85355 4.58829 4.37372
threshold=2888.9850000000006 -20407.349999999995 3310.9650000000006 5.5000000000000009 3280.4000000000001 3989.0250000000005 5.5000000000000009 3.5000000000000004 -29396.599999999995 2519.9250000000006 -0.097964660725097366 0.99138911339924218 2812.3650000000002 985.92641652994905 2560.5750000000003 3007.057983630953 19.500000000000004 1.0000000180025095e-35 20.600000000000005 29.500000000000004 2999.3850000000007 18.765000000000004 14.500000000000002 4.5000000000000009 5840.0669791666678 3586.5482440476194 11424.500000000002 -16646.699999999997 -17945.649999999998 5.5000000000000009 4810.0600000000004 35.500000000000007 2745.9290338023225 28.481250000000006 5.5000000000000009 15.490000000000002 3919.9192782738096 2271.552732555057 1.0000000180025095e-35 5420.1008730158737 22972.400000000005 3300.1350000000007 3592.7913659800547 3149.5250000000005 24.618750000000002 2730.9600000000005 2135.5300000000007 999.6500000000002 643.59500000000014 5581.6230270337301 499.72000000000008 -0.032701564615071448 0.90803977035715633 19.085000000000004 -24934.449999999997 -23548.049999999999 1724.6300000000003 3337.5410937500005 5075.2250000000013 2390.8900000000003 -26493.799999999999 3007.1436458333337
decision_type=2 2 2 2 2 2 2 2 2 2 2 2 2 2 2 2 2 2 2 2 2 2 2 2 2 2 2 2 2 2 2 2 2 2 2 2 2 2 2 2 2 2 2 2 2 2 2 2 2 2 2 2 2 2 2 2 2 2 2 2 2 2
left_child=1 8 3 12 7 6 38 9 -1 11 -5 27 28 -10 -9 -16 21 19 29 -15 -14 44 -8 24 46 -26 -24 -3 -2 49 31 -31 33 55 -17 -18 45 -38 40 -40 -4 -42 -6 -44 -11 -37 53 48 -48 -7 -51 52 -28 -19 -55 -21 57 -12 -30 -60 -35 -22
right_child=2 4 5 10 42 18 22 14 13 16 56 -13 20 17 15 34 35 23 -20 32 61 -23 26 -25 25 -27 51 -29 58 30 -32 -33 -34 60 -36 36 37 -39 39 -41 41 -43 43 -45 -46 -47 47 -49 -50 50 -52 -53 -54 54 -56 -57 -58 -59 59 -61 -62 -63
leaf_value=-0.012394660524931517 -0.00404720874228655 -0.0024506870445251214 0.0029360418402928799 -0.0040395445002396448 0.0032853053299844604 0.0081362601438426368 0.003114498497055411 -0.0032752929798300023 0.0010255973477996782 -0.001939397764220514 -0.00064309885394290059 0.00033817848311911368 0.00035069417847758186 -0.0029349295164571606 0.00043058240228325938 -0.00077684395548373254 -0.0025973518903860569 -0.0052605647422860353 -8.4590161937150296e-05 -0.0026338020692148146 0.0025817669186090075 0.0001737440235900589 -0.0013359508309812894 -0.0077487212338861865 0.0011275462390763734 -0.0027050894178591721 0.00034421391389298782 -0.0008384945850111069 0.00056070979754979427 0.0041504289752343302 0.0069981884181185621 -2.4888799179185739e-05 -0.0027790554205744567 -0.00028296968330046465 -0.0040943673273163656 4.0791259623791374e-05 -0.0022942864553513196 0.00017663586963100996 0.0024161752054888907 -0.0018133064180485547 0.0022530587028776238 -0.00042132435355416218 -0.0019514446784409945 0.0026717014612360757 0.00022233549907451077 0.00097752113227070228 -0.0014306164621044326 -0.0023008703802368832 0.0022282582551067342 -0.0021559364161273286 0.0071817510763071898 0.0021349451355995087 -0.0018283327486858169 -0.0044467995909013465 -8.1195213964990742e-05 -6.4933493192165232e-05 -0.00017855639183710358 0.00088552813058925036 -0.0020803919929351889 0.00024862814439981397 0.0017915404609768614 0.0011460408601096095
leaf_weight=2792 51 600 2501 229 100 2835 94 858 53 286 81 63 545 110 136 499 84 870 58 100 430 73 99 822 67 59 121 568 405 182 545 160 119 41 233 150 48 237 135 41 154 55 41 144 40 263 56 622 40 61 397 121 40 70 59 82 82 101 59 132 65 1159
leaf_count=2792 51 600 2501 229 100 2835 94 858 53 286 81 63 545 110 136 499 84 870 58 100 430 73 99 822 67 59 121 568 405 182 545 160 119 41 233 150 48 237 135 41 154 55 41 144 40 263 56 622 40 61 397 121 40 70 59 82 82 101 59 132 65 1159
internal_value=0.000237057 -0.00907951 0.00919119 0.00428702 -0.00471632 0.0113033 0.00925788 -0.00542885 -0.0122802 -0.00341898 -0.00434211 -0.00627029 0.00581776 -0.0104805 -0.00823393 -0.00548907 -0.000444162 -0.0107446 0.0129229 -0.00622587 0.00703981 -0.0050625 0.00267857 -0.0116185 -0.0105667 -0.00283465 0.000589005 -0.00705731 0.00178241 0.0131093 0.0108277 0.00629738 -0.00386029 -0.00145329 -0.00716235 0.00191571 0.00283262 -0.000786713 0.0103395 0.00491525 0.0106898 0.00578571 0.00561189 0.0025 -0.00743119 0.00532609 -0.0111321 -0.00913769 -0.00216495 0.0137204 0.010719 0.0029682 -0.000462963 -0.012555 -0.00703846 -0.00540984 0.00158491 0.0042623 0.00266332 -0.00117187 0.0053271 0.00833019
internal_weight=21323 10450 10873 3274 4423 7599 3361 4138 6027 2412 493 1231 2781 3235 1726 868 1181 3182 4238 517 2134 399 475 2665 1843 126 381 1168 647 4180 887 342 407 288 732 782 698 285 2886 176 2710 209 285 185 326 413 1717 718 96 3293 458 282 161 999 129 182 264 182 596 191 106 1589
internal_count=21323 10450 10873 3274 4423 7599 3361 4138 6027 2412 493 1231 2781 3235 1726 868 1181 3182 4238 517 2134 399 475 2665 1843 126 381 1168 647 4180 887 342 407 288 732 782 698 285 2886 176 2710 209 285 185 326 413 1717 718 96 3293 458 282 161 999 129 182 264 182 596 191 106 1589
is_linear=0
shrinkage=0.03


Tree=23
num_leaves=63
num_cat=0
split_feature=9 9 10 9 1 1 10 1 0 0 13 11 20 0 17 10 17 12 22 27 8 19 25 11 1 18 8 9 0 15 4 12 20 12 8 12 15 27 27 25 15 10 12 27 19 12 15 15 8 25 12 20 4 22 20 21 22 15 22 17 11 17
split_gain=1929.67 210.425 88.9509 49.7857 44.3893 32.9957 25.3617 24.1009 17.4968 17.2111 15.6577 15.458 14.6926 13.1636 12.1347 11.6623 11.6514 10.9383 10.1055 9.48419 8.52848 8.4758 8.14216 10.0659 8.06484 11.4774 7.73778 7.7248 7.50709 6.95776 6.76462 9.1351 6.79575 6.55464 8.49263 7.03878 6.52388 6.43002 6.23586 5.88676 5.85369 5.81861 6.07054 6.17384 7.47334 5.74981 5.69631 11.6971 5.6545 5.41375 5.37545 6.68687 6.18614 13.2491 5.33504 5.29359 5.21568 5.05466 4.97421 4.95711 4.64582 4.53426
threshold=2717.6050000000005 3100.3000000000006 1999.9550000000002 3959.8550000000005 5.5000000000000009 3.5000000000000004 2640.5150000000008 5.5000000000000009 29.500000000000004 29.500000000000004 8998.1850000000031 2319.7650000000003 -13518.349999999999 19.500000000000004 1016.2300000000001 2640.5150000000008 200.68500000000003 2755.6549702380958 3176.0193625992065 -0.52999999999999925 0.97263757644091875 30564.900000000005 19.905000000000005 1749.6850000000002 5.5000000000000009 15141.35 0.99249573635719013 2469.4850000000001 15.500000000000002 3684.724322916667 1.0000000180025095e-35 4244.8191220238105 -7451.0999999999995 3815.8028720238099 -0.94208510184480676 2730.3303943452388 2412.4126562500001 -0.04500000000000081 0.25999999999999984 18.000000000000004 4444.8677083333341 2500.9450000000002 3815.8028720238099 -1.0000000180025095e-35 14018.500000000002 3053.4782886904763 3886.5899479166669 4266.4748958333339 -0.99983123799342477 17.365000000000006 6326.3696056547624 6715.2500000000009 1.0000000180025095e-35 5424.1619407242079 -22351.199999999993 3470.5933333333337 3481.9996664186515 4840.2518229166681 3418.9361396329373 1001.8700000000001 2680.2600000000007 499.56500000000005
decision_type=2 2 2 2 2 2 2 2 2 2 2 2 2 2 2 2 2 2 2 2 2 2 2 2 2 2 2 2 2 2 2 2 2 2 2 2 2 2 2 2 2 2 2 2 2 2 2 2 2 2 2 2 2 2 2 2 2 2 2 2 2 2
left_child=2 7 11 4 15 6 26 12 19 29 58 -1 14 39 61 -3 -12 -13 -15 -6 21 36 27 -24 50 37 28 -18 46 49 32 -32 55 35 -35 -30 -20 -26 40 -8 -10 -14 48 44 -44 -16 -4 -48 -43 -9 52 -52 -5 -54 -19 -17 -45 -47 -7 -23 -56 -2
right_child=1 3 5 24 8 10 13 9 38 -11 16 17 41 18 45 30 22 54 20 -21 -22 59 23 -25 25 -27 -28 -29 33 -31 31 -33 -34 34 -36 -37 -38 -39 -40 -41 -42 42 43 56 -46 57 47 -49 -50 -51 51 -53 53 -55 60 -57 -58 -59 -60 -61 -62 -63
leaf_value=-0.01010305078005528 6.2756854806154117e-05 0.00055707636019768352 -0.0025355152644936127 0.0077478051215097744 -0.00025494601380005478 -0.0010110951352305753 -0.0030640708280696314 -0.00018568272178517197 -0.0022310427591694061 -0.0043549634283356559 3.5093693117453918e-05 0.00058090028021232857 -0.00011484519235470447 0.0017359070722672864 -0.0034226435465491401 0.00073549669848031122 -0.0044907314619785851 -0.007023828772805123 -0.0022424529374206557 0.0022310194254730044 0.0016960168096273964 8.2451276952184561e-05 -0.01188034446912698 0.00048370185992553162 0.0030824097003610174 0.0061914147244256056 0.00022426955119656531 -0.002019131294813925 -0.0039744587883139811 -0.00072974941338242337 0.0025628949338286143 -0.00031291916431007037 0.0026746791571850893 0.0014838380099333826 -0.0037120067668100099 -0.00082553629097343868 0.00034003796866410863 0.00052657966672148499 0.00057329311314300744 0.00017736547371090871 3.0327739576980759e-05 -0.00017381924949926741 -0.00041867696477904115 0.00044806492784331907 0.001053740101817242 -6.9546058722664834e-05 0.00038233523366790309 -0.0020091249123371123 0.00086468573715729573 0.00089215525771940913 -0.0013682384559525929 0.013959581787832871 0.0080921578436777431 -0.00050606806404561054 -0.0027294060972178655 0.0019999035370230531 -0.00094546767601764168 -0.0031238420320321356 0.00076052546519003619 -0.0042958474383481609 -0.00099680912652884142 0.00090940301169456278
leaf_weight=3650 116 195 443 3128 59 40 168 72 180 267 76 58 188 75 70 292 1143 342 102 245 79 41 45 57 208 603 67 648 108 57 118 75 2913 41 445 763 312 142 86 41 99 41 40 98 293 473 48 57 956 95 43 45 168 47 98 382 104 58 44 90 122 150
leaf_count=3650 116 195 443 3128 59 40 168 72 180 267 76 58 188 75 70 292 1143 342 102 245 79 41 45 57 208 603 67 648 108 57 118 75 2913 41 445 763 312 142 86 41 99 41 40 98 293 473 48 57 956 95 43 45 168 47 98 382 104 58 44 90 122 150
internal_value=0.000325903 0.00819691 -0.0100277 0.0105061 0.008338 -0.00728111 -0.00520653 0.00142254 0.00118657 -0.00466463 -0.0101874 -0.0131983 0.00257921 -0.00105611 -0.000604839 0.009541 -0.0107284 -0.00879227 0.000921429 0.0064918 -0.000336 -0.00167582 -0.0111906 -0.00291262 0.0128005 0.0103302 -0.00711607 -0.0116602 -0.00746852 0.00146667 0.00991008 0.00440722 0.0102048 -0.00626289 -0.00905544 -0.0046961 0.000433735 0.00598291 -0.0032377 -0.00764286 -0.00541071 0.00418361 0.00479452 0.00221082 0.00471557 -0.00296512 -0.0104372 -0.00410377 0.00617735 0.00455357 0.0134834 0.00606742 0.0136767 0.00868056 -0.010071 0.00746667 -0.00192118 -0.0018891 0.00247059 -0.00829545 -0.00638009 0.0047191
internal_weight=21309 12106 9203 9028 4644 4933 2880 3078 669 491 2053 4270 2587 908 867 3975 1969 620 699 304 624 545 1893 102 4384 953 1972 1791 1905 224 3780 193 3587 1357 486 871 414 350 365 209 279 1720 1532 535 333 601 548 105 997 167 3431 88 3343 215 562 674 202 531 84 131 220 266
internal_count=21309 12106 9203 9028 4644 4933 2880 3078 669 491 2053 4270 2587 908 867 3975 1969 620 699 304 624 545 1893 102 4384 953 1972 1791 1905 224 3780 193 3587 1357 486 871 414 350 365 209 279 1720 1532 535 333 601 548 105 997 167 3431 88 3343 215 562 674 202 531 84 131 220 266
is_linear=0
shrinkage=0.03


Tree=24
num_leaves=63
num_cat=0
split_feature=9 9 20 9 1 10 9 20 1 0 0 26 1 16 7 12 5 22 15 23 12 20 20 1 1 9 15 26 1 26 12 15 21 12 10 12 9 7 0 18 27 25 7 0 12 12 18 26 25 26 20 12 27 10 22 18 1 7 18 22 27 16
split_gain=1850.77 177.461 119.11 49.9524 36.7411 34.8214 20.6619 19.8627 18.2508 16.6949 16.5724 14.3154 14.1673 13.1821 12.6009 12.4909 11.5511 12.6362 11.2373 17.3516 13.398 10.8965 10.6849 10.6529 9.83867 9.52055 8.69091 13.7838 8.37746 8.37149 8.12658 7.60422 10.6585 7.3269 7.32625 7.3023 7.12636 7.10535 6.91458 6.39312 9.31505 6.10455 5.92607 5.86078 5.77392 5.77008 5.62151 5.6172 5.60831 7.42922 5.4878 5.38848 5.05821 4.98787 4.84006 6.21678 4.7399 4.61321 4.54075 4.51483 5.15406 4.75404
threshold=2799.2000000000003 3100.3000000000006 -22027.950000000001 3989.0250000000005 5.5000000000000009 3030.1550000000002 2519.0550000000007 -30625.699999999993 5.5000000000000009 25.500000000000004 22.500000000000004 9.7650000000000023 4.5000000000000009 9854.590000000002 -0.99866806308218525 6458.8813616071438 -0.55557023301960229 5686.9315625000008 3697.9316145833336 22.881250000000005 4205.333705357144 -7592.4499999999989 -11130.9 5.5000000000000009 1.0000000180025095e-35 4399.2650000000003 3543.1744791666674 5.3050000000000006 5.5000000000000009 7.4750000000000005 2840.8607440476194 3278.1511458333339 3125.063333333334 3473.4918601190479 2499.1600000000003 3077.3538392857149 2135.5300000000007 0.64166506163122816 27.500000000000004 14759.850000000002 -0.10999999999999942 15.095000000000001 0.06553689391773225 32.500000000000007 2792.9020610119055 2716.0820163690482 12883.300000000001 7.6000000000000005 19.275000000000002 11.645000000000001 -13161.199999999997 4482.8633110119054 0.73500000000000043 3099.7750000000005 3530.1401512896832 14390.000000000002 1.0000000180025095e-35 -0.67166439702596292 7744.7000000000016 5827.4019010416678 0.58000000000000018 5000.6900000000014
decision_type=2 2 2 2 2 2 2 2 2 2 2 2 2 2 2 2 2 2 2 2 2 2 2 2 2 2 2 2 2 2 2 2 2 2 2 2 2 2 2 2 2 2 2 2 2 2 2 2 2 2 2 2 2 2 2 2 2 2 2 2 2 2
left_child=2 8 7 4 11 6 12 -1 22 29 -10 15 16 59 -5 21 34 46 20 43 48 31 51 -16 58 38 37 -28 50 -6 41 -3 -33 47 57 -26 56 44 -25 40 -27 -14 -35 -20 45 -8 -18 -11 49 -13 -29 53 -38 -2 55 -48 -15 -4 -7 60 61 -9
right_child=1 3 5 14 9 24 26 13 10 33 -12 18 30 36 23 -17 17 -19 19 -21 -22 -23 -24 25 35 39 27 28 -30 -31 -32 32 -34 42 -36 -37 52 -39 -40 -41 -42 -43 -44 -45 -46 -47 54 -49 -50 -51 -52 -53 -54 -55 -56 -57 -58 -59 -60 -61 -62 -63
leaf_value=-0.012744765540060151 2.2379635385378904e-05 0.0031048173903206865 -0.0046830435285006673 0.00039532912507221239 -3.6265937505746136e-05 -0.00022170636495882689 -0.0016344392358281555 -0.0013355559088364631 0.00034141624933444966 0.0014404796965745703 -0.0035700744083905088 0.0036415341611546201 -0.0013941919505011135 -0.00083473306317930699 0.0075795040162217825 -0.00138482450308949 -0.0026037905498349011 0.00058634038222344915 0.0023412875905830699 -0.0015735921333526236 -0.00039614896843751521 0.0026228333502419775 0.00071434108151853689 0.0027803661176502635 0.0023684831973195221 0.0037224276436030124 0.00027030284293311446 -0.0013137560474233822 -0.0047270902778772323 0.0027163519806785706 -0.0043660907862993169 -0.0004813181273491107 0.0011832626546743796 -0.0026686868839702347 0.00042501007164647665 -0.0029235472285006913 -0.0033905516103095753 0.00031110193753074888 -0.00023575876689949205 0.0070778295397819586 -0.00025217302753304693 0.00012801842518272543 -4.3953722770160295e-05 0.00026707764977854429 -0.00084463705095000558 0.00069828337029215421 0.00030457536963872655 -8.7217775903667408e-05 0.00023071134535719294 0.00031496570235027831 -0.00021274258250616906 -0.0020222151014006682 -0.0014442941759967363 0.0012475425390268136 -0.0017699343445947856 -0.00098458650732110783 -0.0064833710778022177 -0.00071137281065293046 0.0023653303048024022 9.1136410529868431e-06 -0.0003759472052227952 -0.0035389987873576433
leaf_weight=2562 890 271 78 71 68 69 53 279 144 62 259 295 40 48 3271 43 927 58 94 106 47 2672 1049 87 41 118 87 467 127 188 593 88 281 139 148 144 420 87 98 527 75 65 115 90 391 53 88 92 62 49 162 72 77 154 217 157 1393 164 177 60 69 425
leaf_count=2562 890 271 78 71 68 69 53 279 144 62 259 295 40 48 3271 43 927 58 94 106 47 2672 1049 87 41 118 87 467 127 188 593 88 281 139 148 144 420 87 98 527 75 65 115 90 391 53 88 92 62 49 162 72 77 154 217 157 1393 164 177 60 69 425
internal_value=0.000289382 0.00839394 -0.00935746 0.0103768 0.0082637 -0.00569754 -0.00657835 -0.0123706 0.00143636 0.00171429 -0.00441832 0.00932423 -0.00820386 -0.0106006 0.0127436 0.0101594 -0.00681447 -0.00804903 0.00554435 0.000927835 0.00849119 0.0103682 0.0025277 0.0129567 0.00239583 0.0100497 -0.00368697 -0.00563389 -0.00693527 0.00770428 -0.0118455 0.00683307 0.00401351 -0.00205379 -0.00222506 -0.00282258 -0.0119598 -0.000871795 0.00395161 0.0116089 0.00688144 -0.00410377 -0.00517647 0.00648649 -0.00225904 0.00392523 -0.0086223 0.00309677 0.0102457 0.0117391 -0.0055 0.000483438 -0.0088253 0.00103349 -0.00589633 -0.0029878 -0.013034 -0.0054321 0.00631579 -0.00742806 -0.00804264 -0.00880851
internal_weight=21303 11577 9726 9009 4762 4393 3962 5333 2568 664 403 4098 2535 2771 4247 3355 1837 1447 743 290 453 3312 2165 4176 431 905 1427 843 756 256 698 640 369 408 390 185 1938 584 185 720 193 105 254 184 497 106 1389 154 406 344 629 1116 497 1044 462 245 1441 242 246 833 773 704
internal_count=21303 11577 9726 9009 4762 4393 3962 5333 2568 664 403 4098 2535 2771 4247 3355 1837 1447 743 290 453 3312 2165 4176 431 905 1427 843 756 256 698 640 369 408 390 185 1938 584 185 720 193 105 254 184 497 106 1389 154 406 344 629 1116 497 1044 462 245 1441 242 246 833 773 704
is_linear=0
shrinkage=0.03


Tree=25
num_leaves=63
num_cat=0
split_feature=9 9 9 9 1 20 1 1 10 0 6 10 1 26 10 10 14 7 1 11 0 20 7 18 1 26 12 12 12 26 12 26 7 11 12 26 12 8 25 1 9 0 16 12 26 26 18 8 21 10 0 4 20 0 12 11 26 11 11 11 9 18
split_gain=1783.81 179.824 107.475 42.7754 42.4734 27.071 24.9241 23.1034 21.4841 20.8216 18.6868 17.4058 14.8724 16.7677 12.797 12.5489 11.4451 11.275 10.7129 10.3001 10.1996 9.75566 9.67239 9.6599 9.51952 9.1386 8.84124 8.34834 8.06896 7.62971 9.24768 7.43037 7.28069 6.85201 6.80759 7.20588 6.59318 6.53076 6.74649 7.90574 5.99044 6.3886 5.94805 6.30665 5.93809 11.1792 9.07107 5.89968 7.23069 13.1523 5.8818 6.05948 5.57384 5.23062 4.94747 4.90347 4.69605 4.63705 4.56216 4.5411 4.52732 4.35893
threshold=2767.8750000000005 3149.2050000000004 2135.5300000000007 4064.7500000000005 5.5000000000000009 -15377.299999999999 5.5000000000000009 1.0000000180025095e-35 2340.6650000000004 25.500000000000004 -0.19509032201612839 2640.5150000000008 5.5000000000000009 6.5950000000000015 1979.345 3080.0950000000007 985.92641652994905 -0.99866806308218525 5.5000000000000009 2250.0450000000005 67.500000000000014 -18454.999999999996 0.70517752626968588 14544.450000000003 1.0000000180025095e-35 7.4750000000000005 4452.5167336309532 3754.5552232142863 3473.4918601190479 5.955000000000001 3225.6895758928576 7.6000000000000005 -0.43733984355855576 2194.0000000000005 6326.3696056547624 10.055000000000001 3626.6106994047627 0.9980355542543059 19.325000000000003 5.5000000000000009 4550.8150000000014 64.500000000000014 4638.8950000000013 4143.8247767857147 9.8150000000000031 8.7450000000000028 11424.500000000002 -0.54219087765047058 2403.3100000000004 3600.1850000000004 6.5000000000000009 1.0000000180025095e-35 -9219.0499999999975 32.500000000000007 6326.3696056547624 2920.7600000000007 7.955000000000001 3582.7200000000007 2400.2500000000005 3330.5850000000005 3000.0200000000009 12674.050000000001
decision_type=2 2 2 2 2 2 2 2 2 2 2 2 2 2 2 2 2 2 2 2 2 2 2 2 2 2 2 2 2 2 2 2 2 2 2 2 2 2 2 2 2 2 2 2 2 2 2 2 2 2 2 2 2 2 2 2 2 2 2 2 2 2
left_child=2 6 8 4 11 12 15 53 19 25 -8 -3 13 16 -15 21 -4 -5 54 -1 44 -2 60 -20 33 -6 50 -21 31 30 -18 -11 -32 -10 35 52 -37 38 39 57 41 -25 -23 59 45 46 55 -38 -49 -50 -17 -52 -13 -7 -19 -16 -22 -9 -47 -44 -12 -56
right_child=1 3 5 17 9 7 10 37 24 28 22 34 -14 14 20 26 29 18 23 27 56 42 -24 40 -26 -27 -28 -29 -30 -31 32 -33 -34 -35 -36 36 47 -39 -40 -41 -42 -43 43 -45 -46 58 -48 48 49 -51 51 -53 -54 -55 61 -57 -58 -59 -60 -61 -62 -63
leaf_value=-0.0095653591648061555 -0.0025962605067720011 4.7946172219415213e-05 0.0021474779364093256 0.00038346925132007212 -3.5177959380554565e-05 -0.00070860374393199698 -0.0050110329880117899 -0.00095575103445590061 0.0011219963097698214 0.0016390314369989767 -0.0016324171641865881 0.0012907279875551225 -0.0050813409527021578 -0.0044702498425119594 0.00023740014984650502 -0.00013743721807712105 -0.0023734490251285044 0.0079271383742332974 0.0021124845222392705 -0.0024612472041137278 -0.00050906746824840531 -0.0026455799615546826 0.00077953216489062165 0.0039971596247604952 -0.0053798689722925359 0.0026835320839312792 -0.00068540108250192855 -0.0068918074010143205 -0.0011301994069502807 -0.0024564180565177728 0.00045992120033774061 -0.00015662893076227923 -0.00099749620584385743 -0.0021402388836923112 -0.00054710119416788493 0.003031349749035339 0.0029832019540751539 0.00035826450487981277 0.0010459526702941036 -0.0052119495654074834 0.0069921438888230188 -0.0006899140690862193 0.00018240289736290549 -0.00012788138634687308 -0.0028525757827031349 -0.00088913112224563661 -0.0013379617160296851 0.002028775128141582 -0.0013685701538756411 0.0025362872511276711 0.0016225831070653207 -0.0008372687098219078 0.0026478557027686911 0.0022007914961438501 -0.0010013270389805662 -0.0023733114926409991 0.0010428249745829188 0.00076037722997154941 0.00038338228700160568 0.0010131268400935234 0.00036879135550487162 0.013000829277863319
leaf_weight=3746 107 179 41 69 74 55 195 812 69 63 128 241 403 275 278 64 299 2822 251 400 43 51 75 96 283 208 74 403 259 431 57 93 337 206 48 274 46 43 40 153 471 40 1093 373 168 41 441 87 112 143 588 47 3044 177 40 61 59 85 105 219 75 40
leaf_count=3746 107 179 41 69 74 55 195 812 69 63 128 241 403 275 278 64 299 2822 251 400 43 51 75 96 283 208 74 403 259 431 57 93 337 206 48 274 46 43 40 153 471 40 1093 373 168 41 441 87 112 143 588 47 3044 177 40 61 59 85 105 219 75 40
internal_value=0.000290127 0.00808779 -0.009375 0.0102954 0.00842672 -0.00593871 0.00186893 -0.00242679 -0.0123365 0.00156877 -0.00446203 0.00957126 -0.0075148 -0.00668942 -0.00455503 0.0030149 -0.00937822 0.0126697 0.0128902 -0.0130187 -0.00320802 0.00166757 0.000537634 0.00991851 -0.00676208 0.00784452 0.00622093 -0.00990672 -0.00270433 -0.00994667 -0.0079755 0.00267516 -0.00493671 -0.00277174 0.00998123 0.0101178 0.00723982 -0.00419312 -0.00464711 -0.00510942 0.0119655 0.00635036 0.00221071 0.00251779 -0.00405479 -0.0031068 -0.00453265 0.00470437 0.00332362 0.000761719 0.00726429 0.00813679 0.0106954 0.00618026 0.0137651 -0.000838235 0.00582524 -0.00402561 0.0044898 0.00349581 -0.00286765 0.0062963
internal_weight=21300 11789 9511 8700 4871 4404 3089 1365 5107 697 473 4174 3039 2636 1471 2616 1165 3829 3760 4549 1196 1843 278 858 558 282 773 803 415 1124 693 156 394 275 3995 3947 662 1133 1090 1050 607 136 1736 1685 1094 926 780 388 342 255 699 635 3285 232 2902 339 102 897 146 1312 203 80
internal_count=21300 11789 9511 8700 4871 4404 3089 1365 5107 697 473 4174 3039 2636 1471 2616 1165 3829 3760 4549 1196 1843 278 858 558 282 773 803 415 1124 693 156 394 275 3995 3947 662 1133 1090 1050 607 136 1736 1685 1094 926 780 388 342 255 699 635 3285 232 2902 339 102 897 146 1312 203 80
is_linear=0
shrinkage=0.03


Tree=26
num_leaves=63
num_cat=0
split_feature=9 9 9 20 1 1 0 0 20 1 1 9 0 9 14 20 12 1 9 17 12 5 11 7 10 9 15 1 15 15 10 25 14 7 12 27 25 17 15 0 25 22 25 6 11 7 0 7 12 27 17 11 7 17 10 20 15 17 1 0 17 12
split_gain=1730.42 155.738 109.05 49.3094 43.1975 42.5308 31.0837 23.3786 23.2077 22.0204 21.3585 16.0192 17.3407 15.1609 14.5344 13.8566 13.7758 11.4125 11.3841 10.7528 11.7112 10.3126 9.93934 9.3708 8.9526 8.40985 7.78591 7.69907 7.61484 7.6028 7.49633 7.34947 7.17873 7.11542 7.00569 7.00357 6.86254 7.06664 10.648 8.71101 6.74169 6.61038 6.46129 6.4145 6.37962 7.67329 10.0448 6.57489 5.94703 5.9346 6.70348 5.85153 5.85125 8.11818 5.73029 5.7204 5.29908 5.29506 5.26632 6.27809 5.17618 5.12695
threshold=2899.8450000000007 2496.7300000000005 3499.5250000000005 -29396.599999999995 5.5000000000000009 1.0000000180025095e-35 23.500000000000004 22.500000000000004 -9219.0499999999975 3.5000000000000004 5.5000000000000009 4997.6400000000003 29.500000000000004 4100.9350000000004 985.92641652994905 -13679.85 2953.1058482142867 5.5000000000000009 1981.4800000000002 1008.6950000000001 2721.9345238095243 -0.55557023301960229 1895.3550000000002 -0.99866806308218525 2610.0800000000004 2135.5300000000007 2618.3751041666669 1.0000000180025095e-35 4900.826822916667 2412.4126562500001 2250.8050000000007 20.360000000000003 2189.3924354751302 -0.31799228562170639 4452.5167336309532 0.25999999999999984 17.575000000000003 1183.2700000000002 2549.374895833334 23.500000000000004 19.480000000000004 6049.0775074404764 16.810000000000006 -0.70710678118654757 2250.0450000000005 0.60124882823926262 31.500000000000004 0.17963823861099873 2819.2721502976196 -0.40499999999999753 1699.2100000000003 2416.9450000000002 -0.96235977360714686 956.17000000000019 3501.0300000000002 -14854.749999999998 4463.9920312500008 2000.5650000000003 1.0000000180025095e-35 30.500000000000004 1392.0700000000004 4325.1224404761915
decision_type=2 2 2 2 2 2 2 2 2 2 2 2 2 2 2 2 2 2 2 2 2 2 2 2 2 2 2 2 2 2 2 2 2 2 2 2 2 2 2 2 2 2 2 2 2 2 2 2 2 2 2 2 2 2 2 2 2 2 2 2 2 2
left_child=1 3 4 43 8 6 -5 49 19 15 13 12 33 28 -7 30 60 21 22 48 -21 26 -8 -15 -10 40 -16 -22 -4 -20 -3 -13 -9 34 -12 56 37 38 39 -32 -23 54 -17 -1 -18 47 -47 -46 -2 -6 -51 -38 -50 -54 -26 -29 -14 -30 59 -44 -11 -60
right_child=2 9 10 5 7 14 18 32 24 16 11 31 35 23 17 42 44 -19 29 20 27 25 -24 -25 41 -27 -28 55 57 -31 36 -33 -34 -35 -36 -37 51 -39 -40 -41 -42 -43 58 -45 45 46 -48 -49 52 50 -52 -53 53 -55 -56 -57 -58 -59 61 -61 -62 -63
leaf_value=-0.011770748549707628 0.0018914193934596391 -0.0014581268195684061 0.0029857977592710402 -0.002888322617319927 -0.00034371394023159586 0.0012972489888761539 0.00056340622588451511 -0.00032627659226954538 0.00024247213496172648 0.00071659314535723164 0.0020055150836576453 0.0064273715943692529 -0.00083786413985801104 -0.00020690458309617908 0.0019241639440769019 -0.0015783020131352997 -0.0042368529683377339 -0.0097529633740987259 -0.0020061219228088146 -0.0015607251103611297 0.0027793057880378313 -0.0045102281263651013 -0.0023378911810310798 0.0079263071277494383 0.0014323189257492252 -0.0017650965825413765 -0.0024370083320038381 -0.0018294740870646907 0.0017719238874107468 0.00077156923842844891 -0.003396724221097411 0.00099780913511064999 -0.0032362420584053629 0.0038693628957532943 -0.00045542101562121571 0.0015649936526784991 -0.00079404920238955511 -0.0017606361055533171 0.0011417047150021542 0.00076804418688601215 -0.0022248394018170889 -0.00039709354879198245 -1.8744205436767023e-05 -0.0063625612346902205 -0.00089343057712487628 0.00031762011479154141 -0.0025607262167736742 -0.0021207902176412483 -0.00069389776261737698 0.0018213507256817428 -8.1086954252729274e-05 0.00019455311513685736 0.00014667102248765217 0.001289720889593564 0.003355919782356249 0.00022817575706066682 0.0009666837762183 -0.00035351365685794885 0.00021020753446124641 0.0036147338123391215 -0.0011945135431295295 -0.0013434501431025313
leaf_weight=2444 159 173 2231 190 48 48 96 202 148 123 85 484 196 43 57 91 299 634 77 83 62 1156 234 2778 1552 1377 543 101 80 298 59 50 251 201 41 91 108 246 89 47 109 41 56 310 409 106 88 176 43 103 40 269 155 107 519 625 81 61 410 136 77 45
leaf_count=2444 159 173 2231 190 48 48 96 202 148 123 85 484 196 43 57 91 299 634 77 83 62 1156 234 2778 1552 1377 543 101 80 298 59 50 251 201 41 91 108 246 89 47 109 41 56 310 409 106 88 176 43 103 40 269 155 107 519 625 81 61 410 136 77 45
internal_value=0.000219612 -0.00837539 0.0087493 -0.0106687 0.00501297 -0.00883506 -0.00292969 -0.00213953 0.00629449 -0.00259807 0.0112144 0.00764634 0.00463362 0.0120572 -0.0101809 -0.000390173 -0.00558249 -0.0103843 -2.12465e-05 0.00315494 0.00118693 -0.00965772 -0.00407855 0.0135489 0.00814684 -0.0104654 -0.00608985 0.00231939 0.0102781 0.00355053 -0.00270665 0.0115514 -0.00584802 0.00964939 0.00401575 0.000162602 -0.00150183 -0.00403846 0.000229592 -0.00616822 -0.0122393 0.00864647 0.00271989 -0.013873 -0.00692308 -0.00548077 -0.000307692 -0.00719283 0.00683871 0.00664062 0.0096875 0.00146825 0.00436275 0.00604563 0.00888272 0.00144429 -0.00221223 0.00348592 0.00377315 0.00792746 0.00164179 0.00200658
internal_weight=21241 10580 10661 7573 4239 4819 895 644 3595 3007 6422 1229 695 5193 3924 1729 1278 3876 705 1335 871 3242 330 2821 2260 2642 600 788 2372 375 991 534 453 327 126 368 818 441 195 106 1265 2112 738 2754 1078 779 194 585 464 191 143 377 305 262 2071 726 277 141 647 192 200 455
internal_count=21241 10580 10661 7573 4239 4819 895 644 3595 3007 6422 1229 695 5193 3924 1729 1278 3876 705 1335 871 3242 330 2821 2260 2642 600 788 2372 375 991 534 453 327 126 368 818 441 195 106 1265 2112 738 2754 1078 779 194 585 464 191 143 377 305 262 2071 726 277 141 647 192 200 455
is_linear=0
shrinkage=0.03


Tree=27
num_leaves=63
num_cat=0
split_feature=9 9 9 9 20 3 10 15 10 11 7 0 10 15 16 4 3 0 12 10 12 25 22 25 11 7 10 3 25 7 11 18 7 16 15 11 16 12 0 8 12 22 7 7 3 0 22 5 7 18 20 3 21 18 7 10 2 12 12 25 8 23
split_gain=1653.71 156.238 113.75 37.1833 30.2063 23.8533 21.8319 17.7233 16.7895 13.1144 12.9705 12.7761 12.3137 12.2432 12.2132 11.9692 11.9033 11.695 11.1191 10.9529 10.3727 9.72358 8.69207 8.20416 8.19616 8.28666 7.90153 7.55018 7.53453 9.71651 7.29591 9.15508 7.22779 8.05275 6.90559 6.64815 6.4253 22.2613 16.4197 9.55057 8.33238 6.38465 6.35533 5.93635 6.95856 11.6446 6.06922 6.28659 5.73872 5.66932 5.39636 5.33395 5.28919 5.17082 7.07064 5.11723 4.93147 4.90984 10.626 4.93979 6.21283 7.43615
threshold=2800.48 3200.7650000000008 2135.5300000000007 4133.8250000000007 -15233.249999999998 1.0000000180025095e-35 2350.8550000000005 4900.826822916667 3400.2600000000007 2219.5400000000004 -0.99866806308218525 30.500000000000004 2700.0650000000005 5017.9949479166671 6000.880000000001 1.0000000180025095e-35 1.0000000180025095e-35 22.500000000000004 3754.5552232142863 3040.0350000000003 4482.8633110119054 15.425000000000002 5840.0669791666678 17.905000000000005 2250.0450000000005 0.55923163791368669 3080.0950000000007 1.0000000180025095e-35 16.885000000000002 -0.88622299073327826 3879.8350000000005 13670.150000000003 -0.099819732675876835 4466.1100000000015 3278.1511458333339 2210.4700000000007 7599.6750000000011 2608.1879836309531 45.500000000000007 0.99138911339924218 2807.0266666666671 3698.9516369047619 -0.99275805973510278 -0.99467753128998015 1.0000000180025095e-35 19.500000000000004 3481.9996664186515 0.22695468355932452 0.99966190462023474 9064.9000000000015 -14115.949999999999 1.0000000180025095e-35 5069.3433333333342 10772.750000000002 -0.63255557784149707 2161.6200000000003 9.5000000000000018 4511.3924851190486 4872.5734672619055 19.275000000000002 -0.99761278905001471 22.506250000000005
decision_type=2 2 2 2 2 2 2 2 2 2 2 2 2 2 2 2 2 2 2 2 2 2 2 2 2 2 2 2 2 2 2 2 2 2 2 2 2 2 2 2 2 2 2 2 2 2 2 2 2 2 2 2 2 2 2 2 2 2 2 2 2 2
left_child=2 8 6 5 19 7 9 12 16 48 -5 15 -3 -9 21 53 20 -18 52 22 26 -6 24 -15 -4 36 42 -8 29 -14 31 -12 -30 -34 -31 -13 38 -38 -26 51 -40 55 -2 -16 46 -46 -45 -48 -1 -32 -44 -39 -11 54 -7 -27 -55 59 -59 -35 -61 -62
right_child=1 3 4 10 14 11 27 13 -10 18 30 35 28 23 43 -17 17 -19 -20 -21 -22 -23 -24 -25 25 41 -28 -29 32 34 49 -33 33 57 -36 -37 37 39 40 -41 -42 -43 50 44 45 -47 47 -49 -50 -51 -52 -53 -54 56 -56 -57 -58 58 -60 60 61 -63
leaf_value=-0.0089892408033895779 -0.00084942642445712474 0.00030178690440439747 -0.002979419354095807 -0.00020069744560330171 -0.0030508296105998412 0.0017875388417316173 -0.0019142663762078804 -0.0013130952206874902 0.0023204761712702113 -0.0024109441390374187 0.0031663412156669856 -0.0014391449971038384 0.0026203141065547441 -0.0013519923172122716 0.00076475362352083735 -0.00045537848014884472 0.00024007039814952336 -0.0007628664082854319 -0.0066808940480530942 0.00022520342041117746 -0.0012296769251868955 0.0012946821486920434 4.0781724105443115e-05 0.0023297071973518691 -0.0026100578912058746 -0.0019875661726678562 0.00088945560788522115 -0.0082732389047744971 0.0034369258708428418 0.003020152565495717 0.0037236408101800752 0.005854937584666633 -0.00037095537907422482 0.0028654899157809941 -0.00060478900154563135 0.00060657455489046444 0.0024171545544686302 -0.0014409892653088052 -0.0031341416744496528 0.00013630357687647533 0.00063820377464685941 -0.0012894378606955257 -2.789117356182924e-05 4.8890756452939494e-05 0.00017436139610576884 -0.0036195326769151315 -0.00010443904100756462 -0.001830722075172746 -0.0027247368796543812 0.0078336894701201924 0.00041341582351670067 -0.0023050417927470688 0.0018014048594684117 0.0027063068046715697 -0.00043999170348143932 0.00018716470639692061 0.00067606178869027644 -0.0004711011834176659 0.002384518353899434 0.0065811746246200453 0.0016195245997691198 -0.0011950255648415186
leaf_weight=3672 70 132 1011 61 51 119 421 47 467 395 176 48 403 41 64 54 259 590 423 122 147 251 131 107 368 49 443 113 966 105 45 767 59 1015 72 623 56 710 44 106 82 72 354 366 112 271 162 206 52 2512 1053 277 42 349 60 157 65 63 106 48 48 48
leaf_count=3672 70 132 1011 61 51 119 421 47 467 395 176 48 403 41 64 54 259 590 423 122 147 251 131 107 368 49 443 113 966 105 45 767 59 1015 72 623 56 710 44 106 82 72 354 366 112 271 162 206 52 2512 1053 277 42 349 60 157 65 63 106 48 48 48
internal_value=0.000230888 0.00793283 -0.00883723 0.0101849 -0.0054487 0.00839266 -0.0119262 0.00977001 0.0025133 -0.0125954 0.012486 0.00498105 0.0103278 0.000994898 -0.00191038 0.00798611 0.0016661 -0.00132353 -0.00923345 -0.0070951 0.0028941 0.00346535 -0.00744615 0.0052349 -0.00778384 -0.00662591 0.00348256 -0.00616822 0.0107311 0.007642 0.0127249 0.0104396 0.011489 0.0100829 0.00176966 0.00207589 -0.00743613 -0.00619565 -0.010303 -0.00714351 -0.000944882 -0.00182796 0.00242558 -0.0032868 -0.00379696 -0.00707031 -0.00208163 -0.00479675 -0.0133691 0.0135633 0.00286577 -0.00806174 -0.00585616 0.00921717 0.00491667 0.000869565 0.0110602 0.0105643 0.00573529 0.0112629 0.006 0.00154639
internal_weight=21308 11522 9786 8139 4668 4578 5118 3260 3383 4584 3561 1318 3065 195 1483 647 2916 849 860 3185 2067 302 3063 148 2932 1921 1920 534 2933 580 3500 943 2353 1387 177 671 1643 1149 494 1093 126 278 1477 1181 1117 383 734 368 3724 2557 1407 987 437 593 179 206 414 1328 169 1159 144 96
internal_count=21308 11522 9786 8139 4668 4578 5118 3260 3383 4584 3561 1318 3065 195 1483 647 2916 849 860 3185 2067 302 3063 148 2932 1921 1920 534 2933 580 3500 943 2353 1387 177 671 1643 1149 494 1093 126 278 1477 1181 1117 383 734 368 3724 2557 1407 987 437 593 179 206 414 1328 169 1159 144 96
is_linear=0
shrinkage=0.03


Tree=28
num_leaves=63
num_cat=0
split_feature=9 9 11 11 10 20 9 1 1 17 14 6 1 1 12 2 7 20 7 10 0 17 15 1 25 17 25 7 8 17 14 6 15 14 10 12 15 12 15 12 7 6 8 8 20 14 1 0 21 17 18 18 7 14 6 9 14 14 17 8 17 17
split_gain=1629.95 174.04 100.546 42.7971 26.6144 25.715 20.3771 20.0744 19.8396 16.7187 16.3871 15.9729 13.6051 12.2578 11.5224 11.2376 10.7224 10.6009 10.3672 9.92507 9.3472 11.2809 10.5208 9.41432 9.2728 8.74571 8.29131 10.2582 8.83637 8.9538 9.32497 7.91445 8.46878 9.77724 7.76386 7.73775 7.54894 7.46232 9.27263 7.40147 9.66687 7.8861 7.29333 7.23638 7.19808 7.73956 7.02019 10.2336 8.25254 7.22044 6.92104 6.91972 6.77034 6.5478 6.38055 6.72323 6.27224 8.45251 6.26204 6.23774 6.17468 7.38287
threshold=2767.8750000000005 3149.2050000000004 2250.0450000000005 3300.1350000000007 2070.2900000000004 -14979.599999999999 4354.7850000000008 5.5000000000000009 5.5000000000000009 1417.7450000000001 985.92641652994905 -0.19509032201612839 1.0000000180025095e-35 4.5000000000000009 4511.3924851190486 11.500000000000002 -0.99866806308218525 -18273.249999999996 0.70517752626968588 2440.4750000000004 59.500000000000007 99.415000000000006 2855.751197916667 1.5000000000000002 18.880000000000006 2449.7550000000006 18.575000000000003 0.71726873870877716 0.99855310097228334 999.6500000000002 2738.3384786993138 -0.032701564615071448 4289.4120833333336 2023.189220555096 2700.0650000000005 3764.9851860119056 2412.4126562500001 4409.2738318452384 3073.6731770833335 4511.3924851190486 0.99274428880883148 -0.3520614488341256 -0.82534204880952677 -0.99486055365577253 -9035.7499999999982 2662.3621742407736 1.0000000180025095e-35 23.500000000000004 4230.0166666666673 2360.6600000000003 17096.900000000005 11372.450000000003 0.99966190462023474 2759.5994295377473 -0.77259657388510605 2080.2100000000005 2152.2219207903777 1964.8671774857194 1320.8200000000004 -0.54219087765047058 1008.6950000000001 1405.9250000000004
decision_type=2 2 2 2 2 2 2 2 2 2 2 2 2 2 2 2 2 2 2 2 2 2 2 2 2 2 2 2 2 2 2 2 2 2 2 2 2 2 2 2 2 2 2 2 2 2 2 2 2 2 2 2 2 2 2 2 2 2 2 2 2 2
left_child=2 8 4 7 42 10 13 19 17 54 -4 -10 36 34 20 31 -8 58 -13 -3 22 -22 -12 56 37 46 28 -28 29 30 -24 -9 33 -33 -5 -35 -7 38 -15 -36 41 -41 -1 -21 -45 -46 47 48 -19 60 -11 -39 -44 -47 -6 -56 57 -23 -2 -25 -48 -62
right_child=1 3 5 6 9 12 16 15 11 50 14 18 -14 24 -16 -17 -18 25 -20 43 21 23 26 59 -26 -27 27 -29 -30 -31 -32 32 -34 35 39 -37 -38 51 -40 40 -42 -43 52 44 45 53 49 -49 -50 -51 -52 -53 -54 -55 55 -57 -58 -59 -60 -61 61 -63
leaf_value=-0.005105811723118618 0.00025942069788846388 -0.00030682920957319837 0.0015702320935306346 0.00038331067580572588 0.00070256294039402253 -0.002039275069580535 -3.495115260559345e-05 -7.5607407454665314e-05 -0.0046332810070477673 -0.0041123336510503613 -0.0027974309300255215 -0.00037896593986649126 -0.00073744905085074911 -0.00026914184043667964 -0.0073974702348529407 -0.0016216888220494674 0.0078096256819076967 0.00053945619714050423 0.00074775766500851043 -0.00030705183317595084 0.0031714362804129469 -0.00069406653416280938 0.0012279034061772709 3.7676528742789369e-05 0.0035491941974820839 -0.00032418765597626905 0.00039888629782611315 -0.0019846955732308481 0.00034723710103173655 -0.0014677659414814581 -0.0033862596374257059 0.0026513189240008296 0.0032682953783493662 -0.0011733173788857298 0.0031732122854537526 0.0015367292290397038 0.0018697018945668953 -0.0019911974637604503 0.001974509056544207 -0.00072657358559833794 -0.00045414662374630764 0.0026147322925850424 -0.0091113082250412255 0.00071994362235755277 0.0024803886500445668 -0.00079180138514982617 0.00086185705401116582 0.0039685707317946937 -0.00060279328267702763 0.0012532412998662633 -0.00092437149128944186 0.00058591634897898538 -0.0019596966623028232 0.0010058647860081392 -0.0039259093434765987 -0.00054639276518444915 -0.0014521502852560798 0.0013497464762343768 -0.0039624361164773076 -0.0035921482486033439 -0.0002252443344364785 0.00024174489015122092
leaf_weight=389 59 63 69 76 85 75 53 247 185 975 648 210 824 114 302 81 2738 104 74 62 52 88 70 76 221 238 94 121 40 1057 54 85 100 68 2234 47 176 40 382 41 63 334 3362 214 1009 74 412 246 56 62 105 108 51 163 136 208 147 68 75 326 173 1213
leaf_count=389 59 63 69 76 85 75 53 247 185 975 648 210 824 114 302 81 2738 104 74 62 52 88 70 76 221 238 94 121 40 1057 54 85 100 68 2234 47 176 40 382 41 63 334 3362 214 1009 74 412 246 56 62 105 108 51 163 136 208 147 68 75 326 173 1213
internal_value=0.000209633 0.00771429 -0.00895718 0.00990891 -0.0117159 -0.00553755 0.0111522 0.00630759 0.00162645 -0.00833444 -0.00688142 -0.00405319 -0.00151952 0.00965827 -0.00719943 0.00176471 0.013082 0.00263736 0.000421053 0.0081053 -0.00660274 -0.00374011 -0.00764029 -0.00473796 0.00653002 0.00307784 -0.00620042 -0.000763889 -0.0071563 -0.0076269 0 0.00331204 0.00657807 0.00298507 0.0106402 -0.00271552 0.00458333 0.00469767 0.00645875 0.0109091 0.00731207 0.00913564 -0.0130555 0.00858831 0.00901437 0.00988773 0.0036524 0.00722359 0.00130435 0.00286943 -0.0103238 -0.00120805 -0.0135018 0.00497899 -0.00331395 -0.00513043 -0.000740132 0.00343949 -0.00555556 -0.00774194 0.00251807 0.00155732
internal_weight=21322 11724 9598 8617 5311 4287 6404 2213 3107 1509 3212 469 1075 3613 3143 628 2791 2638 284 1585 2841 757 2084 705 865 2504 1436 215 1221 1181 124 547 300 200 2748 115 251 644 496 2672 438 375 3802 1522 1460 1246 2266 406 160 1860 1080 148 3413 237 429 344 303 156 134 402 1798 1386
internal_count=21322 11724 9598 8617 5311 4287 6404 2213 3107 1509 3212 469 1075 3613 3143 628 2791 2638 284 1585 2841 757 2084 705 865 2504 1436 215 1221 1181 124 547 300 200 2748 115 251 644 496 2672 438 375 3802 1522 1460 1246 2266 406 160 1860 1080 148 3413 237 429 344 303 156 134 402 1798 1386
is_linear=0
shrinkage=0.03


Tree=29
num_leaves=63
num_cat=0
split_feature=9 9 9 9 10 3 20 16 10 9 0 15 14 3 9 22 17 22 10 0 7 14 15 15 0 25 7 10 16 20 17 5 12 25 22 12 2 14 20 12 16 14 18 3 7 15 22 22 25 23 22 3 25 6 25 7 16 14 16 25 22 25
split_gain=1554.37 161.171 103.3 40.9497 26.9865 23.0929 22.9478 22.6168 19.0546 18.0181 15.1066 14.7263 14.2337 15.3596 14.0247 13.7075 11.9975 15.6084 11.7607 10.7412 10.5502 10.3052 10.0797 10.251 8.43949 7.84376 10.1646 8.40233 7.86379 7.71684 7.65967 7.57516 7.33588 7.15298 6.69134 6.41347 6.39705 6.27597 8.33849 5.65184 5.60596 5.58646 5.29927 7.47502 5.23667 6.68852 5.17253 8.89138 8.30885 7.0416 5.46107 5.12846 9.5491 4.90721 4.73459 4.61447 4.49577 5.94866 4.47033 7.44887 5.36353 4.39128
threshold=2767.8750000000005 3200.2050000000004 2064.5850000000005 4399.2650000000003 3000.3950000000004 1.0000000180025095e-35 -31707.999999999996 9854.590000000002 3434.3100000000004 2530.8550000000005 29.500000000000004 4900.826822916667 976.32160611551865 1.0000000180025095e-35 3000.4550000000004 5482.9452796378973 999.88000000000011 5428.6355791170645 2700.0650000000005 30.500000000000004 -0.99940763397299126 2189.3924354751302 3826.9975520833336 4197.9447395833349 32.500000000000007 16.885000000000002 -0.108376950152639 3689.7850000000003 4466.1100000000015 -18974.899999999994 1895.6900000000003 -0.52778511650980109 2807.0266666666671 20.580000000000002 5706.3115562996036 3471.5308854166674 10.500000000000002 1245.9229563567992 -15377.299999999999 4222.1409598214295 7599.6750000000011 1915.0207982387251 11191.900000000003 1.0000000180025095e-35 -0.88622299073327826 3278.1511458333339 3764.7323933531757 3939.9888963293656 19.275000000000002 17.256250000000005 3181.3910726686513 1.0000000180025095e-35 19.480000000000004 -0.3520614488341256 18.265000000000004 -0.67166439702596292 6000.880000000001 1978.793613624701 6850.3900000000003 16.640000000000004 4831.9821868799618 15.370000000000003
decision_type=2 2 2 2 2 2 2 2 2 2 2 2 2 2 2 2 2 2 2 2 2 2 2 2 2 2 2 2 2 2 2 2 2 2 2 2 2 2 2 2 2 2 2 2 2 2 2 2 2 2 2 2 2 2 2 2 2 2 2 2 2 2
left_child=2 8 6 5 9 11 -1 35 14 12 16 18 -4 19 29 54 17 -7 -3 22 -5 34 58 -24 -16 27 -27 44 -28 -2 -23 -6 40 42 56 61 -33 -11 -39 -31 -15 -26 43 -22 -20 -46 48 49 53 -48 -50 52 55 -30 -13 -9 57 -21 -14 60 -60 -8
right_child=1 3 4 20 31 10 7 51 -10 37 -12 15 13 32 24 -17 -18 -19 25 21 33 30 23 -25 41 26 28 -29 46 39 -32 36 -34 -35 -36 -37 -38 38 -40 -41 -42 -43 -44 -45 45 -47 47 -49 50 -51 -52 -53 -54 -55 -56 -57 -58 -59 59 -61 -62 -63
leaf_value=-0.011345808818538127 -0.0026745009584260072 0.00033759419691526738 0.0011595797149785403 -0.00066694847181841149 0.0014336140064732739 0.0030234902052017707 -0.0027928309301996721 -0.0079923599061380111 0.0024707476060234954 0.00032049474818637066 0.00049306815906157374 -0.00077272025741594421 -0.0026027668886338426 -0.0011105235694813941 0.00080057303527535594 -0.0012612391617492058 0.002321984371907657 -0.0019354822015931283 0.0014588615659380721 -0.00098828725057998668 0.0084334613111128401 -0.0022676547292195971 0.00033647405144787256 -0.0014173198065838921 0.00065834876733585903 0.0035697893915414801 -0.00043776104157531746 0.0048029674539664486 0.0019728599389284619 7.6632065315105356e-05 -0.0034734874980371089 -0.0019731976128667659 -0.0040081990924601962 0.00063885129710080865 0.0016555579622443784 -0.0026288566081411301 0.0020435537174838593 -0.0014261723504913348 -0.00028762923725658137 -0.00074282705979388907 0.00049891501049541091 4.5296772635641245e-05 0.0075345668190757381 0.00067169506727189794 0.0027065320834077687 -0.00061433316210219853 0.0019470071428249369 0.0029459176653681496 0.001824991549515733 -0.00057686598111875045 -0.00077562907010340963 -0.010560129799915012 0.00014489243595623867 0.0030611264521462366 0.0021813740126537338 -0.0028019026463146977 -0.00074744660224076661 0.0012757484062411262 0.00071610995057368675 -0.0016396641310062953 -0.0023814765705471963 -9.8394733916822288e-05
leaf_weight=2229 86 132 46 42 183 89 102 532 430 74 818 41 290 46 534 67 620 63 275 87 89 398 111 67 150 1095 63 257 239 1446 247 173 776 42 43 428 56 543 629 308 52 521 2693 70 60 74 86 246 47 70 40 557 69 799 121 518 510 45 51 343 44 232
leaf_count=2229 86 132 46 42 183 89 102 532 430 74 818 41 290 46 534 67 620 63 275 87 89 398 111 67 150 1095 63 257 239 1446 247 173 776 42 43 428 56 543 629 308 52 521 2693 70 60 74 86 246 47 70 40 557 69 799 121 518 510 45 51 343 44 232
internal_value=0.000349611 0.00765878 -0.00868013 0.00994417 -0.00559502 0.00836696 -0.0118605 -0.0098401 0.00223964 -0.00628208 0.00533627 0.00966335 -0.00748812 -0.00773385 0.00140348 0.00228261 0.00834411 0.000784314 0.0101478 -0.00641037 0.0127886 -0.0046882 -0.00893054 -0.00251397 0.00391791 0.0104937 0.0112193 0.00755622 0.00967316 -0.000244432 -0.00740712 0.00174334 -0.0111086 0.0130052 -0.00212099 -0.00554391 -0.0018913 -0.00322374 -0.00375959 0.000188034 -0.00333333 0.00167411 0.0131861 0.00778125 0.00486585 0 0.0101014 0.0071464 0.0111501 0.00152866 0.00221591 -0.0117889 -0.0105938 0.0118961 0.00699387 -0.0113035 -0.00289269 0.00203008 -0.0104938 -0.00854214 -0.00109375 -0.00241791
internal_weight=21194 11713 9481 8238 4814 5302 4667 2438 3475 4402 1590 3712 3156 3110 3045 229 772 152 3483 2236 2936 1330 906 178 1205 3351 2685 666 1590 1840 645 412 874 2894 685 762 229 1246 1172 1754 98 671 2852 159 409 134 1527 402 1125 156 87 1676 1119 1038 162 1050 642 132 728 438 95 334
internal_count=21194 11713 9481 8238 4814 5302 4667 2438 3475 4402 1590 3712 3156 3110 3045 229 772 152 3483 2236 2936 1330 906 178 1205 3351 2685 666 1590 1840 645 412 874 2894 685 762 229 1246 1172 1754 98 671 2852 159 409 134 1527 402 1125 156 87 1676 1119 1038 162 1050 642 132 728 438 95 334
is_linear=0
shrinkage=0.03


Tree=30
num_leaves=63
num_cat=0
split_feature=10 10 10 1 1 6 18 1 12 18 10 6 27 10 1 27 27 26 4 26 16 0 0 25 15 14 12 15 7 25 10 0 27 8 12 25 15 14 26 27 16 12 12 16 5 1 2 14 15 17 15 6 15 25 8 15 5 10 25 26 26 13
split_gain=1393.71 174.747 114.752 48.4071 33.8477 26.3927 22.2205 20.6168 23.6042 19.5882 18.7637 18.7625 15.9785 15.7832 14.5321 21.295 13.8675 13.7743 13.7707 13.464 13.0153 12.3518 12.2225 12.096 14.1786 11.1237 11.0825 20.7773 11.5344 10.0807 9.88977 16.6878 9.73406 9.23904 9.17633 8.90545 9.60324 8.84828 10.8415 10.9014 8.19689 8.0545 7.94386 7.82311 7.64139 7.24543 8.37879 7.2291 7.2148 7.21276 9.69495 7.09015 7.08139 9.23604 7.00674 12.9315 6.74708 6.70855 6.45883 6.37932 6.48809 6.13605
threshold=2769.7650000000008 3412.1150000000002 2000.7950000000003 5.5000000000000009 5.5000000000000009 -0.77259657388510605 15270.1 3.5000000000000004 2824.4009598214293 13106.35 3092.6000000000004 -0.097964660725097366 -0.04500000000000081 4010.8900000000008 5.5000000000000009 0.13999999999999882 0.58000000000000018 11.325000000000001 1.0000000180025095e-35 5.7800000000000002 4396.0600000000004 64.500000000000014 24.500000000000004 19.125000000000004 4547.3495312500008 1907.9963504114091 3815.8028720238099 2368.5494791666674 0.7957718639449195 17.450000000000003 4451.2400000000007 25.500000000000004 0.81499999999999961 -0.88718477985951061 4511.3924851190486 19.275000000000002 6474.4950520833345 2142.9984708367851 7.1200000000000001 0.054999999999999723 4396.0600000000004 2716.0820163690482 6326.3696056547624 9854.590000000002 -0.22695468355932472 2.5000000000000004 2.5000000000000004 1964.8671774857194 4558.8881250000004 99.965000000000018 4539.8964062500008 0.29012925520284116 2546.3523437500003 14.840000000000002 0.6174544326165855 3337.5410937500005 0.88144907265856365 1629.7200000000003 18.765000000000004 6.7400000000000011 9.9500000000000011 8999.7050000000017
decision_type=2 2 2 2 2 2 2 2 2 2 2 2 2 2 2 2 2 2 2 2 2 2 2 2 2 2 2 2 2 2 2 2 2 2 2 2 2 2 2 2 2 2 2 2 2 2 2 2 2 2 2 2 2 2 2 2 2 2 2 2 2 2
left_child=2 3 5 10 13 29 12 9 16 21 26 -5 51 18 15 37 41 34 20 -7 22 23 -3 52 -25 -23 27 44 32 -1 31 -8 47 -21 40 36 45 -10 39 -39 -12 -9 -15 -20 -2 46 -11 -29 -36 -28 -51 -6 -4 -54 55 -13 -55 -31 -52 -58 -61 -17
right_child=1 4 7 11 6 19 30 8 14 35 17 54 -14 42 -16 61 -18 -19 43 33 -22 25 -24 24 -26 -27 49 28 -30 57 -32 -33 -34 -35 48 -37 -38 38 -40 -41 -42 -43 -44 -45 -46 -47 -48 -49 -50 50 58 -53 53 56 -56 -57 59 -59 -60 60 -62 -63
leaf_value=-0.013054067015217016 0.00061252133274570576 -0.0016099304439287465 -0.0029112546124521808 -0.0039809686134853004 0.00014123887581549255 4.8971855529367221e-05 0.0048855715326888566 -0.0010868988132856927 0.00053611732358476154 -0.00015239320058082483 -0.0005845490442740475 -0.002314723760764865 -0.00037938516356073038 0.0069387567547976479 -0.0057894006302610015 -0.00019733514042550305 0.0021055246304511233 -0.0008465204392656034 -0.00066949222615837907 0.00013799419887961406 0.0026826616604043439 -0.0019393759507483521 0.0045377561551793646 -0.0026225896125590875 0.0021633230608913935 0.00028278323116546654 0.00268203391943322 0.0001212623899785381 0.0025288161551816125 -0.0084550012345773681 0.0055351614725569218 -0.00044169106963430236 -0.0019213179277181335 -0.0048504490206887898 -0.0019739502613781213 -0.0077830529810885181 -0.0049733985980265506 0.0010145952503983668 -0.0017450480642743481 -0.00045673896876810002 0.0014085580908123152 0.00025345367549852062 0.0062781060923849446 0.0014757038921935895 -0.0028901467752347008 -0.00033340872295070764 0.00069017858614663476 0.00089178396733286642 0.00093591879560687367 -0.00062984544676450763 -8.0447889906460897e-05 0.0023886655661056189 0.00090655153194653339 -0.0016145682242700188 -0.0004836709008573958 0.00093587461141339643 -0.0012482972314559503 -0.0032439829308179477 0.0018778836929122455 0.0017858560750489527 -0.0027431701763381256 -0.0022459011026866272
leaf_weight=1811 49 55 243 329 117 162 97 154 145 329 58 41 314 2951 600 49 84 76 56 81 2250 100 52 78 55 298 54 540 163 715 467 138 53 900 57 57 46 90 334 64 1514 116 89 111 111 262 333 577 107 475 189 274 49 966 151 103 84 772 101 59 44 527
leaf_count=1811 49 55 243 329 117 162 97 154 145 329 58 41 314 2951 600 49 84 76 56 81 2250 100 52 78 55 298 54 540 163 715 467 138 53 900 57 57 46 90 334 64 1514 116 89 111 111 262 333 577 107 475 189 274 49 966 151 103 84 772 101 59 44 527
internal_value=0.000237727 0.00718131 -0.0082322 0.00274163 0.0102044 -0.0117683 0.00604048 -0.00519063 -0.00742375 -0.00358023 0.00392 -0.00504 0.00227337 0.0112561 -0.00880939 -0.00690496 -0.000338028 0.00620518 0.00949307 -0.0078278 0.0100827 -0.00532625 -0.000138889 -0.00651678 0.00212687 -0.000601504 0.00212711 0.00366466 0.0048913 -0.0131313 0.00981508 0.00476695 0.00384287 -0.00914969 0.00675302 -0.000218872 0.00046344 -0.00309937 -0.00503067 0.00154839 0.00745709 -0.00365314 0.0127162 0.00116071 -0.00652174 0.00113514 0.00280543 0.00444097 0 -0.000676829 -0.0014295 0.00631378 -0.00731328 -0.0063591 0.000456081 0.00517241 -0.00690208 -0.0112802 0.0028866 -0.00167553 0.00331731 -0.0110745
internal_weight=21326 11719 9607 4748 6971 4441 1407 5166 2163 3003 4124 624 705 5564 1809 1209 354 1812 2524 1143 2357 1976 107 1578 133 398 2312 1493 1333 3298 702 235 1170 981 1736 1027 970 633 488 154 1572 270 3040 167 160 924 662 1117 164 819 765 391 1445 1202 295 144 1153 1487 290 187 103 576
internal_count=21326 11719 9607 4748 6971 4441 1407 5166 2163 3003 4124 624 705 5564 1809 1209 354 1812 2524 1143 2357 1976 107 1578 133 398 2312 1493 1333 3298 702 235 1170 981 1736 1027 970 633 488 154 1572 270 3040 167 160 924 662 1117 164 819 765 391 1445 1202 295 144 1153 1487 290 187 103 576
is_linear=0
shrinkage=0.03


Tree=31
num_leaves=63
num_cat=0
split_feature=9 9 20 9 1 20 1 13 14 11 5 1 6 25 5 26 1 26 10 9 15 22 26 17 17 25 15 20 11 22 7 25 24 15 15 15 25 8 1 20 15 11 7 14 24 1 14 25 8 17 14 15 15 14 14 24 5 11 22 7 26 7
split_gain=1466.85 179.976 82.6439 42.8306 39.2384 36.715 22.5456 29.2904 20.8101 18.9027 18.3349 16.6929 16.0326 14.1867 14.1589 13.4202 12.7721 12.0204 10.9536 10.9423 10.754 18.3109 10.6427 10.1844 10.0427 9.61815 9.48341 8.62168 8.56768 7.99999 7.66263 7.44823 7.17157 7.14543 6.97023 12.2285 6.93843 6.91343 6.7705 6.70759 6.27329 6.23368 7.94088 7.29153 6.1006 6.03376 6.03082 5.93626 5.8227 5.81164 5.63747 5.61949 11.1866 5.51227 7.92869 5.45693 5.25429 5.12051 4.82653 5.7496 7.2225 6.58782
threshold=2717.6050000000005 3188.8800000000006 -30625.699999999993 4354.7850000000008 5.5000000000000009 -15233.249999999998 4.5000000000000009 8999.7050000000017 2656.7814433541139 3290.4450000000002 -0.52778511650980109 5.5000000000000009 -0.19509032201612839 18.075000000000003 -1.0000000180025095e-35 7.4750000000000005 1.0000000180025095e-35 9.7650000000000023 3617.0850000000005 3030.5050000000006 4900.826822916667 5482.9452796378973 10.460000000000003 1999.2000000000003 1016.2300000000001 20.600000000000005 2412.4126562500001 -9035.7499999999982 2701.9500000000003 3183.4811445932542 -0.99866806308218525 18.835000000000004 13.750000000000002 3980.3703125000006 2546.3523437500003 3278.1511458333339 19.255000000000006 -0.9629068873952128 5.5000000000000009 -18974.899999999994 2100.8732812500007 3879.8350000000005 0.90162119223771331 2637.8262630759596 1.0500000000000027 1.0000000180025095e-35 2274.5295421362925 17.165000000000003 -0.54940789553007929 249.05500000000004 3652.4790434721231 4197.9447395833349 3886.5899479166669 2419.5683125654373 2271.552732555057 3.1500000000000008 -0.77259657388510594 4147.2800000000016 3173.5561941964284 0.68037272099988588 8.1150000000000002 -0.16799356919963607
decision_type=2 2 2 2 2 2 2 2 2 2 2 2 2 2 2 2 2 2 2 2 2 2 2 2 2 2 2 2 2 2 2 2 2 2 2 2 2 2 2 2 2 2 2 2 2 2 2 2 2 2 2 2 2 2 2 2 2 2 2 2 2 2
left_child=2 9 56 4 17 6 8 -8 10 11 40 19 -13 23 -6 -16 26 20 22 39 27 -22 29 24 34 30 -7 -3 32 -19 -5 -14 37 -24 -12 -36 38 -10 53 -2 -4 42 43 -32 -35 -42 -41 55 -30 50 -43 52 -25 54 -18 -17 -1 -11 -15 60 61 -60
right_child=1 3 5 25 14 16 7 -9 28 57 13 12 31 58 15 47 36 18 -20 -21 21 -23 33 51 -26 -27 -28 -29 48 -31 41 -33 -34 44 35 -37 -38 -39 -40 46 45 49 -44 -45 -46 -47 -48 -49 -50 -51 -52 -53 -54 -55 -56 -57 -58 -59 59 -61 -62 -63
leaf_value=-0.001979792276153418 -0.0020561350997694515 0.00086038086141585694 0.0038093250249932528 0.00083600487615637315 -0.0005012542056260338 -0.0029863358284073537 0.0014880845183629177 -0.0048037804001029635 -0.00089269543175130028 0.00083168399523557922 -0.0023062562262596751 -0.0043682661050917738 -0.0004868418580829381 0.00051350159573985369 -0.0001967543386968984 -0.00010947797082584643 -0.0005299128859901891 0.0011013587333697484 0.0028724976347577779 0.00073313629204532218 0.0015196886868043436 -0.0013309822063001064 0.0021059795592907626 -0.0010415057681681184 -0.002413720676449791 -0.00066424646454187552 0.001633757348805509 0.0024505615893872165 -0.00024938326580496549 -0.0013401220905804579 0.0046334856900331544 0.00043178773030947413 -0.0002515279288994421 0.0019443509081331634 0.00081903859633432493 -0.0035508004782099523 0.0012934942798958637 -0.0059236605158861531 -0.0057220757666191615 0.0001604997631494065 0.00058546196988407573 0.01599421313633094 0.0081311328025336395 0.00045205892078843842 -0.0017474937974976256 -0.00090369339660276268 -0.0002929666536227948 0.0028496196096312954 -0.0038311052580165669 0.0078448091193084758 -0.0010187729980422233 -0.0010732104189447166 0.00051485252492570414 -0.0017249597505360015 0.00070650900457277285 0.0023897412992805833 -0.010400839310530144 0.0034659034875600182 0.00049098690771585572 -0.0021329159164882581 0.00069584407649574847 -0.00083309851205997092
leaf_weight=70 108 244 47 53 312 77 69 1439 52 683 249 213 203 47 147 68 425 66 380 594 211 71 165 168 874 47 172 3271 123 108 364 66 57 46 133 81 67 770 122 1071 147 45 244 97 43 396 542 186 95 2122 43 108 129 246 80 55 2470 197 73 176 78 205
leaf_count=70 108 244 47 53 312 77 69 1439 52 683 249 213 203 47 147 68 425 66 380 594 211 71 165 168 874 47 172 3271 123 108 364 66 57 46 133 81 67 770 122 1071 147 45 244 97 43 396 542 186 95 2122 43 108 129 246 80 55 2470 197 73 176 78 205
internal_value=0.000329407 0.00721905 -0.00866158 0.00964477 0.00803591 -0.00691396 -0.00794454 -0.0110736 -0.00676478 0.00168434 -0.00543441 0.000477127 -0.00459627 -0.00663437 0.00175553 0.00512035 -0.00213025 0.00908272 0.00574784 0.00153497 0.00979068 0.00413428 0.00244755 -0.00798623 -0.00924888 0.0125083 0.0039 0.0102432 -0.0102869 -0.00325714 0.0127215 0.000277778 -0.011608 0.00635294 -0.00565733 -0.00167442 -0.00373007 -0.0123208 -0.00444508 0.0003223 -0.00071066 0.012927 0.010432 0.00808442 -0.0005 -0.00162684 0.00080855 0.00866129 -0.00493151 0.0137178 0.00606742 -0.00380542 -0.00166107 -0.00337101 -0.00157115 0.00350806 -0.0132704 0.00551646 -0.00256034 -0.00337711 -0.00117647 -0.00344086
internal_weight=21310 12065 9245 8388 5373 6705 5516 1508 4008 3677 2911 2797 482 2321 768 456 1189 4605 808 2315 3797 282 428 1742 1337 3015 249 3515 1097 174 2968 269 879 254 463 214 940 822 873 1721 590 2915 705 461 89 543 1613 309 218 2210 88 405 297 751 505 123 2540 880 579 532 356 278
internal_count=21310 12065 9245 8388 5373 6705 5516 1508 4008 3677 2911 2797 482 2321 768 456 1189 4605 808 2315 3797 282 428 1742 1337 3015 249 3515 1097 174 2968 269 879 254 463 214 940 822 873 1721 590 2915 705 461 89 543 1613 309 218 2210 88 405 297 751 505 123 2540 880 579 532 356 278
is_linear=0
shrinkage=0.03


Tree=32
num_leaves=63
num_cat=0
split_feature=9 20 10 9 1 0 1 1 10 0 9 21 0 9 4 17 9 10 7 20 5 1 4 22 1 12 12 8 18 17 17 14 24 8 22 12 10 14 12 0 24 20 1 27 8 15 18 27 15 22 24 12 17 7 22 8 1 14 15 24 0 19
split_gain=1380.58 168.312 78.1059 40.3607 31.2557 44.21 31.1923 28.2239 26.8527 23.7268 22.6572 20.979 20.7992 14.9638 13.6696 13.3785 12.9728 12.6545 12.0554 11.5879 10.4326 9.9325 9.86712 12.6923 9.69137 8.6136 8.19456 8.19067 8.04459 8.01293 7.84809 7.78095 7.48797 7.42263 7.30838 7.18306 7.07456 8.22894 11.3853 10.1672 9.79532 6.94188 8.95846 6.67227 9.26555 6.61017 6.49168 7.08119 6.15775 7.69893 6.87252 6.71227 6.38203 6.14731 6.09523 5.86076 5.52211 5.50221 5.44293 5.33425 5.23499 5.22035
threshold=2717.6050000000005 -5460.1499999999987 1999.9550000000002 4354.7850000000008 1.0000000180025095e-35 23.500000000000004 5.5000000000000009 5.5000000000000009 3092.6000000000004 25.500000000000004 2530.8550000000005 3204.9283333333337 28.500000000000004 2000.4050000000004 1.0000000180025095e-35 200.68500000000003 1981.4800000000002 1800.6750000000004 -0.99866806308218525 -15700.549999999999 0.22695468355932452 4.5000000000000009 1.0000000180025095e-35 5428.6355791170645 5.5000000000000009 2807.0266666666671 4482.8633110119054 -0.94208510184480676 11050.350000000002 2505.9050000000002 1999.2000000000003 2170.923358937463 2.8562500000000015 0.97461712852231652 5597.2753162202389 4526.4478273809536 3689.7850000000003 2662.3621742407736 4014.8057217261908 31.500000000000004 2.0125000000000015 -38650.799999999996 1.0000000180025095e-35 -0.40499999999999753 0.6174544326165855 3404.3998958333336 13574.500000000002 -0.04500000000000081 3095.3279166666671 5187.8287878224219 2.1687499999999997 2847.7894047619052 1295.9700000000003 -0.861146256326485 3197.1885677083333 -0.52765736634565841 4.5000000000000009 2895.3595629897395 2546.3523437500003 5.1062500000000002 32.500000000000007 12710.950000000003
decision_type=2 2 2 2 2 2 2 2 2 2 2 2 2 2 2 2 2 2 2 2 2 2 2 2 2 2 2 2 2 2 2 2 2 2 2 2 2 2 2 2 2 2 2 2 2 2 2 2 2 2 2 2 2 2 2 2 2 2 2 2 2 2
left_child=2 7 11 6 5 -4 22 8 19 28 15 17 43 41 16 20 57 60 -5 -2 -6 27 36 35 -20 53 32 -17 55 33 -29 -15 34 48 56 -24 37 39 40 -3 -39 -13 58 -9 -45 -33 47 -26 49 52 -51 -50 -21 -23 -32 -8 -10 59 -43 -7 -1 -42
right_child=1 3 4 18 10 14 9 12 26 -11 -12 13 -14 31 -16 21 -18 -19 24 29 -22 25 23 -25 46 -27 -28 30 -30 -31 54 45 -34 -35 -36 -37 -38 38 -40 -41 61 42 -44 44 -46 -47 -48 -49 51 50 -52 -53 -54 -55 -56 -57 -58 -59 -60 -61 -62 -63
leaf_value=0.0010515006162576722 -0.00075067195377968236 0.0027945594129196658 -0.0022604445468088884 -0.00023630265537626815 0.0014089481365884592 -0.0010537433895273596 -0.0001026571244477914 -0.0014023945127958238 0.001779176641249185 -0.00062943591765355137 -0.00077439293220971095 -0.020180352991948512 -0.0027554711716595115 -0.00087387761618875183 -0.0066156097774463874 0.00043224498845598089 0.00094425647574437833 -0.0035670744555068401 0.0078509777829239621 0.0011882133376377179 -0.00060359485424576142 -0.0011358355294988297 0.0029213153132307832 -0.0049716131874505539 0.0020793725071838231 -0.0050600167175693708 -0.00028430454465306455 -0.0022697085140496133 0.0031059745435476314 -0.00033810414727627244 0.0006521655560917239 -0.0012754315401569017 0.0024443700441799088 0.00086508372980546692 -0.00086170761337832412 -0.00037020642201891719 0.0031255971764738532 -0.0016450437730862609 0.0013148236753881104 0.0015353511696122267 -0.00023442786338508269 -0.0039024750176947618 -0.0067649265883048581 0.00092048014538356423 -0.00031720417387937517 -0.0043519647786258095 0.0050208326210375628 -0.001269773510834824 -0.00099344197697463603 -0.0011205678147805109 0.00137261785420145 0.00015442485558652129 1.5950514227931478e-05 0.00053988941043451525 -0.00090783403401096141 0.0026659631597710917 0.00018217493075022516 -0.0029525322266283371 -0.0012654572514396722 0.0006935152099559616 -0.00028679362523103435 0.0014248028773660337
leaf_weight=40 402 550 258 54 72 136 58 64 856 374 913 1151 405 255 47 86 459 108 2182 267 109 56 130 40 84 888 117 1344 151 201 55 77 335 140 40 43 1666 56 404 891 71 113 1901 133 92 319 627 48 42 60 74 1070 81 57 280 49 173 63 196 97 43 92
leaf_count=40 402 550 258 54 72 136 58 64 856 374 913 1151 405 255 47 86 459 108 2182 267 109 56 130 40 84 888 117 1344 151 201 55 77 335 140 40 43 1666 56 404 891 71 113 1901 133 92 319 627 48 42 60 74 1070 81 57 280 49 173 63 196 97 43 92
internal_value=0.000297232 0.00693145 -0.00851765 0.00967243 -0.00595001 -0.00138549 0.00789663 0.00237206 0.00337393 0.00170616 -0.0072028 -0.0115212 -0.00319424 -0.0119836 0.00209215 -0.00848202 0.0030754 -0.00179688 0.0123815 0.00135372 -0.000576923 -0.00899892 0.00888818 0.00259346 0.0126394 -0.0113922 0.00647503 -0.0076359 0.00868726 0.00231663 -0.00809821 -0.00779908 0.00711032 0.00297406 0.00587383 0.00612069 0.00924685 0.00806295 0.00516827 0.00930999 -0.000340909 -0.0127915 -0.011791 0.00294828 0.00537611 -0.0104282 0.00969079 0.00360902 0.00238871 0.00521739 -0.000888889 0.00115903 0.00756447 -0.00355263 -0.00397321 0.00236111 0.00636408 -0.00181818 -0.00701613 0.000320513 0.00696429 0.00338415
internal_weight=21245 12122 9123 7570 4920 1060 4575 4552 3858 632 3860 4203 694 4012 802 2947 755 191 2995 2337 181 2766 3943 213 2941 1001 1521 1765 258 1935 1679 651 1404 1734 1069 173 3730 2064 623 1441 219 3361 2210 289 225 396 759 132 1594 482 134 1112 348 113 335 107 1029 296 309 233 83 163
internal_count=21245 12122 9123 7570 4920 1060 4575 4552 3858 632 3860 4203 694 4012 802 2947 755 191 2995 2337 181 2766 3943 213 2941 1001 1521 1765 258 1935 1679 651 1404 1734 1069 173 3730 2064 623 1441 219 3361 2210 289 225 396 759 132 1594 482 134 1112 348 113 335 107 1029 296 309 233 83 163
is_linear=0
shrinkage=0.03


Tree=33
num_leaves=63
num_cat=0
split_feature=9 20 9 20 1 15 11 1 1 19 7 1 9 26 4 17 15 24 15 1 21 9 7 7 22 12 15 26 24 15 15 27 24 22 26 19 22 16 10 9 9 9 10 21 27 16 27 15 17 17 20 26 17 2 15 8 16 7 18 26 21 24
split_gain=1333.55 174.047 79.337 52.6479 33.6012 22.6922 22.524 18.2299 17.4497 17.2159 16.5267 23.8503 14.8495 14.6429 15.3578 13.852 13.2742 13.2699 12.2821 12.7091 14.4945 12.401 11.9708 11.2051 11.0129 9.99675 9.57038 9.43617 9.63215 9.04912 8.97931 8.36799 8.29031 8.01886 7.93877 9.50056 7.81182 7.77495 10.2345 7.53504 7.4619 6.90499 7.59222 6.78247 6.83331 8.7306 6.73783 6.41616 6.23805 6.93754 6.19222 6.08596 6.61624 6.05429 6.01498 5.97703 5.87552 5.7755 5.6442 5.63061 5.58168 6.27891
threshold=2990.6650000000004 -17612.749999999996 3999.3850000000007 -31707.999999999996 5.5000000000000009 3278.1511458333339 3290.4450000000002 5.5000000000000009 5.5000000000000009 23957.950000000001 -0.50556189049999822 4.5000000000000009 5070.7600000000011 9.9500000000000011 1.0000000180025095e-35 1802.8950000000002 3752.4303645833338 5.012500000000002 2412.4126562500001 1.0000000180025095e-35 2829.6200000000003 2560.5750000000003 0.90892735371523092 -0.99866806308218525 5686.9315625000008 3919.9192782738096 3246.4984375000008 9.0450000000000017 2.6500000000000008 4289.4120833333336 4831.3049479166684 0.019999999999998689 0.82500000000000118 5492.9679272073417 7.1750000000000016 32320.250000000004 3181.3910726686513 4830.1600000000008 3699.7400000000002 2496.7300000000005 4769.7150000000011 2670.48 3187.9500000000003 2403.3100000000004 0.50500000000000089 9999.6750000000011 -0.66999999999999893 4900.826822916667 2183.4400000000005 249.05500000000004 -21649.149999999994 9.9500000000000011 2480.3900000000003 11.500000000000002 6463.2028645833334 -0.39827153806311183 6650.6950000000006 0.89404822654372251 16653.450000000001 7.0500000000000007 2580.8016666666672 3.1500000000000008
decision_type=2 2 2 2 2 2 2 2 2 2 2 2 2 2 2 2 2 2 2 2 2 2 2 2 2 2 2 2 2 2 2 2 2 2 2 2 2 2 2 2 2 2 2 2 2 2 2 2 2 2 2 2 2 2 2 2 2 2 2 2 2 2
left_child=1 3 4 -1 9 26 8 23 18 13 50 24 22 30 16 17 37 60 -3 20 25 48 29 -4 54 -20 39 -10 -29 -9 -2 46 -18 -32 35 -26 -8 38 -15 43 47 42 -38 -5 53 -46 -23 -25 49 -21 -7 52 -48 -45 -12 -11 -41 -49 -51 -58 -6 -62
right_child=2 6 7 5 15 10 36 12 27 55 11 -13 -14 14 -16 -17 32 -19 19 21 -22 31 -24 40 34 -27 -28 28 -30 -31 33 -33 -34 -35 -36 -37 41 -39 -40 56 -42 -43 -44 44 45 -47 51 57 -50 58 -52 -53 -54 -55 -56 -57 59 -59 -60 -61 61 -63
leaf_value=-0.0098604820292652554 0.0018212163168284689 -0.0023611022152451077 -0.00023864260403767544 -0.0020176893460289369 0.0025434521551077616 -0.0068542470940700763 0.0038177164536721351 -0.00053883507491850227 -0.003782575907982819 -0.001204322988373061 -0.0010775973503988866 -0.005692121995028292 0.0053712508930144585 -0.0015876422844101955 -0.0013722933374142609 -0.0010605001879659026 0.00066208337210827751 -0.0024376267948763531 0.00035310982131635525 0.00089066590366745576 0.0016160201553393526 -0.00088848447268579094 0.0030023793365262195 0.0042921603462508437 0.0011037547527448942 -0.002754835487893965 0.0013751909971584108 0.00013990716800978297 -0.0055398144875743946 0.0018397296627070325 0.0013090289282731327 -0.00018018259563372662 -0.0016424561042180129 -0.0014774118789559587 0.0019699192222065688 -0.0035477586563677031 -0.0013779120359764096 0.0023939749988382887 0.0046140157681773351 -0.0016214274676529695 0.009458236414585838 0.00099614253619124678 0.0011635355028885642 -0.0019328261835542769 0.00064951951714606435 -0.0036522830340657416 0.00067417464730375794 0.00012935024242734626 0.00017730604503410241 -0.0019720263831457439 -0.002950388973883218 -0.0031705291131494382 -0.00021143585218042383 0.00072941883264674432 -0.0057802085987195533 0.00067031841738547811 -0.001089318659939602 0.0034182316409620481 -6.5166715556372882e-05 0.00043901625185260862 0.0003459160732661459 0.0022066514789006097
leaf_weight=2247 3254 173 51 454 65 926 86 205 366 75 864 564 507 45 66 262 189 119 77 48 217 91 100 1614 66 57 47 109 40 112 209 940 75 54 49 81 200 345 44 92 1422 380 94 1086 123 84 315 89 100 475 339 46 89 74 89 646 72 57 84 100 299 104
leaf_count=2247 3254 173 51 454 65 926 86 205 366 75 864 564 507 45 66 262 189 119 77 48 217 91 100 1614 66 57 47 109 40 112 209 940 75 54 49 81 200 345 44 92 1422 380 94 1086 123 84 315 89 100 475 339 46 89 74 89 646 72 57 84 100 299 104
internal_value=0.000266941 -0.00677479 0.00824858 -0.00951006 0.00599539 -0.0078243 -0.00172643 0.0114177 -0.00282063 0.00693184 -0.00951662 -0.00758751 0.00768649 0.00765413 0.00388235 0.000476471 0.00519313 0.00303571 -0.00185772 -0.00132874 0.00396307 -0.00217908 0.00348086 0.0124814 -0.0051 -0.00377778 -0.0054571 -0.00787791 -0.0015 0.000613208 0.00847214 -0.000617409 -0.000113208 0.003125 0.00137056 -0.00212838 0.00291721 0.00841379 0.0005 -0.00575983 0.012705 0.00182222 -0.00162712 -0.00644621 -0.00538377 -0.000360577 0.0023524 0.0113799 -0.00544492 -0.00658717 -0.0121209 0.00385809 0.00503704 -0.00627907 -0.00643082 0.0026385 -0.00101887 0.00530612 -0.00752679 0.00225434 0.00530917 0.00397277
internal_weight=21352 11344 10008 7357 5851 5110 3987 4157 3227 5002 2978 1713 924 4281 764 849 698 587 2712 2539 351 2188 417 3233 1149 134 2132 515 149 317 3517 1481 264 263 196 147 760 434 89 2085 3182 674 294 1821 1367 207 541 1760 707 607 1265 450 404 1160 953 721 264 146 559 172 468 403
internal_count=21352 11344 10008 7357 5851 5110 3987 4157 3227 5002 2978 1713 924 4281 764 849 698 587 2712 2539 351 2188 417 3233 1149 134 2132 515 149 317 3517 1481 264 263 196 147 760 434 89 2085 3182 674 294 1821 1367 207 541 1760 707 607 1265 450 404 1160 953 721 264 146 559 172 468 403
is_linear=0
shrinkage=0.03


Tree=34
num_leaves=63
num_cat=0
split_feature=9 20 11 20 10 20 1 0 1 1 9 12 11 8 15 15 9 8 11 0 15 10 4 27 20 1 26 12 1 9 25 8 8 12 26 25 19 22 22 22 8 13 8 1 0 17 8 8 17 25 0 27 0 17 26 21 17 17 10 25 2 15
split_gain=1298.75 142.534 90.403 35.5119 29.5261 29.2329 27.8179 19.788 18.9505 18.3101 16.7525 15.4323 15.3642 17.6438 13.0615 14.724 12.7521 12.2653 12.174 11.9641 11.2842 11.0181 9.89016 9.70465 11.6265 9.48258 8.65049 8.27014 7.79451 9.30777 7.59757 7.59043 7.37579 7.96908 9.23811 7.1794 7.09416 7.05765 7.04883 6.9412 6.87701 6.71098 14.3887 7.09892 9.2343 7.79598 11.7967 6.92079 8.10217 7.27036 6.62142 6.61903 6.61616 7.4111 6.33578 6.25098 6.23766 7.03322 6.19151 5.69279 6.28155 5.40988
threshold=2940.7600000000007 -22027.950000000001 3903.5550000000007 -15233.249999999998 3151.1650000000004 -36161.549999999988 5.5000000000000009 22.500000000000004 1.0000000180025095e-35 1.0000000180025095e-35 4354.7850000000008 3719.908608630953 1907.3200000000004 -0.57782411410281842 4289.4120833333336 3736.0138020833342 3855.3050000000007 -0.9629068873952128 4036.2400000000002 24.500000000000004 2546.3523437500003 2769.7650000000008 1.0000000180025095e-35 -0.54499999999999982 -9219.0499999999975 5.5000000000000009 9.5700000000000021 4370.2656919642859 4.5000000000000009 1965.2250000000001 14.745000000000003 0.99138911339924218 -0.99486055365577253 4330.9977232142874 10.175000000000002 18.915000000000003 30073.850000000002 4955.4618055555557 3580.9801116071435 3211.1410838293655 0.99958851518450398 9600.2350000000024 0.50370931781787065 4.5000000000000009 19.500000000000004 1999.2000000000003 0.96407344085605606 0.93769647993491489 1858.4150000000002 17.73 29.500000000000004 -0.47000000000000058 25.500000000000004 1447.825 10.055000000000001 2403.3100000000004 1004.0650000000002 499.56500000000005 4292.0950000000012 16.925000000000001 1.5000000000000002 4900.826822916667
decision_type=2 2 2 2 2 2 2 2 2 2 2 2 2 2 2 2 2 2 2 2 2 2 2 2 2 2 2 2 2 2 2 2 2 2 2 2 2 2 2 2 2 2 2 2 2 2 2 2 2 2 2 2 2 2 2 2 2 2 2 2 2 2
left_child=1 5 4 21 23 -1 16 -8 19 20 22 12 28 -14 15 35 32 -13 27 -5 -7 30 -4 26 56 38 -2 40 29 -11 -3 41 -6 34 59 -9 -33 -18 -23 55 -10 42 -32 44 45 -43 -47 48 49 -46 -26 -35 -40 -54 -24 -36 57 -25 -16 -34 -61 -39
right_child=2 3 10 8 6 9 7 14 18 11 -12 17 13 -15 58 -17 37 -19 -20 -21 -22 25 54 24 50 -27 -28 -29 -30 -31 31 36 33 51 39 -37 -38 61 52 -41 -42 43 -44 -45 47 46 -48 -49 -50 -51 -52 -53 53 -55 -56 -57 -58 -59 -60 60 -62 -63
leaf_value=-0.017279115543545994 0.00012005483061285016 0.00065452162763897088 0.002857897483818048 -0.00026991174099923572 -0.00056861718364237029 -0.003528747803564789 0.0026167878787940776 -0.00020085234580932365 -0.00030589627752310552 -0.003345591232594267 0.0070368300267374196 0.00037004188815169313 0.0019563679277827982 -0.0018743046821365138 0.00031534946584502063 -0.0025628843040038873 0.004982472559382849 -0.0077400989917691555 0.0020920303732150456 0.0021466061776509982 -0.00033509523754559289 0.00027173248622931468 0.0024911067294965325 9.1244839684190271e-06 0.0018910437594836882 -0.0057224799227219856 -0.00279353631620733 -0.0026576855989762648 -0.007564107117546159 -0.0007650704101164862 -0.0035847982532728737 -0.0013648552697500182 0.0013685393084988816 0.0013160155310685795 0.0014508539725092539 0.0018049156013364431 0.00045773331813217408 0.0033422413998187928 -0.0026152403463133166 0.0011922908955352618 0.00034016502969576475 -0.0020100230515005266 0.00020708824605581986 -0.0024507569474921096 -0.001844647333496976 0.00036250434832736818 -0.001026849502488334 0.0003383569497782446 -0.002101582352745348 -0.00018515794178680878 0.00073443448319292942 -9.8575106685849781e-06 0.00079410705052708865 -0.0015876637942798409 -0.00053751933973412492 -0.0010859045257503208 -3.6023302448073832e-05 0.0016941215285313715 0.0037565429775980427 0.00084708887276416787 0.0019938184131090965 0.00031927109546515454
leaf_weight=1506 166 47 1952 119 66 200 221 282 1636 398 2270 62 75 812 148 140 619 1206 85 347 443 188 101 118 270 75 85 240 422 169 75 65 346 196 57 81 49 260 102 156 40 306 150 668 322 85 117 72 285 316 608 189 142 119 53 46 677 118 122 131 775 76
leaf_count=1506 166 47 1952 119 66 200 221 282 1636 398 2270 62 75 812 148 140 619 1206 85 347 443 188 101 118 270 75 85 240 422 169 75 65 346 196 57 81 49 260 102 156 40 306 150 668 322 85 117 72 285 316 608 189 142 119 53 46 677 118 122 131 775 76
internal_value=0.000303201 -0.0068983 0.00793272 -0.00358344 0.00552486 -0.0104354 0.00705138 0.00271357 -0.00088128 -0.00902455 0.0112063 -0.0099682 -0.00823122 -0.00535473 0.000445736 -0.00241071 0.0085281 -0.0125296 -0.00215035 0.00456103 -0.00440217 -0.00567682 0.0092691 0.00259912 0.00337333 -0.00210526 -0.00291667 -0.00264476 -0.010803 -0.00847711 -0.00655004 -0.00677419 0.00713704 0.00748023 0.0084623 0.000782967 0.000782609 0.0113755 -0.000733696 0.00328846 -0.00189624 -0.00713392 -0.00219027 -0.00764503 -0.00649269 -0.00978389 -0.00517241 -0.00480422 -0.00550325 -0.00361502 0.00583618 0.00361399 -0.00317308 -0.000629771 0.00193548 -0.00274038 0.00100109 0.00518987 0.00575646 0.00952913 0.0107828 0.00783383
internal_weight=21272 10943 10329 5650 5953 5293 3911 994 2467 3787 4376 3144 1876 887 773 503 2917 1268 2001 466 643 3183 2106 2042 1791 626 251 1916 989 567 2557 2510 1962 1896 1511 363 114 955 551 259 1676 2396 225 2171 1503 508 202 995 923 638 878 385 363 261 154 103 913 236 270 1252 906 336
internal_count=21272 10943 10329 5650 5953 5293 3911 994 2467 3787 4376 3144 1876 887 773 503 2917 1268 2001 466 643 3183 2106 2042 1791 626 251 1916 989 567 2557 2510 1962 1896 1511 363 114 955 551 259 1676 2396 225 2171 1503 508 202 995 923 638 878 385 363 261 154 103 913 236 270 1252 906 336
is_linear=0
shrinkage=0.03


Tree=35
num_leaves=63
num_cat=0
split_feature=9 9 9 9 1 1 1 5 0 0 1 18 6 12 1 10 26 12 25 27 27 1 9 17 10 14 14 14 0 14 12 9 27 0 26 25 16 22 7 11 19 27 27 0 19 16 22 27 25 1 17 22 18 22 16 22 22 7 7 12 25 16
split_gain=1235.18 169.135 80.0981 50.9585 31.683 22.0305 19.6998 22.6783 22.4089 18.7572 17.7302 17.6969 16.9247 15.4794 13.9881 13.9263 14.3354 13.085 13.0512 12.699 12.143 12.0592 11.6832 11.4646 10.4806 9.69127 9.20997 9.0859 8.8791 8.80069 10.0687 8.59525 8.59157 8.42818 8.37217 8.29911 8.14147 8.00629 7.91711 7.27209 6.60786 6.46379 8.43243 6.95902 6.43135 6.38136 6.36478 5.98941 6.11368 14.2658 5.95594 7.58723 7.16414 8.47932 5.87891 5.78626 5.74126 5.57238 5.48336 7.75023 5.45083 5.37164
threshold=2717.6050000000005 3149.2050000000004 1981.4800000000002 4354.7850000000008 5.5000000000000009 1.0000000180025095e-35 5.5000000000000009 -0.60876142900872077 30.500000000000004 25.500000000000004 3.5000000000000004 11787.300000000001 -0.47114434510950048 3218.4096502976195 1.0000000180025095e-35 3689.7850000000003 9.7650000000000023 4511.3924851190486 18.695000000000004 -0.40499999999999753 -0.1699999999999999 5.5000000000000009 2509.9800000000005 1800.5650000000003 3412.1150000000002 2170.923358937463 1922.7385388687778 985.92641652994905 29.500000000000004 2268.8407918967318 4160.5185044642867 5070.7600000000011 -0.28999999999999732 35.500000000000007 4.9600000000000009 20.290000000000003 9999.6750000000011 3695.4742323908736 0.99966190462023474 3500.9550000000004 47030.750000000007 0.21499999999999989 1.0000000180025095e-35 77.500000000000014 30827.350000000002 5281.1400000000003 5840.0669791666678 0.8249999999999994 19.255000000000006 2.5000000000000004 1100.0250000000003 5840.0669791666678 12574.200000000003 3573.2098288690481 8845.595000000003 5492.9679272073417 3759.518776041667 -0.39036798905311365 0.78523795966413312 3170.024925595239 16.810000000000006 4396.0600000000004
decision_type=2 2 2 2 2 2 2 2 2 2 2 2 2 2 2 2 2 2 2 2 2 2 2 2 2 2 2 2 2 2 2 2 2 2 2 2 2 2 2 2 2 2 2 2 2 2 2 2 2 2 2 2 2 2 2 2 2 2 2 2 2 2
left_child=2 10 5 4 15 11 7 14 13 19 24 36 38 -8 -4 16 18 35 -3 -6 55 56 27 28 47 -18 -25 -9 58 -27 32 33 -31 -23 -29 -17 40 -24 44 60 57 42 -11 -43 -7 -14 -30 48 61 -50 -36 52 -52 54 -54 -19 -5 -1 59 -12 -16 -2
right_child=1 3 6 21 9 12 8 22 -10 41 23 -13 45 -15 39 17 25 20 -20 -21 -22 31 37 26 -26 29 -28 34 46 30 -32 -33 -34 -35 50 -37 -38 -39 -40 -41 -42 43 -44 -45 -46 -47 -48 -49 49 -51 51 -53 53 -55 -56 -57 -58 -59 -60 -61 -62 -63
leaf_value=-0.0016732546325927266 -0.001119250620902168 0.0012045778896810687 0.0013668046584045435 0.0074488026397115537 -0.00021423476256657637 -0.0039582240119413201 0.00049593489039746253 0.0014025879419766029 -0.0083239440479864601 -1.5131752750114912e-05 0.00043238399855509256 0.00040706600464905483 0.00076007860338249238 -0.0013676093512342469 -0.0031321234868358647 0.0033692104128815537 0.0017082314170917812 0.0020977873916347353 0.0027468618468140527 0.0022276634546582663 -0.0005276307895714183 0.0029310417554446653 -8.9199948836737869e-05 0.00010990490141304932 0.0027418425551181255 -0.0012650999647000915 -0.0009149761874743278 -0.0024486692581296454 -0.00076596234116405254 -0.00043523895295544791 -0.0018901628926112578 0.0051552739562270491 0.0015171464718909888 -0.00031876659268027297 -0.00078676701817639307 -0.00099078315683211573 0.00072779869611890198 -0.0012817091470087405 0.00057551054927321491 0.0023348053424220661 -0.015757889160522093 -0.00089430651587683483 -0.0015776114251154106 0.0010647128000607253 -0.0090155706001361392 -0.0031455046921260443 0.0010708995188991022 -0.0023834312748310313 -0.00067264071328961613 0.0038580306536362039 -0.0019993003289970712 0.00047734258060676992 0.00069015090589667587 -0.0014420798831955527 -0.00055862372807585986 -0.0005560417571799192 0.0052062244545692232 -0.0041769560426676384 0.0032826182162824578 -0.00017670644150330261 -0.00059811107991445398 0.00032569404346171281
leaf_weight=369 53 1757 203 1342 83 139 95 40 451 227 192 131 50 133 168 1573 241 239 575 248 112 114 518 155 265 64 478 166 398 75 43 499 66 127 496 43 60 389 41 58 198 75 143 77 2849 124 59 52 126 47 1072 83 44 318 447 46 913 140 59 95 438 1494
leaf_count=369 53 1757 203 1342 83 139 95 40 451 227 192 131 50 133 168 1573 241 239 575 248 112 114 518 155 265 64 478 166 398 75 43 499 66 127 496 43 60 389 41 58 198 75 143 77 2849 124 59 52 126 47 1072 83 44 318 447 46 913 140 59 95 438 1494
internal_value=0.000364193 0.00664487 -0.00791563 0.00888287 0.00721255 -0.0110397 -0.00541113 -0.00468138 -0.0101691 0.00187939 0.00104922 -0.0068743 -0.0122051 -0.00248908 -0.000328341 0.00815305 0.00678774 0.0100621 0.00776682 0.00745482 0.00516332 0.0120511 -0.00573727 -0.00150313 0.00284838 0.00211224 -0.00451893 -0.00673791 0.000876866 -0.00204819 0.0012973 0.00870445 0.00517606 0.00402893 -0.0069547 0.0112616 -0.00861328 -0.00279185 -0.0127277 -0.00243609 -0.00951271 -0.00166348 -0.00380054 0.00352941 -0.0129073 -0.00308571 -0.00186681 0.00201354 0.00231842 -0.00301724 -0.00650955 -0.00725191 -0.00764346 -0.0055 -0.00301829 0.00844406 0.0131449 -0.00767647 0.00449568 0.00276042 -0.00341021 0.00291667
internal_weight=21375 12155 9220 8682 5687 4101 5119 4440 679 853 3473 898 3203 228 867 4834 2821 2013 2332 331 397 2995 3573 1436 2037 489 633 2666 803 248 184 740 141 241 2626 1616 767 907 3029 664 707 522 370 152 2988 174 457 1772 1720 173 2460 1964 1881 809 491 285 2255 509 346 287 606 1547
internal_count=21375 12155 9220 8682 5687 4101 5119 4440 679 853 3473 898 3203 228 867 4834 2821 2013 2332 331 397 2995 3573 1436 2037 489 633 2666 803 248 184 740 141 241 2626 1616 767 907 3029 664 707 522 370 152 2988 174 457 1772 1720 173 2460 1964 1881 809 491 285 2255 509 346 287 606 1547
is_linear=0
shrinkage=0.03


Tree=36
num_leaves=63
num_cat=0
split_feature=9 9 9 1 20 20 1 10 6 1 1 9 17 9 0 17 26 20 25 14 1 15 16 15 25 27 14 6 14 22 17 12 15 15 25 22 15 27 1 12 1 0 18 0 4 25 12 25 4 10 20 23 22 5 26 4 15 14 25 12 15 18
split_gain=1216.21 146.266 88.6793 33.2471 33.0564 25.9798 25.3033 22.4497 20.203 19.3395 15.2886 15.2734 14.8774 14.1819 14.6769 13.7003 11.9281 12.5102 10.8866 11.0737 10.5966 10.4659 10.9347 10.2295 10.1957 10.1786 9.81379 9.74062 9.50148 9.20087 8.31227 11.3542 8.3519 8.35556 8.02159 14.073 7.67581 7.50717 9.00901 7.49322 7.40095 18.0753 7.10144 8.12097 6.90895 6.71641 7.52288 6.66539 6.64658 6.48735 6.48638 6.46816 6.45002 6.37118 6.28875 6.23917 6.18158 6.17241 11.2886 7.85845 5.96232 6.03684
threshold=2940.7600000000007 2119.5450000000005 3800.1850000000004 5.5000000000000009 -15233.249999999998 -36161.549999999988 1.0000000180025095e-35 3501.0300000000002 -0.032701564615071448 5.5000000000000009 1.0000000180025095e-35 4499.3100000000004 1016.2300000000001 5500.505000000001 34.500000000000007 915.37500000000011 9.7650000000000023 -4947.4499999999989 17.145000000000003 1342.4861752890804 5.5000000000000009 3697.9316145833336 4830.1600000000008 2546.3523437500003 16.810000000000006 0.31000000000000055 2683.0561397392562 -0.32143946530316164 2836.601875044782 5840.0669791666678 1004.0650000000002 2744.9342559523816 3278.1511458333339 4109.6463541666672 17.475000000000005 3649.2001475694447 4900.826822916667 0.13499999999999981 4.5000000000000009 4370.2656919642859 5.5000000000000009 28.500000000000004 11694.85 11.500000000000002 1.0000000180025095e-35 18.835000000000004 4403.9769122023818 16.235000000000003 1.0000000180025095e-35 3000.3950000000004 -17612.749999999996 25.006250000000005 3368.795796130953 -0.1628082571180898 11.130000000000001 1.0000000180025095e-35 2288.9151562500006 2313.7509905205675 17.325000000000003 2885.7810044642861 3073.6731770833335 12718.550000000001
decision_type=2 2 2 2 2 2 2 2 2 2 2 2 2 2 2 2 2 2 2 2 2 2 2 2 2 2 2 2 2 2 2 2 2 2 2 2 2 2 2 2 2 2 2 2 2 2 2 2 2 2 2 2 2 2 2 2 2 2 2 2 2 2
left_child=1 5 3 7 12 -1 23 16 -5 11 24 28 15 14 45 49 17 30 -14 -20 26 22 -18 -7 -6 -23 56 -17 36 34 32 -32 -2 -34 57 37 -4 38 50 60 54 51 43 -10 -30 46 -11 -19 -9 -3 -36 -42 -39 -26 55 -12 -8 58 -21 -60 61 -25
right_child=2 4 9 8 10 6 20 48 42 13 40 -13 18 -15 -16 27 21 47 19 29 -22 25 -24 39 53 -27 -28 -29 44 -31 31 -33 33 -35 35 -37 -38 52 -40 -41 41 -43 -44 -45 -46 -47 -48 -49 -50 -51 -52 -53 -54 -55 -56 -57 -58 -59 59 -61 -62 -63
leaf_value=-0.015623579797543367 0.0018002688395944409 -0.0017622172289116244 0.0032086333658795495 -0.0016200617216682112 -0.0016138333046203756 -0.0034257108839478431 0.00021818332804288243 0.0024694815886801892 0.0006825963941336432 0.0024961447045522521 -1.2142016422833634e-06 0.0070497400100073548 -0.0034281393507079546 0.0053329404317376825 -5.2376056855969465e-05 -0.0010755339609693681 -0.0013117109597856524 -0.00052009132174450905 0.00010730131148290577 -0.00092541002523982563 -0.019476408044894034 -0.00064457759747894806 0.0012549557797126366 -0.00096068794182007082 0.0026627319133187121 0.0031016853660624476 -0.006884932513187429 0.0017704212109075977 0.0017547998280453214 0.00019718880955758687 -0.0014395415471735262 0.00040498649784089121 -0.00040854445061540013 0.0012998192293057764 -0.00051807991826373627 -0.0025228545391838297 0.00047986403216788705 -0.0015183534809007958 -0.002127727893437523 -0.0026629063866026792 -0.00025079611004855004 -0.0047432052777413424 0.0013079735599727548 -0.00060323216988002139 -0.00051077189762255054 0.0040640905568686755 -0.00043353259071804651 0.0016331675698876057 0.00029853956448810948 0.001053697326452392 0.00034277252738667662 0.0011432028619389677 -0.00029698002535888613 0.00047611155303763471 -0.0023828464772709078 -0.0017963122037613387 -0.0021933677032848651 -0.0012925490352022528 -0.0017757396878202724 0.00086936339711385813 0.0012780485006909626 0.00063368548616371534
leaf_weight=1538 293 426 1497 351 64 227 62 1194 77 92 1434 2010 385 433 311 117 52 40 212 87 516 256 290 235 169 47 857 117 337 148 72 1237 48 44 160 592 88 397 105 98 86 203 195 171 47 146 48 954 73 79 127 62 160 187 96 69 1337 229 40 73 82 67
leaf_count=1538 293 426 1497 351 64 227 62 1194 77 92 1434 2010 385 433 311 117 52 40 212 87 516 256 290 235 169 47 857 117 337 148 72 1237 48 44 160 592 88 397 105 98 86 203 195 171 47 146 48 954 73 79 127 62 160 187 96 69 1337 229 40 73 82 67
internal_value=0.000369935 -0.00666037 0.00769752 0.00502688 -0.00342489 -0.0104133 -0.00897329 0.00600522 -0.000641509 0.0105719 -0.000695909 0.0115214 -0.00529667 0.00689622 0.00388796 -0.00152027 0.00471056 0.00558944 -0.00632364 -0.00554698 -0.0102669 0.00104489 0.00463557 -0.00390845 0.00448931 -0.00300987 -0.00937085 0.00446809 0.00963198 -0.00620104 0.0040177 0.00287405 0.0078886 0 -0.00674277 -0.00775292 0.0106589 -0.00547895 -0.00229008 -0.00142857 -0.00181445 -0.00575284 0.00361486 0.000240964 0.00537662 0.00878049 0.00404255 0.00826131 0.00940457 -0.00429842 0.00046875 0.00221477 -0.00771505 0.00647059 -0.000946875 -0.00046875 -0.00781071 -0.00310465 0.000746269 0.00697368 0.000467532 -0.00148515
internal_weight=21246 10843 10403 5394 5824 5019 3481 4600 794 5009 2370 3979 3454 1030 597 739 3333 2688 2715 2330 2772 645 342 709 420 303 2256 234 1969 2118 1694 1309 385 92 1970 1541 1585 949 392 482 1950 351 443 248 384 286 140 994 1267 505 287 148 557 356 1599 1503 1399 429 200 113 384 302
internal_count=21246 10843 10403 5394 5824 5019 3481 4600 794 5009 2370 3979 3454 1030 597 739 3333 2688 2715 2330 2772 645 342 709 420 303 2256 234 1969 2118 1694 1309 385 92 1970 1541 1585 949 392 482 1950 351 443 248 384 286 140 994 1267 505 287 148 557 356 1599 1503 1399 429 200 113 384 302
is_linear=0
shrinkage=0.03


Tree=37
num_leaves=63
num_cat=0
split_feature=20 20 20 11 10 10 14 6 1 17 20 1 27 25 1 26 8 1 27 1 0 0 17 16 26 14 1 27 7 1 0 1 0 1 25 17 21 17 1 23 26 14 26 17 0 22 25 17 27 7 14 1 10 23 14 7 7 21 25 17 14 6
split_gain=1134.53 134.613 94.4929 34.9596 28.3448 24.2608 23.4998 20.9274 15.5527 15.2096 13.3903 13.094 17.7698 15.9874 12.6491 12.2104 12.072 11.939 14.7634 11.722 10.7128 10.6893 10.4558 10.3467 14.2346 10.0927 9.84932 9.74605 9.34608 8.97457 8.93536 8.91069 8.356 9.92385 8.32295 9.85111 11.6125 8.46741 7.85953 7.74405 7.73157 7.70226 7.30151 7.18496 8.71695 13.5447 7.2405 7.07522 6.92849 6.91576 6.90052 8.17244 6.8431 7.07813 8.02471 6.77141 6.76566 6.59118 11.378 15.2774 10.5081 9.11658
threshold=-13518.349999999999 -5224.8499999999985 -25156.799999999999 3903.5550000000007 2769.7650000000008 3199.2500000000005 2198.9915703426987 -0.63405362205439475 1.0000000180025095e-35 425.72500000000008 1295.5000000000002 5.5000000000000009 0.25999999999999984 14.795000000000002 4.5000000000000009 10.105000000000002 0.99932962452255414 5.5000000000000009 0.49500000000000105 5.5000000000000009 22.500000000000004 28.500000000000004 1666.1650000000002 4999.7350000000015 6.6950000000000012 2699.2384499498471 1.5000000000000002 0.9300000000000016 -0.99866806308218525 5.5000000000000009 20.500000000000004 3.5000000000000004 29.500000000000004 3.5000000000000004 17.875000000000004 2086.0550000000007 2266.5850000000005 1815.1000000000001 2.5000000000000004 24.343750000000004 8.0100000000000016 985.92641652994905 7.3250000000000011 1075.8050000000001 20.500000000000004 3771.5900669642865 16.925000000000001 2423.4600000000005 -0.19500000000000026 0.99966190462023474 2092.3319010229784 4.5000000000000009 2625.1950000000002 25.406250000000004 2436.412079824609 0.90892735371523092 0.7957718639449195 4230.0166666666673 18.215000000000003 1780.6200000000001 2084.8255093693256 -0.81241147629688992
decision_type=2 2 2 2 2 2 2 2 2 2 2 2 2 2 2 2 2 2 2 2 2 2 2 2 2 2 2 2 2 2 2 2 2 2 2 2 2 2 2 2 2 2 2 2 2 2 2 2 2 2 2 2 2 2 2 2 2 2 2 2 2 2
left_child=2 5 7 6 11 17 27 8 9 -1 25 13 -13 -4 40 19 34 52 21 26 -14 -19 49 -11 -25 -5 -8 32 -12 43 -31 39 -3 -34 35 36 -15 57 -17 48 -7 -38 -16 44 45 -6 -45 -37 -27 -10 51 -24 -2 54 56 -21 -54 60 -59 61 -36 -60
right_child=1 3 4 10 29 14 15 -9 22 23 28 12 20 16 42 38 -18 18 -20 55 -22 -23 50 24 -26 31 -28 -29 -30 30 -32 -33 33 -35 37 47 41 -39 -40 -41 -42 -43 -44 46 -46 -47 -48 -49 -50 -51 -52 -53 53 -55 -56 -57 -58 58 59 -61 -62 -63
leaf_value=-0.0077866899762711128 -0.0001337425356999322 0.0033752571998133351 0.00064975926018455248 0.0036595893559626092 0.00030301378909846298 0.0024287037562245751 0.00038732844261396337 -0.0023689654749555087 -0.011701170303886977 -0.0026440614821698506 -0.0020855158641869577 -0.0075004622717827459 0.0004114911535986865 -0.0019954856333256996 -0.00082871075990185615 0.001400806289740153 0.00034161881016273374 0.00015352969400046488 0.0016270333035838379 -8.5269133883230091e-05 -0.0044100389014391974 -0.0036560714851940545 -0.00027106032059331041 -0.0020680615580782203 0.0011887518159459807 0.0012352663053085422 0.0018245689581530833 -0.00072047860036645868 0.0057778313637015443 8.2687356669399747e-05 -0.0045883945848251085 0.00053684867472361122 0.0026125278620699531 0.0012921134593100448 -0.00036390984312159699 0.00020966746360285172 0.0028956613991300718 -0.00085209105987040347 -0.0013990726399630304 0.002450827979761456 0.0011082058214959111 -0.0017207207430059411 0.00058945619591045607 -0.0042676336447160599 0.0010844794497031796 -0.0031421652092412343 -9.9957963728258822e-05 -0.00093223212421145619 -0.00087002541559938246 -0.00099692246079899675 -0.0038247570905561054 -0.0036761080921435241 9.7183895869274998e-05 0.00074086032800632748 -0.0016654049560507556 0.0027757800942606226 0.0025686860683387103 0.0014986619945406598 -0.0034717932517694815 0.0023311212778617829 -0.0047440018368801783 4.989216021982212e-05
leaf_weight=295 637 658 108 940 87 636 343 521 2310 204 41 421 106 390 174 59 59 86 63 331 92 215 165 41 115 77 806 42 2351 67 125 231 523 487 265 155 41 729 105 307 471 1313 253 53 333 70 548 118 64 50 234 68 927 566 109 60 75 78 148 58 108 180
leaf_count=295 637 658 108 940 87 636 343 521 2310 204 41 421 106 390 174 59 59 86 63 331 92 215 165 41 115 77 806 42 2351 67 125 231 523 487 265 155 41 729 105 307 471 1313 253 53 333 70 548 118 64 50 234 68 927 566 109 60 75 78 148 58 108 180
internal_value=0.000305734 0.00661325 -0.0072965 0.00904323 -0.00479745 0.00232851 0.0068082 -0.0108229 -0.0116624 -0.00747713 0.0109434 -0.00594851 -0.00999194 -0.00527859 0.0053355 0.00431085 -0.00561625 0.000604703 -0.00443836 0.00513952 -0.00256281 -0.00720199 -0.0126291 -0.0033241 0.00248408 0.00882407 0.00666522 0.00929281 0.0123736 -0.000876168 -0.00683938 0.00602206 0.00965249 0.00792285 -0.00583845 -0.00711348 -0.00794269 -0.00419272 -0.00345455 0.00848552 0.00702617 -0.00661993 0.000946262 0.000178571 0.00287169 -0.00294304 -0.00201827 -0.00180657 0.00264085 -0.0134435 -0.00849359 -0.00480769 0.00139957 0.00240465 0.00101169 0.00065051 0.00185444 -0.00213007 0.000258065 -0.00186047 -0.00509358 -0.0043769
internal_weight=21292 11637 9655 7425 5652 4212 3414 4003 3482 655 4011 4369 619 3750 1534 1704 3642 2678 364 1540 198 301 2827 360 156 1619 1149 1710 2392 1283 192 679 1668 1010 3583 2017 1744 1566 164 448 1107 1354 427 1091 490 157 601 273 141 2360 467 233 2314 1677 1111 391 1002 837 464 386 373 328
internal_count=21292 11637 9655 7425 5652 4212 3414 4003 3482 655 4011 4369 619 3750 1534 1704 3642 2678 364 1540 198 301 2827 360 156 1619 1149 1710 2392 1283 192 679 1668 1010 3583 2017 1744 1566 164 448 1107 1354 427 1091 490 157 601 273 141 2360 467 233 2314 1677 1111 391 1002 837 464 386 373 328
is_linear=0
shrinkage=0.03


Tree=38
num_leaves=63
num_cat=0
split_feature=9 20 9 20 9 1 14 1 1 21 1 19 9 5 1 21 8 18 15 8 12 15 7 9 15 15 18 14 7 27 7 15 16 5 21 5 15 26 22 22 5 20 21 27 21 15 20 17 12 12 15 25 27 12 5 5 14 14 27 17 7 8
split_gain=1124.86 136.43 89.7333 43.1018 25.5097 23.0042 21.0227 18.8477 17.8976 17.2076 17.0842 16.7692 13.2595 14.1082 12.0809 15.0298 11.8204 11.8138 11.3381 10.8505 10.0942 10.0147 9.83399 10.2192 9.51538 9.35033 8.88433 8.84966 14.9151 10.7197 10.0012 11.8211 8.64365 9.5973 8.48234 7.69245 7.61258 7.45933 7.43307 8.74905 7.33474 7.18103 7.11222 7.07149 11.3934 12.2735 6.80451 8.14534 6.74298 6.58314 9.8493 9.09065 6.39591 7.25593 6.35257 6.18943 6.11791 6.03522 6.9915 6.64562 6.86886 5.83468
threshold=2940.7600000000007 -17945.649999999998 3989.0250000000005 -36161.549999999988 3217.1650000000004 1.0000000180025095e-35 2683.0561397392562 5.5000000000000009 4.5000000000000009 2486.9250000000006 5.5000000000000009 20332.850000000002 2700.7400000000002 -0.52778511650980109 5.5000000000000009 2758.9133333333339 0.99681593486783593 13622.350000000002 2546.3523437500003 0.51113019672828186 2831.0556101190482 4900.826822916667 -0.99866806308218525 4499.3100000000004 3167.192239583334 3309.3371875000007 20167.300000000003 1342.4861752890804 -0.87395131947920313 -0.025000000000000352 -0.98523971305672675 4840.2518229166681 5281.1400000000003 -1.0000000180025095e-35 2554.0133333333338 0.63405362205439497 5604.4479687500007 9.9500000000000011 3401.6285243055559 5654.361256820438 -0.70710678118654735 -16811.799999999996 2683.8333333333339 0.1250000000000018 3035.0116666666672 3697.9316145833336 -9219.0499999999975 1004.0650000000002 4482.8633110119054 3482.2121428571431 4358.3226562500013 17.620000000000001 0.13499999999999981 3778.1011755952381 -0.55557023301960229 0.097964660725097366 2836.601875044782 2903.4368092735081 -0.22499999999999962 1900.7650000000001 -0.108376950152639 -0.9629068873952128
decision_type=2 2 2 2 2 2 2 2 2 2 2 2 2 2 2 2 2 2 2 2 2 2 2 2 2 2 2 2 2 2 2 2 2 2 2 2 2 2 2 2 2 2 2 2 2 2 2 2 2 2 2 2 2 2 2 2 2 2 2 2 2 2
left_child=1 3 4 -1 32 9 14 22 21 -5 12 25 13 24 27 20 38 -9 40 -19 -16 37 -4 56 -3 -12 -21 28 -7 30 -29 35 33 -2 -13 54 -23 46 52 -40 -11 -34 -10 44 -39 -46 47 -6 -20 -44 51 -51 53 -15 -32 -30 -24 59 -59 -48 -61 -8
right_child=2 10 7 5 8 6 61 17 42 18 11 34 -14 16 15 -17 -18 19 48 26 -22 36 23 -25 -26 -27 -28 29 55 -31 31 -33 41 -35 -36 -37 -38 43 39 -41 -42 -43 49 -45 45 -47 57 -49 -50 50 -52 -53 -54 -55 -56 -57 -58 58 -60 60 -62 -63
leaf_value=-0.014869460335526144 0.0039400340810492812 0.0012931063848053892 -0.00029747294080396003 -0.0017836447908151241 0.0027895708015638742 -0.0040448032741851091 -0.00084315854036369757 0.00025602446830975012 0.0019600262124633973 0.00038732165007713702 0.0020329040156635701 -0.0003736047014373156 0.00012142920962154413 0.00049077737684789292 0.0008531812982189368 -0.0088821320281621298 0.00045687239067490279 0.005045665849013563 0.00036823496730264082 0.00023195157706060952 -0.0023905012671030157 -0.0011033671974921111 0.0030411417119770245 0.0067270783826421082 -0.00042470947050816222 -0.00050492486089176219 0.0051223997507323918 -0.0044371366901308513 -0.00062521812589726882 -0.001559857646651519 0.0010803307961344988 -0.004804939071505321 -0.0016333764331259637 0.00022657740372143741 -0.0048944567601049193 0.00074489643869906968 0.0015126177437126032 -0.0011397092527814933 -0.0013838397922171541 0.0005874607983216418 -0.0036674076795124577 0.00027450240662188816 0.0009740358718800657 0.0016400432971512835 0.0029281928985169167 -0.0018700225015442485 0.0027596224375457546 -0.00024569627722168528 -0.0020531934221093896 0.0010387926387087543 0.00068614084371119153 -0.00094550863170825392 -0.00094430026850302442 -0.0011790314598987628 -0.0010185320846434198 0.00050903354069481205 0.0012286697639805942 0.0012458557137737358 -0.00025928587639468148 0.0018484598837984123 0.00096777540091197878 -0.0078079213933885195
leaf_weight=1527 136 207 52 170 60 114 56 239 107 67 47 145 1384 153 43 417 69 401 450 194 100 80 1080 1959 245 47 98 164 124 1719 97 82 98 164 299 94 83 62 798 77 152 1889 369 185 140 63 1127 102 99 140 326 193 263 47 307 125 212 223 57 263 281 1300
leaf_count=1527 136 207 52 170 60 114 56 239 107 67 47 145 1384 153 43 417 69 401 450 194 100 80 1080 1959 245 47 98 164 124 1719 97 82 98 164 299 94 83 62 798 77 152 1889 369 185 140 63 1127 102 99 140 326 193 263 47 307 125 212 223 57 263 281 1300
internal_value=0.000285654 -0.00640459 0.00736566 -0.00882561 0.0050496 -0.00762014 -0.00846932 0.0107259 0.00653677 -0.00332268 -0.00178874 -0.00673469 -0.0009664 -0.00262097 -0.00720106 -0.0112299 -0.00410156 0.00694534 -0.00140442 0.00892651 -0.0028125 0.00785479 0.0117903 0.0119972 0.00198675 0.00473684 0.00450512 -0.00639901 -0.00201923 -0.00704343 -0.00402685 -0.00216867 0.00253715 0.00727575 -0.00916854 -0.000420842 0.000640244 0.00831318 -0.00472741 -0.00635274 -0.00715909 0.00181841 0.00336708 0.00478936 0.00163534 0.00507353 0.00906102 0.00312883 0.0009 0.00259475 0.000795455 -0.00282934 -0.00164871 0.00238806 -0.00222222 0.0021 0.00990719 0.00955174 0.00544484 0.0102362 0.00748624 -0.0116286
internal_weight=21371 10988 10383 7207 6148 5680 4742 4235 3861 938 3781 538 3243 1859 3386 560 1407 932 768 693 143 2726 3303 3251 452 94 292 2826 363 2463 744 580 2287 300 444 498 163 2563 1338 875 219 1987 1135 450 265 203 2113 162 549 1028 659 333 463 200 404 249 1292 1951 280 1671 544 1356
internal_count=21371 10988 10383 7207 6148 5680 4742 4235 3861 938 3781 538 3243 1859 3386 560 1407 932 768 693 143 2726 3303 3251 452 94 292 2826 363 2463 744 580 2287 300 444 498 163 2563 1338 875 219 1987 1135 450 265 203 2113 162 549 1028 659 333 463 200 404 249 1292 1951 280 1671 544 1356
is_linear=0
shrinkage=0.03


Tree=39
num_leaves=63
num_cat=0
split_feature=9 9 9 10 11 3 9 5 25 25 3 11 7 14 11 15 17 12 21 26 10 15 26 11 14 25 12 11 14 7 6 3 15 16 14 11 7 27 17 12 21 16 6 12 12 7 12 6 15 7 5 15 16 17 12 7 26 23 23 11 7 18
split_gain=1078.38 127.175 84.6219 35.8894 27.7042 27.075 21.5353 19.6549 12.4765 13.4812 12.0092 12.0056 15.1254 11.8547 14.1433 13.0801 18.8099 11.2568 10.6553 10.4223 10.0412 9.9023 9.6207 8.98293 8.91294 10.1151 14.7807 9.48597 8.46182 8.31345 8.31029 8.20525 7.74133 12.0297 7.35075 12.8559 9.30477 7.72329 7.15342 6.92815 6.59673 8.7535 6.86813 6.49531 6.48488 6.42212 6.31185 8.04514 8.00579 6.21858 6.20533 6.15222 6.96649 6.11809 5.9522 8.85023 7.80416 6.11248 5.77123 5.76957 5.71161 5.52546
threshold=2940.7600000000007 2240.2850000000003 3999.3850000000007 1221.2750000000003 3290.4450000000002 1.0000000180025095e-35 3217.1650000000004 -0.55557023301960229 17.885000000000002 18.215000000000003 1.0000000180025095e-35 3903.5550000000007 0.90162119223771331 2189.3924354751302 2499.5850000000005 2368.5494791666674 1008.6950000000001 3513.0794270833335 1878.7483333333334 9.1550000000000029 2899.8050000000007 2917.2802604166673 8.0800000000000018 4147.2800000000016 1728.9846521291747 19.095000000000002 4263.5606994047621 1999.2100000000003 3859.7806263897501 0.37744852145085445 -0.32143946530316164 1.0000000180025095e-35 2546.3523437500003 5000.6900000000014 2501.0925163474781 3330.5850000000005 -0.23537230790205757 0.77499999999999958 1498.3700000000001 3067.187901785715 2683.8333333333339 8994.0600000000031 0.88144907265856365 4343.9925372023818 2779.3097693452387 -0.99940763397299126 2800.3265476190477 -0.58216583101416131 4609.7201562500004 -0.33425342068356556 -1.0000000180025095e-35 2549.374895833334 9854.590000000002 2590.3400000000006 3556.520729166667 -0.159513159777915 5.4450000000000012 13.418750000000003 17.256250000000005 6399.9650000000011 0.97875492728876534 18243.300000000007
decision_type=2 2 2 2 2 2 2 2 2 2 2 2 2 2 2 2 2 2 2 2 2 2 2 2 2 2 2 2 2 2 2 2 2 2 2 2 2 2 2 2 2 2 2 2 2 2 2 2 2 2 2 2 2 2 2 2 2 2 2 2 2 2
left_child=1 3 6 -1 13 7 30 -5 21 -10 20 12 22 15 28 -3 -17 19 -16 -18 -8 32 43 51 -11 -26 27 -27 39 -20 61 -24 -9 -34 37 -36 -37 -22 -29 -15 -12 -42 -43 -4 -35 -13 47 -7 -48 -45 -33 -6 60 -41 -19 56 -56 -57 -21 -38 -53 -2
right_child=2 4 11 5 23 46 10 8 9 24 40 45 -14 14 18 16 17 54 29 58 34 -23 31 -25 25 26 -28 38 -30 -31 -32 50 33 44 35 36 59 -39 -40 53 41 42 -44 49 -46 -47 48 -49 -50 -51 -52 52 -54 -55 55 57 -58 -59 -60 -61 -62 -63
leaf_value=-0.01719119583556954 -0.00013237043248544465 -0.002770926343423543 0.0031158993676847755 -0.00066271587429674202 -0.0010712638310297917 -0.0022524513952799727 0.00035211843568538014 -0.0028301734635058739 0.00063718054986137138 8.4047194233871635e-06 0.0018762575535892622 -0.00021448862149135104 0.0059776333658665146 0.00054439111656977789 0.00037728067413932197 0.00072245026283492388 -0.0007973307745839886 0.00069459838650890663 -0.00035556221846451131 0.00014960352753132789 0.0021137932006180548 -0.0028928983572843766 0.0025848498982318801 0.0028674321104230137 -0.0050122219255503038 -0.0033418642086463367 0.0019012551867015138 -0.0038266393973628607 0.0014263649245020459 -0.0023456697922089641 0.00043992960767512911 -0.0010227908992319534 0.00050693494130340079 -0.0007348362290729326 -0.00025076343413605429 0.0019241111917795717 -0.00052117234099632978 -1.4903239206454088e-05 0.0011642371883224545 -0.0031743658978831222 -0.00064420963807437553 0.00050581955499680472 0.0022860735735455774 0.001390297729208294 -0.0021429501022098706 0.0051179333572826382 -0.0071631910040181783 0.00076357141579421752 -0.0038020599516913121 -0.0013212362281379518 0.0019211278962066734 0.0026996407782836759 -0.00019912620895376598 0.00012184564123724151 0.00015708573388211632 -0.0007572233752048429 -0.0016741282619253228 0.00056938674096911328 -0.00020602938266237381 0.0012367655966375767 -0.00057360495648500981 0.00071581167444096034
leaf_weight=1455 634 161 627 685 142 106 260 354 117 155 109 42 332 48 48 349 1048 106 1034 117 1507 765 93 148 310 164 67 73 43 145 1519 111 118 79 120 568 124 67 65 674 98 795 130 42 162 2841 882 52 119 61 43 139 173 40 43 48 110 203 223 124 41 138
leaf_count=1455 634 161 627 685 142 106 260 354 117 155 109 42 332 48 48 349 1048 106 1034 117 1507 765 93 148 310 164 67 73 43 145 1519 111 118 79 120 568 124 67 65 674 98 795 130 42 162 2841 882 52 119 61 43 139 173 40 43 48 110 203 223 124 41 138
internal_value=0.000365146 -0.00626665 0.00726892 -0.00933147 -0.00281176 -0.00794221 0.00503955 -0.00648154 -0.00774691 -0.00505777 0.00639508 0.0105605 0.00816412 -0.00365458 -0.00534186 -0.00222914 -0.00163479 -0.00281201 -0.00331026 -0.00421166 0.0074594 -0.00947262 0.00627301 0.00300466 -0.00639521 -0.007875 -0.0045 -0.00732673 -0.00843052 -0.00387712 0.00272906 0.00114919 -0.00691176 -0.00379167 0.00804062 0.00592316 0.0072705 0.00929524 -0.00151079 -0.00916121 0.00378641 0.00303223 0.00393629 0.00800274 -0.00762397 0.0116453 -0.0118578 -0.00622642 -0.0127395 0.00100962 -0.00309677 0.00105847 0.00317797 -0.0099021 0.000998043 -0.000666667 -0.00633117 0.00279762 0.000351906 0.00240964 0.00729282 0.000194049
internal_weight=21196 10811 10385 5728 5083 4273 6193 3114 2429 951 3902 4192 1309 4440 2032 2408 2247 1898 1227 1388 2770 1478 977 643 834 679 369 302 805 1179 2291 247 713 359 2510 936 816 1574 138 762 1132 1023 925 730 241 2883 1159 158 1001 103 154 495 353 714 510 404 153 251 340 248 180 772
internal_count=21196 10811 10385 5728 5083 4273 6193 3114 2429 951 3902 4192 1309 4440 2032 2408 2247 1898 1227 1388 2770 1478 977 643 834 679 369 302 805 1179 2291 247 713 359 2510 936 816 1574 138 762 1132 1023 925 730 241 2883 1159 158 1001 103 154 495 353 714 510 404 153 251 340 248 180 772
is_linear=0
shrinkage=0.03


Tree=40
num_leaves=63
num_cat=0
split_feature=9 9 10 9 1 0 0 1 11 8 0 21 9 12 10 26 25 26 13 14 18 1 1 1 17 15 1 25 25 17 15 25 25 25 12 17 25 25 17 17 15 8 17 26 18 22 18 27 0 1 0 15 6 0 7 25 14 12 1 12 8 18
split_gain=1016.22 146.779 70.8758 43.6741 32.793 27.3531 26.651 25.9261 21.8649 20.1902 19.5635 17.8422 14.1452 12.3647 11.7307 11.847 14.3458 12.3236 11.2937 11.1474 10.9638 10.6079 10.4483 10.361 13.6095 9.56099 9.07161 8.9523 13.4814 8.56112 15.5969 15.4862 9.61462 9.30602 10.0717 8.37945 10.0672 9.78138 8.34757 8.64447 8.34418 8.25126 10.0862 8.08038 8.05093 10.6506 8.03324 7.51918 7.42858 9.83283 7.34369 7.31355 7.22669 6.78941 6.72615 6.71137 6.52381 6.50568 7.64144 6.45628 6.31211 8.72846
threshold=2700.7400000000002 3269.7900000000004 1776.1900000000003 4550.8150000000014 5.5000000000000009 60.500000000000007 30.500000000000004 5.5000000000000009 3244.4750000000004 0.97461712852231652 33.500000000000007 3125.063333333334 1832.1800000000003 2824.4009598214293 3943.0650000000005 9.7650000000000023 18.695000000000004 10.460000000000003 6451.5650000000014 2308.3117755501576 11464.900000000003 5.5000000000000009 1.0000000180025095e-35 1.0000000180025095e-35 199.72500000000005 2772.0521875000004 5.5000000000000009 19.045000000000005 19.085000000000004 1075.8050000000001 2368.5494791666674 17.145000000000003 14.795000000000002 18.695000000000004 4291.2055877976209 1999.2000000000003 17.620000000000001 17.175000000000004 2449.7550000000006 1699.1400000000001 4109.6463541666672 0.46611290379786346 1880.8250000000003 7.5600000000000014 11694.85 3562.9400644841276 13713.500000000002 0.23499999999999946 18.500000000000004 1.5000000000000002 22.500000000000004 4027.3980208333337 0.38268343236508956 35.500000000000007 -0.99763297024448894 17.930000000000003 2331.5714207999913 3626.6106994047627 3.5000000000000004 5800.115022321429 0.51113019672828186 19946.250000000004
decision_type=2 2 2 2 2 2 2 2 2 2 2 2 2 2 2 2 2 2 2 2 2 2 2 2 2 2 2 2 2 2 2 2 2 2 2 2 2 2 2 2 2 2 2 2 2 2 2 2 2 2 2 2 2 2 2 2 2 2 2 2 2 2
left_child=2 8 11 7 5 9 13 14 19 29 20 -1 18 -6 15 16 -3 -17 -13 -2 43 54 53 25 -25 -7 38 59 -29 30 -4 -31 -32 34 35 37 -37 -33 39 -21 -26 51 -43 -9 -39 -46 -23 -34 49 -30 -22 -24 -28 -10 -5 -15 -44 -19 -59 -16 -48 -62
right_child=1 3 4 21 6 23 -8 10 22 -11 -12 12 -14 55 27 17 -18 57 -20 26 50 46 41 24 40 -27 52 28 48 31 32 33 47 -35 -36 36 -38 44 -40 -41 -42 42 56 -45 45 -47 60 -49 -50 -51 -52 -53 -54 -55 -56 -57 -58 58 -60 -61 61 -63
leaf_value=0.0011721369017268391 0.00012701448456960306 0.0011914288414461361 -0.0030408311993857851 0.00087551500390152797 0.00078869344992305024 4.3039534682822729e-05 -0.0075990710274704875 -0.0010241779500514347 0.00044147670077622432 0.00010652964544385134 -0.00043344445792213191 4.4209287045688938e-05 -0.0023809606841647432 -0.0021293699609876704 0.0033210466876146681 -0.00042231115423130739 0.0026994838038018098 0.0021594608218028187 -0.011243844804034175 -0.00029123642749458335 0.0032032660049478422 0.00039903687327742077 0.0013061937149071311 0.0022129596230581992 -0.001501778950293735 0.0016314763671782372 -0.0042330241076351215 -0.0015287820573762899 -0.0015453468433305061 -0.0030558339766007148 0.0013625474626649981 0.00081189802340594138 -0.0010528274201791099 -0.00061456070325331951 -0.005640625371709662 0.00045371868220423829 -0.00088915568480680825 -0.0018827717747669404 -0.0009608917258229965 0.00047700085074464215 0.000968884114493469 -0.00085650906550716055 0.0011203787905063312 0.0010915666489282395 -0.00012574462718739632 -0.0012226990227196665 0.005191238623372136 0.00054781642222048179 0.0032333717628047509 0.0038627300165307863 0.00079740227193946466 -0.00015525255553688666 0.00022787580335482005 0.0051848625408747392 0.0068932874799560468 0.0002752399104775538 -0.0006882932699572564 0.0016959609575701506 -0.0010890736766238085 0.00026655678853979123 0.00038486493148228714 0.0057831612814868549
leaf_weight=40 2161 1780 314 52 69 251 620 48 92 316 401 53 638 115 1210 234 662 158 2334 309 151 126 508 72 551 139 138 41 56 373 48 43 618 633 326 122 138 396 155 300 80 144 133 79 235 355 324 171 216 51 141 110 49 213 1750 57 41 77 43 63 122 98
leaf_count=40 2161 1780 314 52 69 251 620 48 92 316 401 53 638 115 1210 234 662 158 2334 309 151 126 508 72 551 139 138 41 56 373 48 43 618 633 326 122 138 396 155 300 80 144 133 79 235 355 324 171 216 51 141 110 49 213 1750 57 41 77 43 63 122 98
internal_value=0.000349278 0.00599657 -0.00723814 0.00843798 -0.00535165 -0.00444905 -0.0107715 0.00692627 0.00157441 -0.00557594 0.00200974 -0.010954 -0.0112178 -0.00229339 0.00780379 0.00667005 0.00753991 0.00251462 -0.0122802 0.000231288 0.00653571 0.0117428 0.00493961 -0.00023309 -0.00240767 0.00368286 -0.00247374 0.00984432 0.00567123 -0.00618606 -0.00402344 -0.00713387 -0.00187947 -0.00618942 -0.0073979 -0.00619767 -0.00137931 -0.00741262 -0.00101961 0.000565574 -0.0038212 0.00336179 -0.000564263 -0.000820312 -0.00802432 -0.0057868 0.00849478 -0.00267722 0.00773148 0.00125 0.00972696 0.00537964 -0.00837766 0.0097549 0.0129451 -0.0065896 0.00428571 0.00677419 0.0014876 0.0110322 0.0100734 0.0061086
internal_weight=21343 12236 9107 7883 6042 5181 861 5411 4353 4088 820 3065 3025 241 4591 2954 2442 512 2387 3112 419 2472 1241 1093 703 390 951 1637 364 3772 1151 2621 837 2248 1615 1289 260 1029 764 609 631 936 318 127 986 590 670 789 323 107 292 618 187 305 1802 172 174 278 120 1273 544 220
internal_count=21343 12236 9107 7883 6042 5181 861 5411 4353 4088 820 3065 3025 241 4591 2954 2442 512 2387 3112 419 2472 1241 1093 703 390 951 1637 364 3772 1151 2621 837 2248 1615 1289 260 1029 764 609 631 936 318 127 986 590 670 789 323 107 292 618 187 305 1802 172 174 278 120 1273 544 220
is_linear=0
shrinkage=0.03


Tree=41
num_leaves=63
num_cat=0
split_feature=9 20 9 20 1 14 11 19 14 6 1 14 6 25 1 17 17 25 1 6 1 5 18 26 27 27 25 27 27 17 5 21 5 9 15 17 27 27 18 14 2 12 27 27 26 22 17 25 1 1 24 15 12 17 5 11 25 12 22 15 16 5
split_gain=943.306 136.322 71.8862 45.9543 31.9373 19.114 18.4799 17.5657 17.5812 17.3533 15.5587 14.5271 14.0859 14.9344 13.0602 12.5945 16.4702 11.7465 14.2031 13.8171 10.9929 10.1141 10.0385 9.3808 9.16712 8.80592 9.62337 8.70879 8.62557 8.3475 8.26633 8.10353 7.96289 12.1263 7.92301 9.93985 10.7217 13.6099 11.4203 9.63055 9.1337 7.7001 7.64079 9.32047 7.55136 7.54017 8.4765 12.5094 7.36122 7.24897 8.19193 7.14957 7.05651 6.71014 6.68839 6.66755 7.02065 6.62498 6.61558 6.40824 6.57209 12.4621
threshold=3000.4550000000004 -17147.849999999995 4499.3100000000004 -29396.599999999995 5.5000000000000009 2683.0561397392562 3290.4450000000002 19889.850000000002 2662.3621742407736 1.0000000180025095e-35 5.5000000000000009 1442.4486155590955 0.06540312923014284 18.140000000000004 2.5000000000000004 1008.6950000000001 915.37500000000011 18.140000000000004 4.5000000000000009 0.47114434510950071 5.5000000000000009 -0.55557023301960229 11694.85 11.265000000000002 0.23499999999999946 -1.0000000180025095e-35 19.085000000000004 -0.60000000000000042 -0.015000000000000567 2080.0600000000004 0.68322629814330837 2333.5283333333341 -0.81241147629689037 6001.3250000000007 2368.5494791666674 1100.0250000000003 -0.66999999999999893 0.019999999999998689 10733.450000000003 2344.2537948776849 1.5000000000000002 3053.4782886904763 -0.60000000000000042 -0.015000000000000567 10.270000000000001 3119.5067485119057 1008.6950000000001 16.855000000000004 1.0000000180025095e-35 5.5000000000000009 13.750000000000002 4006.0848437500003 3310.3851785714292 983.54500000000019 -0.35206144883412566 4147.2800000000016 16.775000000000002 3675.967410714286 3468.7024454365078 2546.3523437500003 9514.4800000000014 -1.0000000180025095e-35
decision_type=2 2 2 2 2 2 2 2 2 2 2 2 2 2 2 2 2 2 2 2 2 2 2 2 2 2 2 2 2 2 2 2 2 2 2 2 2 2 2 2 2 2 2 2 2 2 2 2 2 2 2 2 2 2 2 2 2 2 2 2 2 2
left_child=1 3 4 11 7 15 10 8 27 30 23 14 -12 -14 -1 16 31 29 41 -20 -4 28 -11 34 -18 59 -27 57 -13 -17 -6 -5 33 -22 -3 39 -37 -38 -39 -36 -40 -19 -33 44 -44 -9 -47 -48 -49 50 -7 55 -43 -41 -24 56 -8 -2 -45 -10 61 -61
right_child=2 6 20 5 9 49 51 45 25 22 12 21 13 -15 -16 17 24 18 19 -21 32 -23 54 -25 -26 26 -28 -29 -30 -31 -32 42 -34 -35 35 36 37 38 40 53 -42 52 43 58 -46 46 47 48 -50 -51 -52 -53 -54 -55 -56 -57 -58 -59 -60 60 -62 -63
leaf_value=4.4685452892334607e-05 -0.002347855235073748 -0.0016349086888125751 0.0060749803897759327 -0.0037857782087944878 -0.0021575225741846671 -0.0036487837961050838 -0.00048998110419125492 0.0014797225538826096 0.0039182890805902733 -3.2306739318315178e-05 -0.0052420054644894964 -0.00052918737057817467 -0.00132488190065577 0.00038446099054244341 -0.0033658884352083173 -0.0017963332906958838 -0.0006550962039186325 -0.00065655395508479764 -0.0048265418419742899 0.00059602547679197041 -0.0010016977355002865 -0.010607173311762846 0.00025925304375615352 -0.0028588704589899861 0.00178817784496605 -0.0020145100006832626 0.00045426189895099607 0.0024924107917175141 -0.0035716059366201459 -0.00051002218667230983 0.00020932513841779963 -0.067153768562417698 0.0036601404976244378 0.0045913502193023524 0.00087296992277634538 -0.0020209219539824418 0.00038878445063990959 -0.0010871751328920621 -0.00094038811582145769 -0.00078585253564021683 4.0062686882400557e-05 0.00032190895938462473 0.0015017704993868274 5.5236910602030062e-06 -0.00085914027579791607 0.0018284797126022134 -0.0007112995426544088 0.0016856525077860239 0.00044320801233019844 -0.024378235225725263 0.00052447753373734856 -0.0010565076368129489 -0.00031883539374465196 0.00078062661607310342 0.0023379753229143142 0.002948314704660593 0.0010502598982047751 0.0022756782839160826 -0.0029406956244340107 0.0081146405106817983 0.0010500378233516284 -0.00025549843408786185
leaf_weight=144 48 136 2020 79 246 951 196 113 127 266 249 147 203 71 187 1461 90 51 263 41 111 2090 131 108 164 49 64 2555 190 342 175 45 378 197 217 182 406 249 187 112 991 176 112 116 64 402 127 65 1012 184 60 64 440 74 192 183 379 77 164 61 1032 190
leaf_count=144 48 136 2020 79 246 951 196 113 127 266 249 147 203 71 187 1461 90 51 263 41 111 2090 131 108 164 49 64 2555 190 342 175 45 378 197 217 182 406 249 187 112 991 176 112 116 64 402 127 65 1012 184 60 64 440 74 192 183 379 77 164 61 1032 190
internal_value=0.000391852 -0.00538335 0.00732337 -0.0077539 0.00570316 -0.00597939 -0.000909431 0.00654398 0.0075892 0.000771513 -0.00194444 -0.0108409 -0.00666985 -0.00196364 -0.0049247 -0.00488778 -0.00165269 -0.00585946 -0.00319444 -0.00855738 0.0114703 -0.0116454 0.00409322 -0.00101389 0.00470588 0.00500984 -0.00302632 0.00905259 -0.00678994 -0.00729213 -0.00387441 -0.00444062 0.00816594 0.00456311 -0.000645793 -0.000248036 -0.00110863 -0.000417121 -0.00179622 0.00404703 -0.000559796 -0.000741018 -0.00301793 -0.00183807 0.00355932 0.00398547 0.00345364 0.00219087 0.00324212 -0.00926839 -0.00825593 0.00309842 0.000194489 -0.000962567 0.00763889 0.00391304 0.00231771 0.00130952 -0.00523132 0.00565556 0.00501168 0.000654762
internal_weight=21206 11568 9638 7561 6932 4803 4007 5922 4203 1010 3185 2758 523 274 331 3608 834 2774 971 304 2706 2427 589 2662 254 1523 113 2680 337 1803 421 580 686 308 2554 2418 2015 1833 1427 403 1178 667 501 456 176 1719 1606 1204 1077 1195 1011 822 616 186 323 758 575 125 280 1410 1283 251
internal_count=21206 11568 9638 7561 6932 4803 4007 5922 4203 1010 3185 2758 523 274 331 3608 834 2774 971 304 2706 2427 589 2662 254 1523 113 2680 337 1803 421 580 686 308 2554 2418 2015 1833 1427 403 1178 667 501 456 176 1719 1606 1204 1077 1195 1011 822 616 186 323 758 575 125 280 1410 1283 251
is_linear=0
shrinkage=0.03


Tree=42
num_leaves=63
num_cat=0
split_feature=9 9 10 1 11 0 0 9 18 13 1 1 0 9 14 9 22 1 15 7 1 6 10 15 1 17 16 0 14 0 1 7 27 15 26 26 14 6 12 22 27 27 15 17 15 26 15 17 12 15 17 18 7 12 2 24 18 21 15 14 27 22
split_gain=900.211 132.688 60.5336 35.6099 35.2673 32.3393 20.0013 19.4168 16.4909 15.2845 14.2701 13.0141 13.4168 12.6763 12.5265 12.3896 12.122 11.7504 12.6162 15.5858 11.6887 16.8386 12.8024 11.7625 11.6714 12.4963 10.8211 15.0472 10.23 10.1754 9.88286 11.1045 9.14792 8.90876 8.81365 9.3466 9.17699 8.78223 10.7725 9.43796 9.01999 8.62942 8.50292 8.45582 8.10912 10.7472 7.94561 7.77234 7.33025 7.32928 7.37716 7.99344 7.20833 7.16384 7.08072 6.97667 6.80927 6.76992 6.73839 11.2849 6.48216 6.18455
threshold=2700.7400000000002 3800.1850000000004 1419.9650000000001 5.5000000000000009 3244.4750000000004 31.500000000000004 59.500000000000007 4550.8150000000014 17180.650000000005 7050.2600000000011 1.0000000180025095e-35 5.5000000000000009 27.500000000000004 2119.5450000000005 2141.1606459061854 1690.1500000000003 5840.0669791666678 1.0000000180025095e-35 2412.4126562500001 0.94704596667653973 5.5000000000000009 -0.19509032201612839 3040.0350000000003 2618.3751041666669 1.0000000180025095e-35 199.72500000000005 6650.6950000000006 26.500000000000004 2836.601875044782 15.500000000000002 5.5000000000000009 -0.99866806308218525 0.75000000000000011 2772.0521875000004 5.6750000000000016 6.5950000000000015 2419.5683125654373 -0.5 4363.5018080357158 5781.3124851190487 -0.77499999999999847 -0.66499999999999904 2810.6192708333333 1008.6950000000001 4547.3495312500008 8.5100000000000016 4900.826822916667 1295.9700000000003 3620.9455357142861 4289.4120833333336 1688.9750000000001 16875.600000000002 0.98049069993378934 4511.3924851190486 11.500000000000002 2.1000000000000001 11553.600000000002 4952.1983333333337 4527.6185416666676 2279.6614542018092 0.11999999999999923 5420.1008730158737
decision_type=2 2 2 2 2 2 2 2 2 2 2 2 2 2 2 2 2 2 2 2 2 2 2 2 2 2 2 2 2 2 2 2 2 2 2 2 2 2 2 2 2 2 2 2 2 2 2 2 2 2 2 2 2 2 2 2 2 2 2 2 2 2
left_child=2 4 9 6 8 14 13 11 20 -1 29 28 56 17 42 -11 32 18 -4 44 22 -22 -2 57 33 -26 27 -15 46 -6 31 -9 37 48 60 -36 58 38 -12 40 -39 -42 -5 -25 45 -20 -3 -45 -8 50 -32 -52 -30 55 -23 -49 -13 -24 59 -37 -28 -43
right_child=1 7 3 5 10 -7 24 30 -10 15 16 12 -14 26 -16 -17 -18 -19 19 -21 21 54 23 43 25 -27 34 -29 52 -31 49 -33 -34 -35 35 36 -38 39 -40 -41 41 61 -44 47 -46 -47 -48 53 -50 -51 51 -53 -54 -55 -56 -57 -58 -59 -60 -61 -62 -63
leaf_value=4.3602381370986264e-05 -5.08549732286756e-06 0.0027699452736130591 -0.0055010504815340864 -0.0019812919201836541 0.00010718933566163712 -0.0082423558378951871 0.00090619466702593235 -0.0018384964030180484 0.00071573783027663036 -0.016503361505004251 0.00041092755507463605 -0.00030557279916148872 -0.00027250161905154611 -0.0019180752819005686 -0.0012266762101247597 -0.0035204564162369767 0.0035241287820111733 -0.0023850475065675435 -0.0011554902291123837 -0.0045562278463706146 -0.0029020811444232207 0.00013090291752869019 0.00027984208877928295 0.002171373792494471 0.0021162261891475519 -0.0013922738867344453 0.00044691419892172845 -0.00017782706204537034 0.0015714758385825434 0.004491024379738846 0.0024938853844663012 0.0064146817117009293 -0.00077981376190219712 0.0011463630637132604 -0.0010930564660742758 -3.5758632034075256e-05 -0.0012217726116903371 -0.00095428897226002896 -0.0017072048121150728 -0.00055197768341503912 0.0024977885041823989 0.0011063647758306195 0.00098847038850731657 -0.00052654308774153331 0.0014569851780422516 0.0008118175046568732 0.00034502102365161489 0.00046954696273412641 -0.001399927519329407 0.0046201660965349764 -0.0031724063861157691 0.0018289568535132617 -0.00024575366573606591 -0.00073280358206736726 -0.0021767792362628758 0.0017496115005794799 0.003063255801859217 -0.0013309858736883927 -0.00078651723843263792 0.0013887832087593744 -0.00018070430218569911 0.0002350669573649
leaf_weight=45 1768 1598 176 43 89 770 168 43 669 1300 228 40 206 383 119 459 176 1768 224 82 291 409 67 213 67 809 106 189 327 495 236 1742 69 156 472 506 469 54 65 50 164 1306 98 75 40 144 93 352 108 276 40 107 96 75 62 163 136 50 122 64 229 371
leaf_count=45 1768 1598 176 43 89 770 168 43 669 1300 228 40 206 383 119 459 176 1768 224 82 291 409 67 213 67 809 106 189 327 495 236 1742 69 156 472 506 469 54 65 50 164 1306 98 75 40 144 93 352 108 276 40 107 96 75 62 163 136 50 122 64 229 371
internal_value=0.000435547 0.00576422 -0.00669628 -0.00548065 0.00318301 -0.0106499 -0.00463155 0.00955677 0.00139452 -0.0116177 0.00562744 0.00768923 0.00258486 -0.0054995 -0.00149425 -0.0120597 0.00463164 -0.00704723 -0.00364318 -0.0011609 0.000574305 -0.00271298 0.00148155 0.00420181 -0.00132926 -0.00331813 -0.00401417 -0.00764398 0.00860993 0.00984615 0.0114601 0.0126232 0.00404896 0.00270208 -0.00295582 -0.00386475 -0.00241394 0.00438142 -0.000459184 0.00511048 0.00545095 0.00580619 0.00454225 0.00539249 0.00124694 -0.000162602 0.00965426 0.00371622 -0.000541516 0.00829545 0.00558594 0.000304054 0.00442217 0.0048731 0.000794492 0.00613372 0.00864407 -0.00470339 -0.00021645 0.00115587 0.00147321 0.00515793
internal_weight=21317 12201 9116 7312 7261 1030 6282 4940 4194 1804 3067 2496 382 4974 260 1759 2483 2434 666 490 3525 762 2763 995 1308 876 2540 572 2114 584 2444 1785 2307 432 1968 1633 1161 2238 293 1945 1895 1841 141 878 408 368 1691 665 276 659 383 147 423 590 471 515 176 117 692 570 335 1677
internal_count=21317 12201 9116 7312 7261 1030 6282 4940 4194 1804 3067 2496 382 4974 260 1759 2483 2434 666 490 3525 762 2763 995 1308 876 2540 572 2114 584 2444 1785 2307 432 1968 1633 1161 2238 293 1945 1895 1841 141 878 408 368 1691 665 276 659 383 147 423 590 471 515 176 117 692 570 335 1677
is_linear=0
shrinkage=0.03


Tree=43
num_leaves=63
num_cat=0
split_feature=9 9 9 20 20 1 1 10 1 1 14 18 0 17 17 14 7 15 1 0 9 7 7 15 27 27 0 14 17 10 26 25 15 15 1 27 0 12 26 26 5 17 9 4 16 0 17 1 14 14 15 27 1 0 14 10 17 18 0 22 15 15
split_gain=841.667 115.179 74.9536 29.7691 27.2525 28.3735 20.96 21.9427 18.7821 18.3854 15.8353 14.8337 12.8282 12.1061 14.933 11.9427 11.8537 11.8113 11.7133 13.417 11.7047 10.4911 10.1616 9.79056 9.48052 15.4468 9.32803 9.90521 9.41045 9.07055 9.52 8.83633 8.79326 8.78919 8.6817 17.4252 8.7738 12.4918 8.31826 8.29347 8.14005 8.0515 10.3806 8.04179 7.83983 13.6425 8.44122 10.3026 7.83296 7.78914 7.86001 7.72307 7.52621 8.1253 7.41992 8.22375 7.40716 9.14771 8.53786 7.3492 7.29931 7.16831
threshold=3000.0200000000009 2135.5300000000007 3989.0250000000005 -15233.249999999998 -42009.299999999996 5.5000000000000009 4.5000000000000009 3500.2850000000003 5.5000000000000009 1.0000000180025095e-35 2699.2384499498471 13622.350000000002 29.500000000000004 1008.6950000000001 915.37500000000011 2693.4448096162669 -0.50556189049999822 2546.3523437500003 1.0000000180025095e-35 32.500000000000007 4550.8150000000014 0.94704596667653973 -0.99866806308218525 4718.426145833334 -0.14499999999999955 0.25499999999999906 25.500000000000004 2182.9679085065777 300.64000000000004 2640.5150000000008 9.9500000000000011 19.085000000000004 4547.3495312500008 5017.9949479166671 4.5000000000000009 -0.41499999999999909 17.500000000000004 3620.9455357142861 7.370000000000001 7.9650000000000007 -0.60876142900872077 249.05500000000004 2620.2850000000003 1.0000000180025095e-35 6650.6950000000006 16.500000000000004 1937.7500000000002 2.5000000000000004 1967.7130270104035 2836.601875044782 4900.826822916667 -0.56000000000000039 5.5000000000000009 22.500000000000004 1442.4486155590955 2127.3350000000005 1724.6300000000003 21055.650000000005 25.500000000000004 5346.2291096230174 4618.8766145833342 3184.6903125000003
decision_type=2 2 2 2 2 2 2 2 2 2 2 2 2 2 2 2 2 2 2 2 2 2 2 2 2 2 2 2 2 2 2 2 2 2 2 2 2 2 2 2 2 2 2 2 2 2 2 2 2 2 2 2 2 2 2 2 2 2 2 2 2 2
left_child=1 4 6 13 -1 9 7 10 20 17 29 -10 43 14 26 54 -15 40 19 -5 49 32 -22 -9 -14 -26 27 -3 -28 30 -2 -31 39 34 44 -36 37 -37 -16 48 -6 -20 -43 51 45 -18 -46 59 -19 50 -4 -8 -44 -54 55 -11 -13 58 -58 -48 -53 -51
right_child=2 3 8 18 5 -7 12 23 11 15 -12 56 24 16 38 -17 33 21 41 -21 22 -23 -24 -25 25 -27 28 -29 -30 31 -32 -33 -34 -35 35 36 -38 -39 -40 -41 -42 42 52 -45 46 -47 47 -49 -50 61 -52 60 53 -55 -56 -57 57 -59 -60 -61 -62 -63
leaf_value=-0.016164802784524913 0.00055363778933950061 -0.0026424091620738908 0.0029065663237786321 -0.00016662021341109056 -0.00039392141472997187 -0.017187227573353659 -0.00029429818079073299 0.0025400115430456258 -0.00016863608115503579 0.00039454744000464446 1.3387753798248524e-05 0.0040535899754477883 0.00074577206320926238 -0.0023812827903797371 0.0018649195531328733 -0.0060041681359093071 -0.0018576215684875084 0.0012526798899271396 0.00098774686496181361 0.0021415038488353843 -0.0011840231042659433 -0.0038176516490765521 0.0064209806623860815 2.0745500130026073e-05 -0.0010373225947835252 0.00041809676907258894 0.0011347652418500153 0.00027644670758036227 -0.0014019341633708304 0.00088133465712509457 -0.003160969678616361 0.0023432099906529479 0.0013850120804865451 -0.004643164461196103 0.0010174854226085105 0.00033151584199480943 -0.0036461309333387956 -0.00089975832088549977 -5.2486252120269579e-05 0.00068241943988609497 -0.0051907644431825294 -0.0011138488998623686 5.1851344320921197e-05 -0.00048443855058371454 0.00023840042094889211 -5.1476806629979777e-05 0.00029547400949303082 -0.00082521893067784898 -0.0016038986333227444 -0.0018363486035458542 0.00011041397189647029 0.0014124282308832115 3.6564385306778743e-05 -0.0032621621662033994 -0.0017861149771726125 -0.003715211180788307 0.0040302455910691572 0.0055137994948510818 -9.6154151639922246e-05 -0.0023108679181052505 -0.00021427058718206382 0.0010952002876045341
leaf_weight=760 174 153 1150 186 100 616 89 1325 235 146 633 365 296 763 113 936 140 42 133 304 43 84 1749 109 395 226 111 61 178 1335 62 325 45 122 50 86 255 130 126 189 216 576 1413 40 390 168 266 311 210 44 72 489 117 168 1654 53 46 104 193 51 63 210
leaf_count=760 174 153 1150 186 100 616 89 1325 235 146 633 365 296 763 113 936 140 42 133 304 43 84 1749 109 395 226 111 61 178 1335 62 325 45 122 50 86 255 130 126 189 216 576 1413 40 390 168 266 311 210 44 72 489 117 168 1654 53 46 104 193 51 63 210
internal_value=0.000471338 -0.00505822 0.00693441 -0.00237524 -0.00844121 -0.00751048 0.00464671 0.00581609 0.0099537 -0.00650843 0.00413241 0.00621292 0.00174484 -0.00424748 -0.000847914 -0.0077043 -0.00517014 -0.00273957 -0.0001294 0.00409369 0.0110309 -0.000157618 0.0126659 0.00878049 -0.000571895 -0.00267685 -0.00377976 -0.00851163 -0.000258621 0.00550343 0 0.00628537 0.00154004 -0.00393655 -0.00341721 -0.0066954 -0.00848517 -0.00400922 0.0053125 0.000237557 -0.0073817 -0.000990449 -0.00141099 0.0048607 -0.00212509 -0.00631068 -0.000853778 -0.00300477 -0.00332016 0.00903859 0.0100327 0.00567757 -0.000229547 -0.00466783 -0.00630259 -0.000825 0.008378 0.00518895 0.0019375 0.000801887 0.00699819 0.00423529
internal_weight=21194 11422 9772 6371 5051 4291 5561 3963 4211 3675 2529 943 1598 3474 742 2789 2732 886 2897 490 3268 570 1792 1434 917 621 503 214 289 1896 236 1660 486 1969 1847 521 471 216 239 441 316 2407 2274 681 1326 308 1018 628 252 1476 1222 641 1698 285 1853 199 708 343 239 317 552 254
internal_count=21194 11422 9772 6371 5051 4291 5561 3963 4211 3675 2529 943 1598 3474 742 2789 2732 886 2897 490 3268 570 1792 1434 917 621 503 214 289 1896 236 1660 486 1969 1847 521 471 216 239 441 316 2407 2274 681 1326 308 1018 628 252 1476 1222 641 1698 285 1853 199 708 343 239 317 552 254
is_linear=0
shrinkage=0.03


Tree=44
num_leaves=63
num_cat=0
split_feature=20 20 20 1 20 20 14 0 1 14 11 20 14 24 14 17 1 26 12 12 12 1 7 7 12 1 4 26 7 7 6 1 17 11 1 24 11 14 7 14 12 14 21 26 1 0 24 15 15 17 19 11 22 1 7 7 1 6 21 1 8 6
split_gain=800.236 94.6065 76.3464 26.0841 24.9304 22.4483 24.4508 19.4135 17.4945 16.3904 19.6551 14.704 13.937 13.4126 13.372 13.2631 18.0743 11.8999 10.9235 13.8086 10.757 10.7424 10.4791 10.1723 10.0276 9.79699 9.43932 9.55645 9.09062 9.73 8.98461 11.7332 8.96655 8.94659 8.52659 8.43779 8.1738 7.95392 9.95789 9.35408 7.564 12.5555 11.1055 7.51873 8.59755 7.93388 8.65217 8.59265 10.6608 7.44881 7.2539 7.12029 7.01816 6.96151 6.65739 6.61892 6.60366 8.58012 6.25303 9.31448 8.08057 6.16918
threshold=-11130.9 -24476.449999999993 295.19999999999897 4.5000000000000009 -15233.249999999998 -43995.999999999993 2693.4448096162669 11.500000000000002 5.5000000000000009 2186.5951354220902 3879.8350000000005 -5870.9999999999973 1442.4486155590955 4.9875000000000034 2949.5975880568817 1100.0250000000003 5.5000000000000009 11.325000000000001 3014.2931622023812 4143.8247767857147 3869.83427827381 1.0000000180025095e-35 0.90162119223771331 -0.50556189049999822 4403.9769122023818 1.0000000180025095e-35 1.0000000180025095e-35 9.7650000000000023 -0.861146256326485 -0.75579217237767959 -0.19509032201612839 5.5000000000000009 1605.8150000000003 3244.4750000000004 1.5000000000000002 5.3562500000000002 1750.5850000000003 1342.4861752890804 0.34537287020513602 2124.0408265395022 3053.4782886904763 2127.0992449850605 3373.2266666666669 5.3050000000000006 5.5000000000000009 13.500000000000002 7.5062500000000005 3826.9975520833336 4197.9447395833349 915.37500000000011 41250.100000000013 1829.9250000000004 5244.535842633929 4.5000000000000009 -0.9905448150984083 0.82899317702918729 5.5000000000000009 -0.32143946530316164 4632.9150000000009 5.5000000000000009 0.17435360825960186 -0.68322629814330815
decision_type=2 2 2 2 2 2 2 2 2 2 2 2 2 2 2 2 2 2 2 2 2 2 2 2 2 2 2 2 2 2 2 2 2 2 2 2 2 2 2 2 2 2 2 2 2 2 2 2 2 2 2 2 2 2 2 2 2 2 2 2 2 2
left_child=1 5 3 11 15 -1 8 -5 12 -4 22 17 32 61 26 16 28 33 34 36 -16 -6 -11 24 52 51 -13 -28 40 -30 31 -9 -7 -2 -15 -31 -20 -25 43 -40 41 42 -3 -39 45 47 -47 -45 -49 -22 -34 -8 53 -17 -44 -38 -23 -58 60 -60 -32 -14
right_child=2 4 9 7 21 6 25 30 -10 10 -12 14 13 18 20 23 -18 -19 19 -21 49 56 -24 37 -26 -27 27 -29 29 35 58 -33 50 -35 -36 -37 55 38 39 -41 -42 -43 54 44 -46 46 -48 48 -50 -51 -52 -53 -54 -55 -56 -57 57 -59 59 -61 -62 -63
leaf_value=-0.015988947898707695 0.00028424029801642713 -0.0018473352345803916 0.0046608292248166983 0.0014034758414753412 0.00084610085336523256 0.00062934024413999971 0.00044185645052449815 0.00022899694628142342 -0.01544585655339565 0.00032251835383356742 0.0034670700849758871 0.001806878579349167 -0.0026673776415697546 0.0019939172223877623 -0.0011643345122837178 -0.0020084945444167699 -0.01010548164952128 -0.0011616161817873661 -0.0028710545153224662 0.0018952510548708367 0.0013626691166289805 -3.8080538537874629e-05 0.0031664855041004 9.4898265674192564e-05 0.00090115822469317487 -0.013442690086429891 0.001467899359891538 -0.0039627474903009795 0.0014479396037045289 -0.0014280279630443492 0.0014651811873103203 -0.0020319675254422266 -0.0056345390443973105 0.0017022875746556209 -0.0003393739668999096 0.0005454455023528481 0.000105611393259335 0.0003559150428698432 -0.0004581639849772001 -0.0023048947727892077 -0.0020483378967190058 0.0010136911111910374 -0.0009792987700717147 -0.0015357445050973961 -0.0028959247387707917 4.9848303245090261e-05 -0.0026532124289484261 0.00031218859672768048 -0.00080320694591604178 -9.926137479613572e-05 -4.973821642593634e-05 -0.0043392241773436971 -0.0085021451335220901 -0.00059501238855165896 0.0011735067470396209 -0.002513247990341032 -0.0047108012607918106 -0.00022647926675653629 0.00096015742915648509 -0.0008790640918090631 0.00017709313453124763 -0.0013128838291475908
leaf_weight=594 924 138 1627 251 318 179 72 283 340 470 1872 2191 620 46 62 408 100 93 358 54 184 1545 128 205 55 968 70 44 196 160 210 282 53 819 137 158 176 104 354 358 122 86 43 160 146 595 180 78 94 134 114 167 241 240 44 122 130 181 136 149 523 305
leaf_count=594 924 138 1627 251 318 179 72 283 340 470 1872 2191 620 46 62 408 100 93 358 54 184 1545 128 205 55 968 70 44 196 160 210 282 53 819 137 158 176 104 354 358 122 86 43 160 146 595 180 78 94 134 114 167 241 240 44 122 130 181 136 149 523 305
internal_value=0.000542058 -0.00520707 0.00645174 0.00439191 -0.0029045 -0.00864956 -0.00777883 0.0013733 -0.00608383 0.00964495 0.00809794 0.00561588 -0.00508545 -0.00613524 0.0070309 -0.00423699 -0.00130248 0.00354382 -0.00350671 -0.00518987 0.00181102 -0.000289655 0.00335559 -0.00519105 -0.00780952 -0.0112873 0.00789029 -0.000521739 -1.58228e-05 0.00267961 0.000142045 -0.00288869 0.000432277 0.00410264 0.0030163 -0.000564263 -0.00639269 -0.0041011 -0.00465942 -0.00753156 -0.00321429 -0.000721154 -0.0044469 -0.00314801 -0.00379187 -0.00288357 -0.00121778 -0.00675676 -0.00208092 0.00404389 -0.00455357 -0.0058125 -0.00857865 -0.00693374 0.00392045 -0.00270903 -0.00116317 -0.00514423 0.00182532 -0.00194056 0.00329019 -0.00866631
internal_weight=21196 10744 10452 6355 6439 4305 3711 1834 2504 4097 2470 4521 2164 1818 2685 4265 1047 1836 893 710 380 2174 598 3218 944 1207 2305 114 947 514 1583 565 346 1743 183 318 656 2274 2069 712 433 311 225 1357 1253 1107 775 332 172 318 167 239 889 648 87 298 1856 311 1018 285 733 925
internal_count=21196 10744 10452 6355 6439 4305 3711 1834 2504 4097 2470 4521 2164 1818 2685 4265 1047 1836 893 710 380 2174 598 3218 944 1207 2305 114 947 514 1583 565 346 1743 183 318 656 2274 2069 712 433 311 225 1357 1253 1107 775 332 172 318 167 239 889 648 87 298 1856 311 1018 285 733 925
is_linear=0
shrinkage=0.03


Tree=45
num_leaves=63
num_cat=0
split_feature=9 20 9 6 1 0 1 20 14 9 8 1 26 12 12 7 27 26 27 26 26 12 7 20 22 6 7 27 1 26 27 1 18 25 12 14 1 6 1 8 18 6 9 7 7 7 1 0 16 22 8 8 5 1 8 14 22 9 5 1 26 14
split_gain=790.055 123.761 61.3341 40.4452 26.0605 24.4322 18.9097 21.0791 20.9596 16.6485 12.1632 11.3616 11.3267 11.5966 11.4097 13.2516 10.6891 10.6803 10.5945 10.5261 15.119 10.4665 14.8018 13.1688 10.8273 12.4326 10.6531 10.4281 10.3677 10.1591 9.74113 9.32996 8.96491 8.61519 8.16348 15.0639 12.9463 16.5601 10.9909 11.7947 16.061 8.27205 8.11542 8.71503 7.96379 7.90589 7.83536 10.1716 7.78652 10.143 8.63399 7.73633 7.63706 17.1448 7.30536 7.03989 7.01526 6.77762 8.47884 6.75813 6.53094 6.50395
threshold=3065.8000000000006 -17147.849999999995 4550.8150000000014 -0.77259657388510605 5.5000000000000009 30.500000000000004 5.5000000000000009 -44763.149999999987 2662.3621742407736 2700.7400000000002 0.99855310097228334 1.0000000180025095e-35 9.7650000000000023 3892.8824702380953 4032.7201562500009 0.87397152483179585 0.86500000000000032 5.2000000000000011 -0.59499999999999964 10.255000000000001 11.325000000000001 4325.1224404761915 0.99274428880883148 -4816.1499999999996 5543.6918582589287 -0.44228869021900119 -0.69674959280705229 -0.66999999999999893 5.5000000000000009 7.4750000000000005 -0.49000000000000016 1.0000000180025095e-35 11372.450000000003 18.045000000000005 3059.9421130952387 2142.9984708367851 4.5000000000000009 -0.5 5.5000000000000009 -0.54940789553007929 14007.1 0.16280825711809005 2592.5050000000006 1.0000000180025095e-35 0.91596454896554913 0.74081089433267733 1.0000000180025095e-35 24.500000000000004 4999.7350000000015 3353.429024338795 0.71952396275653763 0.93158198870884079 -0.55557023301960229 4.5000000000000009 0.94353349168649059 1685.0776775692004 3099.142881944445 5999.3250000000007 -0.81241147629689037 1.0000000180025095e-35 8.4950000000000028 2507.0906093030226
decision_type=2 2 2 2 2 2 2 2 2 2 2 2 2 2 2 2 2 2 2 2 2 2 2 2 2 2 2 2 2 2 2 2 2 2 2 2 2 2 2 2 2 2 2 2 2 2 2 2 2 2 2 2 2 2 2 2 2 2 2 2 2 2
left_child=1 3 4 6 12 29 7 -1 11 10 52 48 21 19 -15 -16 34 -13 27 45 -21 23 24 31 25 60 -27 -10 30 32 -4 -2 -6 -31 35 36 41 -38 39 42 51 -5 43 -36 -25 -14 47 -11 50 -50 -9 -41 53 -3 -53 -33 -8 58 -30 -26 -23 -19
right_child=2 9 28 16 5 -7 56 8 18 46 -12 17 13 14 15 -17 -18 61 -20 20 -22 22 -24 44 59 26 -28 -29 57 33 -32 55 -34 -35 38 -37 37 -39 -40 40 -42 -43 -44 -45 -46 -47 -48 -49 49 -51 -52 54 -54 -55 -56 -57 -58 -59 -60 -61 -62 -63
leaf_value=-0.015336423887514479 0.0046737388780083485 0.0005736235079625107 0.0032736696965642497 -0.00081115778111120031 -0.0011406794916676065 -0.00052953386746686256 -0.00068023759806911776 -0.0056303428968886892 -0.0038163327475974947 -0.00012872131872285753 0.00092936063944517146 4.9264272592797199e-05 -0.00085580799898279383 -0.0010104131668823156 0.0020663740082774405 -0.0002060965125826364 -0.004178340221991492 -0.001930879993915191 -0.0088125556577398085 0.0028054698637785158 -0.00027006998937052274 -0.00057342359023865525 -0.0019601043446062592 0.0017062518990963403 0.00062291436617597281 -0.00014233462472379443 0.0017576358723141628 0.00023681912800979532 -0.00091178046348322711 0.00049290263951928814 0.0063504900823710382 -0.00024494239165932184 0.001020871839925621 0.0026607984195984357 0.00068324774797461345 0.00095394400229707353 -0.0036618012609615966 0.00079491457129734046 -0.0062855126804514062 -0.0016494810077271537 0.00014016430713426951 -0.00173153092900872 -0.0017551216307079853 -0.0026006471383511398 0.0038807098130555851 0.0018751666838152303 2.9701773919885709e-05 0.0025632020019246047 -0.00052071545966220429 0.0019490096286603942 0.00062361402186164041 0.00092696365067612696 -0.00084593100840899991 -0.0045862406452617452 -0.0007243287236735885 0.00092097020378590245 -0.016733506325890352 0.0042384102470938425 0.0023900619316515569 -0.002210295708835268 0.00092153867816942899 -4.8984594625958163e-05
leaf_weight=456 158 341 324 350 50 524 50 106 348 128 47 143 79 127 88 225 116 1341 686 407 125 130 62 2054 48 76 750 97 92 156 1525 137 96 167 251 174 68 163 275 901 256 486 94 64 295 43 2264 251 87 84 74 47 1309 96 257 879 542 399 156 47 66 129
leaf_count=456 158 341 324 350 50 524 50 106 348 128 47 143 79 127 88 225 116 1341 686 407 125 130 62 2054 48 76 750 97 92 156 1525 137 96 167 251 174 68 163 275 901 256 486 94 64 295 43 2264 251 87 84 74 47 1309 96 257 879 542 399 156 47 66 129
internal_value=0.000584078 -0.00447318 0.00716401 -0.0067859 0.00568409 0.00119215 -0.00879223 -0.0079603 -0.0070688 -0.000486815 -0.00271739 -0.00519084 0.00645334 0.00369863 -6.80272e-05 0.00300955 -0.00441051 -0.00625465 -0.0103224 0.00622901 0.00804878 0.00709334 0.00463983 0.00791288 0.00543381 0.00633431 0.00794438 -0.00669283 0.0111854 0.00615957 0.0123324 0.00531064 -0.000408163 0.00912037 -0.00410097 -0.00216184 -0.00349719 0.00278017 -0.00522134 -0.00439337 -0.00565321 -0.00523297 0.000109756 0.00242089 0.00921064 -0.00170732 0.00102685 0.00501316 -0.000298295 0.00427326 -0.00464088 -0.00710199 -0.00312536 0.000308219 -0.00295082 0.00424779 -0.0137605 0.00789352 0.0039759 -0.00421875 -0.000456853 -0.00701564
internal_weight=21366 12081 9285 7645 6789 993 4143 3551 3095 4436 1793 1964 5796 1094 440 313 3502 1613 1131 654 532 4702 1179 3523 1117 1022 826 445 2496 469 1849 1174 146 323 3386 1241 1067 231 2145 1870 1461 836 409 315 2349 122 2643 379 351 171 180 1205 1746 437 304 1016 592 647 248 95 196 1470
internal_count=21366 12081 9285 7645 6789 993 4143 3551 3095 4436 1793 1964 5796 1094 440 313 3502 1613 1131 654 532 4702 1179 3523 1117 1022 826 445 2496 469 1849 1174 146 323 3386 1241 1067 231 2145 1870 1461 836 409 315 2349 122 2643 379 351 171 180 1205 1746 437 304 1016 592 647 248 95 196 1470
is_linear=0
shrinkage=0.03


Tree=46
num_leaves=63
num_cat=0
split_feature=9 9 9 20 10 1 0 10 1 4 1 17 1 14 17 19 27 17 17 12 7 1 0 25 25 27 27 11 27 14 27 14 12 7 16 18 22 22 12 21 25 0 10 12 10 25 1 14 25 1 17 24 10 11 13 14 7 14 0 16 17 27
split_gain=741.765 106.469 62.0435 27.6223 26.6668 24.8413 23.901 22.846 21.8549 14.407 14.0324 13.9289 13.7663 13.7041 13.3701 12.7748 12.7199 14.8329 11.4475 10.9805 12.6373 10.5605 12.5877 11.8641 10.3074 10.2834 9.45024 10.2537 9.29314 9.43326 9.22251 9.14532 9.03151 8.87075 10.9342 8.51249 8.42564 8.39814 8.33278 9.02892 7.90793 7.68979 10.3443 7.66224 7.55423 8.11551 7.45415 7.36995 7.09176 7.55429 7.35384 7.02901 6.98897 6.88458 6.82843 7.05158 8.35696 10.6975 6.67424 6.56853 9.84729 6.4897
threshold=3000.8550000000005 2064.5850000000005 4550.8150000000014 -15233.249999999998 1221.2750000000003 5.5000000000000009 31.500000000000004 3943.0650000000005 5.5000000000000009 1.0000000180025095e-35 5.5000000000000009 1016.2300000000001 1.0000000180025095e-35 2693.4448096162669 1541.8000000000002 17335.800000000003 -0.49000000000000016 896.97500000000014 915.37500000000011 4482.8633110119054 -0.23537230790205757 3.5000000000000004 38.500000000000007 16.705000000000002 14.930000000000001 -0.73499999999999932 0.70500000000000018 2080.0650000000005 -0.56000000000000039 2350.6231677469882 -0.32999999999999913 2960.530363378964 3747.3224404761913 0.94704596667653973 9999.6750000000011 13670.150000000003 3665.744481646826 5767.4325905257938 4357.2673437500007 2758.9133333333339 18.045000000000005 20.500000000000004 2799.5200000000009 3556.520729166667 3661.6350000000007 20.580000000000002 5.5000000000000009 2753.2667223456815 19.265000000000004 4.5000000000000009 250.25500000000002 2.3062500000000008 2030.2850000000001 4672.3100000000004 7050.2600000000011 1342.4861752890804 0.34537287020513602 2120.8416706837265 66.500000000000014 5088.1000000000013 499.72000000000008 0.25999999999999984
decision_type=2 2 2 2 2 2 2 2 2 2 2 2 2 2 2 2 2 2 2 2 2 2 2 2 2 2 2 2 2 2 2 2 2 2 2 2 2 2 2 2 2 2 2 2 2 2 2 2 2 2 2 2 2 2 2 2 2 2 2 2 2 2
left_child=1 4 5 11 14 7 25 13 9 12 16 18 33 15 -1 28 17 -4 41 -9 -21 23 48 58 -14 -7 27 32 29 -2 47 -22 43 34 37 -12 -20 38 39 -6 -27 59 -43 -13 45 52 -24 -15 49 -23 -51 -30 -25 -19 -29 -56 -57 -58 -5 -3 -61 -8
right_child=2 3 10 21 8 6 61 19 -10 -11 35 26 24 30 -16 -17 -18 53 36 20 31 22 46 44 -26 40 -28 54 51 -31 -32 -33 -34 -35 -36 -37 -38 -39 -40 -41 -42 42 -44 -45 -46 -47 -48 -49 -50 50 -52 -53 -54 -55 55 56 57 -59 -60 60 -62 -63
leaf_value=-0.014833800637033203 -0.0031965347826346502 -0.002869967577570849 -0.0055286605840301206 -0.0013370495638463796 -0.0022119397856914034 -0.00098854401689107974 -0.0010007993880885736 0.0032810665686550597 -0.01541466242869733 -0.014421594445674941 -2.5202705715443583e-06 -0.0013131580561765422 0.00037512467260232714 -0.0012150011745598421 -0.00023438248839942054 0.00071556842291166768 0.0060931619953894511 0.0007213221436056116 0.0017749167453724724 0.0021315480198638602 -0.001289959043661124 -0.00081569071179771408 -0.00044206527815487284 -0.00045557001187982669 -0.0018271096388047736 0.00042170645180602759 -0.0040226756232603746 -0.0031431550278207608 0.0015639129937412299 0.00087102102341759743 -0.00013679942939229584 0.00089642569328332469 -0.0039579859774775804 -0.0038864270728486438 0.0012980317496701498 0.0034585031515164564 -0.000252747756730054 -0.0050439757030762908 -0.00197003496135542 0.00044867330818237238 0.0022124096422906979 -0.001630976726153177 0.001095689481511064 0.0010743693828862133 0.0035805814291556002 -0.00052665820445774614 -0.0036468563528428621 0.0007556803261207889 0.0019517898643254439 0.001776783027535389 3.0698289341160037e-05 0.0032372883337280101 0.00031759241042558003 0.0056146606792622927 0.0001086400010066324 -0.00041438530107727799 -0.00026908267815155539 -0.0020011478235750467 0.00044751504378316649 -0.0017312756171752319 0.00048655610970741668 0.00030362885296957742
leaf_weight=1330 40 98 46 227 46 42 429 1309 457 195 126 443 91 52 103 2118 1490 101 155 155 81 172 401 103 1742 236 98 77 739 55 382 162 310 105 71 528 125 60 90 432 243 231 127 74 79 62 217 651 52 49 339 417 1292 171 229 1315 248 254 92 67 57 135
leaf_count=1330 40 98 46 227 46 42 429 1309 457 195 126 443 91 52 103 2118 1490 101 155 155 81 172 401 103 1742 236 98 77 739 55 382 162 310 105 71 528 125 60 90 432 243 231 127 74 79 62 217 651 52 49 339 417 1292 171 229 1315 248 254 92 67 57 135
internal_value=0.000545416 -0.0045361 0.00667731 -0.00218544 -0.00801609 0.00527805 0.00109116 0.00601509 -0.00652432 -0.0055383 0.0107917 -0.00386032 -0.00495262 0.00488215 -0.0114331 0.00582641 0.0121559 0.00667712 -0.000487805 0.00896663 0.00458647 -6.31886e-05 -0.00221771 0.00136584 -0.00638768 0.00571839 -0.00481141 -0.00450356 0.00823083 -0.00078125 0.00194751 0.000307377 -0.00733696 -0.00167702 -0.00045 0.00700763 0.00448399 -0.00171701 -0.000579965 0.00100209 0.00696875 -0.00289157 -0.000167131 -0.00489382 0.00245934 0.00196502 -0.00523425 0.00398438 0.000831974 -0.000160428 0.00215938 0.00897148 0.00243911 0.00934066 -0.00339689 -0.00306302 -0.00368812 -0.00697813 -0.00389062 -0.00726457 -0.00264 -0.00318584
internal_weight=21423 11715 9708 6993 4722 7246 1085 6161 3289 2832 2462 3908 2637 4454 1433 3369 1808 318 860 1707 398 3085 1230 1855 1833 521 3048 2950 1251 95 1085 243 827 804 699 654 280 628 568 478 479 580 358 517 1536 1457 618 703 612 560 388 1156 1395 272 2123 2046 1817 502 319 222 124 564
internal_count=21423 11715 9708 6993 4722 7246 1085 6161 3289 2832 2462 3908 2637 4454 1433 3369 1808 318 860 1707 398 3085 1230 1855 1833 521 3048 2950 1251 95 1085 243 827 804 699 654 280 628 568 478 479 580 358 517 1536 1457 618 703 612 560 388 1156 1395 272 2123 2046 1817 502 319 222 124 564
is_linear=0
shrinkage=0.03


Tree=47
num_leaves=63
num_cat=0
split_feature=9 20 9 10 1 1 6 1 10 10 1 0 12 17 12 15 22 7 9 25 9 5 0 0 15 18 22 22 5 8 22 10 2 24 12 7 8 9 15 25 12 18 15 7 18 7 22 25 17 11 25 22 22 22 6 22 6 25 7 12 7 26
split_gain=708.363 88.5709 69.5905 40.6159 21.1714 20.7916 19.8279 19.7815 22.9721 18.2846 14.4256 17.6388 12.4033 12.0399 15.0418 14.2293 11.991 11.5703 12.6868 11.2932 11.2696 11.7718 11.2018 11.0066 10.799 12.0836 10.2098 13.429 9.9187 9.81152 9.27815 9.15638 9.73813 9.04671 8.74963 8.483 8.34875 8.27742 8.16949 7.84905 7.50348 10.1784 8.42888 8.86515 7.92056 7.31965 13.152 9.2203 10.0478 9.50502 6.89174 6.78123 6.73027 6.46326 14.8028 7.65342 6.45782 6.37841 6.18195 5.87223 7.84372 5.92877
threshold=2999.3850000000007 -17945.649999999998 4000.8050000000007 1072.4350000000002 5.5000000000000009 5.5000000000000009 -0.44228869021900119 4.5000000000000009 3499.7450000000003 3617.0850000000005 5.5000000000000009 23.500000000000004 2824.4009598214293 1008.6950000000001 3067.187901785715 4109.6463541666672 3759.518776041667 0.90892735371523092 6001.3250000000007 18.695000000000004 2700.7400000000002 -0.52778511650980109 22.500000000000004 33.500000000000007 2368.5494791666674 6832.7000000000007 5798.8263182043656 5559.1032626488113 -0.63405362205439475 0.93158198870884079 3991.0624503968261 1998.3650000000002 6.5000000000000009 2.7937499999999997 4482.8633110119054 -0.23537230790205757 0.99681593486783593 1690.1500000000003 2928.0587500000006 20.255000000000006 3580.6798139880962 7199.0500000000002 2917.2802604166673 -0.64578423485557612 9923.7500000000018 0.72914769978834015 3173.5561941964284 20.130000000000003 2227.6050000000005 1989.6350000000002 17.930000000000003 3099.142881944445 5124.5616356646833 3418.9361396329373 -0.63405362205439475 4831.9821868799618 -0.83146961230254512 18.140000000000004 -0.99866806308218525 4148.7601339285729 0.97696484778429815 11.290000000000001
decision_type=2 2 2 2 2 2 2 2 2 2 2 2 2 2 2 2 2 2 2 2 2 2 2 2 2 2 2 2 2 2 2 2 2 2 2 2 2 2 2 2 2 2 2 2 2 2 2 2 2 2 2 2 2 2 2 2 2 2 2 2 2 2
left_child=1 3 7 37 13 16 51 8 26 10 20 57 -8 14 24 31 -4 18 28 29 21 -3 33 38 25 -5 27 59 -7 40 -31 -16 -33 -18 39 -36 -23 -1 -9 -10 41 -15 44 -44 -43 47 -47 48 -21 -49 -14 -6 -39 54 -26 -55 -46 -12 -24 61 -61 -2
right_child=2 9 5 4 6 17 12 23 34 -11 11 -13 50 19 15 -17 22 -19 -20 45 -22 36 58 -25 53 -27 -28 -29 -30 30 -32 32 -34 -35 35 -37 -38 52 -40 -41 -42 42 43 -45 56 46 -48 49 -50 -51 -52 -53 -54 55 -56 -57 -58 -59 -60 60 -62 -63
leaf_value=-0.014958364990715083 0.00092600007863186562 0.0002555860568664281 0.0046886140694428844 0.001076213785962321 -0.00083124878577581543 -0.0012698421792554802 0.0011731702972584124 -0.00081553525962351435 0.0024591193234518014 0.0031437513693306938 -0.00027443031428526777 -0.0038919122623118428 -0.0017834168182929043 -0.005440900022767807 -0.005504858958960206 0.00051549453455865366 -0.00016459473526722946 0.0044009212591535453 0.0033460561889492712 0.00050077602085228266 7.7314864040358696e-05 -0.00074193293185955691 -2.5051373850377699e-05 -8.5786123094404578e-05 -0.0031582860272635392 -0.0025033466641127197 0.0027095655320390931 -0.00031610166695143603 0.001197183357758984 -0.00066054336893529354 0.00097966098192156167 -0.0041238657761902787 2.0930842435955553e-05 0.0022119836141102842 0.0022385149165564931 -8.7237229272929538e-06 0.00044628763653173028 -0.00049287707724292578 0.00084881695678607372 -0.0010946630536624545 -0.0036412306154950521 0.00057115937863395417 -0.0032600243535584636 -0.00046682422466909123 0.00011497331574682689 0.00051798618464887975 -0.0030171636434980663 -0.0023437635102804676 -0.0032197394335468843 0.00072043186492912518 0.00038815977475631591 -0.014377272153517877 -0.0064432708258921152 0.00073173132186060913 0.0013612795299375068 -0.00396014043606931 -0.0016564682239780736 0.00016886723782561397 0.0041207795501593831 0.00028623870635322566 -0.0022931020992333017 -0.00031607122192712112
leaf_weight=1053 1467 442 1781 48 62 160 52 45 1311 147 174 351 68 128 451 218 187 181 328 244 1686 1311 47 919 74 186 136 231 219 340 40 90 238 237 105 193 63 142 771 42 813 134 234 506 70 97 270 157 42 89 43 587 182 282 91 40 85 50 877 586 41 84
leaf_count=1053 1467 442 1781 48 62 160 52 45 1311 147 174 351 68 128 451 218 187 181 328 244 1686 1311 47 919 74 186 136 231 219 340 40 90 238 237 105 193 63 142 771 42 813 134 234 506 70 97 270 157 42 89 43 587 182 282 91 40 85 50 877 586 41 84
internal_value=0.000530264 -0.00458132 0.00637753 -0.0066145 -0.00550952 0.00942633 -0.01 0.00431136 0.0054253 -0.00113609 -0.00151177 -0.00591146 -0.000640244 -0.00477355 -0.00273997 -0.00512525 0.0105767 0.00536558 0.00362288 -0.00584769 -0.000787896 -0.00242708 0.00842847 0.00161578 0.000560942 -0.0047234 0.00363511 0.0031805 -0.000118421 -0.00694173 -0.00251969 -0.00701923 -0.00319149 0.00437647 0.00818099 0.00351171 -0.00379636 -0.0112446 0.00414933 0.00920606 -0.007793 -0.00623057 -0.00522816 -0.00692308 -0.00087931 -0.00298333 -0.00623641 -0.000731707 0.00292683 -0.00497976 -0.00629464 -0.0123462 -0.00701538 0.00310451 -0.00171687 0.00557276 -0.00548077 0.000666667 0.0102811 0.00391005 0.00145701 0.00490013
internal_weight=21328 11380 9948 7156 5779 4017 812 5931 4196 4224 4077 575 163 4967 1718 997 3129 888 707 3249 3502 1816 1348 1735 721 234 2545 2409 379 2350 380 779 328 424 1651 298 1374 1377 816 1353 1970 1157 1029 740 289 899 367 532 286 246 111 649 324 487 165 322 155 224 924 2178 627 1551
internal_count=21328 11380 9948 7156 5779 4017 812 5931 4196 4224 4077 575 163 4967 1718 997 3129 888 707 3249 3502 1816 1348 1735 721 234 2545 2409 379 2350 380 779 328 424 1651 298 1374 1377 816 1353 1970 1157 1029 740 289 899 367 532 286 246 111 649 324 487 165 322 155 224 924 2178 627 1551
is_linear=0
shrinkage=0.03


Tree=48
num_leaves=63
num_cat=0
split_feature=20 9 10 10 1 12 1 9 4 20 22 7 9 1 0 6 7 8 16 12 1 27 25 8 0 16 0 25 9 1 0 27 11 25 27 22 15 7 4 23 11 8 21 1 0 8 1 15 1 23 8 11 8 21 12 7 0 15 16 7 1 27
split_gain=666.938 91.6359 63.8341 31.5884 26.7975 24.1333 23.6783 19.1512 16.2481 15.5885 15.216 14.3524 16.5266 13.0148 12.2106 11.9286 11.8655 14.5423 11.852 11.6673 11.1654 10.9343 10.1471 9.62319 9.45553 9.24906 10.7905 10.3033 9.08897 8.88456 16.1398 16.7193 8.59958 9.03262 9.81509 8.50096 7.72767 7.54267 7.38732 10.7815 8.0179 8.95155 7.24731 7.07078 7.0647 7.01891 6.9964 6.99136 7.4524 8.67418 6.94947 8.96093 6.87287 6.67173 6.55951 6.42617 6.19005 9.27211 9.16895 6.67509 6.48532 6.17184
threshold=-9741.4999999999982 2213.2600000000007 3849.1150000000002 1221.2750000000003 5.5000000000000009 4482.8633110119054 5.5000000000000009 2670.48 1.0000000180025095e-35 -4163.3499999999995 5608.1635453869048 0.90892735371523092 5999.3250000000007 1.0000000180025095e-35 27.500000000000004 -0.3520614488341256 0.94704596667653973 -0.97917132487589142 8999.1150000000016 3603.2812946428576 5.5000000000000009 -0.5400000000000017 14.930000000000001 0.78192542922038288 36.500000000000007 4535.4800000000005 34.500000000000007 16.695000000000004 1307.7150000000004 5.5000000000000009 20.500000000000004 0.21499999999999989 4900.1400000000003 18.765000000000004 -0.82000000000000017 3711.3522991071436 4534.1783854166679 -0.31799228562170639 1.0000000180025095e-35 27.281250000000004 4672.3100000000004 -0.99486055365577253 5511.0650000000014 3.5000000000000004 15.500000000000002 0.97461712852231652 5.5000000000000009 2642.1103645833341 3.5000000000000004 27.756250000000005 -0.94208510184480676 1883.4600000000003 0.8511460603353429 3968.6183333333333 3087.8664434523812 0.78523795966413312 21.500000000000004 2903.6303125000009 5281.1400000000003 0.78523795966413312 3.5000000000000004 0.1250000000000018
decision_type=2 2 2 2 2 2 2 2 2 2 2 2 2 2 2 2 2 2 2 2 2 2 2 2 2 2 2 2 2 2 2 2 2 2 2 2 2 2 2 2 2 2 2 2 2 2 2 2 2 2 2 2 2 2 2 2 2 2 2 2 2 2
left_child=1 3 9 28 5 38 8 29 13 25 18 12 24 14 -5 20 17 -16 53 21 -9 -11 35 -8 37 -2 27 -27 -1 45 31 -31 33 34 -20 -15 42 -6 40 -40 41 -4 -29 -43 -23 -3 61 -21 -49 55 51 -24 -25 -7 -48 -50 57 -17 -58 -59 -60 -28
right_child=2 7 4 6 11 10 23 15 -10 19 -12 -13 -14 22 16 56 -18 -19 32 47 -22 44 50 52 -26 26 46 36 -30 30 -32 -33 -34 -35 -36 -37 -38 -39 39 -41 -42 43 -44 -45 -46 -47 54 48 49 -51 -52 -53 -54 -55 -56 -57 58 59 60 -61 -62 -63
leaf_value=-0.014834998876478041 -0.0012934833511894438 -0.0005959255119077333 -0.0012341005156938322 -0.0024366810031729979 -0.00019362252275223924 -0.00026696726442251514 -0.015573697475580675 -0.00023470160039952502 -0.012659620546907471 -0.0015460537136890195 -0.0026989553707760724 0.0034768984095893529 0.0031982520242404711 0.0004409691848758923 -0.0052387285610833783 -0.00063931359889199066 -0.0031134036749492244 0.00045441400176427394 0.0021094385946979345 -0.00022655040329295771 -0.0040550422417433831 0.0036079505019643854 -0.001229703787071532 0.00095367841888425173 -0.00083516671596834508 -6.3695110832480135e-05 0.00060884429019763425 0.0010868505456855893 -0.0032881251003101749 -0.0014796931998826855 -0.0057304332270652564 0.00042839862255590334 0.0048057608432677586 0.0028176811555381499 -0.00023101123435621316 -0.0038611462851966035 -4.3692194321849344e-05 0.0018063835242426583 0.0037133142257419569 -0.0011674099098203249 0.0070206025633773803 0.0042807224878692726 -0.00024673621217214504 0.0017795558048303839 0.0015178943846878034 0.00019158306919588418 0.00085371766199004106 0.00107591011048898 -0.00043737829790373438 0.001227737730082321 -0.001700641400962901 0.001328692087108676 -0.0016704321446804826 0.00099068749271047796 -0.0018478205177749672 0.0012679608774592132 0.0013664074100743129 1.2820753608768775e-05 0.00062053493133986228 0.0016391167906804327 -0.00020667717690094455 -8.8540569295130205e-05
leaf_weight=923 107 2425 54 60 111 119 463 751 218 47 47 231 336 72 61 180 130 681 45 97 139 190 112 45 268 255 626 751 549 57 253 89 273 152 120 41 127 151 101 73 1103 895 45 610 799 275 40 835 260 133 2087 95 67 57 166 116 202 746 436 42 343 499
leaf_count=923 107 2425 54 60 111 119 463 751 218 47 47 231 336 72 61 180 130 681 45 97 139 190 112 45 268 255 626 751 549 57 253 89 273 152 120 41 127 151 101 73 1103 895 45 610 799 275 40 835 260 133 2087 95 67 57 166 116 202 746 436 42 343 499
internal_value=0.000561921 -0.0043299 0.0063003 -0.00708118 0.00880345 0.0100397 -0.00573433 -0.00173261 -0.00481872 0.00396643 0.00547297 0.00468579 0.00290657 -0.0042979 -0.00128617 4.75352e-05 -0.000378007 0.00109017 0.00649283 0.00567191 -0.00282828 0.00810029 -0.00546304 -0.0113802 -0.00039548 0.00235002 0.00271912 0.00480916 -0.0108554 -0.0033629 -0.0075375 0.000408163 0.00852792 0.00514151 0.000271084 0.00328947 0.00628247 0.00365019 0.0113465 0.00531429 0.0117386 0.0103365 0.00737767 0.0107669 0.00877273 -0.00274343 0.000867117 0.00392164 0.00448327 0.00161765 -0.00589542 -0.000649038 -0.00345133 -0.000338983 -0.0042029 -0.00071618 0.00136154 -0.000340557 0.00303971 0.00106464 0.00155769 0.0017984
internal_weight=21381 11542 9839 5604 4746 3649 4132 5938 3557 5093 813 1097 866 3339 932 2839 872 742 766 2477 890 1036 2407 575 530 2616 2509 1178 1472 3099 399 146 590 317 165 113 923 262 2836 174 2662 1559 796 1505 989 2700 1331 1441 1344 509 2294 207 112 176 206 376 1949 968 981 788 779 1125
internal_count=21381 11542 9839 5604 4746 3649 4132 5938 3557 5093 813 1097 866 3339 932 2839 872 742 766 2477 890 1036 2407 575 530 2616 2509 1178 1472 3099 399 146 590 317 165 113 923 262 2836 174 2662 1559 796 1505 989 2700 1331 1441 1344 509 2294 207 112 176 206 376 1949 968 981 788 779 1125
is_linear=0
shrinkage=0.03


Tree=49
num_leaves=63
num_cat=0
split_feature=20 20 11 14 14 20 20 0 14 1 14 15 11 0 1 4 15 17 12 1 27 22 1 7 22 14 27 27 1 15 12 22 8 0 16 17 7 1 11 11 25 12 22 0 22 0 19 15 17 1 14 7 13 27 17 17 17 20 27 12 17 8
split_gain=638.814 74.4264 49.5639 30.6644 26.3676 23.9868 22.1819 21.8863 19.9483 16.3963 16.991 15.6843 20.2472 14.3149 14.0817 13.3864 13.2628 12.4459 12.4134 11.2389 11.2107 11.0942 10.934 9.91382 9.95036 9.64454 10.8459 11.2894 9.28217 9.23621 9.07219 8.9572 8.77391 8.34971 13.4726 12.6216 10.6286 9.72486 9.52125 8.20672 10.8882 8.08394 8.02677 13.8284 7.96053 7.92478 7.87915 7.42902 11.0414 8.23531 7.34943 7.33966 7.19998 7.04952 6.83605 7.36665 6.77358 6.96824 7.96236 10.2794 9.76612 7.34474
threshold=-9889.8499999999985 -24214.799999999999 4239.380000000001 2193.0636641980013 1816.8180673316226 -39361.549999999996 -15377.299999999999 35.500000000000007 2125.5590654165449 1.0000000180025095e-35 2693.4448096162669 4235.1539062500005 3000.5950000000007 23.500000000000004 3.5000000000000004 1.0000000180025095e-35 4450.2480729166682 99.530000000000015 3687.0636309523816 1.5000000000000002 0.0099999999999989004 5424.1619407242079 1.0000000180025095e-35 0.37744852145085445 5205.4093625992073 2652.2831294536932 0.8249999999999994 0.73500000000000043 5.5000000000000009 4492.929114583334 3843.8286755952386 3649.2001475694447 0.089118976521498999 54.500000000000007 5088.1000000000013 1543.2000000000003 -0.50556189049999822 5.5000000000000009 2080.0650000000005 2114.5550000000007 18.000000000000004 4374.5211755952396 3181.3910726686513 35.500000000000007 3997.0178794642857 19.500000000000004 19010.700000000004 3221.7003125000006 1695.8700000000001 2.5000000000000004 1964.8671774857194 0.26347957579725428 9600.2350000000024 0.36499999999999849 1000.4450000000001 1716.7000000000003 1001.6650000000001 6962.0000000000009 -0.04500000000000081 4398.1138318452386 2545.6450000000004 -0.91680451578459654
decision_type=2 2 2 2 2 2 2 2 2 2 2 2 2 2 2 2 2 2 2 2 2 2 2 2 2 2 2 2 2 2 2 2 2 2 2 2 2 2 2 2 2 2 2 2 2 2 2 2 2 2 2 2 2 2 2 2 2 2 2 2 2 2
left_child=1 4 3 7 19 -6 17 -2 -4 39 -11 12 -5 16 46 51 47 -3 -13 -1 -16 -17 53 24 31 26 27 33 -27 30 -20 -14 -21 34 45 -36 -37 50 -38 40 -7 -24 43 -25 52 -19 -9 49 -49 -10 -35 -15 -40 -8 -26 -56 -31 58 59 -58 61 -61
right_child=2 6 8 11 5 9 22 14 13 10 -12 18 23 15 20 21 -18 25 29 32 -22 -23 41 42 54 28 -28 -29 -30 56 -32 -33 -34 37 35 36 38 -39 44 -41 -42 -43 -44 -45 -46 -47 -48 48 -50 -51 -52 -53 -54 -55 55 -57 57 -59 -60 60 -62 -63
leaf_value=0.00050973122464634366 0.0020132556287877357 0.0018001453704659064 0.0059794209767341927 -0.0016561934893123363 -0.013814586275748679 0.00088155751262279029 0.0003449151992115773 0.0027558809390875539 -4.4681537107065239e-05 -0.0018151839129361934 -0.0090658893738562608 0.0032812232697369036 0.0001535667433679988 0.0041738581003836293 0.0028094854732565989 0.0029694454010415683 0.0030109166321491453 -0.0019609863672189797 -9.1854258717694029e-05 -0.016166461707205152 5.5886478818392148e-05 -0.0036887609548485931 -3.9384611462907055e-05 0.0010968882614509656 -0.00021975389119418764 -0.0018624060071296576 -0.0035457548205070208 0.001181999802305489 -0.016404149257550991 0.0043927124853533513 0.0022324179410632716 0.0018728792102569258 -0.00094071893752139862 -0.00088782625348098325 0.00013256914713175583 -0.001748388636051148 -0.0019779710561897801 -0.0043497534134433998 0.00014745721808611555 -0.0015277874199633777 -0.0026493513338197248 -0.0013132439540138384 -0.0014662568432263256 -0.0020733074164206045 0.0009732297506614084 -0.00044851609801520808 0.000643652141983031 -0.00048479394461671706 0.0010196863013216273 0.0014453619868514611 0.00048995425765788528 0.0029026360154190377 -0.00035549867616301077 0.0018841296999851309 0.00083316577985288016 -0.00047827301165289879 0.0011622648813167124 0.002919138060338593 -0.00039493547293720341 0.0012418292935064024 -0.0013502661130367776 -0.00011839240502684588
leaf_weight=248 1240 88 771 231 869 220 355 474 108 1290 886 162 160 1057 136 134 228 232 76 73 713 58 2140 60 431 716 114 85 123 74 269 320 498 298 445 264 204 111 100 207 79 317 155 40 65 96 425 156 69 82 479 628 844 71 340 57 376 107 250 195 53 241
leaf_count=248 1240 88 771 231 869 220 355 474 108 1290 886 162 160 1057 136 134 228 232 76 73 713 58 2140 60 431 716 114 85 123 74 269 320 498 298 445 264 204 111 100 207 79 317 155 40 65 96 425 156 69 82 479 628 844 71 340 57 376 107 250 195 53 241
internal_value=0.00059526 -0.00420516 0.00619318 0.00468949 -0.00728895 -0.00840794 -0.00231883 0.00693543 0.00919957 -0.00699963 -0.00813045 0.0028224 0.000835655 0.00790163 0.00476844 0.00922524 0.0040295 -0.00369285 0.00479767 -0.00243293 0.00199412 0.00170984 -0.000286061 0.00206202 0.00311688 -0.00392866 -0.00320401 -0.00287996 -0.00680357 0.00401035 0.00836705 0.00654886 -0.0047465 -0.00317299 -0.00414482 -0.00318253 -0.00451624 -0.000708661 -0.00332372 -0.00213018 0.00105 -0.00105574 -0.00333984 0.00326733 -0.00212376 -0.00975684 0.00738333 0.000829327 -0.00285398 0.00518325 0.000482005 0.0100801 -0.0028254 0.0041452 0.00112183 0.00395729 0.00284503 0.00230581 0.00159946 0.00296189 9.18367e-05 0.00157895
internal_weight=21393 11517 9876 6585 4370 3551 7147 2988 3291 2682 2176 3597 1794 2520 1748 1877 643 4264 1803 819 849 192 2883 1563 1308 4176 3337 3223 839 1641 345 480 571 3138 2250 1922 1477 888 1213 506 299 2457 255 100 1009 328 899 415 225 190 777 1685 944 426 828 397 1296 1222 1115 865 489 436
internal_count=21393 11517 9876 6585 4370 3551 7147 2988 3291 2682 2176 3597 1794 2520 1748 1877 643 4264 1803 819 849 192 2883 1563 1308 4176 3337 3223 839 1641 345 480 571 3138 2250 1922 1477 888 1213 506 299 2457 255 100 1009 328 899 415 225 190 777 1685 944 426 828 397 1296 1222 1115 865 489 436
is_linear=0
shrinkage=0.03


Tree=50
num_leaves=63
num_cat=0
split_feature=20 9 9 20 1 1 10 0 14 26 5 14 26 0 14 12 10 14 1 7 14 27 27 16 26 26 14 26 14 22 0 7 9 9 4 27 12 24 26 14 26 1 10 14 12 19 22 26 10 26 7 11 12 0 5 8 1 1 12 5 8 4
split_gain=601.911 83.2701 53.1569 37.3802 32.0366 20.9213 23.4286 20.6206 19.6748 19.0458 17.895 15.381 16.8282 14.5176 14.3546 13.6567 13.3382 12.942 12.3014 12.1984 11.8983 11.4222 10.847 10.7275 9.1967 13.3597 12.6246 10.6186 8.62385 8.57857 8.48263 8.24971 11.534 7.81168 7.80069 7.50294 10.8492 9.39655 7.44511 10.8053 7.43108 7.89923 7.42801 7.40553 8.15526 9.56118 8.97765 7.78149 7.63468 7.37543 7.36631 7.6363 8.07158 7.15534 7.10657 7.01072 6.78441 6.70841 7.0696 6.32091 8.77329 6.25904
threshold=-9035.7499999999982 2499.5150000000008 4499.3100000000004 -39361.549999999996 5.5000000000000009 4.5000000000000009 3569.2300000000005 33.500000000000007 2073.9546829034421 5.1500000000000012 -0.5 2193.0636641980013 9.3450000000000006 18.500000000000004 2652.2831294536932 4482.8633110119054 3237.3150000000005 2605.6214328520373 5.5000000000000009 -0.99866806308218525 2637.8262630759596 -0.73499999999999932 -1.0000000180025095e-35 9100.3900000000012 5.3050000000000006 6.5950000000000015 2419.5683125654373 4.7100000000000009 1978.793613624701 5581.6230270337301 18.500000000000004 0.90892735371523092 6001.3250000000007 4999.6750000000011 1.0000000180025095e-35 -0.24500000000000097 3634.4724181547622 8.8000000000000025 4.8450000000000006 1442.4486155590955 7.7350000000000012 1.5000000000000002 3000.7950000000005 2268.8407918967318 4160.5185044642867 20332.850000000002 5517.0390042162708 10.270000000000001 3200.6450000000004 5.6750000000000016 0.98049069993378934 2600.7150000000006 3505.1275595238099 12.500000000000002 -0.52778511650980109 -0.99486055365577253 5.5000000000000009 1.0000000180025095e-35 4349.6078348214296 0.5277851165098012 -0.92999516916204616 1.0000000180025095e-35
decision_type=2 2 2 2 2 2 2 2 2 2 2 2 2 2 2 2 2 2 2 2 2 2 2 2 2 2 2 2 2 2 2 2 2 2 2 2 2 2 2 2 2 2 2 2 2 2 2 2 2 2 2 2 2 2 2 2 2 2 2 2 2 2
left_child=1 3 5 9 10 6 11 21 13 -1 50 30 40 -6 17 34 24 38 19 -4 -21 -7 29 -23 27 -26 -27 -3 -15 -17 -2 32 54 -22 55 37 -37 -9 -12 -40 -13 -42 -32 -14 45 46 -45 48 -48 -41 51 -5 -53 -25 -20 -8 61 58 -16 60 -59 -28
right_child=2 16 18 4 8 7 15 35 -10 -11 14 12 43 28 57 22 -18 -19 31 20 33 23 -24 53 25 26 56 -29 -30 -31 42 -33 -34 -35 -36 36 -38 -39 39 49 41 -43 -44 44 -46 -47 47 -49 -50 -51 -52 52 -54 -55 -56 -57 -58 59 -60 -61 -62 -63
leaf_value=0.00019720425923202 0.0024094315252676068 -0.001696205983213952 -0.002011272416493961 -0.00061291205949328905 0.00080416880380492547 -0.00050847217069888368 0.00033232760299767961 0.001248116188726982 -0.015061595054573881 -0.013136530540106824 -0.0017455424805674546 0.00030913409530640478 -0.0023021389416961213 -0.0052138089894552308 0.00054969517403132603 0.0016091120016550598 0.0009152880549988129 0.0016380571479551341 -0.0011601277470653848 0.0053502851779962408 0.0013270128369667498 -0.00032321258595783496 -0.00072874830035248191 0.001870443716543555 -0.00062135633466050329 6.3043950962375915e-05 -0.00029784688382167079 0.00028792791715531507 0.00061876376867113329 -0.00095703377738809436 0.00043091718819240118 0.004235750390968622 0.0031014600371940303 0.0051809647919527175 0.0003555549951949288 0.00010061528485172389 -0.0011168337502096559 -0.0015435650563862913 8.3709683348631716e-05 -5.4905886523002324e-05 0.00040745850049242802 0.0017689500477334618 0.0013677190045239217 -0.0020591022510347123 -0.0018490337442209537 0.00099353992244902048 -0.00068423835610272651 0.0020736660618747393 0.00029020877295607759 -0.00099549084028299544 -0.0027513279775054841 0.0020107233962736613 -6.5647129842538732e-06 0.00081865267650247373 0.0014042518995195684 0.0025711628453115587 -0.0042481274295267293 2.1428564826297958e-06 -0.0019399140360849465 -0.0024940689676262551 -0.0049086418890069263 -0.0024287460960933857
leaf_weight=99 173 65 42 812 76 62 72 203 511 1023 165 707 63 246 73 287 486 52 113 1333 214 96 89 283 972 1674 526 398 51 41 348 141 330 385 86 411 313 60 317 317 169 261 548 89 57 41 60 59 52 2163 111 135 265 559 102 1495 91 65 128 315 663 57
leaf_count=99 173 65 42 812 76 62 72 203 511 1023 165 707 63 246 73 287 486 52 113 1333 214 96 89 283 972 1674 526 398 51 41 348 141 330 385 86 411 313 60 317 317 169 261 548 89 57 41 60 59 52 2163 111 135 265 559 102 1495 91 65 128 315 663 57
internal_value=0.000527805 -0.00395969 0.00622151 -0.00584541 -0.00496675 0.00479282 0.00588442 0.00221076 -0.0102712 -0.0108994 -0.00412487 0.00400114 0.0020975 -0.00501337 -0.00507161 0.00827137 -0.000607728 -0.00395025 0.00980834 0.0110127 0.0113606 0.00524476 0.00340909 0.00607029 -0.00120904 -0.00176152 -0.000536398 0.00274784 -0.00800336 0.00592705 0.00677103 0.00633188 0.00464286 0.007825 0.00949516 -0.000865385 -0.00244138 0.00346591 -0.00421195 -0.00384382 0.00399385 0.00709977 0.00558528 -0.00302133 -0.00133705 0.000645695 -0.00149425 0.00252907 -0.00212389 -0.00451028 -0.00107628 -0.000395713 0.00299252 0.00715302 -0.000763889 0.00997768 -0.004 -0.00778313 -0.00274752 -0.00875 -0.0102881 -0.00279966
internal_weight=21200 11856 9344 7587 6465 6684 4697 1987 884 1122 5581 2627 1558 373 4258 2070 4269 3014 2660 1974 1932 1000 417 938 3783 3320 2348 463 297 328 1069 686 545 599 1653 987 724 263 2962 2797 1137 430 896 421 358 301 260 171 112 2480 1323 1212 400 842 215 1567 674 1244 201 1043 728 583
internal_count=21200 11856 9344 7587 6465 6684 4697 1987 884 1122 5581 2627 1558 373 4258 2070 4269 3014 2660 1974 1932 1000 417 938 3783 3320 2348 463 297 328 1069 686 545 599 1653 987 724 263 2962 2797 1137 430 896 421 358 301 260 171 112 2480 1323 1212 400 842 215 1567 674 1244 201 1043 728 583
is_linear=0
shrinkage=0.03


Tree=51
num_leaves=63
num_cat=0
split_feature=9 9 9 11 14 10 14 9 14 11 27 14 0 17 11 15 17 0 15 17 17 27 27 14 22 27 8 15 17 18 17 25 17 26 12 16 0 26 27 27 14 27 12 10 12 27 11 22 27 25 20 11 12 15 10 14 14 15 10 17 7 27
split_gain=581.434 85.7907 56.2199 33.0546 20.7949 17.842 15.3331 14.083 12.7925 12.4593 11.9234 16.0878 11.5627 12.0826 11.1702 12.7843 11.9327 14.2203 10.513 11.0509 10.2239 10.0915 13.9649 17.1263 16.6151 13.8053 12.9158 9.99517 13.5917 9.91311 9.8071 10.0984 16.2353 10.4729 9.55285 9.42178 11.563 9.53937 9.56102 13.1575 11.6695 9.5479 9.39096 9.21851 9.71163 8.99033 8.6506 9.06483 8.2246 8.12496 8.06664 7.83507 7.55813 7.54557 7.54049 7.34074 7.28571 7.10142 6.88216 6.86831 11.3586 7.75128
threshold=3012.2550000000006 1700.8550000000002 4064.7500000000005 3290.4450000000002 2652.2831294536932 1599.6900000000003 2193.0636641980013 2670.48 3859.7806263897501 4372.9450000000006 0.8249999999999994 2193.0636641980013 36.500000000000007 1016.2300000000001 4511.5250000000005 4235.1539062500005 983.54500000000019 25.500000000000004 3095.3279166666671 1679.2500000000002 1075.8050000000001 -0.60500000000000032 -0.015000000000000567 2176.1906916533894 4705.6813659474219 0.8249999999999994 0.93769647993491489 2368.5494791666674 1005.715 7521.0000000000009 249.05500000000004 19.255000000000006 2227.6050000000005 6.0550000000000006 4056.390915178572 4784.0700000000006 9.5000000000000018 9.4200000000000017 1.0000000180025095e-35 0.18499999999999875 2693.4448096162669 0.30499999999999977 3110.778325892858 3200.6450000000004 4032.7201562500009 0.10000000000000055 1749.6850000000002 5244.535842633929 0.8249999999999994 15.490000000000002 -7592.4499999999989 3500.1350000000007 5311.2855133928579 4602.9074479166675 3129.6350000000007 1442.4486155590955 2662.3621742407736 4129.3966145833347 5150.4600000000009 1543.2000000000003 -0.62588817255938378 0.13999999999999882
decision_type=2 2 2 2 2 2 2 2 2 2 2 2 2 2 2 2 2 2 2 2 2 2 2 2 2 2 2 2 2 2 2 2 2 2 2 2 2 2 2 2 2 2 2 2 2 2 2 2 2 2 2 2 2 2 2 2 2 2 2 2 2 2
left_child=1 5 9 4 7 55 48 21 30 10 11 12 50 -14 15 51 17 -16 -11 52 -7 -3 46 24 25 27 -25 -24 42 -30 -6 33 -33 -32 -28 -13 -37 38 40 -40 54 -41 -29 -39 -45 56 47 -23 -4 -15 -2 -8 -20 -52 -38 -1 -17 -53 -5 60 -31 -61
right_child=2 3 6 58 8 20 14 -9 -10 18 -12 35 13 49 16 45 -18 -19 19 -21 -22 22 23 26 -26 -27 34 28 29 59 31 32 -34 -35 -36 36 37 43 39 41 -42 -43 -44 44 -46 -47 -48 -49 -50 -51 53 57 -54 -55 -56 -57 -58 -59 -60 61 -62 -63
leaf_value=1.4044018428887027e-05 0.0006492776831389113 -0.0062986235508790235 0.004443774356030987 0.00041625530283677213 0.0010751946160872273 -0.0014158611030053779 -0.0023015125270580404 -2.4964536215428268e-05 0.00073333973949594176 0.0042885464723140211 -0.00090999748187373878 -0.001297197679200126 0.0022740626225695591 -0.0014143539128362546 -0.0020655138774984924 0.0024003705506089189 0.0043579064695481225 0.0026765540575775758 0.00068986232804665979 0.0015506152631037473 -0.0043061093303765575 0.0007334021701485493 -0.0027021682158316061 -0.0016832317493256576 0.0016313109359662014 -0.0027285141343534568 0.00097075666812418415 0.00120992625591259 -0.0031854491409898287 -0.00055877582046532921 0.00084359455166196364 0.0018235003873073152 -0.0019817013509722068 -0.0034284536291477475 -0.00072949566244770556 0.001155013803413265 0.00029841930268458049 -0.0017961564051031508 -0.00059816687245953129 0.0020873540344909002 0.00017709232291210242 -0.00049049238117560457 -0.00074182831154549149 -0.000948901469745067 0.00091325077884802036 0.0033073963986711696 0.00032249316197296984 -0.0042565869813881597 -0.00050077095839565547 0.00039050453626012779 0.001654606320616958 0.00077458732842662138 -0.00074464964721594024 -0.0001588924088521182 0.0014483188565579575 -0.01265827577641299 0.00032767454858531939 -0.0014213799026144968 0.0064688187882852334 0.0001732037597958369 0.00067034891184658107 -0.00061633824095978611
leaf_weight=58 248 120 1464 901 44 699 44 2010 124 494 90 100 169 47 61 325 976 226 234 200 243 89 252 744 63 145 56 163 84 292 54 68 69 1158 187 340 206 135 346 92 687 42 66 93 122 197 621 156 43 921 642 182 43 49 465 1661 256 50 41 238 291 1118
leaf_count=58 248 120 1464 901 44 699 44 2010 124 494 90 100 169 47 61 325 976 226 234 200 243 89 252 744 63 145 56 163 84 292 54 68 69 1158 187 340 206 135 346 92 687 42 66 93 122 197 621 156 43 921 642 182 43 49 465 1661 256 50 41 238 291 1118
internal_value=0.000522775 -0.00393153 0.00601095 -0.0025527 -0.00316328 -0.00867205 0.00883137 -0.002444 -0.00633399 0.00413892 0.00350991 0.00371732 0.0056909 0.00365114 0.00729292 0.00500474 0.00919699 0.00380208 0.00723765 0.00404812 -0.00534464 -0.00334507 -0.00311761 -0.00392027 -0.00268706 -0.00305094 -0.00730263 -0.00252695 -0.00189081 -0.0026754 -0.00715567 -0.00761111 0.000108696 -0.0084831 -0.00129098 0.00215671 0.00251483 0.00171311 0.00257749 -0.00106029 0.00386313 0.00688889 0.00502174 -0.00282051 0.00104167 0.00697047 0.000311419 -0.00445122 0.0111903 0.00235294 0.00815426 -0.000541516 0.000161871 0.00981936 0.00667411 -0.0104913 0.00507732 0.00167382 0.00276776 -0.00223454 0.000488014 -0.00340457
internal_weight=21404 11815 9589 9154 8212 2661 3824 6695 1517 5765 4794 4704 2076 1137 2317 1054 1263 287 971 477 942 4685 4565 3699 2712 2649 987 2504 2252 2023 1393 1349 137 1212 243 2628 2528 2188 1838 480 1358 134 229 350 215 778 866 245 1507 968 939 276 277 691 671 1719 581 232 942 1939 583 1356
internal_count=21404 11815 9589 9154 8212 2661 3824 6695 1517 5765 4794 4704 2076 1137 2317 1054 1263 287 971 477 942 4685 4565 3699 2712 2649 987 2504 2252 2023 1393 1349 137 1212 243 2628 2528 2188 1838 480 1358 134 229 350 215 778 866 245 1507 968 939 276 277 691 671 1719 581 232 942 1939 583 1356
is_linear=0
shrinkage=0.03


Tree=52
num_leaves=63
num_cat=0
split_feature=9 9 9 10 1 1 10 8 1 12 25 10 5 0 25 12 7 7 1 1 0 8 8 26 11 22 0 0 14 21 8 10 14 25 12 8 8 23 0 22 9 21 26 26 26 19 22 7 0 6 8 22 12 26 14 26 26 10 12 22 12 2
split_gain=534.968 83.1471 49.2708 41.3462 24.8395 20.0985 22.8909 16.9015 16.1148 15.5321 15.3303 14.785 14.0954 12.7673 12.2917 12.1092 10.9177 10.8254 9.9727 9.53415 16.7723 9.15976 9.38313 9.09286 8.87476 8.6324 9.64349 8.14971 10.6898 8.07587 10.1935 8.06421 8.02795 7.58793 7.53168 14.3602 10.8255 8.25041 7.46174 7.33842 7.20642 7.27302 7.13536 9.04921 7.02884 6.72041 7.14748 6.59662 6.58618 6.30588 6.15673 6.10919 6.06325 6.04061 8.82302 7.38953 6.55821 6.03595 5.99948 7.96698 7.51065 5.95596
threshold=3096.0550000000007 2470.8250000000003 4550.8150000000014 1005.1400000000001 5.5000000000000009 4.5000000000000009 3514.8150000000005 0.063390085881955341 5.5000000000000009 4482.8633110119054 18.880000000000006 3412.1150000000002 -0.47114434510950048 33.500000000000007 18.665000000000003 4330.9977232142874 0.99274428880883148 0.98049069993378934 5.5000000000000009 5.5000000000000009 29.500000000000004 0.39629089145655322 0.71353761266622884 11.265000000000002 2999.7750000000005 3690.6116803075406 21.500000000000004 35.500000000000007 2141.1606459061854 5885.9600000000009 -0.9530600044691927 2700.8000000000006 1728.9846521291747 19.275000000000002 3754.5552232142863 -0.36648370705903521 0.93769647993491489 32.893750000000011 57.500000000000007 5581.6230270337301 5500.505000000001 6436.9733333333343 4.7100000000000009 5.1300000000000008 7.1750000000000016 28031.950000000004 3734.2210019841273 -0.13398594226331254 19.500000000000004 -0.32143946530316164 -0.64084011774027638 5428.6355791170645 4069.1148958333338 4.7100000000000009 1442.4486155590955 5.6750000000000016 10.780000000000003 4040.8550000000005 3747.3224404761913 3452.122193700397 3869.83427827381 11.500000000000002
decision_type=2 2 2 2 2 2 2 2 2 2 2 2 2 2 2 2 2 2 2 2 2 2 2 2 2 2 2 2 2 2 2 2 2 2 2 2 2 2 2 2 2 2 2 2 2 2 2 2 2 2 2 2 2 2 2 2 2 2 2 2 2 2
left_child=1 3 5 32 12 6 10 -6 25 33 58 19 17 14 15 50 39 -5 21 42 61 -15 -23 29 -16 -4 -27 28 -9 30 47 -12 -1 57 35 -32 -36 53 -34 49 -10 -42 -3 -44 -35 -45 -47 -14 -46 -11 -7 -17 -38 -37 -55 -56 -57 -8 -2 -60 -61 -21
right_child=2 11 8 4 7 13 9 27 40 16 31 -13 23 18 24 51 -18 -19 -20 20 -22 22 -24 -25 -26 26 -28 -29 -30 -31 34 -33 38 44 36 37 52 -39 -40 -41 41 -43 43 45 48 46 -48 -49 -50 -51 -52 -53 -54 54 55 56 -58 -59 59 60 -62 -63
leaf_value=0.00012305333995323408 0.00085765220618659653 -0.0017404412061582963 0.005656388618513199 -6.0292484245962893e-05 -0.015071985622183854 0.0027560203302545625 0.0016130180791530434 0.00072411276168215188 0.00032923487646307592 -0.00053994538376549877 -0.00067425835102235426 0.0015854177170003679 0.0012899342073955998 0.0013543564209929303 0.00012992798853715291 4.4221616952864192e-05 -0.00075466704426066403 -0.0028802687250673743 -0.00046280326231665111 0.00011508812863004091 -0.0028695265886579291 -0.00078292909404725102 0.00043804829255301493 -0.0055726775254056182 0.0020927498899350103 0.0016155608487986584 0.0046578409062887618 -0.0038519661833207853 -0.0012114067726018618 -0.0029123604473737606 0.0017466713717557169 0.0018319224961864844 -0.012820212767157039 0.0043165771015634211 -0.0027006827216708462 -0.0022488037949441428 0.00080089664696342928 0.00057509612508387597 -0.0025187160336484558 -0.001148924575835153 0.0039030713071712773 -0.00037900886255416212 0.00036159671612157496 5.2231100917303758e-05 -0.0025532983887862847 -5.2145435203820867e-05 -0.0011424115634876841 -0.00039406164860083414 0.001659791968456119 0.0014179175185232216 0.00046890866075509406 -0.001164829143869408 -0.00064007529769107843 4.3271469998535926e-05 -5.8537503490816434e-05 -0.0012815893603276595 0.0007745363916589642 0.0036608053659172054 0.001300608546289217 -0.00064959155040467565 0.00010385336049230531 -0.0014803691657091856
leaf_weight=61 870 61 956 1254 334 68 962 97 209 42 42 344 67 184 84 109 78 141 489 232 354 89 242 153 289 183 647 353 52 275 125 462 1071 45 993 141 46 86 155 43 377 53 252 2192 42 854 417 113 71 287 371 81 152 344 330 1151 48 751 86 127 692 52
leaf_count=61 870 61 956 1254 334 68 962 97 209 42 42 344 67 184 84 109 78 141 489 232 354 89 242 153 289 183 647 353 52 275 125 462 1071 45 993 141 46 86 155 43 377 53 252 2192 42 854 417 113 71 287 371 81 152 344 330 1151 48 751 86 127 692 52
internal_value=0.000549175 -0.00352166 0.00609333 -0.00548058 -0.00447171 0.00474951 0.00584221 -0.00928315 0.00975062 0.00793928 0.00370395 -0.000416054 -0.00372786 0.00224215 0.00463609 0.00207143 0.00292683 -0.00112822 -0.000149254 -0.000883352 -0.0042723 0.00276163 -0.000225904 -0.00462857 0.00894385 0.0112143 0.00895307 -0.00578529 0.0001 -0.00434272 -0.00396163 0.00831683 -0.0103766 0.00914263 -0.00432836 -0.00329515 -0.00625419 -0.00388386 -0.0109046 0.00506702 0.00564844 0.00786543 -0.00030977 -0.000141281 0.00283019 -0.000541282 -0.00227594 0.00298343 -0.00118421 0.00659091 0.00480682 -0.00424084 0.000150754 -0.00427295 -0.00381804 -0.00479412 -0.0058875 0.00972287 0.0023902 0.000678808 -0.000237805 0.00115789
internal_weight=21331 12300 9031 7542 6255 6606 4600 836 2425 2321 2279 4758 5419 2006 1002 629 450 1395 1004 4414 638 515 331 4024 373 1786 830 502 149 3871 3596 504 1287 1871 3416 2225 1191 2100 1226 372 639 430 3776 3715 158 3463 1271 180 113 329 439 190 198 2014 1873 1529 1199 1713 1775 905 819 284
internal_count=21331 12300 9031 7542 6255 6606 4600 836 2425 2321 2279 4758 5419 2006 1002 629 450 1395 1004 4414 638 515 331 4024 373 1786 830 502 149 3871 3596 504 1287 1871 3416 2225 1191 2100 1226 372 639 430 3776 3715 158 3463 1271 180 113 329 439 190 198 2014 1873 1529 1199 1713 1775 905 819 284
is_linear=0
shrinkage=0.03


Tree=53
num_leaves=63
num_cat=0
split_feature=20 9 9 9 1 1 1 0 10 12 14 1 1 26 20 9 13 18 22 27 26 26 27 12 25 18 25 12 14 20 26 14 26 27 22 27 17 1 17 0 27 27 21 22 27 21 12 1 25 26 17 17 12 26 12 20 0 22 26 12 17 17
split_gain=511.59 79.3946 58.8242 28.3646 22.8458 18.4659 17.9282 26.2711 19.3847 18.2172 17.4728 17.8734 13.8337 16.6548 13.7917 12.7327 12.1963 12.1287 11.7478 11.6907 10.9595 10.7156 15.0268 10.6714 10.1748 9.97868 9.78679 10.5832 9.42258 10.2596 10.0228 9.1184 8.77856 8.65881 8.61568 9.87735 8.46722 10.7113 8.4085 9.61394 8.32079 8.07235 8.44319 7.97962 11.6731 7.92986 8.56967 7.71879 8.79201 7.69522 9.76489 8.25056 9.38716 7.33204 7.21872 6.93974 6.90151 6.81603 7.99009 7.69008 6.48766 9.36867
threshold=-9035.7499999999982 1832.1800000000003 4529.0800000000008 2688.0200000000004 1.0000000180025095e-35 5.5000000000000009 5.5000000000000009 22.500000000000004 3823.3950000000004 4482.8633110119054 2189.3924354751302 5.5000000000000009 5.5000000000000009 5.7800000000000002 -40520.149999999994 1307.7150000000004 6451.5650000000014 11646.200000000003 5798.8263182043656 -0.49000000000000016 7.5600000000000014 9.3450000000000006 -1.0000000180025095e-35 6551.5072767857146 14.795000000000002 15207.200000000003 20.290000000000003 4343.9925372023818 2193.0636641980013 -4163.3499999999995 9.4200000000000017 2268.8407918967318 7.2650000000000006 0.21499999999999989 3997.0178794642857 0.36499999999999849 1008.6950000000001 5.5000000000000009 499.56500000000005 22.500000000000004 -0.65000000000000024 0.86500000000000032 3495.3600000000006 5581.6230270337301 -0.32499999999999923 2403.3100000000004 3302.8958928571433 3.5000000000000004 19.275000000000002 7.7350000000000012 299.54000000000002 643.59500000000014 3701.4885342261909 11.130000000000001 3860.081495535715 -17147.849999999995 57.500000000000007 5471.3478224206356 9.6200000000000028 3675.967410714286 1543.2000000000003 1455.9450000000004
decision_type=2 2 2 2 2 2 2 2 2 2 2 2 2 2 2 2 2 2 2 2 2 2 2 2 2 2 2 2 2 2 2 2 2 2 2 2 2 2 2 2 2 2 2 2 2 2 2 2 2 2 2 2 2 2 2 2 2 2 2 2 2 2
left_child=1 4 6 10 14 19 8 17 18 47 16 21 13 -6 -1 56 -3 20 28 40 -8 22 23 -12 -17 -7 27 34 29 33 49 -32 -29 -2 35 -16 37 38 39 -5 -4 53 -43 44 -11 -33 -47 48 -10 50 -30 -51 -53 60 -52 -38 -15 -48 -59 -60 61 -18
right_child=2 3 5 36 12 25 7 -9 9 43 11 -13 -14 15 26 24 41 -19 -20 -21 -22 -23 -24 -25 -26 -27 -28 32 30 -31 31 45 -34 -35 -36 -37 55 -39 -40 -41 -42 42 -44 -45 -46 46 57 -49 -50 51 54 52 -54 -55 -56 -57 -58 58 59 -61 -62 -63
leaf_value=-0.011162313404434786 0.0011604688116173456 -0.0021344716814992635 0.0040109685771495497 -0.001310741122781347 0.0001170579132763283 -5.986905822033428e-05 -0.00072861959298787583 -0.00046044613348291904 0.0036597549011606655 0.0012584488370711176 -8.6920639883825137e-06 -0.0046899447133899258 -0.036099245868125802 -0.013089286036014371 -0.0010830814916613462 0.0014585443114995922 5.0686113587739003e-05 0.0022172101582323121 0.0021159478723598558 0.0049551059525870574 0.00076336885804625606 -0.0028771495474345784 -0.00090094839434959437 -0.0034409229919170636 -0.0023408638611909093 0.0030495315085392783 -0.004458855343451429 0.0012499460108996718 -0.00070403347172022458 0.0011736496884994895 -0.0017568356360602344 0.00077434429698634225 -0.0044333019988877622 -1.5040585846994858e-05 0.0012562335887348563 0.0010172583394659274 -0.0013758479318877592 -0.0026270197122464987 0.00080013706724509244 0.0010647458609599168 0.00043610511312389019 -0.003107565368084719 0.00057032155587918073 -0.0014350154154938899 -0.00038023162848016767 0.0041580542303823794 -0.0020477267571785249 0.00096704940191862923 0.001404735691920509 0.0023557429972883613 -0.00043442023324406163 0.0023264691710421204 0.00010615805401478439 -0.0021622333157092742 0.00077484382713809195 -4.039051483273326e-07 -0.005704657157226567 -0.00053145075910357778 -0.0018509075618771929 0.0012836384066951733 -0.00025578401172947628 0.0011246116875586142
leaf_weight=199 327 115 190 128 192 208 46 692 890 240 977 374 446 831 133 47 843 152 282 1555 156 429 703 46 1000 426 45 53 96 786 71 47 102 410 193 73 276 82 397 179 147 102 41 49 142 43 170 507 118 148 150 84 327 111 736 1948 110 69 41 104 1527 99
leaf_count=199 327 115 190 128 192 208 46 692 890 240 977 374 446 831 133 47 843 152 282 1555 156 429 703 46 1000 426 45 53 96 786 71 47 102 410 193 73 276 82 397 179 147 102 41 49 142 43 170 507 118 148 150 84 327 111 736 1948 110 69 41 104 1527 99
internal_value=0.000554429 -0.00360574 0.00577205 -0.00203211 -0.00745401 0.00968738 0.00433396 0.000716332 0.00498201 0.00742681 -0.00333923 -0.00515217 -0.00880472 -0.00781293 -0.00300375 -0.00862745 -0.00172244 0.00735211 0.00375771 0.0111727 0.00251232 -0.00409787 -0.00303995 -0.000717773 -0.00634065 0.00524409 -0.000725 0.000378378 0.00329501 0.00508858 0.00198371 -0.00151099 -0.00625 0.00254065 0.0029625 -0.00130435 0.000298904 0.00297332 0.00417021 0.000438312 0.00607988 -0.00131608 -0.00822917 0.00197917 0.00344648 0 -0.00129673 0.00897427 0.0104955 0.00321984 0.0016175 0.00602679 0.00382282 -0.000929872 0.00260428 -0.000647191 -0.0111624 -0.00272727 0.000837209 0.00482877 -0.000589069 0.00136797
internal_weight=21210 11801 9409 8377 3424 2526 6883 1046 5837 1946 5367 2529 2626 2180 798 1988 2838 354 3891 1892 202 2155 1726 1023 1047 634 599 554 3609 1523 2086 545 155 737 399 206 3010 786 704 307 337 2723 143 431 382 474 427 1515 1008 1541 982 559 411 2580 886 2224 941 384 214 145 2469 942
internal_count=21210 11801 9409 8377 3424 2526 6883 1046 5837 1946 5367 2529 2626 2180 798 1988 2838 354 3891 1892 202 2155 1726 1023 1047 634 599 554 3609 1523 2086 545 155 737 399 206 3010 786 704 307 337 2723 143 431 382 474 427 1515 1008 1541 982 559 411 2580 886 2224 941 384 214 145 2469 942
is_linear=0
shrinkage=0.03


Tree=54
num_leaves=63
num_cat=0
split_feature=9 20 9 10 1 23 1 0 4 22 1 10 1 0 22 12 7 15 27 12 12 12 26 26 26 11 7 22 25 18 1 0 27 10 22 15 15 25 22 12 20 23 25 27 22 8 19 2 26 10 0 18 27 8 26 15 7 26 26 22 11 15
split_gain=484.523 63.1874 54.3242 32.7085 21.695 20.4056 19.6859 22.0874 18.097 16.1997 16.0231 14.3572 13.9678 20.0622 13.844 11.3874 24.8668 16.1818 11.2332 11.0598 12.1317 10.8328 10.6744 10.4048 11.5717 14.0902 11.2174 10.0635 9.75267 9.65867 9.65485 11.6343 10.4667 10.4212 9.42325 8.94455 8.92884 9.02131 8.80661 8.76419 10.6792 8.46294 8.20053 8.40172 8.09657 8.09434 8.03711 7.73852 8.83542 8.3128 7.5614 7.55655 7.5421 7.48255 11.0555 7.48229 7.37727 7.34295 10.0929 7.30266 7.19177 6.99086
threshold=3030.5050000000006 -17945.649999999998 4500.6400000000003 983.6350000000001 5.5000000000000009 22.506250000000005 1.0000000180025095e-35 24.500000000000004 1.0000000180025095e-35 5798.8263182043656 5.5000000000000009 3689.7850000000003 5.5000000000000009 22.500000000000004 3468.7024454365078 4325.1224404761915 0.91248814248966237 4071.6937500000004 -0.49000000000000016 4482.8633110119054 4418.4505654761915 2824.4009598214293 10.600000000000001 9.1250000000000018 9.3450000000000006 1516.3500000000001 0.98522604642031408 5517.0390042162708 18.665000000000003 15326.650000000003 5.5000000000000009 28.500000000000004 0.21499999999999989 3849.1150000000002 3099.142881944445 4777.7381770833344 4558.8881250000004 18.785000000000004 6049.0775074404764 3014.2931622023812 -45891.44999999999 27.818750000000005 14.745000000000003 -0.54499999999999982 5581.6230270337301 0.51113019672828186 16053.850000000002 1.5000000000000002 11.265000000000002 2019.6700000000003 79.500000000000014 7632.9000000000005 0.21499999999999989 -0.9530600044691927 10.415000000000001 4900.826822916667 -0.05695216311707673 5.6750000000000016 6.4350000000000014 6066.6546999007942 2439.1900000000005 4457.9189583333346
decision_type=2 2 2 2 2 2 2 2 2 2 2 2 2 2 2 2 2 2 2 2 2 2 2 2 2 2 2 2 2 2 2 2 2 2 2 2 2 2 2 2 2 2 2 2 2 2 2 2 2 2 2 2 2 2 2 2 2 2 2 2 2 2
left_child=1 3 6 39 8 21 7 14 19 15 18 12 47 52 -2 16 30 46 41 20 22 -6 23 26 -25 -26 42 28 -19 56 33 -32 -33 55 -7 -30 -21 -38 -11 40 -1 44 -5 51 -4 -31 -17 -3 49 -49 -34 -44 -14 -16 -55 61 -12 -45 -59 -51 -24 -8
right_child=2 11 10 4 5 34 9 -9 -10 38 29 -13 13 -15 53 17 -18 27 -20 36 -22 -23 60 24 25 -27 -28 -29 35 45 31 32 50 -35 -36 -37 37 -39 -40 -41 -42 -43 43 57 -46 -47 -48 48 -50 59 -52 -53 -54 54 -56 -57 -58 58 -60 -61 -62 -63
leaf_value=-0.013031994536987853 0.0024614782417078374 -0.00040203926231057173 0.002127657208721523 0.00082113385649537738 0.00096791959763376846 5.375153945736066e-05 0.00041626890993400777 0.0057756145142807648 -0.0067251257131624919 0.0026721598669642256 0.00068262826149268819 0.0026112089988189167 -0.00033875820681197763 -0.0029558576986214867 -0.0021962913683976734 -0.0010188194172896824 0.0027029040273271929 0.00017870977118390031 0.0046704620712516133 -0.0042712558766198417 0.0011746233270302619 -0.00099187545387435794 -0.016085636416927656 0.0011471387002826461 -0.0059764803557490788 0.00014524935585320974 -0.0055937133658218305 -0.0012404516889566607 0.003118907124613015 0.0042726142394416125 0.0006609675780891777 -0.0014795349593708185 -0.00092762809288639227 0.0015459689680877098 -0.012670880485325746 0.00053777726526364582 -0.0028528963716915579 0.00064686665102760439 -0.00026010675334685372 -0.014612867337437887 -0.00070800982293166997 0.0043900475671112991 -0.0007615215439948608 -0.00015294148048045298 -0.0022589886765776112 0.0011815573353801234 0.00012121785437903653 -0.0010084697224145467 -0.0010347689691193995 0.00012716876719447878 0.00072248491710389827 0.00091352478868638614 0.00035519418735752151 0.00057260247548301274 -0.0022468636507253946 -0.0014556396399458293 -0.0013249871935632029 -0.0012699358661149506 -0.00061090787375817079 -0.00069719913391719235 0.0003321376286944977 0.00086822296907241637
leaf_weight=92 78 577 102 92 54 49 2069 510 286 364 145 150 160 420 43 180 410 693 1597 239 44 178 252 125 97 510 101 55 124 246 234 220 82 722 575 135 222 101 47 655 202 173 80 736 70 203 91 206 174 2800 77 87 90 183 43 41 67 649 1684 54 60 404
leaf_count=92 78 577 102 92 54 49 2069 510 286 364 145 150 160 420 43 180 410 693 1597 239 44 178 252 125 97 510 101 55 124 246 234 220 82 722 575 135 222 101 47 655 202 173 80 736 70 203 91 206 174 2800 77 87 90 183 43 41 67 649 1684 54 60 404
internal_value=0.000562235 -0.00348627 0.00564034 -0.00525031 -0.00445757 -0.00889148 0.00422936 0.00847902 -0.0037486 0.00361573 0.00932604 -0.000754534 -0.00106091 -0.00505216 0.00262931 0.00318797 0.0039331 0.000703675 0.0106999 -0.00333366 -0.00283865 -0.00128755 -0.00299397 -0.0025913 0.000654843 -0.00106086 -0.00328426 0.00245536 0.00317943 0.00527946 0.00318312 -0.00026873 -0.00351316 0.00383689 -0.011712 0.00813462 -0.00730018 -0.00402778 0.0093568 -0.0104368 -0.00610169 0.0057659 -0.00298288 -0.00323448 0.00104046 0.00776667 -0.00579044 -0.00035808 0.000213292 0.000588043 0.00234375 0.00330357 0.00167331 -0.000611111 0.0015859 0.00292247 0 -0.00359121 -0.00441517 0.00100876 -0.00833866 0.0031346
internal_weight=21209 11801 9408 7170 6221 856 6805 857 5365 5948 2603 4631 4481 670 347 5537 4259 1278 1942 5079 4517 232 4473 4161 732 607 3429 1007 952 661 3849 613 379 3236 624 259 562 323 411 949 294 345 3328 3236 172 449 271 3811 3234 3060 159 167 250 269 226 2514 212 3069 2333 2854 312 2473
internal_count=21209 11801 9408 7170 6221 856 6805 857 5365 5948 2603 4631 4481 670 347 5537 4259 1278 1942 5079 4517 232 4473 4161 732 607 3429 1007 952 661 3849 613 379 3236 624 259 562 323 411 949 294 345 3328 3236 172 449 271 3811 3234 3060 159 167 250 269 226 2514 212 3069 2333 2854 312 2473
is_linear=0
shrinkage=0.03


Tree=55
num_leaves=63
num_cat=0
split_feature=9 9 9 11 14 10 3 14 23 10 3 22 8 8 15 27 14 17 8 21 14 17 27 8 27 12 15 17 27 22 25 25 26 22 3 21 26 17 7 21 17 8 7 11 11 10 8 12 21 17 27 6 21 15 14 12 9 26 17 5 10 17
split_gain=466.903 64.1123 60.5665 27.4208 21.8067 19.5986 22.6463 23.6684 19.2881 16.7983 16.2177 11.0855 10.4149 16.8935 14.0942 10.3879 9.94544 10.2166 11.1567 14.1588 9.98424 12.6618 9.40984 9.16407 13.7168 9.15643 9.11044 12.2488 30.8428 19.2613 10.9592 10.777 9.74386 14.6224 11.8846 13.4771 11.3968 10.7377 13.3981 9.15928 8.9628 8.74232 8.72365 8.48399 8.42018 8.09645 7.46439 7.40266 12.736 7.17337 11.6627 6.99533 6.87191 7.58142 6.6946 6.64987 8.69628 8.24073 6.579 6.43692 7.79612 6.42385
threshold=2950.6100000000006 1700.8550000000002 4550.8150000000014 3269.8350000000005 2693.4448096162669 3200.6450000000004 1.0000000180025095e-35 2493.4827235754797 26.043750000000006 1399.1650000000002 1.0000000180025095e-35 3770.0200248015881 0.45082531555062549 0.48126256173783166 3095.3279166666671 0.17500000000000074 3859.7806263897501 300.64000000000004 -0.7284115498514564 5180.9116666666678 2776.1587072926272 2204.7200000000007 -0.5400000000000017 0.19126587156512342 -0.73499999999999932 4330.9977232142874 2368.5494791666674 1008.6950000000001 -0.5400000000000017 3214.9823387896827 17.145000000000003 17.175000000000004 7.1750000000000016 3556.145509672619 1.0000000180025095e-35 3549.0850000000005 5.3050000000000006 1799.7650000000001 -0.15101209918632377 3922.3650000000002 2449.7550000000006 -0.36648370705903521 0.51572537064332258 3349.1600000000003 4672.3100000000004 5471.670000000001 0.2332836900311728 3037.0687425595238 4125.3616666666667 999.6500000000002 -0.61000000000000021 0.06540312923014284 3035.0116666666672 3361.6802083333337 2776.1587072926272 4148.7601339285729 3406.7750000000005 9.7650000000000023 896.97500000000014 0.72947329433276253 4069.6350000000007 900.15500000000009
decision_type=2 2 2 2 2 2 2 2 2 2 2 2 2 2 2 2 2 2 2 2 2 2 2 2 2 2 2 2 2 2 2 2 2 2 2 2 2 2 2 2 2 2 2 2 2 2 2 2 2 2 2 2 2 2 2 2 2 2 2 2 2 2
left_child=1 9 5 4 26 22 7 12 45 46 25 -4 -7 -14 -15 -16 17 -6 19 -19 -21 -22 54 24 -8 61 51 28 -28 -30 41 -32 33 36 40 -36 -33 38 -35 -38 -34 -29 -40 -10 -13 -9 -1 -31 -49 50 -46 -3 -26 -54 -2 56 -24 -57 -45 60 -17 -11
right_child=2 3 11 -5 16 6 23 8 43 10 -12 44 13 14 15 59 -18 18 -20 20 21 -23 55 -25 52 -27 27 30 29 47 31 32 34 37 35 -37 39 -39 42 -41 -42 -43 -44 58 49 -47 -48 48 -50 -51 -52 -53 53 -55 -56 57 -58 -59 -60 -61 -62 -63
leaf_value=-0.012403013544432549 -0.0010408548296500974 -0.00067226859425640218 0.0044338282617652248 0.00057622753560666591 0.00035630294794064099 0.0031565478885386966 -0.00042680321290964327 -0.00034638084494616802 -9.1399021201450382e-05 1.5492573276625342e-05 -0.011907769513240556 0.0016008623833414681 -0.0015599994179619169 0.0043223507140091842 0.0014382465030457769 -0.00020456903372214618 0.00077910673655470222 0.00068761645062672902 -0.0042181863162102486 -0.0066302665626458519 0.0003050164986647541 -0.0043721394165617067 0.0002580878657444252 -2.1004034497806857e-06 0.0016055548984254919 -0.0042088513705581488 -0.022790436490115647 0.0005672690077656073 -0.0033107723199369853 0.00086508038621255776 0.0012377871008703112 0.00024528579185221664 0.00018490118982061432 0.001374687049499128 9.7777170384469862e-05 -0.0021614360933458962 -0.00053249681521356335 -0.0015038167118840695 -0.0014791652445874303 0.00027877712893499936 -0.00091273070324894069 -0.0017570835098459714 0.00061317292164967177 0.0025223541055153652 -0.000952166481728085 0.0014616361742417184 -0.0031525371360362616 -0.0010617969805750381 0.0021195917986781953 0.0044056248943764587 0.0043128324445637122 -0.0025320094648646394 -0.00013132069412622016 0.0010936287384612608 0.00021608389310300068 1.4286536494503287e-05 0.0014469126743706262 -0.0029532827370950974 0.001010862563739483 0.00093586268297910272 0.0015930394762917199 -0.0011873722508096395
leaf_weight=957 181 116 1429 759 73 808 91 453 147 462 290 457 72 300 500 276 111 92 673 117 141 58 1390 868 97 222 104 76 55 508 72 291 1171 99 213 316 1076 496 306 240 64 612 46 177 65 44 294 136 89 383 102 223 119 582 155 326 394 40 578 171 58 372
leaf_count=957 181 116 1429 759 73 808 91 453 147 462 290 457 72 300 500 276 111 92 673 117 141 58 1390 868 97 222 104 76 55 508 72 291 1171 99 213 316 1076 496 306 240 64 612 46 177 65 44 294 136 89 383 102 223 119 582 155 326 394 40 578 171 58 372
internal_value=0.000617864 -0.00369683 0.00521288 -0.00241361 -0.00295842 0.00392629 0.00495039 0.00631799 0.00326786 -0.00781178 -0.00547884 0.00934346 0.00826853 0.00667271 0.00745406 0.00574056 -0.00655213 -0.00737662 -0.00810998 -0.00418093 -0.00719243 -0.003075 0.00172497 0.0021587 0.00429775 -0.00374645 -0.00223693 -0.0019645 0.0012766 0.00330798 -0.00253396 -0.00198133 -0.00217411 -0.00335812 -0.000458924 -0.00421698 -0.00161381 -0.00631329 -0.00295354 -0.00280182 0.00115291 -0.00605225 -0.00569405 0.0058804 0.00691964 -0.0014759 -0.0103155 0.00459809 6.63717e-05 0.00941924 0.00419643 -0.00701471 0.00555695 0.00450855 -0.00293769 0.00245467 0.00321008 -0.00122616 0.0071627 0.00269763 0.000268657 -0.0022994
internal_weight=21193 10930 10263 8333 7574 7827 5341 3584 1399 2597 1346 2436 2185 1377 1305 1005 1265 1154 1081 408 316 199 2486 1757 889 1056 6309 5970 892 788 5078 4390 4318 2554 1764 529 1607 947 451 1316 1235 688 352 902 1007 497 1251 733 225 550 167 339 798 701 336 2150 1784 366 755 505 334 834
internal_count=21193 10930 10263 8333 7574 7827 5341 3584 1399 2597 1346 2436 2185 1377 1305 1005 1265 1154 1081 408 316 199 2486 1757 889 1056 6309 5970 892 788 5078 4390 4318 2554 1764 529 1607 947 451 1316 1235 688 352 902 1007 497 1251 733 225 550 167 339 798 701 336 2150 1784 366 755 505 334 834
is_linear=0
shrinkage=0.03


Tree=56
num_leaves=63
num_cat=0
split_feature=20 9 9 9 1 27 1 0 14 1 1 20 27 0 15 9 27 5 22 12 25 26 17 15 15 12 22 8 14 27 24 15 26 24 14 9 2 20 15 17 11 0 14 26 26 15 27 14 17 14 14 8 17 17 12 27 24 22 22 1 17 0
split_gain=436.979 60.7934 53.2725 28.4524 20.29 26.4981 19.1487 20.3265 20.1599 18.4423 16.7107 14.8847 13.898 13.8808 13.0967 16.5643 13.0188 12.2567 12.0227 11.5718 11.192 10.6641 14.1665 10.7952 11.9822 11.3952 11.9451 10.6596 10.3158 10.082 11.3017 9.86991 12.6367 9.64355 9.4163 9.2308 9.10747 9.1782 9.05216 8.64991 8.4868 8.42056 8.34409 12.5543 10.6665 9.57262 12.5188 9.40495 8.98751 8.54537 11.2937 8.40866 11.3511 8.18283 8.02904 8.87111 7.78669 7.64259 7.44432 7.29177 7.21079 7.14443
threshold=-8846.4499999999989 1600.2550000000003 4550.8150000000014 2670.48 5.5000000000000009 0.21499999999999989 4.5000000000000009 35.500000000000007 2699.2384499498471 1.0000000180025095e-35 5.5000000000000009 -39952.899999999994 -0.73499999999999932 32.500000000000007 2412.4126562500001 499.97500000000008 -0.49000000000000016 -0.60876142900872077 3473.8936619543661 4343.9925372023818 18.000000000000004 9.9500000000000011 1900.7000000000003 3697.9316145833336 3853.6221354166669 3904.7203125000005 3181.3910726686513 0.97648852793709995 2479.8727615624357 -0.064999999999999489 8.8000000000000025 3167.192239583334 5.2200000000000015 2.0125000000000015 1976.7800069054194 5500.505000000001 1.5000000000000002 -2157.7499999999995 3073.6731770833335 896.97500000000014 4672.3100000000004 71.500000000000014 2189.3924354751302 9.2800000000000029 8.1000000000000014 4822.9528125000006 -0.015000000000000567 2656.7814433541139 1545.5150000000001 1951.0215830509285 1728.9846521291747 0.47369649395226454 1005.715 249.05500000000004 4069.1148958333338 -0.20500000000000182 2.7937499999999997 5543.6918582589287 6066.6546999007942 1.0000000180025095e-35 1999.1050000000002 81.500000000000014
decision_type=2 2 2 2 2 2 2 2 2 2 2 2 2 2 2 2 2 2 2 2 2 2 2 2 2 2 2 2 2 2 2 2 2 2 2 2 2 2 2 2 2 2 2 2 2 2 2 2 2 2 2 2 2 2 2 2 2 2 2 2 2 2
left_child=1 9 6 4 17 -6 8 12 21 11 16 18 -8 -7 15 -11 39 53 -1 -13 38 22 36 25 -25 -23 -27 42 60 30 -9 -5 -33 54 -15 -12 -2 58 -14 -4 56 57 44 45 51 46 47 -44 -47 50 -46 -19 -53 -3 -10 -56 -41 -35 61 -55 -24 -38
right_child=2 3 10 31 5 13 7 29 33 14 35 19 20 34 -16 -17 -18 27 -20 -21 -22 23 28 24 -26 26 -28 -29 -30 -31 -32 32 -34 41 -36 -37 37 -39 -40 40 -42 -43 43 -45 49 48 -48 -49 -50 -51 -52 52 -54 59 55 -57 -58 -59 -60 -61 -62 -63
leaf_value=0.00030623653580846621 0.00012926833865933851 0.0017851208204036515 -0.0052811966207952565 0.00045117605627094544 -0.0067332858100532618 0.00051258568258831787 -0.00060617846735321556 0.00100392138958731 -0.0012961009125653077 -0.011020713885414821 -0.00011404188704183582 0.00073740273642304284 -0.0012339931761305145 -0.0043517111542517601 -0.010712971376675541 0.0010719073172449712 0.0049993604577310254 -0.0016658485308593861 -0.011578494703340922 -0.002897106701893408 0.0013373247924348063 0.0025756000668501057 0.00010437518137771384 -0.0034102680535502473 0.00038527676172233071 0.00079572654761552288 -0.0014573285421712878 0.00023898737861770768 -0.0010313637572604861 -0.00071279269358567984 -0.0017807371163146967 0.00039061351094622939 -0.00021064574754928953 0.00095691583367623061 0.00094826307442811056 0.0031998485864539192 0.0018114530876312074 0.003093709137957674 0.00049922526870216366 -0.0008149663041583466 0.0042294167517619207 0.0030309372113604916 0.0010605640400538797 -0.003523589814443184 0.0002625204310260454 -0.00056619105362427197 -0.00083001132033212689 -0.00049562600760657107 -0.0039328889457990179 0.00074601668972670507 -0.0016672746112690805 0.00066854824380157662 -0.00050103096773526092 0.00070841818084456777 0.00066854616898780249 -0.00053863026386121501 0.001762940417745682 -0.00016552117764886631 -0.00062463699075167691 -0.00059521664389176714 0.0010774083653914434 0.00042236129624741988
leaf_weight=62 114 104 45 969 515 135 76 254 101 83 201 304 52 178 1540 90 1488 352 169 131 541 256 258 56 175 59 92 263 79 640 82 228 2017 532 51 446 759 619 424 53 169 149 181 385 274 96 522 433 213 244 185 202 1055 222 272 134 53 256 50 698 766 117
leaf_count=62 114 104 45 969 515 135 76 254 101 83 201 304 52 178 1540 90 1488 352 169 131 541 256 258 56 175 59 92 263 79 640 82 228 2017 532 51 446 759 619 424 53 169 149 181 385 274 96 522 433 213 244 185 202 1055 222 272 134 53 256 50 698 766 117
internal_value=0.000622708 -0.00319232 0.0054691 -0.00212013 -0.00329054 -0.00751705 0.0041199 0.0017029 0.0051517 -0.00748109 0.00926507 -0.00323838 0.00451097 -0.00131507 -0.00912777 -0.0012931 0.0107463 -0.00260497 -0.009375 3.44037e-05 0.00543713 0.00641282 0.00722041 0.0029108 -0.00226293 0.00584559 -0.000690789 -0.0032921 0.0045788 -0.00144319 0.00275964 0.000177294 -0.00091496 0.00217993 -0.00580435 0.00511574 0.00897289 0.00957633 0.00207547 0.00523364 0.00722826 0.00398188 -0.00366401 -0.0051775 -0.00246433 -0.00389004 -0.00261214 0.000292683 -0.00856452 0.000617898 -0.00179348 -0.00381056 -0.00265898 0.00035122 -0.00115157 0.000737101 0.000560748 0.00273764 0.0076699 -0.000553746 0.00538537 0.00831243
internal_weight=21269 11901 9368 9522 6308 879 6913 2069 4844 2379 2455 666 1093 364 1713 173 1808 5429 231 435 1017 3400 2762 638 231 407 151 4405 1103 976 336 3214 2245 1444 229 647 1659 1545 476 320 275 937 4142 1830 2312 1445 1136 614 309 703 459 1609 1257 1024 507 406 106 788 926 920 1024 876
internal_count=21269 11901 9368 9522 6308 879 6913 2069 4844 2379 2455 666 1093 364 1713 173 1808 5429 231 435 1017 3400 2762 638 231 407 151 4405 1103 976 336 3214 2245 1444 229 647 1659 1545 476 320 275 937 4142 1830 2312 1445 1136 614 309 703 459 1609 1257 1024 507 406 106 788 926 920 1024 876
is_linear=0
shrinkage=0.03


Tree=57
num_leaves=63
num_cat=0
split_feature=9 20 9 20 1 8 1 1 26 10 12 27 26 7 10 27 27 27 8 18 4 1 6 25 0 27 27 25 10 26 2 12 27 6 25 25 5 16 27 25 25 8 12 9 7 11 27 25 25 10 16 26 27 25 16 11 27 12 23 1 0 25
split_gain=418.163 53.3333 44.3967 32.7251 28.4381 24.0692 17.8097 16.8072 16.5744 16.2002 15.1476 16.4171 13.8761 15.301 13.6982 13.3379 12.1154 12.1101 10.9447 10.3809 10.277 10.0605 18.7516 11.555 9.96934 14.578 11.7836 10.3922 9.84226 9.72415 9.22601 9.14303 12.2194 9.08329 8.80005 10.2039 8.78786 8.32678 8.27005 7.96712 8.17022 7.84635 7.55142 17.7489 8.7534 7.39684 7.12412 7.05971 7.32656 6.59736 6.47937 7.89454 10.9009 10.3371 11.4759 10.993 9.7787 18.5896 10.9535 9.50656 7.17835 6.44166
threshold=3096.0550000000007 -17945.649999999998 4550.8150000000014 -44763.149999999987 5.5000000000000009 0.063390085881955341 4.5000000000000009 5.5000000000000009 9.8150000000000031 3370.1950000000002 4511.3924851190486 -1.0000000180025095e-35 9.1250000000000018 0.97508442350096236 3689.7850000000003 -0.49000000000000016 -0.60000000000000042 0.30499999999999977 -0.97917132487589142 15498.150000000003 1.0000000180025095e-35 5.5000000000000009 -0.032701564615071448 18.140000000000004 33.500000000000007 -0.73499999999999932 -0.24500000000000097 18.045000000000005 4229.2450000000008 11.265000000000002 1.5000000000000002 5136.6924330357151 -0.82000000000000017 -0.58216583101416131 17.595000000000002 17.365000000000006 0.065403129230143103 4396.0600000000004 0.065000000000000405 20.580000000000002 19.675000000000001 0.45082531555062549 2812.6530431547626 1732.1350000000002 -0.29343379936893921 4511.5250000000005 0.25499999999999906 16.885000000000002 15.985000000000001 2019.6700000000003 4164.9700000000003 7.955000000000001 0.21499999999999989 15.985000000000001 4939.9950000000017 1750.5850000000003 -0.54499999999999982 4482.8633110119054 31.431250000000002 3.5000000000000004 59.500000000000007 17.060000000000006
decision_type=2 2 2 2 2 2 2 2 2 2 2 2 2 2 2 2 2 2 2 2 2 2 2 2 2 2 2 2 2 2 2 2 2 2 2 2 2 2 2 2 2 2 2 2 2 2 2 2 2 2 2 2 2 2 2 2 2 2 2 2 2 2
left_child=1 3 6 -1 8 -6 9 15 12 18 28 -12 13 31 21 45 -14 33 -2 -9 -18 29 -23 34 25 -8 -26 61 37 30 36 50 -33 -10 35 -24 -3 -11 -20 40 49 -40 43 -7 -44 -4 -28 48 -39 -32 -5 53 -53 54 -52 -56 57 -55 -59 -57 -58 -27
right_child=2 14 7 4 5 42 24 19 17 10 11 -13 16 -15 -16 -17 20 -19 38 -21 -22 22 23 -25 26 27 46 -29 -30 -31 39 32 -34 -35 -36 -37 -38 47 41 -41 -42 -43 44 -45 -46 -47 -48 -49 -50 -51 51 52 -54 56 55 59 60 58 -60 -61 -62 -63
leaf_value=-0.012692961260648934 0.0032344793300846672 3.8171556374595461e-05 -0.00053774553221905383 -0.0028599838536025055 -0.014490351638203823 -0.0058880480888765779 -0.00051832725653081727 -4.4396247663875952e-05 -0.0065796392830536283 -0.001376366396466242 0.00098825377097194072 -0.00088644991606541264 -0.0033570323478763473 -0.0051954438525648157 0.0025500076372856296 0.0049231234474492597 0.00072242797311304228 0.00074856404972312607 2.395098738501744e-05 0.0030592224461076433 -0.0027978582222891735 -0.0035192191170285267 -0.00035061164540413966 0.00062560613049092331 0.00099306639319374657 0.00063334490378634805 -0.0007567048161170397 0.0012991554203526511 0.0044542439801413987 -0.0010086916598242102 -0.00099386429113125442 0.0009278091177733394 -0.0043032004370083766 -0.00095852984622456282 -0.0019229489316266246 0.00097117972290036822 -0.00061545217447064534 0.0016755690233110521 0.0022645155376371305 -0.00075865950385690885 0.0021544932478275579 0.000517602605925962 -0.0067375540148773179 0.00107519790128634 -0.00051778333705170703 0.003807147205181138 0.00030538056176418135 0.0013545800202559289 -0.00026438903770591437 9.5811294921466231e-05 -0.0051805155200781352 0.0003445728176743756 -0.0023392155222741896 0.0013954260238077242 0.0010405112280045615 -0.002016736235369927 -0.00087814320048526626 0.00064462844507180424 -0.0037887788683679834 0.00055234410921951133 8.3269410236184167e-05 -0.00013716543552673598
leaf_weight=501 71 266 90 168 413 63 71 229 645 60 390 105 80 194 158 1447 392 50 841 436 87 313 127 88 286 213 471 468 611 205 209 78 193 147 113 50 328 195 195 78 101 544 140 98 197 220 233 1430 185 2924 83 531 116 108 212 208 1918 71 88 159 272 232
leaf_count=501 71 266 90 168 413 63 71 229 645 60 390 105 80 194 158 1447 392 50 841 436 87 313 127 88 286 213 471 468 611 205 209 78 193 147 113 50 328 195 195 78 101 544 140 98 197 220 233 1430 185 2924 83 531 116 108 212 208 1918 71 88 159 272 232
internal_value=0.000682912 -0.00294504 0.0055768 -0.00459171 -0.00403829 -0.00896382 0.00430097 0.00905076 -0.00326323 0.00531871 0.00664091 0.00184476 -0.00260133 -0.00316705 -0.000550292 0.0105887 0.00184821 -0.00715302 0.00293281 0.00497748 0.00365625 -0.000836977 -0.00418353 0.000316623 0.00191392 0.00405076 -0.000211907 0.00507112 0.0075967 -0.000273589 6.14282e-05 -0.00278531 -0.00810662 -0.00805801 -0.00257732 0.00160112 -0.00337815 0.00650989 0.00240987 0.000679143 0.00090881 0.00472297 -0.00450902 0.000833333 -0.00705621 0.00491961 -0.00229787 0.00687465 0.00322835 0.000636567 -0.00241677 -0.00215822 0.000856481 -0.00278365 0.000542986 0.0020431 -0.00367982 0.00173507 -0.00478125 -0.00110054 -0.00434048 0.00178251
internal_weight=21195 12172 9023 7212 6711 911 6601 2422 5800 4627 2976 495 4958 4399 4960 1757 559 842 1651 665 479 4802 691 378 1974 984 990 913 2481 4111 3906 4205 271 792 290 177 594 1870 1580 3312 3234 739 498 161 337 310 704 1810 380 3133 3934 3766 647 3119 662 579 2457 267 159 367 2190 445
internal_count=21195 12172 9023 7212 6711 911 6601 2422 5800 4627 2976 495 4958 4399 4960 1757 559 842 1651 665 479 4802 691 378 1974 984 990 913 2481 4111 3906 4205 271 792 290 177 594 1870 1580 3312 3234 739 498 161 337 310 704 1810 380 3133 3934 3766 647 3119 662 579 2457 267 159 367 2190 445
is_linear=0
shrinkage=0.03


Tree=58
num_leaves=63
num_cat=0
split_feature=20 9 9 1 20 14 4 26 14 0 1 5 24 26 14 1 1 10 17 11 27 18 17 1 17 0 15 14 15 26 11 27 15 7 14 11 21 14 27 0 15 20 21 10 15 1 27 26 21 22 0 17 11 14 26 0 9 26 15 7 14 26
split_gain=377.576 49.642 47.7536 34.6927 27.1953 23.7625 20.1047 20.9545 17.1385 20.6605 16.3952 15.9492 15.5112 14.4085 14.1597 12.3416 11.7696 13.1657 10.9289 10.6404 10.5338 10.386 10.2755 12.0116 10.214 10.1594 9.78679 9.68452 9.56873 12.5989 11.5321 11.6911 8.66401 8.52854 8.45856 8.37516 8.28014 9.28631 11.1975 8.22105 9.53113 8.1673 7.89666 17.0003 12.1714 10.5334 10.1542 8.77962 8.41447 7.88491 8.78111 9.2889 7.8719 7.64782 7.4531 9.13188 7.4151 7.31723 7.28826 7.17407 7.13432 6.97857
threshold=-9035.7499999999982 4550.8150000000014 2650.3600000000006 5.5000000000000009 -43995.999999999993 2066.3310839793553 1.0000000180025095e-35 11.130000000000001 2193.0636641980013 34.500000000000007 5.5000000000000009 -0.55557023301960229 2.1687499999999997 7.6700000000000008 1976.7800069054194 1.0000000180025095e-35 5.5000000000000009 4124.3500000000013 1900.7000000000003 1749.6850000000002 -0.49000000000000016 15326.650000000003 1348.4800000000002 4.5000000000000009 896.97500000000014 20.500000000000004 3020.3678125000001 2732.6387252257637 3167.192239583334 5.2200000000000015 2410.0850000000005 0.47000000000000158 3955.432187500001 0.98522604642031408 2693.4448096162669 4400.6300000000001 6345.8816666666671 2903.4368092735081 -0.82000000000000017 23.500000000000004 2968.5095833333339 -3156.4499999999994 3035.0116666666672 1800.6750000000004 3184.6903125000003 1.5000000000000002 -0.68000000000000138 9.3450000000000006 1912.4550000000002 5581.6230270337301 28.500000000000004 1820.0550000000003 4511.5250000000005 2662.3621742407736 10.105000000000002 26.500000000000004 5135.6650000000018 5.6300000000000008 6463.2028645833334 -0.05695216311707673 2152.2219207903777 4.9600000000000009
decision_type=2 2 2 2 2 2 2 2 2 2 2 2 2 2 2 2 2 2 2 2 2 2 2 2 2 2 2 2 2 2 2 2 2 2 2 2 2 2 2 2 2 2 2 2 2 2 2 2 2 2 2 2 2 2 2 2 2 2 2 2 2 2
left_child=2 8 3 4 13 14 7 11 9 18 20 33 22 26 19 -11 17 34 -2 -5 24 59 54 32 -3 27 -1 -18 39 -30 -31 -32 -24 -6 -14 -17 37 42 58 40 -4 -20 43 -13 47 -44 -47 -45 -46 50 -34 -52 -26 -22 -10 -56 -55 -21 -39 -12 -8 -41
right_child=1 10 28 5 6 -7 60 -9 12 15 21 36 16 -15 -16 35 25 -19 41 57 53 -23 23 -25 52 -27 -28 -29 29 30 31 -33 49 -35 -36 -37 -38 38 -40 61 -42 -43 45 44 48 46 -48 -49 -50 -51 51 -53 -54 56 55 -57 -58 -59 -60 -61 -62 -63
leaf_value=0.00026908643689945496 0.0018703612224329192 -0.0052680649856987616 -0.00036185142348664099 -0.010976413176083897 0.00038548070959742553 -0.010686294587201575 -6.3250511020074285e-05 -0.0047511169403594783 -1.268029427688333e-05 0.0062140015286479763 0.00057258747420066316 0.0014425100154265989 0.0012667468775601786 -0.012489211295117899 0.0014160505859832063 0.000261496143694786 -0.0004197283958538733 0.0031108921336291751 -0.00027700620116137385 0.00044568524511506168 0.005066661603802718 0.0029147699706484251 0.0013211250863056812 -0.00021885212296671064 -7.7117600116576306e-05 -0.0013453782428642746 -0.01029217682776006 0.0018579933155422345 0.00037137015198349663 -0.0012646790435988642 1.4701200495599309e-05 -0.0014482275397750088 0.00099082966860862586 -0.0020848882180358251 0.00035905520347371932 0.0022967338928768298 -0.003020852950134989 0.002354690433781914 -0.0033632449560847188 -0.00047140489012678085 0.00066716252621342061 0.00099098613198144391 0.00022483927753357946 -0.0014163105831161893 0.0001556810174458789 -0.0056731410570127318 -0.00046217575089625208 0.00058044989168813286 -0.00044421483372213632 -0.00087368986817196507 -0.0029076325442165718 0.00034665599414974936 0.0040020109468031431 0.00074752018282064903 -0.0021666444750522195 0.00087112818270314914 0.0059421215950539704 -0.0011255327542159853 -0.0012096450302030704 -0.001517926409947261 -0.009145691004470588 0.0012092960248228212
leaf_weight=99 860 48 281 185 1123 681 82 341 450 163 170 67 550 319 80 1294 61 425 77 75 1165 433 350 482 79 184 100 91 230 507 1424 88 222 106 848 158 103 40 509 61 91 147 1001 683 207 79 1797 54 464 44 43 375 171 118 147 53 190 131 43 59 312 534
leaf_count=99 860 48 281 185 1123 681 82 341 450 163 170 67 550 319 80 1294 61 425 77 75 1165 433 350 482 79 184 100 91 230 507 1424 88 222 106 848 158 103 40 509 61 91 147 1001 683 207 79 1797 54 464 44 43 375 171 118 147 53 190 131 43 59 312 534
internal_value=0.00071365 0.00518767 -0.00284291 -0.00399965 -0.00325697 -0.00884649 -0.00276597 -0.00237307 0.00390747 0.00578333 0.00888044 -0.00197865 0.00273578 -0.00988439 -0.00365466 0.00362933 0.00453472 0.0054852 0.00898618 -0.00600765 0.0103866 0.00484163 0.000941394 0.002294 0.00521739 -0.000623145 -0.003525 0.00509804 0.000279764 -0.000793333 -0.00155198 -0.000237938 0.00411594 0.00108537 0.00407434 0.00274604 -0.00272484 -0.00254803 -0.00607083 0.00277376 -0.000723861 0.00306667 -0.00206754 -0.00385163 -0.00455642 -0.00115184 -0.00247736 -0.00721545 -0.00162946 0.00214599 0.00299532 0.000429594 0.0076494 0.0114281 -0.00221198 -0.00701493 0.00718447 -0.00130435 0.00410714 -0.000326087 -0.00934177 0.00495805
internal_weight=21354 9457 11897 8681 7529 1152 7011 6617 7024 2699 2433 6276 4325 518 471 1615 2159 1823 1084 391 1771 662 2166 1516 298 336 199 152 3216 2249 2019 1512 1034 1229 1398 1452 5047 4944 592 967 372 224 4352 1475 1408 2877 1876 737 671 684 640 418 250 1473 650 200 308 206 83 229 394 595
internal_count=21354 9457 11897 8681 7529 1152 7011 6617 7024 2699 2433 6276 4325 518 471 1615 2159 1823 1084 391 1771 662 2166 1516 298 336 199 152 3216 2249 2019 1512 1034 1229 1398 1452 5047 4944 592 967 372 224 4352 1475 1408 2877 1876 737 671 684 640 418 250 1473 650 200 308 206 83 229 394 595
is_linear=0
shrinkage=0.03


Tree=59
num_leaves=63
num_cat=0
split_feature=20 6 9 8 1 20 26 1 10 12 12 1 1 27 10 6 27 14 8 26 4 27 14 2 25 27 7 7 14 12 22 22 15 12 25 1 27 1 7 14 11 12 13 7 25 15 8 12 8 8 7 9 14 11 4 26 7 26 24 27 5 25
split_gain=375.538 56.6649 45.5149 39.8103 23.4335 26.3013 18.1041 16.8839 19.4746 15.485 15.3763 15.2495 13.5973 14.4094 13.2923 13.2758 12.761 12.0696 11.7671 11.5387 11.0504 10.4751 9.97014 9.96686 9.71647 13.1015 10.8935 11.5981 9.15725 8.46075 8.43715 8.17721 7.97873 7.77686 7.68707 7.65615 13.1171 7.44447 7.43384 7.31486 7.28926 7.28803 7.18205 7.17484 7.35317 6.93201 6.78474 7.24582 6.76958 6.7615 16.2491 6.49522 8.19222 6.4423 6.34741 7.18848 7.30457 8.47316 6.34597 6.24166 6.57008 7.0869
threshold=-9035.7499999999982 -0.68322629814330815 4550.8150000000014 0.21652257995689161 5.5000000000000009 -38650.799999999996 9.8150000000000031 4.5000000000000009 3713.1700000000005 3007.057983630953 4409.2738318452384 5.5000000000000009 4.5000000000000009 0.0099999999999989004 3141.8650000000002 0.68322629814330826 -1.0000000180025095e-35 2193.0636641980013 0.85561368268953431 9.4200000000000017 1.0000000180025095e-35 -0.49000000000000016 2268.8407918967318 2.5000000000000004 18.140000000000004 0.86500000000000032 0.96687895796550427 0.99865421017599998 985.92641652994905 4468.7751488095246 3690.6116803075406 5581.6230270337301 3127.8019791666675 6551.5072767857146 19.275000000000002 1.5000000000000002 -0.59499999999999964 3.5000000000000004 0.80607028652842638 2350.6231677469882 4511.5250000000005 3583.9349032738096 6451.5650000000014 -0.80924678377697201 18.025000000000002 4289.4120833333336 -0.54219087765047058 4148.7601339285729 0.94066717844141279 0.71353761266622884 -0.51297808981038739 5135.6650000000018 2949.5975880568817 3461.5300000000002 1.0000000180025095e-35 7.955000000000001 -0.36647417525074694 6.8450000000000015 2.9562500000000012 -0.73499999999999932 0.63405362205439497 16.235000000000003
decision_type=2 2 2 2 2 2 2 2 2 2 2 2 2 2 2 2 2 2 2 2 2 2 2 2 2 2 2 2 2 2 2 2 2 2 2 2 2 2 2 2 2 2 2 2 2 2 2 2 2 2 2 2 2 2 2 2 2 2 2 2 2 2
left_child=1 3 7 4 5 -1 9 8 17 -7 34 21 20 -14 24 18 31 23 59 41 30 40 -21 32 25 28 -26 -28 -3 42 -5 -12 -2 35 37 36 -11 -10 -34 53 58 -19 -30 -38 -45 -13 47 -41 -32 -15 -51 52 -23 -24 55 56 -37 -58 -4 -9 -61 -62
right_child=2 14 11 12 -6 6 -8 15 10 33 16 45 13 49 -16 -17 -18 19 -20 22 -22 51 39 -25 26 -27 27 -29 29 -31 48 -33 38 -35 -36 54 43 -39 -40 46 -42 -43 -44 44 -46 -47 -48 -49 -50 50 -52 -53 -54 -55 -56 -57 57 -59 -60 60 61 -63
leaf_value=-0.010965654603256105 0.0021892481809010888 0.0013006094679469005 -0.00095067612964495397 8.7217607157503705e-05 -0.012514467006763801 0.0018085207200194374 -0.012673745700414081 -0.00064996808500598739 0.0029750478021217395 0.00062043138809850793 0.0014137771093945251 0.00071605119828284098 0.00051110035848456637 -0.0052595813501382692 0.0006186425881536062 0.00073397803173000928 -0.0006420888529111579 0.002256412419230198 -0.00069401265093786072 -0.0027404666129226783 -0.0077676142484798304 0.0029865638746004028 0.00076987660781087537 0.001402068740852309 0.00013816902428922972 -0.0027135044096782798 -0.0022075863829241803 0.0013431891946839246 -0.0015293746380513262 -0.0056038807965499114 -0.004118002809274479 -0.0010328052235121809 -0.00026266669376319386 -0.0030256631274984788 0.0010227333016743767 -0.0035620640985877913 -0.0061105131952308512 0.00060740866719918071 0.00063236140921517857 0.0015756248398349991 0.0035764799830555203 0.00034421169329323042 -0.0002332780598321804 0.0002926894275146985 -0.0016563742251425051 0.0030807208735877368 -0.001653974982438049 -0.00026257072283572211 9.9645839156670135e-05 0.001204865805188784 -0.001906542759816041 0.0067025423069873111 -0.00044113491184743836 -0.00076847531323668498 -0.0085500500171019848 1.9615351113655419e-06 -0.0024887406876166729 0.00011441893587693652 0.0011675219883959987 -0.00012571186012834355 -0.0010014583454161041 0.0007409610981417502
leaf_weight=563 61 106 47 1339 460 57 331 86 1041 237 270 381 88 278 712 618 109 146 357 56 85 648 63 810 1120 132 179 45 135 104 199 40 259 59 134 417 63 274 117 54 229 1191 3763 101 150 273 182 48 93 56 253 773 51 41 98 248 107 264 44 406 61 566
leaf_count=563 61 106 47 1339 460 57 331 86 1041 237 270 381 88 278 712 618 109 146 357 56 85 648 63 810 1120 132 179 45 135 104 199 40 259 59 134 417 63 274 117 54 229 1191 3763 101 150 273 182 48 93 56 253 773 51 41 98 248 107 264 44 406 61 566
internal_value=0.000570985 -0.00298657 0.0050355 -0.0051974 -0.0074097 -0.00633717 -0.00481013 0.00380203 0.00476618 -0.00362098 0.00717496 0.00855742 -0.00227634 -0.00588018 -0.00103859 0.00154654 0.00210714 0.00327831 0 0.00169192 -0.000856144 0.00998885 -0.00249438 0.00554087 -0.00153089 -0.00223532 0.00069145 -0.00533333 -0.00193478 -0.00216588 -0.000303309 0.005209 0.00188356 -0.00412607 0.00863793 -0.00374555 -0.000842391 0.00933511 0.000238727 -0.000771208 0.00504673 0.00308296 -0.00193896 -0.00485714 -0.00255952 0.00462595 -0.00326316 0.00291262 -0.00491468 -0.00757653 -0.0045 0.0110591 0.00893571 0.006 -0.00515419 -0.00445516 -0.00585551 -0.00278226 -0.00211957 0.00151339 0.00216151 0.00408439
internal_weight=21278 11842 9436 5546 3155 2695 2132 6990 4896 1801 1868 2446 2391 675 6296 2094 419 3028 1476 1781 1716 1792 444 1247 5584 4240 1344 224 4108 4002 1631 310 437 1744 1449 1685 551 1315 376 388 320 1337 3898 314 251 654 284 102 292 587 309 1472 699 104 1134 1036 788 371 91 1119 1033 627
internal_count=21278 11842 9436 5546 3155 2695 2132 6990 4896 1801 1868 2446 2391 675 6296 2094 419 3028 1476 1781 1716 1792 444 1247 5584 4240 1344 224 4108 4002 1631 310 437 1744 1449 1685 551 1315 376 388 320 1337 3898 314 251 654 284 102 292 587 309 1472 699 104 1134 1036 788 371 91 1119 1033 627
is_linear=0
shrinkage=0.03


Tree=60
num_leaves=63
num_cat=0
split_feature=10 9 9 14 20 14 1 20 26 1 7 10 1 12 11 7 1 4 17 25 27 25 8 8 14 14 27 7 17 27 27 26 26 8 8 27 17 1 26 7 17 8 17 25 14 20 17 5 22 14 7 26 26 10 13 17 2 7 11 12 8 14
split_gain=357.448 56.2103 36.7941 32.3851 26.0506 24.3341 17.0938 17.7654 15.4422 15.0869 16.9733 18.1751 14.5911 13.8104 13.5715 12.6812 11.9449 11.673 11.4655 10.5092 10.4289 10.3077 11.1374 10.2493 12.5154 9.95452 9.92532 9.8667 9.84771 9.52256 9.39593 15.0837 13.5772 19.9721 13.5862 13.1571 12.1591 11.1579 10.3956 10.2911 9.08032 12.7228 9.30642 9.02767 8.95012 8.59247 8.39509 8.27765 8.20302 7.92441 9.15336 8.26301 7.43793 7.16909 8.96561 9.03868 7.16254 7.60296 7.12868 7.05689 6.95119 6.83536
threshold=3141.8650000000002 2670.48 4997.6400000000003 2693.4448096162669 -45891.44999999999 2193.0636641980013 5.5000000000000009 -34410.150000000001 9.5700000000000021 5.5000000000000009 0.23014236637527921 4092.1800000000007 5.5000000000000009 4755.5608556547622 199.01000000000002 0.91248814248966237 1.0000000180025095e-35 1.0000000180025095e-35 1405.9250000000004 17.640000000000004 0.8249999999999994 15.050000000000002 -0.84427364991979392 -0.90252875386360676 2693.4448096162669 2235.32632893344 -0.49000000000000016 0.99374995976406788 1951.3100000000002 0.17500000000000074 -0.015000000000000567 9.6200000000000028 9.0450000000000017 0.054805126479326886 0.38043945030393422 0.96499999999999997 300.94000000000005 4.5000000000000009 7.1750000000000016 -0.50556189049999822 1212.7300000000002 -0.36648370705903521 999.88000000000011 19.265000000000004 3823.9461073006587 -7451.0999999999995 300.94000000000005 -0.98611507088852024 5849.073685515873 2732.6387252257637 -0.25205528343633254 7.1950000000000012 7.5150000000000015 2161.6200000000003 6451.5650000000014 1016.2300000000001 6.5000000000000009 -0.91246704667116951 4805.0700000000006 6208.9869940476201 0.011826144619637555 2713.0455114705419
decision_type=2 2 2 2 2 2 2 2 2 2 2 2 2 2 2 2 2 2 2 2 2 2 2 2 2 2 2 2 2 2 2 2 2 2 2 2 2 2 2 2 2 2 2 2 2 2 2 2 2 2 2 2 2 2 2 2 2 2 2 2 2 2
left_child=1 3 5 4 -1 15 7 -5 40 10 11 18 26 19 -6 16 21 30 23 -11 48 -2 -23 -7 25 -25 60 -19 -20 44 31 38 34 -34 56 53 -33 -35 39 -16 41 42 -9 -39 59 61 -10 -26 -18 -42 51 -51 -43 -36 -55 -56 -32 -58 -47 -12 -4 -3
right_child=2 45 12 6 14 9 -8 8 46 13 29 -13 -14 -15 17 -17 20 27 28 -21 -22 22 -24 24 47 -27 -28 -29 -30 -31 32 36 33 37 35 -37 -38 43 -40 -41 49 52 -44 -45 -46 58 -48 -49 -50 50 -52 -53 -54 54 55 -57 57 -59 -60 -61 -62 -63
leaf_value=-0.0110158217106693 -0.0011283058499270205 3.9415641629769736e-06 0.0036362699279913709 -0.013202349853046318 -0.0095753723982878111 -0.0009809964085702649 -0.016207783717963786 0.00028878206576079976 -0.00045666525836943525 1.9480807629355113e-05 -0.00010275256725062575 0.0022933590556831261 0.0023128478554749598 0.0012108970130883278 -0.0065723811060105315 0.0030804390311694263 0.00068898897907322622 -0.0060631619343355326 0.0015337607406375219 -0.0016705007766303658 -0.00096496962901641218 -0.00057381582775116512 0.0045394605233947246 -0.00094355721079227624 0.0014343063337755879 0.0012520203535027186 0.0057006622163757997 0.00054591804105124536 0.00038458069224454048 0.0010716815589974348 -0.005049175331013931 0.00017886135325255735 0.0022509803169474775 0.00022512697177534235 -5.6742735745274329e-05 -0.0041873996939770473 -0.0089132369135873982 -0.0029841070614444742 0.00076739479614352569 5.3700125666908958e-05 -0.0056689955794176411 -0.005097163162561493 0.0022563970472237039 0.00059267223110399665 0.0025198144681917787 0.00031671711931239075 -0.0062547506596116872 -0.00024077530186657369 0.0050193943739606619 0.00071130486401911771 -0.0028668520657061558 -0.00077773522320971449 0.00016380288892898332 -0.0015022246940493476 0.00030642866688564748 -0.00047986032079305296 -0.0022893383944060774 0.0003304944833591161 0.0031633382892494307 -0.0032601371083960107 -0.001258829693271961 -0.0011446211954075337
leaf_weight=336 47 2524 201 360 119 58 332 162 64 292 755 756 565 124 59 473 1569 269 426 222 78 44 310 46 48 269 991 42 555 198 238 233 118 454 1109 89 193 145 641 265 75 166 78 53 57 1050 293 431 85 137 176 154 144 90 192 1533 224 109 81 64 54 334
leaf_count=336 47 2524 201 360 119 58 332 162 64 292 755 756 565 124 59 473 1569 269 426 222 78 44 310 46 48 269 991 42 555 198 238 233 118 454 1109 89 193 145 641 265 75 166 78 53 57 1050 293 431 85 137 176 154 144 90 192 1533 224 109 81 64 54 334
internal_value=0.000701545 -0.00252136 0.00537447 -0.00387958 -0.00282632 0.00437536 -0.00707983 -0.00592541 -0.00443793 0.00298815 0.00372953 0.0050444 0.00918046 -0.00126761 -0.00238261 0.00666283 0.00567245 -0.00218425 0.00342694 -0.00343689 0.00458742 0.0103358 0.0120845 0.00087925 0.00177358 0.00640823 0.0109944 -0.00783654 0.00563646 0.00055814 -0.00187696 0.000269397 -0.00256257 0.00105058 -0.00333891 -0.00253318 -0.00442623 -0.00101072 0.00234472 -0.00203077 -0.0026624 5.44465e-05 0.00522822 -0.00693467 -0.000786773 0.000424812 -0.00984637 -0.00128125 0.00509366 -0.00541436 -0.00394231 -0.000667808 -0.00395498 -0.00218462 -0.00334526 -0.00285921 -0.00757867 -0.00471557 0.00263693 -0.00159146 0.00568359 -0.000451207
internal_weight=21359 12641 8718 8652 6511 6907 2141 1809 1449 4301 3663 2589 1811 638 6175 2606 2133 6056 1833 514 1732 401 354 852 794 315 1246 311 981 1074 5745 1391 4354 770 3584 3013 426 652 965 324 1092 550 240 198 876 3989 357 479 1654 542 467 291 310 2924 1815 1725 571 333 1131 819 255 2858
internal_count=21359 12641 8718 8652 6511 6907 2141 1809 1449 4301 3663 2589 1811 638 6175 2606 2133 6056 1833 514 1732 401 354 852 794 315 1246 311 981 1074 5745 1391 4354 770 3584 3013 426 652 965 324 1092 550 240 198 876 3989 357 479 1654 542 467 291 310 2924 1815 1725 571 333 1131 819 255 2858
is_linear=0
shrinkage=0.03


Tree=61
num_leaves=63
num_cat=0
split_feature=20 11 9 22 20 1 1 10 0 21 1 13 26 2 7 22 8 8 21 0 10 8 1 21 26 7 26 26 22 17 16 21 17 17 24 8 24 22 7 22 1 7 22 20 10 17 24 15 20 22 22 15 23 17 1 26 7 1 0 0 7 15
split_gain=344.735 46.5906 43.38 25.844 22.0425 23.4778 18.2225 23.8164 23.7086 17.344 14.8848 13.1964 13.3741 12.8815 12.4887 12.0681 19.0147 15.5564 12.0675 12.0759 11.5355 11.166 11.5432 11.2026 10.5601 9.54209 9.47339 13.4659 9.78694 9.33318 9.67431 10.9287 10.936 8.87314 8.43112 8.39229 7.9865 7.88955 17.5599 9.87972 7.77677 7.72472 19.1621 7.53006 7.44302 7.29797 8.99593 13.213 7.15034 7.11366 7.07825 6.74668 6.74661 6.73939 6.77208 9.07508 6.56576 6.4467 6.43632 6.36217 6.26554 6.19199
threshold=-9035.7499999999982 2219.5400000000004 4999.6750000000011 3695.4742323908736 -38650.799999999996 5.5000000000000009 5.5000000000000009 4124.3500000000013 22.500000000000004 6388.0133333333342 1.0000000180025095e-35 6451.5650000000014 5.1300000000000008 10.500000000000002 -0.099819732675876835 4998.3548239087313 -0.36648370705903521 -0.60038941812636415 4667.6466666666674 10.500000000000002 2870.7150000000006 -0.013976481981245173 4.5000000000000009 3750.9516666666668 5.1500000000000012 -0.97876850416056738 9.4200000000000017 7.8850000000000007 5798.8263182043656 2021.0350000000001 6000.880000000001 3355.4200000000005 499.42500000000001 1001.8700000000001 10.1 0.41985448298472511 9.2062500000000025 3110.8593129960323 -0.62588817255938378 3538.0017286706357 1.0000000180025095e-35 0.23014236637527921 3764.7323933531757 -35657.44999999999 1629.7200000000003 1933.0700000000004 10.1 4477.732500000001 -40520.149999999994 5504.9563541666676 3452.122193700397 3218.4991145833337 34.331250000000004 983.54500000000019 3.5000000000000004 9.6450000000000014 -0.2270106897347694 5.5000000000000009 62.500000000000007 20.500000000000004 -0.23537230790205757 3205.5163541666675
decision_type=2 2 2 2 2 2 2 2 2 2 2 2 2 2 2 2 2 2 2 2 2 2 2 2 2 2 2 2 2 2 2 2 2 2 2 2 2 2 2 2 2 2 2 2 2 2 2 2 2 2 2 2 2 2 2 2 2 2 2 2 2 2
left_child=1 3 6 21 -5 10 7 26 18 57 14 -3 13 -13 -6 16 -12 45 -8 -20 48 -1 23 24 -23 34 27 28 50 30 -28 -32 -33 44 -19 -29 -16 38 -24 -39 58 59 -43 -41 -18 46 47 49 -14 -17 56 -7 -42 -34 55 -55 -2 -4 -22 60 -9 -59
right_child=2 11 9 4 5 51 8 41 -10 -11 15 12 20 -15 36 17 33 25 19 -21 40 22 37 -25 -26 -27 29 35 -30 -31 31 32 53 -35 -36 -37 -38 39 -40 43 52 42 -44 -45 -46 -47 -48 -49 -50 -51 -52 -53 -54 54 -56 -57 -58 61 -60 -61 -62 -63
leaf_value=-0.0089221576067283776 0.00045499440428866219 -0.0014907494161475476 0.0054389747311496348 -0.011636578544667637 0.00104389438404477 -2.1327687537295858e-05 0.0015607382545172132 0.0010372581138534897 -0.00048106208050727515 -0.00033354562363584249 0.0014303732061501861 -1.2445477386524573e-06 -0.031602034131419661 0.0015730741207047537 -0.0043037775982073968 -0.0028980514542382174 -0.0022975746002356521 -0.0067123909918134659 0.0017020114767704797 -0.00052343935244294928 0.0001234133753327704 0.00031265574546661233 -0.0064966882660657177 0.00040060985812997882 -0.00076882872212105538 -0.012137830595691453 -0.0015401937299386681 0.0018001366135905349 0.0014703495024085721 -0.00082830135677935957 0.00068908802502274822 0.0019034151559605926 -0.0027736652403087267 -0.0016343235156600676 -4.9446123115144402e-05 0.00037611827485914515 0.0012522328604042342 -0.0030327441957591094 0.00060348034410842913 0.0013500248085924849 -1.4611526416823394e-05 0.0023690065125145129 -0.00024351918799011329 -0.0018143278427026654 0.0015945986280639834 -0.0026233527658569766 -0.0030247962931721339 0.0015868778980267261 -0.00028512104045701924 9.5172892555455126e-05 0.00016223566986116821 -0.011480641308934237 -0.0048997728069873105 -0.00051298676199925449 -0.00049601466124213898 0.00089191017730968266 0.0015369492637122661 -0.00049431247481880548 0.0014835627923490734 0.0030818728880447387 -0.0013989836586000592 0.0031274910271415022
leaf_weight=184 519 122 1118 548 196 46 194 119 769 107 106 251 48 176 56 87 78 167 107 85 265 134 63 683 658 332 84 860 276 80 441 124 87 160 131 311 42 381 160 43 1252 479 245 136 54 146 63 99 3998 199 1417 487 40 77 162 239 151 53 270 815 52 416
leaf_count=184 519 122 1118 548 196 46 194 119 769 107 106 251 48 176 56 87 78 167 107 85 265 134 63 683 658 332 84 860 276 80 441 124 87 160 131 311 42 381 160 43 1252 479 245 136 54 146 63 99 3998 199 1417 487 40 77 162 239 151 53 270 815 52 416
internal_value=0.000669208 -0.00273015 0.00496432 -0.00477298 -0.00663943 -0.00541837 0.00400637 0.00461997 0.000532007 0.00930973 -0.00386541 -0.000999533 -0.000809395 0.00431075 0.00233898 -0.00499076 -0.000451128 -0.00646531 0.00658915 0.00124352 -0.00118233 -0.00248056 -0.00189907 -0.000335366 -0.00276166 -0.00974643 0.00354111 0.00434512 0.00303934 0.00134363 0.002 0.0027321 0.000369565 -0.00440273 -0.0058194 0.00697526 -0.00636364 -0.00484056 -6.69643e-05 -0.00673797 0.000795952 0.00766219 0.00529655 -0.000916667 0.00135338 -0.00297479 -0.00106904 0.000660622 -0.00207561 -0.00261324 0.00233477 -0.0109831 -0.000464037 -0.00140459 0 0.00255521 0.00487332 0.0100976 0.00383396 0.0093921 0.00409884 0.00711702
internal_weight=21248 11861 9387 5439 2997 2449 7693 6538 1155 1694 1916 6422 6300 427 294 1622 398 1224 386 192 5873 2442 2258 1475 792 630 4828 3534 2363 1294 1214 1130 689 292 298 1171 98 783 223 560 1827 1710 724 179 132 594 448 385 4046 286 2087 533 1292 565 478 316 670 1587 535 986 171 469
internal_count=21248 11861 9387 5439 2997 2449 7693 6538 1155 1694 1916 6422 6300 427 294 1622 398 1224 386 192 5873 2442 2258 1475 792 630 4828 3534 2363 1294 1214 1130 689 292 298 1171 98 783 223 560 1827 1710 724 179 132 594 448 385 4046 286 2087 533 1292 565 478 316 670 1587 535 986 171 469
is_linear=0
shrinkage=0.03


Tree=62
num_leaves=63
num_cat=0
split_feature=9 9 9 1 0 1 14 17 1 27 19 15 27 22 2 14 8 22 27 8 14 21 15 8 27 25 17 22 18 15 14 14 22 12 1 21 12 14 14 12 12 10 15 9 25 15 17 0 22 15 22 6 25 15 22 25 9 18 0 12 21 1
split_gain=317.987 43.0099 42.2703 19.9039 20.8505 19.0457 17.3202 17.3029 16.833 15.443 19.1215 15.9379 14.1684 14.1063 13.3775 13.264 15.5727 12.986 17.1848 12.8968 12.3239 12.5295 12.1983 11.923 12.605 11.7006 15.6566 18.5354 11.2603 10.7863 10.7297 13.6292 10.5363 10.3714 10.2269 16.7618 10.1961 13.7523 10.0728 15.5918 11.4776 15.0841 9.92324 9.88597 9.43085 9.13413 8.64484 8.52884 8.29934 8.41821 8.2258 8.04744 7.80967 7.74734 7.52194 10.168 7.35872 7.15385 6.97177 6.95987 6.91893 8.42575
threshold=3065.8000000000006 1724.7200000000003 4550.8150000000014 1.0000000180025095e-35 22.500000000000004 5.5000000000000009 2419.5683125654373 249.05500000000004 5.5000000000000009 0.17500000000000074 46516.450000000004 3020.3678125000001 1.0000000180025095e-35 5840.0669791666678 6.5000000000000009 2176.1906916533894 0.93158198870884079 4705.6813659474219 0.8249999999999994 -0.92999516916204616 2207.1706532591293 6345.8816666666671 4547.3495312500008 0.2332836900311728 0.049999999999998941 15.425000000000002 1543.2000000000003 3081.5855605158736 11837.650000000003 4700.957760416667 2236.7659116652462 2221.9243182973028 3428.6758717757939 4069.1148958333338 4.5000000000000009 3685.4416666666671 4370.2656919642859 2776.1587072926272 3859.7806263897501 4526.4478273809536 4403.9769122023818 2519.9250000000006 4109.6463541666672 3959.8550000000005 18.665000000000003 2368.5494791666674 2469.6400000000008 25.500000000000004 3171.3310974702385 3955.432187500001 4096.0532886904775 -0.84874750804349197 17.195000000000004 2917.2802604166673 5621.5131026785721 16.885000000000002 6001.3250000000007 8181.5500000000002 35.500000000000007 3014.2931622023812 3483.771666666667 3.5000000000000004
decision_type=2 2 2 2 2 2 2 2 2 2 2 2 2 2 2 2 2 2 2 2 2 2 2 2 2 2 2 2 2 2 2 2 2 2 2 2 2 2 2 2 2 2 2 2 2 2 2 2 2 2 2 2 2 2 2 2 2 2 2 2 2 2
left_child=1 5 3 4 32 9 12 45 19 10 54 57 30 36 -15 17 48 18 25 22 -4 56 -9 -12 -25 60 27 53 -28 -24 31 50 -2 -18 -30 -36 43 -38 39 40 41 -21 -39 -5 52 -8 -32 -44 -17 58 -3 -52 -34 -27 55 59 -22 -11 -50 -1 61 -14
right_child=2 6 20 13 -6 -7 7 8 -10 11 23 -13 15 14 -16 16 33 -19 -20 38 21 -23 29 24 -26 26 28 -29 34 -31 46 -33 44 -35 35 -37 37 42 -40 -41 -42 -43 47 -45 -46 -47 -48 -49 49 -51 51 -53 -54 -55 -56 -57 -58 -59 -60 -61 -62 -63
leaf_value=-0.0021746095496844474 0.0025259442583199297 0.00076807310318875103 0.0043392555918339059 0.0004082019921618052 0.0045943762063989802 -0.034882853874545559 -0.0011987738288576999 -0.00057047472402470766 -0.007806657740841585 0.0014172761462683025 -0.011035819829516517 -0.0019670795925407747 -0.0021309374138194937 -0.00023637983111706617 0.0031517902853957836 7.1313032301212323e-05 0.00060677641455685993 0.0012798254453979929 -0.0024249610188285284 -0.0016698341935540827 0.0012738856199616588 -0.00054984305568313015 0.0020917735719645945 0.0011263877124671939 -0.0091621914630790873 0.00030797412753646113 -0.00062017140499054596 0.00083522780575604025 7.8875878719024674e-05 0.00015705717490621218 0.00058552593562739114 -0.0047803294015829768 -0.00047571129873547947 -0.00062955189925985701 6.8910958155821153e-05 -0.0029623696840012314 -0.00030430232979900218 -0.00052154853998450431 0.0013218230993881752 -0.0029032308643157376 0.00037946200287388262 -3.5606755153683164e-07 0.0013668255425246833 0.0011210594945270014 -0.0019571780493843069 0.0020157927361174012 -0.00012042732676292189 0.00016645442885176998 -0.00019091473796597924 -0.0022392600454589659 -0.0033870849388813349 0.0002274067971508664 0.0014188292866247742 -0.001317741866445976 -0.00010695200814919481 -0.00086691330588126723 0.0044093513037569655 1.7682444201234658e-05 -0.0021569895646365821 -0.015463538594842906 6.2904191703516688e-05 5.8800146764879099e-05
leaf_weight=89 56 185 986 3236 554 328 51 139 331 122 481 290 255 60 285 122 195 107 214 677 702 110 92 74 68 105 452 902 1158 138 465 95 85 190 262 201 432 153 96 335 163 404 307 1160 87 103 177 296 237 246 97 429 73 164 354 387 648 191 306 290 170 102
leaf_count=89 56 185 986 3236 554 328 51 139 331 122 481 290 255 60 285 122 195 107 214 677 702 110 92 74 68 105 452 902 1158 138 465 95 85 190 262 201 432 153 96 335 163 404 307 1160 87 103 177 296 237 246 97 429 73 164 354 387 648 191 306 290 170 102
internal_value=0.000656559 -0.00255523 0.00484563 0.00362564 0.00790304 -0.00591028 -0.00159673 -0.00371739 -0.00434975 -0.00495952 -0.00639048 -0.000819536 -0.00081176 0.00300759 0.00888728 -0.00151976 -0.00416345 -0.000681652 -0.000959609 -0.00333007 0.0082264 0.00646817 0.00174324 -0.010601 -0.00293706 -0.00048913 0.0001849 0.00295648 -0.00138139 0.00597403 0.00182195 -0.000483271 0.00153974 0.000893782 -0.0002127 -0.00397629 0.00264279 0.000176619 -0.00444809 -0.00502215 -0.00346988 -0.00458872 0.00261559 0.00330907 -0.00115854 0.006 0.00471229 0.00434603 -0.00629934 -0.00742405 0.000948034 -0.000967742 0.00320755 -0.00394444 -0.00404103 -0.00571056 0.00726129 0.00386943 -0.00532169 -0.00919737 -0.00463068 -0.00699721
internal_weight=21269 12039 9230 6784 855 2674 9365 2529 2375 2346 1743 603 6836 5929 345 5388 1296 4092 3985 2044 2446 1460 369 623 142 3771 3244 1171 2073 230 1448 806 301 385 1621 463 5584 1188 1675 1579 1244 1081 756 4396 245 154 642 603 911 789 711 526 158 269 1120 766 1350 313 543 379 527 357
internal_count=21269 12039 9230 6784 855 2674 9365 2529 2375 2346 1743 603 6836 5929 345 5388 1296 4092 3985 2044 2446 1460 369 623 142 3771 3244 1171 2073 230 1448 806 301 385 1621 463 5584 1188 1675 1579 1244 1081 756 4396 245 154 642 603 911 789 711 526 158 269 1120 766 1350 313 543 379 527 357
is_linear=0
shrinkage=0.03


Tree=63
num_leaves=63
num_cat=0
split_feature=20 10 10 12 9 22 14 16 0 11 18 14 11 22 19 12 15 26 26 24 18 25 25 22 27 15 15 12 21 15 15 26 12 27 0 14 14 21 22 27 11 14 23 0 15 21 6 12 14 26 26 12 26 0 27 27 25 0 25 10 26 27
split_gain=295.834 45.1003 41.362 22.9903 22.1006 21.7376 17.4202 17.2895 16.3863 16.0754 15.6725 13.7676 12.958 12.9327 12.3518 11.8813 15.2831 11.502 20.5644 11.1026 10.3854 9.79666 9.66448 14.437 14.1263 13.2798 11.0695 10.5361 10.3203 9.10508 8.65664 8.44132 9.49738 12.4226 15.4528 9.6456 9.04078 11.4266 9.5682 7.96681 7.7576 7.78145 7.50851 7.25711 8.05317 7.97496 7.12639 6.94847 7.47123 9.93723 9.66355 6.94142 12.5051 10.484 6.8901 7.88754 6.88094 6.87814 6.86666 6.84715 6.74849 6.68772
threshold=-8846.4499999999989 1776.1900000000003 4147.9050000000016 4468.7751488095246 999.25500000000011 3473.8936619543661 2193.0636641980013 5534.8400000000011 32.500000000000007 3290.4450000000002 8907.9000000000015 1932.5277498875937 3620.5300000000007 6066.6546999007942 15177.650000000003 4374.5211755952396 4450.2480729166682 4.8450000000000006 5.0750000000000011 12.650000000000004 8231.2500000000018 18.775000000000002 17.315000000000001 3205.0507390873022 -0.54999999999999882 3218.4991145833337 2546.3523437500003 2847.7894047619052 5723.041666666667 2917.2802604166673 4618.8766145833342 9.4200000000000017 3466.6465104166668 -0.099999999999999631 67.500000000000014 2683.0561397392562 2228.2830111595299 2403.3100000000004 3605.39212921627 0.70500000000000018 2856.5150000000008 1529.6337970990692 14.356250000000003 47.500000000000007 3053.4320833333336 3226.1033333333339 -0.84874750804349197 3671.8128348214291 3082.1551059940407 7.3250000000000011 6.9800000000000013 3037.0687425595238 7.4150000000000009 21.500000000000004 0.13499999999999981 0.23499999999999946 17.555000000000003 50.500000000000007 19.185000000000006 3713.1700000000005 8.0100000000000016 -0.63499999999999968
decision_type=2 2 2 2 2 2 2 2 2 2 2 2 2 2 2 2 2 2 2 2 2 2 2 2 2 2 2 2 2 2 2 2 2 2 2 2 2 2 2 2 2 2 2 2 2 2 2 2 2 2 2 2 2 2 2 2 2 2 2 2 2 2
left_child=1 4 6 9 5 -1 8 20 30 13 46 -4 60 17 -10 54 -17 -3 -19 21 -6 -5 23 29 -24 26 28 -26 -25 -20 42 32 -8 35 -35 -34 -33 -38 -39 -16 41 -29 -2 58 -45 -46 -9 57 50 -50 -49 52 -28 -53 -14 56 -56 -12 -11 -40 -13 -23
right_child=2 3 11 19 7 -7 31 10 14 43 47 12 15 -15 39 16 -18 18 22 -21 -22 61 24 25 27 -27 51 40 -30 -31 -32 36 33 34 -36 -37 37 38 59 -41 -42 -43 -44 44 45 -47 -48 48 49 -51 -52 53 -54 -55 55 -57 -58 -59 -60 -61 -62 -63
leaf_value=0.00059389714502538376 0.0005584014642745494 -0.001084926127660415 0.0042035165427432549 -0.003199751089170819 0.00094238635125524432 -0.012293140846750273 0.0017090542817177123 -0.0065759388517249648 0.0020487427378170506 -0.0002736555897272419 0.00044760395016230526 0.0012123029539621033 0.0036944544388125599 -0.0020656373509127723 0.00034497148046213065 9.4921851340226121e-05 0.002283380544307434 0.00076412598355134697 -0.00055166165282864547 0.0011664727098821093 -0.0010259664669664836 1.6835304755002945e-05 0.00123559954505426 -0.0017572187927795467 0.001105580364594587 -0.00081510045320720259 0.0023255630923893597 9.7215035649989007e-05 0.0026265059751416952 -0.0029785398261163729 -0.00029899153650445596 -0.0020615747648241546 0.0010120201457101085 -0.0004769859832660739 0.0010238281497563584 0.00022576300760457357 0.00065996491159747706 -0.00099450277369644629 -0.00020496811804040504 -0.00092540386151674704 0.00016093177868102158 -0.00028429987113264053 0.001697200538979935 0.0015616063256141111 -0.0010883273842608875 0.00051988216102671013 -0.0031250059266862439 7.511239214072596e-05 -0.0023535275504094778 0.00086436873626070997 -0.0075336668069448092 -0.0010497110685440702 0.0002520414591830322 0.00046767345043011052 0.0025898570583353562 0.002666503804052942 -0.00088560604963998195 -0.00064658288537588148 0.002596744810940077 0.0014661610953669779 -0.00090928920869258077 -0.0020455831372030798
leaf_weight=96 192 263 663 465 186 762 209 511 311 250 303 352 951 112 1170 426 556 254 173 75 170 186 100 388 116 928 118 570 40 208 59 72 616 469 233 1068 70 149 379 62 690 2653 629 349 48 106 315 57 81 121 150 78 320 174 56 258 104 314 42 100 109 139
leaf_count=96 192 263 663 465 186 762 209 511 311 250 303 352 951 112 1170 426 556 254 173 75 170 186 100 388 116 928 118 570 40 208 59 72 616 469 233 1068 70 149 379 62 690 2653 629 349 48 106 315 57 81 121 150 78 320 174 56 258 104 314 42 100 109 139
internal_value=0.000637544 -0.00248951 0.00465835 -0.00140233 -0.00562439 -0.00970896 0.00310416 -0.0040335 0.00504332 -0.000898384 -0.00519698 0.0072454 0.00632421 -0.00134637 0.00317681 0.00722577 0.0046999 -0.00118533 -0.000946998 -0.00604503 0.00201681 -0.00709229 -0.00127192 -0.00277389 -0.00038862 -0.00177333 0.000428954 -0.000666253 -0.00335664 -0.00812827 0.00830874 0.00170677 0.00252504 0.00198576 -0.00136558 0.00338279 -0.00105058 0 -0.00128776 0.00182482 -0.000931272 -0.00154932 0.00910584 0.00314698 0.00532738 -0.000387097 -0.00827086 -0.00271665 -0.0057439 -0.00162562 -0.00973558 0.00277858 0.00505695 -0.00118577 0.00903285 0.00579952 0.000559006 -0.000703883 -0.000614334 0.00078125 0.00172078 -0.00308282
internal_weight=21174 11911 9263 8845 3066 858 5788 2208 2423 7980 1852 3475 2812 7185 1543 2351 982 7073 6810 865 356 790 6556 2427 4129 2046 1118 4029 428 381 880 3365 2595 2386 702 1684 770 698 628 1232 3913 3223 821 795 503 154 826 1026 409 202 207 690 438 252 1369 418 160 617 292 479 461 325
internal_count=21174 11911 9263 8845 3066 858 5788 2208 2423 7980 1852 3475 2812 7185 1543 2351 982 7073 6810 865 356 790 6556 2427 4129 2046 1118 4029 428 381 880 3365 2595 2386 702 1684 770 698 628 1232 3913 3223 821 795 503 154 826 1026 409 202 207 690 438 252 1369 418 160 617 292 479 461 325
is_linear=0
shrinkage=0.03


Tree=64
num_leaves=63
num_cat=0
split_feature=9 9 10 14 17 14 7 11 11 17 21 22 8 17 11 25 8 24 26 4 24 25 17 14 12 26 22 11 25 21 17 17 12 14 10 17 10 11 20 12 26 26 10 8 17 14 8 14 23 9 18 17 14 14 26 15 25 17 21 19 5 16
split_gain=291.041 42.8366 40.8968 22.9711 21.7049 16.5972 23.5488 14.8071 13.51 13.0351 12.4461 12.0851 11.9201 14.1491 11.7734 11.5078 11.0629 11.0091 10.9095 10.1614 10.1045 10.0074 10.4465 9.29672 10.2917 12.0337 9.27723 9.14834 8.53703 8.19294 17.3416 8.07098 11.3861 15.8259 8.87889 8.43868 8.2772 7.77971 7.73549 10.5159 7.65811 14.2315 8.69989 8.64709 23.1935 17.544 12.0858 11.3259 9.72272 8.22423 8.91808 9.64583 8.72008 9.68165 9.58296 7.63588 7.55587 12.3975 7.53084 7.53024 7.45128 8.83706
threshold=3096.0550000000007 4999.6750000000011 983.6350000000001 2683.0561397392562 1001.6650000000001 2357.5230730408789 0.91248814248966237 2919.0500000000006 3149.5250000000005 2390.3400000000006 6308.463333333334 5849.073685515873 0.93469109537144635 1529.3950000000002 199.01000000000002 16.855000000000004 0.90070004940655357 13.05625 7.4350000000000014 1.0000000180025095e-35 0.75624999999999976 17.860000000000003 2000.5650000000003 1907.9963504114091 3390.2474181547623 7.6900000000000004 6066.6546999007942 4000.3050000000007 17.765000000000004 2631.3633333333337 1699.2100000000003 1447.825 4330.9977232142874 3795.6031328929225 3514.8150000000005 1500.4600000000003 4451.2400000000007 4574.0500000000011 -44763.149999999987 3059.9421130952387 4.7100000000000009 5.1300000000000008 1723.5900000000004 -0.36648370705903521 1933.0700000000004 2008.5686500466288 -0.039769286347669845 2152.2219207903777 33.48125000000001 2717.6050000000005 11837.650000000003 1008.6950000000001 2160.6081693800384 2268.8407918967318 11.325000000000001 2928.0587500000006 19.255000000000006 2227.6050000000005 3529.0516666666676 41250.100000000013 -0.32143946530316164 5281.1400000000003
decision_type=2 2 2 2 2 2 2 2 2 2 2 2 2 2 2 2 2 2 2 2 2 2 2 2 2 2 2 2 2 2 2 2 2 2 2 2 2 2 2 2 2 2 2 2 2 2 2 2 2 2 2 2 2 2 2 2 2 2 2 2 2 2
left_child=2 5 4 8 38 6 11 17 14 31 37 12 13 18 -4 -15 21 56 -2 60 -9 -17 29 -20 25 -25 40 -14 -18 -23 -31 32 34 -34 -7 -33 -37 -3 -1 -40 42 -42 -16 44 45 -43 -45 -47 49 50 51 -48 54 -54 -52 -27 -5 -58 -8 -19 61 -10
right_child=1 10 3 7 -6 9 58 20 19 -11 -12 -13 27 15 26 16 28 59 23 -21 -22 22 -24 24 -26 55 -28 -29 -30 30 -32 35 33 -35 -36 36 -38 -39 39 -41 41 43 -44 46 -46 47 48 -49 -50 -51 52 -53 53 -55 -56 -57 57 -59 -60 -61 -62 -63
leaf_value=-0.028109122750729344 0.0018761992074511279 0.0026241524421605788 -0.01059522997244931 -0.0032839901098552812 0.00013885634483285614 -3.0341001674294431e-05 0.0032160970324846259 -0.0038482100459866064 0.0021689523319108782 -0.00082185372468030588 5.9646429159787571e-06 0.003740987745239508 0.00061073619862976429 -0.0015797157561160623 0.00091779832776470725 0.0010592697824175089 -0.0014863704820123047 0.0011314785285856388 0.0031805423472942174 -0.002976224240575167 0.00011820311511620663 0.00066218319409639293 -0.00082612643196897648 -0.0014743975556726862 0.0016177945023971674 0.0031736425543985721 -0.0014879276728661539 0.0020046798037850165 0.00092644518606650901 -0.0014037191084700495 0.00029981864313966434 0.001795605127923192 -0.00047667231195823944 0.0024936611060661562 0.0013575487935590402 0.00045726440087483054 0.0016148830603388742 0.0052341460276885774 -0.0015104652960681352 -0.014455540221278658 0.00030253727847102675 -0.001787734625629378 -0.0013107930080300978 -0.0039722860007891199 -0.0042677781983860271 0.0026693558670005135 -0.0005698970317130136 0.00035907364804324435 0.00058367234446206058 3.1606060361433207e-06 8.684391925280366e-05 -0.00098490554403911183 -0.0013446377861474133 -0.00018777523630970626 -0.0028649695973472153 -0.00019045443831421148 0.0018630180487597279 -0.0016343188691556332 0.0011311145110344434 -0.0026687486867490893 8.7685175629710345e-05 0.00017589423499482669
leaf_weight=262 502 662 110 1377 167 460 400 100 192 218 130 203 532 71 44 299 145 115 69 78 506 184 108 92 219 129 152 270 40 104 530 83 433 77 509 985 320 928 159 388 450 169 242 223 119 132 943 505 185 1426 1291 1116 268 365 51 226 56 66 173 100 548 220
leaf_count=262 502 662 110 1377 167 460 400 100 192 218 130 203 532 71 44 299 145 115 69 78 506 184 108 92 219 129 152 270 40 104 530 83 433 77 509 985 320 928 159 388 450 169 242 223 119 132 943 505 185 1426 1291 1116 268 365 51 226 56 66 173 100 548 220
internal_value=0.000607717 0.00466216 -0.00243568 -0.00191973 -0.00832139 0.00366771 0.00487317 -0.00457561 -0.0012214 0.00198801 0.00892504 0.00399973 0.00358705 0.002637 -0.00164977 0.000657895 0.00125443 -0.006 0.00500404 0.0019923 -0.000543657 0.00228793 0.000744337 0.00266984 0.00157421 -0.00103795 -0.00150937 0.0067995 -0.00556452 0.00190476 0.000283465 0.00252615 0.000983108 -0.00264188 0.00289175 0.00416847 0.00357198 0.00965431 -0.0103519 -0.0082938 -0.00136056 -0.00116993 -0.00616725 -0.00151236 0.00118251 0.00301115 -0.0019373 0.00528997 -0.00166578 -0.00189526 -0.00258736 -0.00396845 -0.00114626 -0.00404574 0.00022338 0.00147472 -0.00691 0.000243902 0.0105314 0.000347222 0.00284079 0.00588378
internal_weight=21226 9101 12125 11149 976 7381 4296 2320 8829 3085 1720 3723 3520 2718 7791 1481 1410 1714 1237 1038 606 1225 926 735 666 447 7681 802 185 818 634 2867 1479 510 969 1388 1305 1590 809 547 7529 7243 286 6793 925 806 5868 637 5645 5460 4034 2059 1975 633 1342 355 1499 122 573 215 960 412
internal_count=21226 9101 12125 11149 976 7381 4296 2320 8829 3085 1720 3723 3520 2718 7791 1481 1410 1714 1237 1038 606 1225 926 735 666 447 7681 802 185 818 634 2867 1479 510 969 1388 1305 1590 809 547 7529 7243 286 6793 925 806 5868 637 5645 5460 4034 2059 1975 633 1342 355 1499 122 573 215 960 412
is_linear=0
shrinkage=0.03


Tree=65
num_leaves=63
num_cat=0
split_feature=10 9 9 1 14 24 20 1 20 25 11 10 14 21 21 1 10 1 27 27 27 12 12 27 14 24 15 15 15 19 0 11 7 27 14 14 20 20 15 24 14 14 11 7 25 1 11 15 17 1 21 27 27 19 12 16 15 27 1 15 10 15
split_gain=264.715 44.0818 29.8476 24.8458 20.7739 20.6036 18.9994 18.5147 16.529 16.2523 16.2211 15.3203 15.075 13.2588 12.1621 11.1488 10.7953 10.0151 11.0723 9.79708 11.5888 13.0299 10.3501 9.8105 9.33393 9.24042 9.07448 8.67475 11.0504 8.85814 8.2161 8.05839 8.04859 7.7716 7.62407 7.57016 7.34071 7.31284 7.12018 11.498 7.91547 6.76768 6.94407 6.6497 11.0624 6.58734 6.45348 6.42805 11.5596 10.5107 9.63062 6.56062 6.7234 6.3138 6.26996 7.97489 6.26062 6.14184 6.10743 6.03112 5.8202 6.04796
threshold=3141.8650000000002 1724.7200000000003 4999.6750000000011 3.5000000000000004 2493.4827235754797 2.0562500000000008 -15233.249999999998 5.5000000000000009 -42901.549999999996 19.125000000000004 2905.1100000000001 3849.1150000000002 1806.351718826437 6279.5700000000015 5115.4550000000008 5.5000000000000009 5471.670000000001 5.5000000000000009 0.49500000000000105 -0.73499999999999932 -0.064999999999999489 3614.8501711309532 4755.5608556547622 -0.8049999999999996 2745.9290338023225 9.5312500000000053 4840.2518229166681 6227.4083854166684 6463.2028645833334 40902.000000000007 38.500000000000007 3349.1600000000003 -0.99866806308218525 0.86500000000000032 2331.5714207999913 1951.0215830509285 -4163.3499999999995 -582.59999999999934 4521.6703125000013 10.1 2176.1906916533894 2428.3959881441001 4999.9650000000011 0.70517752626968588 18.765000000000004 1.5000000000000002 4574.0500000000011 2368.5494791666674 1008.6950000000001 5.5000000000000009 3162.7016666666673 0.81499999999999961 -0.43499999999999867 12399.150000000001 4263.5606994047621 9999.6750000000011 4071.6937500000004 0.79999999999999905 3.5000000000000004 3853.6221354166669 1755.1400000000003 3104.901875
decision_type=2 2 2 2 2 2 2 2 2 2 2 2 2 2 2 2 2 2 2 2 2 2 2 2 2 2 2 2 2 2 2 2 2 2 2 2 2 2 2 2 2 2 2 2 2 2 2 2 2 2 2 2 2 2 2 2 2 2 2 2 2 2
left_child=1 7 3 4 11 16 14 8 12 19 -11 -2 -1 35 25 26 45 32 30 23 34 59 -23 -5 -10 33 38 29 -29 54 -19 53 -8 43 -21 -4 -34 -36 40 -40 -16 -15 -43 44 47 -6 -37 50 49 51 -3 52 -49 -7 55 -26 58 -14 -42 -22 -45 -62
right_child=2 6 13 9 5 31 17 -9 24 10 -12 -13 57 41 15 -17 -18 18 -20 20 21 22 -24 -25 27 -27 -28 28 -30 -31 -32 -33 36 -35 37 46 -38 -39 39 -41 56 42 -44 60 -46 -47 -48 48 -50 -51 -52 -53 -54 -55 -56 -57 -58 -59 -60 -61 61 -63
leaf_value=0.00055675124719028796 0.000876392576365852 -0.0021436197478258822 0.0050692758816697301 0.00044989772009155436 -0.00086417086790719461 -0.00044242952024941217 -0.0036226153950814142 -0.032836977323200518 -0.00053618213386979357 -0.00031036739877636775 0.0021382039507591519 0.0031046386525511414 -0.0097324187536046384 0.00446922492136137 0.00034329634659794993 -0.01059694202884656 0.0012239978615919077 -4.6139162866891678e-05 0.001218794813723929 0.0014054871251890776 5.2029701989209085e-05 -0.00072354293633304591 0.00088681120373063744 -0.0022080108930614627 0.00056038271323602732 0.00085126954601713926 -0.0028369622481193525 0.0024774669770736765 -0.002544660997052839 -0.0092637210683131112 -0.0024685766653687311 0.001400436771092579 4.3790512426360451e-05 -0.0028774126830544986 0.0005760650876229078 0.0018063105578268956 0.00073503202717892788 -0.00020875432428956841 0.00078778736348330549 -0.0033285233366147971 -0.0010815186349577744 -0.0013509874799304633 0.00025169872604807964 0.00024814203038699741 0.000311057165173354 -3.8808891666324284e-05 0.0046597131254486786 -0.0016912364239270161 -0.00029561886205642818 -0.0060144896054646945 2.8416494668510594e-05 -0.0011295360417048394 0.00083743738407004997 0.00041661374641353886 -0.0044675757248534252 -0.0074824298838236198 -0.0044094819211176793 0.00012264822887255277 0.0011741223318210369 0.001137171322452719 9.9926686562561419e-05 -0.0017971572161385296
leaf_weight=71 1419 168 354 60 212 49 85 328 1078 141 486 1013 478 42 128 245 79 199 90 296 577 500 40 109 91 156 181 47 46 206 229 709 3057 138 495 474 489 273 209 46 228 50 57 107 177 247 702 44 2468 49 143 62 434 148 156 180 186 44 58 121 99 402
leaf_count=71 1419 168 354 60 212 49 85 328 1078 141 486 1013 478 42 128 245 79 199 90 296 577 500 40 109 91 156 181 47 46 206 229 709 3057 138 495 474 489 273 209 46 228 50 57 107 177 247 702 44 2468 49 143 62 434 148 156 180 186 44 58 121 99 402
internal_value=0.000610416 -0.00216377 0.00465045 0.00378495 0.00538561 0.00253287 -0.00123152 -0.00554109 -0.0046226 0.00178122 0.00609076 0.00707768 -0.00896465 0.00824107 -0.0023512 -0.0049259 -0.00211503 0.000314458 -0.00358382 0.00068568 0.00119844 -0.000774818 -0.00426987 -0.00626471 -0.00319114 -0.00160859 -0.00355834 -0.00581843 0.00271277 -0.00707413 -0.00559441 0.00529217 0.000871421 -0.00186976 0.00349296 0.0090725 0.00109106 0.00191157 -0.00226051 0.00193359 -0.00404326 -0.0003 -0.00430556 -0.00163577 -0.0011379 -0.00388043 0.00790144 -0.00152271 -0.00110366 0.00266949 -0.005625 0.0038817 0.00507307 -7.57576e-05 -0.00459112 -0.00181985 -0.0058351 -0.0107266 -0.00303136 0.00193133 -0.00453202 -0.00588645
internal_weight=21255 12602 8653 6974 3876 1444 9877 2725 2397 3098 627 2432 593 1679 5728 1281 538 4149 518 2471 2302 1238 540 169 1804 4447 1036 726 93 633 428 906 3631 4291 1064 1530 3546 768 855 255 600 149 107 4153 3545 459 1176 3368 3057 589 311 540 478 197 427 271 472 522 286 698 608 501
internal_count=21255 12602 8653 6974 3876 1444 9877 2725 2397 3098 627 2432 593 1679 5728 1281 538 4149 518 2471 2302 1238 540 169 1804 4447 1036 726 93 633 428 906 3631 4291 1064 1530 3546 768 855 255 600 149 107 4153 3545 459 1176 3368 3057 589 311 540 478 197 427 271 472 522 286 698 608 501
is_linear=0
shrinkage=0.03


Tree=66
num_leaves=63
num_cat=0
split_feature=9 9 9 9 1 10 12 10 1 8 25 27 21 25 4 5 27 10 12 10 7 0 12 0 8 20 25 7 12 15 1 0 15 14 12 0 15 12 12 1 27 1 19 27 8 25 15 2 27 27 14 23 12 9 10 0 12 18 27 27 12 15
split_gain=262.306 44.2712 32.0983 18.8436 18.2352 19.687 19.53 17.6259 14.5336 25.647 18.0391 13.1947 13.0421 12.593 11.949 13.1175 11.033 10.9081 10.4573 10.4329 10.0374 9.57007 9.22136 8.87161 8.7733 8.49165 8.90952 8.4901 8.25072 8.51427 7.89325 12.7048 7.86046 8.09949 7.8861 7.515 14.6141 7.46759 7.22031 7.07236 8.24202 7.05517 7.01609 6.85715 10.3181 11.1579 6.7883 6.76544 6.69569 7.57135 6.72161 6.38709 6.84972 6.34639 6.24672 6.21204 7.75753 6.08512 5.96986 6.85882 9.26136 8.3398
threshold=3065.8000000000006 999.25500000000011 4997.6400000000003 2496.7300000000005 3.5000000000000004 3473.5650000000005 4482.8633110119054 1072.4350000000002 5.5000000000000009 0.063390085881955341 17.265000000000004 0.17500000000000074 6489.6816666666673 19.225000000000005 1.0000000180025095e-35 -0.41248606129204551 0.11999999999999923 3713.1700000000005 2930.060297619048 1979.345 -0.23537230790205757 25.500000000000004 2930.060297619048 34.500000000000007 -0.97917132487589142 -45891.44999999999 14.795000000000002 -0.99275805973510278 2792.9020610119055 5604.4479687500007 3.5000000000000004 35.500000000000007 2368.5494791666674 1082.6688227191464 6551.5072767857146 23.500000000000004 3246.4984375000008 2730.3303943452388 4977.7579687500011 5.5000000000000009 -0.49000000000000016 1.0000000180025095e-35 18451.750000000004 0.18499999999999875 0.65720762023595369 17.075000000000003 4189.9605729166678 11.500000000000002 -1.0000000180025095e-35 -0.074999999999999276 2146.2998744337751 27.956250000000008 6551.5072767857146 6001.3250000000007 4092.1800000000007 78.500000000000014 3390.2474181547623 13326.100000000002 -0.73499999999999932 -0.064999999999999489 4252.5792038690488 4618.8766145833342
decision_type=2 2 2 2 2 2 2 2 2 2 2 2 2 2 2 2 2 2 2 2 2 2 2 2 2 2 2 2 2 2 2 2 2 2 2 2 2 2 2 2 2 2 2 2 2 2 2 2 2 2 2 2 2 2 2 2 2 2 2 2 2 2
left_child=1 7 4 8 5 16 35 -1 14 -10 23 19 39 28 15 18 24 30 -3 27 -8 46 -12 -11 -2 -17 -27 -9 -6 58 37 -32 33 -28 -34 36 -7 -5 -22 40 51 -37 -43 47 -45 -46 -15 48 49 -39 55 52 -4 -41 -48 56 -50 -44 -30 60 -60 -61
right_child=2 3 12 17 13 6 20 11 9 10 22 -13 -14 21 -16 25 -18 -19 -20 -21 38 -23 -24 -25 -26 26 32 -29 29 -31 31 -33 34 -35 -36 41 -38 43 -40 53 -42 42 57 44 45 -47 54 -49 50 -51 -52 -53 -54 -55 -56 -57 -58 -59 59 61 -62 -63
leaf_value=-0.012002260954194544 0.0018345448117740393 0.0010140837904104715 -0.0010248872358501158 -0.0011018999651981965 0.0018561105249942321 -0.00031743377855949714 0.0015990180098100204 0.0003096143009859986 -0.010389887942899696 0.00015344162852760411 0.0016240077743640002 0.0011698377439519935 -0.00038135293829226312 0.0031181546310122244 -0.0046400312770230202 -0.0088225607103206271 0.00071238824826817641 0.0020699388419271789 -0.00015068311342438355 0.00034369688716406443 -0.00074059346151590156 0.00037456522796344591 -8.3784199214136381e-05 -0.031952553187630364 -2.2537985026311878e-05 0.001326149267846457 -0.00017327362780729326 -0.013700621021934914 -0.00069687390916644881 0.0017707009119121153 2.6984763279997991e-05 -0.00091873513254720146 -0.00038428656923198188 -0.0029982620432717111 -0.002539988767592156 0.0051423669684342596 0.0015392660239154131 -1.1447997387179498e-05 0.00043273611569800253 0.00028133082939049811 0.0048858027938097504 0.0017216519817811005 0.0018267989247504346 0.0009573597115066023 -0.0029193795228646467 0.00019862614370282471 -5.7035257410724679e-05 0.0002319373446378492 -0.0016558344001550472 0.0019787217407671066 -0.00085906687012472283 0.0062020316758357634 0.0053935227715508202 0.0030713238970731371 0.00230694026066959 0.0011859523664031889 1.7113326558755304e-05 -0.00011074413493100899 0.00094765774670429786 3.7609797671400714e-06 -0.00012384135670620466 -0.00078493262009663659
leaf_weight=630 44 298 100 147 163 165 153 46 394 48 70 110 84 157 308 57 663 130 1178 118 152 227 266 143 974 81 88 182 139 85 929 964 3312 180 46 455 367 789 142 169 964 798 54 202 52 441 81 287 44 84 294 102 40 336 54 58 124 142 667 1246 377 134
leaf_count=630 44 298 100 147 163 165 153 46 394 48 70 110 84 157 308 57 663 130 1178 118 152 227 266 143 974 81 88 182 139 85 929 964 3312 180 46 455 367 789 142 169 964 798 54 202 52 441 81 287 44 84 294 102 40 336 54 58 124 142 667 1246 377 134
internal_value=0.000568081 -0.00233782 0.00437574 -0.00176759 0.00350605 0.00484307 0.00657061 -0.00811408 -0.00280757 -0.0062961 -0.00196023 -0.0036105 0.00797606 0.0018553 -0.00222743 -0.00188895 0.00234542 -0.000287066 0.000507786 -0.00648415 0.000904018 0.00614423 0.00222552 -0.00929687 0.000382728 -0.00282869 -0.00264968 -0.0102183 0.00106152 0.000656852 -0.000540082 -0.0020037 -0.00287014 -0.00780669 -0.00247395 0.00784813 0.00478424 0.000558859 -0.00233898 0.00854264 0.00979287 0.00896897 0.00753769 0.000965909 0.00346983 0.00112348 0.00972696 -7.13861e-05 -0.000936155 0.000669336 -0.00362764 0.00481481 0.000638298 0.00554348 0.00474265 0.000264317 -0.00266272 0.00243655 0.000345164 0.000692784 0.00252632 -0.000695148
internal_weight=21334 12100 9234 11014 7439 4109 2428 1086 6469 921 527 456 1795 3330 5548 5240 1681 4545 1476 346 447 519 336 191 1018 3764 3707 228 2811 2648 4415 1893 3626 268 3358 1981 532 2522 294 1711 1206 1449 994 2375 695 493 292 1680 1393 873 520 242 140 505 135 226 168 196 2563 2424 1044 1380
internal_count=21334 12100 9234 11014 7439 4109 2428 1086 6469 921 527 456 1795 3330 5548 5240 1681 4545 1476 346 447 519 336 191 1018 3764 3707 228 2811 2648 4415 1893 3626 268 3358 1981 532 2522 294 1711 1206 1449 994 2375 695 493 292 1680 1393 873 520 242 140 505 135 226 168 196 2563 2424 1044 1380
is_linear=0
shrinkage=0.03


Tree=67
num_leaves=63
num_cat=0
split_feature=10 10 10 1 20 12 17 14 14 22 22 20 17 7 17 27 17 18 17 27 17 17 14 14 27 27 27 22 21 14 1 14 23 27 22 18 14 27 7 16 27 22 27 1 17 21 14 11 25 0 17 16 17 16 23 11 18 4 1 9 5 14
split_gain=246.098 48.1931 32.1098 23.5689 23.3872 22.5731 20.8511 15.7415 15.4399 13.5381 11.8795 11.0162 11.1203 10.6596 11.057 10.4629 10.3114 9.49044 9.3819 9.46002 9.19305 8.99514 8.90064 7.86905 9.40085 11.9217 10.3997 9.14536 11.3004 7.94691 7.6503 9.42804 7.61064 7.48352 8.16469 9.82837 7.47485 7.28957 13.6233 13.2409 11.4301 10.3074 12.5984 9.51336 9.15666 12.6799 8.14915 7.97537 8.73355 7.05071 7.03266 6.98362 6.95026 6.81503 7.281 6.51309 6.47341 6.41959 8.44943 7.62455 7.44301 6.41637
threshold=3141.8650000000002 1005.1400000000001 4147.9050000000016 5.5000000000000009 -15233.249999999998 4343.9925372023818 999.88000000000011 2683.0561397392562 2193.0636641980013 5608.1635453869048 6049.0775074404764 -33362.499999999993 1235.4450000000004 -0.69057362043749781 1651.5800000000002 -0.21499999999999983 1016.2300000000001 15498.150000000003 1688.9750000000001 -0.21499999999999983 1699.1400000000001 1447.825 2993.2841403946236 2944.7961131733878 -1.0000000180025095e-35 -0.30999999999999955 -0.32999999999999913 3939.9888963293656 2233.9550000000004 2677.8074745299496 5.5000000000000009 2071.4513833454089 33.906250000000007 -0.32499999999999923 5471.3478224206356 12004.300000000001 2964.0152655671013 -0.015000000000000567 -0.9905448150984083 9999.6750000000011 0.094999999999998877 3997.0178794642857 0.96499999999999997 1.5000000000000002 1842.2250000000001 4836.9133333333339 2152.2219207903777 1907.3200000000004 20.020000000000003 24.500000000000004 643.59500000000014 8199.3100000000031 1699.3600000000004 5515.1000000000013 28.856250000000006 1650.0200000000002 5764.4500000000007 1.0000000180025095e-35 3.5000000000000004 5070.7600000000011 -0.81241147629689037 2493.4827235754797
decision_type=2 2 2 2 2 2 2 2 2 2 2 2 2 2 2 2 2 2 2 2 2 2 2 2 2 2 2 2 2 2 2 2 2 2 2 2 2 2 2 2 2 2 2 2 2 2 2 2 2 2 2 2 2 2 2 2 2 2 2 2 2 2
left_child=1 6 8 5 7 57 -1 37 13 21 23 -9 55 16 -15 -16 -2 49 -19 -20 -14 36 -8 24 25 26 32 28 -26 -27 56 -32 53 34 35 -22 -7 38 39 -3 46 42 61 -43 47 -46 -39 48 52 -5 -30 -17 -40 54 -10 -13 -6 58 -4 -60 -59 -42
right_child=2 4 3 17 30 9 22 11 10 -11 -12 12 20 14 15 51 -18 18 19 -21 33 -23 -24 -25 27 29 -28 -29 50 -31 31 -33 -34 -35 -36 -37 -38 40 44 -41 41 43 -44 -45 45 -47 -48 -49 -50 -51 -52 -53 -54 -55 -56 -57 -58 60 59 -61 -62 -63
leaf_value=-0.0096927265869049869 0.00090671268346719457 0.00051796488968871126 0.0051776110635275603 0.0012519952760359488 -0.0023610681789722676 -0.00037709744408298107 0.00026804587095439201 -0.0092374010844944055 -0.0013210308155211692 -0.0018253982470523677 -0.0011691321944508103 0.00074875092394145249 -0.0052237895702024507 0.0022956534469784273 0.0040108890861152878 0.0021859231153852575 -0.001101306436972962 0.0024129054254955129 0.002982136258174002 -0.00039068226965413008 0.0010443409155846605 0.0016248298522559866 -0.0059798141736644352 -0.00015201357263329383 0.0005548004613548052 0.0019436014421469316 -0.0014316775473774391 0.0011153115225050758 0.0011148886347528996 0.00037820033344519109 0.00012514248449209118 -0.0017418695927961458 -0.0016784399817420415 -0.002912493938543852 -0.0014826270720690671 -0.001097802777795258 0.0021810416482678538 1.67585026330741e-05 0.0001699446370032609 -0.029584000214566371 -0.00031505707714384989 0.0012206811495840152 -0.0036828752321363331 -2.5569890094825352e-05 8.995112784666581e-05 -0.0053359494951640846 -0.0018716544201569185 0.000962164929592797 -0.0014712347276543314 -0.0006415992449970531 -0.00067352157358127054 0.00034066306803135047 0.002009630371740072 0.00071998559495529686 0.00090994638979872804 -0.0012525480627547214 0.00012275777364429972 -0.0036766230778871997 0.0010417822036062319 0.0044768075645652593 0.0031737626561026211 0.0016890384407380931
leaf_weight=961 275 117 1077 79 43 133 255 194 89 68 75 158 415 568 87 71 122 205 93 224 109 638 93 525 44 355 76 171 72 236 237 273 51 67 72 80 43 123 234 164 3410 81 98 135 271 89 381 360 140 285 496 856 62 896 45 401 3562 51 393 272 61 52
leaf_count=961 275 117 1077 79 43 133 255 194 89 68 75 158 415 568 87 71 122 205 93 224 109 638 93 525 44 355 76 171 72 236 237 273 51 67 72 80 43 123 234 164 3410 81 98 135 271 89 381 360 140 285 496 856 62 896 45 401 3562 51 393 272 61 52
internal_value=0.000624006 -0.00205214 0.00449674 0.00665747 -0.00142201 0.00803434 -0.0075 -0.00245148 0.00296419 0.00407701 0.0016523 -0.00519038 -0.00419033 0.00503788 0.00614024 0.00425616 0.000640704 0.00240135 0.00499044 0.00174528 -0.00659274 0.00515337 -0.00120344 0.00194308 0.00263626 0.00385935 0.00208549 -9.56633e-05 -0.00181077 0.00732264 0.000382653 -0.00305284 0.00284196 -0.00282675 -0.000515267 0.00276316 -0.000847458 -0.001734 0.000114743 -0.00579787 -0.00235459 -0.00178713 -0.00217355 0.00456221 0.00155575 -0.00240997 -0.00659406 0.00335006 0.000617849 -0.00131507 -0.00295255 0.00331358 0.00353535 0.00340446 -0.00288889 -0.000991071 0.000869384 0.00991375 0.0103614 0.00768018 0.00292035 -0.00187121
internal_weight=21369 12637 8732 3622 11328 2736 1309 7213 5110 882 3131 1496 1302 1979 1582 1014 397 886 522 317 743 814 348 3056 2531 1748 1157 783 612 591 4115 510 1081 328 261 189 176 5717 1437 281 4280 3776 3560 216 1156 360 504 796 436 364 568 927 296 1030 134 559 3605 1854 1742 665 112 3462
internal_count=21369 12637 8732 3622 11328 2736 1309 7213 5110 882 3131 1496 1302 1979 1582 1014 397 886 522 317 743 814 348 3056 2531 1748 1157 783 612 591 4115 510 1081 328 261 189 176 5717 1437 281 4280 3776 3560 216 1156 360 504 796 436 364 568 927 296 1030 134 559 3605 1854 1742 665 112 3462
is_linear=0
shrinkage=0.03


Tree=68
num_leaves=63
num_cat=0
split_feature=10 20 10 14 1 14 12 6 20 26 26 12 1 11 27 22 1 0 27 27 27 26 14 22 22 27 14 10 7 22 15 1 7 14 14 12 12 20 7 25 27 22 22 1 6 2 22 12 15 14 16 12 27 14 6 6 15 0 11 25 27 26
split_gain=239.538 42.6448 31.1882 29.9789 23.1577 17.4804 16.9298 15.9218 15.2706 14.3747 13.2478 12.6524 11.3747 12.7025 11.1784 10.2276 9.28306 21.4139 9.6711 9.69015 10.4328 11.9886 11.3096 15.4694 11.2845 11.256 9.93812 9.40489 9.11059 9.03405 8.89926 8.81388 10.7032 9.72637 11.2992 8.55767 8.57663 10.3214 8.03775 8.71584 7.89301 11.4318 10.6594 7.72563 7.61283 7.54295 7.51968 7.58593 7.51079 7.36034 7.20462 11.9192 7.17994 7.15274 7.14191 6.80501 6.76716 7.0044 6.74527 6.67493 6.49879 6.93732
threshold=3141.8650000000002 -43995.999999999993 4321.8050000000012 2683.0561397392562 5.5000000000000009 2198.9915703426987 4374.5211755952396 -0.77259657388510605 -8655.3499999999967 7.6000000000000005 10.075000000000001 3137.8573511904765 1.0000000180025095e-35 4239.380000000001 -0.31000000000000133 6049.0775074404764 5.5000000000000009 33.500000000000007 0.98499999999999954 -0.60500000000000032 -0.015000000000000567 9.1250000000000018 2071.4513833454089 4998.3548239087313 3377.8464980158737 0.31000000000000055 2538.2877960432702 299.77500000000003 -0.82897401153126982 3099.142881944445 4521.6703125000013 3.5000000000000004 0.23014236637527921 2693.4448096162669 2331.5714207999913 4728.1855208333345 3326.3268973214294 7774.4000000000005 0.97696484778429815 16.705000000000002 -0.04500000000000081 5397.2726190476196 5729.9220684523816 5.5000000000000009 -0.9733555533461492 6.5000000000000009 3168.6151240079366 3886.5781845238103 4450.2480729166682 3997.1497301967561 5757.4650000000011 4263.5606994047621 0.21499999999999989 2868.200958988587 0.032701564615071219 0.68322629814330826 4840.2518229166681 19.500000000000004 3300.1350000000007 15.095000000000001 -0.5400000000000017 7.6900000000000004
decision_type=2 2 2 2 2 2 2 2 2 2 2 2 2 2 2 2 2 2 2 2 2 2 2 2 2 2 2 2 2 2 2 2 2 2 2 2 2 2 2 2 2 2 2 2 2 2 2 2 2 2 2 2 2 2 2 2 2 2 2 2 2 2
left_child=1 9 5 8 6 12 -4 10 16 11 49 -1 59 14 -14 31 18 52 19 -3 22 26 23 -21 25 46 44 -24 -16 -19 -26 32 33 34 -7 36 -6 -38 39 -9 41 -33 53 -41 45 -22 -23 -48 55 50 51 -5 -18 -43 -10 -8 57 -29 -35 -2 -56 -62
right_child=2 3 4 7 35 15 48 38 54 -11 -12 -13 13 -15 28 -17 17 29 -20 20 21 24 27 -25 30 -27 -28 56 -30 -31 -32 40 -34 58 -36 -37 37 -39 -40 43 -42 42 -44 -45 -46 -47 47 -49 -50 -51 -52 -53 -54 -55 60 -57 -58 -59 -60 -61 61 -63
leaf_value=0.00018381899181905579 -0.00022714625077250084 -0.0028165377440461281 0.0039442193885444428 0.001018995972787291 0.0026143126766145384 0.00049167521225652595 0.00073463278913619588 -0.0013903462017731093 1.3850684788749844e-05 -0.016539025372998058 -0.021630468474114064 -0.053644595339409219 0.0024794177088070767 0.0026835061507280945 -0.0010721946268459881 -0.0010147723852072144 -0.00026034453716303749 0.00044950700771658077 -0.00325444179759339 0.00054839919398194323 -0.00061598223954170803 0.00067305823203579252 -0.0065877281755283151 -0.0017190988335946855 0.00021214336760611019 0.00082257454160220337 -0.0037354470221171708 8.8631694601071233e-06 0.00037381602174286322 -0.0034351957327358072 0.0024714670863706621 0.00069015582594595054 -3.0642270667833316e-05 -0.00031653291922447476 0.0026155317048338666 0.0023212459353555912 -0.00062235126764715427 0.0018289548145797062 -0.0027333172320296306 0.00026053080387513196 -0.00059912565723763578 -0.00081482575738679231 0.0019739201276725636 -0.0053328509583818245 -0.00029729096534957477 0.00058040596791007813 -0.00017759736939726878 -0.0044709263874129143 0.0016385763880987358 0.0008772530146230295 -0.002810227251223929 -0.0037302721408212667 0.00041210103364256676 0.00045455572461183813 -0.0035341133238218966 -0.00056101645673871652 -0.00050972538379756571 0.00089675311781076236 0.00060095253750563232 0.0031373834253893128 0.000162812238948149 0.0014272756219339655
leaf_weight=146 44 176 1631 71 162 326 165 325 629 379 196 63 162 320 102 90 191 74 53 209 148 71 52 288 361 92 59 312 1274 636 89 625 527 121 288 130 343 166 89 784 409 226 67 124 3572 235 343 97 396 41 942 99 250 122 40 115 96 832 612 290 175 306
leaf_count=146 44 176 1631 71 162 326 165 325 629 379 196 63 162 320 102 90 191 74 53 209 148 71 52 288 361 92 59 312 1274 636 89 625 527 121 288 130 343 166 89 784 409 226 67 124 3572 235 343 97 396 41 942 99 250 122 40 115 96 832 612 290 175 306
internal_value=0.000536542 -0.00210066 0.00436367 -0.00171546 0.00677388 0.00302622 0.00829939 -0.00451909 -0.000917226 -0.00998302 -0.00681111 -0.00364286 0.00511628 0.0041958 0.00306043 0.00168278 -0.00136943 -0.00386719 -0.000963167 -0.000865918 -0.000686889 -0.0013822 0.00128212 -0.00256024 0.00146584 -0.00121689 -0.00212951 0.00276102 0.00217865 -0.00708861 0.00505543 0.00195397 0.003312 0.00472923 0.0075122 0.00237531 0.00100446 -0.000911765 -0.00217687 -0.00154376 0.000196552 0.00158501 -0.00227163 -3.30033e-05 -0.00194515 0.00207031 -0.00295898 -0.00442177 0.00429838 -0.00557626 -0.00603774 -0.000350877 0.00132353 -0.00438395 0.00231972 0.000533808 0.00328767 0.00393013 0.00239101 0.010209 0.00491379 0.00588174
internal_weight=21358 12645 8713 12057 3108 5605 2307 2671 9386 588 1349 209 2192 1858 1538 3413 8236 1151 7085 7032 6856 5067 1789 497 1053 603 4014 1292 1376 710 450 3323 1874 1347 614 801 671 509 1322 1233 1449 1040 415 908 3955 383 511 440 676 1153 1112 170 441 348 1150 280 1240 1144 733 334 521 481
internal_count=21358 12645 8713 12057 3108 5605 2307 2671 9386 588 1349 209 2192 1858 1538 3413 8236 1151 7085 7032 6856 5067 1789 497 1053 603 4014 1292 1376 710 450 3323 1874 1347 614 801 671 509 1322 1233 1449 1040 415 908 3955 383 511 440 676 1153 1112 170 441 348 1150 280 1240 1144 733 334 521 481
is_linear=0
shrinkage=0.03


Tree=69
num_leaves=63
num_cat=0
split_feature=9 10 9 17 14 27 26 15 21 12 7 11 20 11 14 14 27 25 26 15 15 27 27 21 11 7 23 11 5 20 0 15 27 12 5 25 12 17 27 17 11 7 27 26 26 26 7 26 17 25 26 8 23 14 27 17 12 15 15 12 17 17
split_gain=217.558 40.5378 37.0758 19.968 17.5167 15.3459 17.1101 23.2795 14.3128 14.3017 20.3845 15.5982 11.9072 11.4767 11.1502 10.7879 12.0715 16.8843 17.7963 16.4037 13.1372 12.3458 12.0692 10.6827 10.4168 10.2644 10.238 14.1099 10.0306 9.76255 10.06 10.4895 9.69853 11.4088 9.60665 9.30143 9.11784 9.23111 9.10791 8.97368 8.82477 10.4232 8.65923 8.37419 10.2572 8.85413 8.54664 8.24143 10.4984 11.4353 10.202 10.0446 9.71958 7.90214 13.591 8.68862 7.85967 7.75212 7.67241 7.73087 7.49274 7.55226
threshold=3000.8550000000005 1005.1400000000001 4997.6400000000003 915.37500000000011 2693.4448096162669 -0.015000000000000567 9.6200000000000028 2957.5646875000002 6388.0133333333342 4330.9977232142874 0.89404822654372251 3990.8600000000001 -33362.499999999993 2856.5150000000008 2732.6387252257637 2146.2998744337751 0.26500000000000062 18.140000000000004 7.6000000000000005 3176.3744791666672 3436.2423958333338 0.10000000000000055 0.18499999999999875 3247.0100000000002 1300.5250000000003 0.37744852145085445 24.818750000000005 2790.2050000000004 -0.60876142900872077 -41248.099999999991 24.500000000000004 2618.3751041666669 -0.82000000000000017 6326.3696056547624 -0.1628082571180898 16.885000000000002 2403.1317410714291 1320.8200000000004 0.19500000000000031 99.530000000000015 4574.0500000000011 0.90162119223771331 0.96499999999999997 7.1750000000000016 7.2550000000000008 7.5400000000000009 -0.50556189049999822 8.0100000000000016 1750.4250000000002 17.175000000000004 7.9150000000000009 -0.99486055365577253 20.681250000000002 2810.6131882632003 -0.40999999999999831 1100.0250000000003 3118.0854166666672 3053.4320833333336 3997.2715104166668 3586.5482440476194 2080.0600000000004 1989.7750000000003
decision_type=2 2 2 2 2 2 2 2 2 2 2 2 2 2 2 2 2 2 2 2 2 2 2 2 2 2 2 2 2 2 2 2 2 2 2 2 2 2 2 2 2 2 2 2 2 2 2 2 2 2 2 2 2 2 2 2 2 2 2 2 2 2
left_child=1 3 9 39 5 6 13 29 40 10 11 42 -6 43 -14 16 20 18 28 -19 21 34 24 -21 -17 35 -16 32 -18 -8 31 -31 33 -28 -7 57 -30 -38 -24 -1 41 -4 47 46 -45 -46 -3 48 49 -2 60 -51 -49 -5 55 -55 -40 -13 -22 -60 61 -50
right_child=2 4 8 53 12 15 7 -9 -10 -11 -12 25 14 -15 26 22 17 19 -20 23 58 -23 38 -25 -26 -27 27 -29 36 30 -32 -33 -34 -35 -36 -37 37 -39 56 -41 -42 -43 -44 44 45 -47 -48 52 50 51 -52 -53 -54 54 -56 -57 -58 -59 59 -61 -62 -63
leaf_value=0.00098119566266015919 0.00050567679139503776 -0.0042453253460576863 0.0010846281523250222 0.00023033250977807284 -0.0085519469794967766 0.00067105012443065878 -0.0090548913407558201 -0.0095760893078392414 -0.0002761047454187082 0.00010486559139327056 0.0021630978709444638 0.0026662377907921099 -0.0031221146148725817 0.00066442666870890398 -0.0033182885871070856 -0.0088640518963454436 0.00050483248175915208 0.00085478506148062294 -0.0033073573686558297 0.00013267096826967694 -0.00022482565759291085 0.0010750087593500801 0.0011717084640772944 -0.0011338282668204912 -0.00069202362653002941 0.0002614867487862149 -0.0033389495114243451 0.00041826193662938046 -0.0019661509954911603 -0.0018989969691051822 0.0011964099990862565 0.00071848125956693206 -0.001456776452053945 0.0021887829203342157 -0.0014373727047865348 0.0020527898132604071 0.00014335424195550671 -0.0007135500913758719 0.0024083839213147273 -0.012457144977882679 0.0044937065759305559 0.0037244451638567531 -0.0012055628645905436 0.0017838910229829529 -0.0015510275973362386 0.00052129323975100392 1.5780223444776809e-05 0.00048409047104902569 1.4692605825663562e-05 -0.00034370185818056954 0.0020414206312126559 0.0019047651585626735 -0.00014992673053888515 0.00096477372962658228 -0.011845590515945376 -0.0015632826007755617 -0.00029293873478218211 -0.000212345377056371 0.0011032844622417403 -0.00011941163706969071 0.00034757272053196784 -0.001733029136609474
leaf_weight=45 560 79 468 242 181 69 56 191 112 1737 746 241 212 354 151 141 249 303 194 236 601 420 45 374 1302 326 42 426 167 77 193 65 930 71 131 713 432 735 48 785 959 269 43 97 93 574 390 443 418 60 92 468 1032 64 114 50 566 188 80 90 630 148
leaf_count=45 560 79 468 242 181 69 56 191 112 1737 746 241 212 354 151 141 249 303 194 236 601 420 45 374 1302 326 42 426 167 77 193 65 930 71 131 713 432 735 48 785 959 269 43 97 93 574 390 443 418 60 92 468 1032 64 114 50 566 188 80 90 630 148
internal_value=0.000507998 -0.00224884 0.00383934 -0.00724058 -0.00162213 -0.0010164 0.00115438 -0.00324185 0.00771144 0.00294609 0.00362907 0.00298154 -0.00413357 0.00276763 -0.00340426 -0.00177798 -0.000878246 -0.00205128 -0.00375422 0.00126368 0.00139009 0.00463768 -0.00352354 -0.00157119 -0.00505886 0.00561607 -0.00255398 -0.00178571 -0.00269886 0.000956633 0.00290179 -0.00314685 -0.00366379 0.00460526 -0.00149254 0.00695538 -0.00373034 -0.00278682 -0.000159091 -0.0100361 0.00839717 0.00591463 0.00198716 0.00139789 0.00333333 0.0019985 -0.00175532 0.00213785 0.00323096 0.00539945 0.00139643 0.00856333 0.000376016 -0.00229299 -0.00628821 0.00104348 -0.00112195 0.00345349 -0.00122409 0.00438596 0.000651629 -0.00185185
internal_weight=21318 11665 9653 1300 10365 8352 2169 582 1808 7845 6108 5362 2013 1587 1832 6183 4081 2690 1777 913 1391 620 2102 610 1443 1468 1620 1469 1583 391 335 142 1043 113 200 1142 1334 1167 659 830 1696 737 3894 1233 764 667 469 3851 2376 1088 1288 528 1475 470 228 114 614 429 771 170 1196 566
internal_count=21318 11665 9653 1300 10365 8352 2169 582 1808 7845 6108 5362 2013 1587 1832 6183 4081 2690 1777 913 1391 620 2102 610 1443 1468 1620 1469 1583 391 335 142 1043 113 200 1142 1334 1167 659 830 1696 737 3894 1233 764 667 469 3851 2376 1088 1288 528 1475 470 228 114 614 429 771 170 1196 566
is_linear=0
shrinkage=0.03


Tree=70
num_leaves=63
num_cat=0
split_feature=9 20 9 1 24 1 20 26 22 8 7 15 1 22 4 26 7 22 1 5 22 21 15 2 21 23 22 17 5 26 7 25 15 27 15 15 17 15 17 27 26 26 27 27 22 22 27 19 25 27 25 18 26 7 18 17 15 11 11 21 21 27
split_gain=216.815 40.7318 30.3868 22.6158 29.2701 18.476 17.1658 16.13 14.1216 13.968 13.9646 15.3253 17.0179 12.5106 11.5625 12.0422 16.3742 11.3894 11.9017 11.1371 12.1441 11.1217 10.7078 10.4889 10.3342 14.4305 13.0521 10.2348 9.99195 9.61831 9.46503 10.4382 18.0433 9.45057 9.21043 8.94237 19.9341 14.1491 13.9294 11.7817 10.3129 15.6727 12.4446 13.2642 9.64878 9.62438 8.88982 8.82913 8.60563 8.54002 8.19111 8.17946 8.08728 8.0093 7.95104 7.92209 7.59902 11.1366 7.93666 7.42598 7.20986 7.00232
threshold=3065.8000000000006 -44763.149999999987 4997.6400000000003 5.5000000000000009 3.4000000000000008 1.0000000180025095e-35 -15533.799999999997 10.600000000000001 5840.0669791666678 0.38838672039864403 0.90162119223771331 4900.826822916667 4.5000000000000009 5197.1911024305564 1.0000000180025095e-35 8.6900000000000031 0.98522604642031408 3562.9400644841276 2.5000000000000004 -0.065403129230142812 5767.4325905257938 3321.4400000000005 3552.2463541666671 6.5000000000000009 3301.8083333333338 23.606250000000006 3755.0416691468258 896.97500000000014 -0.68322629814330782 10.415000000000001 0.14569472580964501 16.885000000000002 3169.6490625000006 -0.04500000000000081 3218.4991145833337 2368.5494791666674 1016.2300000000001 4840.2518229166681 499.72000000000008 0.54999999999999993 6.5400000000000009 5.955000000000001 -0.77499999999999847 -0.49000000000000016 5424.1619407242079 3406.2671230158735 -0.73499999999999932 12399.150000000001 17.365000000000006 0.044999999999999936 18.625000000000004 13106.35 10.105000000000002 0.99374995976406788 13147.050000000001 999.6500000000002 3184.6903125000003 1907.3200000000004 2841.3650000000002 3529.0516666666676 5552.6833333333334 -0.14499999999999955
decision_type=2 2 2 2 2 2 2 2 2 2 2 2 2 2 2 2 2 2 2 2 2 2 2 2 2 2 2 2 2 2 2 2 2 2 2 2 2 2 2 2 2 2 2 2 2 2 2 2 2 2 2 2 2 2 2 2 2 2 2 2 2 2
left_child=1 17 5 6 22 9 7 14 10 19 11 12 30 -4 15 16 35 18 -1 -2 29 -16 28 -10 26 -26 50 -15 -5 47 31 32 55 -29 -6 45 38 39 44 40 41 56 -42 -44 -37 -3 -14 -21 -30 -24 -12 -50 59 -23 -36 -7 57 -38 -59 -34 -13 -48
right_child=2 3 13 4 34 8 -8 -9 23 -11 24 60 46 27 21 -17 -18 -19 -20 20 -22 53 49 -25 25 -27 -28 33 48 -31 -32 -33 52 -35 54 36 37 -39 -40 -41 42 -43 43 -45 -46 -47 61 -49 51 -51 -52 -53 -54 -55 -56 -57 -58 58 -60 -61 -62 -63
leaf_value=0.00090770306538184625 0.004560798777682242 0.00014731970079349564 0.0036021971052461943 -0.0032752425809677186 -5.5178203405006338e-05 0.0022485679526686739 6.0385877606901063e-05 -0.0066871829981780002 -0.00029783281559515374 0.0040143235068252989 -0.00016623872060751664 -0.001449196640660295 -0.001080649016457098 -0.00094574652979018126 0.00097017097985448771 0.00016921777526543558 -0.0062793003487507442 -0.025370978367386054 -0.010510737356908093 -0.00055931284441140144 -0.0025608765255184449 -0.0095787586636070145 0.00020217356325013646 0.002707030743920571 -0.00043529912875821529 0.001267828641769082 -0.00053863136410463135 0.0028047757860307598 -0.00055721614294740535 -0.0018264057653995058 0.00011875375046281887 0.00079973841329073815 -0.00086686309118060294 -0.0023303466688097086 -0.011177973394189612 6.1061736500791496e-05 0.0010465649716024127 -0.0022515996882311652 0.00071947882061056839 -0.0023421937310762961 -0.0038033110182400963 -0.00086538300583218766 0.0010790661500237331 9.7691297839475058e-06 -0.010239660604526239 -0.0022813369671554938 0.00063557551966526122 0.0014567018356783734 0.0011822627660433404 -0.0018440667715436641 0.0016777408872046882 -6.5142943029092851e-05 -0.0033658234279959308 5.8880304794999283e-05 -0.001196444359393669 -0.0013711593926288045 0.0002037300852436985 -0.0015528998962955364 0.00014706648081898698 0.00020710328646138086 7.3229442436222316e-05 -0.00010648459421571665
leaf_weight=88 170 159 1247 59 85 266 3103 446 66 355 54 161 102 103 46 1144 127 343 84 72 41 264 91 322 194 300 47 390 211 50 973 1480 118 44 496 301 87 273 690 212 55 632 178 1043 83 344 508 211 203 197 424 139 57 70 146 63 451 216 75 300 93 1006
leaf_count=88 170 159 1247 59 85 266 3103 446 66 355 54 161 102 103 46 1144 127 343 84 72 41 264 91 322 194 300 47 390 211 50 973 1480 118 44 496 301 87 273 690 212 55 632 178 1043 83 344 508 211 203 197 424 139 57 70 146 63 451 216 75 300 93 1006
internal_value=0.000561824 -0.00207173 0.0040307 -0.00170551 -0.00498464 0.00318604 -0.0011715 -0.00200522 0.00263045 0.00721667 0.00227916 0.00164099 0.0020158 0.00754622 -0.001623 -0.00130456 -0.00194845 -0.0103198 -0.00398844 0.00418349 0.00128 -0.00669291 -0.00136515 0.00817481 0.00548529 0.00236364 0.00841255 0.00370818 0.000880914 0.00318862 0.00326427 0.00431947 0.00156522 0.00572414 -0.00945742 -0.00166562 -0.00122178 -0.00240149 0.00231628 -0.00179492 -0.00126552 -0.00298564 0.000704777 0.00133797 -0.00225974 -0.00544643 -0.000500928 0.00533451 0.00213899 -0.00612457 0.00989562 0.00507289 -0.00217437 -0.00859701 -0.0106843 0.00695455 -0.000271084 -0.00340369 -0.00621575 -0.00071599 -0.00552941 7.92079e-05
internal_weight=21358 12141 9217 11626 1627 7433 9999 6896 6534 899 6146 5127 4873 1784 6450 6070 4926 515 172 544 374 380 900 388 1019 494 525 537 612 333 3257 2284 804 434 727 4799 4296 3222 1074 2949 2737 1461 1276 1221 384 503 1616 283 553 288 478 342 475 334 642 329 829 378 291 418 254 1514
internal_count=21358 12141 9217 11626 1627 7433 9999 6896 6534 899 6146 5127 4873 1784 6450 6070 4926 515 172 544 374 380 900 388 1019 494 525 537 612 333 3257 2284 804 434 727 4799 4296 3222 1074 2949 2737 1461 1276 1221 384 503 1616 283 553 288 478 342 475 334 642 329 829 378 291 418 254 1514
is_linear=0
shrinkage=0.03


Tree=71
num_leaves=63
num_cat=0
split_feature=20 9 10 14 1 6 1 1 22 19 15 27 14 0 10 4 25 15 27 26 19 27 9 15 15 26 27 0 15 7 7 26 26 7 14 27 9 7 25 10 7 15 11 24 11 0 15 26 14 1 26 10 15 15 25 1 24 27 27 20 7 15
split_gain=196.978 40.068 33.9475 24.5904 22.5318 28.2299 18.9667 14.082 13.7992 14.77 12.4599 12.2463 11.4669 18.0545 11.3278 11.4543 11.1428 15.1488 10.9576 9.67331 9.13362 8.99423 8.82742 8.58492 11.1067 15.8578 10.8442 9.55749 9.43633 15.3706 13.3792 12.6959 22.5902 13.9004 13.8122 11.9083 8.50127 8.1267 7.86542 7.77831 10.4657 11.4558 7.73083 7.96372 7.65744 7.4406 7.37066 7.34441 9.02058 8.95198 12.0025 7.38273 8.50568 7.37693 7.32676 7.28665 7.22575 7.17487 7.11343 6.93161 6.86079 6.84902
threshold=-9889.8499999999985 999.25500000000011 3849.1150000000002 1967.7130270104035 5.5000000000000009 0.06540312923014284 1.0000000180025095e-35 5.5000000000000009 3473.8936619543661 43153.750000000007 4289.4120833333336 0.21499999999999989 2193.0636641980013 33.500000000000007 3151.1650000000004 1.0000000180025095e-35 17.265000000000004 3684.724322916667 0.26500000000000062 6.120000000000001 14540.850000000002 -0.084999999999999062 2169.5650000000005 2368.5494791666674 2623.1984895833339 11.265000000000002 0.8249999999999994 23.500000000000004 4840.2518229166681 0.90162119223771331 0.92922379131507438 6.5400000000000009 5.955000000000001 0.97696484778429815 1872.8328185224277 -0.79999999999999882 1449.615 -0.39036798905311365 19.605 6900.170000000001 0.23014236637527921 4900.826822916667 4169.3750000000009 0.13124999999999967 4400.6300000000001 23.500000000000004 4602.9074479166675 9.4200000000000017 2228.2830111595299 1.5000000000000002 10.135000000000003 3141.8650000000002 3073.6731770833335 4132.9653125000013 19.175000000000004 3.5000000000000004 3.3250000000000015 0.18499999999999875 0.52999999999999858 -32484.449999999997 -0.53493989022977317 3350.4788020833334
decision_type=2 2 2 2 2 2 2 2 2 2 2 2 2 2 2 2 2 2 2 2 2 2 2 2 2 2 2 2 2 2 2 2 2 2 2 2 2 2 2 2 2 2 2 2 2 2 2 2 2 2 2 2 2 2 2 2 2 2 2 2 2 2
left_child=1 6 12 18 14 16 8 39 -1 -10 19 -7 13 46 15 23 -6 22 -4 -9 -15 -17 -18 27 37 26 28 58 31 38 -31 32 34 35 59 -33 -37 -25 -30 40 41 55 43 -21 -20 -16 54 -14 -49 51 -51 -50 -53 -52 -2 -5 -43 -42 -3 -26 -12 -38
right_child=2 4 3 7 5 11 -8 10 9 -11 60 -13 47 20 45 21 17 -19 44 42 -22 -23 -24 24 25 -27 -28 -29 29 30 -32 33 -34 -35 -36 36 61 -39 -40 -41 57 56 -44 -45 -46 -47 -48 48 49 50 53 52 -54 -55 -56 -57 -58 -59 -60 -61 -62 -63
leaf_value=0.0014148886066940581 0.00064706760076093772 -0.0023373030997767595 0.0044488014724706204 0.0023364625889043911 -0.018772444778266655 -0.000372360505287288 -0.016812180411855907 -0.0019334200427419289 0.00035514465130981776 -0.0082019002621615215 -0.00021337321615593651 0.00050108261139538259 0.00022472360769040911 0.0015688471655726664 -0.0011304244689512631 -0.051286443097541629 0.001216555222080311 -0.0045684991136674125 0.00050127994607858991 0.0011948692524555505 0.00014573985789962938 -0.00058480763409068709 -0.0016693611754859683 0.00058295785197389979 0.00083197540654899259 -0.0036463374734855281 -0.0026403357624083723 -0.00041458894694448742 -0.003607974286658093 0.0020446417298529782 -0.0007611288384613157 -0.0048122208119257331 -0.00080287360356017684 -0.0014014838747351721 0.0001973382628414555 -0.0016205780761580169 0.00043795360706700315 -0.0029422496360704906 7.3728317201453563e-05 0.0041866038540161283 2.5543005713331012e-05 -0.0015735337623695232 0.00057674514044099285 -0.0015276904771299904 0.0038832000350390314 0.00085904080074549415 -0.00026235398399220955 -0.0022965944316883924 -0.0029333344545327787 -0.0010513262149704473 0.0010584898263702412 -0.0015732314840017736 0.00021304662483352386 -0.0011893591336599662 0.002598204536340418 0.0006654961691636885 0.0012655451259133165 0.0018159506780043521 -0.00022810377171744722 -0.00075297143891538631 0.0020223139302182778 9.1125347870359965e-05
leaf_weight=79 466 122 580 830 345 192 694 103 177 137 104 287 2258 171 83 109 146 422 311 48 1245 296 94 555 40 172 148 329 211 68 287 48 854 274 874 317 1137 48 51 544 571 68 208 141 175 494 47 75 88 114 188 81 125 51 243 501 54 223 52 271 273 2053
leaf_count=79 466 122 580 830 345 192 694 103 177 137 104 287 2258 171 83 109 146 422 311 48 1245 296 94 555 40 172 148 329 211 68 287 48 854 274 874 317 1137 48 51 544 571 68 208 141 175 494 47 75 88 114 188 81 125 51 243 501 54 223 52 271 273 2053
internal_value=0.000556362 -0.00211912 0.00365935 0.00549314 -0.0015448 -0.00496301 -0.00759651 0.00432543 -0.00232234 -0.00514286 0.00100797 0.00103125 0.00197361 0.00363092 -0.000973128 -0.00125526 -0.0078125 -0.00552036 0.00950328 -0.00209581 0.0016302 -0.00616995 0.000497925 -0.00100291 -0.00074504 -0.00109095 -0.000856949 -0.00479167 -0.000672988 -0.00419903 -0.000126404 -0.000301585 -0.00221324 0.00071671 0.00046796 0.00121907 0.00142389 0.00315397 -0.00969582 0.00536712 0.00458407 0.00609697 3.76884e-05 -0.00434211 0.00616016 0.00308824 0.0073712 0.000764844 -0.00186722 -0.000717593 0.0025 -0.00457627 -0.00144928 0.0063125 0.0081338 0.00690315 -0.00268293 0.00181132 -0.0104571 -0.00495192 0.00511905 0.00188969
internal_weight=21352 11466 9886 4734 10379 1486 1087 3668 393 314 877 479 5152 2172 8893 8316 1007 662 1066 500 1416 405 240 7911 7408 6805 6633 503 6485 617 355 5868 2039 3829 1185 3555 3507 603 262 2791 2247 1453 397 189 486 577 756 2980 722 647 353 294 206 239 709 1331 122 794 174 311 377 3190
internal_count=21352 11466 9886 4734 10379 1486 1087 3668 393 314 877 479 5152 2172 8893 8316 1007 662 1066 500 1416 405 240 7911 7408 6805 6633 503 6485 617 355 5868 2039 3829 1185 3555 3507 603 262 2791 2247 1453 397 189 486 577 756 2980 722 647 353 294 206 239 709 1331 122 794 174 311 377 3190
is_linear=0
shrinkage=0.03


Tree=72
num_leaves=63
num_cat=0
split_feature=9 9 11 1 0 12 15 10 18 0 26 1 27 10 2 26 15 8 20 26 12 12 23 27 27 8 8 1 19 27 6 27 21 27 26 18 27 26 11 16 12 27 27 2 12 12 23 20 27 0 8 18 18 1 11 26 0 16 20 23 8 12
split_gain=192.316 39.9224 33.2854 18.4931 35.5557 17.5303 16.9932 15.2838 15.1903 16.8803 13.3885 12.7789 12.5975 12.5685 12.2225 12.0973 14.0924 12.7314 10.924 10.5004 9.98009 9.851 8.54588 8.53683 10.9281 8.51037 14.0232 7.54784 8.73442 7.3347 7.28902 7.24368 8.49821 7.04617 6.76868 6.73605 8.3234 6.71741 6.67158 6.47431 6.82485 6.39243 7.78617 6.31186 10.7907 6.19947 6.04212 5.97131 12.5095 5.94685 10.2961 6.80577 5.88896 5.8333 5.78552 5.94739 5.77063 16.7654 9.52039 7.71958 7.31181 6.99198
threshold=3046.7550000000006 1213.4300000000003 3967.5350000000003 5.5000000000000009 30.500000000000004 4374.5211755952396 4450.2480729166682 1399.1650000000002 11091.35 29.500000000000004 7.5600000000000014 1.0000000180025095e-35 -0.77499999999999847 3795.6800000000007 3.5000000000000004 7.7550000000000008 4844.1133333333346 0.45082531555062549 -14694.599999999999 8.7650000000000023 3970.4237202380959 2812.6530431547626 13.756250000000003 0.17500000000000074 -0.074999999999999276 -0.42958798411962301 -0.36648370705903521 1.5000000000000002 17730.950000000004 0.98499999999999954 0.41248606129204551 0.030000000000000252 4112.878333333334 -0.73499999999999932 8.5100000000000016 12529.85 0.11999999999999923 11.265000000000002 2830.5800000000004 9999.6750000000011 4263.5606994047621 -0.12000000000000009 -0.20000000000000104 8.5000000000000018 2792.9020610119055 3125.6058854166672 30.306250000000006 -36783.499999999993 -0.20000000000000104 77.500000000000014 0.59003219687534991 17948.200000000004 7987.9000000000005 1.0000000180025095e-35 4574.0500000000011 9.7650000000000023 14.500000000000002 5988.6800000000012 -21833.749999999996 21.756250000000005 0.97461712852231652 2755.6549702380958
decision_type=2 2 2 2 2 2 2 2 2 2 2 2 2 2 2 2 2 2 2 2 2 2 2 2 2 2 2 2 2 2 2 2 2 2 2 2 2 2 2 2 2 2 2 2 2 2 2 2 2 2 2 2 2 2 2 2 2 2 2 2 2 2
left_child=1 7 8 12 43 13 53 10 41 15 45 -11 25 20 35 16 22 -17 29 34 31 -16 -10 24 39 -3 -27 -15 -29 33 -22 32 -4 -14 49 -6 -37 -20 -19 40 -9 42 -2 -5 -45 -1 -25 -12 -49 51 -51 -13 -41 -7 55 -8 57 58 -35 61 -58 -59
right_child=2 3 5 4 14 6 54 23 9 11 47 19 18 27 21 17 -18 38 37 -21 30 -23 -24 46 -26 26 -28 28 -30 -31 -32 -33 -34 56 -36 36 -38 -39 -40 52 -42 -43 -44 44 -46 -47 -48 48 -50 50 -52 -53 -54 -55 -56 -57 60 59 -60 -61 -62 -63
leaf_value=0.0012226248984908449 -0.00012251006834156363 -0.0039731810303682375 -0.00074536634770734796 0.00050067954066818738 0.0013715326460601272 0.00067857676421112956 0.00032817545158948748 0.00054562604856710716 -0.00012120526027474376 0.0044093284500244852 -0.0085741659850514119 -0.00018461399079802376 0.0012585378256990776 0.0048942746831754924 -0.00055554384545680063 0.0018954641188150844 -0.0011160388904096763 -0.00080015841588133797 0.00016183982154722719 -0.0003423033723690416 0.00099175012548467821 -0.0061906403987802821 0.0011054475736837865 -0.00011571029709394942 -0.0088105950376334355 0.0021621307902681239 -0.0020875580413410068 0.002292368368779094 -0.00038730972314420241 -0.0031827502720811916 -0.00065454510695165161 0.0020966270210102424 0.00074582912714278745 -0.00018697114627853393 0.0012539686086545921 0.00054301942719916954 -0.0020309149259742387 -0.00078943125659117089 0.00039738590245011804 -0.02464281962366802 -0.0020096897306441839 -0.00039877320247041934 0.001270699043919743 0.00078939674374215222 -0.00039106995885998861 -0.007710119955752188 0.0022626690899926949 -0.035282846340382222 0.0014844688703857932 0.0037589409438695928 0.00025561615868497257 0.00048347180205150054 0.00024145390367467988 -0.00035980546280752531 0.002815332770169343 0.0019863209939863856 -0.00019818175176144592 -0.0016964589448703736 -0.0018774646782121617 0.00041562942513769126 0.00066550912910258388 -6.5698245331073931e-05
leaf_weight=104 642 202 56 187 78 132 251 148 140 114 516 803 41 465 116 576 116 45 2413 572 105 650 417 114 82 58 57 1565 99 44 117 339 145 104 75 50 178 142 327 112 92 287 142 77 180 122 55 126 65 137 391 425 40 473 336 51 4626 63 177 72 154 763
leaf_count=104 642 202 56 187 78 132 251 148 140 114 516 803 41 465 116 576 116 45 2413 572 105 650 417 114 82 58 57 1565 99 44 117 339 145 104 75 50 178 142 327 112 92 287 142 77 180 122 55 126 65 137 391 425 40 473 336 51 4626 63 177 72 154 763
internal_value=0.000530395 -0.00198101 0.00375803 -0.00130835 -0.00437047 0.00576784 0.00278537 -0.00642993 0.00216219 0.00298623 -0.00888116 0.00144758 -0.00078726 0.00704876 -0.00732526 0.005373 0.00229228 0.00755532 -0.000570349 0.000979617 0.00373526 -0.00934811 0.00427419 -0.00286491 -0.00492632 -0.00665094 -0.00012931 0.00823239 0.00727928 -0.00126551 -0.00161435 0.00593346 0.00141089 -0.0011748 0.00208788 -0.00224756 -0.00484716 0.00107394 0.00321716 -0.00282443 0.000248963 -0.00102146 0.000382166 0.00276404 -0.000290698 -0.00251101 0.00291176 -0.010911 -0.00632812 0.00170746 0.00436673 0.000561432 -0.00764706 -0.000816832 0.00619718 0.00316832 -0.00126091 -0.00313983 -0.00952128 -0.00113459 -0.000796904 -0.00195889
internal_weight=21351 12008 9343 10432 1516 4134 1243 1576 5209 4138 933 2517 8916 2891 1072 1621 673 948 8599 2403 762 766 557 643 474 317 115 2129 1664 6044 222 540 201 6000 1831 306 228 2555 372 392 240 1071 784 444 257 226 169 707 191 1756 528 1228 152 605 638 302 5959 1179 281 898 4780 826
internal_count=21351 12008 9343 10432 1516 4134 1243 1576 5209 4138 933 2517 8916 2891 1072 1621 673 948 8599 2403 762 766 557 643 474 317 115 2129 1664 6044 222 540 201 6000 1831 306 228 2555 372 392 240 1071 784 444 257 226 169 707 191 1756 528 1228 152 605 638 302 5959 1179 281 898 4780 826
is_linear=0
shrinkage=0.03


Tree=73
num_leaves=63
num_cat=0
split_feature=9 9 11 1 0 7 14 1 25 12 6 7 7 11 4 0 15 10 0 22 22 22 11 1 15 12 25 25 10 10 16 7 7 1 27 25 2 6 22 12 23 10 27 12 18 27 14 6 22 11 27 15 15 27 15 22 15 7 18 22 27 4
split_gain=170.362 40.1701 34.4277 21.562 39.6039 20.8364 20.647 19.1392 13.8544 18.3278 13.7266 12.2245 20.8691 11.5759 10.6279 11.8981 16.1179 15.0807 11.5277 11.3613 10.274 20.5784 9.89761 9.83091 13.3674 9.18141 10.5567 8.3124 8.29951 8.13058 10.1348 8.04556 8.0077 7.89129 8.69129 7.78139 7.7112 7.62773 7.5504 7.18153 7.11436 6.35586 6.3007 11.9235 7.26044 6.79263 10.1774 8.99943 6.11438 6.08662 6.07541 6.06257 6.6165 9.72484 7.27837 10.8515 6.65888 14.1446 6.52296 7.62335 5.99347 5.9508
threshold=3000.4550000000004 1000.4250000000001 3967.5350000000003 5.5000000000000009 32.500000000000007 0.90162119223771331 2193.0636641980013 1.0000000180025095e-35 17.265000000000004 2930.060297619048 -0.032701564615071448 0.34537287020513602 0.99761913169647187 5300.3400000000011 1.0000000180025095e-35 56.500000000000007 2368.5494791666674 3491.9950000000003 36.500000000000007 3406.2671230158735 6001.9675756448423 5849.073685515873 4999.0150000000003 3.5000000000000004 4900.826822916667 4357.2673437500007 15.370000000000003 17.965000000000003 3894.7450000000003 7857.9250000000011 4579.3100000000004 0.95242846126021108 0.99374995976406788 1.0000000180025095e-35 0.45000000000000112 14.865000000000002 3.5000000000000004 -0.72947329433276253 5741.0809499007946 3244.3486458333332 23.806250000000006 983.6350000000001 0.96499999999999997 2959.3595238095245 11877.650000000003 -0.054999999999998821 2235.32632893344 0.81241147629689003 3099.142881944445 4400.6300000000001 -0.73499999999999932 6474.4950520833345 6227.4083854166684 -0.79999999999999882 4840.2518229166681 3634.4147172619055 4521.6703125000013 -0.12546116083924153 12674.050000000001 3707.6351215277782 0.25499999999999906 1.0000000180025095e-35
decision_type=2 2 2 2 2 2 2 2 2 2 2 2 2 2 2 2 2 2 2 2 2 2 2 2 2 2 2 2 2 2 2 2 2 2 2 2 2 2 2 2 2 2 2 2 2 2 2 2 2 2 2 2 2 2 2 2 2 2 2 2 2 2
left_child=1 7 5 14 -5 20 27 25 -6 -10 31 13 22 -8 15 16 19 33 -16 -3 21 23 -13 24 28 26 -1 -4 -2 30 -24 -7 -20 -17 39 -18 -11 -9 -30 40 -35 -28 43 44 -25 47 -47 50 -37 -29 -45 52 53 -50 56 -56 58 -58 -55 -60 -12 -15
right_child=2 3 6 4 8 10 11 37 9 36 60 12 -14 61 18 17 35 -19 32 -21 -22 -23 29 42 -26 -27 41 49 38 -31 -32 -33 -34 34 -36 48 -38 -39 -40 -41 -42 -43 -44 45 -46 46 -48 -49 51 -51 -52 -53 -54 54 55 -57 57 -59 59 -61 -62 -63
leaf_value=-0.0088409078331126434 0.00028833833251525222 0.00015535235730957276 0.0015894147505028666 0.00022238743838826733 -0.020195808082860048 0.0013539141448037917 0.0007234542533285193 -0.014622887792571286 0.0017945184065469321 -0.00099801540853697627 0.0036816184931773677 -0.00083144088231586362 0.0037440134173696827 0.003573400894751568 0.00028743451886819482 0.00069508412949653925 0.00051371711351222871 0.0033410987196169461 -0.0057647351781017339 -0.0021354607253502157 -0.0014378587322893921 0.0027542608578228923 0.0023582048265307696 6.6647642100914337e-05 -0.0011887328328635414 -0.0077048645154946353 -0.0043033971592843388 0.0020027380357420998 0.0021310319506948616 0.0029081028869558877 -0.00037633500533849505 -0.00023564965862899357 0.00025535694171015423 -0.00019047489482312496 -0.0011839356040938486 -0.00083160653656825893 -0.0044950739869216603 -0.0084943418764884624 -0.00037803561051573452 -8.9781905730745842e-05 0.00085296299696036026 0.00084540329566336499 -0.0011534520043251816 -0.0011349284573831042 0.0018948984970812077 -4.2208633176237244e-05 -0.0008851810259633818 0.0010699119067942853 -0.0055964494926424102 0.0041912389616467751 1.1165320646817633e-05 -0.0018508996216004903 0.00118277651247916 -0.00027730434843419082 0.0009605854546260328 -0.0026127184549504176 0.00081984999990551081 -0.00031059002094562693 0.00011558189388936046 -0.00051545455392142613 0.0003805870211914808 -0.00065407923033935058
leaf_weight=59 1808 123 408 439 326 116 1209 624 66 298 288 243 125 573 158 460 193 118 245 288 73 193 87 117 122 91 49 316 299 190 412 188 59 118 314 289 355 123 59 1189 256 197 64 47 137 733 346 187 56 545 610 115 88 2507 54 187 317 267 1268 246 129 48
leaf_count=59 1808 123 408 439 326 116 1209 624 66 298 288 243 125 573 158 460 193 118 245 288 73 193 87 117 122 91 49 316 299 190 412 188 59 118 314 289 355 123 59 1189 256 197 64 47 137 733 346 187 56 545 610 115 88 2507 54 187 317 267 1268 246 129 48
internal_value=0.000493519 -0.00196743 0.00343017 -0.00138029 -0.00472727 0.00187602 0.00549194 -0.00730332 -0.00790153 -0.0055625 0.00662742 0.0040876 0.00151701 0.00557073 -0.000822678 -0.000580199 -0.00130022 0.00117875 -0.00524838 -0.0070267 0.00116034 0.0013339 -3.21543e-05 0.000923841 0.00230668 -0.00196474 0.000539216 0.0086811 0.00285187 0.00180435 -0.00021 0.00177049 -0.00865574 0.00064799 -0.000215655 -0.000877774 -0.00708716 -0.010127 0.0070195 0.000700128 0.00432 0.00327935 -0.000488403 -0.000213499 0.00588235 -0.00102131 -0.00259722 0.000994083 -0.0010899 0.0103538 -0.000661094 -0.000849001 -0.000691244 -0.000838262 -0.000693212 -0.00576446 -0.000426617 0.0025641 -0.000861512 0.000693069 0.0101555 0.00889871
internal_weight=21214 11542 9672 10399 1484 5516 4156 1143 1045 719 721 2887 1057 1830 8915 8453 5998 2455 462 411 4795 4722 932 4529 2288 396 305 1269 2166 689 499 304 304 2337 1877 5587 653 747 358 1563 374 246 2241 2177 254 1923 1079 844 5394 861 657 5105 4990 4902 4846 241 4605 584 4021 1514 417 621
internal_count=21214 11542 9672 10399 1484 5516 4156 1143 1045 719 721 2887 1057 1830 8915 8453 5998 2455 462 411 4795 4722 932 4529 2288 396 305 1269 2166 689 499 304 304 2337 1877 5587 653 747 358 1563 374 246 2241 2177 254 1923 1079 844 5394 861 657 5105 4990 4902 4846 241 4605 584 4021 1514 417 621
is_linear=0
shrinkage=0.03


Tree=74
num_leaves=63
num_cat=0
split_feature=9 20 9 1 0 1 0 4 25 15 22 0 22 22 0 1 15 25 18 9 8 27 27 22 7 7 1 10 12 22 22 12 27 1 2 27 20 9 12 23 7 15 0 22 18 22 21 0 15 15 7 15 15 0 0 1 1 27 21 24 8 1
split_gain=173.202 41.9186 32.2893 17.3782 27.5839 16.6873 33.7179 17.4762 15.8408 16.7945 14.7099 13.3821 13.1378 12.3874 11.0356 16.316 11.5861 12.1781 10.7381 10.3108 14.1335 10.4255 10.2829 10.0563 11.999 17.1701 11.39 10.2208 10.1463 9.5099 9.4031 9.17269 9.17157 8.82139 8.41498 7.78707 9.69159 7.60242 7.54318 7.31544 6.92411 6.90974 7.18734 6.76042 8.84014 9.18541 7.76706 7.51973 7.11435 6.73358 6.65389 15.1935 8.29969 6.64801 6.5495 6.53613 6.52327 6.34625 6.36237 6.07494 6.04885 6.01923
threshold=2950.6100000000006 -43995.999999999993 4997.6400000000003 1.0000000180025095e-35 23.500000000000004 5.5000000000000009 31.500000000000004 1.0000000180025095e-35 17.385000000000002 3684.724322916667 5167.0123989335325 6.5000000000000009 3468.7024454365078 3562.9400644841276 59.500000000000007 1.0000000180025095e-35 2368.5494791666674 14.795000000000002 12574.200000000003 999.25500000000011 -0.57782411410281842 0.17500000000000074 0.22000000000000067 5849.073685515873 0.89404822654372251 0.86113431103781346 3.5000000000000004 3251.5450000000005 4377.4835267857152 5528.4444202628974 3406.2671230158735 2792.9020610119055 0.26500000000000062 3.5000000000000004 6.5000000000000009 -0.04500000000000081 6715.2500000000009 3130.8900000000008 4330.9977232142874 28.931250000000002 0.95752911693909493 2571.7162500000009 18.500000000000004 5686.9315625000008 12389.000000000002 3544.7600545634923 6212.2783333333346 55.500000000000007 3517.7698437500007 3309.3371875000007 0.23014236637527921 4325.4061458333335 4900.826822916667 85.500000000000014 30.500000000000004 2.5000000000000004 2.5000000000000004 -0.88499999999999968 5511.0650000000014 3.7437500000000026 -0.9530600044691927 1.5000000000000002
decision_type=2 2 2 2 2 2 2 2 2 2 2 2 2 2 2 2 2 2 2 2 2 2 2 2 2 2 2 2 2 2 2 2 2 2 2 2 2 2 2 2 2 2 2 2 2 2 2 2 2 2 2 2 2 2 2 2 2 2 2 2 2 2
left_child=1 13 3 4 12 7 -7 14 -8 18 -4 49 -2 33 16 -16 30 -18 -10 20 -19 -22 -9 24 25 26 27 29 32 -13 -3 53 -26 -1 -25 36 38 -36 59 -32 -6 42 55 44 60 48 -45 -48 -46 -5 52 -52 -29 -28 -24 -21 -30 -47 -59 -12 -43 -44
right_child=2 5 10 11 40 6 8 22 9 -11 35 23 -14 -15 15 -17 17 19 -20 41 21 -23 54 34 28 -27 31 50 56 -31 39 -33 -34 -35 37 -37 -38 -39 -40 -41 -42 43 61 46 45 57 47 -49 -50 -51 51 -53 -54 -55 -56 -57 -58 58 -60 -61 -62 -63
leaf_value=0.00031198359306010558 0.0013081495344995984 0.00027401949687774871 0.0031682281284547641 -2.0344151983335832e-05 0.0038575476578029287 0.00018589663640721454 -0.02737532576879614 -0.0078002751036372903 0.0012084927737614493 -0.0041101145376047738 -0.0005604929556338778 0.00025240212274049153 -0.00043445745599872686 -0.015741177846121675 0.00097447901311834332 -0.00013665901123079748 0.00095914624241118848 0.0012969800367703542 -0.0014528655560998472 -0.0006816742858475422 -0.011421254301119363 0.0020238883763195313 0.0013296566659113339 -0.00044033094484803744 0.0020084104574358184 -0.0023980634080693441 0.0018345976317146473 0.0010017826329940149 -0.00050985506598223652 -0.00047813862199248543 -0.0025749810644130644 -0.00011553753251109632 -0.00024096505206314234 -0.010881806677845076 2.9181138681177998e-06 -0.001264666951952993 0.0033438245131912404 0.0026612391648594435 -0.00081842102784840159 -0.00052293949444029322 0.00034767455488267981 0.00097500071393850083 0.0023383806575493172 0.00042006231834734286 0.00042995352033792678 0.0019917260478409292 -0.0019273932779032509 0.00086510992272440738 9.2360347807129979e-07 0.0011548323604769627 0.00073969195222889361 -0.0008865114283531561 -0.0010365937578692907 -0.00020691046493801933 -0.001214512685472835 0.00024294770239102981 0.00040739505788195629 -0.00031437057218249188 -0.0025532660509914695 0.003047781400189411 -0.00061854198366173563 2.4513548676701191e-05
leaf_weight=124 86 127 1206 125 549 400 345 298 131 368 66 1007 292 408 524 1284 134 44 174 62 254 44 44 52 482 143 145 988 121 201 280 2407 91 68 72 59 217 224 113 112 79 51 111 550 337 41 74 45 923 511 312 83 56 59 155 46 316 868 72 133 2403 79
leaf_count=124 86 127 1206 125 549 400 345 298 131 368 66 1007 292 408 524 1284 134 44 174 62 254 44 44 52 482 143 145 988 121 201 280 2407 91 68 72 59 217 224 113 112 79 51 111 550 337 41 74 45 923 511 312 83 56 59 155 46 316 868 72 133 2403 79
internal_value=0.000434218 -0.00218013 0.0032498 0.00246905 0.00616683 -0.00173394 -0.00475687 -0.00125516 -0.00765456 -0.00496291 0.00690251 0.00196525 -0.000237467 -0.00988353 -0.000933735 0.00114428 -0.0014982 -0.00113374 0.000245098 -0.00133389 -0.00638484 -0.0087291 -0.00671687 0.00157322 0.00130303 0.000741392 0.00102111 0.00240748 0.00430267 0.000372208 -0.00579808 -0.000384763 0.00692509 -0.00357513 0.00653295 0.00300509 0.00416038 0.00848485 0.000766773 -0.0080916 0.0100159 -0.00102772 0.00341137 -0.00127493 -0.00167696 -0.000314451 0.00154478 -0.005375 0.00137986 0.00612245 0.00411458 0.000795455 0.00536842 0.00570732 -0.001425 -0.00275229 0.000856164 -0.00248982 -0.00299681 0.004275 -0.00292057 0.00691099
internal_weight=21175 10980 10195 8401 1006 10380 1418 8962 1018 673 1794 7395 378 600 8465 1808 6657 6138 305 6004 342 298 497 6759 6411 5401 5258 2647 1010 1208 519 2611 573 192 348 588 529 296 312 392 628 5662 298 5364 4695 2241 669 119 1260 636 1439 395 1044 204 199 108 437 981 940 199 2454 190
internal_count=21175 10980 10195 8401 1006 10380 1418 8962 1018 673 1794 7395 378 600 8465 1808 6657 6138 305 6004 342 298 497 6759 6411 5401 5258 2647 1010 1208 519 2611 573 192 348 588 529 296 312 392 628 5662 298 5364 4695 2241 669 119 1260 636 1439 395 1044 204 199 108 437 981 940 199 2454 190
is_linear=0
shrinkage=0.03


Tree=75
num_leaves=63
num_cat=0
split_feature=9 9 9 1 1 0 14 14 1 0 14 2 26 25 25 1 11 8 27 25 12 19 8 17 25 15 12 17 25 15 17 16 0 16 17 26 7 1 26 15 7 12 17 0 7 1 27 15 0 9 23 14 17 27 14 26 6 17 23 11 2 12
split_gain=171.424 43.8744 28.1287 21.6872 18.1376 23.3898 15.9075 14.1169 14.0711 30.1947 14.8499 14.4784 11.262 11.0703 13.2552 12.214 11.8303 10.1372 12.5851 9.71087 13.8829 12.7185 9.67174 12.6059 9.34849 9.07129 8.95197 8.9387 14.472 16.1522 11.9449 10.8376 12.6372 13.0488 10.7271 16.0924 14.2719 10.3876 9.88294 9.35341 11.4554 9.87865 9.04531 8.84887 8.48135 12.7998 9.9351 9.8205 9.41103 8.41182 8.25336 8.24856 8.10027 10.7896 8.10397 7.95067 7.88714 9.51914 16.5552 6.96021 6.90209 10.8301
threshold=3096.0550000000007 1213.4300000000003 5135.6650000000018 1.0000000180025095e-35 1.0000000180025095e-35 24.500000000000004 2142.9984708367851 1986.5455565936834 5.5000000000000009 29.500000000000004 2073.9546829034421 4.5000000000000009 5.7950000000000008 19.085000000000004 19.045000000000005 5.5000000000000009 2920.7600000000007 0.45082531555062549 0.27500000000000041 15.370000000000003 3586.5482440476194 43153.750000000007 0.97461712852231652 2585.1200000000003 19.225000000000005 4941.5795833333341 4236.1408854166675 1235.4450000000004 18.695000000000004 4840.2518229166681 1355.325 4799.7400000000007 26.500000000000004 4339.8900000000003 249.05500000000004 11.265000000000002 -0.99866806308218525 4.5000000000000009 10.535000000000002 4477.732500000001 -0.62588817255938378 4452.5167336309532 499.56500000000005 25.500000000000004 -0.32614396506100213 2.5000000000000004 -0.40499999999999753 3886.5899479166669 12.500000000000002 4064.7500000000005 21.468750000000004 2146.2998744337751 2227.6050000000005 0.019999999999998689 2176.1906916533894 5.4450000000000012 -0.72947329433276253 915.37500000000011 29.768750000000001 1989.6350000000002 10.500000000000002 2840.8607440476194
decision_type=2 2 2 2 2 2 2 2 2 2 2 2 2 2 2 2 2 2 2 2 2 2 2 2 2 2 2 2 2 2 2 2 2 2 2 2 2 2 2 2 2 2 2 2 2 2 2 2 2 2 2 2 2 2 2 2 2 2 2 2 2 2
left_child=1 3 4 19 5 7 -4 -2 22 60 24 -12 -5 14 15 49 51 25 -19 -1 -21 59 27 -24 -11 -18 -25 31 29 30 -29 32 -3 -34 -33 36 -36 -31 52 40 50 -41 -38 -17 46 47 -42 -46 -48 -6 -32 -15 53 -30 -55 -45 57 -14 -59 -22 -10 -62
right_child=2 8 6 12 13 -7 -8 -9 9 10 11 -13 56 16 -16 43 17 18 -20 20 21 -23 23 26 -26 -27 -28 28 38 37 39 34 33 -35 35 -37 42 -39 -40 41 44 -43 -44 55 45 -47 48 -49 -50 -51 -52 -53 -54 54 -56 -57 -58 58 -60 -61 61 -63
leaf_value=-0.0082926011819752874 0.0032291010965582955 -0.0021028335266508155 0.0047348749219564825 0.0010031788661578743 0.00025416088395830094 0.0041322334853925646 0.0020950983208375008 -0.00024742195967564662 0.00036952784728362166 -0.0016231709691404193 -0.00084253356397228523 -0.0082196040661124316 -0.015448185089078335 0.00075857485369596129 -0.0014057161657733629 0.0003361306041867884 0.002217644524468518 -0.00035284885009193798 0.0018908178171048284 0.0010828634906162105 0.0013791247487823987 -0.0065333655380680877 0.00039951413965336077 0.00024713916139226908 0.00099483409890937851 0.00014667892709955055 -0.0013419703268850336 -0.0031957089733129248 0.00068870515896690243 -0.0041239613579216079 -0.0022038992682650968 0.0010379837443913998 0.0012991557106369943 -0.00076678187298180763 -0.0085471339406867665 -0.0034921460528642176 -0.00044726167125559431 0.00069233367148322064 -0.00079688625955176562 0.00083228063645944593 -0.00095709603371000533 -0.0010856488336048909 0.00034055338881177732 0.0011603888317220656 -9.8702988939516342e-05 -0.00073193159358156293 -0.00032309223817582832 0.00096368069592828393 0.0003160486530612516 0.00086792785720659184 -0.0011654608386627884 -0.00079320552841268823 -0.001422310313689854 0.00014003000386884069 -0.00068432137580270774 -0.00080995489548321578 -0.0058764880570893749 -0.0078600318613384346 0.00081347827059960129 -0.00088221627270566037 0.0008233616762303342 -0.00059763099058361745
leaf_weight=59 66 190 427 47 2980 544 1019 300 276 336 208 470 709 103 77 255 713 234 93 183 64 92 578 40 104 143 88 175 589 258 155 310 170 177 82 103 325 52 149 240 113 47 1676 108 470 722 173 85 590 1363 483 139 72 681 312 475 140 82 85 110 51 119
leaf_count=59 66 190 427 47 2980 544 1019 300 276 336 208 470 709 103 77 255 713 234 93 183 64 92 578 40 104 143 88 175 589 258 155 310 170 177 82 103 325 52 149 240 113 47 1676 108 470 722 173 85 590 1363 483 139 72 681 312 475 140 82 85 110 51 119
internal_value=0.000475799 -0.00183809 0.00360896 -0.00651718 0.00287793 0.00684962 0.00744299 0.000980926 -0.00114855 -0.00377636 -0.00640751 -0.00918999 -0.00895207 0.00233618 0.00169994 0.00188441 0.00468093 0.00591639 0.00141768 -0.00141454 0.0001 -0.00426966 -0.000696793 0.00267327 -0.00210884 0.00763127 -0.00581395 -0.000980357 -0.00171604 -0.00282407 -0.00219883 0.000321358 -0.00354089 -0.00012931 0.00115338 0.000411523 0.000986084 -0.00935691 0.000473947 -0.00176356 -0.00229405 0.00338542 0.00149101 -0.00143027 -0.00124652 -0.00280516 0.00102623 0.000620504 0.00225785 0.00252417 -0.0058216 -0.00135802 0.00114199 0.00159191 -0.000316901 -0.00346747 -0.00961652 -0.0106727 -0.00419643 0.000514286 0.00281879 -0.00192982
internal_weight=21279 12240 9039 1571 7593 910 1446 366 10669 1564 1118 678 1063 6683 5258 5181 1425 1183 327 508 449 266 9105 706 440 856 128 8399 5366 3563 3253 3033 537 347 2496 2186 2083 310 1803 3078 2791 287 2001 838 2153 1277 876 555 763 4343 638 242 1654 1582 993 583 1016 876 167 174 446 170
internal_count=21279 12240 9039 1571 7593 910 1446 366 10669 1564 1118 678 1063 6683 5258 5181 1425 1183 327 508 449 266 9105 706 440 856 128 8399 5366 3563 3253 3033 537 347 2496 2186 2083 310 1803 3078 2791 287 2001 838 2153 1277 876 555 763 4343 638 242 1654 1582 993 583 1016 876 167 174 446 170
is_linear=0
shrinkage=0.03


Tree=76
num_leaves=63
num_cat=0
split_feature=10 9 11 7 14 25 1 6 1 1 15 15 8 17 17 10 9 17 26 22 19 25 22 14 1 15 7 17 7 15 2 15 15 15 23 8 11 7 1 22 14 6 23 26 26 7 19 8 22 11 25 15 15 15 14 26 26 15 14 14 6 14
split_gain=156.79 38.6127 24.4728 23.9173 19.4949 16.9559 16.332 26.8547 16.1137 14.0878 15.6359 13.5955 12.1949 11.886 10.7731 12.2361 10.2231 11.1553 16.9615 10.0661 14.1569 10.0097 10.8254 9.88692 9.49432 9.32644 9.20709 13.7621 14.6498 12.4427 8.9714 10.2606 8.94781 8.82114 8.7565 11.9517 9.75871 8.64833 8.24778 9.5021 8.24671 8.20685 8.19942 8.05513 13.9479 10.5061 7.92271 7.88892 7.64585 7.46932 7.21604 7.19693 6.46099 8.64585 7.34998 6.41774 7.40379 7.37516 6.97946 6.41412 6.08874 6.00231
threshold=3151.1650000000004 999.25500000000011 4511.5250000000005 0.89404822654372251 2485.930560151523 18.925000000000004 5.5000000000000009 0.06540312923014284 1.0000000180025095e-35 3.5000000000000004 4900.826822916667 4450.2480729166682 -0.99486055365577253 200.01000000000002 2449.7550000000006 4040.8550000000005 2700.7400000000002 200.01000000000002 10.600000000000001 3473.8936619543661 43153.750000000007 17.265000000000004 3099.142881944445 2071.4513833454089 1.0000000180025095e-35 2368.5494791666674 -0.99866806308218525 1005.715 0.92922379131507438 4900.826822916667 10.500000000000002 3350.4788020833334 4711.548541666667 3826.9975520833336 23.606250000000006 0.73721509932751383 1800.6300000000003 0.95752911693909493 1.5000000000000002 5754.470231894843 2292.8717987154005 -0.77259657388510605 17.006250000000005 7.955000000000001 7.1500000000000012 -0.82897401153126982 53888.100000000013 0.97648852793709995 3432.3493154761909 2646.6600000000003 19.045000000000005 3095.3279166666671 4470.5591666666669 4314.8920312500004 2788.0944357023095 6.9500000000000002 6.3550000000000013 4071.6937500000004 2257.9568158546231 1932.5277498875937 0.06540312923014284 1907.9963504114091
decision_type=2 2 2 2 2 2 2 2 2 2 2 2 2 2 2 2 2 2 2 2 2 2 2 2 2 2 2 2 2 2 2 2 2 2 2 2 2 2 2 2 2 2 2 2 2 2 2 2 2 2 2 2 2 2 2 2 2 2 2 2 2 2
left_child=1 8 3 9 61 37 16 21 19 10 12 13 -2 -6 15 42 17 -3 25 -1 -21 59 -23 -9 -20 -19 -27 28 32 34 31 -25 33 46 35 36 -29 -5 39 -36 -16 -10 -14 44 -40 -46 -28 55 -39 -11 -15 -24 53 60 -54 56 58 -57 -37 -8 -44 -4
right_child=2 6 4 5 11 -7 7 23 41 49 -12 -13 14 50 40 -17 -18 18 24 20 -22 22 51 30 -26 26 27 29 -30 -31 -32 -33 -34 -35 38 47 -38 48 43 -41 -42 -43 52 -45 45 -47 -48 -49 -50 -51 -52 -53 54 -55 -56 57 -58 -59 -60 -61 -62 -63
leaf_value=0.0011276575463076454 -0.00099104137646397914 0.00076064534988911075 0.0040136498822055345 0.0014678718765822295 0.0055584496227636211 0.0025686480342896533 -0.00054339938505304269 0.00049101754260248319 -0.015161291901903691 -0.00084742582963009733 -0.0013751402911141675 0.0029212585199768172 0.0012007136216274183 0.00035084867689548103 0.00034728596821101296 0.0022451336133304254 8.2184335403079345e-05 -0.0015620310047004214 0.00060637185437971473 0.00030105690582076238 -0.0068385921874007227 0.0011435966975774825 0.0007039305807458973 -0.0011198787263122245 -0.0059601532236750639 -0.013304620712021329 0.00091471001788338661 0.00050606857287704087 -0.00070893748251585895 -0.0019342647880502461 -0.0010059090195286924 0.00045821877916304207 0.0016838965554794515 -0.0015134680202778393 0.00058327333554356812 -0.00013771478789177392 -0.001777710335503415 0.00030971071978518338 -8.332053007012341e-05 -0.0014766755396473652 -0.0012514420223946486 -0.0088430438124366042 0.0009541640893455394 0.00019971245917428158 -0.00031839470186317164 -0.0061458776361585695 -0.0038161645017836276 0.00026135194567201037 -0.001476566476536103 0.00010735029277546104 -0.00059824227813494164 -0.0025427321526041435 0.0021115064381892258 -0.00064526429466688735 3.8164357367671543e-05 0.00023824530800277798 -0.00090208752561301783 -0.0005221069414067125 -0.0016165730351217888 -0.021487410899173005 4.2490124797076585e-05 0.0026961278526525943
leaf_weight=88 83 308 354 105 101 576 70 282 548 213 101 379 357 729 86 446 3342 344 63 172 127 52 79 53 256 72 569 52 349 310 99 113 76 137 487 681 264 155 582 123 89 134 375 636 107 159 44 290 85 2393 142 559 128 57 74 339 275 70 97 291 665 965
leaf_count=88 83 308 354 105 101 576 70 282 548 213 101 379 357 729 86 446 3342 344 63 172 127 52 79 53 256 72 569 52 349 310 99 113 76 137 487 681 264 155 582 123 89 134 375 636 107 159 44 290 85 2393 142 559 128 57 74 339 275 70 97 291 665 965
internal_value=0.00055272 -0.00156969 0.00366555 0.00259977 0.00605391 0.00704447 -0.00106784 -0.00388368 -0.00702336 0.00179065 0.00341795 0.00351701 0.0039136 0.00163412 0.00432616 0.00492154 -0.000618957 -0.00129577 -0.00156509 -0.00212629 -0.00475 -0.00668726 -0.00455861 0.00150547 -0.00829687 -0.0012096 -0.000920455 -0.000783463 0.00210459 -0.00154259 -0.00265038 0.00161677 0.00428053 0.00327563 -0.00110978 -0.00249396 -0.00785489 0.00177746 0.000257757 0.00319149 -0.0028125 -0.00979502 0.00372963 -0.000949495 -0.00286219 -0.00853933 0.0048127 -0.0015231 -0.00136929 0.000253165 0.000498853 -0.0056338 0.00261923 0.00170765 0.00753695 -0.00241969 -0.0036575 0.000768293 -0.00215661 -0.010732 0.00233429 0.00864773
internal_weight=21357 12699 8658 5988 2670 921 11630 1598 1069 5067 2461 1351 2360 972 2277 2102 10032 6690 6382 387 299 1051 690 547 319 6063 5719 5647 1175 4472 265 166 826 750 4162 2068 316 345 2094 610 175 682 1656 1484 848 266 613 1752 240 2606 871 638 1299 1097 202 1462 1053 409 778 361 1040 1319
internal_count=21357 12699 8658 5988 2670 921 11630 1598 1069 5067 2461 1351 2360 972 2277 2102 10032 6690 6382 387 299 1051 690 547 319 6063 5719 5647 1175 4472 265 166 826 750 4162 2068 316 345 2094 610 175 682 1656 1484 848 266 613 1752 240 2606 871 638 1299 1097 202 1462 1053 409 778 361 1040 1319
is_linear=0
shrinkage=0.03


Tree=77
num_leaves=63
num_cat=0
split_feature=20 11 20 7 14 14 1 20 1 27 12 15 10 25 0 15 7 15 22 7 1 7 17 9 16 27 27 14 7 6 17 15 7 7 0 25 25 7 17 14 27 21 17 6 25 21 27 7 17 14 14 27 10 27 22 22 27 25 17 21 7 20
split_gain=148.935 38.9282 33.5629 29.5627 20.5018 18.3208 17.2368 15.0457 14.4998 14.4824 14.1425 13.4745 14.2096 14.4356 11.987 12.1511 11.7927 13.8121 11.2491 10.6333 10.4231 10.174 8.94507 8.87077 8.34284 8.24553 11.0514 9.45674 11.7615 9.37359 8.18343 9.6133 8.08931 7.84455 12.0927 7.7329 7.32197 7.40803 8.21017 7.12816 9.35114 7.13712 7.11573 7.10145 7.00831 8.3973 6.8894 6.75179 6.5715 6.55582 6.50295 5.9097 15.6699 9.93348 16.7979 12.0131 11.7377 12.3057 12.0625 13.0542 12.2235 13.2578
threshold=-13518.349999999999 4500.2450000000008 -43995.999999999993 0.90892735371523092 2127.0992449850605 2683.0561397392562 5.5000000000000009 -3911.6500000000001 3.5000000000000004 -0.054999999999998821 4280.7194270833343 4900.826822916667 3412.1150000000002 20.290000000000003 37.500000000000007 4538.7125000000005 0.37744852145085445 4450.2480729166682 3473.8936619543661 -0.77786766366919291 2.5000000000000004 0.78523795966413312 2423.4600000000005 3903.1750000000006 4759.5900000000011 -0.56000000000000039 -0.77499999999999847 3823.9461073006587 0.92922379131507438 -0.63405362205439475 2227.6050000000005 4477.732500000001 0.94704596667653973 -0.40614700388750385 74.500000000000014 18.925000000000004 16.810000000000006 -0.81923160956083974 1098.0400000000002 3082.1551059940407 -0.14999999999999944 4632.9150000000009 1951.3100000000002 0.63405362205439486 15.270000000000001 6212.2783333333346 0.065000000000000405 -0.99866806308218525 1436.8950000000002 1997.5253102474228 2732.6387252257637 -0.015000000000000567 1399.1650000000002 0.11999999999999923 3997.0178794642857 3148.3306150793655 0.96499999999999997 19.275000000000002 1500.2250000000001 2333.5283333333341 -0.58482361983252518 -36161.549999999988
decision_type=2 2 2 2 2 2 2 2 2 2 2 2 2 2 2 2 2 2 2 2 2 2 2 2 2 2 2 2 2 2 2 2 2 2 2 2 2 2 2 2 2 2 2 2 2 2 2 2 2 2 2 2 2 2 2 2 2 2 2 2 2 2
left_child=2 3 18 8 -3 51 25 32 11 10 19 12 36 22 15 21 24 23 20 47 -1 -11 -14 -18 -6 26 27 -7 -29 39 31 -28 -5 -16 -35 -9 -2 -38 -39 40 42 -42 -27 49 -26 -46 -36 -10 -12 -21 -47 52 -4 55 56 -53 57 58 59 -55 61 -60
right_child=1 4 5 7 16 6 -8 35 9 14 48 -13 13 -15 33 -17 17 -19 -20 43 -22 -23 -24 -25 44 29 30 28 -30 -31 -32 -33 -34 34 46 -37 37 38 -40 -41 41 -43 -44 -45 45 50 -48 -49 -50 -51 -52 53 -54 54 -56 -57 -58 -59 60 -61 -62 -63
leaf_value=0.00074797094680995708 -0.00027599683681564177 0.0034684027536720841 -0.0046796802831091883 0.0010750110788900534 0.0056288918179261665 -0.0035623624297901201 -0.011390889016823181 0.00059746951472256166 -0.0038340105422622539 8.9181421442239287e-05 -0.00062118968830041858 -0.0010968054570673757 0.0012931958649621399 -0.0012407330914675008 -3.2231992396756227e-05 -0.00078749532534464698 0.00046104357279346252 0.0034037476723786141 -0.0084111857771301327 -0.00029429706912221577 -0.0091219752572359574 0.0012150638432844917 -0.00011781730629527586 -0.000507169683804971 -0.0025098689789608253 -0.010388190028972212 0.00012261032027527819 0.0018712407680769694 -0.0024020036351545394 -3.5667944192105946e-05 -0.0014203000224447847 0.0010190448969697563 -0.00051494940811879885 -0.0015704915088601723 -0.0020776329912632627 0.0028811454847213723 0.0013151229526656039 0.0016571899182133798 9.65517807370908e-05 -0.00074851290635221442 -0.0018433808745139978 0.00055261621565075194 0.00010210718962501807 0.0025255743097985393 0.0021359393903013311 0.0022145416311803424 -1.2888305468168326e-05 0.00033068835246247375 -3.3562306670602556e-05 0.0012637523791181682 -0.00046177811586758818 0.00048172046846886471 0.00021021811232804221 -0.00087579195680368642 0.00096232810180437941 -0.001135559231068881 -0.0029343345434218815 -0.0062957836929976359 0.0004856607127789214 0.00030403063092075298 -0.00013130640324054532 -0.0027996538564764336
leaf_weight=83 500 669 245 87 102 167 316 304 48 574 114 162 1366 67 427 103 392 206 408 49 86 110 138 382 48 415 257 67 48 305 64 109 213 461 40 484 137 113 1558 177 102 64 47 167 889 95 367 505 372 342 91 121 1590 281 196 870 88 95 51 1250 1929 220
leaf_count=83 500 669 245 87 102 167 316 304 48 574 114 162 1366 67 427 103 392 206 408 49 86 110 138 382 48 415 257 67 48 305 64 109 213 461 40 484 137 113 1558 177 102 64 47 167 889 95 367 505 372 342 91 121 1590 281 196 870 88 95 51 1250 1929 220
internal_value=0.000502719 0.00278096 -0.00225497 0.00179135 0.00581217 -0.00180826 -0.00423562 0.00641873 0.00113845 -0.000224185 0.00192428 0.00237877 0.00273325 0.00493321 -0.0018723 0.00104695 0.00441296 0.00195719 -0.00926471 0.00379047 -0.00273529 0.00249635 0.00554153 0.000116129 0.00637439 -0.00311026 -0.00058906 -0.00519435 0.00142241 -0.00472547 0.00243619 0.00416894 0.000697674 -0.00364583 -0.00528193 0.00859316 0.0012343 0.00212272 0.00156998 -0.0064206 -0.00791733 -0.00179641 -0.010108 0.00670841 0.00561833 0.00611989 -0.00150735 0.00083935 -0.00234086 0.00447704 0.000320856 -0.00105954 0.000400327 -0.00158467 -0.000934079 -0.00427923 -0.00136398 -0.00111314 -0.000840032 0.00120431 -0.00226261 -0.00821691
internal_weight=21333 11682 9651 8808 2874 9074 2138 1088 7720 3679 1597 4041 3879 1571 2082 787 2205 980 577 1111 169 684 1504 774 1225 1822 712 282 115 1110 430 366 300 1295 868 788 2308 1808 1671 805 628 166 462 558 1123 1075 407 553 486 391 186 6936 1835 5101 4110 991 3914 3826 3731 1531 2200 271
internal_count=21333 11682 9651 8808 2874 9074 2138 1088 7720 3679 1597 4041 3879 1571 2082 787 2205 980 577 1111 169 684 1504 774 1225 1822 712 282 115 1110 430 366 300 1295 868 788 2308 1808 1671 805 628 166 462 558 1123 1075 407 553 486 391 186 6936 1835 5101 4110 991 3914 3826 3731 1531 2200 271
is_linear=0
shrinkage=0.03


Tree=78
num_leaves=63
num_cat=0
split_feature=10 20 9 26 1 12 20 27 10 26 25 11 12 1 27 12 1 12 18 4 27 12 27 17 8 11 12 12 18 8 25 17 12 0 8 1 11 10 0 11 0 18 8 18 5 20 11 16 17 12 6 17 12 12 17 17 12 27 17 16 26 1
split_gain=141.436 36.9899 23.9538 19.0825 18.6585 16.8813 16.8389 14.8258 13.8485 12.8674 12.6905 12.4203 11.5467 10.9358 10.5055 10.2763 10.2091 10.0157 9.43601 9.21619 9.39293 9.0806 8.30035 10.7126 8.20661 7.9421 7.90207 7.69897 7.48021 7.46289 7.45068 7.39361 11.3124 7.16844 9.97555 8.55842 6.99955 6.89671 7.2351 6.80048 6.76222 6.63306 8.65532 9.04481 6.56556 6.36142 8.06048 6.34933 7.45536 6.28957 8.49634 5.91856 5.74247 7.13021 5.70485 8.5563 16.9054 9.5352 10.2817 22.3013 7.85773 6.82232
threshold=3200.6450000000004 -43995.999999999993 4997.6400000000003 7.6000000000000005 3.5000000000000004 4398.1138318452386 -15233.249999999998 -0.62499999999999989 3823.3950000000004 10.600000000000001 19.125000000000004 2920.7600000000007 4468.7751488095246 5.5000000000000009 -0.30499999999999966 4403.9769122023818 2.5000000000000004 3149.2457068452381 10507.450000000003 1.0000000180025095e-35 0.22000000000000067 4330.9977232142874 -0.04500000000000081 1627.8350000000003 0.037621334799590643 2470.9300000000007 3970.4237202380959 3614.8501711309532 16378.500000000002 0.97648852793709995 17.905000000000005 1001.8700000000001 6003.6879092261906 26.500000000000004 -0.99080143622829031 1.5000000000000002 199.01000000000002 2200.8900000000008 14.500000000000002 4001.4900000000002 22.500000000000004 13953.050000000001 0.51113019672828186 20801.250000000004 -0.72947329433276231 -2455.5999999999981 8999.3850000000002 4759.5900000000011 249.05500000000004 4088.4557366071435 -0.29012925520284105 2423.4600000000005 3728.8275818452389 3156.1694270833336 99.415000000000006 499.56500000000005 2792.9020610119055 0.96499999999999997 1016.2300000000001 4799.7400000000007 9.9500000000000011 4.5000000000000009
decision_type=2 2 2 2 2 2 2 2 2 2 2 2 2 2 2 2 2 2 2 2 2 2 2 2 2 2 2 2 2 2 2 2 2 2 2 2 2 2 2 2 2 2 2 2 2 2 2 2 2 2 2 2 2 2 2 2 2 2 2 2 2 2
left_child=1 3 4 17 5 8 9 30 -2 12 22 -12 15 14 44 21 -9 -1 -14 33 -21 29 23 26 25 -11 52 -24 45 36 -7 32 -20 34 -10 -35 -3 -23 -39 47 -13 -15 -43 -44 -4 46 -28 -8 -49 -29 -51 -31 53 -6 -38 56 -56 58 59 -57 -61 -58
right_child=2 6 13 -5 10 7 39 16 19 24 11 40 18 41 -16 -17 -18 -19 31 20 -22 37 27 -25 -26 -27 28 49 -30 51 -32 -33 -34 35 -36 -37 54 38 -40 -41 -42 42 43 -45 -46 -47 -48 48 -50 50 -52 -53 -54 -55 55 57 61 -59 -60 60 -62 -63
leaf_value=0.00058753240738729229 0.00049584032016722899 -0.0067129218524953193 0.0048662837709006011 -0.012145574660500919 0.00066851577226277213 -0.0007264207757379992 -0.00066351195845312458 -0.00055454242491384423 -0.0020135276569859428 -0.026291221669062892 -0.0002854681570485695 0.0019876213831641109 -0.0052827196953628428 -0.00059594713656787592 0.0039207562065115111 0.0010070853988851391 0.00051905519453962154 -0.048334481557195191 -0.0010414610258641498 -0.0028519344646967147 0.0022401502952263375 -0.0038105640540582806 1.6373376247784675e-05 0.00081794840618051976 -0.001021294620298172 -0.00010573321160840976 -0.00047397843886479049 -0.00094017464201898268 0.0014987968142695074 0.00047818184173822772 0.001576872436998844 -0.00099888748395462914 0.0016163723639212523 0.0047914231376939755 0.001326621006644535 0.0014345577121533282 0.00081329662243497132 -0.00086349434572484006 0.00041399604549012813 0.0010024936416629692 0.00081760507557119048 0.0024547322488008305 -0.0014749182694307184 0.0025581612755514981 0.00074932958854059708 -0.00069303339381633579 0.0011402169775913417 0.00086442727711673936 -5.0202506644181351e-06 -0.0012173755695417388 0.0006300252635192471 -0.0002018077794487283 0.0013224726271488583 -0.0011246987692637412 0.0022073560861299458 -0.0019654476084233962 -0.0017080039220480181 -0.0024707278039418413 -0.00022673236221987025 0.00078134524063458769 -0.0035692474432042062 -0.028117172799642303
leaf_weight=154 1545 106 151 374 111 56 149 342 44 177 145 265 275 112 806 122 89 58 123 47 42 144 645 482 236 52 149 288 40 128 212 464 51 404 310 427 154 83 109 313 207 261 114 68 283 174 54 170 3864 76 107 77 99 83 90 161 496 77 3825 776 56 111
leaf_count=154 1545 106 151 374 111 56 149 342 44 177 145 265 275 112 806 122 89 58 123 47 42 144 645 482 236 52 149 288 40 128 212 464 51 404 310 427 154 83 109 313 207 261 114 68 283 174 54 170 3864 76 107 77 99 83 90 161 496 77 3825 776 56 111
internal_value=0.000417884 -0.00153399 0.00349193 -0.00889267 0.00263734 0.00410912 -0.00118523 -6.42857e-05 0.00514362 -0.00201989 0.00086637 0.00468447 -0.00171625 0.00655624 0.00812248 -0.00127302 -0.00350694 -0.00169014 -0.00487418 0.00745882 -0.00183333 -0.00143807 -0.000155912 0.00158424 -0.00685622 -0.0108913 -0.000759494 -0.00201432 -0.00340909 -0.00117118 0.00546468 -0.00286385 0.0024 0.00815767 0.00456338 0.00968149 -0.00136853 -0.00623145 -0.00248705 0.000280187 0.00704017 0.00304856 0.00469595 -0.000327869 0.00434483 -0.00472222 -0.00110294 -3.94359e-05 0.000185874 -0.00492585 -0.000570652 0.00444175 0.0030102 0 -0.00122673 -0.00138387 -0.0044914 -0.000940564 -0.000771944 0.00194668 0.00392557 -0.00629112
internal_weight=21213 12975 8238 586 6443 3518 12389 699 2819 7893 2925 617 7428 1795 1240 6515 431 212 913 1274 89 6393 2308 1192 465 229 710 1116 417 6057 268 638 174 1185 354 831 5852 336 192 4496 472 555 443 182 434 377 203 4183 4034 471 183 205 293 194 5746 5592 697 4895 4818 993 832 607
internal_count=21213 12975 8238 586 6443 3518 12389 699 2819 7893 2925 617 7428 1795 1240 6515 431 212 913 1274 89 6393 2308 1192 465 229 710 1116 417 6057 268 638 174 1185 354 831 5852 336 192 4496 472 555 443 182 434 377 203 4183 4034 471 183 205 293 194 5746 5592 697 4895 4818 993 832 607
is_linear=0
shrinkage=0.03


Tree=79
num_leaves=63
num_cat=0
split_feature=10 10 14 17 1 9 14 20 26 26 26 26 7 1 14 15 26 23 20 10 8 27 27 12 27 20 14 22 17 8 1 14 12 12 8 12 12 15 17 27 21 7 27 12 26 26 27 16 21 17 12 14 14 21 10 20 17 22 20 17 6 10
split_gain=132.065 38.9081 25.8674 22.0603 20.1753 21.4428 14.0457 13.3742 12.1036 11.4594 14.1736 12.5055 16.6862 10.4037 14.4721 12.0165 17.3858 11.689 10.3436 10.2749 10.2412 9.98646 13.0978 14.6811 11.1766 10.1383 9.79938 9.63361 11.1727 14.095 11.3533 10.9212 10.3982 12.5142 9.9811 9.70659 9.25811 9.24171 9.21674 13.0917 10.0295 9.13417 10.5262 8.56475 8.51304 8.44949 10.0971 9.77727 10.7041 9.20993 8.43252 8.22794 10.6882 14.678 8.14499 7.98493 9.14747 7.94938 7.55875 7.5051 7.86363 7.13468
threshold=3251.5450000000005 1005.1400000000001 1991.6595198836351 915.37500000000011 1.0000000180025095e-35 5070.7600000000011 2683.0561397392562 7179.6999999999998 7.5600000000000014 7.1950000000000012 7.3050000000000006 6.6950000000000012 -0.63255557784149707 4.5000000000000009 2493.4827235754797 4289.4120833333336 7.3050000000000006 24.531250000000004 -4163.3499999999995 6900.170000000001 -0.97161409608080718 -0.015000000000000567 -0.60000000000000042 3671.8128348214291 0.030000000000000252 -41248.099999999991 2176.1906916533894 3081.5855605158736 1543.2000000000003 0.55478649335567887 3.5000000000000004 2109.2342947895363 4143.8247767857147 3886.5781845238103 -0.33426211444629356 2315.9631547619051 3106.6167559523815 3337.5410937500005 1004.0650000000002 -0.099999999999999631 3803.2683333333339 0.91248814248966237 0.26500000000000062 3397.7558333333336 9.2800000000000029 9.1800000000000015 0.30499999999999977 4830.1600000000008 5156.2550000000019 2585.1200000000003 3764.9851860119056 1915.0207982387251 1872.8328185224277 3739.5366666666673 5150.4600000000009 -33362.499999999993 1109.6700000000003 3181.3910726686513 -33362.499999999993 99.530000000000015 -0.81241147629688992 4092.1800000000007
decision_type=2 2 2 2 2 2 2 2 2 2 2 2 2 2 2 2 2 2 2 2 2 2 2 2 2 2 2 2 2 2 2 2 2 2 2 2 2 2 2 2 2 2 2 2 2 2 2 2 2 2 2 2 2 2 2 2 2 2 2 2 2 2
left_child=1 3 4 8 -2 41 18 13 -1 11 -11 12 -8 14 45 16 43 19 21 -16 -19 22 23 -3 -23 -24 -5 -26 31 34 -31 35 33 44 36 -29 -30 -37 -27 -40 -41 -6 -43 -15 -33 46 49 48 -47 -4 -49 52 53 -32 -17 -12 -57 -52 -39 -10 -61 -22
right_child=2 6 7 26 5 -7 9 -9 59 10 55 -13 -14 15 17 54 -18 20 -20 -21 61 24 25 -25 27 38 -28 28 29 30 51 32 -34 -35 -36 37 -38 58 39 40 -42 42 -44 -45 -46 47 -48 50 -50 -51 57 -53 -54 -55 -56 56 -58 -59 -60 60 -62 -63
leaf_value=-0.0032145494058505261 0.0038228502009988751 -0.0087180237034421813 0.0017441546715634714 0.000752086981966853 0.00027029923670625068 0.0039083398646704024 0.00071205280722166366 0.0025415923790309413 0.002860286818166182 -0.0070371518560736531 -0.0054962540819140223 0.00054590045440453319 -0.0015629042975472984 0.0007288378868565104 -0.00054820033749850342 0.00028383337497874802 0.00012253541970062897 -0.0012954185957730945 0.00049075899970224763 0.0010434595314900985 0.00017313658339386249 -0.0011731615651416228 -0.0063421756448975141 0.00014489173398582356 -0.00090924238798923969 0.00080304443689273699 -0.0013259536849337516 -0.001856037677989244 0.0010342639142533105 5.4037031219698049e-05 0.00010595352729166673 -0.00026168214378383679 0.0020415956046566965 -0.0030157102377517653 -0.0024026744401792932 0.0005945648162301076 -0.00041508119451292734 -0.010643994561521772 -2.807239097561087e-05 -0.00013458565752047847 0.0017865956171820585 0.0022900983840995082 -7.1345301777370199e-05 -0.0018494287721274993 0.0020207193224913221 -0.0026556986566196581 -0.0003468125033657898 0.0025920475985868664 0.0043292754834657289 -0.00010157078589065449 0.00054412921434417779 -0.00051382740841168231 0.0011256548050841708 -0.0021811164389854598 0.0023776186757316696 -9.0387981333783779e-05 -0.0013413721392231759 -0.0004004131245294484 4.2971389305614945e-05 -0.018920636074986102 -0.0094440052677947067 0.0015347854668542559
leaf_weight=177 258 138 1131 129 887 361 107 622 40 204 169 357 199 59 385 657 629 74 574 88 805 247 96 170 439 561 326 79 40 1592 252 768 74 137 384 1132 107 48 1216 69 218 253 106 283 57 94 149 165 40 121 101 873 72 148 124 779 594 128 183 450 183 425
leaf_count=177 258 138 1131 129 887 361 107 622 40 204 169 357 199 59 385 657 629 74 574 88 805 247 96 170 439 561 326 79 40 1592 252 768 74 137 384 1132 107 48 1216 69 218 253 106 283 57 94 149 165 40 121 101 873 72 148 124 779 594 128 183 450 183 425
internal_value=0.000317099 -0.00150123 0.00338095 -0.00642037 0.00647106 0.00521455 -0.000969464 0.00243217 -0.00927145 -0.00301867 -0.00429307 0.000338855 -0.00410423 0.0019564 0.00285676 5.13406e-05 -0.00217593 0.0009027 -0.000458915 -0.00313291 0.00236782 -0.000705417 0.000923451 -0.00485437 -0.00131162 0.00174919 -0.00108553 -0.00106874 -0.000751639 -0.00185068 -0.00103642 0.000786608 -0.0015622 -0.00239875 -0.00634398 0.00247401 0.000304054 0.00306818 0.0021937 0.00096742 0.00671875 0.00334403 0.007375 -0.00760933 -0.000998789 0.00465544 0.00587375 0.00141777 -0.00555556 0.0067518 0.00379747 -0.00306464 0.00012685 -0.00179551 0.00281969 -0.00330525 -0.00254367 6.52174e-05 -0.00239224 -0.0111053 -0.0119006 0.00302193
internal_weight=21333 13388 7945 1305 1865 1607 12083 6080 850 2409 1746 663 306 5458 3706 1752 971 1777 9674 473 1304 9100 2468 308 6632 2160 455 6385 5946 3468 2937 2478 1036 962 531 1442 147 1363 2064 1503 287 1246 359 342 825 1929 1401 528 134 1252 394 1345 472 400 781 1542 1373 229 231 673 633 1230
internal_count=21333 13388 7945 1305 1865 1607 12083 6080 850 2409 1746 663 306 5458 3706 1752 971 1777 9674 473 1304 9100 2468 308 6632 2160 455 6385 5946 3468 2937 2478 1036 962 531 1442 147 1363 2064 1503 287 1246 359 342 825 1929 1401 528 134 1252 394 1345 472 400 781 1542 1373 229 231 673 633 1230
is_linear=0
shrinkage=0.03


Tree=80
num_leaves=63
num_cat=0
split_feature=20 9 20 26 14 26 21 10 3 12 12 24 15 20 22 26 10 26 12 15 14 8 16 12 26 21 8 26 12 27 5 17 14 17 6 15 12 15 27 15 27 0 27 22 22 22 17 8 10 16 15 15 9 8 14 17 21 8 26 27 27 27
split_gain=130.084 32.7955 26.1412 16.2243 15.4598 15.1267 13.7808 12.4004 13.4951 14.5503 11.1734 11.1485 9.71324 15.6702 13.2123 18.6849 11.6891 11.9393 10.4753 9.26664 8.98552 9.02896 15.7663 11.6785 8.42873 8.43313 8.33296 9.19756 8.27776 10.814 7.70559 7.50852 8.47144 7.30518 9.80756 7.04279 7.71407 9.37553 6.89309 22.2005 12.8882 10.3836 10.0854 16.7058 12.4641 10.5297 14.8853 11.044 16.4385 10.9354 9.15576 7.81048 7.38675 7.2246 6.87847 7.10442 10.6364 6.85453 6.69457 6.53822 6.4837 6.64073
threshold=-13518.349999999999 5135.6650000000018 -43995.999999999993 7.6000000000000005 2683.0561397392562 9.6800000000000015 6279.5700000000015 3849.1150000000002 1.0000000180025095e-35 4452.5167336309532 3149.2457068452381 2.4000000000000008 3691.0873437500004 -34410.150000000001 5167.0123989335325 7.1950000000000012 1885.8950000000002 6.705000000000001 4244.8191220238105 4844.1133333333346 2193.0636641980013 0.62420859727530387 6350.3750000000009 3295.842202380953 9.4200000000000017 2233.9550000000004 -0.49812626372919411 10.925000000000002 3473.4918601190479 -1.0000000180025095e-35 -0.81241147629689037 1750.4250000000002 1883.0271659907678 300.94000000000005 -0.77259657388510605 4125.6800000000012 3416.7719270833336 3493.3750000000005 -0.60000000000000042 3700.7111458333334 -0.015000000000000567 58.500000000000007 0.16499999999999918 3148.3306150793655 3997.0178794642857 3081.5855605158736 1500.2250000000001 0.71353761266622884 1419.9650000000001 4750.5100000000011 4529.696406250001 4071.6937500000004 2975.1000000000004 0.97648852793709995 1932.5277498875937 499.48000000000008 5069.3433333333342 -0.99983123799342477 7.8050000000000006 0.18499999999999875 -0.73499999999999932 -0.54999999999999882
decision_type=2 2 2 2 2 2 2 2 2 2 2 2 2 2 2 2 2 2 2 2 2 2 2 2 2 2 2 2 2 2 2 2 2 2 2 2 2 2 2 2 2 2 2 2 2 2 2 2 2 2 2 2 2 2 2 2 2 2 2 2 2 2
left_child=2 7 3 10 38 12 54 20 9 -9 -1 -11 13 -6 -14 16 -16 -18 -17 -19 21 23 -23 -2 28 -26 27 -27 -22 -30 -10 -25 -33 34 -7 36 37 -28 39 -4 41 -40 43 -42 45 -44 49 48 -48 -47 -46 58 53 57 -3 56 -56 -45 -49 -31 -32 -62
right_child=1 6 4 -5 5 33 -8 8 30 11 -12 -13 14 -15 15 18 17 19 -20 -21 24 22 -24 31 25 26 35 -29 29 59 60 32 -34 -35 -36 -37 -38 -39 40 -41 42 -43 44 52 50 46 47 51 -50 -51 -52 -53 -54 -55 55 -57 -58 -59 -60 -61 61 -63
leaf_value=0.00065186860707464153 0.00016740076382181 0.0050342400544113276 -0.013053361517535488 -0.012456583824555327 -0.006965148126557485 -0.0073157731934600572 -0.00050384849394163205 0.0015922366552758404 -0.00076216955276279912 -0.00041329846826417156 -0.046519133645262334 0.00093169097977915168 0.00010562680588311223 0.00041452787865035921 0.0009934958917123904 -0.0029787275503006506 -0.0029542880824788131 0.00092420533542869165 -0.022683270090529967 -0.00099144636060830558 0.00062316842187964733 0.0022513198559608494 8.080884626942009e-06 0.0017683054551968346 0.0004945196271846264 -0.00039909600743115448 0.0020457742104900054 0.0011538792026277544 0.00025562952832021147 -0.00057831504254357569 -0.00069630656565006883 0.0014736210671974746 -0.0001073500039768227 -0.0066626656385653325 0.0014539804689129587 0.00012268153724866336 -0.0018200126458670328 -0.0027224122271031792 4.9663728437812079e-05 0.00055550649655359055 0.00071970082904244666 0.0010931498756605151 -0.0012876289278536078 0.00039264554942035622 0.0011907059356659655 -0.002413168656368665 0.0005133350617228771 -0.00022529947103060887 -0.0021355515805635684 0.00036398618440058872 -0.00029914343864522852 -0.0011334997515865819 0.00048881548107024384 -1.32449554539793e-05 0.010704256079138474 0.0029515044512765784 -0.0022270770973801214 -0.0012881694150679124 0.00022397121528096696 0.00024102171498528334 0.0016700618075453644 0.00026962869162004742
leaf_weight=157 583 263 170 361 75 48 127 1711 270 266 62 217 401 391 67 284 102 102 245 48 327 140 1511 613 45 98 72 80 1869 516 61 108 186 366 60 127 292 72 1248 96 159 321 344 69 145 57 75 866 424 1156 54 66 54 196 47 940 64 925 433 209 128 698
leaf_count=157 583 263 170 361 75 48 127 1711 270 266 62 217 401 391 67 284 102 102 245 48 327 140 1511 613 45 98 72 80 1869 516 61 108 186 366 60 127 292 72 1248 96 159 321 344 69 145 57 75 866 424 1156 54 66 54 196 47 940 64 925 433 209 128 698
internal_value=0.000590323 0.00272399 -0.00198951 -0.00815835 -0.00159317 -0.00378767 0.00695908 0.002125 0.00362023 0.00500228 -0.00170455 0.000402893 -0.00247378 0.00122056 -0.003852 -0.00597173 -0.000234375 -0.00320158 -0.00942453 0.00218543 0.0013929 0.0025732 0.00104419 0.00426559 0.000392395 -0.00236341 -0.00313342 0.00251397 0.0011345 0.000566474 0.000997409 0.00639317 0.00244068 -0.00852632 -0.00165138 -0.00492021 -0.00672769 -0.00103448 -0.000892258 -0.00561798 -0.000700743 0.00167197 -0.00144208 -0.00360043 -0.000604805 -0.0010301 -0.00047271 -0.0021555 -0.00597 0.00211285 0.006675 -0.000757687 -0.00477108 -0.00526448 0.00787072 0.00677281 -0.000401786 -0.00630151 -0.000242308 -0.00254132 0.00234797 0.00304716
internal_weight=21267 11640 9627 580 9047 2189 1441 10199 3351 2194 219 483 1715 466 1249 848 319 252 529 150 6848 3141 1651 1490 3707 786 741 178 2921 2594 1157 907 294 474 108 563 436 144 6858 266 6592 1569 5023 1403 3620 3421 3077 1864 499 1213 199 1365 1244 1190 1314 1051 111 994 1299 725 887 826
internal_count=21267 11640 9627 580 9047 2189 1441 10199 3351 2194 219 483 1715 466 1249 848 319 252 529 150 6848 3141 1651 1490 3707 786 741 178 2921 2594 1157 907 294 474 108 563 436 144 6858 266 6592 1569 5023 1403 3620 3421 3077 1864 499 1213 199 1365 1244 1190 1314 1051 111 994 1299 725 887 826
is_linear=0
shrinkage=0.03


Tree=81
num_leaves=63
num_cat=0
split_feature=20 11 9 7 12 1 17 25 20 11 12 25 25 17 17 12 17 26 27 21 26 15 15 23 27 1 0 15 7 7 21 0 4 7 17 1 15 12 26 18 12 12 21 15 9 18 26 7 21 15 2 0 17 6 12 11 21 11 17 23 25 26
split_gain=124.043 36.9118 27.1335 21.3415 19.7762 17.403 16.5324 15.4953 13.0687 11.0127 10.551 11.8091 9.72028 9.2464 9.0778 8.86568 8.71134 12.5234 18.5866 13.7842 12.1428 9.09524 9.92481 11.0781 8.71223 8.51883 14.1413 12.1651 11.5067 12.7005 10.4193 8.89978 8.42797 8.31806 8.691 17.847 10.2698 11.585 8.7852 8.70847 8.32516 8.93614 7.70121 12.439 8.65214 7.69442 7.62226 10.9296 7.62508 7.90526 10.1929 7.57564 9.16025 7.40699 7.27034 7.21285 7.02161 6.90723 6.88386 7.11914 6.79183 6.62018
threshold=-12830.149999999998 4546.6350000000011 999.25500000000011 0.90162119223771331 3941.0669568452381 1.0000000180025095e-35 1780.6200000000001 18.925000000000004 6715.2500000000009 199.01000000000002 4851.6893750000008 15.370000000000003 18.195000000000004 95.020000000000024 200.01000000000002 5800.115022321429 200.01000000000002 9.7650000000000023 0.30499999999999977 4371.671666666668 9.7300000000000022 2368.5494791666674 2559.1267187500002 22.306250000000006 0.96499999999999997 5.5000000000000009 37.500000000000007 4900.826822916667 -0.108376950152639 -0.2102246306142678 5552.6833333333334 69.500000000000014 1.0000000180025095e-35 0.97508442350096236 1016.2300000000001 5.5000000000000009 4840.2518229166681 4780.5381324404771 6.9800000000000013 13713.500000000002 4468.7751488095246 4418.4505654761915 2683.8333333333339 3167.192239583334 1545.9400000000003 11050.350000000002 7.7350000000000012 1.0000000180025095e-35 5511.0650000000014 3167.192239583334 2.5000000000000004 33.500000000000007 1700.0900000000004 1.0000000180025095e-35 2824.4009598214293 2500.1550000000002 2968.4400000000005 2962.0150000000003 1900.7000000000003 14.806250000000002 19.045000000000005 10.075000000000001
decision_type=2 2 2 2 2 2 2 2 2 2 2 2 2 2 2 2 2 2 2 2 2 2 2 2 2 2 2 2 2 2 2 2 2 2 2 2 2 2 2 2 2 2 2 2 2 2 2 2 2 2 2 2 2 2 2 2 2 2 2 2 2 2
left_child=2 3 5 13 12 10 8 15 14 54 11 -1 32 -2 -6 -5 -11 20 19 42 21 -18 23 55 33 27 61 28 29 -15 -29 -28 -3 34 35 -24 37 40 -38 -40 41 -36 -19 44 -44 -33 57 -48 49 50 -49 58 -53 60 -4 -23 -31 -30 -51 -60 -9 -27
right_child=1 4 9 7 6 -7 -8 53 -10 16 -12 -13 -14 25 -16 -17 17 18 -20 -21 -22 22 24 -25 -26 26 31 30 46 56 -32 45 -34 -35 36 -37 38 -39 39 -41 -42 -43 43 -45 -46 -47 47 48 -50 51 -52 52 -54 -55 -56 -57 -58 -59 59 -61 -62 -63
leaf_value=-0.0077991625476641424 -0.0034571736190566501 0.002155250807948832 0.00051811790276442779 -3.860734131093224e-05 0.0033021310257575196 -0.012509828992580236 0.0020183457343597587 0.0016498703908972877 0.0036414756192298722 0.00049401472907365299 -0.0084776271105688385 0.0003600738382843138 0.0037987369832918282 0.00034010123715054518 -0.00027171659479634512 0.001747234083112361 -0.0015683822669302037 0.00026412195735106889 0.00051081989144429406 -0.020326044933191099 0.0032576493689225748 0.0009849385935768052 0.00045725737471502992 0.0013016683091442349 -0.0026502311340932394 0.00010887986924654314 -0.0020315503847026226 -0.0012386211793870316 -0.0010324232712367997 -0.00016054183142085953 0.00025056960402559893 -0.0011815920877565134 -0.0023341486106764273 -0.0017481743783956903 -0.00014070298978386298 -0.022999567306502725 -0.00041440221145461642 0.001296950808347046 -0.0055195870248689795 0.00013792107465403268 -0.0016250205664949079 0.00089690785374725297 -0.002748347628570986 -0.00195926034494879 0.00086104196354567001 0.00015397856672196396 0.0035227839326272114 0.00168824294556833 -0.00094412452542938388 0.00060283945838957465 -0.00011290820760564201 -0.0014989328573819626 9.294596742979166e-06 0.0025628686966768831 -0.017279265947163419 -0.00088507571405302963 0.0020387475520201015 -4.4924335030724902e-05 0.00037993779664583725 -0.00020484723397617977 0.00042545686528431046 0.00097341858235331811
leaf_weight=57 81 688 40 405 84 692 497 65 141 403 57 276 502 3063 733 86 357 91 121 263 50 46 1072 166 85 481 245 182 218 40 110 119 47 173 4399 136 230 96 155 44 178 83 61 407 134 410 54 149 65 176 89 101 645 437 93 66 279 587 87 88 191 121
leaf_count=57 81 688 40 405 84 692 497 65 141 403 57 276 502 3063 733 86 357 91 121 263 50 46 1072 166 85 481 245 182 218 40 110 119 47 173 4399 136 230 96 155 44 178 83 61 407 134 410 54 149 65 176 89 101 645 437 93 66 279 587 87 88 191 121
internal_value=0.000457085 0.00261738 -0.0019692 0.00165481 0.0056814 -0.00645429 0.00330701 0.00539241 0.00100104 -0.00142626 -0.00138107 0.000673653 0.00846931 0.00105534 -0.000458435 0.00131098 -0.00129636 -0.00150285 -0.00452226 -0.00592476 -0.00105902 -0.00116097 -0.000919913 0.00462366 -0.00115229 0.00116758 -0.000958606 0.00166077 0.00197005 0.00307715 -0.00430034 -0.00363871 0.00625679 -0.00102787 -0.00085158 0.00143921 -0.00138546 -0.000983813 -0.00582558 -0.010425 -0.00119717 -0.000943565 -0.00369597 -0.00492537 0.00130102 -0.0014434 0.000311947 0.00160825 0.00109208 0.00158308 0.0065272 0.000505464 -0.00120482 0.0082781 -0.00996269 -0.00265487 0.00876562 -0.00202854 0.00413352 -8.52273e-05 0.00420233 0.00248756
internal_weight=21297 11266 10031 8574 2692 1082 1455 1184 958 8949 390 333 1237 7390 817 491 8816 8413 1077 956 7336 7286 6929 278 6651 7309 1376 5933 5641 3382 292 774 735 6566 6393 1208 5185 4756 429 199 4660 4482 693 602 195 529 2259 1454 1400 1335 238 1097 746 693 133 112 319 805 351 175 256 602
internal_count=21297 11266 10031 8574 2692 1082 1455 1184 958 8949 390 333 1237 7390 817 491 8816 8413 1077 956 7336 7286 6929 278 6651 7309 1376 5933 5641 3382 292 774 735 6566 6393 1208 5185 4756 429 199 4660 4482 693 602 195 529 2259 1454 1400 1335 238 1097 746 693 133 112 319 805 351 175 256 602
is_linear=0
shrinkage=0.03


Tree=82
num_leaves=63
num_cat=0
split_feature=10 11 20 14 14 22 7 22 7 10 27 4 14 11 26 27 23 27 12 27 27 14 8 14 22 27 1 8 27 7 7 7 7 16 7 26 12 1 7 21 11 1 21 12 0 24 14 7 0 16 26 26 1 22 22 1 12 14 26 24 14 11
split_gain=108.742 32.7636 24.2579 20.7331 16.7932 16.278 14.0076 14.3599 13.3327 12.4196 12.3436 10.7801 11.0168 10.5828 11.6689 10.2473 10.4419 10.2157 19.7338 11.9475 13.9036 11.5291 15.5565 9.26374 18.0794 11.8333 9.16751 9.64979 13.0654 8.70608 8.93212 8.39829 8.2948 12.0172 10.2745 7.94554 9.19176 7.7452 7.68666 7.23736 7.00758 6.96463 7.6346 9.69444 10.5144 8.10351 9.51801 7.45912 7.38085 13.0671 7.82822 8.02374 7.69145 7.11586 7.05314 6.95413 7.29857 10.8928 7.77888 6.81742 6.80129 6.78743
threshold=2870.7150000000006 4069.1000000000008 -46912.199999999997 2125.5590654165449 2683.0561397392562 6049.0775074404764 0.89404822654372251 5849.073685515873 0.95242846126021108 3823.3950000000004 -0.56000000000000039 1.0000000180025095e-35 2286.9612918907301 2726.7000000000003 10.205000000000002 0.96499999999999997 33.631250000000009 -0.60000000000000042 3671.8128348214291 -0.015000000000000567 0.029999999999998476 2066.3310839793553 0.1318557721318592 2152.2219207903777 4705.6813659474219 0.96499999999999997 1.5000000000000002 -0.41399101439218416 -0.68000000000000138 -0.9442364261229238 0.37744852145085445 0.92922379131507438 0.34537287020513602 5500.0250000000005 0.99761913169647187 11.325000000000001 3482.2121428571431 1.0000000180025095e-35 0.99274428880883148 6345.8816666666671 6399.9650000000011 3.5000000000000004 5410.2333333333345 2976.6554092261908 87.500000000000014 4.2999999999999998 2753.2667223456815 0.82899317702918729 23.500000000000004 4999.7350000000015 11.265000000000002 10.270000000000001 1.0000000180025095e-35 3184.7746366567462 3770.0200248015881 5.5000000000000009 4263.5606994047621 3124.4827047984504 7.955000000000001 7.200000000000002 2116.1701502252254 4900.1400000000003
decision_type=2 2 2 2 2 2 2 2 2 2 2 2 2 2 2 2 2 2 2 2 2 2 2 2 2 2 2 2 2 2 2 2 2 2 2 2 2 2 2 2 2 2 2 2 2 2 2 2 2 2 2 2 2 2 2 2 2 2 2 2 2 2
left_child=2 5 -1 -3 17 6 7 15 -8 -10 26 32 -13 14 55 16 41 18 -4 21 -21 22 -19 24 25 35 -6 28 -28 -25 -31 -29 33 -5 38 36 -22 -32 61 40 -35 47 43 44 -43 46 -44 48 49 54 51 -51 -50 -49 -2 56 58 -58 -12 -30 -23 -34
right_child=1 3 4 11 10 -7 8 -9 9 -11 13 12 -14 -15 -16 -17 -18 19 -20 20 23 60 -24 29 -26 -27 27 31 59 30 37 -33 34 39 -36 -37 -38 -39 -40 -41 -42 42 45 -45 -46 -47 -48 53 52 50 -52 -53 -54 -55 -56 -57 57 -59 -60 -61 -62 -63
leaf_value=-0.01532972223227321 0.00049226605575072304 0.0022161560769506927 -0.012536453644122311 0.0038375854825256181 0.00033119617892270355 -0.00082912008233207316 0.0021255075393561817 0.0016902097108875492 -0.00019118323758750221 0.0010607965911079197 -0.0016506479464245727 -0.0039319033846331132 0.00048108914099805663 -0.00010161432844929319 -0.021564391182387465 -0.0016845432974998298 -0.0014325768455980502 -0.0019375735060494037 0.00051923303581864473 -0.0023674182227969263 -9.8925002649479234e-05 0.0031870206892198058 0.00041167406138095327 -0.0068809540673455145 0.0012996931387959832 -0.0025729909970030286 -0.005463714673880053 0.00072224306720047426 0.0018192264801384227 -0.00011269139878061551 0.00030301368432600562 -0.0025441057134041631 -0.0005133011507359519 0.0006780412857605888 0.0050552882106012472 -0.0013142597764545627 0.00033082521987129351 -0.0015854337156910603 -0.00056544434414233173 -0.00035683184349511344 0.0031716485706602881 0.0008033923893298933 0.00055283714829542415 -0.00017032985278262911 -0.00050239691566144272 0.0015802188955462882 -0.0012287473962678595 0.00015257046969154863 0.0015265118978833403 0.00022289206019410202 -0.0012321930513810653 0.0012900693120776018 0.00039955018785711613 -0.0012795978354185156 -0.0014843293508452326 -0.007420915291068959 -0.0043604763142550372 0.00032217665597847664 0.00085960202737225269 -0.0008983741115418997 0.00032263301992608185 0.00094757153376036742
leaf_weight=343 40 944 174 257 358 124 349 263 261 277 204 91 178 324 235 58 152 292 100 151 2818 54 251 53 118 109 208 176 54 1078 87 50 193 1017 71 61 751 393 126 144 295 274 103 1941 53 220 51 106 584 708 55 75 1241 66 149 202 286 108 111 41 1111 528
leaf_count=343 40 944 174 257 358 124 349 263 261 277 204 91 178 324 235 58 152 292 100 151 2818 54 251 53 118 109 208 176 54 1078 87 50 193 1017 71 61 751 393 126 144 295 274 103 1941 53 220 51 106 584 708 55 75 1241 66 149 202 286 108 111 41 1111 528
internal_value=0.000497981 0.00257299 -0.00171666 0.00480624 -0.00144593 0.00137184 0.00156254 0.00105293 0.00508446 0.00211503 -0.00365776 0.00354705 -0.00216667 -0.0053433 -0.00669573 0.000745278 0.000871284 -0.000759669 -0.00643636 -0.000546534 -0.00121441 0.00165009 -0.00195772 -0.000965442 -0.000167185 -0.000533422 -0.000861486 -0.00336792 -0.00685855 -0.00287531 -0.00246312 0.00132159 0.00413184 0.00536464 0.00182807 -0.000239603 -5.46218e-05 -0.00586279 0.000902123 0.00430336 0.00500381 0.00107994 -4.5403e-05 -0.000700749 0.00407012 0.00392 -0.00135484 0.00206281 0.00242902 0.000393969 0.00200238 0.00277423 0.00357338 -0.00398844 -0.00671053 -0.00514803 -0.00373944 -0.0064557 -0.000332278 0.00234375 0.0033319 0.00209834
internal_weight=21295 10994 10301 3844 9958 7150 7026 6139 887 538 2357 2900 269 1470 1146 5876 5818 7601 274 7327 5619 1708 543 5468 3857 3739 887 529 303 1611 1558 226 2631 1713 918 3630 3569 480 847 1456 1312 5666 2642 2268 327 374 154 3024 2852 1027 838 783 1825 172 189 911 709 394 315 95 1165 721
internal_count=21295 10994 10301 3844 9958 7150 7026 6139 887 538 2357 2900 269 1470 1146 5876 5818 7601 274 7327 5619 1708 543 5468 3857 3739 887 529 303 1611 1558 226 2631 1713 918 3630 3569 480 847 1456 1312 5666 2642 2268 327 374 154 3024 2852 1027 838 783 1825 172 189 911 709 394 315 95 1165 721
is_linear=0
shrinkage=0.03


Tree=83
num_leaves=63
num_cat=0
split_feature=11 10 9 12 21 1 26 11 9 17 4 21 1 0 26 0 16 1 22 27 12 17 14 14 14 7 15 14 14 2 22 16 27 14 1 7 22 26 12 14 21 7 14 10 27 7 27 26 17 22 0 27 27 7 10 22 7 14 14 17 21 11
split_gain=109.592 25.1896 22.4774 16.9294 15.9916 15.938 16.1799 14.7341 13.7687 13.4802 9.96906 11.03 9.2117 21.7059 9.06412 8.92005 25.7983 11.6794 12.4232 8.46339 8.40584 8.82287 8.40259 16.0817 8.39716 8.38834 8.37752 11.1776 11.0246 10.1546 8.33085 8.13385 8.11769 7.72552 15.3203 12.7979 11.2598 7.50367 8.91557 7.4971 7.64638 7.40035 7.26987 7.17746 7.0195 6.80254 11.8776 6.79804 8.23206 10.544 8.30502 6.73891 9.89676 8.20425 7.24136 8.27163 6.54971 6.45032 6.27411 6.21461 6.84335 6.19679
threshold=3160.0000000000005 1005.1400000000001 5999.3250000000007 4398.1138318452386 6388.0133333333342 5.5000000000000009 7.6700000000000008 4672.3100000000004 2835.0800000000004 999.88000000000011 1.0000000180025095e-35 2897.2850000000008 5.5000000000000009 23.500000000000004 11.265000000000002 16.500000000000004 5988.6800000000012 1.0000000180025095e-35 5767.4325905257938 -0.79999999999999882 3892.8824702380953 425.72500000000008 2780.5740958588835 2944.7961131733878 1245.9229563567992 0.91596454896554913 5295.0756250000004 2073.9546829034421 1976.7800069054194 3.5000000000000004 3110.8593129960323 8199.3100000000031 0.75000000000000011 2193.0636641980013 1.0000000180025095e-35 0.34537287020513602 5849.073685515873 7.3850000000000007 4048.4881994047623 2549.5486366913683 2368.4900000000007 0.89404822654372251 2331.5714207999913 3569.2300000000005 0.45000000000000112 0.90162119223771331 0.25499999999999906 7.8450000000000015 1815.1000000000001 3418.9361396329373 49.500000000000007 0.10000000000000055 -0.27000000000000129 -0.91936887716170002 2920.6200000000003 5686.9315625000008 0.83849049182116964 2738.3384786993138 2120.8416706837265 425.72500000000008 4217.2983333333341 4082.5550000000007
decision_type=2 2 2 2 2 2 2 2 2 2 2 2 2 2 2 2 2 2 2 2 2 2 2 2 2 2 2 2 2 2 2 2 2 2 2 2 2 2 2 2 2 2 2 2 2 2 2 2 2 2 2 2 2 2 2 2 2 2 2 2 2 2
left_child=1 5 3 7 58 6 37 32 10 57 12 -12 14 -14 15 16 -3 18 20 25 24 -22 -5 -24 -17 -19 27 28 -15 -29 -18 43 33 34 -2 -35 56 38 -1 40 -37 -33 -23 -9 -21 51 -47 48 49 50 -46 52 54 -53 -10 -56 -36 59 -4 60 -8 -58
right_child=2 8 4 22 -6 -7 9 31 45 -11 11 -13 13 26 -16 17 30 19 -20 44 21 42 23 -25 -26 -27 -28 29 -30 -31 -32 41 -34 35 36 39 -38 -39 -40 -41 -42 -43 -44 -45 47 46 -48 -49 -50 -51 -52 53 -54 -55 55 -57 61 -59 -60 -61 -62 -63
leaf_value=0.00072459478352978831 0.0031425763415744521 -0.0014514876001675957 0.0062964948939487802 -0.00035826994586459545 -0.0012168064474346707 -0.050168254740964806 -0.0031017920998434611 0.00053278739787982583 -0.00033748663449546963 0.00011007834608832479 0.00066854826934553018 -0.0046588976112268993 0.00024559506739675109 -0.0021943946097113718 -0.0029184322361526147 -0.00047789692416017716 -0.0012188143388417582 -0.0044126337140350282 -0.0011907863702746457 1.6832092415981491e-05 -0.0018268231248729004 -0.00071240658516745546 0.00091010421305641736 -0.00029564222995901444 0.0010648762586888249 0.00015398697732162069 0.00022841476861063193 -0.00026466063198912423 0.0012619470517252962 -0.0097746385037146225 3.6172618262000351e-05 0.00074166516377806248 -0.00076842521764282519 0.00034171938616524674 0.0002625201449611669 0.00029521141566762665 0.0044223846212625515 0.0015116333444136609 -0.0064983596621253793 0.0017152650696132632 -0.0013473920517480308 0.00392370895803861 0.00070546817291416541 0.0041398210999331825 0.00058007236671572923 0.0010748134925772357 -0.00092403387573211757 -0.0023313103190269577 -0.0016260984744724503 0.0013845138887945119 -0.0019358417897971413 0.0012223654928263095 -0.00024552525698370072 8.6643738404905692e-05 0.00015577136151325276 0.0013315956352309044 0.0004836071325050506 -0.02223150985089406 0.0027093664569702901 -0.0037847722256404825 0.001226879774881917 0.0019565263424961453
leaf_weight=169 282 263 234 489 71 158 115 115 292 166 52 299 301 285 236 50 150 115 73 3040 112 86 412 587 561 81 59 92 62 376 856 553 141 2244 1214 49 70 94 90 58 243 90 188 442 190 280 51 101 122 81 137 121 879 1426 347 167 380 216 757 201 55 108
leaf_count=169 282 263 234 489 71 158 115 115 292 166 52 299 301 285 236 50 150 115 73 3040 112 86 412 587 561 81 59 92 62 376 856 553 141 2244 1214 49 70 94 90 58 243 90 188 442 190 280 51 101 122 81 137 121 879 1426 347 167 380 216 757 201 55 108
internal_value=0.000510429 -0.00124609 0.00314227 0.00256151 0.00722484 -0.00526482 -0.00398374 0.00327295 -0.000805151 -0.00646552 -0.00149831 -0.00643466 -0.00127002 -0.00371173 -0.00082415 -0.000604157 -0.00284646 -2.7339e-05 0.0027451 -0.000794984 0.00362224 0.000155039 -0.000302216 0.001275 0.00580882 -0.00685279 -0.00610286 -0.00689338 -0.00280172 -0.00991471 -0.000655412 0.0062448 0.00252714 0.00274253 0.00411679 0.00165318 0.00307953 0.00131356 -0.00132692 -0.00367521 -0.0056314 0.00393634 0.00305455 0.00889785 -0.000469771 0.000744949 0.00483434 -0.00334652 -0.0019774 7.33496e-05 -0.00233232 0.000324776 -0.000987544 0.00175388 0.00141264 0.0035534 0.00258955 -0.00859694 0.00821069 -0.00616935 -0.00192982 0.00552147
internal_weight=21334 12795 8539 7477 1062 1264 1106 5989 11531 753 7968 351 7617 1175 6442 6206 1269 4937 1070 3867 997 386 1488 999 611 196 874 815 347 468 1006 1200 4789 4648 2054 2594 1772 353 259 350 292 643 274 557 3671 3563 331 631 530 408 327 3232 1685 1547 806 514 1702 587 991 371 170 488
internal_count=21334 12795 8539 7477 1062 1264 1106 5989 11531 753 7968 351 7617 1175 6442 6206 1269 4937 1070 3867 997 386 1488 999 611 196 874 815 347 468 1006 1200 4789 4648 2054 2594 1772 353 259 350 292 643 274 557 3671 3563 331 631 530 408 327 3232 1685 1547 806 514 1702 587 991 371 170 488
is_linear=0
shrinkage=0.03


Tree=84
num_leaves=63
num_cat=0
split_feature=11 9 1 11 26 14 15 17 1 15 15 14 10 7 4 14 1 27 6 26 14 15 26 7 12 12 15 26 9 1 7 27 8 26 0 17 24 8 0 4 15 27 27 12 15 20 17 27 10 7 26 4 27 10 19 27 12 12 26 15 17 17
split_gain=97.6001 27.6027 24.5224 20.0777 16.2009 16.0665 13.7772 13.0427 20.2048 13.4191 20.3214 15.1302 12.8155 12.7002 11.2702 10.9385 12.3158 11.5484 10.6057 8.88858 9.42431 12.3095 10.2365 8.66505 8.42107 8.25382 10.0594 10.1317 11.3199 8.1591 8.09854 7.73943 10.6179 9.65567 16.1084 11.2683 7.61666 7.56927 7.55592 7.49748 9.39394 7.45548 8.71596 7.34441 7.13574 7.27981 7.07718 8.91773 7.03253 6.79991 6.76268 6.71052 7.49572 6.8889 6.65137 6.62463 9.03146 6.61529 6.90501 13.0462 8.53129 9.80954
threshold=3149.5250000000005 1826.7850000000001 5.5000000000000009 4511.5250000000005 10.600000000000001 2949.5975880568817 2368.5494791666674 1004.0650000000002 5.5000000000000009 3278.1511458333339 4235.1539062500005 2771.9486177223102 399.37000000000006 -0.71504373327588355 1.0000000180025095e-35 2193.0636641980013 1.0000000180025095e-35 0.20000000000000021 -0.097964660725097366 4.2350000000000003 2167.8766641345233 4034.3143229166672 6.3550000000000013 -0.62588817255938378 4252.5792038690488 3458.6536235119052 3150.8146875000007 8.2500000000000018 3500.0150000000008 1.0000000180025095e-35 0.99865421017599998 -0.38499999999999973 0.93158198870884079 7.8850000000000007 32.500000000000007 2183.4400000000005 2.4874999999999994 0.94353349168649059 6.5000000000000009 1.0000000180025095e-35 2917.2802604166673 -0.21499999999999983 0.094999999999998877 3416.7719270833336 3218.4991145833337 -39952.899999999994 1605.8150000000003 0.8249999999999994 7857.9250000000011 -0.53493989022977317 7.6700000000000008 1.0000000180025095e-35 0.22000000000000067 4650.4250000000011 10716.600000000002 0.21499999999999989 3701.4885342261909 6551.5072767857146 7.1500000000000012 3775.1407812500006 2117.8750000000005 1508.4750000000001
decision_type=2 2 2 2 2 2 2 2 2 2 2 2 2 2 2 2 2 2 2 2 2 2 2 2 2 2 2 2 2 2 2 2 2 2 2 2 2 2 2 2 2 2 2 2 2 2 2 2 2 2 2 2 2 2 2 2 2 2 2 2 2 2
left_child=1 2 4 15 12 51 18 8 9 11 -11 -8 50 14 24 16 -2 49 -3 -9 21 22 -21 39 -14 36 27 28 -27 -6 -15 57 33 35 43 55 -17 -34 54 40 -24 -23 -43 -35 45 -4 47 -19 -7 -18 -1 53 -53 -5 -28 -33 -57 58 59 -22 61 -61
right_child=3 6 44 5 29 48 7 19 -10 10 -12 -13 13 30 -16 25 17 46 -20 20 31 41 23 -25 -26 26 38 -29 -30 -31 -32 32 37 34 -36 -37 -38 -39 -40 -41 -42 42 -44 -45 -46 -47 -48 -49 -50 -51 -52 52 -54 -55 -56 56 -58 -59 -60 60 -62 -63
leaf_value=-0.00042001240302846465 0.0025537934326497337 0.00060787771094899406 -0.04636709148653595 0.0011529098064038479 -0.00010300194357883984 -0.00026964240682957551 0.001039671322584601 -0.002362322787413591 -0.0019389177980560612 -0.0030119238217438979 0.0010594543184346426 -0.001497201970836497 0.000463884292403085 -0.00084924414317031347 -0.04052808305385202 0.00014784739828650471 6.607202357340469e-05 0.00074804559344869397 -0.0013908426739996393 0.00017884726557625184 -0.0016337144312253526 0.0014121585261384607 0.00039815000425237553 -4.7240637310093088e-05 -0.0093903345167623622 0.00046572106853422386 -0.00043258006307637763 -0.0014421915503630256 -0.00086025370726755307 -0.020779893741069467 0.001862621531058961 -0.0014341076037131151 0.00049939759066318422 0.00081103537976861867 -0.00089245115968071608 0.00021616722698109214 0.002760367949818523 -0.00010607856319147402 8.5822114361717706e-05 0.00075598839672261773 -0.0017197921440385944 -0.00056564333646463177 0.00037051730016459669 1.1960681955298646e-05 -0.028275126916459205 0.00031459346379766992 -0.00022124046033258793 -0.00085519199126345309 0.0016791842072244822 0.0015012259490898394 -0.012447802927600575 -0.0019887124063733808 0.0040028718417380029 0.0032865865494465041 0.0013275849658752924 -0.0021998364061684627 0.00042099803847637672 -0.0013732987771044325 -0.0002894580664980939 -0.0011760967217497331 -1.2321226532145956e-05 0.0012985703287443017
leaf_weight=102 326 82 52 1039 70 418 693 55 242 152 193 62 919 1213 56 211 185 462 248 1115 42 220 63 1562 59 272 48 220 71 243 54 598 139 105 600 109 159 648 2440 50 309 167 429 144 297 94 575 100 174 639 174 105 51 967 189 40 63 74 497 59 280 300
leaf_count=102 326 82 52 1039 70 418 693 55 242 152 193 62 919 1213 56 211 185 462 248 1115 42 220 63 1562 59 272 48 220 71 243 54 598 139 105 600 109 159 648 2440 50 309 167 429 144 297 94 575 100 174 639 174 105 51 967 189 40 63 74 497 59 280 300
internal_value=0.000416413 -0.00126045 -0.00360378 0.00287275 -0.00259426 0.0049873 -0.000423937 -0.000203085 0.0025242 0.00425068 -0.000650289 0.0064881 -0.00180954 -0.00107515 0.0013913 0.00188454 0.00350743 0.00260703 -0.00643505 -0.000680662 -0.000592987 0.00043284 -0.000430645 -0.00172292 0.00214505 0.000855719 0.000370256 -0.00327128 -4.36047e-05 -0.00902866 -0.00308754 -0.00167883 -0.0026604 -0.00402108 -0.00178235 -0.00636252 0.00509434 0.000209391 0.00113704 -0.00553191 -0.00699732 0.00370869 0.0019598 0.00462 -0.0101689 -0.00469388 0.00064587 0.0030373 0.000607083 0.00530909 -0.00790614 0.00618585 0.000191083 0.00665172 0.0062395 -0.00775641 -0.000721154 0.000239425 0.000788804 0.00274927 0.00382031 0.006875
internal_weight=21324 12673 3333 8651 2890 2754 9340 9010 1342 1100 345 755 2577 2301 1034 5897 2287 1961 330 7668 7613 3915 3099 1984 978 3610 3240 563 343 313 1267 3698 2446 1659 849 810 370 787 2677 422 372 816 596 249 443 146 1137 562 592 824 276 2162 156 2006 237 701 103 1252 1178 681 639 359
internal_count=21324 12673 3333 8651 2890 2754 9340 9010 1342 1100 345 755 2577 2301 1034 5897 2287 1961 330 7668 7613 3915 3099 1984 978 3610 3240 563 343 313 1267 3698 2446 1659 849 810 370 787 2677 422 372 816 596 249 443 146 1137 562 592 824 276 2162 156 2006 237 701 103 1252 1178 681 639 359
is_linear=0
shrinkage=0.03


Tree=85
num_leaves=63
num_cat=0
split_feature=10 9 14 11 7 9 1 1 7 14 19 26 20 12 7 27 14 27 7 15 16 14 27 27 15 14 15 18 27 17 14 15 17 17 8 2 9 11 7 26 19 11 27 14 25 27 10 15 8 14 17 14 17 1 17 12 10 7 20 11 18 10
split_gain=88.4012 23.7381 22.165 15.7304 15.9381 14.4824 19.0109 13.6316 11.8075 12.0515 13.8241 10.2879 13.3446 13.2906 10.2587 12.587 10.9258 11.7845 9.87231 9.7165 9.67361 9.41907 14.2867 15.3335 9.40463 9.36209 8.85628 12.8368 8.43658 12.5444 8.92862 7.81851 11.2296 9.48595 9.05453 8.17417 7.74475 7.61388 7.30922 7.17817 7.0655 7.32402 6.86738 6.72547 10.275 6.60389 6.53667 6.42187 6.30199 8.19715 6.2024 10.1267 10.4518 10.8537 6.36964 6.19114 6.17298 6.10071 6.01718 5.97411 5.94028 6.74487
threshold=3141.8650000000002 1120.3600000000004 2193.0636641980013 5115.2000000000007 0.42471264173135381 5070.7600000000011 1.0000000180025095e-35 5.5000000000000009 -0.99866806308218525 2683.0561397392562 17175.150000000005 10.665000000000001 -38650.799999999996 3087.8664434523812 0.99761913169647187 -0.10999999999999942 2693.4448096162669 -0.40499999999999753 0.88621069759564464 4109.6463541666672 4579.3100000000004 1967.7130270104035 0.11999999999999923 -0.27000000000000129 4820.9901562500008 3859.7806263897501 4941.5795833333341 12154.800000000001 -0.54999999999999882 300.94000000000005 2771.9486177223102 2368.5494791666674 1004.0650000000002 499.92500000000007 0.18281312110578132 7.5000000000000009 3563.5850000000005 1441.4650000000004 -0.99985146406598202 8.7950000000000017 56055.400000000001 730.74500000000012 0.18999999999999953 2479.8727615624357 17.555000000000003 0.70500000000000018 4500.1200000000008 3053.4320833333336 -0.84427364991979392 2008.5686500466288 2227.6050000000005 2960.530363378964 1001.8700000000001 4.5000000000000009 685.01500000000021 3809.1672619047617 2000.7950000000003 -0.022576249993022688 -4163.3499999999995 3200.2450000000003 7337.1500000000005 1540.7700000000002
decision_type=2 2 2 2 2 2 2 2 2 2 2 2 2 2 2 2 2 2 2 2 2 2 2 2 2 2 2 2 2 2 2 2 2 2 2 2 2 2 2 2 2 2 2 2 2 2 2 2 2 2 2 2 2 2 2 2 2 2 2 2 2 2
left_child=1 7 5 14 -5 6 21 11 38 10 57 12 13 40 15 16 17 46 48 20 -6 -2 23 -23 43 26 27 36 30 55 56 59 33 34 35 -33 -18 -31 -3 -20 41 -1 -15 44 -17 60 -4 -44 49 -8 51 -32 54 -54 -53 -30 -11 -10 -22 -12 -34 -62
right_child=2 8 3 4 19 -7 18 -9 9 28 31 -13 -14 42 -16 24 25 -19 39 -21 58 22 -24 -25 -26 -27 -28 -29 29 37 50 32 45 -35 -36 -37 -38 -39 -40 -41 -42 -43 47 -45 -46 -47 -48 -49 -50 -51 -52 52 53 -55 -56 -57 -58 -59 -60 -61 61 -63
leaf_value=-0.0032816158862654186 0.0036490121413152643 -0.00046977202203035251 -1.150799326749663e-05 0.0024786748357159814 0.0033456139809790297 0.003505904269078037 0.00032429329800358174 -0.061795409103764055 0.0011885925496653771 -0.00068540118526198227 -0.0011916757264158039 -0.019146169355387828 0.00023944872991334075 -0.011246430089105823 0.0014092637931318562 0.00051044589522262205 4.3936958063124366e-05 0.001540994274647538 0.0019990603794418325 0.0015067900378121378 0.00061011226477134526 0.0013422731626313933 0.0028221921682082219 -0.0029412464484661702 0.0018911663917179754 0.0022829928387222776 -0.00096538389298291612 0.00075944395882254767 -0.00075784029333838101 -0.0087772243764017779 0.00069806630313780978 -0.002392652530147745 -0.0011913594971312725 0.000800337905055235 -0.00059292052624377862 0.00085129431435348123 -0.00053444189200813953 -0.0011408138200972395 -0.013956107488085933 0.00042429101539749326 -0.0020772302233051177 0.001465399750005183 0.0023291150568085905 -0.0007448382248908291 -0.00043429096262060263 -0.0011492462769480615 0.0016231327521988347 -0.0020731736376584562 0.00016322088328417193 0.0038170645595586982 -0.001769282864553059 -0.0004969914389434749 -0.0021593687124783446 0.001196724230513535 0.0012125503457950158 0.001835073491344188 -0.0027307391994872265 3.1654588057734579e-05 -0.00045355450637181601 0.0003805368151557786 0.00041756899909199061 -3.2962983550817167e-05
leaf_weight=42 263 84 507 677 84 524 85 134 232 77 379 197 510 311 165 253 539 396 250 209 44 55 106 61 108 58 206 373 65 178 338 68 256 612 273 280 275 787 95 232 46 117 40 306 728 314 175 67 1539 95 60 59 198 62 75 113 78 118 357 82 372 5940
leaf_count=42 263 84 507 677 84 524 85 134 232 77 379 197 510 311 165 253 539 396 250 209 44 55 106 61 108 58 206 373 65 178 338 68 256 612 273 280 275 787 95 232 46 117 40 306 728 314 175 67 1539 95 60 59 198 62 75 113 78 118 357 82 372 5940
internal_value=0.0005 -0.00109834 0.00283358 0.00167002 0.00444971 0.00481159 0.00391887 -0.00468942 -0.000628349 -0.000503767 -2.35241e-05 -0.00376409 -0.00265873 -0.00560096 0.000737164 0.000428025 0.00168972 0.0039759 0.00273161 0.0012518 -0.00108025 0.00929012 0.00470852 -0.0025641 -0.00185888 -1.03306e-05 -0.000505739 0.000492424 -0.0025538 -0.00428759 -0.000458861 -0.000262329 -4.6205e-05 0.00258914 -2.41158e-05 0.00318052 -0.00161963 -0.00563665 -0.00825 0.00652174 0.00065534 0.00365625 -0.00866348 -0.00257376 -0.00135947 -0.000518669 0.00158126 -0.00208333 0.0016657 0.00696133 0.000832282 0.00159618 -0.00167089 -0.00517241 0.00511111 0.00301676 -0.00701923 0.00581197 -0.00302239 -0.00405844 -0.000315116 -0.000133059
internal_weight=21329 12659 8670 5460 1371 3210 2686 1464 11195 11016 8926 1330 1133 623 4089 3924 2529 1078 2201 694 485 485 222 116 1395 1451 1393 1187 2090 1143 947 8576 8115 1233 621 348 814 965 179 482 205 159 418 1287 981 6882 682 107 1719 180 792 732 394 260 134 178 155 350 401 461 6568 6312
internal_count=21329 12659 8670 5460 1371 3210 2686 1464 11195 11016 8926 1330 1133 623 4089 3924 2529 1078 2201 694 485 485 222 116 1395 1451 1393 1187 2090 1143 947 8576 8115 1233 621 348 814 965 179 482 205 159 418 1287 981 6882 682 107 1719 180 792 732 394 260 134 178 155 350 401 461 6568 6312
is_linear=0
shrinkage=0.03


Tree=86
num_leaves=63
num_cat=0
split_feature=10 6 17 10 27 3 12 25 7 16 7 22 14 8 8 25 8 8 25 24 27 12 25 22 7 15 25 16 27 17 17 27 27 21 14 23 15 7 15 3 7 10 0 16 14 25 20 23 27 17 27 21 18 27 24 4 4 8 25 8 7 17
split_gain=91.4334 23.8084 23.3441 18.8014 18.2442 13.0997 15.2138 11.8691 11.2114 12.1482 11.0601 10.9108 10.8496 10.1197 10.0862 14.8119 13.7021 20.4217 11.9834 10.094 9.42829 9.39153 11.7635 9.09974 8.87192 9.10552 10.497 9.04517 8.84471 8.08969 8.9554 8.68539 15.7287 10.9272 8.86153 7.97625 7.62197 7.59313 7.64505 7.38003 7.82078 7.31296 8.62152 6.69128 6.82096 6.61928 6.5575 8.41448 7.5272 7.4224 6.51766 7.51606 9.0412 6.66138 6.4816 9.41379 6.46083 6.21704 6.07811 9.05449 6.00429 5.9533
threshold=3200.0750000000003 -0.68322629814330815 915.37500000000011 4415.2850000000008 -0.2750000000000003 1.0000000180025095e-35 4374.5211755952396 19.085000000000004 -0.98214942551678475 9999.6750000000011 0.96234642434711437 3171.3310974702385 2193.0636641980013 0.97461712852231652 0.65720762023595369 17.315000000000001 0.48877522411129348 0.45847758937963173 17.485000000000003 1.5187500000000009 -1.0000000180025095e-35 3098.773623511905 16.705000000000002 5849.073685515873 0.78523795966413312 3699.5498958333333 18.805000000000003 4764.3650000000007 -0.63499999999999968 1320.8200000000004 1399.8600000000004 -0.40999999999999831 -0.12499999999999999 4112.878333333334 1847.6426620197242 14.931250000000002 3002.9783333333339 0.90162119223771331 4434.0681770833344 1.0000000180025095e-35 -0.84772008488809492 5533.3800000000001 15.500000000000002 4764.3650000000007 2798.4640380258402 17.965000000000003 8172.8999999999996 26.506250000000005 -0.51499999999999868 2494.2150000000006 0.18499999999999875 2403.3100000000004 14342.300000000001 0.29999999999999988 2.0562500000000008 1.0000000180025095e-35 1.0000000180025095e-35 0.64414586362404946 20.580000000000002 -0.99864786094873803 0.76347624337813269 685.01500000000021
decision_type=2 2 2 2 2 2 2 2 2 2 2 2 2 2 2 2 2 2 2 2 2 2 2 2 2 2 2 2 2 2 2 2 2 2 2 2 2 2 2 2 2 2 2 2 2 2 2 2 2 2 2 2 2 2 2 2 2 2 2 2 2 2
left_child=1 2 4 12 8 6 56 46 9 -1 36 -4 23 29 16 -16 17 19 -17 43 35 -21 -23 24 27 26 -26 -2 -8 31 -31 -13 -33 34 -34 -14 39 38 -9 40 -6 -30 -43 -3 -45 -38 47 49 -49 -7 51 -22 -53 -52 -37 61 -5 -18 59 -24 -29 -56
right_child=3 14 11 5 10 7 28 37 -10 -11 -12 13 20 -15 15 18 57 -19 -20 21 50 22 58 -25 25 -27 -28 60 41 30 -32 32 33 -35 -36 54 45 -39 -40 -41 -42 42 -44 44 -46 -47 -48 48 -50 -51 53 52 -54 -55 55 -57 -58 -59 -60 -61 -62 -63
leaf_value=0.00066209952345840149 0.0020420041550419121 -0.001161579859475661 0.00030835405100964941 0.003629707613430364 -0.0036931756742084065 -0.00096601579706812046 0.0017748819789739922 -0.0015146052286521615 -0.024278583511659128 -0.020858677922887061 -0.0048428304866782136 0.0007014600431432161 0.0012041557861541641 0.00057023131077555073 -0.00077119608115426173 0.00045374768768693393 0.00042455314283799337 -0.0026198788741062361 -8.3864271349911584e-05 0.00094873909820141649 0.00037724844227613017 -0.0010469277288297895 0.0027567569990551632 0.0038240392770538278 -0.00025382077163953908 0.00027497992196014561 0.0024198665488335889 0.00025780316937639824 -0.00049867272892372577 -0.0057679720280264931 -0.00067179017751989529 -0.0064348344728601958 0.00062628221232292165 0.0014421608823086496 -0.0016318019360486602 -0.0001510615875639054 0.00014532694337592299 0.0027002892589789518 0.0026898656284390652 -0.040424966614694947 0.00078014327195674582 -0.0011564172223000745 0.0024893188958356569 1.4674676302650623e-05 -0.0014897579404294348 0.0042286549441164613 0.0014960537575613841 -0.00038442013556347018 0.0019800484353904935 0.0008531016514938016 0.0020884552613423678 -0.00019900851979702593 -0.0010504181865422923 -0.00088551774800992077 0.0010370350614946665 -0.0013883835304713886 -7.4068995292337895e-05 0.0012945182756049433 -0.00047391960223290395 0.00035086767301911514 -0.0010014109899823165 0.00026827497347476026
leaf_weight=78 70 214 571 1152 219 309 140 73 418 155 217 267 247 272 557 312 573 123 2071 389 67 393 78 76 45 306 265 1308 159 86 2631 156 117 154 180 586 102 140 124 41 123 45 164 833 99 60 231 139 160 57 129 370 290 46 344 80 72 86 119 1349 42 1097
leaf_count=78 70 214 571 1152 219 309 140 73 418 155 217 267 247 272 557 312 573 123 2071 389 67 393 78 76 45 306 265 1308 159 86 2631 156 117 154 180 586 102 140 124 41 123 45 164 833 99 60 231 139 160 57 129 370 290 46 344 80 72 86 119 1349 42 1097
internal_value=0.000437854 -0.0011304 -0.00255215 0.00289237 -0.00590877 0.00480951 0.00649163 0.00244327 -0.00959356 -0.00429487 -0.00275229 -0.0014814 0.00183274 -0.00205357 2.50104e-05 -0.00132608 0.000958421 0.000229294 -0.000295721 0.000656115 0.000746085 0.00179047 0.000935567 0.00350686 0.00312224 0.00612642 0.00974277 0.00181562 0.00212181 -0.00247634 -0.00328366 3.42857e-05 -0.00194901 0.000896018 -0.00246644 0.00174522 -0.000467033 0.00723373 0.00340909 -0.00277344 -0.00131195 -0.000325203 0.00335714 -0.00164778 -0.000546624 0.00496933 0.000635452 -0.000878378 0.00285 -0.00392371 -0.00186047 -0.00311126 -0.00408472 0.00332386 0.00114564 0.00217806 0.00830204 0.00493182 0.00211377 0.00265756 0.00126573 0.00273578
internal_weight=21376 13043 5847 8333 1413 2965 1732 1233 651 233 762 4434 5368 3863 7196 2940 4256 3597 2383 3474 3256 2328 1939 2112 2036 616 310 1420 508 3591 2717 874 607 451 297 2354 545 337 197 383 342 368 209 1146 932 162 896 665 299 366 902 727 660 175 2107 1521 1224 659 1546 1427 1350 1441
internal_count=21376 13043 5847 8333 1413 2965 1732 1233 651 233 762 4434 5368 3863 7196 2940 4256 3597 2383 3474 3256 2328 1939 2112 2036 616 310 1420 508 3591 2717 874 607 451 297 2354 545 337 197 383 342 368 209 1146 932 162 896 665 299 366 902 727 660 175 2107 1521 1224 659 1546 1427 1350 1441
is_linear=0
shrinkage=0.03


end of trees

feature_importances:
dow=415
p_lag_1d=343
coal_stock_trend_7d=341
p_roll7d_mean=324
p_prevday_min=322
p_prevday_mean=320
p_roll7d_std=318
block=286
p_lag_2d=278
doy_sin=276
coal_critical_pct=265
bidgap_lag_1d=251
load_roll7d_mean=238
coal_days_of_stock=235
p_lag_7d=185
doy_cos=173
pb_lag_1d=119
load_lag_2d=113
hour_cos=98
p_prevday_max=93
hour_sin=70
sb_lag_1d=67
temp_c=62
cdh=51
is_weekend=47
is_holiday=47
month=40
p_roll7d_max=17

parameters:
[boosting: gbdt]
[objective: quantile]
[metric: quantile]
[tree_learner: serial]
[device_type: cpu]
[data_sample_strategy: bagging]
[data: ]
[valid: ]
[num_iterations: 2000]
[learning_rate: 0.03]
[num_leaves: 63]
[num_threads: 16]
[seed: 42]
[deterministic: 0]
[force_col_wise: 0]
[force_row_wise: 0]
[histogram_pool_size: -1]
[max_depth: -1]
[min_data_in_leaf: 40]
[min_sum_hessian_in_leaf: 0.001]
[bagging_fraction: 0.8]
[pos_bagging_fraction: 1]
[neg_bagging_fraction: 1]
[bagging_freq: 1]
[bagging_seed: 400]
[bagging_by_query: 0]
[feature_fraction: 0.8]
[feature_fraction_bynode: 1]
[feature_fraction_seed: 30056]
[extra_trees: 0]
[extra_seed: 12879]
[early_stopping_round: 0]
[early_stopping_min_delta: 0]
[first_metric_only: 0]
[max_delta_step: 0]
[lambda_l1: 0]
[lambda_l2: 1]
[linear_lambda: 0]
[min_gain_to_split: 0]
[drop_rate: 0.1]
[max_drop: 50]
[skip_drop: 0.5]
[xgboost_dart_mode: 0]
[uniform_drop: 0]
[drop_seed: 17869]
[top_rate: 0.2]
[other_rate: 0.1]
[min_data_per_group: 100]
[max_cat_threshold: 32]
[cat_l2: 10]
[cat_smooth: 10]
[max_cat_to_onehot: 4]
[top_k: 20]
[monotone_constraints: ]
[monotone_constraints_method: basic]
[monotone_penalty: 0]
[feature_contri: ]
[forcedsplits_filename: ]
[refit_decay_rate: 0.9]
[cegb_tradeoff: 1]
[cegb_penalty_split: 0]
[cegb_penalty_feature_lazy: ]
[cegb_penalty_feature_coupled: ]
[path_smooth: 0]
[interaction_constraints: ]
[verbosity: -1]
[saved_feature_importance_type: 0]
[use_quantized_grad: 0]
[num_grad_quant_bins: 4]
[quant_train_renew_leaf: 0]
[stochastic_rounding: 1]
[linear_tree: 0]
[max_bin: 255]
[max_bin_by_feature: ]
[min_data_in_bin: 3]
[bin_construct_sample_cnt: 200000]
[data_random_seed: 175]
[is_enable_sparse: 1]
[enable_bundle: 1]
[use_missing: 1]
[zero_as_missing: 0]
[feature_pre_filter: 1]
[pre_partition: 0]
[two_round: 0]
[header: 0]
[label_column: ]
[weight_column: ]
[group_column: ]
[ignore_column: ]
[categorical_feature: ]
[forcedbins_filename: ]
[precise_float_parser: 0]
[parser_config_file: ]
[objective_seed: 16083]
[num_class: 1]
[is_unbalance: 0]
[scale_pos_weight: 1]
[sigmoid: 1]
[boost_from_average: 1]
[reg_sqrt: 0]
[alpha: 0.5]
[fair_c: 1]
[poisson_max_delta_step: 0.7]
[tweedie_variance_power: 1.5]
[lambdarank_truncation_level: 30]
[lambdarank_norm: 1]
[label_gain: ]
[lambdarank_position_bias_regularization: 0]
[eval_at: ]
[multi_error_top_k: 1]
[auc_mu_weights: ]
[num_machines: 1]
[local_listen_port: 12400]
[time_out: 120]
[machine_list_filename: ]
[machines: ]
[gpu_platform_id: -1]
[gpu_device_id: -1]
[gpu_use_dp: 0]
[num_gpu: 1]

end of parameters

pandas_categorical:[]
