tree
version=v4
num_class=1
num_tree_per_iteration=1
label_index=0
max_feature_idx=27
objective=quantile
feature_names=block dow month is_weekend is_holiday hour_sin hour_cos doy_sin doy_cos p_lag_1d p_lag_2d p_lag_7d p_roll7d_mean p_roll7d_max p_roll7d_std p_prevday_mean p_prevday_max p_prevday_min pb_lag_1d sb_lag_1d bidgap_lag_1d load_lag_2d load_roll7d_mean temp_c cdh coal_days_of_stock coal_critical_pct coal_stock_trend_7d
feature_infos=[0:95] [0:6] [1:12] [0:1] [0:1] [-1:1] [-1:1] [-0.9999994220246925:0.99998555065071859] [-0.99997919295908233:0.9999907524084426] [49.509999999999998:10000] [49.509999999999998:10000] [49.509999999999998:10000] [2282.7692708333334:6690.0158482142851] [6402.8299999999999:10000] [952.50082110021867:4031.8261934590741] [1516.4342708333334:7244.1147916666669] [2829.5799999999999:10000] [49.509999999999998:2670.8000000000002] [2703.9000000000001:68113.899999999994] [927.29999999999995:65182] [-58702.399999999994:66509.599999999991] [1635.0666666666666:7584.373333333333] [3032.3790362103177:6202.6615848214287] [4.5:42.350000000000001] [0:18.350000000000001] [14.66:24.329999999999998] [3.9500000000000002:12.619999999999999] [-9.6099999999999977:8.759999999999998]
tree_sizes=5222 5675 5675 5678 5708 5682 5684 5681 5703 5711 5709 5717 5731 5723 5735 5750 5735 5754 5759 5740 5764 5766 5747 5728 5766 5763 5741 5755 5742 5786 5781 5798 5784 5800 5769 5782 5764 5801 5803 5775 5781 5826 5801 5779 5837 5794 5804 5718 5836 5818 5849 5819 5783 5821 5819 5837 5791 5826 5867 5820 5820 5790 5828 5767 5807 5806 5831 5759 5831 5845 5819 5822 5808 5808 5809 5831 5816 5835 5836 5805 5806 5817 5801 5846 5824 5830 5812 5811 5803 5836 5847 5823 5786 5778 5804 5793 5806 5765 5827 5799 5800 5802 5801 5811 5792 5815 5826 5807 5785 5833 5842 5829 5804 5816 5795 5831 5848 5790 5828 5815 5809 5800 5827 5791 5836 5779

Tree=0
num_leaves=63
num_cat=0
split_feature=9 10 9 10 3 3 0 20 10 20 22 20 20 0 9 3 15 24 18 15 8 10 20 9 14 15 0 22 20 14 5 20 24 14 8 14 19 25 12 22 16 15 12 9 12 12 15 17 10 19 10 14 27 9 12 10 10 10 22 18 22 2
split_gain=4070.59 166.008 122.188 54.0134 40.0073 29.5557 28.2588 27.7244 20.4684 19.4025 12.2494 11.9513 9.85904 8.42101 8.11349 11.7403 6.2815 6.77447 5.98589 7.41603 5.95438 7.05327 5.94037 5.63073 6.269 5.5891 5.47952 5.45351 5.02138 4.76954 5.66062 4.67402 4.51058 6.96635 4.89746 4.368 8.39611 4.33144 21.3263 4.26548 4.16921 3.7837 4.51653 3.6889 3.55472 3.33049 3.34437 3.57097 3.01618 2.94118 2.89708 2.89168 2.86404 2.80121 2.71608 2.70707 2.47652 2.23609 2.60011 2.20584 2.46697 2.38551
threshold=3078.1250000000005 2846.4550000000004 3484.3850000000007 3426.5400000000004 1.0000000180025095e-35 1.0000000180025095e-35 19.500000000000004 -7357.9999999999982 2642.4300000000003 -12203.749999999998 6060.5429885912708 -9137.8499999999985 -13778.349999999999 63.500000000000007 3699.9400000000005 1.0000000180025095e-35 3007.1436458333337 2.0250000000000008 8689.8500000000022 3736.0138020833342 0.48877522411129348 4300.7600000000011 -7161.8499999999995 3000.9850000000001 1728.6384564116754 3167.192239583334 16.500000000000004 5365.200249875993 -12833.599999999997 2153.767547160935 -0.77259657388510594 -15561.4 1.8562499999999995 2346.2477682381846 0.97648852793709995 988.11052745578149 30529.500000000004 15.210000000000003 3098.5384449404769 5597.0880233134931 4396.0600000000004 4534.1783854166679 3636.5748214285718 3200.6850000000004 2786.2603199404762 3426.335252976191 4358.3226562500013 1692.6000000000001 2630.0750000000003 23090.300000000003 3051.0500000000006 2408.4354255950566 0.29999999999999988 2859.0200000000009 4404.0821428571435 2999.5950000000007 3150.9950000000003 3099.3450000000007 3768.6834647817464 11484.550000000001 3382.0439942956355 5.5000000000000009
decision_type=2 2 2 2 2 2 2 2 2 2 2 2 2 2 2 2 2 2 2 2 2 2 2 2 2 2 2 2 2 2 2 2 2 2 2 2 2 2 2 2 2 2 2 2 2 2 2 2 2 2 2 2 2 2 2 2 2 2 2 2 2 2
left_child=1 7 4 5 8 9 -6 12 27 13 14 25 35 44 15 -4 17 48 19 -16 21 29 59 24 -11 -10 -17 49 -27 -5 -31 -15 34 -34 52 36 -1 38 -20 -35 -13 42 -28 -42 -3 -24 47 -47 -14 -2 -25 -44 57 -9 -48 -33 -30 -26 -59 -8 -61 -62
right_child=2 3 10 20 6 -7 22 53 11 23 -12 40 16 31 18 26 -18 -19 37 -21 -22 -23 45 50 32 28 41 -29 56 30 -32 55 33 39 -36 -37 -38 -39 -40 -41 43 -43 51 -45 -46 46 54 -49 -50 -51 -52 -53 -54 -55 -56 -57 -58 58 -60 60 61 -63
leaf_value=8.0234907627105709 8.0245457649230953 8.0222276496887215 8.0282935905456547 8.0251766633987422 8.0256372737884529 8.0188843584060674 8.020481009483337 8.0218351030349737 8.0260813045501713 8.0242611074447634 8.0224353313446048 8.0243120336532598 8.0191148495674138 8.0203967809677117 8.0332623863220221 8.0269572925567623 8.0199073386192321 8.0234115409851068 8.0374394512176508 8.0213651299476627 8.0270802879333498 8.0279961872100838 8.0240445423126214 8.0231189441680915 8.0210004210472103 8.0216612529754645 8.0258369445800781 8.0205774259567253 8.0231701993942259 8.0257212448120114 8.0210026741027836 8.0222302532196039 8.0264107370376578 8.0240839958190922 8.0232209682464593 8.0101685810089105 8.0086457300186158 8.0379556655883793 8.019933996200562 8.0219286227226263 8.0244403934478754 8.0265361642837529 8.021313138008118 8.0265789222717281 8.0203702020645142 8.0228274345397956 8.024358310699462 8.01976282119751 8.0223225498199469 8.0223258972167972 8.0238005542755122 8.0253354644775392 8.0227699279785156 8.0231200170516974 8.0221485710144051 8.0235009765625005 8.0244020700454719 8.0227461242675773 8.0205835771560672 8.0213117933273317 8.0222302532196039 8.0234104251861567
leaf_weight=43 77 63 869 44 148 596 109 86 133 52 49 72 124 143 45 93 766 62 232 40 115 62 95 84 110 46 131 49 82 47 75 63 58 57 61 8288 113 7605 51 90 410 76 45 882 459 49 46 61 40 43 47 50 42 92 46 76 66 40 43 53 49 63
leaf_count=43 77 63 869 44 148 596 109 86 133 52 49 72 124 143 45 93 766 62 232 40 115 62 95 84 110 46 131 49 82 47 75 63 58 57 61 8288 113 7605 51 90 410 76 45 882 459 49 46 61 40 43 47 50 42 92 46 76 66 40 43 53 49 63
internal_value=8.02279 8.0105 8.03526 8.01751 8.02948 8.0157 8.02347 8.00873 8.0318 8.01797 8.03686 8.03279 8.00851 8.01481 8.03694 8.03468 8.01137 8.01582 8.0373 8.02927 8.02853 8.0257 8.02044 8.02168 8.02036 8.02762 8.03036 8.02185 8.02436 8.02246 8.01941 8.01901 8.01933 8.02275 8.01696 8.00817 8.01327 8.03739 8.03365 8.01927 8.03403 8.02837 8.02639 8.03442 8.01255 8.02338 8.0212 8.01769 8.01264 8.0253 8.02725 8.02142 8.015 8.02048 8.0254 8.02293 8.02705 8.01347 8.01729 8.01726 8.01948 8.02202
internal_weight=23906 12041 11865 2427 2579 2084 719 9614 1860 1488 9286 1691 9436 804 9237 1264 992 226 7973 85 343 228 571 684 553 327 395 169 194 166 122 282 501 205 296 8444 156 7888 283 147 1364 302 226 1292 522 297 202 110 164 120 131 95 235 178 92 139 148 193 83 274 165 112
internal_count=23906 12041 11865 2427 2579 2084 719 9614 1860 1488 9286 1691 9436 804 9237 1264 992 226 7973 85 343 228 571 684 553 327 395 169 194 166 122 282 501 205 296 8444 156 7888 283 147 1364 302 226 1292 522 297 202 110 164 120 131 95 235 178 92 139 148 193 83 274 165 112
is_linear=0
shrinkage=1


Tree=1
num_leaves=63
num_cat=0
split_feature=9 19 9 1 11 0 16 9 20 1 9 0 9 17 7 14 1 9 1 0 20 26 20 17 0 1 23 15 18 22 19 1 0 14 9 22 18 19 26 11 19 12 12 9 20 12 14 12 17 9 0 26 9 20 16 17 22 17 20 15 7 25
split_gain=3984.34 159.633 130.495 82.194 56.5837 30.6511 27.0252 24.868 21.7171 17.4782 27.1907 15.3179 14.7621 13.2946 12.8798 14.1324 12.3043 11.7225 14.4227 11.8763 9.95059 9.4594 8.51494 8.21829 8.32894 7.35403 6.81511 10.2271 6.46754 6.35974 5.60279 6.08648 6.36518 5.48413 5.43697 5.33334 5.25769 5.08318 5.64409 4.52969 4.42544 5.75314 4.09326 3.98025 3.96482 3.94608 3.76826 3.91737 3.43934 3.61701 3.41697 3.35848 3.17845 2.9764 2.89923 2.84194 2.79481 2.53012 2.41908 2.31392 2.18693 2.40516
threshold=3051.0500000000006 25161.050000000003 3484.3850000000007 5.5000000000000009 3266.0550000000003 22.500000000000004 9854.590000000002 2843.3100000000004 -9137.8499999999985 5.5000000000000009 4000.4650000000006 25.500000000000004 2790.8450000000007 1004.0650000000002 -0.99866806308218525 2259.0204398647488 1.0000000180025095e-35 2998.1850000000004 1.0000000180025095e-35 23.500000000000004 -13207.749999999998 10.075000000000001 -10519.899999999998 830.09500000000014 71.500000000000014 5.5000000000000009 23.081250000000008 3697.9316145833336 11083.650000000003 5846.5585912698416 28790.700000000001 1.0000000180025095e-35 31.500000000000004 1691.7776312434908 2260.6500000000005 3468.7988479662704 11678.550000000001 18850.200000000004 9.4200000000000017 3200.3250000000003 18850.200000000004 4371.0712872023823 4681.8447544642868 2859.0200000000009 -12203.749999999998 2960.6162351190478 1921.9629250456576 2998.315066964286 1535.0450000000003 3699.9400000000005 55.500000000000007 7.4750000000000005 3188.0300000000002 -9529.5499999999993 4715.3000000000011 1700.0900000000004 5365.200249875993 930.55000000000007 -1338.6999999999987 2934.9508333333338 -0.99630266176052629 15.315000000000003
decision_type=2 2 2 2 2 2 2 2 2 2 2 2 2 2 2 2 2 2 2 2 2 2 2 2 2 2 2 2 2 2 2 2 2 2 2 2 2 2 2 2 2 2 2 2 2 2 2 2 2 2 2 2 2 2 2 2 2 2 2 2 2 2
left_child=1 4 3 8 17 -5 23 30 13 14 11 51 -8 -2 15 -4 -9 18 19 -1 -15 40 45 24 54 28 35 56 57 58 31 32 -3 -7 -34 -23 -13 38 -14 50 -10 52 -43 60 -21 -18 -45 -48 -38 -50 55 -11 -42 -30 -6 -22 -28 -19 -12 -36 61 -20
right_child=2 7 9 5 6 33 12 16 21 10 29 36 37 20 -16 -17 22 25 43 44 39 26 -24 -25 -26 -27 27 -29 53 -31 -32 -33 34 -35 59 -37 48 -39 -40 -41 41 42 -44 46 -46 -47 47 -49 49 -51 -52 -53 -54 -55 -56 -57 -58 -59 -60 -61 -62 -63
leaf_value=-0.0019639264583587667 0.0029212695121765006 -0.006252506875991823 -0.0071514647483825831 0.0016346560478210214 -0.0024370362281799273 -0.00082248387336729672 -0.0046607684612273914 0.00037775309085846587 0.0037603563308715947 0.00099582481384276268 0.00098927307128905185 -0.0032374448776245224 0.0025009722232818454 -0.0014486187458038202 0.014372451782226551 0.013710417079925525 -0.0016903575897216604 0.00015085923671724012 -0.0083891589403152448 -0.00043042874336240544 -5.1547479629512335e-05 0.0030432325601577759 -0.00038130344152451198 0.0031865611553192072 0.0021572998523712084 -0.0033204370021820218 0.0013979928016662768 -0.0020431649208068857 -7.0963597297666329e-05 0.007683952331542958 -0.013034513854980449 -0.0055817564964294238 -0.0021039519667625404 -0.0047635920524596994 -0.00047001085281370256 0.00030836048126221984 0.0018398551940917861 -0.00039693746566774377 -0.00085192201137544103 0.0023106787204742216 0.0012594846725463781 -4.856700897214239e-05 0.0016665309906005986 -0.00037541441917420925 0.0032999243974685742 -0.0019236212253570706 -0.00022094836235046598 -0.0017647515535354507 -0.0016306882381439357 0.0011124687194824111 -0.00041581807136534363 0.0045191406726837165 0.0030596488952636847 0.0010766047954559176 0.0013127042055130112 0.0013999006748199249 0.0027459491729736295 -0.00048441567420958619 0.0094247989654540898 0.0012990459680557453 -0.0046970803499221782 -0.00050712118148803491
leaf_weight=70 171 90 41 105 72 46 149 74 817 43 52 41 51 77 7761 48 84 42 41 70 62 144 112 295 64 72 69 66 53 45 7462 1065 70 235 44 41 51 103 46 84 161 65 66 49 56 522 49 247 61 53 93 108 334 78 40 48 46 82 920 40 614 46
leaf_count=70 171 90 41 105 72 46 149 74 817 43 52 41 51 77 7761 48 84 42 41 70 62 144 112 295 64 72 69 66 53 45 7462 1065 70 235 44 41 51 103 46 84 161 65 66 49 56 522 49 247 61 53 93 108 334 78 40 48 46 82 920 40 614 46
internal_value=5.5214e-05 -0.0121928 0.0123011 0.00653607 -0.00525314 -0.00627907 0.00113276 -0.0139257 0.00864819 0.0140065 0.0108655 0.00372905 -0.00518571 0.00333022 0.0145548 0.00316667 -0.00881463 -0.00858917 -0.00991955 -0.00243655 8.21918e-05 0.0102182 -0.0100139 0.00581568 0.000677966 -0.00352134 0.00588556 0.00173077 -0.00111328 0.0133644 -0.0143861 -0.0125382 -0.00820408 -0.0114362 -0.00445161 0.00991935 -0.0015942 0.000149254 0.00505102 0.00265625 0.0113123 0.00937799 0.00375 -0.0113181 0.00307087 -0.0114168 -0.00862717 -0.00989899 0.000813253 -0.00208696 0.000220588 0.0109539 0.0108569 0.00352273 -0.00424779 0.00378378 0.00711207 -0.006 0.0138746 0.000705882 -0.0126282 -0.00801136
internal_weight=23906 11952 11954 2730 2389 386 820 9563 2344 9224 1374 357 349 535 7850 89 792 1569 1242 196 364 1809 718 471 176 327 366 181 255 1017 8771 1309 244 281 154 185 206 200 97 287 1443 626 131 1046 126 606 345 296 165 114 203 151 495 131 112 110 115 124 972 84 701 87
internal_count=23906 11952 11954 2730 2389 386 820 9563 2344 9224 1374 357 349 535 7850 89 792 1569 1242 196 364 1809 718 471 176 327 366 181 255 1017 8771 1309 244 281 154 185 206 200 97 287 1443 626 131 1046 126 606 345 296 165 114 203 151 495 131 112 110 115 124 972 84 701 87
is_linear=0
shrinkage=0.03


Tree=2
num_leaves=63
num_cat=0
split_feature=20 10 20 10 1 10 19 1 11 1 1 20 6 10 14 20 7 14 11 18 18 7 14 6 6 18 14 18 5 6 5 5 21 19 17 7 25 18 19 5 1 18 17 16 6 7 5 10 26 26 21 5 10 10 6 2 26 7 15 14 15 26
split_gain=3800.51 199.493 148.824 53.4391 50.7647 48.4033 23.0519 22.5601 20.3414 22.875 16.8564 16.8526 15.6424 14.1237 12.7201 12.6259 9.95865 8.70704 8.62281 8.7763 8.2899 7.3159 10.737 7.21433 6.96909 6.87297 6.48847 6.43079 7.51309 6.21771 6.0972 6.06947 9.31825 7.14142 6.069 11.0976 5.98051 5.11461 4.85637 4.62335 4.3101 5.63133 4.29178 9.09889 4.25 4.09504 4.03947 3.94554 3.93199 5.34506 6.86371 3.91417 3.85728 3.70857 4.28885 4.04225 3.77525 3.70844 3.57213 3.45938 3.38609 3.38388
threshold=-8917.9499999999953 2870.6300000000006 -4044.3999999999992 3290.2250000000004 5.5000000000000009 3090.4450000000002 26533.100000000002 4.5000000000000009 3249.4300000000007 5.5000000000000009 5.5000000000000009 -13423.15 -0.097964660725097366 2585.1850000000004 2724.3886017458653 608.45000000000084 0.878110924644389 977.51646161423821 3249.4300000000007 7256.6500000000005 6832.7000000000007 -0.99940763397299126 2273.6027196154905 -0.32143946530316164 -0.32143946530316164 10181.150000000001 2310.7197815903291 10139.35 0.29012925520284133 -0.065403129230142923 0.0327015646150716 -0.2901292552028415 4989.0266666666676 25433.050000000003 1000.4450000000001 -0.85227431625818906 18.725000000000005 7532.2500000000009 32855.900000000001 -0.93540483100319605 1.0000000180025095e-35 11338.750000000002 1002.3650000000001 5088.1000000000013 0.16280825711809005 -0.861146256326485 -0.84874750804349186 2497.0950000000007 11.265000000000002 6.7400000000000011 2874.3083333333338 -0.72947329433276231 2729.3750000000005 3472.3300000000004 0.29012925520284116 1.5000000000000002 9.6200000000000028 -0.95244167294248061 4125.6800000000012 2185.7439900918412 3127.8019791666675 9.1800000000000015
decision_type=2 2 2 2 2 2 2 2 2 2 2 2 2 2 2 2 2 2 2 2 2 2 2 2 2 2 2 2 2 2 2 2 2 2 2 2 2 2 2 2 2 2 2 2 2 2 2 2 2 2 2 2 2 2 2 2 2 2 2 2 2 2
left_child=1 6 4 7 5 13 18 11 9 52 31 40 -6 58 25 23 20 38 39 -20 -7 22 -10 -11 -15 -14 48 28 -23 -21 -27 33 45 61 35 -30 -18 -26 -8 -1 41 51 43 -42 -28 -33 -25 -19 49 50 -13 -3 -4 54 55 -22 -57 -9 60 -43 -2 -5
right_child=2 3 8 10 12 16 17 57 21 15 -12 26 14 24 -16 -17 36 47 19 29 53 27 -24 46 37 30 44 -29 34 -31 -32 32 -34 -35 -36 -37 -38 -39 -40 -41 42 59 -44 -45 -46 -47 -48 -49 -50 -51 -52 -53 -54 -55 -56 56 -58 -59 -60 -61 -62 -63
leaf_value=-0.0014122643551826286 -0.0001426362318992691 -0.00041757310152052085 0.0011665121712684545 0.0040337634851932425 -0.0057843030939102391 -0.00022669358396534278 0.00032830162239073425 -0.00057387566041942504 -0.0034645902357101654 -0.0030391142424345042 -0.0038075243554115444 -0.0010171223287582176 -0.0021443839484453341 -5.3189465940004511e-05 0.0022387306852340314 0.0041840268387794309 -0.0014224530601501329 -0.014204881713867178 -0.0064191730513572763 -0.0013125077905655046 -0.00021505666923522069 0.0088014434909820683 0.012374101229667644 -0.0021536252403259225 -0.00045805707335472512 -0.0012806545400619561 -0.0005257506866454875 0.013966111907958999 0.0030926619701385502 0.00058725720834734924 0.0016545280737876756 -0.0010073228101730614 -0.0016997393524646842 -0.00010872482585908117 0.0035461341075897221 -0.0027336379194259483 0.0035261655628681331 0.0015885435097217203 -0.0083964250051975498 -0.0035503694935440765 -0.0057292931299209645 0.00090220106470586528 -0.0036409704766273521 0.00061647485876083154 -0.0021644883549213566 0.001531309235572813 0.0011875577702521944 -0.0042459397773742585 -0.00077091758322716858 0.00077173624706269092 0.00047832289409635462 -0.002211252561092376 0.0053539464569091954 0.0053113172149658362 0.0030248571217060239 0.0022705025224685738 0.00027352579236032069 -0.0034526533277034763 0.00023122290229800056 -0.0015507896404266218 -0.0022927300772667357 0.0037685668501854152
leaf_weight=81 46 59 53 156 143 47 40 57 40 56 47 56 50 234 84 133 56 6776 61 75 43 260 51 50 66 66 127 7691 40 88 60 41 40 53 75 54 122 307 40 994 50 44 257 51 45 127 92 1543 50 201 115 131 761 679 354 206 42 468 45 41 97 86
leaf_count=81 46 59 53 156 143 47 40 57 40 56 47 56 50 234 84 133 56 6776 61 75 43 260 51 50 66 66 127 7691 40 88 60 41 40 53 75 54 122 307 40 994 50 44 257 51 45 127 92 1543 50 201 115 131 761 679 354 206 42 468 45 41 97 86
internal_value=6.1608e-05 -0.0119015 0.0119229 -0.00396005 0.00578057 0.00747122 -0.013786 -0.00652025 0.0137256 0.00996073 0.00419238 -0.00428746 -0.00404703 0.00145101 0.000344828 0.00329819 0.0105581 -0.0143625 -0.01005 -0.00466667 0.0114249 0.0142493 0.00570652 -0.00150754 0.00367599 -0.00423729 -0.000655462 0.0143443 0.0107093 -0.0010061 -0.000472441 0.00580357 0.00186603 0.00856419 0.00573529 0.000631579 0.00385475 0.00621658 -0.00444444 -0.0111664 -0.00768927 -0.00483696 -0.00986072 -0.00455882 -0.00554913 0.00497041 0.0020979 -0.0144573 0.00134752 0.00241287 -0.00148256 -0.00769634 0.0126626 0.0118642 0.0101935 0.00744863 0.00891566 -0.0117205 -0.00571429 0.00156977 -0.00802083 0.0107407
internal_weight=24103 12000 12103 2302 2747 2344 9698 1752 9356 1145 550 1227 403 795 260 331 1549 8399 1299 224 1371 8211 91 198 607 176 594 8120 429 163 126 503 208 295 169 94 178 373 80 1075 633 275 358 101 172 168 142 8319 422 372 171 190 814 1324 645 291 248 525 188 85 143 242
internal_count=24103 12000 12103 2302 2747 2344 9698 1752 9356 1145 550 1227 403 795 260 331 1549 8399 1299 224 1371 8211 91 198 607 176 594 8120 429 163 126 503 208 295 169 94 178 373 80 1075 633 275 358 101 172 168 142 8319 422 372 171 190 814 1324 645 291 248 525 188 85 143 242
is_linear=0
shrinkage=0.03


Tree=3
num_leaves=63
num_cat=0
split_feature=9 9 20 1 1 0 0 0 20 20 9 17 17 1 9 7 14 1 0 23 9 9 17 16 9 16 17 9 17 27 5 20 14 27 25 1 22 23 21 1 7 0 0 1 22 27 27 18 25 20 18 14 1 27 17 9 9 5 9 7 21 22
split_gain=3825.39 154.797 153.861 79.0937 41.7894 40.9842 28.8599 23.9179 21.8356 21.4979 17.4484 16.7557 15.1001 14.6306 21.9438 13.802 13.0831 10.1686 10.045 9.02851 8.99725 8.76778 11.3668 7.56806 6.2897 6.03304 5.92943 5.92409 6.50274 5.69329 6.66047 5.14438 5.9053 6.21426 4.72109 8.95901 5.05921 4.57832 4.5128 7.52631 4.50614 4.38758 4.37461 6.26542 4.37102 4.22778 6.37429 4.12791 3.90145 3.57736 3.31819 3.31809 3.28806 3.2205 2.98109 2.91688 2.80369 2.71846 2.59162 2.96517 2.52782 2.48594
threshold=3043.98 3500.2050000000004 -13207.749999999998 5.5000000000000009 1.0000000180025095e-35 22.500000000000004 65.500000000000014 23.500000000000004 -5937.8999999999987 -9137.8499999999985 2899.8250000000003 99.415000000000006 1399.8600000000004 5.5000000000000009 4172.4550000000008 -0.99866806308218525 2259.0204398647488 4.5000000000000009 35.500000000000007 18.856250000000006 3188.0300000000002 2297.4700000000007 1392.0700000000004 8650.345000000003 2500.7050000000004 4396.0600000000004 1001.6650000000001 2469.0950000000007 1075.8050000000001 0.58000000000000018 0.91037613702198772 -10089.299999999997 2418.4593348639314 0.13499999999999981 19.275000000000002 2.5000000000000004 5676.6356535218265 21.631250000000005 3999.9116666666673 1.0000000180025095e-35 -0.75015329512557205 79.500000000000014 38.500000000000007 3.5000000000000004 5846.5585912698416 -0.60000000000000042 -0.62499999999999989 10488.150000000003 16.695000000000004 -3768.1500000000001 8339.0000000000018 1931.7063773608581 3.5000000000000004 0.13999999999999882 900.15500000000009 3311.0500000000006 3569.2650000000008 0.58216583101416164 2750.9350000000004 0.82414472752956958 3135.4316666666673 3621.8877430555563
decision_type=2 2 2 2 2 2 2 2 2 2 2 2 2 2 2 2 2 2 2 2 2 2 2 2 2 2 2 2 2 2 2 2 2 2 2 2 2 2 2 2 2 2 2 2 2 2 2 2 2 2 2 2 2 2 2 2 2 2 2 2 2 2
left_child=2 3 6 9 7 48 21 47 10 12 34 -8 51 15 18 16 -3 31 26 60 52 -1 29 27 61 -22 -15 -13 -29 -23 54 40 33 -33 36 -36 58 -30 -24 -40 -12 -20 -10 -44 -16 46 55 -4 -5 -7 -17 -2 -11 -54 -31 -27 -52 -56 -6 -60 -14 -9
right_child=1 13 4 5 8 49 11 24 42 20 17 23 19 14 44 50 -18 -19 41 -21 25 22 38 -25 -26 45 -28 28 37 30 -32 32 -34 -35 35 -37 -38 -39 39 -41 -42 -43 43 -45 -46 -47 -48 -49 -50 -51 56 -53 53 -55 57 -57 -58 -59 59 -61 -62 -63
leaf_value=-0.015187067454957058 0.0028364139554714818 -0.0068367453440380289 -0.0018646114428520376 0.00017570716296669175 -0.0043766202605903005 -0.0045888798331475385 0.0027399324507451084 0.001004464744606075 0.0012576715066838062 0.0013122324985599398 0.00063689616087916792 -0.0034439064530467434 -1.1367943114022338e-05 -0.00070556354670525678 0.0090867293893861674 0.0075452030419170943 0.012927881530637722 -0.0022000791394972729 -0.0019175433775663374 -0.00070198610120771217 0.0014698617758273967 -0.0050330336495017563 -0.0046871192994689531 -0.0052128468358745962 0.0038109313249361774 0.0014378243871322205 0.0036880478333973965 0.00073308273916126152 3.2658652725263689e-05 -0.0048573063197708067 0.00046316708862661034 0.0013422216296115153 -0.00087345069929033235 -9.6622594256405841e-05 -0.003050701604831829 0.00098699313608498142 -0.00072449464934351223 -0.0045822430857681961 -6.6401683187411462e-06 -0.0058502283627873547 -0.00061323978143688505 0.0007581840202331413 0.00038049391863584245 -0.0060477855761575583 0.0086246927902221583 0.0030957634733247727 -0.00020096072273251939 -1.2609723529823923e-05 0.0027929137364530198 -0.0018570965607869814 0.0036015642019379254 0.0011774454994582938 0.00073098270333767697 -0.00018885566709281321 0.00028938919037819311 0.0040747956516266016 0.014416107051086459 -0.004132642001209246 -0.0018512074517190323 -0.00063526628966512175 0.0016298535763657096 -0.0014961629142165123
leaf_weight=5850 66 41 75 41 480 246 59 45 126 311 41 183 70 41 936 68 46 203 94 147 77 589 1386 374 234 56 184 66 43 67 62 88 70 72 51 56 67 50 44 803 191 75 62 44 45 1286 40 42 101 79 344 203 88 57 40 94 7177 40 314 51 70 43
leaf_count=5850 66 41 75 41 480 246 59 45 126 311 41 183 70 41 936 68 46 203 94 147 77 589 1386 374 234 56 184 66 43 67 62 88 70 72 51 56 67 50 44 803 191 75 62 44 45 1286 40 42 101 79 344 203 88 57 40 94 7177 40 314 51 70 43
internal_value=7.47043e-05 0.0119923 -0.0119143 0.00612265 -0.00503608 -0.00522436 -0.0135912 0.00330682 -0.00694836 0.00818979 -0.0081365 -0.00802191 0.0029623 0.0139577 0.0110865 0.0144705 0.00255682 -0.00434685 0.00508861 -0.00182292 0.00963433 -0.0140762 -0.012749 -0.0092887 0.00752322 0.0107239 0.00922566 -0.00603499 -0.00178125 -0.00964956 -0.00535714 -0.00187905 0.0012987 0.00447205 -0.0106029 -0.00458333 -0.0113034 -0.0068617 -0.0138518 -0.0120814 -0.00502146 -0.000441176 0.00167382 -0.00280374 0.0134878 0.011151 0.00691099 -0.00826271 0.00818182 -0.011089 0.0146067 0.00805556 0.0059081 0.00215753 -0.00881757 0.0097351 0.014667 -0.00481481 -0.0119326 -0.00995902 0.00361702 0.000674157
internal_weight=24094 12083 12011 3032 2355 467 9656 439 1916 2565 1684 775 556 9051 1375 7676 87 665 394 287 2009 8881 3031 716 322 1553 225 342 159 798 209 462 230 160 1019 107 912 93 2233 847 232 169 232 106 981 1476 190 117 142 325 7589 269 456 145 147 150 7521 80 845 365 140 88
internal_count=24094 12083 12011 3032 2355 467 9656 439 1916 2565 1684 775 556 9051 1375 7676 87 665 394 287 2009 8881 3031 716 322 1553 225 342 159 798 209 462 230 160 1019 107 912 93 2233 847 232 169 232 106 981 1476 190 117 142 325 7589 269 456 145 147 150 7521 80 845 365 140 88
is_linear=0
shrinkage=0.03


Tree=4
num_leaves=63
num_cat=0
split_feature=20 10 20 11 20 3 0 3 10 10 22 0 16 22 11 27 26 19 10 19 8 0 27 7 14 10 10 10 7 8 3 27 15 11 11 15 19 21 0 12 19 19 18 21 26 10 21 10 8 8 15 27 0 17 21 20 14 24 14 15 20 15
split_gain=3625.93 202.916 152.595 47.3687 47.1991 44.3519 22.3822 20.3947 25.244 18.6733 17.7719 17.5144 13.358 12.2594 12.1701 11.9978 11.9926 11.9621 11.8942 11.15 10.8819 17.7957 10.1466 18.3492 8.9953 8.91109 8.61263 8.54345 8.48794 8.46264 8.1111 7.62744 6.79721 6.10337 6.06995 6.04675 6.03161 5.9564 5.86975 5.5408 5.08928 5.03478 4.98901 4.49398 4.45173 4.33205 4.15921 4.63439 3.94919 3.94572 3.81834 4.24984 3.68551 3.64491 3.51985 3.39304 3.38524 3.37178 3.27877 3.1424 3.08551 3.07908
threshold=-8917.9499999999953 2999.5950000000007 -2770.7499999999995 3200.8800000000006 -13778.349999999999 1.0000000180025095e-35 66.500000000000014 1.0000000180025095e-35 3019.7300000000005 2704.7500000000005 6060.5429885912708 25.500000000000004 4982.1600000000008 3731.2543439980159 3249.4300000000007 -0.77499999999999847 9.4200000000000017 30529.500000000004 3200.7050000000004 28146.000000000004 0.66367808336324663 81.500000000000014 0.58000000000000018 -0.75015329512557205 2205.5425872036726 3426.5400000000004 3409.8600000000001 2630.0750000000003 -0.99940763397299126 -0.54219087765047058 1.0000000180025095e-35 0.31000000000000055 4406.3650520833335 2796.0200000000004 2860.0650000000005 4358.3226562500013 15121.250000000002 4154.5750000000016 21.500000000000004 4480.5570535714296 18850.200000000004 22228.200000000001 11128.800000000001 4814.8933333333343 7.5750000000000011 3260.0800000000004 2538.3450000000007 2410.7900000000004 -0.92999516916204616 0.6174544326165855 3104.901875 0.040000000000000931 38.500000000000007 1493.5850000000003 3600.438333333334 -10720.249999999998 1901.359677021884 2.7937499999999997 1959.0040196538573 4399.5113541666678 1087.8000000000013 3356.3954687500004
decision_type=2 2 2 2 2 2 2 2 2 2 2 2 2 2 2 2 2 2 2 2 2 2 2 2 2 2 2 2 2 2 2 2 2 2 2 2 2 2 2 2 2 2 2 2 2 2 2 2 2 2 2 2 2 2 2 2 2 2 2 2 2 2
left_child=1 4 3 7 17 6 13 8 32 57 14 18 -10 19 30 -11 40 22 -9 -3 21 27 46 -24 -18 29 58 -6 -16 -26 -4 48 37 -13 -7 61 59 41 -15 42 -17 -2 -40 -31 -34 -14 -1 -48 -29 -36 -42 -52 -53 -21 -38 -22 -50 -5 -8 -32 -30 -35
right_child=2 5 10 9 20 34 26 11 12 15 -12 33 45 38 28 16 24 -19 -20 53 55 -23 23 -25 25 -27 -28 31 60 43 36 -33 44 35 49 -37 54 -39 39 -41 50 -43 -44 -45 -46 -47 47 -49 56 -51 51 52 -54 -55 -56 -57 -58 -59 -60 -61 -62 -63
leaf_value=-0.0043346889566070598 0.0013622717740708978 0.00072083745850736846 0.006112352671846173 -0.00043535169759715051 -0.0030155511064501894 -0.0044939936549471147 0.0011574110533094028 -0.0010876779959072636 -0.0011889617870722269 -0.0010909970660472723 -0.0013972816551361333 -0.0042443309544940083 0.001372207749070462 -0.0050097796325812814 0.006010226263765208 0.0038431775787587871 0.0048692768465807036 -0.013627285741091252 0.001994929165545951 3.6844995991547336e-05 -0.002044551691976597 0.0014750053022421028 0.0011959817461460532 -0.007901367979518046 0.001589833306121111 0.002936043586556547 0.0046570069494764072 3.651907580103142e-05 0.0062483679073389448 -0.0019922819173568661 0.002492441079484715 0.001198566619325927 -0.00029715702922434418 -3.9659389792436881e-05 -0.00044926193448829643 0.001390544275852088 0.0032838624134015502 -0.0016230673101143899 -0.00073425009172270353 -0.0029498259747159318 0.0066566122811865108 -0.00031678795831690642 0.001168899754430539 0.00061479220359187184 0.0014452090494446689 0.0035332769012402739 -0.0072454417561415149 -0.004010843075144481 -0.00010101807231729153 -0.0014966438756993394 0.0026421291055909535 0.0034046543825360228 -0.00025393020380974461 -0.0047403724828607927 0.0001576626966532224 -0.0016186109185876063 -0.001706152111707695 0.001437866665511498 0.00027760872071269204 0.0047386010475337949 0.021878445006546041 -0.0016465165045206386
leaf_weight=632 51 187 514 66 325 201 102 71 47 54 51 204 197 110 76 950 155 6502 107 41 514 65 73 90 60 200 213 85 1789 91 72 41 67 64 121 54 42 120 100 68 160 60 58 40 80 294 707 926 49 76 115 42 80 44 131 187 191 50 156 116 5816 56
leaf_count=632 51 187 514 66 325 201 102 71 47 54 51 204 197 110 76 950 155 6502 107 41 514 65 73 90 60 200 213 85 1789 91 72 41 67 64 121 54 42 120 100 68 160 60 58 40 80 294 707 926 49 76 115 42 80 44 131 187 191 50 156 116 5816 56
internal_value=0.000161203 -0.0116334 0.0116857 0.00643524 -0.0131127 -0.00122801 0.00193056 0.00232179 0.00507088 0.00936773 0.0138412 -0.00220826 0.00923933 -0.00187192 0.0139465 0.0100642 0.010462 -0.0139301 0.00553073 0.00285714 -0.00809671 -0.00558785 -0.0121161 -0.00484756 0.00669104 0.00424745 0.00683263 -0.00700145 0.0143303 -0.000390625 0.0105651 -0.00384196 -0.000870712 -0.00585752 -0.00977444 -0.00171429 0.00708564 -0.00407328 -0.00569733 -0.00290749 0.0119844 0.0009375 0.000188679 -0.00465909 0.00415541 0.0107012 -0.0126368 -0.0118146 -0.00538344 -0.00598485 0.00908291 0.00661765 0.00268293 -0.00610465 0.00301724 -0.0107906 -0.0073444 -0.00230769 0.00312741 0.0107937 0.0144301 -0.00545455
internal_weight=24006 11864 12142 3535 10387 1477 1079 1472 916 2063 8607 556 538 608 8556 1947 1893 8930 178 272 1457 756 2428 163 546 391 471 691 7681 191 875 366 378 378 398 174 361 231 336 226 1347 111 158 131 147 491 2265 1633 325 197 397 237 122 85 173 701 240 116 258 188 7605 120
internal_count=24006 11864 12142 3535 10387 1477 1079 1472 916 2063 8607 556 538 608 8556 1947 1893 8930 178 272 1457 756 2428 163 546 391 471 691 7681 191 875 366 378 378 398 174 361 231 336 226 1347 111 158 131 147 491 2265 1633 325 197 397 237 122 85 173 701 240 116 258 188 7605 120
is_linear=0
shrinkage=0.03


Tree=5
num_leaves=63
num_cat=0
split_feature=9 10 9 1 10 0 9 1 20 1 9 10 7 15 0 1 9 14 11 22 4 0 25 18 14 22 5 1 18 9 25 19 16 25 18 20 25 14 19 12 15 26 14 0 7 26 18 25 12 22 9 11 18 10 9 0 14 14 18 11 7 0
split_gain=3681.05 196.639 116.179 61.5327 53.8918 34.325 32.177 31.1653 24.1388 17.8039 21.3613 17.0076 15.1362 14.7222 10.2102 12.2969 10.1829 10.0896 9.87945 10.486 9.02577 8.16499 7.76726 7.4978 7.19745 7.10374 6.77808 6.68555 6.46705 6.45824 6.45052 6.31747 6.09491 5.88672 5.78414 5.73991 5.71665 5.38888 5.30967 4.94055 4.30245 4.16999 4.13373 3.82103 3.80831 3.69315 3.35884 3.18351 3.14389 3.34721 3.02316 2.97671 2.88003 2.80388 2.7643 4.32387 2.67065 5.02389 2.6471 2.58009 2.67615 2.48885
threshold=3099.3250000000003 2741.8150000000005 3514.4550000000004 5.5000000000000009 3243.3450000000007 19.500000000000004 2690.8800000000006 4.5000000000000009 -10922.399999999996 5.5000000000000009 4172.4550000000008 2642.4300000000003 -0.99866806308218525 3167.192239583334 21.500000000000004 1.0000000180025095e-35 3210.7750000000001 2239.126747018247 3338.2100000000005 3492.8789223710323 1.0000000180025095e-35 28.500000000000004 18.900000000000002 11028.500000000002 977.51646161423821 5101.634153645834 -0.2901292552028415 3.5000000000000004 8689.8500000000022 2887.6800000000003 14.890000000000002 24040.350000000002 4466.1100000000015 14.930000000000001 9090.0500000000011 -10720.249999999998 20.360000000000003 1931.7063773608581 25739.800000000003 2684.2853869047626 3000.0013541666672 10.205000000000002 2832.0623937506098 30.500000000000004 -0.42180583328916638 8.0100000000000016 8339.0000000000018 19.115000000000006 3534.3226562500008 3578.406418650794 3019.6750000000006 3477.1000000000004 17778.800000000003 3150.9950000000003 4999.005000000001 35.500000000000007 2373.3676608398241 2724.3886017458653 18243.300000000007 3499.8650000000002 -0.97876850416056738 29.500000000000004
decision_type=2 2 2 2 2 2 2 2 2 2 2 2 2 2 2 2 2 2 2 2 2 2 2 2 2 2 2 2 2 2 2 2 2 2 2 2 2 2 2 2 2 2 2 2 2 2 2 2 2 2 2 2 2 2 2 2 2 2 2 2 2 2
left_child=1 6 3 11 7 -5 24 8 14 12 21 25 -4 30 22 17 27 28 19 -6 26 23 -3 -11 -1 -2 -20 53 -16 -10 -8 59 -18 -9 -28 -15 54 -7 -17 -34 -32 61 51 -39 -29 -21 -14 -43 -23 -50 -35 52 -31 -13 55 -12 -19 -58 -37 60 -26 -41
right_child=2 4 9 5 18 37 13 33 29 10 36 16 46 35 15 38 32 56 20 45 -22 48 -24 -25 31 -27 34 44 -30 42 40 -33 39 50 -36 58 -38 43 -40 41 -42 47 -44 -45 -46 -47 -48 -49 49 -51 -52 -53 -54 -55 -56 -57 57 -59 -60 -61 -62 -63
leaf_value=-0.0023030703108699057 0.00110724334232299 -0.0022007062746387707 0.0023333059733498195 0.002127685355520974 0.0018163991194552053 -5.8788360529451467e-05 0.00042144103906570861 -7.6630145960390194e-05 -0.00092694192066993246 -0.00065166672832265952 0.0070459762756147799 0.00099179714365526194 0.007130879351568282 -0.0024810607749388681 -0.00098600634708529539 -0.0005415690549543051 0.0039227495067064395 -0.0030485061587736781 0.0044430585122634449 -0.00028482153687734877 -0.0061676052939442271 0.00058007200873355202 -1.1508584106554308e-05 0.0041862998533698991 -0.0025492925246840279 -0.002052761714266502 -0.0011292845224124192 0.00095965882655258739 0.0010047734408655095 3.6084678738497185e-05 -0.0010870597681801185 -0.011665835587206227 0.0013037268594665718 -0.0043237058471486999 0.0027865601193303568 -0.0013316352628318917 0.0043511667876799543 -0.00055518847607078921 -0.0031746782088017686 0.0032489479466674708 0.00061619617299063728 0.0028901650406842269 -0.00082141998720226535 -0.0041098668326608311 -0.00012454470800495442 -0.0014795809895118239 0.013166159091989611 0.0016079676394763352 -0.0018594988835894275 0.00038669810128144633 -0.001044342682219579 0.0012688401872124899 0.00086523255511251841 0.0027105603411301435 0.010712216764429384 0.002109149366358096 0.00051642469120012353 -0.0026492476520057905 3.0240206092466693e-05 -0.002205772360361138 -0.0047858631434318077 0.0025707562333743715
leaf_weight=64 92 400 79 119 84 61 42 44 165 45 124 207 66 616 50 213 56 54 171 82 40 78 54 135 86 77 59 145 125 215 100 7617 40 634 101 191 60 65 288 594 54 130 51 187 117 94 7440 60 45 63 80 81 54 256 623 132 45 57 40 56 183 676
leaf_count=64 92 400 79 119 84 61 42 44 165 45 124 207 66 616 50 213 56 54 171 82 40 78 54 135 86 77 59 145 125 215 100 7617 40 634 101 191 60 65 288 594 54 130 51 187 117 94 7440 60 45 63 80 81 54 256 623 132 45 57 40 56 183 676
internal_value=0.000148361 -0.0113351 0.0121371 0.00689906 -0.00499229 -0.00353349 -0.0136061 -0.00689391 -0.00479223 0.0138342 0.0105781 0.00873929 0.014393 -0.00863506 -0.00706294 -0.00507803 0.00941937 -0.000587349 0.00287184 -0.0016092 0.00600806 0.00441417 -0.0106813 0.00895028 -0.0142525 -0.000441176 0.00763554 0.00646694 0.00434659 0.00037037 -0.00121827 -0.0143334 0.01079 -0.0120158 0.0031677 -0.0103479 0.0129734 -0.00874204 -0.00803785 0.0111526 -0.00406452 0.0114374 0.00242537 -0.0106719 0.00262357 -0.00576271 0.0145304 0.00722513 0 -0.00330275 -0.0126713 0.00358974 0.00205556 0.00863147 0.0135852 0.010856 -0.00611465 -0.00320388 -0.00627155 -0.0101687 -0.0113889 0.0120614
internal_weight=24062 12290 11772 2882 3241 432 9049 2610 1852 8890 1305 2450 7585 1043 1286 832 2281 331 631 260 371 366 454 180 8006 169 331 725 175 566 196 7942 1556 758 160 847 939 313 501 1500 154 1460 401 252 262 176 7506 190 186 108 714 350 269 463 879 256 156 102 231 325 269 1270
internal_count=24062 12290 11772 2882 3241 432 9049 2610 1852 8890 1305 2450 7585 1043 1286 832 2281 331 631 260 371 366 454 180 8006 169 331 725 175 566 196 7942 1556 758 160 847 939 313 501 1500 154 1460 401 252 262 176 7506 190 186 108 714 350 269 463 879 256 156 102 231 325 269 1270
is_linear=0
shrinkage=0.03


Tree=6
num_leaves=63
num_cat=0
split_feature=9 10 9 1 10 9 1 0 20 10 1 9 5 9 0 7 1 17 20 8 22 14 9 27 14 22 25 9 17 18 17 25 25 0 18 9 10 22 1 7 20 4 23 14 23 0 17 17 0 22 1 7 27 1 18 0 22 17 20 7 0 0
split_gain=3622.27 202.14 115.607 70.44 53.8372 31.6999 28.9023 28.7897 22.8451 18.1532 14.0634 12.0336 11.8487 11.0552 10.6083 10.2889 9.7851 8.8829 9.14651 8.54572 7.96871 7.79272 7.75709 7.303 7.23569 6.98261 6.8979 6.31605 8.66438 6.18114 6.01781 5.64958 5.37579 5.3703 9.51226 5.26124 5.22592 6.20885 5.14514 4.61407 4.57794 4.69935 7.25711 4.51133 4.4747 4.45348 7.07952 4.19549 4.0991 3.83408 3.73872 3.93882 3.73799 3.64062 3.58183 3.57973 3.55214 3.36158 3.30633 3.06551 3.05988 3.01133
threshold=3099.3250000000003 2741.8150000000005 3664.7050000000004 5.5000000000000009 3426.5400000000004 2610.0450000000005 4.5000000000000009 19.500000000000004 -11480.299999999999 2630.0750000000003 5.5000000000000009 4399.6150000000007 -0.72947329433276231 3199.3300000000004 20.500000000000004 -0.99866806308218525 1.0000000180025095e-35 999.88000000000011 -10519.899999999998 0.04621408538533487 5101.634153645834 977.51646161423821 2899.8250000000003 0.23499999999999946 2418.4593348639314 5441.8784102182553 20.360000000000003 2806.1250000000005 1183.2700000000002 11028.500000000002 499.92500000000007 18.900000000000002 14.725000000000003 23.500000000000004 8399.6000000000022 2902.8050000000007 2380.2850000000003 5676.6356535218265 5.5000000000000009 -0.44504625642270151 -7357.9999999999982 1.0000000180025095e-35 25.931250000000006 2239.126747018247 22.981250000000006 22.500000000000004 1348.4800000000002 1004.0650000000002 28.500000000000004 5838.7255741567469 1.5000000000000002 -0.77245553105869302 0.13999999999999882 4.5000000000000009 8274.8000000000011 22.500000000000004 3578.406418650794 1001.6650000000001 -5632.8999999999987 0.24684749415872467 64.500000000000014 79.500000000000014
decision_type=2 2 2 2 2 2 2 2 2 2 2 2 2 2 2 2 2 2 2 2 2 2 2 2 2 2 2 2 2 2 2 2 2 2 2 2 2 2 2 2 2 2 2 2 2 2 2 2 2 2 2 2 2 2 2 2 2 2 2 2 2 2
left_child=1 5 3 9 6 21 8 25 14 20 15 12 -12 47 31 -4 29 19 49 -7 -2 -1 45 48 -24 -5 -13 -18 -29 39 44 32 -3 34 -6 -8 -23 57 52 -16 56 -42 -43 -31 -21 -10 -47 -11 -9 -19 51 -35 -37 -49 -17 -40 -15 60 -20 -48 -38 -25
right_child=2 4 10 7 33 17 35 23 22 13 11 26 -14 40 16 54 27 18 58 30 -22 36 24 61 -26 -27 -28 28 -30 43 -32 -33 -34 50 -36 38 37 -39 55 -41 41 42 -44 -45 -46 46 59 53 -50 -51 -52 -53 -54 -55 -56 -57 -58 -59 -60 -61 -62 -63
leaf_value=-0.0022396430269832732 0.001183760804976428 -0.0042971346714721732 0.003185543642263422 0.0027990630268108952 -0.0019445677948374662 -0.0044116245915852793 -0.0049017512592355135 -0.0003251106996045738 -0.0015807918053637414 0.0012539140355005429 -0.00019172824904245545 0.0089823243710180547 0.0027305020315501237 0.0010615929005864631 -3.9610005060080056e-05 0.0069716022690394647 -0.0037367849420300824 -0.0026990541073303384 -0.0010315376201145731 -0.0042005584552718567 -0.0017409010966181169 -0.013290185426285061 0.00065258786822584012 -0.001319687639495406 -0.00046197813888152693 -0.00069178690188596902 0.0021314470755402402 0.00060008488242742071 -0.00070163344693281 0.0011942270371873586 0.00092801588468373276 -1.1163326583343291e-05 -0.0021700282068072771 0.0010321206008734941 0.0028447881071990543 2.7506645010708653e-05 -0.0045280307644986889 -0.0034880847678683134 -0.00040315459091271321 -0.0012667520598120862 0.0031984523977386646 0.0024881426763153944 -0.00022071830280491865 -0.00061860795650088725 0.00039082799376024543 0.002826634184158463 -9.8899783326515946e-05 0.0010168109702366123 -0.0034549806043686179 -0.0012255544437681154 0.00070928803132701106 0.0043645147191177531 -0.00094721827234531372 -0.0001962926284266686 0.014633392741744265 -0.0060949386074461744 0.0022807028494608336 -0.005098783157052646 0.00045027572770681699 -0.0020162874685075494 -0.0028311258718111488 0.00058913028652633585
leaf_weight=69 96 48 71 94 48 66 476 42 91 173 104 810 285 180 129 50 263 772 199 48 84 6224 353 55 149 42 53 48 163 72 49 40 320 43 55 84 257 95 57 100 1782 49 41 64 40 62 62 275 219 72 74 169 71 84 6918 134 247 1100 45 61 62 44
leaf_count=69 96 48 71 94 48 66 476 42 91 173 104 810 285 180 129 50 263 772 199 48 84 6224 353 55 149 42 53 48 163 72 49 40 320 43 55 84 257 95 57 100 1782 49 41 64 40 62 62 275 219 72 74 169 71 84 6918 134 247 1100 45 61 62 44
internal_value=0.000198898 -0.0111682 0.0120824 0.00751283 -0.0047266 -0.0134586 -0.00615695 -0.00295775 -0.00422754 0.00923805 0.0140141 0.0110615 0.00665385 0.00982521 -0.00674279 0.0145376 -0.00480357 -0.00909056 -0.0101653 -0.00330882 0 -0.0141797 -0.000192555 -0.00739612 0.00202783 0.00875912 0.0130382 -0.00764211 -0.00375 -0.00110656 0.000978261 -0.010709 -0.0118699 0.00573077 -0.000144231 -0.0108991 -0.0142693 -0.0126535 -0.00804035 -0.0041087 0.0107283 0.0113721 0.00461538 0.00394161 -0.00370787 -0.00422383 -0.00153226 0.00590994 -0.0100191 -0.011645 0.00783972 0.00985915 -0.00394231 0.00404167 0.0146535 -0.0113281 0.00788551 -0.0131514 -0.00502041 -0.00568548 -0.0103594 -0.00045
internal_weight=24132 12334 11798 3507 3236 9098 2847 496 2025 3011 8291 1252 389 2831 1247 7039 839 1291 1088 203 180 7807 778 360 502 136 863 474 211 365 137 408 368 389 103 822 7738 1514 346 229 2299 1872 90 136 88 276 185 532 261 844 286 212 155 359 6968 191 427 1419 244 123 319 99
internal_count=24132 12334 11798 3507 3236 9098 2847 496 2025 3011 8291 1252 389 2831 1247 7039 839 1291 1088 203 180 7807 778 360 502 136 863 474 211 365 137 408 368 389 103 822 7738 1514 346 229 2299 1872 90 136 88 276 185 532 261 844 286 212 155 359 6968 191 427 1419 244 123 319 99
is_linear=0
shrinkage=0.03


Tree=7
num_leaves=63
num_cat=0
split_feature=9 10 9 1 10 9 0 1 20 10 1 18 15 9 7 2 10 1 18 0 1 26 27 18 25 19 9 25 25 1 25 19 19 0 12 25 20 12 9 12 18 20 12 23 15 5 7 0 25 27 18 21 5 16 21 9 15 9 9 23 15 9
split_gain=3581.57 201.693 105.214 67.0928 43.2907 31.5988 31.5437 26.0638 20.2094 16.4019 12.1556 12.7753 12.0417 10.5638 9.94013 9.66757 9.65931 11.9286 11.2908 9.62025 8.86238 7.72148 7.46811 7.2589 7.20075 7.16942 6.45735 6.35654 6.29774 6.26185 5.82031 5.71358 5.55131 5.39637 5.34724 4.97285 4.89827 4.89406 4.87189 4.72682 4.55432 4.53532 4.46281 4.26953 4.24609 4.22267 4.07122 3.74387 3.67691 3.5823 3.43984 3.36144 3.29945 7.65968 3.03194 2.82363 3.39659 2.81631 2.75578 2.73712 2.68897 2.67358
threshold=3099.3250000000003 2741.8150000000005 3699.9400000000005 5.5000000000000009 3243.3450000000007 2600.1300000000006 19.500000000000004 4.5000000000000009 -11289.15 2642.4300000000003 5.5000000000000009 13646.650000000003 3080.0339583333339 3210.7750000000001 -0.99866806308218525 9.5000000000000018 3695.23 5.5000000000000009 8057.8500000000013 20.500000000000004 1.0000000180025095e-35 10.105000000000002 0.23499999999999946 11915.650000000003 18.900000000000002 28790.700000000001 2899.8250000000003 15.015000000000002 19.275000000000002 3.5000000000000004 14.890000000000002 23090.300000000003 29390.100000000002 29.500000000000004 4154.6150892857149 14.725000000000003 -10720.249999999998 2684.2853869047626 3896.9800000000005 4480.5570535714296 19554.250000000004 -8504.0999999999967 4148.4231250000012 25.993750000000002 3697.9316145833336 -0.9103761370219875 -0.42180583328916638 79.500000000000014 18.340000000000003 0.10000000000000055 17778.800000000003 4851.2783333333346 -0.25881904510252113 8845.595000000003 6464.3016666666672 2260.6500000000005 2546.3523437500003 2887.6800000000003 2902.8050000000007 21.318750000000005 2100.8732812500007 2859.0200000000009
decision_type=2 2 2 2 2 2 2 2 2 2 2 2 2 2 2 2 2 2 2 2 2 2 2 2 2 2 2 2 2 2 2 2 2 2 2 2 2 2 2 2 2 2 2 2 2 2 2 2 2 2 2 2 2 2 2 2 2 2 2 2 2 2
left_child=1 5 3 9 7 25 51 8 19 31 14 15 30 29 -4 45 17 18 -6 24 23 37 33 55 35 28 43 -9 41 -11 -7 49 61 -8 40 -3 -14 -15 -13 -20 44 52 -28 -10 -23 -12 -31 -24 -47 -2 58 -5 53 -1 -39 -21 -57 -29 -38 -46 -18 -22
right_child=2 4 10 6 16 12 22 27 26 13 11 38 36 21 -16 -17 60 -19 39 20 32 34 47 -25 -26 -27 42 57 -30 46 -32 -33 -34 -35 -36 -37 50 54 -40 -41 -42 -43 -44 -45 59 48 -48 -49 -50 -51 -52 -53 -54 -55 -56 56 -58 -59 -60 -61 -62 -63
leaf_value=-0.00055537582657406049 7.2832844369941083e-05 -0.0043325446022705891 0.0021691137758970314 0.003105066009519728 -0.0014160829707040711 0.00022544718074614777 -0.00041082721193955505 4.2575997686888907e-06 -0.0011681579673698294 0.0015652357165427055 -0.00017258980694867532 0.001554434266355944 -0.0025500688160501371 0.00045986290270917603 0.014459293074360086 -0.00023351353304654763 0.0015641289235691679 -0.0052291365149660417 0.0013422817506793193 -0.0024879874728317829 -0.0014284938934333268 0.0038571387249146838 -0.0010474596564360983 0.000927743752030814 6.5317963819992998e-05 -0.012199431425794272 0.00046078724415256285 -0.0047852844590999142 -0.00032626623674453459 0.00099971998911559719 -0.0012167205345046739 -0.0012087702323139559 -0.0047775094755298838 -0.0037918922185270886 -0.0013888568305078586 -0.0019714092145956385 -0.00182148003153209 0.0031853689398597851 0.008708636008271195 -0.0010062331935065671 -0.00016277040546837539 -0.0013312204554775063 -0.00079839003220208752 0.00041244056555607146 0.0025535705960484556 0.003925606451996781 -0.00012814587046273474 0.00060114843471014367 0.0020648715221607715 0.0022861942777523134 -0.00010746204368934364 0.00077944062631038588 -0.0054266392795009506 -0.0069057498722160599 0.0010616927846360013 -0.0011313878667861843 0.00023593660174010543 -0.0019697360473228008 -0.00058976861991768105 -0.00016991336307710546 0.0041902384033402204 -0.00034238108216785076
leaf_weight=74 85 45 67 72 94 49 67 44 125 476 41 47 841 43 6827 60 47 53 297 101 181 186 48 77 45 6706 314 406 44 136 174 55 125 221 41 331 122 1825 857 44 41 49 88 80 47 134 120 43 73 46 57 70 678 196 49 42 98 308 85 42 106 161
leaf_count=74 85 45 67 72 94 49 67 44 125 476 41 47 841 43 6827 60 47 53 297 101 181 186 48 77 45 6706 314 406 44 136 174 55 125 221 41 331 122 1825 857 44 41 49 88 80 47 134 120 43 73 46 57 70 678 196 49 42 98 308 85 42 106 161
internal_value=0.000219024 -0.0111218 0.0120089 0.0078231 -0.0046592 -0.0134084 -0.00215517 -0.00639774 -0.00444046 0.00945193 0.013925 0.0111294 -0.00911964 0.0099867 0.0144148 0.00582524 0.00231308 0.000245399 0.0018922 -0.006686 -0.00471374 0.0109978 -0.00667105 -0.000846395 -0.0103436 -0.0141424 2.46711e-05 -0.0110672 -0.0117898 0.00683492 -0.00274554 0.000802139 -0.00733974 -0.00903114 0.00691341 -0.0116976 -0.0104024 0.0117544 0.0129282 0.00442982 0.00823344 -0.0122796 0.00223325 -0.00429612 0.00961957 0.00843373 0.00303502 0.000815217 0.0101683 0.00420455 -0.00679245 0.00986014 -0.0127397 -0.0098524 0.011984 -0.00340909 -0.000638298 -0.0117483 -0.00858173 0.00416667 0.00886364 -0.00533528
internal_weight=24106 12287 11819 3713 3212 9075 521 2571 1813 3192 8106 1212 1328 3006 6894 308 641 488 435 1206 785 2274 379 318 421 7747 607 758 1041 732 223 186 467 288 357 376 1105 1917 904 341 316 997 402 205 275 248 256 91 207 131 264 142 948 270 1874 241 140 714 207 89 153 342
internal_count=24106 12287 11819 3713 3212 9075 521 2571 1813 3192 8106 1212 1328 3006 6894 308 641 488 435 1206 785 2274 379 318 421 7747 607 758 1041 732 223 186 467 288 357 376 1105 1917 904 341 316 997 402 205 275 248 256 91 207 131 264 142 948 270 1874 241 140 714 207 89 153 342
is_linear=0
shrinkage=0.03


Tree=8
num_leaves=63
num_cat=0
split_feature=9 10 9 10 9 9 20 15 6 7 6 15 17 22 25 9 16 9 14 9 17 20 25 17 27 17 8 20 10 22 25 7 20 26 15 10 26 14 7 15 15 23 18 7 4 16 18 10 15 15 19 18 23 18 26 17 15 18 18 27 20 22
split_gain=3443.74 182.865 122.158 43.8575 36.6205 24.0647 18.5528 14.7513 10.2037 10.0518 10.0424 9.74035 8.71838 8.57582 8.25224 8.34428 8.08925 7.65686 8.79599 7.48414 6.99219 7.7249 6.72775 8.44162 6.84209 6.13435 7.05668 6.08074 6.06352 11.1277 5.88571 5.87639 5.7434 5.72009 5.25714 5.12548 5.11999 5.78807 4.58124 4.54783 4.83946 4.40085 4.30907 4.23791 4.09787 4.47334 5.02173 4.03644 3.99792 4.05861 3.9211 3.6874 3.58532 4.35583 3.58529 3.5735 3.53011 3.40992 3.35663 3.33618 3.26587 3.24303
threshold=3078.1250000000005 2741.8150000000005 3695.1750000000006 3243.3450000000007 2600.1300000000006 3200.6850000000004 -12203.749999999998 3080.0339583333339 -0.19509032201612839 -0.99940763397299126 -0.32143946530316164 3638.4790104166673 1075.8050000000001 5998.3875483630954 20.600000000000005 4363.545000000001 4982.1600000000008 2260.6500000000005 988.11052745578149 2899.8250000000003 499.72000000000008 -21509.049999999999 16.235000000000003 1400.2350000000004 -0.60000000000000042 1783.1600000000001 -0.7284115498514564 -10720.249999999998 3695.23 5581.4613950892863 14.930000000000001 0.7957718639449195 -13207.749999999998 9.8400000000000016 2978.7924479166672 2380.2850000000003 9.7650000000000023 2297.8131869940999 0.14569472580964501 3218.4991145833337 2780.7072395833338 22.068750000000005 12682.6 -0.12546116083924153 1.0000000180025095e-35 5000.6900000000014 14090.000000000002 3499.2050000000004 2962.4200000000005 3402.0204687500004 23090.300000000003 9283.7500000000018 25.256250000000005 13789.000000000002 5.1750000000000016 199.72500000000005 3167.192239583334 17243.650000000005 18143.050000000003 -0.21499999999999983 -15561.4 3419.3517311507944
decision_type=2 2 2 2 2 2 2 2 2 2 2 2 2 2 2 2 2 2 2 2 2 2 2 2 2 2 2 2 2 2 2 2 2 2 2 2 2 2 2 2 2 2 2 2 2 2 2 2 2 2 2 2 2 2 2 2 2 2 2 2 2 2
left_child=1 4 5 6 17 10 12 30 36 -4 32 28 20 22 15 -11 -14 35 -19 31 -3 -22 23 24 -10 26 -20 54 29 44 -6 -8 -2 -24 -35 -1 37 -7 42 40 -21 -36 -34 -41 45 -5 -47 52 -23 -50 -39 -17 53 56 61 -30 -12 -40 -29 -13 -18 -9
right_child=2 3 9 11 7 8 19 27 13 14 47 59 16 -15 -16 51 60 18 25 39 21 48 33 -25 -26 -27 -28 58 55 -31 -32 -33 38 34 41 -37 -38 50 57 43 -42 -43 -44 -45 -46 46 -48 -49 49 -51 -52 -53 -54 -55 -56 -57 -58 -59 -60 -61 -62 -63
leaf_value=-0.013770669182914455 -0.0028934174920892276 -0.0032135967437478285 0.0021040403626201077 0.0033111187417265062 0.0003810124223644884 0.0024068571259321381 -0.0017807495852973964 -0.0016439695376645246 0.00012777619458093526 0.0049391149288457292 0.00060674188302677122 -9.0204038162209347e-05 -9.0086405695775088e-05 -0.0014640677890921249 0.0026722704725619193 0.0084561482280711784 -0.0046878689519110495 0.0012156404762023597 -0.0010797061630785265 -0.00047957371585308548 -0.0040377275355197905 -0.0010613485793663812 0.0031262619051216321 -0.00074623292288435118 0.003498565724365008 -0.0042870191169537544 -0.0046190042933564879 -0.0011538647354717478 0.002055206116347943 -0.0011017502021341663 -0.00086271630703128822 0.0001484545771316137 -0.00067486972314117816 -0.00016445729142188447 0.0025936766158896241 -0.0061872240962215306 -0.00034380223579159262 0.00098929153613473101 -0.0018703583208362494 -2.9757770766991599e-06 0.00069657213142466641 0.0013580370543061536 0.0010777116583073187 -0.00069697611919936617 -0.0014769018285556434 -0.00017877364875321433 0.0035396515679455209 0.0030018571381741663 0.00064926368949817174 -0.00010600375513846849 -0.00045084652555564374 0.025273482955835345 0.00093203843709036775 0.0010808539719826093 -0.0026520287914284955 0.0040645312512399912 -0.00040831589059267867 0.0001850772122235078 7.4617233443294854e-05 -0.0031456343886156189 -0.0013868997872930144 -0.00013916728982239944
leaf_weight=5189 57 247 73 93 51 357 333 41 79 2463 120 61 79 42 87 42 401 43 97 61 41 61 1246 42 198 1003 863 208 54 71 179 74 41 62 170 478 88 306 66 229 105 96 111 187 43 101 40 138 58 44 49 5485 212 91 771 104 109 63 43 44 541 52
leaf_count=5189 57 247 73 93 51 357 333 41 79 2463 120 61 79 42 87 42 401 43 97 61 41 61 1246 42 198 1003 863 208 54 71 179 74 41 62 170 478 88 306 66 229 105 96 111 187 43 101 40 138 58 44 49 5485 212 91 771 104 109 63 43 44 541 52
internal_value=0.000235782 -0.0110388 0.0116971 -0.00471526 -0.0131921 0.00720753 -0.00650081 -0.00861441 0.00866776 0.0137578 0.00324083 0.00247549 -0.00863544 0.00984762 0.013858 0.0139582 -0.0101712 -0.0139934 -0.0123767 -0.00331818 -0.00514381 -0.00102439 0.0101452 0.00614062 0.00803957 -0.0126706 -0.0109261 -0.0100403 0.00420118 0.00197708 -0.00168831 -0.00643382 -0.000973451 0.0109524 0.00738602 -0.0145633 0.00580524 0.00664797 0.000797872 -0.00113208 0.00305389 0.00921348 0.00431373 -0.00280576 0.00469424 0.00625532 0.00285211 0.00536513 0.00192073 0.00553398 0.00391854 0.014612 0.0041651 0.00214953 -0.011237 0.0090566 -6.52174e-05 -0.00334615 -0.00589286 -0.00580189 -0.0109438 -0.00558511
internal_weight=23983 12090 11893 3072 9018 3743 2461 1345 2735 8150 1008 611 1472 1935 8077 7990 1021 7673 2006 989 451 204 1893 319 277 1963 960 1115 506 348 230 407 338 1574 328 5667 800 712 281 582 166 266 152 416 277 234 141 670 163 102 355 5527 532 320 864 158 229 129 251 105 942 93
internal_count=23983 12090 11893 3072 9018 3743 2461 1345 2735 8150 1008 611 1472 1935 8077 7990 1021 7673 2006 989 451 204 1893 319 277 1963 960 1115 506 348 230 407 338 1574 328 5667 800 712 281 582 166 266 152 416 277 234 141 670 163 102 355 5527 532 320 864 158 229 129 251 105 942 93
is_linear=0
shrinkage=0.03


Tree=9
num_leaves=63
num_cat=0
split_feature=9 10 9 1 1 0 9 0 9 9 1 20 20 10 17 8 7 17 1 0 10 20 17 0 7 15 7 12 8 20 21 27 21 17 18 17 27 0 12 15 10 9 18 10 4 18 16 18 19 20 20 17 20 17 12 10 16 0 21 15 16 23
split_gain=3369.46 166.497 153.679 75.2088 43.215 40.3958 31.4153 30.0791 27.1987 17.8379 16.6151 16.3315 14.4394 13.5911 13.0354 14.4869 11.8916 10.5975 9.22454 9.20292 8.80468 8.19877 6.98396 8.26016 6.71868 8.35491 6.44108 8.48824 6.42584 6.36771 6.24725 5.45871 5.37948 5.34588 4.97801 12.3859 4.90614 4.89298 4.75732 5.43952 4.33664 4.05669 4.73799 3.99939 3.97072 4.98576 4.41366 3.89716 3.87454 3.80181 3.6781 4.18274 3.89 3.59687 3.64537 3.41651 3.31997 3.22529 3.19798 3.19115 6.213 3.16863
threshold=3033.5250000000005 2741.8150000000005 3664.7050000000004 5.5000000000000009 1.0000000180025095e-35 23.500000000000004 2491.5450000000005 23.500000000000004 3200.0950000000007 2806.1250000000005 5.5000000000000009 1386.9999999999993 -14448.449999999999 2700.2850000000003 999.88000000000011 0.04621408538533487 -0.99866806308218525 1008.6950000000001 5.5000000000000009 27.500000000000004 3090.4450000000002 -10519.899999999998 1417.7450000000001 68.500000000000014 0.039769539193789977 3730.3277604166674 0.85226249403558707 3065.0214062500004 -0.85336608150419258 -7357.9999999999982 3799.356666666667 0.25999999999999984 3222.1800000000007 499.92500000000007 14764.450000000003 1754.4350000000002 -0.5400000000000017 64.500000000000014 3919.9110788690477 2412.4126562500001 4553.0900000000011 3999.0950000000007 8689.8500000000022 2642.4300000000003 1.0000000180025095e-35 13285.900000000001 4466.1100000000015 11028.500000000002 24529.650000000005 -14934.149999999998 -6807.6499999999987 1000.4450000000001 -13207.749999999998 2449.7550000000006 4364.2809523809528 3999.8250000000003 4900.505000000001 13.500000000000002 3478.3950000000009 2412.4126562500001 4064.9600000000005 28.143750000000008
decision_type=2 2 2 2 2 2 2 2 2 2 2 2 2 2 2 2 2 2 2 2 2 2 2 2 2 2 2 2 2 2 2 2 2 2 2 2 2 2 2 2 2 2 2 2 2 2 2 2 2 2 2 2 2 2 2 2 2 2 2 2 2 2
left_child=1 6 3 8 7 57 37 56 20 22 16 19 28 36 15 -8 -4 26 21 47 50 -19 23 -6 48 -26 27 -11 -9 58 -16 -7 33 -17 35 -13 -10 -1 39 -30 55 -18 -43 -32 46 -46 -31 -12 -22 -45 51 -2 -53 -48 -55 -21 -3 -5 -15 60 -14 -23
right_child=2 4 10 5 9 31 14 12 13 17 11 34 59 29 30 32 41 18 -20 40 24 61 -24 -25 25 -27 -28 -29 38 44 43 -33 -34 -35 -36 -37 -38 -39 -40 -41 -42 42 -44 49 45 -47 53 -49 -50 -51 -52 52 -54 54 -56 -57 -58 -59 -60 -61 -62 -63
leaf_value=-0.011637940562123656 0.0011063543756462124 -0.0025016812054654068 0.0023731697468342538 0.0024664029386158946 -0.0038123205974791305 -0.0037869029290543473 -0.0042005995180926271 -0.0010459510179567566 -0.0019784758353784413 0.00027662200462012619 0.00010949734559057234 0.0044764545247666905 0.0053060852692584422 0.00081189195811846914 -0.002494220705385759 -0.0032057556962138719 0.0038759012222098653 -0.00066685469730741519 -0.0050225624861815451 0.00066731439520344431 0.0014066279589395058 -0.00029447199679485611 -0.0042759514620453265 0.0019935499328575189 0.0034154731876770584 -0.00086699623091272208 0.002901868440887796 -0.0045024119126867036 -0.0007718141219505625 0.005486246283083202 -0.0023695912618704627 -0.00035831802460467799 0.00075189229686679849 0.00049707495404305746 0.0080867496808679461 -0.0014974014859358586 0.0010800267577370803 -0.0052611300436915089 -0.00072253049087793279 0.001721404976728955 0.0017620191237293524 0.006607155831801448 0.019639580377560664 -0.0040938890093826915 -0.00033691181279589695 0.0022199739358018354 0.0031450743828091987 0.004617796166722794 0.00023306084584658214 -0.00025675335417328247 0.00083897528307803166 -0.0015139407689308769 -0.00013016875482350088 0.0019108864462640085 0.00020696200171377299 -0.00050509768602799096 -0.00084707308148015417 0.00073684001534165763 0.0021603033525390103 0.0026202466210094319 -0.00062445435441151889 0.00070677446160917869
leaf_weight=6703 78 108 67 102 266 300 109 49 40 101 40 136 43 184 881 73 1177 436 196 70 287 286 526 60 69 83 49 75 59 56 611 104 68 59 700 40 96 313 98 74 50 44 5688 50 43 43 1533 117 58 83 155 54 230 92 50 81 76 82 227 224 59 60
leaf_count=6703 78 108 67 102 266 300 109 49 40 101 40 136 43 184 881 73 1177 436 196 70 287 286 526 60 69 83 49 75 59 56 611 104 68 59 700 40 96 313 98 74 50 44 5688 50 43 43 1533 117 58 83 155 54 230 92 50 81 76 82 227 224 59 60
internal_value=0.000164567 -0.0112627 0.0112343 0.00638266 -0.00493851 -0.00351443 -0.0132723 0.00102402 0.00810595 -0.00723006 0.0135769 0.0103482 0.00425041 0.00986892 -0.00987597 -0.00420968 0.0141465 -0.00487126 -0.00622063 0.00493036 0.00399015 -0.00475096 -0.010551 -0.00706422 0.00683735 0.00156863 0.000995575 -0.00169492 -0.000747331 0.0104307 -0.0109502 -0.00881481 0.000597015 -0.00293233 0.0125542 0.0079661 0.000656934 -0.0142069 0.00135776 0.00503731 0.000668317 0.0142685 0.0146049 -0.00889933 0.0111964 0.00482759 0.0115098 0.0103481 0.0091474 -0.00414179 0.00124517 -0.000413223 -0.00210526 0.011787 0.00713287 -0.001875 -0.00956757 0.00810811 0.0070267 0.00853211 0.00407767 -0.00129683
internal_weight=23971 11795 12176 3966 2845 588 8950 790 3378 2055 8210 1234 606 2364 1934 309 6976 1203 978 358 1014 782 852 326 497 152 225 176 280 2228 1625 404 200 132 876 176 136 7016 231 133 201 6909 5732 744 1817 86 1731 157 345 133 517 362 284 1675 142 151 184 184 411 326 102 346
internal_count=23971 11795 12176 3966 2845 588 8950 790 3378 2055 8210 1234 606 2364 1934 309 6976 1203 978 358 1014 782 852 326 497 152 225 176 280 2228 1625 404 200 132 876 176 136 7016 231 133 201 6909 5732 744 1817 86 1731 157 345 133 517 362 284 1675 142 151 184 184 411 326 102 346
is_linear=0
shrinkage=0.03


Tree=10
num_leaves=63
num_cat=0
split_feature=20 10 20 1 10 10 19 0 1 1 0 12 11 10 10 16 25 25 10 25 1 25 2 25 15 0 11 6 2 20 12 26 20 0 22 25 27 26 20 23 8 12 19 20 12 27 15 19 10 23 2 26 8 12 25 15 0 19 25 15 27 26
split_gain=3160.34 205.341 149.582 61.7178 43.0258 41.5091 35.0394 25.2025 19.3623 17.5096 14.0756 13.5489 13.079 12.9449 12.689 20.5182 12.2635 12.0754 11.8597 11.4701 10.287 9.97547 9.06149 8.83929 7.80072 10.2426 7.72482 7.53554 8.53492 7.2902 6.73179 7.4713 6.57838 7.87776 6.53807 6.38615 6.28889 6.28386 6.2018 6.0844 5.9516 5.71835 5.56001 5.41004 5.2483 5.22281 5.06303 5.90128 4.97016 4.8122 4.80024 4.76687 4.64446 4.63748 4.40796 12.9386 4.29532 6.03055 4.04101 4.92404 4.51471 3.81103
threshold=-8917.9499999999953 2800.3850000000007 -1491.5999999999992 5.5000000000000009 3090.4450000000002 3243.3450000000007 27484.600000000002 26.500000000000004 4.5000000000000009 5.5000000000000009 20.500000000000004 3839.7652455357147 3599.4150000000004 2642.4300000000003 3619.2500000000005 4875.6650000000009 14.795000000000002 19.265000000000004 2300.3900000000008 14.930000000000001 5.5000000000000009 18.900000000000002 5.5000000000000009 18.695000000000004 4289.4120833333336 8.5000000000000018 2950.7800000000007 -0.32143946530316164 6.5000000000000009 -7690.1499999999987 3177.0275223214294 7.6000000000000005 1663.950000000001 27.500000000000004 5697.3214471726196 19.305000000000003 0.58000000000000018 6.7200000000000015 -4767.0499999999993 16.731250000000006 -0.35042475891464198 4431.1621800595249 29865.200000000001 -5937.8999999999987 3452.1351488095247 0.13499999999999981 2412.4126562500001 27168.800000000003 3000.1700000000005 22.468750000000004 6.5000000000000009 8.5100000000000016 0.97461712852231652 4519.6044196428584 15.210000000000003 3485.4284895833339 20.500000000000004 24040.350000000002 19.390000000000004 4547.3495312500008 0.58000000000000018 8.7950000000000017
decision_type=2 2 2 2 2 2 2 2 2 2 2 2 2 2 2 2 2 2 2 2 2 2 2 2 2 2 2 2 2 2 2 2 2 2 2 2 2 2 2 2 2 2 2 2 2 2 2 2 2 2 2 2 2 2 2 2 2 2 2 2 2 2
left_child=1 6 3 4 13 8 16 22 10 34 21 37 20 43 15 23 -1 36 -8 -10 -4 -3 -5 -6 25 -24 -19 28 45 -29 31 -9 33 -22 41 -16 56 48 40 -20 -15 61 -13 -2 -35 53 -39 -48 -12 51 -37 -42 58 -17 55 -14 -18 -58 60 -60 -41 -7
right_child=2 5 12 7 14 9 18 30 19 -11 11 42 54 38 35 27 17 26 39 -21 32 -23 24 -25 -26 -27 -28 29 -30 -31 -32 -33 -34 44 -36 50 -38 46 -40 52 49 -43 -44 -45 -46 -47 47 -49 -50 -51 -52 -53 -54 -55 -56 -57 57 -59 59 -61 -62 -63
leaf_value=0.00016262747461527559 -0.0010589462926832826 -0.0019277655047054054 0.0052036178241822205 0.003030918258925883 -0.00096567158907113538 0.0023073323625042706 -0.012591459711058918 0.0012821154859201656 6.7183495237204121e-05 -0.0026158509283735884 -0.00063070264909530487 -0.00063664266036989048 0.030632880740129129 0.0014411694112665429 0.0053004848226395037 0.0019450457903611351 -0.0035399757602365333 -0.0015229701149291274 -0.0033347887154520483 -0.0028123536829612081 0.0033932480424808276 0.0002101043182603135 0.0016913236777203 0.0025726619362372726 0.0032314846014685904 -0.0014432802525520926 0.0016133966146232393 0.00060757668982475361 0.001515715228953649 0.002409456711204969 -0.0031143051364224661 -0.0014060417623433484 0.0039315994047133705 0.0012091467590234473 -0.0030246955620660643 -0.001404572112325546 -0.00027512002765497809 -0.0023570458577453477 0.0020268405443426649 -0.0048321384496426579 0.00011753496941787844 -0.00089269194134564242 -0.0044840710567790598 0.00014524382865448436 -0.0007784534564343825 -0.001629662352365262 0.0012688228674985068 -0.0004101680678645403 0.00058196046637704058 -0.00038576127879961673 0.0041137838385061354 0.0019326154668580652 -7.0688194077703762e-05 -0.00097684597257372539 0.014292969256172973 -0.0062373021247911177 -0.0018020531558977514 -0.004386656751004323 -0.0095435227950793292 5.3697266991665766e-05 -0.0029709828466357099 0.0015556249539787359
leaf_weight=89 149 340 1055 84 94 282 5622 41 66 58 151 317 90 168 1015 42 328 80 922 548 49 82 44 40 57 118 49 123 142 1018 253 58 228 43 42 40 65 69 245 915 146 61 104 136 78 43 245 80 100 139 48 56 51 42 6203 41 298 526 58 53 107 170
leaf_count=89 149 340 1055 84 94 282 5622 41 66 58 151 317 90 168 1015 42 328 80 922 548 49 82 44 40 57 118 49 123 142 1018 253 58 228 43 42 40 65 69 245 915 146 61 104 136 78 43 245 80 100 139 48 56 51 42 6203 41 298 526 58 53 107 170
internal_value=0.000232432 -0.0107661 0.0110042 0.00653961 0.00804719 -0.00351804 -0.012913 -0.0019436 -0.00552068 0.00334691 -0.00366689 -0.00182755 0.0134919 0.00287019 0.0100774 0.00831068 -0.0085968 -0.00930958 -0.0137133 -0.01 0.0109044 -0.00829787 0.00439145 -0.00288889 0.00115909 -0.00220859 -0.000576923 0.00937633 0.00483333 0.0104422 -0.00739377 -0.00075 0.00676692 0.0022807 0.00499101 0.0125408 -0.010234 0.000905573 0.00492715 -0.011775 0.00302941 0.00592412 -0.00600711 -0.00256993 -0.00184426 -0.000820312 0.00326582 0.00483129 -0.00279762 0.000745614 0.0047191 0.00369458 -0.0103291 0.00352941 0.0140837 0.00852273 -0.0107459 -0.00956364 -0.0107275 -0.00522321 -0.0113196 0.00708609
internal_weight=24006 11878 12128 4341 3686 2715 9163 655 2102 613 1488 1066 7787 1039 2647 1544 1435 1346 7728 614 1453 422 303 134 219 162 129 1410 269 1141 352 99 398 170 555 1103 1217 645 754 2106 509 513 421 285 121 127 394 325 251 341 88 202 1184 84 6334 131 1152 824 1133 111 1022 452
internal_count=24006 11878 12128 4341 3686 2715 9163 655 2102 613 1488 1066 7787 1039 2647 1544 1435 1346 7728 614 1453 422 303 134 219 162 129 1410 269 1141 352 99 398 170 555 1103 1217 645 754 2106 509 513 421 285 121 127 394 325 251 341 88 202 1184 84 6334 131 1152 824 1133 111 1022 452
is_linear=0
shrinkage=0.03


Tree=11
num_leaves=63
num_cat=0
split_feature=9 10 9 1 11 9 0 1 9 0 1 9 1 1 10 0 7 15 22 9 19 9 27 20 26 24 22 27 15 12 9 0 8 12 9 9 6 25 12 0 27 7 7 20 25 9 22 10 21 2 12 11 23 27 22 0 27 1 15 12 11 12
split_gain=3188.83 221.128 96.1197 48.3354 45.9364 42.6118 25.8044 23.7465 20.3471 18.5781 18.3938 18.7862 16.1841 15.1992 14.734 14.1732 10.4686 10.3977 9.90875 9.48436 8.1836 8.08807 8.08161 8.05693 7.94457 7.6927 7.33861 6.97265 6.78517 8.7651 6.38516 6.37244 6.48848 6.34471 7.35947 6.31072 6.05999 5.96366 5.43268 5.40499 5.37815 10.398 5.03028 4.97413 4.96053 4.94531 4.81536 4.75126 4.59968 4.44402 4.17896 4.11704 3.97055 4.30186 4.14359 7.14814 3.96361 3.85005 6.42511 3.83566 3.77642 4.52148
threshold=3107.8750000000005 2700.2850000000003 3639.4850000000006 5.5000000000000009 3249.4300000000007 2581.0050000000006 21.500000000000004 5.5000000000000009 2999.5700000000002 21.500000000000004 5.5000000000000009 4999.005000000001 1.0000000180025095e-35 1.0000000180025095e-35 2700.2850000000003 34.500000000000007 -0.99866806308218525 3080.0339583333339 5558.6630592757947 2790.8450000000007 35545.700000000004 2499.4450000000002 0.49500000000000105 -7357.9999999999982 10.075000000000001 2.3562499999999997 5441.8784102182553 0.47000000000000158 2412.4126562500001 3919.9110788690477 2701.3800000000006 23.500000000000004 0.6174544326165855 3098.5384449404769 2806.1250000000005 4789.6400000000003 -0.3520614488341256 14.795000000000002 6105.1620386904769 33.500000000000007 0.58000000000000018 -0.75015329512557205 0.66766646831012755 -2455.5999999999981 20.360000000000003 2887.6800000000003 3819.3489446924605 3188.0950000000007 3245.4450000000006 8.5000000000000018 3472.0972842261904 3499.8650000000002 22.468750000000004 0.094999999999998877 5519.5525310019848 25.500000000000004 0.58000000000000018 1.0000000180025095e-35 3184.6903125000003 4465.749575892858 4550.7100000000009 4321.9929092261909
decision_type=2 2 2 2 2 2 2 2 2 2 2 2 2 2 2 2 2 2 2 2 2 2 2 2 2 2 2 2 2 2 2 2 2 2 2 2 2 2 2 2 2 2 2 2 2 2 2 2 2 2 2 2 2 2 2 2 2 2 2 2 2 2
left_child=1 5 3 14 7 20 26 8 9 33 16 15 28 21 18 43 -4 37 -2 25 40 -6 -8 48 -25 -15 -5 60 -11 50 -14 32 -9 34 -3 38 -26 -7 -18 -23 51 -42 -35 -12 -13 -19 -31 -10 -16 -17 -30 57 53 -38 55 -54 -39 58 -1 -50 61 -21
right_child=2 4 10 6 13 17 22 31 47 12 11 44 30 19 23 49 35 45 -20 27 -22 39 -24 24 36 -27 -28 -29 29 46 -32 -33 -34 42 -36 -37 52 56 -40 -41 41 -43 -44 -45 -46 -47 -48 -49 59 -51 -52 -53 54 -55 -56 -57 -58 -59 -60 -61 -62 -63
leaf_value=-0.0046173798364782482 0.00098281501138154149 -0.0055665728649490643 0.0017047714608382769 0.0024074580958065093 -0.0004807371109257108 0.00038941813082765897 -0.0021601372657417349 6.9426418851001865e-05 -3.7680857519220012e-05 -0.001941336505551643 0.00076644524136463936 0.0085051106102959906 -0.0040456331092367306 -0.0030813428939115181 0.00020682773947127586 0.0010407009569224713 0.0052735680323904429 -0.0020561154164427898 -0.0021481698925704417 0.00070671073766495065 -0.014472831854099075 0.00037739111160853153 0.00022603270389145002 0.002648929860663056 -0.00063952896597451847 7.5294626726094552e-05 -0.00021710141741911214 -0.001875957898486611 0.00024805140749045051 -0.0027086628300072488 -0.00067458321804659605 -0.0076750373005341817 -0.0024666663206487846 -0.0023158407942139234 0.00029112329635535335 0.030188605231322076 0.0014476096079073474 -0.0014022683695889171 0.0026248470312717131 0.0035891784164076854 5.5122029366225785e-05 -0.0086087380468120502 -0.00033393569378517004 0.0041638509485227267 0.0050454908613339101 -0.001209309567841954 0.00071668294943258101 0.0007085347022664656 0.0017354760377282651 -0.0002623011982746526 0.0029212194200711836 -0.0034806475436884731 -0.0016992639582013424 0.0024132802651708118 0.0035761305027642541 0.0031375419191027728 0.00044164456352192789 -0.0056097098920006513 -0.00062741605811441833 -0.0002528092800772974 0.003091354627491025 -0.0011218087306104961
leaf_weight=310 154 84 72 104 78 42 277 52 347 71 53 640 275 105 211 150 3163 780 52 272 3943 61 54 1687 48 78 49 40 93 63 435 331 80 386 60 3777 42 156 47 192 79 100 122 236 49 299 73 87 397 109 66 78 40 114 40 74 60 2812 73 43 42 41
leaf_count=310 154 84 72 104 78 42 277 52 347 71 53 640 275 105 211 150 3163 780 52 272 3943 61 54 1687 48 78 49 40 93 63 435 331 80 386 60 3777 42 156 47 192 79 100 122 236 49 299 73 87 397 109 66 78 40 114 40 74 60 2812 73 43 42 41
internal_value=0.000335713 -0.0103473 0.0115527 0.00728964 -0.00401414 -0.0129097 -0.00148454 -0.00602628 -0.0047018 -0.00615963 0.0132916 0.00989903 -0.00373259 0.0017967 0.00875301 0.0057377 0.0138846 -0.00797085 0.00101449 -0.0011399 -0.0138014 0.00691265 -0.00618976 0.00934372 0.0102713 -0.0067663 0.00866883 0.00147727 0.00138965 0.00339527 -0.00637131 -0.0121875 -0.00654135 -0.0101531 -0.00455172 0.0140019 0.00618384 -0.00254826 0.0130053 0.00950787 -0.0127194 -0.00758333 -0.0117289 0.0102931 0.0131957 -0.00926389 -0.00218978 0.00110345 0.00641871 0.000634615 0.00815625 -0.0129979 0.00771704 0.0110828 0.00425806 0.00130435 -0.00456221 -0.0131649 -0.0102734 0.00816327 0.00282303 0.00167197
internal_weight=23948 12266 11682 3386 3534 8732 484 2625 2162 1728 8296 1237 1076 909 2902 548 7059 1337 206 578 7395 331 331 2696 2045 183 153 395 366 295 710 463 132 652 144 6987 358 258 3210 253 3452 179 508 289 689 1079 136 434 651 259 159 3273 310 156 154 114 216 3195 383 440 355 313
internal_count=23948 12266 11682 3386 3534 8732 484 2625 2162 1728 8296 1237 1076 909 2902 548 7059 1337 206 578 7395 331 331 2696 2045 183 153 395 366 295 710 463 132 652 144 6987 358 258 3210 253 3452 179 508 289 689 1079 136 434 651 259 159 3273 310 156 154 114 216 3195 383 440 355 313
is_linear=0
shrinkage=0.03


Tree=12
num_leaves=63
num_cat=0
split_feature=9 10 9 3 10 9 0 10 3 0 11 9 9 3 20 15 11 25 22 23 27 27 12 19 15 17 22 25 26 14 14 20 10 14 23 18 27 27 14 12 17 25 16 0 11 10 18 26 14 17 12 15 20 11 17 8 9 0 18 15 15 11
split_gain=3101.42 165.06 148.245 48.8874 40.6108 40.2945 31.6147 29.2734 18.0985 19.4163 14.4483 12.9906 11.8334 11.7391 11.4652 10.3064 10.2005 9.97565 9.60976 8.9154 8.34065 8.18729 7.97586 7.90582 7.8432 7.45668 7.25073 6.79033 6.45563 7.90961 11.9398 7.19782 6.20953 6.16257 6.08729 6.06392 5.93556 10.6291 8.72103 6.87158 6.50386 8.14004 6.18153 5.7986 7.07619 6.18991 5.9737 5.72488 5.12222 5.84447 4.90605 6.49778 6.10651 5.19345 4.66108 4.65906 4.93684 4.5522 6.42984 4.4485 4.41011 4.38012
threshold=3019.6750000000006 2691.6000000000008 3804.4150000000004 1.0000000180025095e-35 3290.2250000000004 2519.2500000000005 29.500000000000004 2700.2850000000003 1.0000000180025095e-35 20.500000000000004 2550.9150000000004 3140.7000000000003 4829.4750000000013 1.0000000180025095e-35 -20314.099999999995 3080.0339583333339 3294.0550000000007 20.600000000000005 5558.6630592757947 25.456250000000004 -0.67499999999999971 -0.11999999999999832 5251.3308928571432 31961.500000000004 4941.5795833333341 499.25000000000006 3488.4098201884922 15.095000000000001 10.390000000000002 2211.877060605922 2758.4158222355532 -9137.8499999999985 3090.4450000000002 2382.1758585809152 26.756250000000005 11028.500000000002 -1.0000000180025095e-35 -0.31500000000000122 2239.126747018247 3219.2928943452389 1183.2700000000002 15.490000000000002 9854.590000000002 29.500000000000004 3893.3850000000007 4090.4750000000008 11532.350000000002 8.0500000000000025 2259.0204398647488 1008.6950000000001 3636.5748214285718 4071.6937500000004 -5072.2499999999982 2964.1700000000005 1004.0650000000002 0.99855310097228334 2800.2900000000004 17.500000000000004 13892.050000000001 5604.4479687500007 4900.826822916667 3893.3850000000007
decision_type=2 2 2 2 2 2 2 2 2 2 2 2 2 2 2 2 2 2 2 2 2 2 2 2 2 2 2 2 2 2 2 2 2 2 2 2 2 2 2 2 2 2 2 2 2 2 2 2 2 2 2 2 2 2 2 2 2 2 2 2 2 2
left_child=1 5 3 7 8 23 25 18 9 19 -8 32 13 60 -11 48 26 -14 47 -3 -16 35 43 -1 28 -5 -6 -10 31 -30 33 54 -9 -31 -21 -12 37 -22 39 40 41 -38 -41 46 45 -45 -15 -2 49 -7 52 -52 -23 -53 -13 56 -17 -27 -59 -26 -4 -62
right_child=2 4 12 6 16 15 10 11 27 14 21 24 17 22 20 55 -18 -19 -20 34 36 50 -24 -25 59 57 -28 -29 29 30 -32 -33 -34 -35 -36 -37 38 -39 -40 42 -42 -43 -44 44 -46 -47 -48 -49 -50 -51 51 53 -54 -55 -56 -57 -58 58 -60 -61 61 -63
leaf_value=-0.0050820440121575449 0.0010094920845332301 -0.0017931689772027859 0.0062703035477112224 -0.00032378754988489079 0.0018035175235461053 0.00015485091010328134 -0.0035173287578661758 0.00024144348260808355 5.826218146094852e-05 -0.0046774735063299031 -0.00076107275540948649 0.003452264903663078 0.029282947074382424 0.00059956986961329228 -0.002092203381191897 -0.0023371127197144579 0.0024345966349747171 0.0013875255033719647 -0.0027845795569317253 0.001134652254127264 -0.00034038422951589983 -0.00040737105289526452 -0.00022189054275104425 -0.011907034597603302 -0.00027511197221503637 0.0022269568863962342 -0.0013836708262859342 -0.0035491957840920471 0.0032063527822949567 0.00048147289152554505 0.0027587487200625913 0.002847634606815923 0.0011896975122975828 -0.003159934375051483 -0.00079823333516458204 0.0019764639885386792 -0.0030374444140175783 0.001305604662637676 -0.0018344177900137826 0.0016558437786955516 -0.0010916746329771687 0.0013040836939230082 -0.0001067535403324804 0.0019814970833045465 0.0041444061401794841 0.00015826516043384586 0.004550099982645381 -0.0004950238737532331 -0.0029588250927525682 -0.0039381333147286493 -0.002345309601767891 -0.00078522263846936724 0.00082234279236441659 0.00058458849007314128 0.00026017657701815188 -5.6745476133936985e-05 -0.0014739521638958929 0.00032787718280448354 0.002122685411520333 0.0023490039785915239 0.00067087716024688321 0.0047066991492928341
leaf_weight=1858 126 511 2018 52 50 140 212 264 45 152 51 74 4378 60 107 757 332 45 52 42 172 130 47 5390 67 243 118 697 151 55 59 1880 212 42 61 112 57 138 146 111 124 53 147 104 209 168 379 90 70 74 52 49 120 53 142 47 324 150 76 56 98 96
leaf_count=1858 126 511 2018 52 50 140 212 264 45 152 51 74 4378 60 107 757 332 45 52 42 172 130 47 5390 67 243 118 697 151 55 59 1880 212 42 61 112 57 138 146 111 124 53 147 104 209 168 379 90 70 74 52 49 120 53 142 47 324 150 76 56 98 96
internal_value=0.000202754 -0.0108099 0.0108092 0.00653686 -0.00482213 -0.0129269 0.00161414 0.00849282 -0.0063475 -0.00473381 -0.00221154 0.00934066 0.0133763 0.011967 -0.0025207 -0.00828025 0.00299401 0.0143863 -0.00100372 -0.00907317 -0.00140625 0.000290493 0.00918905 -0.0138309 0.0101979 0.00732759 -0.00301775 -0.0102961 0.0105761 0.00647727 0.00171975 0.0111731 0.00477987 -0.0047449 -0.00100962 0.00594512 -0.000505796 0.00289389 -0.00215962 -0.000243408 -0.00395745 0.00135135 0.00312741 0.00980456 0.0075 0.00428571 0.0123068 0.00179724 -0.00315789 -0.000837209 -0.002 -0.00619355 0.00059761 -0.00174757 0.0059447 -0.00956599 -0.00996765 0.00852128 0.0054185 0.00278226 0.0131767 0.00876923
internal_weight=23895 11723 12172 4570 3063 8660 1300 3270 2563 1821 779 3002 7602 3179 1207 1412 500 4423 268 614 1055 567 967 7248 2526 521 168 742 2403 307 156 2096 476 97 103 163 948 310 638 492 234 110 258 920 481 272 439 216 284 214 404 154 250 102 216 1128 1081 469 226 123 2212 194
internal_count=23895 11723 12172 4570 3063 8660 1300 3270 2563 1821 779 3002 7602 3179 1207 1412 500 4423 268 614 1055 567 967 7248 2526 521 168 742 2403 307 156 2096 476 97 103 163 948 310 638 492 234 110 258 920 481 272 439 216 284 214 404 154 250 102 216 1128 1081 469 226 123 2212 194
is_linear=0
shrinkage=0.03


Tree=13
num_leaves=63
num_cat=0
split_feature=9 10 9 1 9 10 9 0 1 1 10 19 17 8 7 1 17 0 18 15 4 26 18 26 0 20 8 20 14 26 1 21 20 17 19 25 15 1 26 17 19 19 19 14 10 8 8 16 0 25 18 5 21 1 15 10 10 18 8 21 0 9
split_gain=3012.81 169.852 140.688 52.864 46.0542 34.7328 29.0071 25.2558 22.4258 20.2673 17.4193 16.9503 14.2445 15.3259 12.1381 11.3272 10.6635 10.5482 10.1752 9.69936 9.52921 9.50311 12.1183 9.43972 9.15732 9.05929 9.55842 7.73172 7.23384 7.17822 7.07331 6.94807 6.84547 9.9192 6.77443 6.77413 6.75162 6.73552 6.40214 6.29689 6.51121 6.21701 6.09838 6.04774 5.82342 7.33988 5.73635 5.64726 5.50009 5.37703 5.28297 5.06985 6.58175 4.96406 7.52122 4.93976 4.87976 4.87068 5.64085 4.85099 5.30717 4.83765
threshold=3033.5250000000005 2691.6000000000008 3499.23 5.5000000000000009 2430.5300000000002 3426.5400000000004 4090.4750000000008 25.500000000000004 5.5000000000000009 5.5000000000000009 3090.4450000000002 26533.100000000002 999.88000000000011 0.04621408538533487 -0.99866806308218525 5.5000000000000009 1075.8050000000001 41.500000000000007 13691.200000000003 2797.8418750000001 1.0000000180025095e-35 7.6900000000000004 7327.2500000000009 7.4750000000000005 24.500000000000004 -13207.749999999998 0.99855310097228334 -22539.049999999999 2080.6202455828893 11.325000000000001 1.0000000180025095e-35 3398.0666666666671 -11109.649999999998 1004.0650000000002 9656.4000000000015 16.695000000000004 2412.4126562500001 4.5000000000000009 9.5700000000000021 900.15500000000009 27327.300000000003 23864.100000000002 36885.700000000004 988.11052745578149 5221.6200000000017 0.48877522411129348 0.45847758937963173 4875.6650000000009 16.500000000000004 19.905000000000005 15375.150000000003 -0.84874750804349186 3823.0433333333335 1.0000000180025095e-35 3246.4984375000008 2678.9850000000001 2400.9950000000003 11963.700000000003 0.85561368268953431 2213.2433333333338 19.500000000000004 3125.8150000000005
decision_type=2 2 2 2 2 2 2 2 2 2 2 2 2 2 2 2 2 2 2 2 2 2 2 2 2 2 2 2 2 2 2 2 2 2 2 2 2 2 2 2 2 2 2 2 2 2 2 2 2 2 2 2 2 2 2 2 2 2 2 2 2 2
left_child=1 4 3 10 42 8 9 35 11 20 32 17 13 -6 34 -16 27 19 -17 -3 55 -21 -23 57 -25 26 49 -13 -29 41 36 39 33 -2 -8 -5 -19 -22 -24 40 -15 -12 43 -1 45 -7 -32 -18 -10 -14 -49 52 -20 54 -45 -4 -34 -11 -59 -43 -61 -58
right_child=2 5 6 7 12 44 14 -9 48 23 29 16 25 31 15 18 47 30 51 21 37 22 38 24 -26 -27 -28 28 -30 -31 46 -33 56 -35 -36 -37 -38 -39 -40 -41 -42 59 -44 53 -46 -47 -48 50 -50 -51 -52 -53 -54 -55 -56 -57 61 58 -60 60 -62 -63
leaf_value=-0.00042184440921904097 0.0013362240785559764 -0.0019108452791754969 0.000574394354870229 -0.00039022072548295484 -0.0037066264903108203 -0.00019380175524082331 0.0055702572830165307 -0.0033149483032067816 -0.00046610272181914599 -0.0012382114235507569 0.0023266066046069688 -0.0033619984579683535 -0.0031104849210121621 9.3880385206546181e-06 0.023054088255046477 0.0015269785573760418 -4.5151224764925498e-05 -0.0016082917620505021 -0.00052546868973627706 -0.0011024910746803051 0.0029305284731086711 -0.001854799351232348 0.00095578692045399365 0.0040629035517214087 9.5070726576338411e-05 -0.0010039930932838903 0.0001343018006802188 0.00070546952940656374 -0.00074482667202760314 -0.00018712179843547006 0.0003918126286164014 0.001015480975140317 -0.0003854195528557014 -0.00066037985110300567 -0.0028803644486732694 0.0014702047968792797 0.0022495286547688665 -0.0002527949348039282 -0.00027220604813473767 0.00089860928683970886 -0.0048535032711503057 0.0021818137557396786 -0.01526722935572624 -0.0045229364127607943 0.0067207709834178602 0.003479223938009186 -0.00061592204596062851 -0.0029791664570173282 -0.0068763145542321434 -0.001163557370903776 -0.00042546981758458276 0.0077133451352929677 0.0057292794752945748 -0.0066362286644678819 -0.0012550539115149472 0.0033223673444098445 0.00035636986451212491 0.002847054186101605 -0.0011674935601037717 -0.0012467804047289022 0.00057964622726213832 0.0015705149278959496
leaf_weight=43 70 261 45 41 118 193 42 280 81 66 1338 70 1126 71 5359 172 67 41 40 216 108 51 120 109 106 461 42 56 139 59 183 73 80 137 40 99 127 60 89 44 53 50 3409 371 43 106 257 514 339 72 238 505 261 2730 68 2281 192 50 50 41 132 405
leaf_count=43 70 261 45 41 118 193 42 280 81 66 1338 70 1126 71 5359 172 67 41 40 216 108 51 120 109 106 461 42 56 139 59 183 73 80 137 40 99 127 60 89 44 53 50 3409 371 43 106 257 514 339 72 238 505 261 2730 68 2281 192 50 50 41 132 405
internal_value=0.000278942 -0.0104834 0.0107366 0.00499487 -0.0126589 -0.00456297 0.0125422 -0.00484561 -0.00564737 0.0100296 0.00664671 -0.00453704 -0.00873362 -0.00329167 0.0136659 0.0138143 -0.00732719 -0.00228455 0.0108172 -0.00469512 0.011014 -0.00213836 0.00172414 0.0035733 0.00770833 -0.00987955 -0.0112168 -0.00208647 0.000994898 0.00849476 0.000640394 0.00105372 0.00325424 -0.00151442 0.00216867 0.00553191 0.00585799 0.00408284 0.00492857 -0.00230769 -0.00576 0.00888284 -0.0138787 -0.0129225 0.00446064 0.00295 -0.00136054 -0.00901829 -0.0120428 -0.0117098 -0.00976096 0.0122305 0.0090894 -0.0130741 -0.0100568 0.0115127 0.00471239 -0.00179641 0.00237624 0.00421875 0.00181034 0.00564381
internal_weight=24090 11872 12218 2924 8681 3191 9294 420 2849 2875 2504 2429 2060 359 6419 6337 1084 1345 978 737 2494 476 260 381 215 1701 1240 265 195 1620 608 241 884 207 82 140 168 168 209 168 124 1561 6621 3212 342 299 440 819 420 1198 752 806 301 3169 439 2326 677 166 100 223 173 597
internal_count=24090 11872 12218 2924 8681 3191 9294 420 2849 2875 2504 2429 2060 359 6419 6337 1084 1345 978 737 2494 476 260 381 215 1701 1240 265 195 1620 608 241 884 207 82 140 168 168 209 168 124 1561 6621 3212 342 299 440 819 420 1198 752 806 301 3169 439 2326 677 166 100 223 173 597
is_linear=0
shrinkage=0.03


Tree=14
num_leaves=63
num_cat=0
split_feature=9 9 9 11 10 3 5 11 10 17 3 11 9 7 12 20 3 9 10 6 15 9 7 10 22 19 23 10 23 12 12 17 17 15 3 15 5 15 15 26 12 20 11 10 20 15 14 25 22 17 21 17 16 25 7 15 15 14 24 10 5 17
split_gain=2990.06 195.609 102.605 53.043 43.1054 39.5101 20.6087 20.5807 20.2034 17.0643 16.4043 13.3659 11.8767 11.2142 9.75254 9.26117 9.07949 8.97817 8.96716 8.49716 8.41221 8.37086 8.28957 7.35457 6.84238 6.79078 6.5153 6.31982 6.31825 6.58602 6.25331 6.17616 6.28458 11.3106 6.08163 11.6088 11.064 5.9702 5.89747 5.50397 6.58095 5.88399 5.44677 5.43077 5.39664 5.39352 5.1739 5.06195 5.04152 4.84181 4.54618 5.34826 4.49401 4.73918 4.31167 4.21018 4.19914 8.22652 4.07867 3.98314 4.40259 3.97659
threshold=3099.3250000000003 2600.1300000000006 3910.5000000000005 3300.7750000000005 2420.5800000000004 1.0000000180025095e-35 -0.79335334029123528 2550.9150000000004 2700.2850000000003 2449.7550000000006 1.0000000180025095e-35 3893.3850000000007 3200.6850000000004 0.90162119223771331 2792.8564806547624 -7161.8499999999995 1.0000000180025095e-35 2999.5700000000002 3426.5400000000004 -0.19509032201612839 4900.826822916667 2300.3450000000007 -0.99940763397299126 3019.7300000000005 5415.6815339781751 25739.800000000003 21.756250000000005 3077.5700000000006 25.256250000000005 3860.5839880952381 3370.0038244047623 2360.6600000000003 1103.6650000000002 2549.374895833334 1.0000000180025095e-35 4900.826822916667 -0.63405362205439475 5604.4479687500007 3395.2583854166674 10.105000000000002 4183.0115252976202 -9137.8499999999985 2416.2450000000003 3499.6450000000004 -6623.0499999999993 3035.4768229166671 1108.5200585872055 19.275000000000002 3433.4287003968261 1493.5850000000003 3693.8716666666674 499.92500000000007 4230.1650000000009 19.480000000000004 0.64166506163122816 4754.6563020833337 4289.4120833333336 2125.9753123061287 5.2687500000000016 2499.5550000000007 -0.77259657388510594 199.72500000000005
decision_type=2 2 2 2 2 2 2 2 2 2 2 2 2 2 2 2 2 2 2 2 2 2 2 2 2 2 2 2 2 2 2 2 2 2 2 2 2 2 2 2 2 2 2 2 2 2 2 2 2 2 2 2 2 2 2 2 2 2 2 2 2 2
left_child=1 4 5 9 21 8 16 30 24 10 17 13 43 34 -12 -9 25 31 28 55 39 -1 -13 52 54 -6 -25 -19 -5 -30 -7 32 33 -3 35 -4 56 -22 50 41 47 48 -16 -10 59 -21 -23 -41 -14 -31 51 -35 -8 -54 -2 -17 57 -36 -27 -34 -61 -20
right_child=2 3 11 18 6 7 23 15 12 -11 14 22 20 -15 42 19 -18 27 61 45 37 46 -24 26 -26 58 -28 -29 29 49 -32 -33 44 38 36 -37 -38 -39 -40 40 -42 -43 -44 -45 -46 -47 -48 -49 -50 -51 -52 -53 53 -55 -56 -57 -58 -59 -60 60 -62 -63
leaf_value=-0.011130823879473404 0.0010867035999748164 -0.0018039926172061448 0.0046749549576055038 -0.00037364201792524195 0.0015366309214383911 0.00048481348710021521 -0.001022709685823262 -8.424561109539929e-05 0.00055864544256539967 -0.001982287228301338 0.00014298086654638276 0.0012987977301894026 4.4136763814801581e-05 0.012519068423111896 -0.0058106166483571095 -0.0002806679346535823 -0.0088374614628248509 -0.00021255842892403898 0.00035270724026801757 -0.00024634112641483516 -0.00019280971986756156 -0.00083764999511717778 0.017900885676405843 0.00024242661989054781 -0.0016185724375306786 -0.0023514791538854496 -0.004065204671468918 0.00081055273965930036 0.0012225693225784262 0.00077535644246784941 -0.0025914893782081447 9.9234784254313975e-05 -0.0017896565490106873 -0.00097492073643955734 0.0015423615265136624 6.2283335545751937e-05 0.0033607059480670995 0.0022170977804289826 -0.0012523039725700169 0.0030357827426829419 -0.0011255502594746147 0.0030647370448424202 -0.0011436016853901255 0.0049780682068935175 0.00010419878148544726 0.0019809829293521994 -0.0033045716180232841 0.00037663763395543446 0.002020417220940107 -0.0010545096678269328 -0.00047097991437701655 0.00068815879232497323 -0.003689651510392009 -0.0025075615905990746 -0.00050049442701119776 0.0020074730055319812 0.002740509354908749 -0.002035987178786538 0.00013644681760768495 -0.00022048551742015032 -0.00078148105162181728 0.0030278936191403447
leaf_weight=5537 120 102 512 291 122 53 62 233 442 433 69 54 74 471 307 175 61 294 49 58 80 54 5531 66 42 77 104 95 133 53 131 74 226 43 79 78 279 62 67 280 40 1901 433 108 71 614 926 68 91 40 58 83 1388 75 47 60 79 71 72 128 563 170
leaf_count=5537 120 102 512 291 122 53 62 233 442 433 69 54 74 471 307 175 61 294 49 58 80 54 5531 66 42 77 104 95 133 53 131 74 226 43 79 78 279 62 67 280 40 1901 433 108 71 614 926 68 91 40 58 83 1388 75 47 60 79 71 72 128 563 170
internal_value=0.00020178 -0.0101387 0.010973 -0.00445678 -0.012653 0.00751603 -0.00882396 0.00312453 0.00924762 -0.00620282 -0.005285 0.0132327 0.00984747 0.0107675 -0.00883333 0.00462752 -0.00198198 -0.00368975 0.00276798 0.0059967 0.010697 -0.0138424 0.0139232 -0.0101621 0.000214286 0.000386029 -0.00421053 0.000346154 0.000608108 0.00436123 -0.00616216 -0.00479873 -0.00526453 -0.00182203 0.00909008 0.0111675 0.00666012 0.00356643 0.00160714 0.0111079 0.0077892 0.0117271 -0.00983806 0.00582577 -0.00649141 0.00771174 -0.0112538 0.00911175 0.00623494 -0.00175532 0.00437838 0.00755906 -0.0108224 -0.0111578 0.00294643 0.00108051 0.00176087 -0.00119205 -0.0039 -0.00710784 -0.00596098 0.00784091
internal_weight=24159 12326 11833 3782 8544 4679 2027 1324 3355 3046 2613 7154 3146 1569 809 1140 332 1804 736 907 2596 6517 5585 1695 209 271 170 389 517 226 184 1415 1341 353 1098 590 508 142 251 2454 388 2066 740 550 988 672 980 348 165 93 184 126 1525 1463 167 235 229 150 149 917 691 219
internal_count=24159 12326 11833 3782 8544 4679 2027 1324 3355 3046 2613 7154 3146 1569 809 1140 332 1804 736 907 2596 6517 5585 1695 209 271 170 389 517 226 184 1415 1341 353 1098 590 508 142 251 2454 388 2066 740 550 988 672 980 348 165 93 184 126 1525 1463 167 235 229 150 149 917 691 219
is_linear=0
shrinkage=0.03


Tree=15
num_leaves=63
num_cat=0
split_feature=20 20 20 1 11 6 0 20 20 0 17 18 1 20 0 17 7 7 11 12 17 18 7 6 22 14 16 15 1 18 12 17 16 1 7 0 8 7 0 0 0 2 8 1 15 15 11 11 25 19 7 20 1 15 7 18 22 14 21 22 21 14
split_gain=2761.98 175.545 134.37 55.4367 41.7382 28.4441 25.2295 24.3139 23.6009 23.2396 22.6405 24.2239 20.2961 15.4368 14.8003 13.0569 12.6192 12.2153 11.7599 11.5228 11.4781 8.85496 8.71823 8.58249 8.45038 8.31938 9.78161 8.28888 7.9824 7.61766 7.05746 10.1958 12.5944 15.4764 6.85646 6.78824 6.77902 17.1952 6.61208 6.44926 6.43179 6.4195 6.33796 6.31611 6.25317 6.21881 5.92874 5.8271 7.61606 5.59191 5.50033 4.91555 4.88649 9.44056 4.76708 6.78198 5.13975 7.18228 4.71129 4.64098 6.29685 4.64058
threshold=-9137.8499999999985 -16827.049999999999 -1491.5999999999992 5.5000000000000009 3249.4300000000007 -0.32143946530316164 26.500000000000004 -21337.249999999996 7080.9000000000024 68.500000000000014 1075.8050000000001 10782.100000000002 5.5000000000000009 -7161.8499999999995 32.500000000000007 1392.0700000000004 0.21336913576298863 0.5009122898073749 2700.4150000000004 6362.2668229166675 1724.6300000000003 8339.0000000000018 0.92922379131507438 -0.72947329433276253 3501.9048561507939 2340.7013124187765 5088.1000000000013 4289.4120833333336 1.0000000180025095e-35 17610.200000000001 4519.6044196428584 2480.3900000000003 8999.1150000000016 1.0000000180025095e-35 -0.99866806308218525 73.500000000000014 0.50370931781787065 -0.78326540922535159 10.500000000000002 22.500000000000004 72.500000000000014 5.5000000000000009 -0.54940789553007929 1.0000000180025095e-35 3053.4320833333336 3035.4768229166671 2700.4150000000004 2920.9350000000004 18.900000000000002 36885.700000000004 -0.26866367175705824 608.45000000000084 1.0000000180025095e-35 3150.8146875000007 -0.12546116083924153 16966.950000000001 3348.1507428970303 2554.2734679670261 3323.4866666666671 5630.6911396329369 3342.5300000000002 2005.729146281484
decision_type=2 2 2 2 2 2 2 2 2 2 2 2 2 2 2 2 2 2 2 2 2 2 2 2 2 2 2 2 2 2 2 2 2 2 2 2 2 2 2 2 2 2 2 2 2 2 2 2 2 2 2 2 2 2 2 2 2 2 2 2 2 2
left_child=1 7 3 5 10 16 17 49 12 24 11 25 19 59 -14 36 -2 27 54 23 51 35 -13 -4 -6 26 -3 38 -18 -30 34 32 33 -32 -25 -15 -9 -38 -5 -35 -8 -22 -26 -20 -11 -45 -17 -47 -49 52 -48 -16 53 -1 55 56 -12 61 -46 60 -7 -58
right_child=2 4 8 6 9 13 40 15 -10 44 18 22 14 21 20 46 28 -19 43 -21 41 -23 -24 30 42 -27 -28 -29 29 -31 31 -33 -34 39 -36 -37 37 -39 -40 -41 -42 -43 -44 45 58 47 50 48 -50 -51 -52 -53 -54 -55 -56 -57 57 -59 -60 -61 -62 -63
leaf_value=-0.004148277856761768 0.00092713713897542684 -0.0033638789126448861 0.0020648082727892179 0.00080713524683166497 0.00032735438154547932 9.6836718909267815e-05 -0.0039288652154688642 -0.0036534558524671909 0.027175809444207406 0.0025584129415386412 -0.0021700567799847015 0.0011369047006777944 0.0039532016062047677 0.00018899849932962453 -0.00011316159486748133 -0.003946979037609202 0.0027557572009656185 0.0027770175297070132 0.00016082576678895676 -0.00023613780615880486 0.00098836219624811152 0.002724795499100212 -0.002645466356720849 0.00097214363562502014 0.00052278580734602901 -0.0040846092230053801 1.4677339906974395e-05 0.0014893855555270273 -0.0016762975405978685 0.00025449142947120862 0.0033375270346035178 -0.00036614812901020422 0.0040347280133327069 -0.00055626724467006561 0.0061915127293017133 0.0070052099596884963 0.0012110594737567127 -0.0039751913780968718 -0.0014275476138167552 0.0013397295277225573 -0.00021231914959487507 -0.0021422152572722905 -0.0030279304828314977 -0.00243481114309537 -0.0006116902811911728 -0.00073796768594164947 -0.003757619701042447 -0.00067887476807610087 0.0010008424440830766 -0.014379987084231773 -0.0013611322376394686 0.0025083458406652691 -0.007410814410336179 0.00017856768598783823 -0.0025302663041760721 0.00024389292918978176 -0.0014213926847194179 -0.006073661818626932 0.0016584803274437565 -0.00052097165910756969 0.002218916039729226 0.00026236243013266324
leaf_weight=322 410 128 184 48 111 176 229 409 2878 251 371 226 277 244 55 1231 46 79 90 63 100 2122 47 52 69 137 233 70 199 157 62 46 497 44 3141 56 65 143 108 50 138 91 214 121 40 509 132 315 59 3433 211 228 1835 67 698 49 65 148 52 85 290 82
leaf_count=322 410 128 184 48 111 176 229 409 2878 251 371 226 277 244 55 1231 46 79 90 63 100 2122 47 52 69 137 233 70 199 157 62 46 497 44 3141 56 65 143 108 50 138 91 214 121 40 509 132 315 59 3433 211 228 1835 67 698 49 65 148 52 85 290 82
internal_value=7.97044e-05 -0.0102322 0.0100863 0.00593203 -0.00512824 0.00734152 -0.00200594 -0.0128424 0.0124688 0.00132114 -0.00657823 -0.00207902 0.011194 0.0087004 0.00664229 -0.0101483 0.00236162 0.00436275 -0.00796053 0.0120181 0.00341053 0.00973174 0.00509124 0.0122149 -0.00364557 -0.00601202 -0.00360497 0.000792952 -0.00141439 -0.00294118 0.0125148 0.00975 0.010711 0.00324841 0.0131168 0.00488372 -0.00643204 -0.00200957 -0.00305732 -0.00442105 -0.0072962 -0.00226562 -0.00639085 -0.00561644 0.00702035 -0.00629851 -0.0116 -0.0054129 -0.00256 -0.0138839 -0.00806686 0.00723592 -0.0126876 -0.00957692 -0.00977016 -0.00802374 -0.00881559 -0.0058277 0.000322581 0.00415761 0.00533191 -0.00111486
internal_weight=24088 11863 12225 4457 4015 3785 672 7848 7768 737 3278 771 4890 2973 751 2191 812 305 2507 4139 474 2422 273 4076 394 498 361 226 402 356 3892 699 653 156 3193 300 617 208 156 94 367 191 283 1094 343 1004 1574 883 374 5657 343 283 2224 389 1413 715 666 295 92 551 466 147
internal_count=24088 11863 12225 4457 4015 3785 672 7848 7768 737 3278 771 4890 2973 751 2191 812 305 2507 4139 474 2422 273 4076 394 498 361 226 402 356 3892 699 653 156 3193 300 617 208 156 94 367 191 283 1094 343 1004 1574 883 374 5657 343 283 2224 389 1413 715 666 295 92 551 466 147
is_linear=0
shrinkage=0.03


Tree=16
num_leaves=63
num_cat=0
split_feature=9 9 9 11 1 10 1 18 6 9 20 1 1 17 14 9 7 27 18 15 15 21 9 7 16 18 10 15 22 17 16 22 16 17 7 14 16 21 17 27 1 25 14 10 23 10 15 5 25 23 20 27 7 17 17 17 14 10 17 17 10 10
split_gain=2739.48 165.195 145.312 53.4452 48.2977 36.1046 34.2528 24.9336 23.7199 23.0632 22.3596 17.8835 16.6379 15.6735 12.7191 12.3446 11.7747 12.4502 12.342 10.9403 10.8809 9.89548 9.43491 9.40046 8.68538 8.51615 8.30807 7.89356 8.466 7.5198 8.4335 7.50057 7.86251 7.3327 6.99368 16.0486 8.55228 9.43522 6.60216 6.47342 6.41045 7.4906 6.35218 6.31041 6.03806 5.92472 7.34457 5.77082 5.46813 5.03131 4.96546 4.89901 4.88729 4.84378 4.86403 6.63682 4.71592 4.62995 4.57628 4.93851 4.54574 4.29942
threshold=3000.9850000000001 2491.5450000000005 3514.4550000000004 3300.7750000000005 5.5000000000000009 2519.5000000000005 5.5000000000000009 11731.150000000003 1.0000000180025095e-35 4499.5550000000012 -9137.8499999999985 1.0000000180025095e-35 5.5000000000000009 2449.7550000000006 2732.6022830842762 2725.3300000000004 0.90892735371523092 -0.10999999999999942 19403.400000000005 3264.0282812500004 3563.9689062500006 2500.6400000000008 3210.7750000000001 -0.99866806308218525 9854.590000000002 14556.200000000003 2000.8300000000002 4900.826822916667 5495.2125483630962 1103.6650000000002 5000.255000000001 3488.4098201884922 4784.0700000000006 99.670000000000016 0.84773968378660736 2191.8971039783178 5757.4650000000011 3342.5300000000002 1699.3600000000004 0.11999999999999923 3.5000000000000004 19.480000000000004 2696.8461174079316 3099.3450000000007 21.318750000000005 2766.8250000000003 3264.0282812500004 -0.79335334029123528 16.340000000000003 18.106250000000006 -9529.5499999999993 0.13999999999999882 -0.50556189049999822 2305.5750000000003 1798.6650000000002 1780.6200000000001 2169.9542670621054 3749.5850000000005 1724.6300000000003 1372.3450000000003 2700.2850000000003 3472.3300000000004
decision_type=2 2 2 2 2 2 2 2 2 2 2 2 2 2 2 2 2 2 2 2 2 2 2 2 2 2 2 2 2 2 2 2 2 2 2 2 2 2 2 2 2 2 2 2 2 2 2 2 2 2 2 2 2 2 2 2 2 2 2 2 2 2
left_child=1 5 4 12 10 26 9 -8 -6 27 19 21 13 15 25 53 17 -9 20 -2 -19 -7 61 -11 42 58 -1 34 -29 30 -17 56 -33 -13 57 -36 -37 44 -31 50 41 47 48 -21 -38 46 -32 -28 -5 -22 -26 -45 -52 54 55 -3 -23 -4 59 -10 -24 -12
right_child=2 3 6 24 8 11 7 16 14 23 22 33 -14 -15 -16 29 -18 18 -20 43 49 31 60 -25 39 -27 40 28 -30 38 45 32 -34 -35 35 36 37 -39 -40 -41 -42 -43 -44 51 -46 -47 -48 -49 -50 -51 52 -53 -54 -55 -56 -57 -58 -59 -60 -61 -62 -63
leaf_value=-0.012640084320764871 0.0014676059528724306 -0.0027735254461920445 0.0024180291845998167 0.0001111535723877477 -0.0041120208184362815 -0.0036369826137901736 -0.00032621860481657272 0.0042961578976984426 -0.00071376555568360091 0.0005972317741811217 0.00047200486200413391 -0.0010229774969459937 -0.0047403370757188677 -0.0019237778341257038 0.0021369520739436608 -0.00056767859577858018 0.0084490547973097383 0.0015376668942524319 0.0046251274686394603 -0.00035216696027996265 0.00097479470519033383 0.00095562518808905311 0.00063140605228068298 0.026360535160881184 -0.00080995405636930418 0.0020070581126381804 -0.0021480741068093724 0.0021647856760788372 -0.00032477301744929574 -0.0010980152698037669 0.00041383986827676634 -0.004023923291954121 0.00039054965476913671 -0.0058540823290608836 0.0053476634091713746 0.003368195496410582 0.0022079506861184049 -0.00091737888998697057 -0.00030380992193132169 -0.0016266460273890182 -0.0057057484269187773 -0.00029962844641886474 -0.00038644746012060692 0.0012632141548085407 -0.00039886911107648969 0.00049882575029926992 -0.0024302953607643648 -0.0039871771556315846 0.0028867856644766653 -0.0019163906048896085 -0.00046183855325505614 -0.00012601395101381031 0.0024653771974953997 9.7270679362932984e-05 -0.0021512956263217654 0.00034331673044745158 -0.0003265945089515121 0.0043761854003608741 -0.0014410536021625298 0.0007118730042134213 0.002217096105649654 0.0023906800380919611
leaf_weight=4253 260 552 995 81 238 51 160 377 44 46 618 58 563 374 83 114 357 174 136 275 61 83 82 4385 62 40 112 152 58 278 68 97 103 431 270 68 81 86 763 101 1051 57 91 99 43 152 47 1260 221 96 63 56 59 46 453 41 67 1393 65 49 1390 153
leaf_count=4253 260 552 995 81 238 51 160 377 44 46 618 58 563 374 83 114 357 174 136 275 61 83 82 4385 62 40 112 152 58 278 68 97 103 431 270 68 81 86 763 101 1051 57 91 99 43 152 47 1260 221 96 63 56 59 46 453 41 67 1393 65 49 1390 153
internal_value=9.69225e-05 -0.0102791 0.00993867 -0.00544431 0.00470895 -0.0128968 0.0119577 0.00756608 -0.00372115 0.0127454 0.00620143 -0.00720539 -0.00695684 -0.00603323 0.00218085 -0.00517694 0.00904742 0.00710059 0.0038141 0.00147612 0.000677711 -0.0025 0.00765374 0.0141437 0.00225331 -0.0019598 -0.0136479 0.0107722 0.00511848 -0.00333099 0.000274869 -0.000683761 -0.00447761 -0.011051 0.0111747 0.00808743 0.00301075 0 -0.00464971 -0.00173077 -0.0122491 -0.0109196 0.00513959 -0.00146172 0.00528 0.0031903 -0.00193966 -0.011362 0.00722772 -0.00503165 0.00162162 0.00336538 0.00512195 -0.00757548 -0.00799427 -0.00618687 0.00437086 0.0118794 -0.00509434 -0.000797872 0.00906314 0.00495466
internal_weight=24142 11752 12390 4129 3452 7623 8938 1361 519 7577 2933 890 3451 2888 281 2514 1201 844 467 690 331 401 2243 4431 678 198 6733 3146 210 1422 381 350 200 489 2936 548 278 210 1041 285 2480 1429 393 430 124 267 115 1372 302 157 184 155 122 1092 1046 593 150 2388 158 93 1472 771
internal_count=24142 11752 12390 4129 3452 7623 8938 1361 519 7577 2933 890 3451 2888 281 2514 1201 844 467 690 331 401 2243 4431 678 198 6733 3146 210 1422 381 350 200 489 2936 548 278 210 1041 285 2480 1429 393 430 124 267 115 1372 302 157 184 155 122 1092 1046 593 150 2388 158 93 1472 771
is_linear=0
shrinkage=0.03


Tree=17
num_leaves=63
num_cat=0
split_feature=9 9 9 11 3 10 11 9 10 7 20 12 20 0 19 0 17 17 14 22 14 12 12 10 9 0 17 3 25 18 0 22 11 7 3 5 25 19 22 3 7 14 12 3 25 0 12 19 3 10 18 20 11 0 10 27 12 17 18 17 17 23
split_gain=2668.62 199.326 99.6554 43.7541 43.3714 39.2004 22.1143 20.4319 19.4586 15.966 13.7967 13.9234 13.7058 12.8386 11.3761 10.777 9.75572 9.78602 8.99376 8.75515 8.53791 9.16269 8.40398 7.76761 7.42123 7.18115 11.0411 7.03767 10.5221 8.45346 7.22983 6.93135 6.79637 8.45987 8.55942 10.3998 8.0134 6.68818 6.68562 6.55964 6.40688 6.32627 6.25115 6.40728 6.14216 8.73539 5.97783 5.79381 5.76831 8.65835 5.70313 5.68935 5.68741 5.64967 8.53628 6.6726 5.6399 5.58935 7.19797 6.19431 6.20549 5.21276
threshold=3090.3550000000005 2519.2500000000005 3999.0950000000007 3300.7750000000005 1.0000000180025095e-35 2691.6000000000008 2550.9150000000004 2892.5500000000006 2642.4300000000003 -0.99866806308218525 6717.0500000000002 6362.2668229166675 -27682.449999999997 58.500000000000007 20487.350000000002 20.500000000000004 2423.4600000000005 2408.5350000000003 988.11052745578149 6032.5343142361116 2696.8461174079316 4014.0573437500002 4337.2423363095249 3426.5400000000004 3461.0800000000004 69.500000000000014 1320.8200000000004 1.0000000180025095e-35 19.480000000000004 9140.4000000000015 60.500000000000007 5558.6630592757947 4399.4800000000005 0.86548282553247169 1.0000000180025095e-35 -0.68322629814330782 19.390000000000004 15215.500000000002 5846.5585912698416 1.0000000180025095e-35 0.97696484778429815 2297.8131869940999 2786.2603199404762 1.0000000180025095e-35 19.085000000000004 20.500000000000004 4344.8926264880965 9848.4000000000015 1.0000000180025095e-35 3051.0500000000006 11338.750000000002 -10089.299999999997 3200.3250000000003 20.500000000000004 2470.7800000000002 0.36499999999999849 3492.0129315476192 1447.825 11128.800000000001 1999.1050000000002 2227.6050000000005 22.281250000000004
decision_type=2 2 2 2 2 2 2 2 2 2 2 2 2 2 2 2 2 2 2 2 2 2 2 2 2 2 2 2 2 2 2 2 2 2 2 2 2 2 2 2 2 2 2 2 2 2 2 2 2 2 2 2 2 2 2 2 2 2 2 2 2 2
left_child=1 5 4 7 8 12 56 16 31 47 11 19 -1 -7 20 22 17 42 -14 32 -10 25 -8 38 -17 26 -22 28 30 -30 -20 -2 33 34 36 -36 -11 -24 -5 -15 -23 48 -3 53 45 -16 -38 -4 49 51 -37 -9 -32 55 -55 -44 -6 58 -56 -59 -61 -46
right_child=2 3 9 23 6 13 15 41 14 10 -12 -13 18 39 44 24 -18 -19 27 -21 21 40 37 -25 -26 -27 -28 -29 29 -31 52 -33 -34 -35 35 50 46 -39 -40 -41 -42 -43 43 -45 61 -47 -48 -49 -50 -51 -52 -53 -54 54 57 -57 -58 59 -60 60 -62 -63
leaf_value=-0.014564634690311848 0.00084020192680616995 -0.00025350085355301032 0.0045007686922255629 -0.00015635776960088775 -7.0133610032989673e-05 -0.003983236146038651 0.0022257329297202498 -0.00032661107850396221 0.0035596306064650204 0.0040325382007311908 0.025569719106054743 -0.0048269755774544886 6.0037595532413944e-06 3.7192199948945515e-05 -0.00053651072099151868 -0.00020940279759670054 -0.0020766518805338707 0.00029041497513674128 -0.0041271681744927497 -0.00019886715057914727 -0.00097813494880707444 0.0019662233716264054 -0.00057194537307841736 0.0024081707384988335 0.00096535050911688452 0.0029142566886440589 0.0013203806680421159 -0.0078092674843666821 -0.0026629759152667185 0.00091092047073097586 -0.0033169898291150533 -0.0020386073927281556 0.007432952073309451 0.006105245286477743 0.00056360970439463644 -2.1734102633352848e-05 0.009041676599939005 0.0023296484607360844 0.0023477351209309559 -0.0083202028384830925 0.00032009069852913187 -0.000956562152198952 -0.0016800639572356424 -0.0034868707892356274 0.0022435305034192066 0.0011813601651157412 -0.00045228228871195596 -0.0029285121789300915 -0.00071317931895923607 0.00078723683360300886 0.0028243705242596028 0.00037573741610970047 0.00013681213113019729 -0.0019796769667310343 -0.0018056531510717022 -0.00027075733855995486 -0.0031899390774010293 -0.0012694041834740233 0.0012057635466933858 0.00056172577769779235 -0.0011106159466044384 0.00051362659263215699
leaf_weight=3184 149 155 41 483 73 393 316 313 1545 650 3074 42 47 279 72 358 346 45 2342 49 101 651 43 222 474 50 61 1086 76 52 371 42 1910 421 226 46 56 41 49 48 68 421 289 499 132 577 46 49 296 114 285 162 61 253 43 83 122 273 52 70 43 49
leaf_count=3184 149 155 41 483 73 393 316 313 1545 650 3074 42 47 279 72 358 346 45 2342 49 101 651 43 222 474 50 61 1086 76 52 371 42 1910 421 226 46 56 41 49 48 68 421 289 499 132 577 46 49 296 114 285 162 61 253 43 83 122 273 52 70 43 49
internal_value=7.57196e-05 -0.00979672 0.0102246 -0.00451923 0.00696244 -0.0125951 0.00255252 -0.00594708 0.00876072 0.0125529 0.0127189 0.0114831 -0.0132611 -0.00590846 0.00929846 0.00403893 -0.00774396 -0.00685216 -0.0120899 0.0116789 0.0103189 0.00803112 0.0080798 0.00202649 0.00208884 0.00253521 -0.000552147 -0.0122437 -0.0114606 -0.00302326 -0.0118486 -0.000546875 0.0118484 0.0104679 0.00926336 0.00642473 0.0113546 -0.000352941 5.62852e-05 -0.00150915 0.00964583 -0.00298393 -0.00720613 -0.00776152 0.00624549 0.00486923 0.00349515 0 -0.00154063 0.000177966 0.00980422 -0.00160714 -0.0082448 -0.00647696 -0.00493878 -0.00949062 -0.00681122 -0.00258299 0.00390625 -0.00418605 0.00171053 0.0111264
internal_weight=23969 12150 11819 4211 4924 7939 1427 3457 3497 6895 6805 3731 7219 720 3306 1232 2151 1805 4035 3689 2476 931 400 754 832 212 162 3988 2902 128 2774 191 3640 1730 1309 557 752 84 532 327 719 1306 1760 1605 830 649 102 90 885 589 331 475 432 1106 734 372 195 481 95 386 113 181
internal_count=23969 12150 11819 4211 4924 7939 1427 3457 3497 6895 6805 3731 7219 720 3306 1232 2151 1805 4035 3689 2476 931 400 754 832 212 162 3988 2902 128 2774 191 3640 1730 1309 557 752 84 532 327 719 1306 1760 1605 830 649 102 90 885 589 331 475 432 1106 734 372 195 481 95 386 113 181
is_linear=0
shrinkage=0.03


Tree=18
num_leaves=63
num_cat=0
split_feature=20 10 10 20 1 10 20 18 26 1 11 1 1 12 27 7 15 21 1 20 12 25 21 25 4 22 10 12 18 26 2 1 5 22 26 15 17 5 22 12 12 17 15 21 10 17 17 26 21 27 27 27 27 15 23 20 10 27 11 18 12 26
split_gain=2469.38 200.67 126.892 44.5794 44.0464 38.9323 37.8396 22.9388 21.5838 15.0451 14.7033 14.0048 13.5973 13.5209 13.5144 21.2237 13.189 14.0097 12.9048 12.4043 18.2356 11.5732 11.3733 12.3326 10.786 13.8731 10.5322 10.5154 10.2456 10.1027 9.48984 9.36279 9.2386 9.02435 8.80495 8.39564 10.5411 9.14473 8.36584 8.33844 7.88053 13.5788 8.61367 11.0858 7.84334 7.18659 7.16737 6.90049 9.51437 6.47196 7.03135 6.18564 6.95064 8.12586 6.04652 5.95289 5.93464 5.92477 6.77265 10.9588 6.54308 5.83834
threshold=-8917.9499999999953 2691.6000000000008 3695.23 -21144.649999999998 5.5000000000000009 3140.8800000000006 -5212.9999999999991 13429.500000000002 9.7650000000000023 5.5000000000000009 3800.5950000000007 5.5000000000000009 5.5000000000000009 4480.5570535714296 0.58000000000000018 -0.75015329512557205 3697.9316145833336 3757.4650000000006 5.5000000000000009 6717.0500000000002 6362.2668229166675 14.825000000000001 2713.1250000000005 18.865000000000006 1.0000000180025095e-35 5381.0760044642866 2642.4300000000003 4404.0821428571435 7943.8500000000013 9.7900000000000009 9.5000000000000018 5.5000000000000009 -0.81241147629689037 6032.5343142361116 10.055000000000001 2772.0521875000004 999.88000000000011 -1.0000000180025095e-35 5697.3214471726196 3969.7615699404769 4495.5636309523825 2469.8700000000003 3235.2362500000004 3966.688333333334 2000.8300000000002 1724.6300000000003 1412.9100000000003 9.1450000000000014 3199.2766666666671 -0.56000000000000039 -0.63499999999999968 0.13999999999999882 -0.26500000000000051 4434.0681770833344 28.968750000000004 -15382.599999999999 2946.5300000000002 -0.025000000000000352 3200.8800000000006 9237.8000000000011 4257.4148437500007 7.8050000000000006
decision_type=2 2 2 2 2 2 2 2 2 2 2 2 2 2 2 2 2 2 2 2 2 2 2 2 2 2 2 2 2 2 2 2 2 2 2 2 2 2 2 2 2 2 2 2 2 2 2 2 2 2 2 2 2 2 2 2 2 2 2 2 2 2
left_child=1 3 6 44 19 9 12 30 18 22 32 13 26 38 21 -16 -10 39 28 20 24 -5 23 -3 33 34 -2 29 -8 35 -6 55 -9 40 -26 37 -37 -24 -7 -18 -4 42 43 -42 -1 54 -46 -11 -49 50 -30 52 -38 -54 -14 61 -25 58 59 -28 -59 -23
right_child=2 5 4 14 7 11 8 10 16 47 -12 -13 45 -15 15 -17 17 -19 -20 -21 -22 31 27 56 25 -27 57 -29 49 -31 -32 -33 -34 -35 -36 36 51 -39 -40 -41 41 -43 -44 -45 46 -47 -48 48 -50 -51 -52 -53 53 -55 -56 -57 -58 60 -60 -61 -62 -63
leaf_value=-0.013128769486882765 -0.00065221949340553919 -0.001147743696730945 0.0058175688300545576 3.0549754096069749e-05 0.00070609130143866488 0.0012998418468817884 -8.7445431089410155e-05 -0.00033526203349861557 0.0021223929613963487 -0.0056104806515745896 0.0056644178868879621 -0.0033520594674563897 0.00029956540871729943 -0.0018599095141547117 0.0016438874141653102 -0.0060763341554983087 0.0015295991631968952 -0.0026964456687857651 0.00046478707816349996 0.024802627532873076 -0.0032263960958874801 -0.0033930565329441721 6.1390769154607837e-05 0.00053937399589762511 0.0073100829518024744 -0.0015118768462012611 -0.0012581295081766175 -0.0028599580470223926 0.0015650122659441744 -0.0025628571744843761 -0.0010340953006630204 -0.0065634800038535607 0.0026859211491975098 -3.4000724483123077e-05 -0.00019954292070143432 0.0015479320883198964 -0.00025191884406112309 -0.0023612878730428031 -0.0016709223347342571 -0.0022157923247731136 -0.0010535605927359626 -0.00051516005895669182 0.0031346752494428552 0.0019371388272130118 -0.0034989916810574061 -0.0040568249099449186 -0.0052750893766758851 0.00024044427907337073 -0.0086253744393797842 0.0023549029145384101 -0.00048463486000336784 -0.00078468461847975397 0.00057789458841301039 -0.00058635121674908584 -0.0061962375856393593 -0.0014807438569533636 -0.00052115113928048013 0.00045001293128917649 0.0015534655081072301 0.001316731541477356 -0.0017037727719182883 -0.0022756639287603254
leaf_weight=3922 187 559 3096 108 279 622 74 152 184 262 608 90 146 77 90 69 83 116 198 2579 59 1043 152 54 182 43 58 210 194 221 62 360 198 52 64 108 185 140 49 48 54 40 476 41 637 83 938 62 50 1553 40 192 180 52 41 873 53 579 383 141 55 567
leaf_count=3922 187 559 3096 108 279 622 74 152 184 262 608 90 146 77 90 69 83 116 198 2579 59 1043 152 54 182 43 58 210 194 221 62 360 198 52 64 108 185 140 49 48 54 40 476 41 637 83 938 62 50 1553 40 192 180 52 41 873 53 579 383 141 55 567
internal_value=5.67002e-05 -0.0096407 0.0095761 -0.0120568 0.01179 -0.0033715 0.00532781 0.00672692 0.00767162 -0.00525998 0.00910323 0.00221692 0.00183692 0.00356475 -0.00918033 -0.00065625 0.0015625 -0.00296371 0.00894903 0.0127725 0.0117393 -0.00963923 -0.00427148 -0.00751124 0.0119807 0.00636207 0.0030235 -0.00276891 0.00972342 -0.00170593 4.38596e-05 -0.0100053 0.00418803 0.0124109 0.00910931 -0.000430693 0.00131616 -0.0047099 0.00493304 0.00375 0.012585 0.00943627 0.0106206 0.00234375 -0.0136822 -0.00431734 -0.0118687 -0.0108 -0.00451327 0.0101762 0.00548936 -0.000221311 0.00183014 0.00527897 -0.00103723 -0.00934179 0.00180556 0.00404273 0.00622642 0.001725 0.0020315 -0.0104283
internal_weight=24073 11925 12148 8607 7985 3318 4163 1299 2490 2480 958 838 1673 748 3110 159 431 247 2059 6686 4107 2951 2106 666 4048 289 1403 1440 1861 1230 341 2843 350 3759 246 1009 717 292 671 131 3707 611 571 95 5497 270 1575 374 112 1787 234 609 417 232 187 2483 107 1216 582 199 634 1610
internal_count=24073 11925 12148 8607 7985 3318 4163 1299 2490 2480 958 838 1673 748 3110 159 431 247 2059 6686 4107 2951 2106 666 4048 289 1403 1440 1861 1230 341 2843 350 3759 246 1009 717 292 671 131 3707 611 571 95 5497 270 1575 374 112 1787 234 609 417 232 187 2483 107 1216 582 199 634 1610
is_linear=0
shrinkage=0.03


Tree=19
num_leaves=63
num_cat=0
split_feature=9 9 9 1 10 11 9 0 1 0 1 9 14 11 26 9 21 1 0 14 24 10 15 11 10 23 12 27 22 19 0 5 12 11 14 23 15 1 25 22 15 11 2 1 26 1 14 21 26 14 9 14 4 25 26 11 15 12 10 14 25 10
split_gain=2484.13 217.389 95.482 56.8882 41.0332 40.3607 28.7628 27.2639 24.1316 17.805 15.6687 15.3896 16.4244 14.6503 14.0645 13.725 12.1285 11.6383 11.0539 11.9123 9.58371 9.24497 9.10341 8.69618 8.26714 8.22753 7.38713 13.7355 9.26 8.05799 7.34809 6.77986 6.63327 6.33156 6.30648 6.80538 7.57742 6.17208 6.16902 6.04 6.8747 5.86109 5.73411 5.6723 5.5355 5.50965 5.37341 5.30801 6.68265 5.25423 5.1123 5.65165 5.09768 9.72512 5.07847 4.97898 4.90097 5.83538 4.88544 6.07159 4.81657 6.51746
threshold=3099.3250000000003 2532.6800000000003 4399.6150000000007 5.5000000000000009 2469.1850000000004 3300.7750000000005 3269.7150000000006 27.500000000000004 1.0000000180025095e-35 26.500000000000004 5.5000000000000009 2099.4550000000004 977.51646161423821 4524.7200000000012 7.4750000000000005 2892.5500000000006 4398.7416666666677 1.0000000180025095e-35 24.500000000000004 2221.5755260742394 1.3062500000000006 2899.8950000000004 2412.4126562500001 3940.5800000000004 3269.7500000000005 13.506250000000003 4495.5636309523825 -0.32499999999999923 5507.5582576884926 19987.250000000004 33.500000000000007 -0.9103761370219875 3919.9110788690477 3220.6750000000006 2346.2477682381846 26.706250000000008 4399.5113541666678 2.5000000000000004 17.165000000000003 3771.1384945436512 3395.2583854166674 2692.3400000000006 11.500000000000002 2.5000000000000004 10.175000000000002 5.5000000000000009 2692.6761492822102 3823.0433333333335 5.6300000000000008 2156.9821172211405 3259.6600000000003 2125.9753123061287 1.0000000180025095e-35 17.475000000000005 9.1650000000000009 3569.8650000000002 2780.7072395833338 4480.5570535714296 2964.2850000000003 1245.9853502897658 20.455000000000002 3099.3450000000007
decision_type=2 2 2 2 2 2 2 2 2 2 2 2 2 2 2 2 2 2 2 2 2 2 2 2 2 2 2 2 2 2 2 2 2 2 2 2 2 2 2 2 2 2 2 2 2 2 2 2 2 2 2 2 2 2 2 2 2 2 2 2 2 2
left_child=1 4 3 6 11 10 24 14 9 -6 15 -1 -13 16 -5 25 31 30 19 -12 -19 -8 -11 -10 -2 37 29 28 -28 -23 -7 45 -24 -14 -18 -36 -37 41 -16 40 49 -3 50 -22 54 -4 60 -42 -49 58 -9 -52 -15 -54 -31 -38 -34 -58 59 -27 61 -17
right_child=2 5 13 7 8 17 21 42 23 22 18 12 33 52 38 46 34 20 -20 -21 43 26 32 -25 -26 39 27 -29 -30 44 -32 -33 56 -35 35 36 55 -39 -40 -41 47 -43 -44 -45 -46 -47 -48 48 -50 -51 51 -53 53 -55 -56 -57 57 -59 -60 -61 -62 -63
leaf_value=-0.011157736421688593 0.00028401190186820634 -0.0017916541914900685 0.0068077665384026886 -0.00029779022661728937 -0.0035229719088085386 -0.00032921481390815185 0.0013953237499283854 -0.0027229962818262976 -0.0041607420469454183 -0.003682005446690546 7.5706587308994592e-05 0.001621807037562286 -0.0032961591616790728 0.024058548706886888 0.0005103414277841089 -8.10716821863977e-05 0.005553243000518222 -0.00055881498015731168 -0.0066675052608343496 -0.0024989353609873887 -0.00013438887914674956 0.0030930843661877549 0.0013052198913313794 0.00069569469650481157 0.001965598224210332 0.00025032892120124828 0.002393294137701325 -0.00022369202802900999 -0.00046153052980052678 0.0015926552972947582 0.0031400588723459587 0.0065521889350596213 -0.0020467454855978141 -0.0018217760626258084 -3.1088573500044347e-05 -0.00033532668332799883 0.0013959852099411484 -0.0017639624946382826 0.0030718718059975282 -0.0022906638135726976 -0.00098324637993340669 0.00012431735010215661 -0.0034486842128905381 0.0014441641861055654 8.9329020332948864e-05 0.0010214032182590492 -0.0012243976945385527 0.00061760470679925292 -0.00080905757088385762 0.0005420867395912499 0.00053477377669275405 -0.00065066592359785957 -0.00072282623539528853 0.01043394746578178 0.0020948099991614732 0.0067432558878576998 0.000964549247571691 -0.0025410855732232473 0.0009240290179246013 -0.0012552026289864848 -0.00082602784160716862 0.00061717368454202056
leaf_weight=4591 664 78 119 106 98 59 278 77 956 104 143 43 1838 3583 113 763 235 276 350 119 98 2870 129 42 371 58 337 161 45 405 156 904 55 78 140 43 77 262 161 509 303 68 72 180 100 108 147 46 194 52 112 255 53 129 117 149 77 51 58 120 46 145
leaf_count=4591 664 78 119 106 98 59 278 77 956 104 143 43 1838 3583 113 763 235 276 350 119 98 2870 129 42 371 58 337 161 45 405 156 904 55 78 140 43 77 262 161 509 303 68 72 180 100 108 147 46 194 52 112 255 53 129 117 149 77 51 58 120 46 145
internal_value=6.85301e-05 -0.00936631 0.00991006 0.00736429 -0.012256 -0.00385724 0.00853617 0.000367893 -0.00779247 -0.00250485 -0.0052383 -0.013285 -0.0110434 0.0127775 0.00645669 -0.0043 0.0105152 0.00235714 -0.00959217 -0.00490494 5.40541e-05 0.00961405 0.000215827 -0.0105105 0.00403958 -0.00595197 0.00997894 0.00670037 0.00979112 0.0104867 0.00826389 0.0123896 0.00277955 -0.0114554 0.0072093 0.00493902 0.00772222 -0.00968215 0.0100364 -0.00480984 -0.00322716 -0.00469388 -0.00411992 0.00397849 0.00736758 0.00769737 -0.00167423 -0.0052114 -0.00186722 0.000519031 -0.00283146 -0.00134511 0.0138409 0.00885246 0.00860421 0.00991189 -0.000896739 0.00232558 -0.00139241 -0.00385475 -0.000848168 -0.000363036
internal_weight=24076 12292 11784 6244 8062 4230 5348 896 1512 514 3461 6550 1959 5540 380 2849 1775 769 612 262 554 4313 416 998 1035 1748 4035 543 382 3492 215 1131 312 1916 644 409 269 408 274 1340 831 146 516 278 622 227 1101 543 240 288 444 367 3765 182 522 226 183 128 236 178 954 908
internal_count=24076 12292 11784 6244 8062 4230 5348 896 1512 514 3461 6550 1959 5540 380 2849 1775 769 612 262 554 4313 416 998 1035 1748 4035 543 382 3492 215 1131 312 1916 644 409 269 408 274 1340 831 146 516 278 622 227 1101 543 240 288 444 367 3765 182 522 226 183 128 236 178 954 908
is_linear=0
shrinkage=0.03


Tree=20
num_leaves=63
num_cat=0
split_feature=9 9 9 11 9 10 3 3 10 9 15 7 0 25 11 11 3 14 26 7 10 0 10 14 14 14 26 15 3 0 17 7 0 24 23 25 26 14 27 6 10 16 25 6 17 27 9 19 7 21 15 17 26 14 9 3 0 23 17 21 23 15
split_gain=2406.84 152.519 150.364 49.8047 47.4733 29.9471 29.7415 29.5348 18.9195 18.408 17.9052 14.9637 14.9393 14.5176 12.8207 10.6676 10.6297 11.916 10.4813 9.76171 9.58265 9.28381 11.1506 9.24608 9.19969 8.16319 8.62398 8.14706 7.93159 8.91656 7.78747 9.98505 8.66389 7.76514 7.72095 7.49689 7.31296 6.82742 14.4726 6.82516 6.70164 6.64147 6.3896 6.29048 6.08158 5.83583 5.71499 5.59585 5.78611 5.58927 5.58829 10.9967 5.64817 5.44018 5.46236 5.1524 6.34942 5.13478 5.11475 5.03368 5.98211 4.84349
threshold=3000.1550000000002 3409.6750000000006 2369.8800000000006 3294.0550000000007 5500.6950000000006 2497.0950000000007 1.0000000180025095e-35 1.0000000180025095e-35 3211.4650000000006 2806.1250000000005 4900.826822916667 0.89404822654372251 18.500000000000004 18.880000000000006 2920.9350000000004 4147.6250000000009 1.0000000180025095e-35 1202.2987800511053 9.8150000000000031 -0.98214942551678475 3550.8850000000007 20.500000000000004 2794.0700000000002 2696.8461174079316 977.51646161423821 2492.4666874569157 8.0100000000000016 4132.9653125000013 1.0000000180025095e-35 26.500000000000004 900.15500000000009 -0.70291267844185523 35.500000000000007 5.2687500000000016 27.506250000000005 18.750000000000004 10.460000000000003 2898.1443924175478 -0.19500000000000026 -0.68322629814330815 1950.5500000000002 6650.6950000000006 20.580000000000002 -0.2269546835593246 2449.7550000000006 -0.015000000000000567 3210.7750000000001 24197.650000000005 -0.9905448150984083 3524.9750000000008 4266.4748958333339 2327.6700000000005 6.7400000000000011 2769.1841784194398 3107.8750000000005 1.0000000180025095e-35 34.500000000000007 26.806250000000006 1493.5850000000003 2994.041666666667 12.856250000000003 3167.192239583334
decision_type=2 2 2 2 2 2 2 2 2 2 2 2 2 2 2 2 2 2 2 2 2 2 2 2 2 2 2 2 2 2 2 2 2 2 2 2 2 2 2 2 2 2 2 2 2 2 2 2 2 2 2 2 2 2 2 2 2 2 2 2 2 2
left_child=2 7 5 9 6 24 10 8 23 16 18 57 -9 30 -15 35 21 -18 37 -19 36 41 -23 47 -1 -10 43 -22 29 -7 31 34 -32 -16 -8 -5 58 39 -39 -3 -26 -4 44 -27 55 -37 -14 48 -2 -47 51 52 -43 -25 -55 -11 -57 -12 -20 60 -54 -49
right_child=1 4 3 15 -6 28 13 12 25 42 11 -13 46 14 33 -17 17 19 20 -21 27 22 -24 53 40 26 -28 -29 -30 -31 32 -33 -34 -35 -36 45 -38 38 -40 -41 -42 50 -44 -45 -46 49 -48 61 -50 -51 -52 -53 59 54 -56 56 -58 -59 -60 -61 -62 -63
leaf_value=-0.0010957161630686407 -0.0011436530065511263 0.0024252176651375999 -0.003386352842426916 -0.00042802067858458412 0.023336792245680298 -0.0052170238299589309 -0.00036212147195167075 0.00053659098377683006 0.002772795773557277 -0.00016137917686674717 -0.0009892455567205615 0.0032184803241955429 -0.00095228185506582178 -0.00015297957202872858 0.0040370003604493117 0.0024592081413154785 0.00093396147373040242 8.9315545483099602e-05 -0.0029087861427115947 -0.0035651028206550171 0.0043314294343672084 -0.0019319856239602151 -0.00015030304746645128 -0.0014678255438463151 -0.012550892998590449 -6.2605997269997717e-05 -0.0005206433274823752 -0.00042914728769847697 -0.0084433537764790675 -0.0012738509559890065 0.0016632632846811468 -0.003981896394181117 0.00081642109112625152 0.00073667484139393834 0.0033757481465904069 0.0032077957674659084 0.0020647047269062302 0.0020681628861698173 -0.0004305536944956323 0.0042554459611002923 -0.0046390265812130457 -0.0017935238127136531 -0.00112977642338965 0.0019783328097303433 -0.0012298280615126566 0.0033701296444024285 -3.6441024013917908e-05 0.0012857000665433738 0.00086791984921091186 -0.00072242599846222605 -0.0021634408285740657 0.00044675629518814653 -0.00098210027464110897 -0.00089389273324744776 0.00041685613611102567 -0.00022762751949895852 -0.004077115351216549 0.00049645264976327041 0.0010767678054284513 -0.003028294601426733 0.00019741100561693867 -0.00010630600304748938
leaf_weight=47 58 170 217 427 3659 115 93 134 502 756 68 163 407 82 468 181 45 40 53 769 359 888 330 54 3730 52 114 45 151 450 483 54 585 49 65 40 124 310 60 2697 2168 150 55 138 166 53 219 61 572 52 145 41 65 70 147 154 186 99 46 53 114 247
leaf_count=47 58 170 217 427 3659 115 93 134 502 756 68 163 407 82 468 181 45 40 53 769 359 888 330 54 3730 52 114 45 151 450 483 54 585 49 65 40 124 310 60 2697 2168 150 55 138 166 53 219 61 572 52 145 41 65 70 147 154 186 99 46 53 114 247
internal_value=-5.16683e-05 0.00907459 -0.00990163 -0.00592634 0.0108435 -0.0128407 0.00921386 0.00286924 0.00476935 -0.00720719 0.0106198 0.00389728 -0.0021682 0.00607181 0.009925 0.00117374 -0.00856018 -0.0113684 0.0111928 -0.0122037 0.00761943 -0.00735778 -0.0057096 0.00239256 -0.0135394 0.00832714 0.00442623 0.0103704 -0.00702929 -0.00537986 0.0042623 -0.000985915 0.00530402 0.0116699 0.00283019 -0.000837696 0.00261161 0.0118823 0.00800539 0.0123797 -0.0136447 -0.00990458 -0.00426783 0.00832461 -0.00382423 0.00503425 -0.00411483 0.00380192 0.00541997 0.00127358 -0.00817223 -0.0064033 -0.00798956 -0.00248162 -0.000344037 -0.0030082 -0.00607038 -0.00241071 -0.00345 -0.00502146 -0.00258333 0.000485437
internal_weight=24095 12507 11588 4927 9732 6661 6073 2775 2015 4174 4194 330 760 1879 599 753 2857 854 3864 809 627 2003 1218 1209 5945 806 304 404 716 565 1280 212 1068 517 158 572 223 3237 370 2867 5898 785 1317 190 1262 145 626 938 630 105 568 423 382 271 217 1096 340 167 99 232 179 308
internal_count=24095 12507 11588 4927 9732 6661 6073 2775 2015 4174 4194 330 760 1879 599 753 2857 854 3864 809 627 2003 1218 1209 5945 806 304 404 716 565 1280 212 1068 517 158 572 223 3237 370 2867 5898 785 1317 190 1262 145 626 938 630 105 568 423 382 271 217 1096 340 167 99 232 179 308
is_linear=0
shrinkage=0.03


Tree=21
num_leaves=63
num_cat=0
split_feature=9 9 9 3 10 10 10 9 9 0 14 14 3 0 17 10 15 25 15 19 0 25 26 5 17 7 7 3 15 26 25 14 15 0 15 3 27 6 9 22 27 9 9 17 25 27 9 3 0 25 27 14 3 0 20 12 12 20 25 12 27 7
split_gain=2322.36 195.005 97.2195 42.425 36.7116 34.966 25.8276 21.3833 20.6798 17.9196 14.9944 14.1085 13.5708 19.7646 11.3674 10.348 9.50128 9.49746 9.13981 9.11988 8.62101 8.38953 8.25179 11.6032 12.3178 8.03992 7.77524 7.67537 16.1573 11.1197 8.45814 7.61726 7.61443 8.80662 14.5212 7.08531 6.78099 9.0757 6.66653 6.5443 6.40646 6.09307 6.01746 5.68729 5.68082 5.68002 5.62769 5.51368 5.45735 5.45256 5.44523 7.26761 5.43368 11.7429 5.32316 9.01483 6.16275 5.3075 5.07196 5.44189 12.8954 5.0584
threshold=3078.1250000000005 2491.5450000000005 3976.1100000000001 1.0000000180025095e-35 2350.7850000000003 3140.8800000000006 3200.7050000000004 2806.1250000000005 6000.3150000000014 30.500000000000004 977.51646161423821 2188.5556100918634 1.0000000180025095e-35 26.500000000000004 1798.6650000000002 2642.4300000000003 4900.826822916667 18.140000000000004 3035.4768229166671 24999.200000000001 61.500000000000007 15.615000000000002 10.390000000000002 -0.35206144883412566 1447.825 -0.99866806308218525 0.90162119223771331 1.0000000180025095e-35 4358.3226562500013 7.3050000000000006 19.045000000000005 2253.334141584643 3638.4790104166673 23.500000000000004 3080.0339583333339 1.0000000180025095e-35 -0.54499999999999982 0.06540312923014284 3210.7750000000001 3177.7440414186512 0.11999999999999923 2244.1200000000003 2690.8800000000006 2449.7550000000006 17.365000000000006 0.70500000000000018 3259.6600000000003 1.0000000180025095e-35 20.500000000000004 16.435000000000006 -0.21499999999999983 2692.6761492822102 1.0000000180025095e-35 34.500000000000007 10622.500000000002 4823.5526488095247 5633.2013467261913 -14934.149999999998 20.255000000000006 4480.5570535714296 -1.0000000180025095e-35 -0.99275805973510278
decision_type=2 2 2 2 2 2 2 2 2 2 2 2 2 2 2 2 2 2 2 2 2 2 2 2 2 2 2 2 2 2 2 2 2 2 2 2 2 2 2 2 2 2 2 2 2 2 2 2 2 2 2 2 2 2 2 2 2 2 2 2 2 2
left_child=1 4 3 6 10 7 15 14 11 18 -1 -4 13 -6 17 40 22 -3 -5 -15 41 -20 45 -24 48 -13 -18 30 29 -29 -27 -23 33 34 -7 57 -19 -38 -17 -21 -2 -12 -39 52 -30 58 -11 -35 -25 -40 51 -34 61 -54 55 -10 -57 -16 59 -8 -61 -9
right_child=2 5 8 9 12 32 16 43 54 46 20 25 -14 19 35 38 26 36 21 39 -22 31 23 24 -26 27 -28 28 44 -31 -32 -33 50 47 -36 -37 37 42 49 -41 -42 -43 -44 -45 -46 -47 -48 -49 -50 -51 -52 -53 53 -55 -56 56 -58 -59 -60 60 -62 -63
leaf_value=0.0011269281274431764 -0.00060140148500371633 -0.0026457134649991955 0.0047010010986447172 -0.00067439347235485057 -0.0026185687226080922 -0.0011907852290546472 0.0027487070396551602 -0.0020263012161508788 0.022636688478309866 -0.00080126143718997503 -0.0099517834273281994 -0.00047503721362961214 -0.0055175607166357077 0.00096614947963674863 -0.0019734001958160085 0.00036294303141996663 -0.0010941358125396406 0.0014852249947118778 -0.00040512610977240016 0.00036281906937315252 -0.0041784124931542668 0.0023745726734064475 0.0054692617661216223 -0.002565418089130933 0.0020052745922957273 0.0037555295263312426 0.0030949279316261702 -0.0019398088270526869 0.0005779626518199343 0.0015903063164278207 0.0019963448175002261 0.00083607476366085007 0.0011645690522993134 0.0023195891011688371 0.0010312135257002542 -0.0032066175565169971 -0.0023077791006250337 0.00074833995368717154 0.00010585945609426162 -0.002490857111571656 0.0017224658598904341 -0.002532550147444228 -0.00022524739601083253 -0.0012661250842580785 0.0030953863763042832 0.0013265819759066665 8.3938685584472597e-05 -0.0010079721030741861 0.0012785190857783667 0.0018997106967796639 -0.0019592386777386836 -0.0014134005740447585 -1.7572201199627102e-05 -0.003539335606282501 0.022636688478309866 -0.00019764845966077971 0.0073140080049822302 -0.00080502916903427916 0.00065033266361830039 0.0026510111894984954 -0.00044217559315720575 -8.2334134620616332e-05
leaf_weight=50 153 623 1575 55 471 86 1638 50 1542 235 4770 55 392 142 392 425 61 54 55 67 392 207 97 47 60 1076 55 101 72 169 276 331 42 311 62 322 210 50 86 650 63 683 73 189 287 79 560 50 47 492 77 54 219 239 1710 74 76 334 49 178 65 1078
leaf_count=50 153 623 1575 55 471 86 1638 50 1542 235 4770 55 392 142 392 425 61 54 55 67 392 207 97 47 60 1076 55 101 72 169 276 331 42 311 62 322 210 50 86 650 63 683 73 189 287 79 560 50 47 492 77 54 219 239 1710 74 76 334 49 178 65 1078
internal_value=-4.40374e-05 -0.00930932 0.00928352 0.0061024 -0.0122375 -0.0043678 0.00784622 -0.00548122 0.0115676 0.00175554 -0.0133641 0.00997924 -0.00837493 -0.00691961 -0.00756192 0.00429098 0.00966765 -0.0052819 0.00545455 -0.00420349 -0.0135041 0.0065404 0.0100973 0.00494048 -0.000193548 0.00832106 0.00128205 0.00863522 0.00588095 0.000332103 0.00991131 0.00768089 0.00188873 0.00373529 -0.00241611 -0.00975214 -0.00158505 -0.00318862 0.00557271 -0.00557799 -0.00165899 -0.0138146 0.00326613 -0.00306588 0.0100417 0.0107388 -0.00126256 0.00625691 -0.00694737 0.00766839 -0.00353448 0.00123711 -0.00247637 -0.00522876 0.0132501 0.0120319 0.00496689 -0.00808803 0.0110616 0.0113098 0.00706967 -0.00135518
internal_weight=24183 12132 12051 5038 7617 4515 3595 3833 7013 1443 5895 3611 1722 1330 2058 1219 2376 1010 648 859 5845 593 2260 251 154 2036 116 1981 629 270 1352 538 682 509 148 1048 387 333 1003 717 216 5453 123 1775 359 2009 795 361 94 578 173 96 1586 458 3402 1692 150 726 1930 1881 243 1128
internal_count=24183 12132 12051 5038 7617 4515 3595 3833 7013 1443 5895 3611 1722 1330 2058 1219 2376 1010 648 859 5845 593 2260 251 154 2036 116 1981 629 270 1352 538 682 509 148 1048 387 333 1003 717 216 5453 123 1775 359 2009 795 361 94 578 173 96 1586 458 3402 1692 150 726 1930 1881 243 1128
is_linear=0
shrinkage=0.03


Tree=22
num_leaves=63
num_cat=0
split_feature=9 20 9 10 1 1 10 9 18 0 1 1 9 25 10 15 14 14 1 0 12 27 8 5 12 8 20 25 15 14 17 15 8 14 10 0 0 15 4 19 22 27 12 1 15 22 20 11 17 5 9 14 10 19 10 8 14 1 6 25 19 15
split_gain=2211.36 216.587 84.6583 39.9429 39.7152 36.7207 36.2153 25.4311 22.2312 21.2976 19.351 16.8458 16.182 14.6561 14.4368 14.1128 11.1494 10.9675 9.92708 10.8225 8.89614 8.8957 8.85382 8.83615 8.80487 8.59144 8.42252 8.3134 12.0942 13.0228 11.5597 10.551 9.45817 8.01043 9.38065 7.7235 7.65088 7.61021 7.48488 9.83434 9.66759 7.42239 7.17246 7.1489 7.05239 6.82636 6.75647 6.72655 6.63035 6.53556 7.56091 6.44129 6.35878 6.30303 5.93335 5.78092 6.82336 5.73434 5.68115 5.57554 5.57212 5.54546
threshold=3107.8750000000005 -17205.999999999996 3999.0950000000007 2213.5600000000009 5.5000000000000009 5.5000000000000009 3243.3450000000007 2822.6650000000004 13646.650000000003 25.500000000000004 3.5000000000000004 3.5000000000000004 3269.7150000000006 18.045000000000005 4672.1500000000005 4900.826822916667 1202.2987800511053 977.51646161423821 5.5000000000000009 24.500000000000004 2800.5643898809526 -0.52999999999999925 -0.92999516916204616 -0.68322629814330782 4846.8070758928579 0.9989598388634241 -6997.5999999999976 18.750000000000004 4547.3495312500008 1820.3341430715329 1109.6700000000003 2962.4200000000005 0.97832380634958016 2144.1659726980383 4000.4650000000006 59.500000000000007 20.500000000000004 4289.4120833333336 1.0000000180025095e-35 22919.500000000004 5418.0856684027776 0.21499999999999989 4241.5565104166681 4.5000000000000009 3176.3744791666672 3183.1553236607151 -5632.8999999999987 3498.7650000000008 2517.0200000000004 -0.77259657388510594 5500.6950000000006 2355.5355301154063 3472.3300000000004 31277.800000000003 4267.9900000000007 -0.57782411410281842 2505.3833634746725 1.0000000180025095e-35 -0.3520614488341256 20.580000000000002 13419.150000000001 4734.7300520833342
decision_type=2 2 2 2 2 2 2 2 2 2 2 2 2 2 2 2 2 2 2 2 2 2 2 2 2 2 2 2 2 2 2 2 2 2 2 2 2 2 2 2 2 2 2 2 2 2 2 2 2 2 2 2 2 2 2 2 2 2 2 2 2 2
left_child=1 3 4 17 12 14 7 10 37 21 23 27 52 45 15 24 43 -1 59 41 -12 -6 -17 -3 -4 26 -25 30 29 -29 31 36 -32 -8 -35 -19 -5 54 39 48 42 -20 -40 -13 -33 -10 -41 -24 55 50 -15 -50 -2 -46 -7 -14 57 -57 -58 -9 -23 -47
right_child=2 6 5 11 9 8 33 18 13 -11 20 16 38 49 -16 22 -18 35 19 -21 -22 60 47 25 -26 -27 -28 28 -30 -31 32 44 -34 34 -36 -37 -38 -39 40 46 -42 -43 -44 -45 53 61 -48 -49 51 -51 -52 -53 -54 -55 -56 56 58 -59 -60 -61 -62 -63
leaf_value=0.00013115026594646474 0.00036096930139750683 5.1299246800873274e-05 0.0040203950417606465 -0.0033459011405993786 -0.00062815698261022848 0.00058538713584862731 0.0023701940510509 -9.2925514961725845e-05 -0.0012159468279163298 -0.0010723098825751885 -0.00082646824821396513 -0.0011403984110632413 0.0029047533693474393 -0.00028592578431979376 0.021957587823960588 -0.00072812581114584769 -0.0039231891590770559 -0.0096615261852406268 -0.00099816479889176975 -0.0047921930609096377 -0.0029325145273363207 1.4211041413689784e-05 -0.00063475451116671514 -0.0016308459976438526 9.4839709268814678e-05 0.00047410169600885509 0.00082472554848381555 0.00019599946960449088 0.001678133088235274 -0.0045150962313259234 -0.0031251785215472071 0.0010878993022175542 -0.00034540234840538806 -0.00021435681958546836 0.0030332846156332668 -0.0051914662010409526 -0.0014023558933161427 0.0021881657813210432 0.0026359825127455316 -4.8899968801343619e-05 -0.001201927655673991 0.0002644757706612255 -0.00032563039145370174 0.00098960922124532221 0.00079675012553606531 0.0020416896565954266 0.0018072667064137349 0.0023169237115335671 0.0012413952399818661 0.0067876860478571282 0.0057916789531065049 -0.00064801593768310179 0.0030943576502714442 -0.0037275792538516272 -0.001322525798360159 0.0084379571634014272 -0.0003378863743243343 0.0019227912767247179 0.0014955734736778403 -0.0009777422303264326 0.0021687791620053965 -0.00017999912879828272
leaf_weight=44 754 251 1767 104 48 41 184 1565 48 401 103 45 622 61 3745 51 909 4510 68 173 868 56 41 983 66 41 47 70 57 137 655 64 115 356 79 548 189 54 96 173 47 46 46 51 54 239 100 118 116 359 91 41 221 44 128 239 55 1070 542 43 159 43
leaf_count=44 754 251 1767 104 48 41 184 1565 48 401 103 45 622 61 3745 51 909 4510 68 173 868 56 41 983 66 41 47 70 57 137 655 64 115 356 79 548 189 54 96 173 47 46 46 51 54 239 100 118 116 359 91 41 221 44 128 239 55 1070 542 43 159 43
internal_value=-6.17669e-05 -0.00887496 0.0093307 -0.0120284 0.00626697 0.0114694 -0.00389039 -0.00489138 0.00633803 -0.000541353 -0.00701613 -0.00890982 0.00736357 0.00856888 0.0124115 0.0103694 -0.0119135 -0.0135509 -0.00231804 -0.00744792 -0.0102315 0.00607955 0.00298578 -0.00464853 0.0112132 -0.00583489 -0.00637245 -0.00687584 -0.00203774 -0.00540865 -0.00791599 -0.00411184 -0.0101556 0.00287903 0.00065367 -0.0136806 -0.0075 -0.00207589 0.0084101 0.00877999 0.00260526 -0.00026087 0.0065035 -0.00216495 0.00202454 0.00362538 0.00333942 0.00646875 0.00933172 0.011748 0.00647059 0.00332278 0.00398053 -0.0030303 -0.00520588 0.00970344 0.00887257 0.0100878 0.00619565 -0.00139838 0.00868056 0.00540636
internal_weight=24041 12403 11638 7596 4786 6852 4807 4188 1064 664 2293 2494 4122 841 5788 2043 1005 5102 1895 287 971 263 210 1322 1833 1071 1030 1489 264 207 1225 455 770 619 435 5058 293 223 3147 2958 189 114 142 96 162 330 273 159 2685 511 152 157 975 98 169 2528 1906 1309 597 1608 215 282
internal_count=24041 12403 11638 7596 4786 6852 4807 4188 1064 664 2293 2494 4122 841 5788 2043 1005 5102 1895 287 971 263 210 1322 1833 1071 1030 1489 264 207 1225 455 770 619 435 5058 293 223 3147 2958 189 114 142 96 162 330 273 159 2685 511 152 157 975 98 169 2528 1906 1309 597 1608 215 282
is_linear=0
shrinkage=0.03


Tree=23
num_leaves=63
num_cat=0
split_feature=9 20 11 1 11 10 10 9 20 4 16 9 0 25 1 15 9 15 17 25 0 20 12 17 15 1 10 18 0 10 0 0 12 25 25 0 18 15 27 12 23 1 23 10 25 21 12 17 0 18 12 19 6 9 12 15 15 16 16 12 22 15
split_gain=2108.03 217.772 84.4493 43.2985 42.4224 31.5554 29.8579 27.7526 20.656 17.7966 17.5286 16.7524 15.769 15.0521 14.6044 11.9684 11.8899 18.4652 11.7624 11.3172 12.3657 10.6959 22.5085 18.1952 12.0413 10.4079 10.3396 11.2356 9.91761 9.62358 15.6225 9.35165 9.01351 8.79924 8.64967 10.5673 8.53942 7.93412 7.86792 7.79569 7.7365 7.44282 7.37373 7.01955 6.67739 8.0104 6.60976 9.01418 6.60806 7.52748 6.34594 6.20223 6.19545 6.17498 6.79147 5.94342 9.91008 7.22806 5.88997 5.84111 5.83292 5.60151
threshold=3107.8750000000005 -17923.199999999993 4524.7200000000012 5.5000000000000009 3249.4300000000007 2213.5600000000009 3806.9300000000003 2777.0300000000002 608.45000000000084 1.0000000180025095e-35 4999.7350000000015 3240.6650000000004 26.500000000000004 18.045000000000005 3.5000000000000004 4900.826822916667 2099.4550000000004 2559.1267187500002 1417.7450000000001 19.390000000000004 23.500000000000004 7505.8000000000002 4495.5636309523825 1075.8050000000001 2571.7162500000009 5.5000000000000009 3695.23 6735.5000000000009 24.500000000000004 2642.4300000000003 19.500000000000004 19.500000000000004 2800.5643898809526 20.580000000000002 16.885000000000002 30.500000000000004 16551.000000000004 4492.929114583334 -0.52999999999999925 4973.308385416668 25.256250000000005 4.5000000000000009 28.843750000000004 3051.0500000000006 18.575000000000003 2247.8466666666673 2843.5517261904765 2494.2150000000006 78.500000000000014 11532.350000000002 4160.403005952382 24999.200000000001 -0.68322629814330815 2491.5450000000005 2928.207433035715 3167.192239583334 3700.7111458333334 7599.6750000000011 4230.1650000000009 2718.1089732142864 5846.5585912698416 3648.7222916666674
decision_type=2 2 2 2 2 2 2 2 2 2 2 2 2 2 2 2 2 2 2 2 2 2 2 2 2 2 2 2 2 2 2 2 2 2 2 2 2 2 2 2 2 2 2 2 2 2 2 2 2 2 2 2 2 2 2 2 2 2 2 2 2 2
left_child=1 5 3 6 7 16 10 14 12 21 31 -12 38 46 29 34 -1 -18 37 39 -21 22 -4 24 -24 33 27 -6 -27 -3 -31 -2 59 43 55 51 -11 53 -5 52 41 -29 -17 -9 -20 -46 -10 -48 -14 -50 -37 -36 -8 58 -55 57 61 -13 -7 -16 -19 -57
right_child=2 4 9 8 26 18 19 25 13 36 11 15 48 -15 32 42 17 60 44 20 -22 -23 23 -25 -26 28 -28 40 -30 30 -32 -33 -34 -35 35 50 -38 -39 -40 -41 -42 -43 -44 -45 45 -47 47 -49 49 -51 -52 -53 -54 54 -56 56 -58 -59 -60 -61 -62 -63
leaf_value=-0.011041828965543744 -0.0018007642952404446 -0.0016098893122122736 0.0073126051157328216 -0.00062570827282296896 -0.0025671993581096375 -0.00056896411185181073 0.0018447067660012273 -0.00023680707984125249 0.0047651816151790703 0.00045133953094191878 0.00033548163295685993 -0.00010889349657093205 -0.0022712404021846752 0.0036138874798465003 -0.0028949620627472814 -0.00080742674094016911 0.0011599199728162457 -0.0043363344231200779 -0.0030394842277713784 -0.00062857545955260715 0.0082093055196359455 0.021298860189241767 0.0035921025580834963 0.002350532393960911 -0.00038456685213105856 -9.6198512787490912e-05 0.0029088139222617215 1.7222979622530941e-05 -0.0050030361396859258 -0.003422453679589692 0.00026053412736101842 0.001549725260512229 -0.0031519877094510471 -0.0010221104511760925 0.0023667567994155015 0.0017878939553962513 0.013877647255720537 0.0012737357613757183 0.0016417259080828827 0.00042848086118807416 0.00083327580594671602 -0.0027582791058050836 0.0010397099706641376 0.00029746782673841562 0.00021573210029792733 -0.0038215905320514842 -0.00062082268461052695 0.0032969344945801816 -0.00059852934319093443 0.0008215795943021753 0.00027943352531494269 0.00011269267027589791 0.0041469103592772782 0.00075532808113742077 -0.0021175135359729723 0.00015880339797904596 0.0012633519435585505 0.0028897047590562153 -0.0028028950674177542 0.00032298453376430555 -0.00056652684432419772 -0.0026772343213774261
leaf_weight=4165 79 778 2006 55 106 75 81 1263 41 184 657 43 268 373 40 81 40 769 953 121 62 2136 41 315 193 132 156 487 232 113 300 40 812 50 744 676 88 40 202 68 331 55 88 269 54 298 203 51 72 103 223 42 1913 85 118 117 125 139 538 51 65 49
leaf_count=4165 79 778 2006 55 106 75 81 1263 41 184 657 43 268 373 40 81 40 769 953 121 62 2136 41 315 193 132 156 487 232 113 300 40 812 50 744 676 88 40 202 68 331 55 88 269 54 298 203 51 72 103 223 42 1913 85 118 117 125 139 538 51 65 49
internal_value=-0.00012222 -0.0087496 0.00901926 0.00682448 -0.00405429 -0.0121233 0.00804262 -0.00549369 0.0020599 0.0119873 0.00613241 0.00658291 -0.00154066 0.0058296 -0.00789021 0.00777706 -0.0134256 -0.0102171 -0.00908187 0.010679 0.00350543 0.0124201 0.0110974 0.0057 -0.000638298 -0.00291217 0.00106954 -7.65306e-05 -0.00747945 -0.0057005 -0.00199275 -0.005125 -0.0107688 -0.00185723 0.00837888 0.00938612 0.00450549 -0.00633606 0.00436047 0.0113136 0.00104691 -0.00116022 8.82353e-05 -0.00144814 -0.0108767 -0.00730878 0.000760135 -0.00105882 -0.00496622 -0.000426136 0.00715 0.0119314 0.0116541 -0.00697674 -0.00242647 0.00477848 0.00210616 0.00901639 -0.0084772 -0.00179348 -0.0111737 -0.00269461
internal_weight=24054 12375 11679 6716 5175 7200 5348 4040 1368 4963 3103 2984 700 668 2094 2327 5039 874 2161 2245 183 4691 2555 549 234 1946 1135 979 364 1191 413 119 903 1582 2158 1685 272 856 257 2062 873 542 169 1532 1305 352 295 254 443 175 899 786 1994 816 203 473 291 182 613 91 834 166
internal_count=24054 12375 11679 6716 5175 7200 5348 4040 1368 4963 3103 2984 700 668 2094 2327 5039 874 2161 2245 183 4691 2555 549 234 1946 1135 979 364 1191 413 119 903 1582 2158 1685 272 856 257 2062 873 542 169 1532 1305 352 295 254 443 175 899 786 1994 816 203 473 291 182 613 91 834 166
is_linear=0
shrinkage=0.03


Tree=24
num_leaves=63
num_cat=0
split_feature=9 20 1 10 10 1 9 7 0 1 26 15 9 12 18 0 4 1 0 22 4 12 15 15 20 13 26 11 18 7 15 23 7 10 7 15 23 26 0 11 26 18 26 26 11 25 9 1 26 15 27 0 25 1 26 0 5 26 27 0 22 11
split_gain=2072.2 225.206 69.7728 64.9179 41.3362 37.7389 38.5298 36.7885 35.2332 18.4431 16.8451 19.109 14.3394 19.4716 13.9336 17.8621 13.8038 13.5972 14.9658 13.3225 12.6108 12.984 13.4534 12.5845 12.3377 12.119 11.4266 11.1376 10.9419 11.1231 10.906 10.6748 9.66672 9.57492 9.27317 8.72846 8.39486 8.33848 8.29148 8.14624 12.3912 7.94938 7.57252 15.0535 9.4757 7.52939 7.13443 6.96433 6.94497 6.90632 8.18345 7.91368 6.67528 7.50533 6.644 6.63505 6.38397 6.30119 8.08761 6.06418 5.5614 5.54859
threshold=3140.7000000000003 -17205.999999999996 5.5000000000000009 4090.4750000000008 2099.4950000000003 1.0000000180025095e-35 2790.8450000000007 0.90892735371523092 22.500000000000004 3.5000000000000004 9.7650000000000023 4900.826822916667 9999.9950000000008 4495.5636309523825 20927.700000000001 26.500000000000004 1.0000000180025095e-35 5.5000000000000009 27.500000000000004 5597.0880233134931 1.0000000180025095e-35 3411.0640922619054 2978.7924479166672 3752.4303645833338 -5486.7499999999991 8998.1850000000031 6.6950000000000012 3477.1000000000004 11678.550000000001 -0.51297808981038739 2618.3751041666669 25.168750000000006 0.90162119223771331 6800.6400000000003 0.5009122898073749 3680.7317708333335 25.606250000000006 8.0800000000000018 24.500000000000004 2299.2850000000003 5.1300000000000008 10386.500000000002 7.245000000000001 7.0500000000000007 2399.3650000000002 20.580000000000002 2859.0200000000009 1.5000000000000002 8.6250000000000018 4444.8677083333341 0.21499999999999989 75.500000000000014 19.480000000000004 5.5000000000000009 9.8150000000000031 72.500000000000014 -0.35206144883412566 6.8750000000000009 -0.54999999999999882 49.500000000000007 5838.7255741567469 2381.2450000000003
decision_type=2 2 2 2 2 2 2 2 2 2 2 2 2 2 2 2 2 2 2 2 2 2 2 2 2 2 2 2 2 2 2 2 2 2 2 2 2 2 2 2 2 2 2 2 2 2 2 2 2 2 2 2 2 2 2 2 2 2 2 2 2 2
left_child=1 4 3 10 39 8 27 14 46 26 11 24 13 -5 15 57 56 45 34 31 21 -12 -23 -24 -2 -11 38 52 -17 37 41 33 -13 -15 -19 -9 -25 -30 -6 -1 -41 -26 43 -28 -44 60 -3 61 -46 50 -31 59 53 -7 -50 -29 -10 -4 -59 -51 -8 -40
right_child=2 5 7 12 9 6 17 35 16 25 20 32 -14 19 -16 28 -18 18 -20 -21 -22 22 23 36 30 -27 42 55 29 49 -32 -33 -34 -35 -36 -37 -38 -39 47 40 -42 -43 44 -45 48 -47 -48 -49 54 51 -52 -53 -54 -55 -56 -57 -58 58 -60 -61 -62 -63
leaf_value=-0.01064280361546781 0.0012669424666161431 -0.0030878444478423983 -0.00015076457833269606 0.0063191391073546387 -0.0032444872178909278 -0.0017256282122186484 -9.8836644534214805e-05 -7.8115516522618832e-05 0.0026976692549153026 -7.8844559077717585e-05 0.0023143047522430657 -0.00038746122220986831 0.020659894383564498 -3.5714465349538923e-05 0.0038559453678617748 -0.0019747011724978989 -0.0054873516608647498 -0.00063733019869513627 -0.0046925534056954715 -0.0022055579016749148 -0.00125175769818469 -0.0018282536438559837 0.0025030645897906735 0.00063370324810102291 -0.0010426391106389764 -0.004324205845917195 -0.0017682699810121915 -0.0018153635861683126 0.0031681169318768187 -0.0020917342263226499 0.0023033574614667262 0.0034751166257573018 0.002299815962226752 0.0031617998156323957 0.00079174743334389666 0.0066403888389154802 -0.0020287674318415047 -0.00050627240337869134 0.0012762754336420601 0.00030864608235035894 -0.0051923285655514203 0.0019757354682821849 -0.0027883782258750055 0.0012972211044301751 -0.0020489030658337537 -0.00090257995709759338 -0.00021909844522426168 -0.0040211176597965354 0.00026008046419974119 0.00058890134244176545 0.00015828022821580133 0.0042406617677546339 8.0155092547968821e-05 -0.0055810180399042154 -0.002045389806135178 0.0020975711192525591 0.00082152250821014843 -0.00046439771478169685 0.0021843486602477124 -0.0024848461384261709 0.00061718528690751556 -0.0028034627406557976
leaf_weight=3876 827 120 70 2444 345 1323 1775 49 290 75 242 193 2157 193 119 164 43 106 247 49 80 60 168 200 62 1174 156 176 153 190 2390 259 104 108 57 345 59 114 62 44 695 76 379 80 275 51 106 162 142 40 115 49 60 265 96 44 240 61 216 45 103 92
leaf_count=3876 827 120 70 2444 345 1323 1775 49 290 75 242 193 2157 193 119 164 43 106 247 49 80 60 168 200 62 1174 156 176 153 190 2390 259 104 108 57 345 59 114 62 44 695 76 379 80 275 51 106 162 142 40 115 49 60 265 96 44 240 61 216 45 103 92
internal_value=-0.00022443 -0.00857938 0.00905236 0.010045 -0.0118154 -0.00363092 -0.00476592 0.00350087 0.00234375 -0.00909181 0.0073857 0.00825349 0.0123201 0.0109872 0.00112191 0.000160099 0.00629791 -0.00219872 -0.00715328 0.00617213 0.00346296 0.00470548 0.001875 0.00375 0.00889899 -0.011892 -0.00713128 -0.00797753 -0.00213548 -0.000509194 0.00994069 0.00748663 0.000956376 0.00362583 -9.14634e-05 0.0115443 -0.000403846 0.0043097 -0.0102644 -0.0136059 -0.0106824 0.00172662 -0.00528787 -0.000506329 -0.00655095 -0.00114249 -0.0076652 -0.00671924 -0.00388132 -0.00344318 -0.00593137 0.00222222 -0.00882353 -0.00919446 -0.000125523 -0.00162896 0.00762712 0.00590517 0.00793165 -0.00331395 -0.000830229 -0.00212903
internal_weight=24060 12659 11401 9671 7653 5006 4207 1730 799 3038 4461 3652 5210 3053 1336 1217 573 2339 410 609 809 729 487 427 3355 1249 1789 1868 870 706 2528 560 297 301 163 394 259 267 661 4615 739 138 1128 236 892 1929 226 316 513 439 305 134 1648 1588 238 220 530 347 277 85 1878 154
internal_count=24060 12659 11401 9671 7653 5006 4207 1730 799 3038 4461 3652 5210 3053 1336 1217 573 2339 410 609 809 729 487 427 3355 1249 1789 1868 870 706 2528 560 297 301 163 394 259 267 661 4615 739 138 1128 236 892 1929 226 316 513 439 305 134 1648 1588 238 220 530 347 277 85 1878 154
is_linear=0
shrinkage=0.03


Tree=25
num_leaves=63
num_cat=0
split_feature=9 20 10 20 1 1 10 0 9 7 9 1 0 14 14 26 14 1 1 0 1 1 20 12 18 18 20 26 14 0 25 26 5 11 12 9 14 23 6 16 23 16 10 25 26 9 14 23 6 16 23 0 26 9 25 12 25 25 10 11 14 11
split_gain=1997.48 199.412 82.8079 35.6985 33.882 32.6059 32.0773 27.6208 23.5607 23.2162 22.2272 18.3093 21.3043 17.2291 16.4826 20.6888 14.8157 13.6264 12.0721 13.5721 11.666 11.4587 11.2485 24.0422 11.1478 10.7317 9.57733 9.40582 12.2017 9.36889 8.89702 7.87731 7.69782 7.68797 7.47201 6.92816 6.89899 9.42627 6.7446 6.68315 7.53665 6.59577 6.57092 6.55689 6.33369 6.23277 8.47901 9.33914 6.16786 6.15613 6.15526 6.12586 6.91148 6.03148 5.86318 6.04611 5.85234 5.82752 8.11533 5.95586 5.77891 7.96946
threshold=3107.8750000000005 -17923.199999999993 4470.3750000000009 -27058.749999999996 5.5000000000000009 5.5000000000000009 3140.8800000000006 25.500000000000004 2725.3300000000004 0.90892735371523092 3269.7150000000006 1.0000000180025095e-35 19.500000000000004 977.51646161423821 2191.8971039783178 9.5050000000000008 2236.7151119922382 5.5000000000000009 1.0000000180025095e-35 23.500000000000004 4.5000000000000009 3.5000000000000004 10622.500000000002 4823.5526488095247 11731.150000000003 13691.200000000003 -5351.2999999999984 6.5950000000000015 2418.4593348639314 24.500000000000004 19.275000000000002 7.5600000000000014 -0.55557023301960229 4193.0350000000008 4154.6150892857149 2964.2500000000005 2752.9830290189716 28.281250000000004 -0.58216583101416131 4715.3000000000011 13.693750000000001 5499.2400000000007 2630.0750000000003 18.140000000000004 11.265000000000002 2150.8750000000005 2162.359180425979 26.931250000000006 -0.32143946530316164 5000.255000000001 27.131250000000005 77.500000000000014 8.2900000000000009 3330.0900000000006 17.575000000000003 4357.667611607144 14.865000000000002 19.125000000000004 2130.7250000000004 2575.7500000000005 2657.7685372549226 3317.6550000000002
decision_type=2 2 2 2 2 2 2 2 2 2 2 2 2 2 2 2 2 2 2 2 2 2 2 2 2 2 2 2 2 2 2 2 2 2 2 2 2 2 2 2 2 2 2 2 2 2 2 2 2 2 2 2 2 2 2 2 2 2 2 2 2 2
left_child=1 3 4 -1 10 22 8 24 21 25 42 12 -5 -13 26 48 -17 39 19 -8 27 32 23 38 31 -7 -12 -15 45 43 -23 -6 -3 35 -18 -20 37 -14 -4 -10 -41 49 -2 -19 -44 -29 -47 -48 -16 -42 -33 53 -53 -9 -34 -56 -43 59 -59 -30 -50 -62
right_child=2 6 5 11 7 9 18 51 17 -11 14 13 36 20 15 16 34 29 33 -21 -22 30 -24 -25 -26 -27 -28 28 57 -31 -32 50 54 -35 -36 -37 -38 -39 -40 40 41 56 44 -45 -46 46 47 -49 60 -51 -52 52 -54 -55 55 -57 -58 58 -60 -61 61 -63
leaf_value=-0.011465174952102641 -0.00037097619218756428 -0.00034496138687447161 0.0020826985969070932 -0.0028509650844015331 -0.0014534066416149205 -0.00085089403965476151 -0.0011223641457832299 -0.0038504876616942949 -0.0013038295253170061 0.015974536420582497 0.0016385678813815119 0.0016872499251295724 -0.00049990232919322247 -0.0028926929951296285 0.00069793337959008102 -0.0030860757499168922 0.0013779486576647581 -0.00055634003294435352 -0.0019362265809777666 0.0023484822862631736 -0.0063527625574153652 -0.0028800793968929961 0.020040097552057556 0.0013492249093652298 0.0028282261793048666 0.0017503901736591486 0.0029272157230247407 -0.0029174436516513813 -0.0083304295929523854 -0.0048213076624661119 0.00091827864815179788 -0.00015213744850056443 -0.0024558112012582354 0.0023013272844249143 -0.00044192362341368248 3.790075269707316e-05 -0.0027021195333640688 0.0015513953640453248 0.012645044762284651 -0.00065756565790033418 1.6147998240407801e-05 0.0003239750116008011 0.00075309490907902619 0.00021078100662133892 -0.00054608763578173119 -0.0011269196111647073 0.00068946091398123242 -0.0010422618014083972 0.0027287737321915096 0.0032861253116383969 0.0024425083233549924 0.00076005336693739877 -0.00035581372241910714 -0.00076377752696951792 -0.00036702852585086099 -0.00401898522354565 -0.00019003818781391678 -0.0041915712996448027 0.0010123963551014548 -0.0023239980971789097 -0.00018957304864963831 0.0014437459640823391
leaf_weight=3454 98 251 95 171 42 150 54 96 74 251 355 49 219 763 360 64 246 95 193 335 1018 796 1370 349 211 429 1594 254 415 204 43 42 451 70 149 227 99 90 2647 316 63 93 790 41 43 349 73 80 811 45 65 105 80 250 373 84 1316 42 45 149 104 862
leaf_count=3454 98 251 95 171 42 150 54 96 74 251 355 49 219 763 360 64 246 95 193 335 1018 796 1370 349 211 429 1594 254 415 204 43 42 451 70 149 227 99 90 2647 316 63 93 790 41 43 349 73 80 811 45 65 105 80 250 373 84 1316 42 45 149 104 862
internal_value=-0.000188334 -0.00857281 0.00872545 -0.0117673 0.00641881 0.0114994 -0.00403902 0.000992152 -0.00511894 0.00602888 0.00730144 -0.00976159 -0.00483621 -0.0106408 0.00816652 0.00659607 0.000815217 -0.00300934 0.00117614 0.00511538 -0.0109125 -0.00748874 0.0125157 0.0115023 0.00739612 0.00271552 0.0102538 -0.00965914 -0.00819247 -0.00853372 -0.0101607 0.0011 -0.00554741 -0.00195519 0.00299242 -0.00349169 -0.00110024 0.0011129 0.0124462 -0.00202044 -0.00166031 -0.000780632 0.00307403 -0.00240876 0.00393885 -0.00558785 -0.00363817 0.00224026 0.00783676 0.00633028 0.00541667 -0.00335526 0.00104839 -0.00570605 -0.00683168 -0.0044214 -0.00132979 -0.011204 -0.00392045 -0.0123186 0.00856299 0.00698035
internal_weight=24052 12394 11658 7270 6367 5291 5124 891 4245 830 5476 3816 579 3237 4545 2596 459 2247 879 389 3188 1998 4461 3091 360 579 1949 2170 1407 340 839 149 1159 490 395 420 408 309 2742 1907 1833 1517 931 136 833 756 502 153 2137 108 107 531 185 346 908 457 1409 651 87 564 1777 966
internal_count=24052 12394 11658 7270 6367 5291 5124 891 4245 830 5476 3816 579 3237 4545 2596 459 2247 879 389 3188 1998 4461 3091 360 579 1949 2170 1407 340 839 149 1159 490 395 420 408 309 2742 1907 1833 1517 931 136 833 756 502 153 2137 108 107 531 185 346 908 457 1409 651 87 564 1777 966
is_linear=0
shrinkage=0.03


Tree=26
num_leaves=63
num_cat=0
split_feature=9 20 9 9 11 14 1 1 1 10 20 0 10 1 0 1 21 1 15 7 7 15 24 14 25 15 27 9 10 20 17 1 0 25 7 25 0 14 12 14 25 10 12 27 12 15 22 27 27 14 14 12 25 6 14 12 17 21 27 20 17 20
split_gain=1876.99 151.769 124.233 47.8963 39.3611 34.2146 31.5244 25.2862 21.8598 20.8337 19.089 18.7656 17.2887 14.9527 14.3055 18.3015 13.7682 12.1147 12.1007 12.0442 11.9573 27.5974 13.6579 11.6298 11.192 11.0867 11.0826 10.5215 10.2661 9.93864 11.4316 9.9352 11.954 9.80997 9.3307 9.71948 9.30424 8.90456 12.0658 9.75796 8.69197 8.45346 8.05524 7.83884 7.7422 8.79566 7.71883 7.51332 16.2497 7.42218 12.5833 7.37691 7.1705 7.12515 7.60279 6.84087 6.71831 6.71352 6.60644 6.54274 8.49568 8.24142
threshold=2998.1850000000004 -21337.249999999996 3499.6850000000004 9999.9950000000008 3249.4300000000007 2188.5556100918634 5.5000000000000009 5.5000000000000009 5.5000000000000009 3472.3300000000004 -29936.999999999996 15.500000000000002 2519.5000000000005 5.5000000000000009 20.500000000000004 1.0000000180025095e-35 6418.1950000000015 1.0000000180025095e-35 4399.5113541666678 0.64166506163122816 0.34537287020513602 4941.5795833333341 2.9000000000000008 2696.8461174079316 17.640000000000004 2460.3588020833336 0.22000000000000067 2581.0050000000006 3695.23 -7523.6999999999989 1004.0650000000002 5.5000000000000009 28.500000000000004 18.045000000000005 -0.99763297024448894 15.315000000000003 29.500000000000004 2276.465406832699 4735.0516071428583 3796.8691273085801 15.095000000000001 1973.72 2710.586049107143 0.27999999999999942 3065.0214062500004 2923.4103645833338 3775.8123536706353 -1.0000000180025095e-35 -0.68000000000000138 2423.4047483197405 2279.2730380372391 5726.190252976191 19.480000000000004 -0.58216583101416131 2758.4158222355532 3962.3695238095247 1880.5350000000001 2147.606666666667 -0.38499999999999973 -478.29999999999922 1016.2300000000001 -5937.8999999999987
decision_type=2 2 2 2 2 2 2 2 2 2 2 2 2 2 2 2 2 2 2 2 2 2 2 2 2 2 2 2 2 2 2 2 2 2 2 2 2 2 2 2 2 2 2 2 2 2 2 2 2 2 2 2 2 2 2 2 2 2 2 2 2 2
left_child=1 10 6 5 8 31 9 20 12 23 -1 -8 49 -5 19 40 33 36 24 44 21 34 -23 29 -9 41 -10 -28 -6 30 -2 59 -33 -15 35 -7 -12 -22 -39 46 -16 -19 -32 -21 45 -14 51 48 -17 50 -3 -40 -27 -25 -55 -56 -34 -52 -57 60 -4 -62
right_child=2 4 3 13 28 7 11 18 26 -11 17 -13 14 16 15 47 -18 25 -20 43 37 22 -24 53 -26 52 27 -29 -30 -31 42 32 56 -35 -36 -37 -38 38 39 -41 -42 -43 -44 -45 -46 -47 -48 -49 -50 -51 57 -53 -54 54 55 58 -58 -59 -60 -61 61 -63
leaf_value=-0.013094030925615971 0.00093302262517878096 -0.0016974684899301496 0.0052400966178718453 0.019438894625495848 -0.0002355379045385586 -0.0037419293728661262 0.00082791940760925439 0.00069197569136809629 -0.0063279754240953773 0.0021589091370281285 -0.0029232536483665282 -0.001770472138346717 -0.0038915715661838931 0.0016890194596488859 -0.0027713758762046223 -0.0037320128195637192 -0.001418256597232972 0.00048412117229668984 0.0015846635374763629 -0.00011333003445406664 -0.00042818497353193759 -0.0013134187194359193 0.0011090456385553793 -0.0028558737689688041 -0.001492025732460318 -0.005201902569344643 -0.004980840546902305 -0.00021263733029523556 0.0025796179453896071 0.0011883609811834805 -0.0017928426404574792 0.003830477967104313 0.0011426865054493618 0.023729327379758906 0.0029131744950387436 0.0093218777785513841 -0.0013403011306116052 0.0046182985589770988 -0.00023124499443806455 0.0045033619208244601 0.00084111928628995971 -0.0015014117453683883 3.6763730116184945e-05 0.00024368073219765751 -0.0016578467940081508 0.00012185196791780761 -0.0011050034714543422 -0.0011791116118798949 0.00023527319433360282 -0.0031573823915894647 0.00058423296419381817 0.0015209254570034503 -0.0041626930161713371 -0.0023830475201694766 -0.00099307019175356006 0.0009883690250348208 -0.0006821082200060679 -0.00061146050366916332 -0.0001337918487025469 0.0045539358871644706 -0.00084186163239950316 0.0018027480599587253
leaf_weight=2642 270 1244 277 2280 772 54 105 115 459 764 96 417 61 190 41 99 51 52 231 68 171 77 48 52 188 2150 121 140 127 874 61 148 180 206 2062 50 356 333 149 78 308 76 565 76 497 113 100 568 315 550 47 109 225 55 66 175 66 96 107 1609 47 382
leaf_count=2642 270 1244 277 2280 772 54 105 115 459 764 96 417 61 190 41 99 51 52 231 68 171 77 48 52 188 2150 121 140 127 874 61 148 180 206 2062 50 356 333 149 78 308 76 565 76 497 113 100 568 315 550 47 109 225 55 66 175 66 96 107 1609 47 382
internal_value=-9.43278e-05 -0.00899071 0.00781326 0.00964519 -0.00554445 0.00823784 0.0030111 0.00638476 -0.00662261 0.004199 -0.0125 -0.00378585 -0.00577008 0.012982 -0.00391244 -0.00199324 0.00793527 -0.0108339 0.000336449 -0.00704044 0.00738397 0.00855366 -0.00511905 0.00272911 -0.00360197 -0.0116514 -0.0114424 -0.00646947 0.000216667 0.00382835 0.00160535 0.01081 0.00637975 0.00982368 0.00934472 0.000571429 -0.00629139 0.0045271 0.0059026 0.0026087 0.0039 -0.00302326 -0.00062201 0.000827586 -0.00872768 -0.00325714 0.000501393 -0.00408952 -0.00101205 -0.00782508 -0.00664625 0.00324324 -0.0121149 -0.00154605 -0.000185644 0.00146132 0.00230769 0.00177083 0.00349823 0.0115609 0.00912306 0.00645349
internal_weight=24011 11299 12712 9201 5702 6474 3511 3765 4803 2989 5597 522 4083 2727 2146 1331 447 2955 534 815 3231 2291 125 2225 303 2503 720 261 899 1770 896 2709 394 396 2166 104 452 940 769 436 349 128 626 144 671 174 358 982 414 1937 1387 258 2375 455 403 348 246 143 282 2315 706 429
internal_count=24011 11299 12712 9201 5702 6474 3511 3765 4803 2989 5597 522 4083 2727 2146 1331 447 2955 534 815 3231 2291 125 2225 303 2503 720 261 899 1770 896 2709 394 396 2166 104 452 940 769 436 349 128 626 144 671 174 358 982 414 1937 1387 258 2375 455 403 348 246 143 282 2315 706 429
is_linear=0
shrinkage=0.03


Tree=27
num_leaves=63
num_cat=0
split_feature=9 9 9 9 20 20 11 12 16 3 3 3 15 3 12 10 0 22 7 10 9 8 0 2 15 22 15 10 0 16 13 18 8 25 24 0 21 10 12 10 16 12 9 11 0 15 2 24 7 3 22 8 7 25 12 25 2 10 22 15 12 12
split_gain=1867.86 146.557 129.23 37.3821 34.5861 29.0071 27.6089 26.805 23.322 18.9974 15.7317 15.1217 15.0898 12.7913 14.667 12.0764 11.2962 11.7178 10.6372 10.2779 9.63275 9.58854 9.44188 9.30771 9.28687 9.31999 9.14487 9.1282 12.6789 12.9799 9.85016 8.92308 8.63448 8.84252 8.05493 7.94785 7.81793 7.69041 8.14498 7.63614 7.16357 6.84386 6.71223 6.69963 8.07143 6.41588 16.4606 8.21936 6.24906 8.83347 7.92427 7.78074 12.7587 6.13864 9.25044 5.77285 7.87127 7.8053 7.01849 6.73337 5.70842 5.6851
threshold=2998.1850000000004 2380.2650000000008 3849.2150000000006 3210.7750000000001 10265.000000000002 -29446.949999999993 3294.0550000000007 4375.616324404763 9854.590000000002 1.0000000180025095e-35 1.0000000180025095e-35 1.0000000180025095e-35 4450.2480729166682 1.0000000180025095e-35 2800.5643898809526 3472.3300000000004 18.500000000000004 3180.5864831349213 -0.99763297024448894 2691.6000000000008 2822.6650000000004 0.95936279103287792 11.500000000000002 2.5000000000000004 4705.2813541666674 5485.50656498016 3095.3279166666671 2030.6300000000003 20.500000000000004 6650.6950000000006 9500.9350000000013 16614.450000000004 0.99958851518450398 14.795000000000002 3.9625000000000008 18.500000000000004 2284.0550000000007 2691.6000000000008 4404.0821428571435 3695.23 7599.6750000000011 4495.5636309523825 1808.3950000000002 8710.9500000000025 26.500000000000004 4900.826822916667 6.5000000000000009 3.1500000000000008 -0.50556189049999822 1.0000000180025095e-35 3175.0546378968261 -0.94208510184480676 -0.16799356919963607 18.695000000000004 3879.6496949404768 16.925000000000001 6.5000000000000009 3500.1350000000007 3768.6834647817464 4840.2518229166681 4723.57633184524 3969.7615699404769
decision_type=2 2 2 2 2 2 2 2 2 2 2 2 2 2 2 2 2 2 2 2 2 2 2 2 2 2 2 2 2 2 2 2 2 2 2 2 2 2 2 2 2 2 2 2 2 2 2 2 2 2 2 2 2 2 2 2 2 2 2 2 2 2
left_child=1 5 3 11 7 -1 13 10 16 19 18 15 23 27 -15 41 40 -18 -4 -5 -16 34 -11 -9 -14 31 -25 -3 29 -29 -31 -26 33 -32 -19 -13 -22 -30 -39 53 -7 -2 -36 44 -12 -20 -47 -48 -10 50 -50 52 -52 -8 -55 57 58 -21 61 -58 -28 -57
right_child=2 6 4 9 -6 8 39 12 48 22 43 35 24 14 20 -17 17 21 45 55 36 -23 -24 26 25 -27 60 28 37 30 32 -33 -34 -35 42 -37 -38 38 -40 -41 -42 -43 -44 -45 -46 46 47 -49 49 -51 51 -53 -54 54 -56 56 59 -59 -60 -61 -62 -63
leaf_value=-0.012132173990920014 0.0002308088635316885 -0.0028135373711280919 -0.00071821677697188053 -7.0629506558859127e-05 0.018855727786730954 -0.0032912634373678971 -0.00060941747535041551 0.010008113145632427 -0.0055200032073032014 0.0019003694982048101 0.0026665613808685507 0.00046898977865914124 0.0041492009144002391 0.00023041401580722542 -0.002933633972740375 0.0027662756455765791 0.00063149890115340665 -0.0031860188995966698 0.0059057004382620801 0.00051884581851233233 0.0001544727975416471 0.00072401334378430432 0.00014173856561177977 0.010735727256437481 0.0026215243876237613 -0.00066198918636155562 -0.0012265782583113526 -0.0025233034754485926 -0.0010964476981160187 0.0001877045279074796 0.00038317710166978713 0.00047807447814252058 0.00028343589023941182 -0.00094887128274027781 -0.0029127066651044317 -0.00072796870214483886 -0.0026752082114076267 0.00012363174879605586 -0.0024107668817603756 0.0026408786790040393 -0.00032867742560990451 -0.0012399678281014115 0.00021043719478504473 0.019077579370424098 0.0014924440378594639 0.019077579370424098 -0.0015004858593361181 0.0023759923044387233 1.6322243430284543e-05 -0.0076949927005924663 0.0014298983381141194 -0.0027645863981376096 -0.0029368185629728137 0.0025043756533507633 -0.001670740243983193 0.0019966880476726965 0.002454485599168805 0.0031153905941246141 0.00049385318235868776 2.0740436122412829e-05 1.9753409473652893e-05 0.0012143206668404271
leaf_weight=2793 1037 247 66 137 1757 228 407 60 1417 143 303 89 307 123 722 208 71 495 2743 287 69 58 796 67 235 61 101 263 722 70 41 175 47 668 193 428 252 627 140 106 46 86 158 155 841 191 48 40 87 419 47 686 47 109 43 452 759 188 235 48 276 330
leaf_count=2793 1037 247 66 137 1757 228 407 60 1417 143 303 89 307 123 722 208 71 495 2743 287 69 58 796 67 235 61 101 263 722 70 41 175 47 668 193 428 252 627 140 106 46 86 158 155 841 191 48 40 87 419 47 686 47 109 43 452 759 188 235 48 276 330
internal_value=-0.000159661 -0.00896553 0.00777747 0.0041606 0.0103205 -0.0117914 -0.00487009 0.00917725 -0.0101315 0.00603821 0.0102928 0.000730124 0.00535464 -0.00581288 -0.00845758 0.00242117 -0.006732 -0.00521004 0.01146 0.00743537 -0.00961207 -0.0061326 0.00240957 0.00130693 0.00797176 0.0053072 -0.000202247 -0.00471868 -0.00418767 -0.00664679 -0.00478839 0.00693431 -0.005786 -0.00661268 -0.00694215 -0.00361969 -0.00526398 -0.00238591 -0.000292969 0.000788288 -0.0121091 0.00118772 -0.0034517 0.00751154 0.00670742 0.0117201 0.00733929 -0.00337079 -0.0116993 -0.0101632 -0.0084159 -0.0093726 -0.00126316 -0.000616071 0.0045098 0.00791087 0.00867945 0.00494748 0.00691061 0.0108973 -0.00202381 0.00827586
internal_weight=24050 11401 12649 5223 7426 6745 4656 5669 3952 3375 4387 1848 1282 3991 1166 1331 1249 975 3088 2436 1043 904 939 504 778 471 444 2825 2578 1089 826 410 756 709 846 517 321 1489 767 665 274 1123 351 1299 1144 3022 279 88 2703 1286 867 780 94 559 152 2299 1824 475 1017 807 377 782
internal_count=24050 11401 12649 5223 7426 6745 4656 5669 3952 3375 4387 1848 1282 3991 1166 1331 1249 975 3088 2436 1043 904 939 504 778 471 444 2825 2578 1089 826 410 756 709 846 517 321 1489 767 665 274 1123 351 1299 1144 3022 279 88 2703 1286 867 780 94 559 152 2299 1824 475 1017 807 377 782
is_linear=0
shrinkage=0.03


Tree=28
num_leaves=63
num_cat=0
split_feature=9 20 10 1 9 11 9 7 10 9 12 14 1 0 21 15 12 1 1 6 15 1 8 11 25 1 17 15 8 14 8 23 10 18 12 7 8 7 15 0 14 1 17 17 25 1 6 8 6 17 24 2 7 17 12 8 19 18 9 6 0 15
split_gain=1759.53 143.937 118.896 51.5855 40.1666 35.3799 28.7016 26.8466 25.4685 22.9897 22.5261 17.5758 17.1734 32.9156 16.9271 16.2406 14.5556 13.7314 11.3775 13.0169 10.6195 10.5717 10.4679 9.85547 9.59464 9.51802 9.70341 11.6913 8.11558 13.3545 10.8607 8.90601 8.0755 8.14292 8.89739 9.28853 7.81859 10.0897 14.5036 7.74813 13.657 7.63423 7.56082 12.356 7.38266 9.31155 7.08856 7.06543 6.9685 6.91543 6.7466 6.74517 6.6899 6.51563 6.39442 6.23909 6.18657 6.13365 6.06603 5.87559 5.78479 5.75387
threshold=2998.1850000000004 -20099.549999999996 3849.2450000000003 5.5000000000000009 3259.6600000000003 3294.0550000000007 9999.9950000000008 0.90892735371523092 1999.4450000000004 2725.3300000000004 4337.2423363095249 2191.8971039783178 1.0000000180025095e-35 26.500000000000004 3199.2766666666671 4289.4120833333336 2718.1089732142864 1.5000000000000002 5.5000000000000009 -0.032701564615071448 3736.0138020833342 5.5000000000000009 0.99855310097228334 2520.0700000000002 17.365000000000006 5.5000000000000009 1103.6650000000002 2412.4126562500001 -0.074115882986646633 2657.7685372549226 0.19969739736768838 28.206250000000008 3695.23 6921.3000000000011 3879.6496949404768 0.83376496542330847 -0.97161409608080718 0.86113431103781346 4121.7918750000008 36.500000000000007 2843.6811334000963 3.5000000000000004 1001.8700000000001 900.15500000000009 20.535000000000004 5.5000000000000009 0.06540312923014284 -0.99486055365577253 -0.47114434510950048 1802.8950000000002 5.3562500000000002 8.5000000000000018 0.90162119223771331 2449.7550000000006 2800.5643898809526 -0.85336608150419258 12012.650000000003 15267.1 2030.6300000000003 0.84874750804349197 29.500000000000004 2978.7924479166672
decision_type=2 2 2 2 2 2 2 2 2 2 2 2 2 2 2 2 2 2 2 2 2 2 2 2 2 2 2 2 2 2 2 2 2 2 2 2 2 2 2 2 2 2 2 2 2 2 2 2 2 2 2 2 2 2 2 2 2 2 2 2 2 2
left_child=1 8 4 6 18 9 10 15 14 12 41 23 13 -3 16 20 -1 39 -2 -20 49 28 44 -6 -17 26 27 -11 29 -13 31 -30 33 -7 54 -36 -12 53 -39 -10 61 47 43 -19 45 -14 -27 -4 -43 50 -5 -21 -40 -38 -35 -44 -31 -9 -16 -23 -25 -41
right_child=2 5 3 7 11 32 -8 57 17 25 36 21 22 -15 58 24 -18 42 19 51 -22 59 -24 60 -26 46 -28 -29 30 56 -32 -33 -34 34 35 -37 37 38 52 40 -42 48 55 -45 -46 -47 -48 -49 -50 -51 -52 -53 -54 -55 -56 -57 -58 -59 -60 -61 -62 -63
leaf_value=0.00053970610482194641 0.00021801684102231266 -0.0030480504041834242 0.002787394825526892 0.0015017216435558999 9.7028330522896941e-05 -0.0021607733429846654 0.018290055953129034 0.0014053829920053485 -0.0020914613066091415 -0.0015064275720585662 -0.0010478183676788609 0.0031572634593689929 -0.0019576053546089245 0.00060831384278763772 -0.010855926701978831 -0.00018281463083091865 -0.0031886430028238875 -0.0041806807957639686 -0.0041843512911350928 0.00080269498002104366 -0.0014890021221561865 -0.00081189969857903494 0.00057907465644674078 0.0024569908181631384 0.0032989319627527002 -0.0063538238608667934 -0.00043370161538883954 0.00040015918209775232 -0.0026405378708389371 -6.027918548392463e-05 0.00087689428182910587 0.0010128899696404581 0.0023048435950791379 -0.0014924491310853848 0.00011232273752506572 -0.0041801549199380434 0.0030359461939916165 -0.00036267669798503374 -0.00078673949836415068 -0.00058547400905966545 -0.0033497743422392198 0.00042098909399618023 -0.0059326697280507636 0.001440757237930228 0.00047317268365375752 -0.0051850000307277089 -0.00036341478622614609 0.0064692350692024904 0.0027834929592632563 -0.00092776587611972158 -0.0004126496144925795 -0.00053026447010555693 0.0025021282056328607 0.00092293698627791791 0.001126299390108314 -0.0042434920357497892 0.0010733013622161902 0.008420836193526399 -0.0036512142941583291 0.0012636707677939096 0.001802332414699368 0.00069704454006386024
leaf_weight=42 1622 155 79 200 132 97 2194 50 312 64 53 258 1851 257 3335 97 127 224 132 60 188 192 43 505 247 114 1120 207 63 148 585 48 115 56 141 89 434 174 48 224 99 85 147 59 45 375 153 1913 858 84 54 95 264 100 292 1124 550 288 367 44 867 86
leaf_count=42 1622 155 79 200 132 97 2194 50 312 64 53 258 1851 257 3335 97 127 224 132 60 188 192 43 505 247 114 1120 207 63 148 585 48 115 56 141 89 434 174 48 224 99 85 147 59 45 375 153 1913 858 84 54 95 264 100 292 1124 550 288 367 44 867 86
internal_value=-9.54977e-05 -0.00869711 0.0075649 0.0100189 0.00413335 -0.0050087 0.0111236 0.00434243 -0.0118009 -0.00606157 0.00960838 0.00609195 -0.00775578 -0.00210654 -0.0132838 0.00154994 -0.00397059 -0.00927285 0.000651832 -0.00484375 -0.00176471 0.00416093 -0.00876026 0.00851163 0.0066087 -0.00327306 -0.00227371 0.0028125 0.00500907 0.00680251 0.00253945 -0.00602679 0.000834387 -0.000421598 0.000932642 -0.00363636 0.00587989 0.00646425 0.00332649 -0.00583795 -0.00310976 0.010969 -0.0108617 -0.00639085 -0.00903829 -0.00928154 -0.00845149 0.0120271 0.00872352 0.00141593 0.00388235 0.00105769 0.0071885 0.00930841 0.00395415 -0.0118514 0.00463519 0.0115044 -0.0137078 -0.00177215 0.00926438 0
internal_weight=24031 11320 12711 7410 5301 5174 6202 1208 6146 4384 4008 3392 2726 412 3871 870 169 2275 1909 287 526 1888 2314 1504 344 1658 1391 271 1652 956 696 111 790 675 578 230 1073 1020 486 721 409 2935 1554 283 2271 2226 267 1992 943 338 254 155 312 534 348 1271 698 338 3702 236 1372 310
internal_count=24031 11320 12711 7410 5301 5174 6202 1208 6146 4384 4008 3392 2726 412 3871 870 169 2275 1909 287 526 1888 2314 1504 344 1658 1391 271 1652 956 696 111 790 675 578 230 1073 1020 486 721 409 2935 1554 283 2271 2226 267 1992 943 338 254 155 312 534 348 1271 698 338 3702 236 1372 310
is_linear=0
shrinkage=0.03


Tree=29
num_leaves=63
num_cat=0
split_feature=9 9 9 3 20 10 10 12 3 0 0 17 27 27 15 9 9 20 25 12 25 27 0 7 15 15 12 25 7 17 17 15 17 15 7 7 14 22 14 12 10 17 7 27 23 16 16 0 27 18 17 17 23 27 6 23 14 25 18 14 22 21
split_gain=1667.21 188.45 97.4683 44.5082 42.9341 39.3987 24.8466 23.2803 22.2418 21.9971 20.5526 16.3449 16.2963 16.2501 15.2797 13.7962 11.9423 11.6971 11.6933 17.3804 11.6086 11.0973 11.823 11.0833 10.8993 10.491 11.5813 10.4655 9.9595 9.2275 9.10694 8.34638 8.14064 7.9144 7.90351 7.82576 7.73767 7.71388 7.62358 9.93534 7.61204 7.56642 7.51334 7.49156 8.41542 7.45413 9.51489 7.40695 7.3393 6.75093 6.66643 6.20208 6.19507 6.0642 6.00309 5.6931 7.40286 5.44138 7.63045 5.85712 8.00595 6.95864
threshold=3078.1250000000005 2470.7100000000005 6000.3150000000014 1.0000000180025095e-35 -29446.949999999993 3500.1350000000007 3090.4450000000002 4495.5636309523825 1.0000000180025095e-35 57.500000000000007 33.500000000000007 2449.7550000000006 -0.73499999999999932 -1.0000000180025095e-35 2701.387552083334 2701.3800000000006 3269.7150000000006 10622.500000000002 16.885000000000002 4151.2705431547629 18.045000000000005 -0.49000000000000016 25.500000000000004 -0.54939360607974019 3927.315364583334 3167.192239583334 3411.0640922619054 18.140000000000004 -0.861146256326485 599.94500000000016 200.01000000000002 4941.5795833333341 1235.4450000000004 3020.3678125000001 0.86113431103781346 0.96465729447553372 1360.7000567486998 5998.3875483630954 2153.767547160935 2807.4489583333338 2859.3400000000006 2144.2650000000003 0.90162119223771331 -0.04500000000000081 32.181250000000013 4962.5200000000013 5396.4750000000013 30.500000000000004 0.030000000000000252 9699.7500000000018 1500.2250000000001 896.97500000000014 12.706250000000002 0.054999999999999723 -0.5277851165098012 26.931250000000006 2355.5355301154063 19.480000000000004 9197.9000000000033 2657.7685372549226 3997.8460416666671 3662.7933333333335
decision_type=2 2 2 2 2 2 2 2 2 2 2 2 2 2 2 2 2 2 2 2 2 2 2 2 2 2 2 2 2 2 2 2 2 2 2 2 2 2 2 2 2 2 2 2 2 2 2 2 2 2 2 2 2 2 2 2 2 2 2 2 2 2
left_child=1 4 3 5 54 18 11 37 9 23 12 15 -5 31 28 27 -12 21 25 40 33 22 -4 29 -8 26 -2 41 -10 -6 -18 -9 -29 -14 36 47 -32 -7 39 -11 48 50 -33 44 55 -17 -47 -21 -20 -27 -3 -24 -49 -45 -1 56 -38 59 -59 60 61 -25
right_child=2 6 17 10 8 7 24 13 14 38 16 -13 20 -15 -16 45 30 -19 19 35 -22 -23 51 57 -26 49 -28 32 -30 -31 34 42 -34 -35 -36 -37 43 -39 -40 -41 -42 -43 -44 53 -46 46 -48 52 -50 -51 -52 -53 -54 -55 -56 -57 -58 58 -60 -61 -62 -63
leaf_value=-0.01153406939939332 0.0018691376037411089 -0.0021961095708678434 -0.0017172589370466618 -0.0011241403363898249 -0.0024793539796738526 0.003601163264725695 0.00058014794476730631 0.0018787299849590865 -0.00098779882546691229 -0.0034328596143727184 -0.0006916915029582648 -0.0014166568715107885 -0.0008740432258423958 -0.00036018231009234288 -0.0063157048372664889 -0.0010770141496034835 0.0074940734811866421 0.017741354274535173 -0.00069016115243645257 0.0012823788005692904 0.0021239117589345645 0.01835170667868237 0.00021268017751857826 -0.0017898259816915727 -0.0011513358307283993 0.00034473712911085917 -0.0014220920906582891 0.00076736139197915772 0.0022816122424425787 -0.0045967523171308051 0.0019833013786994514 -0.00051187421417072439 -0.00092858776714503926 0.00079497861155225274 0.0015760028943548486 -0.0022008978791381571 0.001639299820908926 -0.00039601272684236299 -0.0022546010288622843 0.00032745966452877082 0.0016551253281212651 -0.00031566594694060424 0.0020543640849530931 -0.0052454543521207953 -0.0014026453072149359 0.0012764681291318779 -0.00024319078571788388 0.0014957990899562201 0.0015773027858117493 -0.00073613023616486467 -0.0023948736306209817 0.018404401664398246 -0.00030943272706143607 -0.00040476864504322306 -0.004057846855136482 0.0016285914762817731 -0.00080312151035096587 -0.0029132326605779291 0.00088182815140621425 -0.0057432404055327881 0.00028800337466766023 -0.0010021932867296179
leaf_weight=2641 227 392 88 79 292 3029 680 296 47 81 216 447 53 146 1127 116 45 1661 71 178 597 1317 76 537 191 94 40 57 44 862 73 97 365 453 200 52 84 42 501 285 979 160 77 47 73 73 1765 52 131 216 372 200 258 453 55 107 53 86 57 283 84 404
leaf_count=2641 227 392 88 79 292 3029 680 296 47 81 216 447 53 146 1127 116 45 1661 71 178 597 1317 76 537 191 94 40 57 44 862 73 97 365 453 200 52 84 42 501 285 979 160 77 47 73 73 1765 52 131 216 372 200 258 453 55 107 53 86 57 283 84 404
internal_value=-4.27404e-05 -0.0079242 0.00793441 0.0062296 -0.0108962 0.00764033 -0.00316952 0.00956209 -0.00915796 -0.00792974 0.00289463 -0.00423026 0.00578191 0.00423015 -0.0126497 -0.00349894 0.000366124 0.0122764 0.00455415 0.00579268 0.00672554 0.0104964 0.00583562 -0.00930737 0.00139335 0.000856401 0.00520522 -0.00583519 -0.000815217 -0.0115065 0.00159771 0.00694268 -0.00191489 0.00337278 0.00104491 0.00133087 -0.00016835 0.0106299 -0.00378456 -0.000490463 0.00782995 -0.00762162 0.00171429 -0.00100856 0.00259434 -0.00188747 -0.00141925 0.00251534 0.00251232 -0.00289389 -0.00886275 0.00888087 -0.000289389 -0.00329341 -0.0139155 0.00526531 0.00119565 -0.00755165 -0.00197917 -0.0081589 -0.00709064 -0.00788217
internal_weight=23864 12004 11860 8518 7386 5985 4618 3687 4690 3472 2533 3747 1182 616 1218 3300 1351 3342 2298 1721 1103 1681 364 2605 871 577 267 1346 91 1154 1135 470 422 506 1090 540 890 3071 867 366 1181 924 174 817 317 1954 1838 488 202 310 764 276 310 500 2696 244 137 1451 143 1308 1025 941
internal_count=23864 12004 11860 8518 7386 5985 4618 3687 4690 3472 2533 3747 1182 616 1218 3300 1351 3342 2298 1721 1103 1681 364 2605 871 577 267 1346 91 1154 1135 470 422 506 1090 540 890 3071 867 366 1181 924 174 817 317 1954 1838 488 202 310 764 276 310 500 2696 244 137 1451 143 1308 1025 941
is_linear=0
shrinkage=0.03


Tree=30
num_leaves=63
num_cat=0
split_feature=10 10 10 1 1 10 1 6 14 12 0 10 27 26 12 27 25 6 25 12 17 14 14 14 14 8 26 0 0 8 8 15 7 8 26 18 18 4 14 25 17 26 12 25 1 1 14 8 15 6 0 18 26 26 1 10 25 25 12 6 0 23
split_gain=1545.37 196.722 104.433 47.128 44.9722 36.2571 34.3792 26.0133 22.8093 22.39 20.0082 18.6469 17.6789 17.132 15.2474 14.6809 13.7743 13.7363 13.604 12.7294 12.5517 12.471 12.4658 12.3501 11.371 11.2746 10.9273 10.7454 10.7192 17.8377 10.6439 10.1755 9.70105 9.38023 9.18808 8.85892 8.81059 8.6776 8.61276 13.2222 8.92735 10.3179 8.20645 13.912 8.07325 8.06811 8.06486 14.2655 12.6651 9.22448 7.93167 8.15487 7.7724 7.76258 7.71804 7.68134 7.63745 8.49711 7.45695 8.13871 7.32716 7.23176
threshold=3090.4450000000002 2206.0700000000002 4090.4750000000008 5.5000000000000009 5.5000000000000009 2700.2850000000003 4.5000000000000009 -0.72947329433276253 2492.4666874569157 4735.0516071428583 31.500000000000004 6000.295000000001 -0.015000000000000567 6.5950000000000015 4449.75674107143 0.13999999999999882 18.725000000000005 -0.19509032201612839 16.855000000000004 3834.2865997023814 1016.2300000000001 2696.8461174079316 2124.1411921882768 2169.9542670621054 994.74533996903972 0.6174544326165855 10.390000000000002 22.500000000000004 19.500000000000004 -0.14250536273956091 0.93469109537144635 4289.4120833333336 -0.28519255817492867 -0.70441485942641635 8.0800000000000018 16551.000000000004 11028.500000000002 1.0000000180025095e-35 2418.4593348639314 19.390000000000004 999.6500000000002 7.245000000000001 3098.5384449404769 15.270000000000001 5.5000000000000009 3.5000000000000004 2263.5939671239489 0.62420859727530387 4547.3495312500008 -0.19509032201612839 70.500000000000014 11083.650000000003 5.6300000000000008 10.075000000000001 1.5000000000000002 3499.6450000000004 17.595000000000002 16.810000000000006 3048.950052083334 -0.63405362205439475 66.500000000000014 17.806250000000002
decision_type=2 2 2 2 2 2 2 2 2 2 2 2 2 2 2 2 2 2 2 2 2 2 2 2 2 2 2 2 2 2 2 2 2 2 2 2 2 2 2 2 2 2 2 2 2 2 2 2 2 2 2 2 2 2 2 2 2 2 2 2 2 2
left_child=1 7 6 11 5 13 8 30 18 22 23 14 21 15 45 52 28 -6 20 -20 42 -10 -5 -8 -9 36 -21 -17 29 -7 -1 56 -16 -26 -33 -35 -19 -13 40 -40 41 -15 -2 -44 53 -4 47 49 -48 -18 -46 -52 -3 -12 -30 -23 57 -24 -42 -60 -14 -49
right_child=2 4 3 9 17 16 10 24 12 -11 44 37 60 38 32 27 46 25 19 26 -22 55 31 -25 33 -27 -28 -29 54 -31 -32 34 -34 35 -36 -37 -38 -39 39 -41 58 -43 43 -45 50 -47 48 61 -50 -51 51 -53 -54 -55 -56 -57 -58 -59 59 -61 -62 -63
leaf_value=-0.009015944389249908 0.0019226897885976689 0.00017241032660955113 0.0070136120814220599 0.0022731117340473971 -0.0079845690600197465 0.0012442597926822963 0.0021157500031707419 0.00033025090891428908 0.0023724317879008795 0.013823085075828851 0.00027923418723007742 0.017209113646299092 -0.0017712623282673335 0.0014315383994467012 0.0018527977432098196 -0.0024971553796683697 0.00025247731020450637 -0.00057637066537662206 0.0025265578050274228 0.001291812523534066 -0.00088968112494475443 2.9084015935518792e-05 -0.00038586907892881325 0.00041643316350683076 -5.5794702317779604e-05 -0.0024458254249390696 -0.00094210082124526187 -0.001912511743871521 0.00035390689864284397 -0.0012210311739173595 -0.00020099353553551413 0.0025506023668615896 0.0002505872580837476 -0.0038345046237335898 -0.0012494780277946037 0.00042080553074089086 0.0013730075854782075 0.0039688237889629009 -0.0019236762937309315 0.0013494197907570537 -0.0013286531324301397 -1.1777427767114546e-05 -0.0060349210872377634 0.0013498471121297405 -0.0032395218722407115 0.0022116041275717711 -0.0020722121792700319 8.9077230383338696e-05 0.0008403682220977604 0.0030884497093630345 -0.0033271690487436697 0.000369533999475804 -0.0010604087899108183 -0.0010812951679624926 -0.00031013332775524203 0.00095661717184373878 -0.0017815909323895783 0.0022137991410006029 -0.0011949468542665541 0.0002211677276064261 0.00052440482687961417 -0.00035797948592668048
leaf_weight=3883 306 154 1380 284 446 108 210 56 155 250 341 2677 107 56 141 436 144 110 1294 681 83 486 84 523 101 319 74 448 452 478 76 141 304 1307 64 51 48 155 595 63 180 216 46 64 235 724 120 131 112 192 67 122 269 62 919 518 172 53 317 309 48 125
leaf_count=3883 306 154 1380 284 446 108 210 56 155 250 341 2677 107 56 141 436 144 110 1294 681 83 486 84 523 101 319 74 448 452 478 76 141 304 1307 64 51 48 155 595 63 180 216 46 64 235 724 120 131 112 192 67 122 269 62 919 518 172 53 317 309 48 125
internal_value=-0.000103435 -0.00758837 0.00761517 0.0102014 -0.00415901 -0.00318283 0.0045473 -0.0118137 0.00606523 0.0043756 0.000787956 0.011335 0.00285171 -0.00544514 0.00946471 -0.00803899 -0.000706326 -0.0103084 0.00772067 0.00880244 0.00327 0.004125 0.00191489 0.00439373 -0.00845976 -0.00674686 0.00569444 -0.0102373 -0.0020761 -0.00546848 -0.0130947 -0.000873786 0.00440583 -0.00896918 0.00429612 -0.00962472 -0.000188679 0.0130145 -0.00348877 -0.0061912 -0.00183503 0.00285714 0.00539568 -0.00162162 -0.00240942 0.0105321 0.00254545 0.00440135 -0.00218884 0.00845697 -0.00529412 -0.000710526 -0.0034316 0.000631188 -0.000623178 0.00289552 -0.00430645 0.000978261 -0.00342007 -0.00186603 -0.00663462 -0.000933852
internal_weight=24072 12221 11851 6429 6747 5824 5422 5474 3862 1048 1560 5381 1314 3043 2549 1307 2781 923 2548 2049 499 1159 798 733 1515 477 755 884 1957 586 3959 514 445 1459 205 1358 158 2832 1736 658 1078 272 416 110 827 2104 824 592 232 336 424 189 423 403 1371 1004 309 137 806 626 155 256
internal_count=24072 12221 11851 6429 6747 5824 5422 5474 3862 1048 1560 5381 1314 3043 2549 1307 2781 923 2548 2049 499 1159 798 733 1515 477 755 884 1957 586 3959 514 445 1459 205 1358 158 2832 1736 658 1078 272 416 110 827 2104 824 592 232 336 424 189 423 403 1371 1004 309 137 806 626 155 256
is_linear=0
shrinkage=0.03


Tree=31
num_leaves=63
num_cat=0
split_feature=9 11 9 9 1 10 9 1 14 1 5 5 1 15 10 7 15 11 20 6 14 8 26 14 15 14 25 1 26 24 16 25 17 15 14 10 17 1 20 17 20 18 22 14 14 20 17 24 25 17 20 26 8 8 8 17 15 17 14 22 9 22
split_gain=1568.79 144.224 116.356 59.5549 35.2885 34.7707 33.3093 26.167 25.3276 19.5985 19.4927 17.58 17.4919 17.2031 14.6263 14.5932 22.9294 14.1401 13.6477 13.622 13.1435 12.8817 11.9749 17.8677 11.806 11.6602 11.0889 11.0314 10.9594 10.8431 10.0041 9.93498 9.78121 11.3607 9.35139 9.32457 13.6133 9.15586 8.93611 8.85846 9.16905 8.38902 7.97995 7.44211 7.21177 6.90047 11.3428 6.61719 6.72685 9.32739 6.21999 6.12842 6.0985 6.03037 7.57552 5.96576 5.87281 5.84266 5.82783 5.61149 5.53063 6.63834
threshold=2998.1850000000004 2249.8900000000003 3424.4150000000004 9999.9950000000008 5.5000000000000009 1857.8250000000003 2701.3800000000006 5.5000000000000009 2188.5556100918634 5.5000000000000009 -0.70710678118654735 -0.41248606129204551 4.5000000000000009 4871.7813541666683 3499.6450000000004 0.21336913576298863 4941.5795833333341 4147.6250000000009 -15927.649999999996 -0.097964660725097366 988.11052745578149 0.9989598388634241 5.1750000000000016 1340.5338107792338 1895.4146354166667 2377.0970237087963 19.480000000000004 1.0000000180025095e-35 11.265000000000002 2.8187499999999983 4784.0700000000006 18.835000000000004 1441.4650000000004 4547.3495312500008 2250.44810433368 3976.6400000000008 1002.3650000000001 2.5000000000000004 -478.29999999999922 1016.2300000000001 -5632.8999999999987 13097.750000000002 5235.1016672867072 2692.6761492822102 2221.5755260742394 -10519.899999999998 1004.0650000000002 0.13750000000000109 19.125000000000004 1600.1250000000002 7080.9000000000024 9.4200000000000017 -0.32613736746952143 -0.54940789553007929 0.36447543099728863 499.56500000000005 3886.5899479166669 499.72000000000008 2044.4202344368512 5298.7623883928582 1856.6800000000003 5646.1334840029767
decision_type=2 2 2 2 2 2 2 2 2 2 2 2 2 2 2 2 2 2 2 2 2 2 2 2 2 2 2 2 2 2 2 2 2 2 2 2 2 2 2 2 2 2 2 2 2 2 2 2 2 2 2 2 2 2 2 2 2 2 2 2 2 2
left_child=1 5 7 4 8 -1 10 14 38 -5 24 -6 18 25 28 16 35 -8 32 -9 -12 22 -22 -24 -3 -11 37 30 43 -18 -26 -13 33 34 57 36 42 41 39 -4 -41 60 -10 45 -17 46 55 48 49 -46 -37 -45 -47 -29 -55 -2 -48 -7 -43 -27 -25 -62
right_child=2 6 3 9 11 12 17 19 15 13 20 31 -14 -15 -16 44 29 -19 -20 -21 21 -23 23 26 27 59 -28 53 -30 -31 -32 -33 -34 -35 -36 50 -38 -39 -40 40 -42 58 -44 51 47 52 56 -49 -50 -51 -52 -53 -54 54 -56 -57 -58 -59 -60 -61 61 -63
leaf_value=-0.010101712528977434 -3.2885832729512286e-05 0.0041294773007508881 0.0042209974853956566 0.016692840236910127 -0.00056301306481795874 -0.0049976597469187384 -0.0002931586286782739 -0.0039067521089511678 0.0020847282269489398 0.0037379468218042607 0.0016027494212181325 0.000612398268170895 -0.0061089829741114874 0.021252217458447492 0.002122890399401829 -0.0013945798249135688 -0.0013744640240039628 0.0017337405871436396 -5.3582468235671139e-05 -1.1957499493231438e-06 -0.0033622651091232037 0.00069158584273629306 0.00014355623847547071 -0.0056312058723008863 -0.0015416384793000535 0.00071871635663050876 0.0013964493001424837 0.00028292718942391382 -0.00090464878263844632 0.00080841602060299778 0.0014931593609327186 0.0025113313218022705 -0.0025690058972676244 0.0013722941719803705 -0.0048338468055048444 0.0040321451772957137 0.0015907206636818216 -0.0023746343144842095 0.0040328800060729277 -0.00050987100356554289 0.0014545502265401833 0.00033893967161925166 -0.00063452122654139131 0.00019220269125495902 -0.00036342126275854978 0.0020625774638265426 -0.0003083093701420303 0.0030253624284346703 0.0017255072426461027 0.001121829396737013 0.001463413706626575 -0.00063946070072093517 0.00049744152850387028 -0.0048632573707661827 -0.0010182215263469273 0.001397427550871093 0.00014606274095914528 -0.00052433945199982458 -0.00077321699865512622 -0.0011968708088562784 -0.0017231229055835007 0.0018296512576739543
leaf_weight=3044 75 42 301 2269 405 67 1751 192 70 123 60 384 972 163 506 68 80 114 225 238 296 75 199 214 88 65 59 109 120 46 150 237 760 86 160 1108 695 1257 1636 71 460 122 161 337 222 191 149 346 177 341 99 109 886 179 159 109 134 242 165 83 766 40
leaf_count=3044 75 42 301 2269 405 67 1751 192 70 123 60 384 972 163 506 68 80 114 225 238 296 75 199 214 88 65 59 109 120 46 150 237 760 86 160 1108 695 1257 1636 71 460 122 161 337 222 191 149 346 177 341 99 109 886 179 159 109 134 242 165 83 766 40
internal_value=-0.000112852 -0.00818409 0.00715809 0.00877744 0.00729806 -0.0116448 -0.00489309 0.00204792 0.00819364 0.0125536 -0.0064431 0.00216164 -0.00902507 0.00668966 0.00317539 0.00651582 0.00791814 -0.0015836 -0.0070279 -0.00480278 -0.00743546 -0.00769724 -0.00799295 -0.00738576 -0.00199863 0.00204044 -0.00804306 -0.0029519 0.00207485 -0.00448819 0.00225941 0.00532958 -0.00819529 -0.00515288 -0.00698936 0.00865276 0.0063754 -0.00833918 0.0105103 0.00795918 0.0056109 -0.0065711 6.46552e-05 0.00260673 0.00376623 0.00359223 0.000544872 0.00436063 0.00275304 0.00114362 0.0103932 -0.000805369 0.00491187 -0.00572545 -0.00769912 0.00632432 -0.00322183 -0.00391935 -0.00203125 -0.00362416 -0.00784525 -0.00669145
internal_weight=24057 11401 12656 9610 6907 5556 5845 3046 5881 2703 3980 1026 2512 434 2616 3413 2259 1865 1540 430 3253 3193 3118 2822 727 271 2623 685 2110 126 238 621 1315 555 469 2133 926 2564 2468 832 531 1307 231 1990 1154 1544 467 1086 740 563 1207 446 1077 447 338 184 283 309 287 148 1020 806
internal_count=24057 11401 12656 9610 6907 5556 5845 3046 5881 2703 3980 1026 2512 434 2616 3413 2259 1865 1540 430 3253 3193 3118 2822 727 271 2623 685 2110 126 238 621 1315 555 469 2133 926 2564 2468 832 531 1307 231 1990 1154 1544 467 1086 740 563 1207 446 1077 447 338 184 283 309 287 148 1020 806
is_linear=0
shrinkage=0.03


Tree=32
num_leaves=63
num_cat=0
split_feature=9 9 9 9 1 1 20 20 1 9 1 14 7 0 0 17 17 1 22 10 14 18 14 14 15 22 10 21 15 8 21 0 21 22 15 1 17 15 15 6 1 14 15 22 22 7 17 15 27 22 5 14 27 21 1 0 12 8 19 1 12 12
split_gain=1503.57 144.162 118.163 46.8825 31.2045 30.5424 27.5751 27.2959 31.4801 22.8303 21.2155 18.583 17.5923 17.1597 14.939 14.8165 15.4437 13.8115 13.6197 12.1176 14.5004 11.9998 10.3246 9.77727 9.53102 9.45907 9.07175 8.95259 10.8203 8.57794 9.02496 8.40354 8.27274 9.2052 8.27234 8.20175 13.9344 8.17765 8.18293 8.09559 8.01837 8.25542 7.96184 7.54788 12.1933 7.48596 7.40163 7.22526 6.69406 6.85225 10.5707 6.3163 8.52909 6.15046 6.00614 5.94148 5.85702 5.85152 6.34461 6.58694 6.27354 5.76517
threshold=2998.1850000000004 2213.2600000000007 4550.7650000000012 3210.7750000000001 5.5000000000000009 4.5000000000000009 -15223.499999999996 -31667.099999999995 1.0000000180025095e-35 9999.9950000000008 1.0000000180025095e-35 2188.5556100918634 0.90892735371523092 28.500000000000004 12.500000000000002 1016.2300000000001 900.15500000000009 5.5000000000000009 3667.8093787202383 3300.0250000000005 2908.0666838041102 12806.85 2962.8643076782387 1340.5338107792338 2288.9151562500006 3417.1421391369054 3999.8250000000003 3342.5300000000002 2962.4200000000005 -0.9629068873952128 5647.2483333333339 25.500000000000004 1867.4333333333336 5838.7255741567469 4900.826822916667 3.5000000000000004 1543.1100000000004 4289.4120833333336 3736.0138020833342 0.83146961230254501 5.5000000000000009 2017.7721313828099 3246.4984375000008 5838.7255741567469 5558.6630592757947 -0.53493989022977317 2169.9050000000002 4289.4120833333336 -0.49000000000000016 5543.6918582589287 -0.72947329433276231 2418.4593348639314 0.33499999999999913 3447.9183333333344 2.5000000000000004 60.500000000000007 3603.7157589285716 -0.99486055365577253 20299.900000000005 3.5000000000000004 4241.5565104166681 3112.5608482142861
decision_type=2 2 2 2 2 2 2 2 2 2 2 2 2 2 2 2 2 2 2 2 2 2 2 2 2 2 2 2 2 2 2 2 2 2 2 2 2 2 2 2 2 2 2 2 2 2 2 2 2 2 2 2 2 2 2 2 2 2 2 2 2 2
left_child=1 7 3 17 9 19 15 -1 21 11 13 -4 37 -8 56 16 27 26 -18 43 34 42 -22 25 -10 -17 -2 28 -3 30 -26 -19 46 54 57 51 39 38 -6 -37 -16 53 55 44 -5 -39 -25 -43 49 -13 -51 52 -12 -42 -34 -9 -7 -21 59 -59 -60 -57
right_child=2 6 4 5 12 14 10 8 24 -11 35 48 -14 -15 40 23 18 31 -20 20 22 -23 -24 32 29 -27 -28 -29 -30 -31 -32 -33 33 -35 -36 36 -38 45 -40 -41 41 47 -44 -45 -46 -47 -48 -49 -50 50 -52 -53 -54 -55 -56 61 -58 58 60 -61 -62 -63
leaf_value=-0.011697060984409785 0.00012086514461795871 -0.0037085139469596085 0.0067705926008014838 0.0010380074641902581 0.0011015572253050632 0.0035926534829357681 -0.0005968800224161663 -0.0027063418783154257 0.00015024635203113144 0.016192055029802824 7.0389168323972131e-05 0.0033987929907695414 0.018926054338804583 0.0018869230658767134 0.00070226999056053783 -0.0048284070681639778 0.0016762647596666458 7.4806421369739694e-05 -0.00067694565340761239 0.00021148445538268667 -0.00066214697291735016 0.00066892241415104079 0.00090929352160282304 -0.0011662799395363965 0.00089196089005936228 -3.7018012627232366e-07 0.0060319415633133654 -0.00033440496532129323 0.00023269406238156875 -0.0048977207400111664 -0.0050834503313765284 -0.0030235914333921875 -0.0015783449868980082 -0.00060596319112125483 0.00041729795976596761 -0.0010061222602767916 -0.0016739988226288816 -0.00055446402573682712 -0.0015815213238667347 0.00045448133906707429 0.0033249465284570599 -0.00091774806486457196 0.00052865492471121823 0.0044770078803798618 -0.00081709783920798525 0.0031445788159781872 0.00025329720418526769 0.00036908112883356377 0.003399159394115365 0.0092803609726049164 -0.0019222504792037664 -0.00092248049485645469 -0.00076827246828442325 0.00030022323618052128 -0.0023305736994842486 0.0016254179714801874 0.00092968782997269626 0.003168551390173171 0.0014012675039113808 0.0012551520710056962 -0.001124279276705371 -0.001948372158499736
leaf_weight=2223 1492 194 928 822 194 114 146 281 56 2273 696 134 243 298 742 51 129 91 91 56 76 120 377 65 59 236 72 214 46 2401 162 186 725 140 111 329 702 68 109 89 60 311 92 65 86 168 47 203 813 50 90 311 148 133 1114 41 189 1685 291 413 40 122
leaf_count=2223 1492 194 928 822 194 114 146 281 56 2273 696 134 243 298 742 51 129 91 91 56 76 120 377 65 59 236 72 214 46 2401 162 186 725 140 111 329 702 68 109 89 60 311 92 65 86 168 47 203 813 50 90 311 148 133 1114 41 189 1685 291 413 40 122
internal_value=-6.43375e-05 -0.00800777 0.0070294 0.00466584 0.0105778 0.00599481 -0.00468555 -0.0114565 -0.00973313 0.0115831 -0.00248713 0.00924851 0.00505747 0.00350562 0.00268682 -0.00664265 -0.00271111 0.000496743 0.0038009 0.00743475 0.00836557 -0.00383562 0.00340308 -0.00775536 -0.0111758 -0.00255208 0.00159105 -0.00586813 -0.00983402 -0.0114373 -0.00574324 -0.00566547 -0.00846797 -0.00891667 0.00922988 -0.00365773 -0.00548617 0.00202778 -0.00123355 -0.00114558 0.00141724 -0.000868644 -0.00575419 0.00451232 0.00379538 0.00620253 -0.000530973 -0.00285437 0.00657629 0.00250909 -0.00212766 -0.00188149 -0.000532544 0.00440722 -0.00948098 -0.00741573 0.00873355 0.00958769 0.00980864 0.0104192 0.00591867 -0.00283537
internal_weight=24013 11328 12685 7615 5070 5774 5771 5557 3334 4288 2719 2015 782 444 1752 3052 674 1841 220 4022 3049 656 453 2378 2678 287 1564 454 240 2622 221 277 2091 1979 2596 2275 1120 539 303 418 1449 707 536 973 908 236 112 514 1087 274 140 1155 844 193 1839 444 303 2485 2429 2098 331 163
internal_count=24013 11328 12685 7615 5070 5774 5771 5557 3334 4288 2719 2015 782 444 1752 3052 674 1841 220 4022 3049 656 453 2378 2678 287 1564 454 240 2622 221 277 2091 1979 2596 2275 1120 539 303 418 1449 707 536 973 908 236 112 514 1087 274 140 1155 844 193 1839 444 303 2485 2429 2098 331 163
is_linear=0
shrinkage=0.03


Tree=33
num_leaves=63
num_cat=0
split_feature=9 9 11 9 7 9 20 1 15 12 20 1 1 11 9 26 8 27 18 4 22 1 22 1 21 16 7 10 16 1 12 17 1 7 7 10 11 21 21 27 17 12 22 11 27 17 16 8 22 20 27 17 16 12 17 22 22 22 18 16 15 16
split_gain=1484.83 147.327 115.789 46.211 31.9816 31.2227 29.0333 27.3023 24.1296 22.4425 21.8997 27.3612 19.7983 13.8273 12.2169 11.7754 13.2698 12.0104 11.2127 11.1018 12.1552 11.2704 10.8487 10.1869 12.1125 10.1361 9.97746 10.4061 11.3715 9.9076 9.69931 9.66673 9.58666 9.23841 9.14224 8.98999 8.6513 8.5684 8.54155 8.04894 7.89131 7.31141 7.30938 7.28738 7.26941 7.16415 8.76245 7.15497 6.74645 6.61981 6.56438 11.0164 9.60511 6.50407 9.19815 6.45976 9.69923 6.37918 7.61219 7.41438 6.33976 13.6522
threshold=2998.1850000000004 2130.6850000000004 4524.7200000000012 3210.7750000000001 0.90162119223771331 2701.3800000000006 10265.000000000002 5.5000000000000009 4941.5795833333341 4846.8070758928579 -31667.099999999995 1.0000000180025095e-35 5.5000000000000009 4147.6250000000009 3500.2050000000004 6.5950000000000015 0.97648852793709995 0.58000000000000018 12806.85 1.0000000180025095e-35 5413.0128856646834 5.5000000000000009 5748.263710317462 1.0000000180025095e-35 2740.5266666666671 5012.3750000000009 -0.099819732675876835 3999.1100000000001 4999.7350000000015 4.5000000000000009 2821.211123511905 189.37000000000003 5.5000000000000009 -0.79384350655589164 -0.99866806308218525 5500.7050000000008 1900.0100000000002 3065.9666666666672 5769.5216666666665 0.70500000000000018 1754.4350000000002 4480.5570535714296 3488.4098201884922 2429.0600000000009 0.27000000000000141 1551.0300000000002 5757.4650000000011 0.31595530242620651 5998.3875483630954 -18290.699999999997 0.25999999999999984 1235.4450000000004 9854.590000000002 3076.0647023809529 1372.3450000000003 5665.7643849206352 4976.5494370039696 3149.4029154265877 9346.4500000000025 6650.6950000000006 2368.5494791666674 5425.5850000000009
decision_type=2 2 2 2 2 2 2 2 2 2 2 2 2 2 2 2 2 2 2 2 2 2 2 2 2 2 2 2 2 2 2 2 2 2 2 2 2 2 2 2 2 2 2 2 2 2 2 2 2 2 2 2 2 2 2 2 2 2 2 2 2 2
left_child=1 10 3 29 7 12 9 8 26 19 -1 18 15 32 -6 16 17 -3 36 21 47 35 53 24 -17 -13 27 28 -5 41 -14 -26 48 -19 -30 -4 -12 -34 -10 -36 -24 -2 43 -18 -16 46 -11 -21 49 -7 51 -28 -53 54 -9 56 57 -25 -59 -60 -51 -62
right_child=2 5 6 4 14 13 -8 22 38 45 11 25 30 -15 44 23 42 33 -20 20 -22 -23 40 55 31 -27 50 -29 34 -31 -32 -33 37 -35 39 -37 -38 -39 -40 -41 -42 -43 -44 -45 -46 -47 -48 -49 -50 60 -52 52 -54 -55 -56 -57 -58 58 59 -61 61 -63
leaf_value=-0.011456814713209021 0.00030352038693078672 -0.0019678795608003828 0.0035872061875143134 -0.0012433599304728293 0.00066031757024536113 -0.0022595783712214602 0.015706293378908727 -0.00065117079073033317 -0.0013176094413181792 0.00143322950338721 0.00017430695420252995 -0.00067488525150360078 -0.00022847057558055716 0.0019717812531698264 0.0056919286118868049 -0.0016377441017922621 -0.00030027862670141127 0.002774541390582419 0.00066423658226988814 0.011479801959569986 -0.0060970749284657262 0.00025940721142667653 0.003840926325278513 -0.0032040742095113561 -0.002923265277967344 -0.0051085783626027004 -0.002081595752755998 0.0027448145384884356 -0.0028055082159225099 -0.00028984805782535263 -0.0057515537405257782 0.00095670006697966769 -0.00016931838822313415 -0.0016286038403237101 0.0014995756772167644 0.016351030196647399 -0.0026008998862984845 -0.0050527269701827479 0.00033754874180766945 -0.00012060262269999455 0.00017047408054188473 -0.00091232197883272192 -0.0011546253613909574 0.00086490904804002787 0.00092382790275083329 0.0017246348961517555 -0.00048395997440750624 -0.0019849827918639383 -0.00081705138289209776 -0.0025846120091093461 0.001101018210546103 0.0037301924373177894 0.00063522132842900095 -0.00032245690717042308 0.003520241763169256 -6.6374197067391443e-05 -0.0034731876748321519 0.00042068646362937386 -0.0024792326836827082 -0.00090691946761049629 0.0017285670005283114 -0.00014008832705492136
leaf_weight=2306 1134 1170 1584 44 133 128 1514 59 119 80 127 86 86 109 951 90 73 42 103 80 45 115 89 73 53 2170 65 792 46 521 475 205 141 40 1308 1083 350 167 62 106 84 100 75 91 109 192 184 45 72 81 394 101 717 714 100 211 423 150 71 752 110 1398
leaf_count=2306 1134 1170 1584 44 133 128 1514 59 119 80 127 86 86 109 951 90 73 42 103 80 45 115 89 73 53 2170 65 792 46 521 475 205 141 40 1308 1083 350 167 62 106 84 100 75 91 109 192 184 45 72 81 394 101 717 714 100 211 423 150 71 752 110 1398
internal_value=-0.000170546 -0.0080112 0.00690159 0.00461479 0.00586837 -0.00492922 0.0104997 0.00477401 0.00596804 0.00895864 -0.0117772 -0.0100035 -0.0064837 -0.00205256 0.0102638 -0.00564631 -0.00767091 -0.00890662 -0.00418244 0.00991534 0.00245614 0.0103701 0.000487106 -0.00415476 0.000515759 -0.0114976 0.00650951 0.00769264 0.00621927 0.000333144 -0.0117171 0.00382239 -0.00259533 0.00216867 0.00667351 0.0107665 -0.00611925 -0.00747573 -0.0046978 0.00710247 0.00732759 0.00179757 -0.0011875 0.00236364 0.0113384 0.00275711 -0.00045283 0.0072619 -0.0017514 -0.00137078 0.00437793 0.00293552 0.00388278 -0.000875286 0.00459375 -0.00512195 -0.00582653 -0.00426934 -0.0036191 -0.00475121 -0.000839623 -0.000397614
internal_weight=24098 11428 12670 7748 5993 6286 4922 4800 3754 3408 5142 2836 4080 2206 1193 3519 1491 1252 580 2952 170 2782 1046 2028 348 2256 3573 2296 1504 1755 561 258 2097 82 1460 2667 477 308 181 1414 173 1234 239 164 1060 456 264 125 1789 1717 1277 883 818 873 159 1680 1469 1046 973 823 1589 1508
internal_count=24098 11428 12670 7748 5993 6286 4922 4800 3754 3408 5142 2836 4080 2206 1193 3519 1491 1252 580 2952 170 2782 1046 2028 348 2256 3573 2296 1504 1755 561 258 2097 82 1460 2667 477 308 181 1414 173 1234 239 164 1060 456 264 125 1789 1717 1277 883 818 873 159 1680 1469 1046 973 823 1589 1508
is_linear=0
shrinkage=0.03


Tree=34
num_leaves=63
num_cat=0
split_feature=20 10 9 1 9 20 17 12 10 15 20 1 0 1 8 15 25 26 1 10 1 25 17 8 1 0 26 25 0 9 24 26 26 22 25 25 18 15 1 1 25 26 12 11 13 27 15 8 11 26 26 27 0 8 27 12 12 9 18 11 12 12
split_gain=1393.48 135.276 123.4 53.8221 45.9708 36.4001 27.6022 24.2914 23.6969 23.386 18.4839 17.3619 17.058 15.0978 17.4316 15.6806 14.4202 14.249 14.8331 13.6526 12.9577 12.8199 12.4804 12.632 10.5889 13.8368 12.7599 10.59 10.4506 10.2864 10.5801 10.1539 9.18415 9.17188 8.75023 8.67479 8.96603 8.60593 8.5179 8.35601 10.5583 13.785 10.6545 10.656 10.5074 10.933 8.28235 8.19773 9.25588 7.78361 7.74186 7.67348 7.62164 7.41861 7.33052 14.1967 7.14608 8.4941 7.01458 6.96532 7.11342 6.91291
threshold=-11109.649999999998 3849.2450000000003 2130.6850000000004 5.5000000000000009 3210.7750000000001 10265.000000000002 1103.6650000000002 4495.5636309523825 1637.7 4289.4120833333336 -15561.4 1.0000000180025095e-35 34.500000000000007 5.5000000000000009 0.50370931781787065 3264.0282812500004 18.000000000000004 9.7650000000000023 5.5000000000000009 1950.5500000000002 3.5000000000000004 18.725000000000005 2449.7550000000006 -0.91680451578459654 5.5000000000000009 28.500000000000004 11.325000000000001 20.580000000000002 11.500000000000002 2701.3800000000006 2.1500000000000008 7.9650000000000007 10.460000000000003 3183.1553236607151 19.140000000000004 14.795000000000002 9090.0500000000011 4654.4280208333339 1.0000000180025095e-35 4.5000000000000009 17.275000000000002 7.8050000000000006 4495.5636309523825 2435.1400000000003 9100.3900000000012 -0.54999999999999882 4581.5721875000008 -0.9629068873952128 1890.1750000000004 7.8050000000000006 7.370000000000001 -0.53999999999999992 22.500000000000004 0.99981043035926087 -0.24500000000000097 4148.4231250000012 3474.0875000000005 5377.5500000000011 12380.550000000001 2210.1400000000008 3748.4208556547624 3595.582901785715
decision_type=2 2 2 2 2 2 2 2 2 2 2 2 2 2 2 2 2 2 2 2 2 2 2 2 2 2 2 2 2 2 2 2 2 2 2 2 2 2 2 2 2 2 2 2 2 2 2 2 2 2 2 2 2 2 2 2 2 2 2 2 2 2
left_child=2 4 8 5 24 7 13 20 -1 12 39 19 31 14 29 -16 37 18 21 -10 -3 61 23 -9 26 -26 27 51 -20 30 35 -5 33 -19 -25 36 -4 -11 52 40 -8 -42 43 -43 -41 -46 -23 48 -13 53 -31 -2 -12 -40 -53 -56 57 -14 -21 -49 -61 -6
right_child=1 3 6 9 17 -7 10 22 11 16 38 47 56 -15 15 -17 -18 32 28 58 -22 46 -24 34 25 -27 -28 -29 -30 50 -32 -33 -34 -35 -36 -37 -38 -39 49 44 41 42 -44 -45 45 -47 -48 59 -50 -51 -52 54 -54 -55 55 -57 -58 -59 -60 60 -62 -63
leaf_value=-0.012572220066155486 -0.00030816692805355926 0.0076684430349671737 0.0010581375418302218 -0.00033943157692045033 0.0014527824042802706 0.015235104577541474 -0.0045167547669615529 0.0029287423727029347 -0.0038386399362247614 0.002398539130549313 -0.00044350092325434076 -0.0042294802577104076 -0.00063163566700842112 -0.0052486281838199028 0.0011944687126514662 -0.0011263251795411832 0.0048316010728461298 0.00077454107642370039 0.0026243887405908418 -0.0016321636331086031 0.0021320515354947564 0.0026699970012879601 -0.001575364231564622 0.00026152753149771612 0.00024152938045741035 -0.0038210403079974717 -0.0034676892678218163 -0.00070984985703736569 -0.00026272661277697116 0.0013018503961150429 -0.00011846394772847546 0.0018232595211452461 0.0012114532736678463 -0.0012031755480151319 0.0052332664847273141 -0.002987104886059808 -0.0033225283733039298 -0.00063864704800389307 -0.0010172697832274125 0.00035210629686706959 -0.0015190893984166553 -0.00084143286017356544 -0.00400823528471399 0.00025095962103086398 0.00011523812904542296 -0.0033442614891733588 0.0013203375395356698 -0.0056760199515109777 0.0012963286819595598 -0.00017607954445873373 -0.00011168891202284924 0.00074482232727797633 0.00084074860425052298 0.00022178768547621351 0.0003194675153828985 -0.00082949542408993437 -0.0011967384611716802 0.0033009697772429722 0.00065610687548076638 -0.0019734600891060427 -0.006396510869541472 0.00075668482397395209
leaf_weight=2246 327 2574 50 88 657 1484 311 200 264 64 42 116 111 121 324 64 354 104 49 366 1274 494 66 497 118 200 71 57 294 75 265 145 326 202 100 246 41 110 870 56 965 213 60 283 57 705 198 1320 54 592 293 337 106 45 1036 170 267 85 94 288 278 1161
leaf_count=2246 327 2574 50 88 657 1484 311 200 264 64 42 116 111 121 324 64 354 104 49 366 1274 494 66 497 118 200 71 57 294 75 265 145 326 202 100 246 41 110 870 56 965 213 60 283 57 705 198 1320 54 592 293 337 106 45 1036 170 267 85 94 288 278 1161
internal_value=-0.00010861 0.00642387 -0.00809731 0.00910714 0.00299121 0.0102429 -0.00510804 0.00894843 -0.0115357 0.0033551 -0.00632257 -0.00967638 -0.00025825 -0.00157095 -0.000662252 0.00470437 0.00810964 0.00516781 0.00607043 -0.00566897 0.00996882 0.00686977 0.00439236 0.00543233 -0.000284851 -0.0053605 0.000525263 0.000988071 0.000218023 -0.00281153 -0.00522388 0.00634615 0.00109005 -0.00263844 0.00323579 -0.0087426 -0.000815217 0.00102857 -0.00383152 -0.00787627 -0.00674304 -0.00570631 -0.00193896 -0.000482897 -0.0104029 -0.0113237 0.0103463 -0.0110841 -0.00473684 -0.00450597 0.00113821 0.00137894 0.00302013 -0.00623908 0.0022636 0.00116819 -0.00358836 0.000761421 -0.00253796 -0.0116534 -0.00883598 0.00554151
internal_weight=24030 13220 10810 7419 5801 6195 5784 4711 5026 1224 4305 2780 696 1479 1358 388 528 3485 2853 724 3848 2510 863 797 2316 318 1998 1927 343 970 602 233 632 306 597 337 91 174 1655 2650 1832 1521 556 496 818 762 692 2056 170 1507 368 1870 148 915 1543 1206 463 196 460 1886 566 1818
internal_count=24030 13220 10810 7419 5801 6195 5784 4711 5026 1224 4305 2780 696 1479 1358 388 528 3485 2853 724 3848 2510 863 797 2316 318 1998 1927 343 970 602 233 632 306 597 337 91 174 1655 2650 1832 1521 556 496 818 762 692 2056 170 1507 368 1870 148 915 1543 1206 463 196 460 1886 566 1818
is_linear=0
shrinkage=0.03


Tree=35
num_leaves=63
num_cat=0
split_feature=9 9 11 9 1 10 14 9 1 26 1 1 25 0 11 7 6 22 11 5 17 7 9 17 14 10 14 14 12 25 16 0 16 25 14 14 1 0 26 14 7 7 22 23 17 25 12 27 26 12 26 10 11 1 5 0 10 12 27 27 7 16
split_gain=1354.14 129.106 118.536 69.1387 38.3476 25.7267 23.6926 22.3169 19.3937 17.0434 16.4801 16.3435 15.2666 16.2629 15.0407 15.0156 13.8319 13.5862 13.3754 13.3522 13.3329 12.9287 14.2735 12.8937 12.2597 11.8058 11.1592 10.8163 9.61179 9.5303 9.28581 12.9845 10.412 11.1636 8.81457 8.80688 10.9647 8.59935 8.52544 10.6595 8.49771 8.07331 8.40411 8.00042 7.6713 7.03817 15.4882 6.79758 6.73734 7.67695 7.28542 6.93055 6.54879 6.46121 8.84733 8.56021 6.41843 6.62659 7.40442 7.44896 7.06711 6.29677
threshold=2942.8100000000004 9499.0850000000009 2249.8900000000003 3311.0500000000006 4.5000000000000009 1546.075 2191.8971039783178 2510.1150000000002 5.5000000000000009 9.8150000000000031 5.5000000000000009 5.5000000000000009 18.880000000000006 25.500000000000004 4147.6250000000009 0.90892735371523092 -0.097964660725097366 5772.6085230654771 3816.1950000000002 -0.70710678118654735 300.94000000000005 -0.54939360607974019 2340.4950000000003 99.415000000000006 2108.3438899853522 3976.6400000000008 2349.8124525938206 2270.5528456707357 2821.211123511905 18.750000000000004 5515.1000000000013 27.500000000000004 5911.5550000000012 19.605 2365.7884885307753 977.51646161423821 4.5000000000000009 31.500000000000004 5.1750000000000016 1728.6384564116754 0.9193901325473397 -0.44504625642270151 3115.0623759920641 25.793750000000006 1447.825 17.905000000000005 6276.1249627976194 -0.04500000000000081 11.265000000000002 4480.5570535714296 7.7150000000000007 3000.5550000000007 3000.0350000000003 5.5000000000000009 -0.77259657388510594 21.500000000000004 3569.1500000000001 4846.8070758928579 0.040000000000000931 0.094999999999998877 0.90162119223771331 4396.0600000000004
decision_type=2 2 2 2 2 2 2 2 2 2 2 2 2 2 2 2 2 2 2 2 2 2 2 2 2 2 2 2 2 2 2 2 2 2 2 2 2 2 2 2 2 2 2 2 2 2 2 2 2 2 2 2 2 2 2 2 2 2 2 2 2 2
left_child=2 3 5 10 6 -1 40 19 -3 30 25 21 17 52 26 34 -12 28 -15 23 -11 22 -7 -4 -25 48 29 -22 -6 -9 31 -8 -32 56 -10 -21 38 -13 -37 -40 -5 42 -23 -28 -29 -43 -47 -36 49 51 -51 -2 -14 55 -55 -30 -34 58 -58 -60 -59 -53
right_child=1 8 7 4 12 11 9 14 15 20 16 37 13 18 -16 -17 -18 -19 -20 35 27 41 -24 24 -26 -27 43 44 53 -31 32 -33 33 -35 47 36 -38 -39 39 -41 -42 45 -44 -45 -46 46 -48 -49 -50 50 -52 61 -54 54 -56 -57 57 60 59 -61 -62 -63
leaf_value=-0.014346192697901347 2.4982188200555199e-05 0.014778051440215219 0.0036117171644063895 0.0022751866558878751 0.0027405109800978256 -0.0037707893403237411 0.00040395995603996758 -0.00058742075128828566 0.0032518954366209129 0.0070661614801699633 -0.0035091666610430395 -0.000969154857421266 -8.3074025936165079e-05 -0.00046424180164151175 0.0015072128448844779 0.019430732470977288 2.4114155293641915e-05 0.0039744367490505269 0.0024306404197762888 0.0012867867969526348 -0.0050782780526657583 -0.0012076165418085072 -0.0010582039625620431 0.00055357816653131661 -0.0025042365425052269 0.0047761188827865021 -0.0017783430993515202 -0.00079188255205552948 -0.00044361644754327574 0.00012811355028489403 -0.00074960021182016937 0.0097768640822050567 0.00079301624673435713 -0.0010828281619296475 0.00028017000491656672 -0.0039622400626601537 -0.0026548634987504502 -0.010220709126207827 3.9021027168875119e-05 -0.0018666110708387906 0.0055553212453222575 -0.0048801845906534247 0.00040044572198123958 -0.00080240858749400343 0.0012653189571243928 -0.0020421353554820774 0.0013177045351449124 -0.0043717291667901394 -0.00095760650522294535 9.5488277789943505e-05 -0.0015516982739070117 -0.00074582316886678151 0.0029040575593331395 -0.0014401942355119956 8.3728787814560938e-05 0.0008603902902924698 0.0026360836107009789 -0.00066423410020528091 -0.00056442485320540748 0.0013805438023562467 0.0013895433526893086 0.00055812001325611143
leaf_weight=1960 887 2346 51 1727 116 1064 132 1256 128 87 187 79 42 216 122 155 217 68 151 45 81 72 211 170 362 116 305 139 126 436 67 340 623 84 130 171 434 683 181 1572 542 151 164 373 145 1061 44 41 124 127 78 41 318 229 442 554 777 77 68 307 146 997
leaf_count=1960 887 2346 51 1727 116 1064 132 1256 128 87 187 79 42 216 122 155 217 68 151 45 81 72 211 170 362 116 305 139 126 436 67 340 623 84 130 171 434 683 181 1572 542 151 164 373 145 1061 44 41 124 127 78 41 318 229 442 554 777 77 68 307 146 997
internal_value=-0.000104986 0.00637605 -0.00789251 0.00483284 0.00631164 -0.0110082 0.00769792 -0.00476912 0.0120921 0.00597755 0.000778378 -0.00947167 0.00303579 0.00661401 -0.00267148 0.0063956 -0.00481481 0.00133789 0.00216033 -0.00651825 0.000596026 -0.00839415 -0.0106152 -0.00244007 -0.00382739 0.00173345 -0.00320118 -0.00192623 0.000725477 -0.00189604 0.00690503 0.0107188 0.00606279 0.00643783 0.00245 -0.00750624 -0.00775752 -0.0133683 -0.00677922 -0.0061488 0.0100242 -0.00649029 -0.00139241 -0.00645066 0.000842105 -0.0074463 -0.00660488 -0.00200581 0.00125055 0.00164711 -0.00385922 0.0022352 0.0111357 1.10947e-05 -0.00207589 0.00207048 0.00688844 0.00803416 0.00895056 0.00546543 0.00328125 0.00389798
internal_weight=24145 13178 10967 10378 7604 5489 5342 5478 2800 3073 2774 3529 2262 727 2492 454 404 1535 367 2986 452 2767 1275 583 532 2370 2370 365 1467 1692 2621 472 2149 2082 299 2403 2358 762 1924 1753 2269 1492 236 678 284 1256 1105 171 2254 2130 205 1925 360 1351 671 680 1998 1375 1152 375 223 1038
internal_count=24145 13178 10967 10378 7604 5489 5342 5478 2800 3073 2774 3529 2262 727 2492 454 404 1535 367 2986 452 2767 1275 583 532 2370 2370 365 1467 1692 2621 472 2149 2082 299 2403 2358 762 1924 1753 2269 1492 236 678 284 1256 1105 171 2254 2130 205 1925 360 1351 671 680 1998 1375 1152 375 223 1038
is_linear=0
shrinkage=0.03


Tree=36
num_leaves=63
num_cat=0
split_feature=9 9 20 9 1 20 1 9 12 0 10 18 1 1 27 1 0 26 26 12 0 25 15 26 26 27 15 26 15 1 15 12 10 10 26 22 26 27 0 25 22 16 15 5 10 22 14 15 12 23 14 15 25 25 26 25 0 12 26 19 17 25
split_gain=1274.57 135.024 109.238 49.7207 35.9784 33.2608 33.7723 27.9752 24.5579 22.1068 17.8499 17.8037 14.7444 13.5729 12.9252 12.493 11.3524 11.2971 15.1649 11.2633 10.7648 10.4249 10.0513 9.96975 11.3955 9.87831 10.7143 11.2333 9.75354 11.7086 9.71814 9.67191 9.14886 8.59732 8.52654 8.77191 8.61888 8.41556 8.35127 7.6721 7.66993 7.4911 7.4796 7.52114 7.46125 7.68966 7.39376 9.32023 11.0347 7.1508 7.14694 8.80858 9.869 8.35297 8.96186 7.35419 6.99628 6.9863 6.8732 7.49115 6.78047 8.67455
threshold=3000.5550000000007 2213.2600000000007 8728.4500000000025 3311.0500000000006 5.5000000000000009 -31269.999999999996 1.0000000180025095e-35 2725.3300000000004 3800.1476562500006 22.500000000000004 9499.0450000000019 11338.750000000002 5.5000000000000009 3.5000000000000004 -0.60000000000000042 5.5000000000000009 27.500000000000004 4.9600000000000009 5.1300000000000008 3331.5305208333339 30.500000000000004 18.075000000000003 3309.3371875000007 6.5950000000000015 5.7800000000000002 0.46999999999999981 4900.826822916667 11.290000000000001 3638.4790104166673 5.5000000000000009 3264.0282812500004 3714.0136160714292 2395.1250000000005 3359.2900000000004 9.7650000000000023 3452.5523239087311 10.925000000000002 0.13999999999999882 65.500000000000014 19.480000000000004 3211.9180307539687 4579.3100000000004 2412.4126562500001 0.95642797789208711 3695.23 6060.5429885912708 2239.126747018247 2780.7072395833338 4480.5570535714296 13.006250000000003 2017.7721313828099 4289.4120833333336 17.595000000000002 19.125000000000004 6.4900000000000011 16.810000000000006 15.500000000000002 5799.2362351190486 6.8450000000000015 33945.650000000001 1392.0700000000004 18.395000000000003
decision_type=2 2 2 2 2 2 2 2 2 2 2 2 2 2 2 2 2 2 2 2 2 2 2 2 2 2 2 2 2 2 2 2 2 2 2 2 2 2 2 2 2 2 2 2 2 2 2 2 2 2 2 2 2 2 2 2 2 2 2 2 2 2
left_child=1 5 3 13 8 -1 16 12 14 11 34 -6 17 33 19 -4 -7 -3 -19 -5 32 -17 -8 24 37 26 27 -16 44 -30 60 -28 -14 -2 35 -10 -36 49 42 -24 -29 -37 -25 -44 45 -9 -18 -48 -49 -20 53 52 55 54 -11 -52 -15 -12 -41 -60 -27 -62
right_child=2 7 15 4 9 6 22 28 10 50 57 -13 20 56 25 21 46 18 23 -21 -22 -23 39 38 -26 30 31 40 29 -31 -32 -33 -34 -35 36 41 -38 -39 -40 58 -42 -43 43 -45 -46 -47 47 48 -50 -51 51 -53 -54 -55 -56 -57 -58 -59 59 -61 61 -63
leaf_value=-0.010190400524529285 0.00021043997179567953 -0.0030818293564328636 0.014334709897008757 -0.0069883544933307994 -0.00017811994198764223 -0.0030122612491282918 -0.0025837791371476548 1.0086213205866556e-05 0.0017825684940789887 0.0027964322267182949 0.015327714626788981 0.002425122392531902 0.00026987393868235896 0.00048070706737744827 0.0033096645211135645 1.6262293847386644e-05 0.00062481463362318301 0.0006995172085588041 -0.00072339256655549631 0.0015781726173810017 -0.0076499818177187956 0.018847810496847951 -0.005175606533894545 -0.0027845682909138202 -0.0019443011200446581 0.0053324508908480167 0.01048792479205396 -0.0010255551235633575 -0.00032127957361540279 -0.0041456593904108099 -0.00035883090769901922 -0.0015352209030752562 -0.001571868946674768 0.0018574136189461487 -0.00015258957677160011 0.0034422022176625153 0.0038481362388769289 -0.001107436827753787 0.00022037409355586844 -0.0041735495481573532 0.0042247317133428377 0.00081305402035903641 -0.0010970056043584097 0.0012414056691607733 0.0020786982977679534 -0.00071147734494627192 -0.0025983132350339442 0.0011946428768816375 -0.0025419092135574493 0.00039000603557776792 -0.00056008036894186655 0.000471485100131126 -0.0015218270118612586 0.0033889248068232811 -0.00068574163698237095 0.0013414241229867496 -0.00035596905490587361 0.00031582990528487896 -0.0051475161108194807 0.0013775591838929113 -6.1293890016003155e-05 0.0045839625817469982
leaf_weight=2373 895 160 1919 48 105 63 789 1113 238 78 490 196 74 137 2666 125 227 105 115 82 289 186 1642 110 560 162 57 45 954 135 95 44 132 342 419 78 47 247 257 87 84 2033 1399 45 101 50 190 67 87 149 119 217 199 98 108 90 757 55 43 42 132 45
leaf_count=2373 895 160 1919 48 105 63 789 1113 238 78 490 196 74 137 2666 125 227 105 115 82 289 186 1642 110 560 162 57 45 954 135 95 44 132 342 419 78 47 247 257 87 84 2033 1399 45 101 50 190 67 87 149 119 217 199 98 108 90 757 55 43 42 132 45
internal_value=-2.25028e-05 -0.00716655 0.00666842 0.00534786 0.00642884 -0.0105115 -0.00852841 -0.00403519 0.00727459 0.00165979 0.00544481 0.00869205 -0.00568213 0.00127345 0.00904941 0.0126804 -0.00231496 -0.00492217 -0.00450301 -0.000229008 -0.010494 0.00706731 -0.0100403 -0.00491155 -0.00720616 0.00941159 0.0100449 0.0103916 -0.00148471 -0.00356422 0.00517241 0.000441176 -0.00521739 0.00330775 0.00447976 0.00521489 0.000770878 -0.00395508 -0.00355132 -0.0112727 0.00173077 0.00459517 -0.00437942 -0.00379931 0.0003083 -0.000373711 -0.00097028 -0.00373913 0.00174194 -0.000226415 -0.000675824 -0.00246805 -0.00506112 0.00326316 -0.000481283 -0.0005 -0.0015419 0.0104121 -0.00520231 0.000872093 0.00754412 0.00345506
internal_weight=23996 11605 12391 10161 8030 5610 3237 5995 6820 1210 3360 301 3642 2131 3460 2230 634 3147 2987 130 495 311 2603 2882 1071 3330 2896 2795 2353 1089 434 101 206 1237 2815 2349 466 511 1811 1814 129 2111 1554 1444 1264 1163 571 344 154 264 909 625 408 284 186 209 894 545 172 85 339 177
internal_count=23996 11605 12391 10161 8030 5610 3237 5995 6820 1210 3360 301 3642 2131 3460 2230 634 3147 2987 130 495 311 2603 2882 1071 3330 2896 2795 2353 1089 434 101 206 1237 2815 2349 466 511 1811 1814 129 2111 1554 1444 1264 1163 571 344 154 264 909 625 408 284 186 209 894 545 172 85 339 177
is_linear=0
shrinkage=0.03


Tree=37
num_leaves=63
num_cat=0
split_feature=20 10 11 1 20 20 20 10 1 14 0 22 20 0 26 14 7 0 11 1 1 14 7 1 14 14 7 19 26 6 14 8 0 19 25 5 8 6 14 8 26 8 6 14 1 7 27 1 0 8 21 17 23 27 1 14 17 7 21 21 27 10
split_gain=1224.88 133.832 115.741 50.0972 38.0082 33.8529 32.2738 23.9803 21.8771 20.5971 19.6777 21.0528 19.009 18.3364 17.3984 15.6463 28.2769 15.4806 15.3248 14.611 14.4237 13.5969 12.7908 12.7548 12.4045 11.2604 10.6162 10.6077 10.3938 9.99399 9.98404 9.79161 9.21608 9.68791 9.18283 8.9471 9.01165 8.94058 8.71591 12.4842 8.3444 7.8943 7.64841 7.54779 11.0335 7.49701 7.95054 7.35422 18.7057 7.1168 6.88017 7.86523 7.41444 6.84602 6.6956 6.6819 6.44697 6.31279 6.2903 6.17817 6.84187 5.94083
threshold=-11109.649999999998 4147.7850000000008 2210.1400000000008 5.5000000000000009 -5486.7499999999991 10622.500000000002 -30840.649999999998 2729.3750000000005 1.0000000180025095e-35 2185.7439900918412 70.500000000000014 3695.1788020833342 16948.700000000004 33.500000000000007 9.5050000000000008 1347.9285317049103 -0.86976336936302323 34.500000000000007 3010.8250000000003 5.5000000000000009 4.5000000000000009 2652.7966750596747 -0.28519255817492867 5.5000000000000009 2270.5528456707357 2898.1443924175478 -0.98214942551678475 31754.350000000002 11.325000000000001 0.77259657388510627 2188.5556100918634 0.93469109537144635 29.500000000000004 15121.250000000002 14.745000000000003 -0.55557023301960229 0.93769647993491489 0.47114434510950071 2349.8124525938206 0.04621408538533487 7.245000000000001 -0.12545862287572049 -0.29012925520284105 2851.0080670731609 4.5000000000000009 -0.99866806308218525 -0.73499999999999932 1.0000000180025095e-35 22.500000000000004 -0.9530600044691927 2538.3450000000007 425.72500000000008 29.168750000000006 0.8249999999999994 4.5000000000000009 2153.767547160935 1900.7000000000003 -0.20180236284700911 4194.128333333334 1951.5783333333336 0.73500000000000043 1999.4450000000004
decision_type=2 2 2 2 2 2 2 2 2 2 2 2 2 2 2 2 2 2 2 2 2 2 2 2 2 2 2 2 2 2 2 2 2 2 2 2 2 2 2 2 2 2 2 2 2 2 2 2 2 2 2 2 2 2 2 2 2 2 2 2 2 2
left_child=2 4 6 5 18 10 -1 15 13 32 11 -3 17 -8 23 16 -4 57 30 21 25 27 -13 -11 -16 34 -22 -10 45 -25 -2 -24 56 -34 -17 61 49 -38 39 -19 -15 -12 -21 44 -43 -20 -47 48 -9 -37 -26 -52 -53 59 -35 -50 -6 -5 -41 -49 -61 -36
right_child=1 3 7 12 9 -7 8 47 19 14 41 22 -14 40 24 20 -18 38 28 42 26 -23 31 29 50 -27 -28 -29 -30 -31 -32 -33 33 54 35 36 37 -39 -40 58 -42 43 -44 -45 -46 46 -48 53 55 -51 51 52 -54 -55 -56 -57 -58 -59 -60 60 -62 -63
leaf_value=-0.0099966830380113156 3.63946945905802e-05 0.0042423081799197425 -0.0044349996545851676 0.0001022555608144593 0.002541175153966737 0.013904668600098499 -0.0022152779636564011 -0.0011616012937569308 -0.0006195046203520693 0.00096410418310382434 0.015094165684178247 0.0013989398437065325 0.018282376181942527 0.0014859333161752408 -0.00333746524552585 0.00047778500578993911 0.00037523797329883199 0.0037235349272367554 -0.0023274962928495533 -0.011147072869890006 0.00045784527302203946 -0.0051479619423276451 -0.00054209600759406833 -0.00069370627640370493 0.0012113489058562532 -0.004401260513756995 -0.0026694557694553287 -0.002056596710278402 -0.0011187138032908717 0.0019545176199431058 -0.00093953068289872818 0.0038928235374976073 0.0030673172137731975 0.00098322603591800123 -0.0019538497096631023 0.00067203957873458893 0.00038066378480001718 -0.00081760273858273442 -0.00074297021334303716 -0.00069125275139567675 -0.00088913892719220565 0.0087644981470842431 -0.0022066213214965024 0.00041736739519529384 0.001211068554701402 -0.0012938049773889304 0.00068427591308735543 8.8236390890266133e-05 0.0013042590778175888 -0.0019933364249824989 0.0023249644330068263 -0.00093228061872258289 0.0012450650644584105 -0.0054188439165639537 -9.4733711577736908e-05 0.00011387533730504716 0.00047451665307396418 0.0020533657015926287 0.00143599829949685 -0.00064804577321274869 0.00033493679929925692 0.00013126358716394115
leaf_weight=2269 680 881 104 87 506 1381 97 135 401 1746 1009 256 115 136 96 52 340 72 50 599 46 708 349 202 42 221 611 939 74 58 516 114 357 584 158 46 165 356 282 143 90 841 92 152 189 61 1292 107 156 1180 63 217 72 52 214 284 142 227 80 1183 93 297
leaf_count=2269 680 881 104 87 506 1381 97 135 401 1746 1009 256 115 136 96 52 340 72 50 599 46 708 349 202 42 221 611 939 74 58 516 114 357 584 158 46 165 356 282 143 90 841 92 152 189 61 1292 107 156 1180 63 217 72 52 214 284 142 227 80 1183 93 297
internal_value=-6.41931e-05 0.0061022 -0.00749176 0.00931704 0.00325255 0.0105084 -0.0106536 -0.00447288 -0.00863859 0.00499884 0.00903877 0.00650219 0.00318769 -0.00125 0.00323188 -0.00594632 -0.000674157 0.00169843 0.000443156 -0.00950912 -0.00669327 -0.0082284 0.0026875 0.00446936 -0.00183299 -0.00564015 -0.0106459 -0.00644295 0.00248647 -0.00172414 -0.0020802 -0.000290948 0.0074418 0.00582612 -0.00500222 -0.00529732 -0.00627288 -0.00295977 -0.00121972 0.00238176 0.00343612 0.0108873 -0.0132876 0.00920541 0.0101261 0.00306624 0.00348966 -0.00184983 0.00101562 -0.00767726 0.000531646 -0.000849858 -0.00294828 -0.00299791 0.00397997 0.00401361 0.0103082 0.00704762 -0.00113839 -0.00259032 -0.0031715 -0.00154605
internal_weight=24067 13150 10917 6178 6972 5172 5331 5586 3062 4299 3791 1600 1006 323 2496 3576 444 891 2673 2739 3132 2048 719 2006 490 2475 657 1340 1477 260 1196 463 1803 1155 2254 2202 1747 521 577 295 226 2191 691 1182 1030 1403 1353 2010 575 1226 394 352 289 1435 798 440 648 314 223 1383 1276 455
internal_count=24067 13150 10917 6178 6972 5172 5331 5586 3062 4299 3791 1600 1006 323 2496 3576 444 891 2673 2739 3132 2048 719 2006 490 2475 657 1340 1477 260 1196 463 1803 1155 2254 2202 1747 521 577 295 226 2191 691 1182 1030 1403 1353 2010 575 1226 394 352 289 1435 798 440 648 314 223 1383 1276 455
is_linear=0
shrinkage=0.03


Tree=38
num_leaves=63
num_cat=0
split_feature=9 9 9 9 20 14 20 1 1 15 1 1 15 24 1 1 17 7 12 17 1 15 26 14 14 26 26 7 5 12 12 5 26 26 14 27 22 27 21 18 22 15 1 5 20 5 23 14 14 1 15 8 22 12 15 15 12 17 26 14 5 5
split_gain=1184.52 129.928 121.414 45.3481 31.9579 30.9187 24.3081 23.6885 23.4697 18.2094 17.0966 16.9206 15.0013 14.8673 14.496 14.215 14.5439 20.5835 14.0731 13.9355 13.0313 12.3588 12.1588 11.5268 11.2255 12.8527 11.0798 11.804 10.804 10.7703 10.7759 10.6434 10.5029 15.3718 10.3125 9.98247 9.26824 9.1946 9.02951 8.62932 8.61991 8.61305 8.44084 8.4166 8.38496 10.7316 8.35533 8.19124 8.16609 7.77228 7.727 7.30036 7.29145 7.27406 6.97412 6.95714 6.94396 6.90872 15.4285 7.19778 7.10893 6.88942
threshold=2998.1850000000004 1999.9550000000002 9999.9950000000008 3311.0500000000006 -15561.4 2191.8971039783178 -36096.349999999984 1.0000000180025095e-35 5.5000000000000009 5295.0756250000004 5.5000000000000009 1.0000000180025095e-35 2460.3588020833336 2.4000000000000008 4.5000000000000009 5.5000000000000009 1008.6950000000001 -0.50556189049999822 4495.5636309523825 189.37000000000003 4.5000000000000009 2368.5494791666674 9.8150000000000031 2696.8461174079316 2349.8124525938206 7.6900000000000004 6.5950000000000015 -0.16799356919963607 -0.35206144883412566 4392.1059523809536 4032.093712797619 -1.0000000180025095e-35 8.5900000000000016 7.6900000000000004 1947.7416763789918 0.35500000000000048 3632.3932502480166 0.16499999999999918 3135.4316666666673 11836.950000000003 5846.5585912698416 3095.3279166666671 2.5000000000000004 -0.72947329433276231 10622.500000000002 -1.0000000180025095e-35 17.506250000000005 2408.4354255950566 2737.7566934564697 4.5000000000000009 3870.2372916666668 0.99981043035926087 5307.2669915674614 3499.0834300595247 3264.0282812500004 4595.5490104166674 3056.8239136904763 499.42500000000001 9.5700000000000021 2276.465406832699 0.097964660725097366 -1.0000000180025095e-35
decision_type=2 2 2 2 2 2 2 2 2 2 2 2 2 2 2 2 2 2 2 2 2 2 2 2 2 2 2 2 2 2 2 2 2 2 2 2 2 2 2 2 2 2 2 2 2 2 2 2 2 2 2 2 2 2 2 2 2 2 2 2 2 2
left_child=1 6 3 20 15 14 -1 39 44 47 13 19 -9 29 35 16 21 -18 26 -6 23 31 54 -2 25 51 36 -28 -16 30 32 -3 33 42 46 -5 50 -31 -17 -8 57 -37 -7 -12 45 -4 -27 -10 -45 55 -19 -13 -49 -48 -23 56 -29 60 -59 -60 -15 -34
right_child=2 4 8 5 11 10 7 12 9 -11 43 24 -14 40 28 38 17 18 -20 -21 -22 22 -24 -25 -26 34 27 49 -30 37 -32 -33 61 -35 -36 41 -38 -39 -40 -41 -42 -43 -44 48 -46 -47 53 52 -50 -51 -52 -53 -54 -55 -56 -57 -58 58 59 -61 -62 -63
leaf_value=-0.01763285769572992 0.00053504801004315532 0.00031580238879866938 0.014772184590730699 0.0031659534298929337 -0.0035206048353650841 0.0026169957954718191 -0.0021988623873388713 -1.5030687692112465e-05 0.0023920378450902114 0.017733904896484274 -0.0016672711949475881 -0.0007694069240848034 -0.0056462222068126072 0.010524951252062386 0.00026938810070536334 -0.00097676425401176819 -0.0030417382907638756 -0.0011610402836146826 -0.0033973124621787098 0.00080207765029569164 -0.00032617808572315887 0.00064174342808677399 -0.0024820580887362541 -0.000168638875709064 -0.0013167781781205699 0.00013775809563130182 0.0019393912041692119 -0.00041316228707042322 0.0017067496478415478 -0.00013729747351266751 0.001246483036670778 -0.0035486187656448773 0.00027279152070910581 0.0050503962505049314 0.00043332493278562366 0.0046070126922506558 -0.0022833393998940377 0.0017599978496479628 -0.0081348490926178799 0.00041268346795550579 0.0041072746192996144 0.00054747098088473226 -0.00079532054211121298 -0.00016066726749787818 0.013487528542095556 0.0070599949573098893 -0.0015704559326402555 0.0010379920908381735 0.0013739207411990328 -0.0018847282036273505 6.7433554490508023e-05 0.00026636332585759702 -0.00086443518194617036 0.00010461186575294601 -0.0013934240046131528 -0.00096814758900023437 0.00010881941183318755 0.0013064123544784588 -0.0069112503454795511 6.7346943715289591e-05 0.0013985070117204933 -0.0022394077637114228
leaf_weight=1534 1313 77 756 1729 99 117 480 111 147 156 191 839 2139 235 423 224 766 444 304 422 658 336 115 382 742 111 41 66 468 579 773 144 64 118 421 189 181 85 302 122 200 354 215 291 1358 136 202 59 164 129 150 42 95 98 128 112 534 1118 41 131 97 69
leaf_count=1534 1313 77 756 1729 99 117 480 111 147 156 191 839 2139 235 423 224 766 444 304 422 658 336 115 382 742 111 41 66 468 579 773 144 64 118 421 189 181 85 302 122 200 354 215 291 1358 136 202 59 164 129 150 42 95 98 128 112 534 1118 41 131 97 69
internal_value=-5.34671e-05 -0.00706771 0.00624567 0.00471964 -0.00453841 0.00583965 -0.0111192 -0.00947424 0.0118815 0.00566594 0.00423702 -0.00217669 -0.0108885 0.0049961 0.00811157 -0.00627158 -0.00558248 -0.00662573 -0.00499235 0.00272989 0.00107689 -0.00202247 0.000284483 0.00246757 -0.00321865 -0.00188156 -0.00389928 -0.00159683 0.00485987 0.00322118 0.00475313 -0.00804054 0.00166952 0.00385809 0.000792317 0.00938407 -0.00651418 9.02256e-05 -0.0108729 -0.0041791 0.00696105 0.00581801 0.000540541 -0.000278207 0.0131408 0.0108511 -0.00258495 0.00134106 0.00194079 -0.00236936 -0.00468908 -0.00440476 -0.00348387 -0.00518272 0.00245161 -0.00113604 0.00014975 0.00622921 0.00522851 -0.00312139 0.0100901 -0.00570896
internal_weight=24126 11415 12711 10004 7029 7651 4386 2852 2707 457 4488 2976 2250 3842 3163 4053 3527 2727 1961 521 2353 800 579 1695 2455 1713 1657 882 891 2020 1356 221 583 450 832 2272 775 664 526 602 1822 543 332 646 2250 892 411 301 455 841 594 881 154 300 464 712 600 1622 1290 172 332 133
internal_count=24126 11415 12711 10004 7029 7651 4386 2852 2707 457 4488 2976 2250 3842 3163 4053 3527 2727 1961 521 2353 800 579 1695 2455 1713 1657 882 891 2020 1356 221 583 450 832 2272 775 664 526 602 1822 543 332 646 2250 892 411 301 455 841 594 881 154 300 464 712 600 1622 1290 172 332 133
is_linear=0
shrinkage=0.03


Tree=39
num_leaves=63
num_cat=0
split_feature=9 11 10 9 3 9 5 7 9 3 15 12 12 15 25 16 17 25 17 15 3 14 10 6 6 16 21 7 7 25 12 24 17 16 27 27 12 26 21 26 11 14 5 14 26 25 15 12 14 27 11 26 14 17 18 26 18 7 8 27 14 15
split_gain=1133.78 162.569 80.693 70.5424 32.5709 28.307 25.5032 24.0408 22.3427 21.8856 25.2232 18.6622 15.4429 15.3789 15.371 13.8502 13.32 13.7478 14.7129 13.5709 12.223 12.4885 13.5775 12.3394 12.047 11.517 14.1002 11.4092 11.1129 18.4351 12.0603 11.0465 10.8817 10.4255 10.1838 17.5801 16.7396 10.5962 9.86608 9.57794 10.2427 9.39017 9.36295 9.36188 9.2937 8.96545 8.726 8.51517 8.45748 8.24969 8.22279 8.16975 8.12319 8.00192 7.97862 7.68172 7.63191 7.59727 8.55279 7.42263 6.99261 6.90511
threshold=2806.1250000000005 4999.0350000000008 1999.9550000000002 3330.0900000000006 1.0000000180025095e-35 9999.9950000000008 -0.60876142900872077 0.91248814248966237 1833.7000000000003 1.0000000180025095e-35 4900.826822916667 2826.2293229166671 4392.1059523809536 2546.3523437500003 18.725000000000005 7599.6750000000011 1001.6650000000001 19.085000000000004 1999.2000000000003 4266.4748958333339 1.0000000180025095e-35 2435.3227828430722 3140.8800000000006 -0.097964660725097366 1.0000000180025095e-35 4875.6650000000009 2465.7666666666673 0.95998215779580554 -0.108376950152639 16.885000000000002 2960.6162351190478 3.3562499999999997 1551.0300000000002 9854.590000000002 -0.04500000000000081 0.049999999999998941 4327.3151934523821 8.5100000000000016 3199.2766666666671 8.4950000000000028 3386.0850000000005 1853.4430797954039 0.77259657388510639 2142.1551757836951 7.3050000000000006 17.73 3404.3998958333336 3636.5748214285718 1340.5338107792338 0.29999999999999988 2849.7750000000005 5.8950000000000005 2696.8461174079316 1605.8150000000003 11678.550000000001 10.105000000000002 15140.85 -0.9905448150984083 0.2499757677084001 -0.015000000000000567 2044.4202344368512 4768.066197916668
decision_type=2 2 2 2 2 2 2 2 2 2 2 2 2 2 2 2 2 2 2 2 2 2 2 2 2 2 2 2 2 2 2 2 2 2 2 2 2 2 2 2 2 2 2 2 2 2 2 2 2 2 2 2 2 2 2 2 2 2 2 2 2 2
left_child=2 3 8 20 6 12 52 9 38 10 28 15 33 -8 27 -6 44 18 25 41 21 22 57 -22 -16 26 -18 -9 29 30 53 -12 -14 -3 36 -36 37 -11 -1 40 -30 -20 47 -10 -15 -27 -45 -37 -47 -26 -50 -43 -4 -5 -38 -32 -42 -2 -59 -23 -35 -60
right_child=1 5 4 7 11 -7 13 14 43 34 31 -13 32 16 24 -17 17 -19 19 -21 23 59 -24 -25 49 45 -28 -29 39 -31 55 -33 -34 60 35 42 54 -39 -40 -41 56 51 -44 46 -46 48 -48 -49 50 -51 -52 -53 -54 -55 -56 -57 -58 58 61 -61 -62 -63
leaf_value=0.00040215726760125744 -0.0021060659713318451 0.0083232089294873728 0.00035111580374420193 0.0027941319305504028 -0.00089048750088598799 0.013082902685832707 -0.0030358177566895826 0.0082693324873285776 -0.0010739031620228712 0.0019366978960596358 -0.0014246889025254015 -0.0032447224932175356 0.0001573997784458303 0.001109378855991503 0.0012879714964385335 0.00045419223921320471 -0.0020376712836365262 0.00016348412321313342 -0.0018921553611047858 -0.0011626009948376348 -0.001629689349258303 -5.8851391916840963e-05 0.0012334455038990021 2.5756289933109854e-05 0.0070751274018209997 -0.002781061000478262 0.0011836669676717681 -0.0010225319051970683 -0.0015776931232402624 0.0021194263710338922 0.00034056200629359876 0.00038491443840623415 0.0019318181282715228 0.0060654476076651776 -0.0017374892416398956 0.00048467261609809849 -0.0012974845250320664 8.7937016200747566e-05 -0.0090556082683747978 0.0010741484131149193 0.0012112799535750618 0.00053898638388432557 0.0010664046476765421 -0.0012428831892085767 -0.00053458783356119532 4.4712890698108688e-05 -0.0040676654269030041 -0.00086397673459566167 -0.0016181046190799941 0.00099378800257111867 6.6038260880096897e-05 -0.00045269027954423444 -0.0017980284679687175 -0.00054098116290278496 0.00012913002226961013 -0.0027544330388783855 -0.00019940424749696815 0.0009603831450967703 -3.6273907650503642e-05 -0.0012700275198557608 0.0021514449132152792 0.00053195165600124379
leaf_weight=49 58 794 608 200 54 2011 488 78 591 446 112 1392 388 111 211 124 54 248 44 212 521 618 558 537 810 604 68 94 104 1211 248 112 260 211 148 351 60 168 2887 510 195 196 239 142 245 128 560 196 434 65 87 236 242 54 198 75 189 263 1071 126 527 64
leaf_count=49 58 794 608 200 54 2011 488 78 591 446 112 1392 388 111 211 124 54 248 44 212 521 618 558 537 810 604 68 94 104 1211 248 112 260 211 148 351 60 168 2887 510 195 196 239 142 245 128 560 196 434 65 87 236 242 54 198 75 189 263 1071 126 527 64
internal_value=-2.44913e-05 0.00542927 -0.00785722 0.0033303 -0.00548511 0.0103805 -0.00404768 0.00533827 -0.0109823 0.00437202 0.00593823 -0.00914704 0.0080055 -0.00528992 0.00903098 0 -0.00439093 -0.00522275 -0.00602471 -0.00243832 0.000133613 0.00118521 0.00241191 -0.00260623 0.0103496 -0.00781613 0.00097561 0.000693642 0.0067169 0.00813304 0.00371107 -0.00373333 0.00411402 0.00964775 0.00175982 -0.000417112 0.00408935 0.00678049 -0.0124311 0.00417417 0.00116564 0.000377358 0.0013723 -0.00768547 0.0010084 -0.00867225 -0.0100284 -0.000793796 -0.00620769 0.0119007 -0.0079023 0.0017321 0.000564042 0.00858824 -0.0023166 -0.000138889 0.00342857 0.000885381 0.00132952 -0.00213423 0.0070636 0.000198063
internal_weight=23885 14081 9804 9890 5575 4191 4005 6074 4229 4816 3010 1570 2180 3155 1258 178 2667 2311 2063 688 3816 2758 2014 1058 1086 1375 122 172 2786 1788 577 224 648 1532 1806 934 872 614 2936 998 488 476 786 1293 356 1253 702 547 649 875 521 432 850 254 258 323 384 1456 1398 744 738 1135
internal_count=23885 14081 9804 9890 5575 4191 4005 6074 4229 4816 3010 1570 2180 3155 1258 178 2667 2311 2063 688 3816 2758 2014 1058 1086 1375 122 172 2786 1788 577 224 648 1532 1806 934 872 614 2936 998 488 476 786 1293 356 1253 702 547 649 875 521 432 850 254 258 323 384 1456 1398 744 738 1135
is_linear=0
shrinkage=0.03


Tree=40
num_leaves=63
num_cat=0
split_feature=9 9 9 1 0 9 11 1 1 1 22 15 6 14 14 15 11 25 22 27 7 9 1 12 14 8 8 18 14 22 7 1 22 26 8 15 17 1 6 18 17 15 26 7 22 15 25 17 0 0 22 17 21 8 26 8 14 22 25 14 17 15
split_gain=1112.6 125.537 120.822 36.5571 35.269 34.5055 29.0265 24.7061 23.0157 22.2758 19.6692 19.5191 19.2793 19.0829 17.35 17.1811 16.9919 16.8128 14.978 14.8427 14.8225 14.7029 12.6394 12.5432 11.4089 10.7845 11.004 10.5423 9.79832 9.31766 10.3934 10.3301 9.366 8.83872 8.97623 9.24393 9.04529 8.81533 13.5629 8.80529 8.64239 13.6019 10.2942 10.1277 8.72755 8.43693 8.37448 8.28097 7.94976 7.54652 7.44858 7.44021 7.39479 7.24532 10.9691 9.15462 7.12521 6.98324 8.58634 6.97556 6.90164 6.63484
threshold=3000.1550000000002 2030.6300000000003 9999.9950000000008 1.0000000180025095e-35 23.500000000000004 3330.0900000000006 3294.0550000000007 5.5000000000000009 1.0000000180025095e-35 5.5000000000000009 5838.7255741567469 5295.0756250000004 0.06540312923014284 2063.9673983685652 1990.4048507724783 2412.4126562500001 2225.9200000000005 18.140000000000004 6032.5343142361116 0.9300000000000016 0.94704596667653973 2491.5450000000005 5.5000000000000009 3756.8695312499999 2377.0970237087963 0.59003219687534991 0.7254836971458194 7162.3000000000011 2832.0623937506098 5558.6630592757947 0.14569472580964501 3.5000000000000004 5426.0735057043667 6.6950000000000012 -0.11692317777808843 3167.192239583334 1545.5150000000001 5.5000000000000009 -0.097964660725097366 14712.000000000002 1001.8700000000001 2368.5494791666674 9.8150000000000031 -0.50556189049999822 5838.7255741567469 3493.3750000000005 17.500000000000004 1008.6950000000001 37.500000000000007 14.500000000000002 5307.2669915674614 896.97500000000014 4509.043333333334 -0.9530600044691927 9.5050000000000008 -0.27694043983797384 1691.7776312434908 3175.0546378968261 17.475000000000005 2073.4717411713259 1699.3600000000004 4197.9447395833349
decision_type=2 2 2 2 2 2 2 2 2 2 2 2 2 2 2 2 2 2 2 2 2 2 2 2 2 2 2 2 2 2 2 2 2 2 2 2 2 2 2 2 2 2 2 2 2 2 2 2 2 2 2 2 2 2 2 2 2 2 2 2 2 2
left_child=1 8 3 4 14 37 9 -4 15 21 13 24 -11 19 -2 -1 60 -14 -12 25 27 40 29 -18 -9 56 -27 -17 46 30 31 48 -33 -32 -35 -36 -37 -5 -39 -23 41 -3 -43 -42 57 -31 -24 -29 -15 -30 -26 -47 -51 -16 55 -55 -7 -45 61 -60 -10 -59
right_child=2 6 7 5 -6 10 -8 11 16 12 18 -13 17 22 53 20 23 -19 -20 -21 -22 39 28 -25 50 26 -28 47 49 45 33 32 -34 34 35 36 -38 38 -40 -41 43 42 -44 44 -46 51 -48 -49 -50 52 -52 -53 -54 54 -56 -57 -58 58 59 -61 -62 -63
leaf_value=-0.0071402990649892389 0.004061296317155438 -0.0040651874307028497 0.012690415605257729 0.00011626954354387208 0.0076120605659032664 0.0013272625048717402 0.00019997508110580319 0.0029217823482564232 -0.0098187426184485997 -0.0067859580056417275 0.0047457623024562421 0.016898802851657225 -0.0017954450416991551 0.002193415274558159 -0.0032064165464067338 -0.0025061428378774231 -0.00093457780724137685 0.00032169656159917179 -0.00016340887044870021 -0.0012507813995686588 -0.0063028752320286501 -0.00063302516947164381 0.0002602589145626277 -0.0068195287034142106 0.00039695429343806766 -0.00020648696956173217 0.0010822696797379017 0.0014970433880136902 0.0018736604488107744 0.0035234796618004438 -0.00085968418708600499 0.00072837213808037756 -0.0019966226608720558 0.0043312008388229012 -0.00057356543856362124 0.0021870451689557147 0.0002765195445635804 -0.0030091679079091715 8.8899198742442564e-05 1.04667651248036e-05 -0.0026029921219856787 0.00059734408441229007 -0.0017051810172468507 7.1068069986219841e-05 0.0012874172588634191 -0.0060176999706471074 -0.0010948237384621872 -0.0001905249871105763 0.0012881599874132021 0.0010315620830735916 -0.0013430173825711477 -5.7074403352252998e-06 -0.00073404800698237513 0.0013479329299725862 -0.00086978207610061804 -0.00036775721162364935 0.003038750374602692 0.00071208499139594926 -0.00063148069467517493 -0.0022810627501990985 -0.0022067858892638359 -0.00082432218557796581
leaf_weight=357 89 110 2278 1633 941 355 832 118 2628 481 397 148 327 564 50 186 277 99 74 40 128 2013 258 337 71 186 681 90 56 81 156 732 58 260 114 106 650 159 170 751 579 267 113 126 71 71 252 215 503 52 94 243 52 111 108 57 631 68 516 468 397 46
leaf_count=357 89 110 2278 1633 941 355 832 118 2628 481 397 148 327 564 50 186 277 99 74 40 128 2013 258 337 71 186 681 90 56 81 156 732 58 260 114 106 650 159 170 751 579 267 113 126 71 71 252 215 503 52 94 243 52 111 108 57 631 68 516 468 397 46
internal_value=-6.16643e-05 -0.00681616 0.00609405 0.00455566 0.00913043 0.00382777 -0.00424359 0.0117066 -0.0106423 -0.00496769 0.00486992 0.00510417 -0.00930066 0.00441249 0.00183894 -0.00654043 -0.0117404 -0.004637 0.0107733 0.00691394 -0.00350806 -0.00419965 0.00328582 -0.00717073 0.000475352 0.00730583 0.00485599 -0.00112805 -0.000491803 0.00400113 0.00454676 0.00598224 0.00337547 0.00247086 0.00339523 0.00192882 0.00313078 0.00033622 -0.00413636 -0.00271248 -0.00593658 -0.00238289 0.000314961 -0.006864 -0.00538194 -0.000340909 -0.00252446 0.00230392 0.0079073 0.00596273 -0.00460843 -0.00257143 0.00114286 -0.00137615 0.000541516 0.00532544 0.00945289 -0.00597551 -0.00674249 -0.00764467 -0.0126652 0.00104348
internal_weight=24081 11482 12599 9890 1356 8534 6867 2709 4615 6035 6572 431 907 6101 415 976 3639 426 471 1893 619 5128 4208 614 283 1853 867 491 670 3538 3143 1857 790 1286 1130 870 756 1962 329 2764 2364 490 380 1874 1295 395 510 305 1067 160 165 314 104 326 276 168 986 1224 1098 984 3025 114
internal_count=24081 11482 12599 9890 1356 8534 6867 2709 4615 6035 6572 431 907 6101 415 976 3639 426 471 1893 619 5128 4208 614 283 1853 867 491 670 3538 3143 1857 790 1286 1130 870 756 1962 329 2764 2364 490 380 1874 1295 395 510 305 1067 160 165 314 104 326 276 168 986 1224 1098 984 3025 114
is_linear=0
shrinkage=0.03


Tree=41
num_leaves=63
num_cat=0
split_feature=9 9 20 9 1 1 1 20 14 6 15 5 1 9 1 6 27 25 11 17 6 17 14 21 11 15 17 15 17 14 20 5 25 5 22 6 26 11 25 12 27 14 1 27 24 27 17 11 22 12 18 18 15 17 17 22 19 17 24 25 14 1
split_gain=1039.17 134.901 105.47 40.5116 31.0045 27.0998 25.9129 24.4536 23.5091 22.4629 19.1992 18.5149 24.6959 23.7904 18.4375 17.6392 16.5975 15.976 14.5411 14.2045 11.5598 11.0303 10.9493 18.1336 14.9166 10.6072 10.4579 12.8799 10.3556 10.0821 10.0357 10.3148 9.90388 9.85804 9.36229 9.07892 8.89802 9.37437 8.82472 8.58909 8.9046 8.47038 9.80348 8.05726 9.30875 10.1778 14.9297 12.6144 9.90969 8.02423 8.01304 7.90875 7.74423 7.71776 7.45782 7.2141 7.07595 7.00824 6.98161 6.978 6.97416 6.77163
threshold=2942.8100000000004 9499.0850000000009 -24477.349999999995 3210.7750000000001 1.0000000180025095e-35 5.5000000000000009 5.5000000000000009 -38209.999999999993 2191.8971039783178 0.06540312923014284 5295.0756250000004 -0.41248606129204551 1.0000000180025095e-35 2500.0850000000005 1.0000000180025095e-35 -0.58216583101416131 -0.18499999999999869 19.675000000000001 4114.8350000000009 200.68500000000003 -0.32143946530316164 1760.4100000000001 2307.3791283986234 3284.2900000000004 3412.1700000000005 2546.3523437500003 2423.4600000000005 2368.5494791666674 1320.8200000000004 2365.7884885307753 10622.500000000002 -0.13052619222005171 14.795000000000002 -0.95642797789208689 3437.0510367063494 -0.58216583101416131 7.6000000000000005 2471.1100000000001 17.365000000000006 2843.5517261904765 -0.59499999999999964 1443.4570861231507 4.5000000000000009 0.18499999999999875 2.3562499999999997 -0.56000000000000039 1448.6600000000001 2700.4150000000004 3768.6834647817464 4300.6045014880956 15375.150000000003 11878.650000000001 4941.5795833333341 2360.6600000000003 2000.3750000000002 5307.2669915674614 15951.050000000001 1900.7000000000003 0.3499999999999997 17.145000000000003 2335.1953748526907 5.5000000000000009
decision_type=2 2 2 2 2 2 2 2 2 2 2 2 2 2 2 2 2 2 2 2 2 2 2 2 2 2 2 2 2 2 2 2 2 2 2 2 2 2 2 2 2 2 2 2 2 2 2 2 2 2 2 2 2 2 2 2 2 2 2 2 2 2
left_child=2 3 7 35 17 11 30 -1 16 -7 29 12 -4 -13 25 41 -6 22 33 -14 60 38 -5 -24 -25 -9 27 -15 36 -8 31 -3 -29 -18 58 61 37 -17 -11 -27 -41 42 -16 44 48 46 -46 -47 -36 -49 -35 -42 -48 -34 -45 -31 -50 -52 -22 -21 -10 -2
right_child=1 6 5 4 8 9 10 14 20 21 -12 13 19 26 15 28 18 -19 -20 59 34 -23 23 24 -26 39 -28 32 -30 55 -32 -33 53 50 43 -37 -38 -39 -40 40 51 -43 -44 54 45 47 52 49 56 -51 57 -53 -54 -55 -56 -57 -58 -59 -60 -61 -62 -63
leaf_value=-0.018280104823414974 -0.00026864290259323906 0.013526825586998274 0.00097303350006238353 0.0073129025436545802 0.0034152970725557451 -0.0072973376313391824 0.0028824539748426936 -0.0036464879734814603 0.00047790605139962138 -0.00081690208874625188 0.016332316796307627 -0.0013317785766009305 0.0022672596261047316 -0.0033487193248737768 0.00037828313534015833 0.00089842756258234674 -0.00048654601880511624 -0.0012531839539373913 0.0029420368638498218 -0.0029940364004128737 0.00016340713160868157 -0.0018665860297007873 -0.0017026891965266078 -0.00083399863614422635 0.0061449224507985883 0.0025352296368819304 -0.00091251842117278325 0.00048665132068249407 -0.0040496265336652558 0.00031267055418891408 0.012309703137099995 0.010694567278000928 -0.00026791312159659238 0.00044356991380302798 0.00078227692289187798 0.00015417961189143626 -0.0035434653270627514 -0.0023869923090431388 0.00056134309282702684 0.00093995537023414675 -0.0021974083552769841 -0.0059086641464500909 -0.0070946512921444601 0.0034607293538901551 -0.00043873493193252955 -0.0013521922687151733 0.0022067346690707091 0.0021162197955557891 -0.00032837557865667222 0.0002200091970561857 0.0013008218727417198 0.00044977824437185008 -0.00017203741349204547 0.0005363939017395935 -7.3450730126980437e-05 -0.0011919351743991946 0.00080367541032301483 0.00047117556348491796 -0.0026821473989208397 -0.00059432086848924641 -0.00058766659456832571 -0.0051502986678654316
leaf_weight=1244 335 772 389 529 435 503 122 176 332 93 149 2203 61 136 113 101 172 77 821 232 186 198 46 43 381 40 320 56 103 76 1329 186 1439 545 635 1873 125 49 111 45 203 1916 63 189 269 40 227 824 513 200 520 90 94 57 54 96 144 352 48 913 311 67
leaf_count=1244 335 772 389 529 435 503 122 176 332 93 149 2203 61 136 113 101 172 77 821 232 186 198 46 43 381 40 320 56 103 76 1329 186 1439 545 635 1873 125 49 111 45 203 1916 63 189 269 40 227 824 513 200 520 90 94 57 54 96 144 352 48 913 311 67
internal_value=-4.56783e-05 0.00569614 -0.00684016 0.00411868 0.00512456 -0.00449419 0.0116221 -0.0105271 0.00438585 -0.00932119 0.00496622 -0.00374031 -0.000986842 -0.00478276 -0.00906446 -0.010174 0.00647751 0.00986072 0.00549979 -0.00310688 0.00292107 -0.00401985 0.010875 0.00751592 0.00945882 -0.00410811 -0.00241911 -0.00147425 -0.00419525 0.000508475 0.0129087 0.0105422 -0.000695428 0.00382075 0.00361419 0.000586555 -0.0011413 0.00377483 0.000878049 -0.00126649 -0.00283186 -0.0112518 -0.00491525 0.00403918 0.00360366 0.00509366 0.00192893 0.00684507 0.00169374 0.00749268 0.00464386 -0.0047449 0.00628882 -0.00116232 0.00928279 -0.00416185 -0.000889058 0.00642612 -0.00217021 -0.00386126 -0.000768634 -0.00349876
internal_weight=23971 12992 10979 10262 7987 6711 2730 4268 6911 905 443 5806 1595 4211 3024 2470 2845 1076 2410 1206 4066 402 999 470 424 554 2008 1688 378 294 2287 958 1552 1589 3423 2275 275 150 204 378 338 2092 176 3189 2946 1654 590 1064 1292 1024 1417 293 321 1496 243 172 657 872 234 1145 643 402
internal_count=23971 12992 10979 10262 7987 6711 2730 4268 6911 905 443 5806 1595 4211 3024 2470 2845 1076 2410 1206 4066 402 999 470 424 554 2008 1688 378 294 2287 958 1552 1589 3423 2275 275 150 204 378 338 2092 176 3189 2946 1654 590 1064 1292 1024 1417 293 321 1496 243 172 657 872 234 1145 643 402
is_linear=0
shrinkage=0.03


Tree=42
num_leaves=63
num_cat=0
split_feature=9 9 9 9 1 1 1 14 6 0 27 7 5 1 9 1 1 6 26 10 27 27 0 1 10 1 18 27 9 14 27 26 26 14 14 22 22 27 0 15 22 7 7 10 14 17 22 27 26 21 15 17 15 14 21 15 14 11 15 14 15 26
split_gain=1036.31 139.365 92.7881 48.0274 27.6857 26.5585 21.8928 20.0501 19.6347 19.2852 19.1827 18.5992 16.2155 19.1904 15.6894 15.4929 15.3676 15.7697 14.5728 13.4936 12.792 12.5105 16.0413 15.7405 12.2631 14.8979 12.0979 11.609 11.5524 9.84465 9.70102 9.47277 17.6168 9.31901 9.05334 8.48994 8.28547 8.1981 8.1946 7.76264 11.6102 7.57587 8.31046 7.67462 7.4266 7.38085 8.45028 7.70736 7.37754 10.5635 7.29376 7.13489 7.26156 7.38657 6.95037 8.00933 7.05264 10.6023 6.92672 6.87692 6.46564 6.29878
threshold=2887.6800000000003 6000.3150000000014 1999.9550000000002 3311.0500000000006 5.5000000000000009 4.5000000000000009 5.5000000000000009 2492.4666874569157 -0.68322629814330815 30.500000000000004 -0.015000000000000567 0.90892735371523092 -0.60876142900872077 1.0000000180025095e-35 2510.1150000000002 1.0000000180025095e-35 5.5000000000000009 1.0000000180025095e-35 8.4950000000000028 3849.2450000000003 -0.53999999999999992 -0.73499999999999932 25.500000000000004 5.5000000000000009 1106.8900000000001 1.5000000000000002 11878.650000000001 0.33499999999999913 9999.9950000000008 1981.8468043155051 0.16499999999999918 4.9600000000000009 5.0200000000000005 2692.6761492822102 2365.7884885307753 5761.8085218253973 3200.2296589781749 0.81499999999999961 71.500000000000014 4900.826822916667 5418.0856684027776 0.93237596376505805 -0.108376950152639 3399.5600000000009 2642.2384252019651 2449.7550000000006 3771.1384945436512 0.1250000000000018 8.0800000000000018 6216.7450000000017 3638.4790104166673 249.05500000000004 4406.3650520833335 2704.2530861582063 4888.9916666666677 2412.4126562500001 2098.5980239914388 1890.1750000000004 3673.0002083333343 2135.3738170753122 3545.5795312499999 6.8750000000000009
decision_type=2 2 2 2 2 2 2 2 2 2 2 2 2 2 2 2 2 2 2 2 2 2 2 2 2 2 2 2 2 2 2 2 2 2 2 2 2 2 2 2 2 2 2 2 2 2 2 2 2 2 2 2 2 2 2 2 2 2 2 2 2 2
left_child=2 3 8 16 28 7 12 15 24 18 38 34 13 -4 31 35 19 -18 59 33 -17 -7 29 44 -1 26 54 39 -3 -23 -12 -14 -33 37 36 -5 -6 -2 -9 40 41 42 -22 -44 -24 46 47 -16 49 -36 -49 -15 53 -53 -26 -56 -57 -58 -40 -8 -31 -62
right_child=1 4 6 5 11 21 9 10 -10 -11 30 -13 14 51 45 20 17 -19 -20 -21 27 22 23 -25 25 -27 -28 -29 -30 60 -32 32 -34 -35 48 -37 -38 -39 58 -41 -42 -43 43 -45 -46 -47 -48 50 -50 -51 -52 52 -54 -55 55 56 57 -59 -60 -61 61 -63
leaf_value=-0.017878212757713594 0.00022063446403080888 0.0099548143038304809 0.0011585686997813392 0.0077620353001404746 -0.0023960745717500043 -0.001113549149857178 -0.00014502103829445721 0.00061800216369338294 -0.0026140116404055379 -0.0066435946006503507 -0.0010446480392136159 0.01581246707957586 -0.0026347835086195336 0.0021554696558848453 0.00028401444388200577 -0.0013147898546038571 -0.0036892717903751391 6.3423324963363109e-05 0.00038011277674126375 0.0038355693828562207 0.0016871808696518097 0.0017119302445958782 0.00063616598641355712 -0.00033293159831091043 -0.0037204797095687515 -0.0056640766340563696 0.00020991272821716312 0.00048303984678106811 0.011940412042986974 -0.00035241597850573566 0.0010877578074785887 0.001883611749539984 -0.0011822806357637905 -0.00019612347465381319 0.0021685884720637461 -0.00062854078091472581 0.0024246501406129184 -0.0012326218225539253 0.0089132049937175849 -7.1004400412260084e-05 0.0044124228406264799 0.0032875113284991731 1.0101456006061936e-05 0.0010226174448561575 0.00244853219585738 -0.0010439009665516163 -0.0011098480713102354 6.0867269987152638e-06 -0.0018141556995763253 -0.0012669688058620742 -0.0012380407919129243 -0.00072369286712705263 0.00041765520070197404 -0.0049074128060025667 -0.0065667377676455986 -0.004237298597586649 0.0011751414200440991 -0.0025560075531189685 0.00079530032118931612 -0.0024760122898517564 -4.2611446657421223e-05 0.0016208697478632317
leaf_weight=1233 2003 569 250 562 44 117 111 998 682 493 215 160 162 51 319 70 229 251 78 161 592 170 546 663 309 1703 146 422 2266 80 78 49 2316 541 93 44 107 63 265 90 260 326 247 550 116 271 543 403 81 40 161 493 183 120 59 53 92 44 165 130 97 324
leaf_count=1233 2003 569 250 562 44 117 111 998 682 493 215 160 162 51 319 70 229 251 78 161 592 170 546 663 309 1703 146 422 2266 80 78 49 2316 541 93 44 107 63 265 90 260 326 247 550 116 271 543 403 81 40 161 493 183 120 59 53 92 44 165 130 97 324
internal_value=-5.67332e-05 0.00540093 -0.00715925 0.00366143 0.0107022 0.00506073 -0.00478562 0.00627636 -0.0105264 -0.00937269 0.00366725 0.00436312 -0.00408399 -0.000833333 -0.00492781 0.00769437 0.000646353 -0.00430353 -0.00360937 0.00150596 0.00666732 0.00224929 0.00280921 0.000893665 -0.0114025 -0.0101454 -0.00645597 0.00702371 0.0118741 0.00658482 -0.00331633 -0.00642603 -0.00594041 0.000983512 0.000614754 0.0120099 0.00621711 0.00190131 0.00510147 0.00795015 0.00834261 0.00743881 0.00646403 0.00445489 0.0041629 -0.00269435 -0.00182901 -1.69683e-05 -0.00334884 0.00100746 -0.00212389 -0.00298939 -0.00368883 -0.00525244 -0.00846774 -0.0046988 -0.00165789 0.0019708 0.00856148 -0.00725207 0.00445219 0.00593602
internal_weight=24059 13605 10454 10245 3360 6997 6133 4884 4321 812 1721 525 5321 1097 4224 3163 3248 480 319 2768 2557 2113 1996 1325 3639 2406 703 2487 2835 671 293 2527 2365 2607 365 606 151 2066 1428 2065 1975 1715 1389 797 662 1697 1426 883 214 133 564 847 796 613 557 248 189 136 430 241 501 421
internal_count=24059 13605 10454 10245 3360 6997 6133 4884 4321 812 1721 525 5321 1097 4224 3163 3248 480 319 2768 2557 2113 1996 1325 3639 2406 703 2487 2835 671 293 2527 2365 2607 365 606 151 2066 1428 2065 1975 1715 1389 797 662 1697 1426 883 214 133 564 847 796 613 557 248 189 136 430 241 501 421
is_linear=0
shrinkage=0.03


Tree=43
num_leaves=63
num_cat=0
split_feature=9 9 10 11 12 1 1 1 9 0 1 15 14 14 27 20 5 0 0 16 18 15 7 7 14 17 20 25 14 12 22 18 22 17 12 14 22 27 22 15 26 26 25 23 16 0 14 26 20 22 16 26 15 20 17 25 17 1 9 12 27 27
split_gain=974.277 144.141 90.3508 50.3698 29.6842 26.9362 25.4261 25.3618 24.2029 22.3049 20.8466 20.6947 20.2254 19.8151 19.7652 19.306 18.0021 17.7643 17.6166 17.1103 16.7083 14.9495 14.9434 17.1341 14.9228 14.3445 16.681 13.8039 13.6203 13.2314 12.5274 13.6329 16.3685 12.5387 12.4251 10.6613 10.587 10.3812 10.3275 10.1273 9.99913 11.9533 9.87002 9.7556 9.46593 18.667 9.43076 10.0699 9.13603 9.0875 8.95826 8.61641 8.24424 8.22206 8.21345 10.687 9.27231 8.10374 8.1652 8.00242 8.94687 7.84178
threshold=2887.6800000000003 6900.0950000000003 1999.9550000000002 3249.4300000000007 4398.3067485119054 5.5000000000000009 1.0000000180025095e-35 5.5000000000000009 1730.9100000000003 30.500000000000004 5.5000000000000009 5295.0756250000004 2780.8013911423077 2946.7410466578685 0.75000000000000011 10622.500000000002 -0.70710678118654735 24.500000000000004 25.500000000000004 4535.4800000000005 10631.550000000001 2412.4126562500001 0.89787622492179153 0.34537287020513602 2144.1659726980383 1004.0650000000002 -7690.1499999999987 14.795000000000002 2188.5556100918634 4823.5526488095247 5646.1334840029767 12575.1 3492.8789223710323 1008.6950000000001 3534.3226562500008 1340.5338107792338 3098.0572941468258 0.17500000000000074 5151.9153999255959 2008.5867708333335 9.3450000000000006 10.270000000000001 18.140000000000004 26.118750000000002 5000.6900000000014 19.500000000000004 2642.2384252019651 10.175000000000002 -15561.4 5307.2669915674614 5499.4250000000011 5.4450000000000012 3218.4991145833337 -38898.69999999999 1544.4400000000003 17.485000000000003 2423.4600000000005 1.0000000180025095e-35 983.15000000000009 2826.2293229166671 -0.3449999999999997 0.26500000000000062
decision_type=2 2 2 2 2 2 2 2 2 2 2 2 2 2 2 2 2 2 2 2 2 2 2 2 2 2 2 2 2 2 2 2 2 2 2 2 2 2 2 2 2 2 2 2 2 2 2 2 2 2 2 2 2 2 2 2 2 2 2 2 2 2
left_child=2 3 8 10 6 15 17 16 53 42 20 34 -6 -14 22 29 39 19 -12 -5 50 -18 23 40 36 -22 -27 -23 -25 -3 31 33 -33 37 -7 -34 -10 -29 -30 -4 -8 -42 59 -43 45 -35 47 -28 -46 -36 -2 -20 -26 -1 -37 56 -56 58 -55 -9 -61 -24
right_child=1 5 7 4 12 11 14 9 24 -11 18 -13 13 -15 -16 -17 21 -19 51 -21 25 27 61 28 52 26 46 30 38 -31 -32 32 35 44 49 54 -38 -39 -40 -41 41 43 -44 -45 48 -47 -48 -49 -50 -51 -52 -53 -54 57 55 -57 -58 -59 -60 60 -62 -63
leaf_value=-0.017355370403302508 -0.00075178290188333992 0.012913050151387093 0.0038113188679510168 -0.001769155824437325 -0.00052262250277658852 0.0028600575891415403 0.0012240978044448614 0.00015752263992693916 -0.0019876588065141829 -0.0064855167863852965 0.00034601483881047557 0.015427495249831065 0.0017270307874251854 -5.9337176211204934e-05 -0.001158505073716336 0.011582199681697353 -0.0026708626101028263 0.0076357184557489252 0.00070967330916489764 0.0030602970579279719 0.0014971468185738866 0.00054088085366713393 0.003236780495658946 0.00061249853215333155 -0.001281074899741501 -8.0950402885568984e-05 0.0010082997554646056 -0.001516508204682836 -0.0013555922597827141 -0.00019794835800320597 0.00032539547662083554 6.6269984215816536e-06 3.6803734790917808e-05 -0.0020249729776619495 0.00026540475591694699 0.00078741060933190882 -0.00055202472306569383 0.00091585268138433924 0.0011489461797385392 -0.00021965261648975164 -0.00026592987308941216 7.0907391153580694e-05 0.00033430592421780148 0.0034686660416083904 -0.0019906743855461072 0.0011022141787679729 -0.00050115734130015352 -0.00037531147637016816 -0.00095798234529941961 -0.0010029811919365628 -2.1298801861231452e-05 -0.0017546575430652433 -0.00436075489987437 -0.0037979641631059554 0.0005149525851496239 -0.0020130781939313278 -0.0013400428933007368 -0.0082834791900644415 -0.00044266091310993792 0.00063207287110060399 -0.0026589449647959193 0.00033103658400684743
leaf_weight=1083 161 1099 54 54 433 113 2314 72 207 541 226 161 445 505 100 1370 482 753 84 117 304 54 628 598 153 872 829 315 270 107 268 880 190 45 131 54 621 162 44 813 215 138 61 134 976 71 120 109 282 102 414 532 823 115 83 375 88 1107 153 47 163 130
leaf_count=1083 161 1099 54 54 433 113 2314 72 207 541 226 161 445 505 100 1370 482 753 84 117 304 54 628 598 153 872 829 315 270 107 268 880 190 45 131 54 621 162 44 813 215 138 61 134 976 71 120 109 282 102 414 532 823 115 83 375 88 1107 153 47 163 130
internal_value=-6.76381e-05 0.00520532 -0.00701035 0.00353419 0.00504579 0.0109095 0.00603439 -0.00466019 -0.0103589 -0.00935593 0.000685926 0.00457677 0.00111633 0.00356467 0.00511483 0.0121537 -0.00385904 0.010573 -0.00345196 0.0018314 0.00192705 -0.00464979 0.00541033 0.00462439 -0.00771191 0.00310067 0.00214397 -0.00402315 0.00105148 0.00937034 -0.00423879 -0.00471465 -0.00274686 -0.00648758 0.000432277 -0.00587863 -0.00474065 -0.00229079 -0.004 8.64055e-05 0.00578694 0.001875 -0.00335756 0.00604396 -0.00794182 0.00025641 0.00467422 0.0056869 -0.00869738 -0.00352564 -0.00263021 -0.0060778 -0.0102252 -0.0122977 -0.00783694 -0.00893967 -0.00270349 -0.0107376 -0.0060223 -0.00572438 -0.00867299 0.00924901
internal_weight=23950 13612 10338 10529 6878 3083 5495 6076 4262 884 3651 507 1383 950 4571 2576 5192 924 842 171 2809 4325 4471 3713 1804 2234 1930 3843 912 1206 3789 3521 1670 1851 346 790 828 477 314 867 2801 487 343 272 1374 116 1058 938 1258 233 575 616 976 2458 600 546 171 1375 268 282 210 758
internal_count=23950 13612 10338 10529 6878 3083 5495 6076 4262 884 3651 507 1383 950 4571 2576 5192 924 842 171 2809 4325 4471 3713 1804 2234 1930 3843 912 1206 3789 3521 1670 1851 346 790 828 477 314 867 2801 487 343 272 1374 116 1058 938 1258 233 575 616 976 2458 600 546 171 1375 268 282 210 758
is_linear=0
shrinkage=0.03


Tree=44
num_leaves=63
num_cat=0
split_feature=20 20 20 20 14 1 6 20 1 0 8 8 14 1 17 7 8 1 1 0 12 15 7 26 25 4 0 22 15 26 7 0 15 25 8 14 22 18 1 20 15 0 15 1 11 7 18 6 12 15 17 20 18 25 22 14 24 8 16 25 17 8
split_gain=930.836 140.284 102.823 46.7753 30.286 24.4498 25.1082 24.2834 21.8577 26.4816 19.5838 16.9162 16.7566 16.5413 15.552 18.5493 15.5914 15.4454 15.1383 14.7255 14.5189 13.6014 13.0736 12.2033 11.2218 11.2119 10.7563 10.3097 11.067 10.2566 25.5303 10.2556 16.2878 15.7504 9.48659 9.36231 9.21293 11.8634 9.16424 8.92777 8.8991 16.5368 10.6015 8.67624 9.93382 8.41386 8.20235 8.12419 8.15985 7.91731 13.6609 8.9594 8.16113 7.82382 10.5319 7.77624 7.68989 7.60329 7.57977 8.12031 16.3589 7.54429
threshold=-11109.649999999998 8728.4500000000025 -24477.349999999995 -4767.0499999999993 2188.5556100918634 5.5000000000000009 -0.32143946530316164 -36096.349999999984 5.5000000000000009 73.500000000000014 -0.12545862287572049 0.61067742788105683 2175.4539641539782 5.5000000000000009 1103.6650000000002 -0.50556189049999822 0.48877522411129348 4.5000000000000009 1.0000000180025095e-35 25.500000000000004 4495.5636309523825 3264.0282812500004 0.28003368959032676 11.645000000000001 18.835000000000004 1.0000000180025095e-35 21.500000000000004 6105.1186954365085 2682.1178125000001 7.1750000000000016 0.056951373111866731 33.500000000000007 2368.5494791666674 14.865000000000002 0.7254836971458194 2657.7685372549226 6032.5343142361116 14504.800000000001 5.5000000000000009 10622.500000000002 3870.2372916666668 15.500000000000002 4376.2394270833347 1.0000000180025095e-35 1890.1750000000004 1.0000000180025095e-35 11915.650000000003 -0.77259657388510605 3056.8239136904763 4475.3677083333341 1953.1700000000003 -21932.199999999997 12629.200000000003 17.500000000000004 5235.1016672867072 2908.0666838041102 3.2437500000000026 -0.52765736634565841 9514.4800000000014 18.765000000000004 2480.3900000000003 -0.92999516916204616
decision_type=2 2 2 2 2 2 2 2 2 2 2 2 2 2 2 2 2 2 2 2 2 2 2 2 2 2 2 2 2 2 2 2 2 2 2 2 2 2 2 2 2 2 2 2 2 2 2 2 2 2 2 2 2 2 2 2 2 2 2 2 2 2
left_child=2 3 7 17 11 14 -7 -1 9 25 -11 -5 38 39 16 49 31 23 -13 46 29 -18 -15 27 -8 35 -19 28 -2 30 40 32 -4 -34 -20 36 37 -6 -9 -3 41 -17 -42 44 -14 -31 56 -45 -49 52 51 -51 -16 54 -21 -30 -10 -50 -37 -60 -61 -22
right_child=1 13 5 4 8 6 24 12 19 10 -12 18 43 22 15 20 21 26 34 53 61 -23 -24 -25 -26 -27 -28 -29 55 45 -32 -33 33 -35 -36 58 -38 -39 -40 -41 42 -43 -44 47 -46 -47 -48 48 57 50 -52 -53 -54 -55 -56 -57 -58 -59 59 60 -62 -63
leaf_value=-0.015572185698480808 0.0028961308940815742 0.011934883619589609 -0.003562136862995384 0.0029893096608812008 0.0031447061006877062 -0.0070096699993117181 -0.0012060586679770102 -0.00113284812744884 -0.00057693761854674011 0.012127300942800297 0.0010675994267399336 0.0077404367795781857 0.00060899044334357996 -7.7242751974200278e-05 -0.0027176962859929966 -0.0014464991336056476 0.00094476554934336038 0.00029032820096078991 -0.0001692826163912109 0.0012294643587373332 -0.00062586737285121432 -0.0010598104453139357 0.014875268209693661 -0.0039775778323753027 0.00033372720181132462 -0.00070442059286312641 -0.00071311199168160304 -0.00057981867797510136 0.00036004996190204254 0.0020355559832957583 -0.0013384035514393577 4.3950738116036443e-05 0.00041081154292847976 -0.0014166259876594589 0.00093287452325128582 -0.00035161938469354222 -0.0018638550987803715 0.00081487672166324465 -0.0066386788537798848 0.011234733691246425 0.00051904822178631353 -8.5193516625667873e-05 -0.00028277010009183809 -0.0079472689698390376 -0.0024285278771645391 -9.2783027725076286e-05 0.0015181083180337218 0.00070395533092046045 4.3902024813231576e-05 -0.0011960480135202278 -0.0056721234046570946 0.0011172789607623733 -6.4973179628529109e-05 -0.001388795031691128 -0.0010288141761616565 -0.00042215231313553759 0.0013389645387112204 -0.0089845433764113147 0.00014495169658136574 0.002633119128632515 -0.0011837159654451933 -0.0045036575037930683
leaf_weight=1490 374 529 201 1647 313 469 388 991 56 769 606 131 86 165 645 178 316 253 263 130 208 61 160 72 44 175 666 48 1750 53 456 572 163 258 897 234 42 800 157 1410 199 388 306 1005 216 1024 115 54 57 45 127 98 91 261 89 124 55 210 729 256 50 241
leaf_count=1490 374 529 201 1647 313 469 388 991 56 769 606 131 86 165 645 178 316 253 263 130 208 61 160 72 44 175 666 48 1750 53 456 572 163 258 897 234 42 800 157 1410 199 388 306 1005 216 1024 115 54 57 45 127 98 91 261 89 124 55 210 729 256 50 241
internal_value=-1.50207e-05 0.00533827 -0.00654427 0.00392674 0.00521722 -0.00417713 -0.00876386 -0.0101664 0.00371715 0.00458113 0.00794695 0.00760463 -0.00850198 0.0121325 -0.00344166 -0.00442241 -0.000906489 0.000935219 0.00502709 -0.00114569 -0.00325639 0.00440476 0.00584356 0.00221612 -0.00353349 0.00279808 -0.00236413 0.00259904 0.00289462 -0.00239539 -0.00397579 -0.00258577 -0.0052488 -0.00188389 0.00392765 0.00332784 0.00528114 0.00580341 -0.00571802 0.013183 -0.00144123 -0.00402116 0.00145257 -0.0104604 -0.00584158 -0.000153061 0.00515419 -0.0115072 -0.00731366 -0.00795432 -0.00354244 0.0028125 -0.00956581 -0.00411642 6.81818e-05 0.001952 -0.000669643 -0.00945896 0.00154724 0.00264961 0.00674267 -0.00823333
internal_weight=23966 13169 10797 10905 7618 6531 901 4266 4680 3974 1375 2938 2776 2264 5630 4059 1571 3287 1291 706 3053 377 325 2368 432 2599 919 2296 2248 2604 1527 1194 622 421 1160 2424 1155 1113 1148 1939 1071 566 505 1628 302 1077 226 1326 321 1006 270 143 736 480 219 1874 111 267 1269 1035 306 449
internal_count=23966 13169 10797 10905 7618 6531 901 4266 4680 3974 1375 2938 2776 2264 5630 4059 1571 3287 1291 706 3053 377 325 2368 432 2599 919 2296 2248 2604 1527 1194 622 421 1160 2424 1155 1113 1148 1939 1071 566 505 1628 302 1077 226 1326 321 1006 270 143 736 480 219 1874 111 267 1269 1035 306 449
is_linear=0
shrinkage=0.03


Tree=45
num_leaves=63
num_cat=0
split_feature=9 9 20 9 14 1 1 0 6 7 20 1 27 14 1 7 1 1 0 25 8 1 20 0 25 1 19 12 5 14 7 12 14 6 1 2 16 0 14 27 27 2 14 27 22 22 22 22 2 12 12 19 0 1 20 16 1 9 1 22 27 22
split_gain=918.611 138.679 89.6626 43.2712 30.1432 27.3598 22.173 22.3727 20.8452 18.0271 16.8753 16.7102 16.9649 15.219 17.4461 13.5034 14.4279 12.9714 13.1572 12.9248 12.5891 12.0112 11.7922 13.1688 10.6417 9.7302 11.1431 8.78364 8.69103 9.05254 17.2476 8.65959 12.1856 8.57415 9.92372 8.53137 8.50947 15.8432 8.40974 8.17894 8.13507 9.62941 8.11683 9.97743 7.82011 13.3139 8.84927 11.4006 8.57957 8.32448 10.9352 7.66705 7.67099 7.65918 13.0219 7.52988 8.60679 6.92362 6.82568 6.79697 10.0728 7.70242
threshold=2942.8100000000004 9999.9950000000008 -24176.849999999995 3311.0500000000006 2191.8971039783178 5.5000000000000009 5.5000000000000009 30.500000000000004 -0.81241147629688992 0.90892735371523092 -15561.4 1.0000000180025095e-35 0.20500000000000099 1728.6384564116754 2.5000000000000004 0.34537287020513602 3.5000000000000004 1.0000000180025095e-35 24.500000000000004 18.140000000000004 -0.85336608150419258 3.5000000000000004 10622.500000000002 28.500000000000004 14.765000000000002 1.5000000000000002 17313.250000000004 3349.8680133928574 -0.41248606129204551 1347.9285317049103 -0.86976336936302323 2759.593645833334 2039.2232694258635 -0.41248606129204529 5.5000000000000009 10.500000000000002 5425.5850000000009 23.500000000000004 2365.7884885307753 -0.60500000000000032 0.77499999999999958 3.5000000000000004 2349.8124525938206 0.11999999999999923 6032.5343142361116 5846.5585912698416 5421.8509412202393 5530.507165178572 9.5000000000000018 4392.1059523809536 4873.4522916666674 11334.550000000001 19.500000000000004 1.0000000180025095e-35 -32506.699999999993 5165.7750000000005 1.5000000000000002 4999.005000000001 1.0000000180025095e-35 5558.6630592757947 -0.54499999999999982 5474.057918526787
decision_type=2 2 2 2 2 2 2 2 2 2 2 2 2 2 2 2 2 2 2 2 2 2 2 2 2 2 2 2 2 2 2 2 2 2 2 2 2 2 2 2 2 2 2 2 2 2 2 2 2 2 2 2 2 2 2 2 2 2 2 2 2 2
left_child=2 3 8 33 11 22 10 19 13 38 28 20 24 14 35 16 36 18 -12 39 -5 31 23 -3 -13 26 -26 40 58 30 -30 -14 -33 34 -2 -1 37 -6 -7 -8 41 -23 43 55 45 46 48 -48 49 51 -51 52 -18 54 -15 -19 -57 -17 -4 61 -61 -38
right_child=1 5 6 4 15 9 7 -9 -10 -11 17 12 21 53 -16 57 44 42 -20 -21 -22 27 -24 -25 25 -27 -28 -29 29 -31 -32 32 -34 -35 -36 -37 59 -39 -40 -41 -42 -43 -44 -45 -46 -47 47 -49 -50 50 -52 -53 -54 -55 -56 56 -58 -59 -60 60 -62 -63
leaf_value=0.00045903346633548555 -7.2442040456603964e-05 -0.00086948567201366339 0.00030428941742740353 -0.0011891684858987084 -0.00059595900218737611 0.0022260038230955282 0.0007300484041923472 -0.0064765903834486677 -0.0027135104066274571 0.014429010163402829 -0.00052319255663026978 -0.00075789102753892829 -0.00063713760742232671 -0.0083297616303413102 -0.0041184315299908469 -6.6695307629611737e-05 -0.0010585293831424992 -0.0026483569760565296 0.0013321285184781928 0.00036898260357745013 0.0083825504349574753 0.00029834851446638663 0.010897691680509034 0.011969653159352785 0.0014738856884485329 0.0027380638224573772 -0.0012069957031302537 -0.00062121672483785419 -0.0034944341915885513 -0.0011582238538774803 0.00018159655810175756 0.0016458066087830048 0.00045560345890526932 0.00014698702590228762 -0.0028164720067061031 -0.001813343712309301 0.0013834044880271 0.011533056095304363 -0.00078116028694481083 -0.0013433022335476608 -0.00070696218747976045 0.0031942415472541261 -0.0011130137216722423 -0.00054983903371286669 -0.0012043035918484612 0.0034034210727655798 -0.0018934024653007775 0.00039414388994262416 -0.00026545745036921531 -0.00030808468803369846 0.0021253921225743433 0.0014231450317797822 0.0012918257074122951 -0.0082923127579887929 -0.00041220698846124556 -0.00029353406673910065 0.00042797989206690086 0.001707828092624517 -0.0012444177366000276 -0.00052536603578930748 0.0017843637660855903 0.0029261330907784889
leaf_weight=166 656 92 178 41 44 114 42 560 1418 147 130 43 72 266 235 957 48 59 355 85 407 308 1343 818 209 1006 49 197 76 2243 237 424 181 1965 127 47 924 235 176 236 69 172 525 738 57 136 130 177 221 169 59 427 92 2116 150 100 374 315 685 212 141 148
leaf_count=166 656 92 178 41 44 114 42 560 1418 147 130 43 72 266 235 957 48 59 355 85 407 308 1343 818 209 1006 49 197 76 2243 237 424 181 1965 127 47 924 235 176 236 69 172 525 738 57 136 130 177 221 169 59 427 92 2116 150 100 374 315 685 212 141 148
internal_value=-6.21633e-07 0.00536654 -0.00638405 0.00379787 0.00495503 0.0114381 -0.00417799 -0.00849026 -0.00970448 0.00455479 -0.00347834 0.00719094 0.00630538 -0.0111305 -0.00601336 0.00337191 0.00440546 -0.00147897 0.00287037 -0.00267857 0.0125612 0.00403441 0.0127706 0.0101098 0.00877294 0.00927273 0.00405405 0.00140562 -0.0048114 -0.00569026 -0.000907643 0.00692478 0.00809406 0.000567479 -0.00208546 0.00021028 0.00629912 0.0110893 0.000206186 -0.00580645 0.00335455 0.00474012 -0.00265442 -0.00135613 0.00227423 0.00270205 0.0017787 -0.00267857 0.00312684 0.00457915 -0.000262009 0.00652289 0.000425532 -0.0120332 -0.00827338 0.00176966 0.00303158 0.000754124 -0.00220486 0.00535414 0.00173729 0.0065424
internal_weight=24129 13108 11021 10418 7670 2690 6623 923 4398 437 5700 3178 2730 2980 448 4492 3220 2281 485 363 448 1423 2253 910 1307 1264 258 746 3419 2556 313 677 605 2748 783 213 1704 279 290 278 549 480 1796 1271 1516 1459 1323 307 1016 795 228 567 140 2532 416 533 474 1272 863 1425 353 1072
internal_count=24129 13108 11021 10418 7670 2690 6623 923 4398 437 5700 3178 2730 2980 448 4492 3220 2281 485 363 448 1423 2253 910 1307 1264 258 746 3419 2556 313 677 605 2748 783 213 1704 279 290 278 549 480 1796 1271 1516 1459 1323 307 1016 795 228 567 140 2532 416 533 474 1272 863 1425 353 1072
is_linear=0
shrinkage=0.03


Tree=46
num_leaves=63
num_cat=0
split_feature=9 9 20 11 1 1 1 0 0 5 12 14 27 18 1 17 7 27 7 7 14 27 20 12 27 17 24 18 27 14 14 20 0 19 17 10 1 1 7 22 27 14 17 17 12 14 18 0 22 14 7 21 22 1 12 20 14 27 1 1 0 19
split_gain=875.224 163.372 71.732 56.967 30.4421 26.9851 26.0831 25.9426 24.8654 23.625 19.2805 18.7317 18.0515 17.0818 18.8901 16.5192 16.4235 15.5038 14.4613 19.7109 15.6778 12.32 11.7521 11.7136 11.703 13.5613 11.6939 11.6818 17.2228 13.3757 11.1546 11.0928 15.4185 10.9976 10.8718 10.1355 9.94499 9.92972 9.77749 9.44388 9.3121 14.0691 9.30959 8.8145 13.135 8.6194 8.5576 8.50024 8.51741 8.38391 9.60999 8.06864 12.1091 7.94223 9.64468 8.32891 7.7005 9.25179 7.69414 7.36348 9.14968 7.32931
threshold=2822.6650000000004 9999.9950000000008 -29446.949999999993 3249.4300000000007 5.5000000000000009 1.0000000180025095e-35 5.5000000000000009 23.500000000000004 31.500000000000004 -0.60876142900872077 4327.3151934523821 2682.2216596261387 0.75000000000000011 11083.650000000003 3.5000000000000004 1448.6600000000001 0.90892735371523092 -0.45999999999999902 0.89787622492179153 0.34537287020513602 2188.5556100918634 0.26500000000000062 -44171.349999999999 2826.2293229166671 -0.56000000000000039 1212.7300000000002 2.3062500000000008 12380.550000000001 -0.025000000000000352 988.11052745578149 1347.9285317049103 11439.250000000002 28.500000000000004 19636.300000000003 300.94000000000005 1701.0700000000002 2.5000000000000004 1.0000000180025095e-35 0.5009122898073749 3550.7948970734128 1.0000000180025095e-35 2156.9821172211405 200.68500000000003 1212.7300000000002 2759.593645833334 1974.9587690039873 18799.350000000002 28.500000000000004 5507.5582576884926 3851.3015437647823 0.92922379131507438 2433.2633333333338 3948.8224503968254 1.0000000180025095e-35 2900.6277752976198 -33563.44999999999 2005.729146281484 -0.56000000000000039 3.5000000000000004 4.5000000000000009 17.500000000000004 29709.600000000002
decision_type=2 2 2 2 2 2 2 2 2 2 2 2 2 2 2 2 2 2 2 2 2 2 2 2 2 2 2 2 2 2 2 2 2 2 2 2 2 2 2 2 2 2 2 2 2 2 2 2 2 2 2 2 2 2 2 2 2 2 2 2 2 2
left_child=2 3 22 13 9 7 31 34 23 37 12 27 18 -2 17 -12 -8 -15 19 24 58 -20 -1 -6 25 -7 59 28 35 -30 36 32 -3 -19 -5 -11 -24 -4 -25 -29 45 46 -39 -35 -45 -16 -42 48 -17 61 -51 -22 -53 54 -32 -56 -37 -58 -21 60 -26 -13
right_child=1 6 4 5 8 10 16 -9 -10 11 15 49 -14 14 40 47 -18 33 21 20 51 -23 30 38 26 -27 -28 39 29 -31 53 -33 -34 43 -36 56 -38 42 -40 -41 41 -43 -44 44 -46 -47 -48 -49 -50 50 -52 52 -54 -55 55 -57 57 -59 -60 -61 -62 -63
leaf_value=-0.017115121152442077 -0.0003853377065760677 0.0018947860611465649 0.00068464239156448056 0.0031707871031032117 0.00025344457605120497 -0.00083056534106060729 0.00037981100730960726 0.0063702784704146786 -0.0075444724162899487 -0.0036389053638879254 -0.00063035790316366301 -0.0012747488394940464 -0.0011458105273048601 -0.00058479334303111134 0.0016869885866043254 0.0011797118939931917 0.01402602007134332 0.0022386628622441938 0.0031438406163456986 0.0010804599897409784 0.00078387449412715244 0.00012994427755656622 0.00044526246234541486 -0.0019385845331900907 -0.000194583350676929 0.0013978297473008004 0.0021574193721627922 -6.3571611704409394e-05 0.0022907860039571215 -0.0015948706946607015 0.0011851621377953058 0.010570760930093783 0.011522615151173915 0.0010745741255580299 -0.00063059607314334791 -0.0024147273396455393 -0.0033556001773327091 0.0021541308700477745 0.00047745319468245562 -0.00067908177293913847 -8.0981891977103252e-05 -0.0010251029951775337 -0.00090541740758586897 -0.0019596047751200807 0.00016751646539855613 0.00022832381832447622 0.00095121843024671194 1.8119332247774622e-05 -0.00043265080405958223 0.001788466204334167 -0.0028071696485404995 -0.0023716952761309073 0.00070333623789805341 -0.0062888283003325095 -0.0056926074714346072 -0.00078263247858822993 -0.0033580580092992338 0.00044256432983545311 -2.8863690502713978e-05 6.018479938079135e-05 0.0010960924988116893 -0.0047224307666013489
leaf_weight=573 1048 122 335 73 86 184 304 971 675 126 345 289 103 188 60 552 147 438 684 376 50 142 102 190 110 113 1131 983 40 1586 51 1209 932 173 161 119 103 73 60 617 567 384 795 44 685 383 84 569 54 47 42 194 83 1613 185 146 122 458 263 298 950 616
leaf_count=573 1048 122 335 73 86 184 304 971 675 126 345 289 103 188 60 552 147 438 684 376 50 142 102 190 110 113 1131 983 40 1586 51 1209 932 173 161 119 103 73 60 617 567 384 795 44 685 383 84 569 54 47 42 194 83 1613 185 146 122 458 263 298 950 616
internal_value=6.44442e-05 0.00486349 -0.00671584 0.00329552 -0.00514669 0.00486027 0.0114807 0.00896766 -0.0099753 -0.0043639 0.00406079 -0.00526457 0.00501388 0.000436498 0.0015863 0.00112426 0.00487832 0.00392413 0.00529373 0.0045004 0.000806618 0.00888755 -0.0108201 -0.00329377 0.00578041 0.000151007 0.00645181 -0.00435711 -0.00565865 -0.00744929 -0.00981372 0.0127937 0.0105213 0.00505593 0 -0.0021247 -0.00313107 -0.000585548 -0.00657371 -0.00236102 -0.000831643 -0.002389 -0.00227848 0.00315615 0.00170548 0.00280405 0.00029908 0.00281888 0.0052883 -0.00895477 -0.000166667 -0.00452744 -0.00652878 -0.0104985 -0.00657963 -0.0084488 -0.000707143 0.000722892 0.00353906 0.00456954 0.00573987 -0.00981788
internal_weight=24206 14174 10032 11460 7259 7406 2714 1205 1011 6248 6201 5045 4681 4054 3006 1520 451 1528 4578 3752 966 826 2773 336 2786 297 2489 4051 2451 1626 2200 2263 1054 1340 234 825 205 1203 250 1600 1478 1035 868 902 729 443 651 1175 606 994 89 327 277 1995 382 331 699 580 639 1358 1060 905
internal_count=24206 14174 10032 11460 7259 7406 2714 1205 1011 6248 6201 5045 4681 4054 3006 1520 451 1528 4578 3752 966 826 2773 336 2786 297 2489 4051 2451 1626 2200 2263 1054 1340 234 825 205 1203 250 1600 1478 1035 868 902 729 443 651 1175 606 994 89 327 277 1995 382 331 699 580 639 1358 1060 905
is_linear=0
shrinkage=0.03


Tree=47
num_leaves=63
num_cat=0
split_feature=9 9 9 1 10 10 1 1 20 12 18 5 15 15 25 11 15 20 0 24 1 17 25 15 12 12 26 25 17 17 22 7 8 26 25 9 12 18 1 22 12 25 12 11 0 1 18 10 17 25 26 1 11 10 22 22 17 18 15 0 25 26
split_gain=828.483 122.409 117.698 31.7444 31.7809 28.1097 32.0354 22.076 20.8008 18.2637 16.0819 16.0674 15.937 15.6818 14.7446 20.6518 13.4744 13.136 13.3033 12.7006 12.0493 16.7761 11.7616 13.3894 15.1167 12.8539 12.7263 11.2705 10.8474 14.4588 10.1755 9.48833 9.01283 11.7571 8.91917 8.86608 8.53351 9.3248 8.52223 8.48643 9.351 8.71436 8.33576 9.08961 8.10145 8.01884 11.3651 7.81043 7.75572 7.57491 7.27529 7.18216 7.92179 7.11366 7.10691 7.05957 8.67658 7.01602 6.9722 10.1441 10.0101 7.26836
threshold=3078.1250000000005 9999.9950000000008 2250.5350000000003 4.5000000000000009 4069.4700000000007 1200.5800000000002 4.5000000000000009 5.5000000000000009 -15223.499999999996 4392.1059523809536 12682.6 -0.5 4900.826822916667 5295.0756250000004 19.125000000000004 2920.9350000000004 6463.2028645833334 11439.250000000002 28.500000000000004 2.4875000000000029 3.5000000000000004 1543.1100000000004 16.885000000000002 3167.192239583334 3411.0640922619054 4151.2705431547629 10.105000000000002 16.810000000000006 1103.6650000000002 900.15500000000009 3669.8172085813494 0.98667101781630195 0.36447543099728863 6.5950000000000015 19.125000000000004 1676.5250000000003 3545.4048660714293 21348.500000000004 1.0000000180025095e-35 5688.1775979662716 2821.211123511905 15.095000000000001 2800.5643898809526 1749.345 22.500000000000004 1.5000000000000002 13237.350000000002 3033.5350000000003 1508.4750000000001 15.315000000000003 7.3250000000000011 1.0000000180025095e-35 4759.2450000000008 3300.0250000000005 3209.5213219246039 5079.9655747767874 1541.8000000000002 17875.100000000002 3673.0002083333343 25.500000000000004 16.925000000000001 5.2000000000000011
decision_type=2 2 2 2 2 2 2 2 2 2 2 2 2 2 2 2 2 2 2 2 2 2 2 2 2 2 2 2 2 2 2 2 2 2 2 2 2 2 2 2 2 2 2 2 2 2 2 2 2 2 2 2 2 2 2 2 2 2 2 2 2 2
left_child=2 3 5 4 12 35 10 17 28 58 11 -7 22 36 39 -16 38 18 -3 -11 27 34 23 24 49 32 30 -10 29 47 -25 53 33 -24 -22 -1 -9 -38 -12 40 41 -5 43 -8 -17 46 -35 -4 -14 -2 -31 -34 -53 -27 57 56 -37 -42 59 -6 -60 -61
right_child=1 7 8 14 9 6 42 13 20 19 16 -13 48 -15 15 44 -18 -19 -20 -21 21 -23 25 26 -26 31 -28 -29 -30 50 -32 -33 51 45 -36 55 37 -39 -40 -41 54 -43 -44 -45 -46 -47 -48 -49 -50 -51 -52 52 -54 -55 -56 -57 -58 -59 60 61 -62 -63
leaf_value=-0.016169310900264796 0.0011781551902193853 0.0010434164241462972 -0.0022023161846687509 -0.00022539881572959607 0.00051592777642002648 -0.0008023567819233434 -0.0031620583863566408 0.0026798906436483172 -0.00054526610251991235 -0.00010636794615408007 0.00076804479365771166 -0.0020813036029123208 0.0018195283322741229 0.01366476143900293 -0.00049597943068233616 0.002473992953989832 -0.0052770554069871568 0.010253638102190975 0.011119881333661645 0.0020451056087989806 -8.2336422738271681e-05 -0.0011795626057980789 -0.00048910285922596939 -0.001004377809570851 -0.001148198458681815 -0.00012544981622713891 -0.0048398034859941852 0.00016218342332251277 -0.0011695933938134838 0.0019429267530449044 0.00031206665936950984 -0.0014974478065585028 0.0028639007097742562 1.2824958460555536e-05 0.00119606044172484 -0.0027904133375845717 -0.00086518799253203931 0.0025848049197005805 -0.0003285226006158126 0.0024641660759402483 -0.0013383886302028713 0.0036081535417841425 -0.0065470150154650361 0.0001654808666995411 0.0010317065568821882 0.0025555437171672145 0.0026287219973938746 0.0006323406459438363 -0.00076575706942605848 0.0027087024196792162 2.85988019968908e-05 0.00047624706504274523 0.0031277187097200265 0.00082945375073881775 -2.2727754478051308e-05 -0.0060217563276006112 0.0007741488410333197 0.00050130478305371979 -0.0020607662030041763 0.0010183629762760304 0.0025553740400603964 0.0076346511784446307
leaf_weight=1146 200 119 390 74 90 602 81 88 360 326 139 1941 42 142 147 239 84 1210 931 241 466 843 59 113 70 275 65 1628 2171 99 270 48 117 152 90 90 153 45 446 97 124 92 1054 69 261 557 83 75 237 125 144 969 82 485 1606 167 53 58 48 70 826 993
leaf_count=1146 200 119 390 74 90 602 81 88 360 326 139 1941 42 142 147 239 84 1210 931 241 466 843 59 113 70 275 65 1628 2171 99 270 48 117 152 90 90 153 45 446 97 124 92 1054 69 261 557 83 75 237 125 144 969 82 485 1606 167 53 58 48 70 826 993
internal_value=0.000120284 0.0057347 -0.00539748 0.00409489 0.00522387 -0.00844883 -0.00725379 0.0113685 -0.0025371 0.00780347 -0.00568627 -0.00677476 0.00352785 0.0051049 0.00135606 0.00530093 -0.00154478 0.012552 0.0100761 0.00303697 -0.000943034 -0.003075 0.00405339 0.000941943 0.00496212 0.00498055 -0.00260579 0.000558069 -0.00441146 -0.00118477 -0.000507812 0.00177998 0.0062599 0.00860915 0.000969479 -0.0120659 0.0010453 -0.00241206 7.67918e-05 0.000109649 -0.000322251 0.00646707 -0.0114274 -0.00476821 0.00820359 0.00957125 0.00489407 -0.00428112 -0.003375 0.00768405 0.00473361 0.00454234 0.00375 0.00260184 -0.000955841 -0.00752412 -0.00260417 -0.00655738 0.00913462 0.0106716 0.00709714 0.0114897
internal_weight=24067 11929 12138 9241 6543 5872 4416 2688 6266 2594 3212 2543 3949 428 2698 647 669 2260 1050 567 3387 1399 3670 843 395 2827 448 1988 2879 708 383 808 2019 851 556 1456 286 198 585 2051 1954 166 1204 150 500 792 235 465 279 325 243 1168 1051 760 1788 310 143 182 2027 1153 874 1063
internal_count=24067 11929 12138 9241 6543 5872 4416 2688 6266 2594 3212 2543 3949 428 2698 647 669 2260 1050 567 3387 1399 3670 843 395 2827 448 1988 2879 708 383 808 2019 851 556 1456 286 198 585 2051 1954 166 1204 150 500 792 235 465 279 325 243 1168 1051 760 1788 310 143 182 2027 1153 874 1063
is_linear=0
shrinkage=0.03


Tree=48
num_leaves=63
num_cat=0
split_feature=9 9 20 11 1 20 9 12 0 1 12 10 1 12 7 27 12 27 8 1 15 7 10 15 4 21 1 27 4 1 9 25 12 10 12 27 7 11 11 16 27 8 27 0 1 16 16 0 15 13 21 0 9 1 15 7 21 16 16 27 7 21
split_gain=799.925 130.897 107.037 35.2431 30.6639 33.1486 26.5024 21.2553 19.7306 17.9725 18.5526 15.8002 12.6311 13.7729 12.202 13.573 19.614 12.1921 11.9807 11.9777 11.865 11.2844 11.058 10.8443 10.3469 10.3321 9.85736 9.74743 9.22798 8.991 10.7483 8.99054 8.80821 8.39234 8.06212 8.57868 7.9822 7.8003 7.61107 7.45914 7.89716 7.42057 7.40381 7.2119 12.536 12.0649 11.8668 14.9539 8.80147 8.59187 7.52416 7.02402 6.86007 6.52542 8.92593 9.65729 9.21961 6.59396 9.2239 10.7478 6.49791 6.47876
threshold=3200.0950000000007 2213.2600000000007 10622.500000000002 5115.3300000000008 5.5000000000000009 -41956.649999999994 2701.3800000000006 4495.5636309523825 56.500000000000007 3.5000000000000004 3773.5762872023811 2889.0200000000009 5.5000000000000009 3076.0647023809529 0.9053161325100999 -0.054999999999998821 4392.1059523809536 0.054999999999999723 -0.91680451578459654 5.5000000000000009 2368.5494791666674 0.70517752626968588 1001.8450000000001 3638.4790104166673 1.0000000180025095e-35 3463.5933333333342 3.5000000000000004 0.26500000000000062 1.0000000180025095e-35 1.0000000180025095e-35 4550.7650000000012 14.980000000000002 2821.211123511905 4147.7850000000008 4241.5565104166681 1.0000000180025095e-35 -0.77786766366919291 4524.7200000000012 2849.7750000000005 3994.8900000000003 0.8249999999999994 0.94066717844141279 0.19500000000000031 61.500000000000007 1.0000000180025095e-35 5165.7750000000005 6650.6950000000006 26.500000000000004 2559.1267187500002 8998.1850000000031 1867.4333333333336 34.500000000000007 4789.6400000000003 1.0000000180025095e-35 2412.4126562500001 0.94704596667653973 3463.5933333333342 9999.6750000000011 5000.6900000000014 -0.14999999999999944 -0.50556189049999822 2851.4733333333338
decision_type=2 2 2 2 2 2 2 2 2 2 2 2 2 2 2 2 2 2 2 2 2 2 2 2 2 2 2 2 2 2 2 2 2 2 2 2 2 2 2 2 2 2 2 2 2 2 2 2 2 2 2 2 2 2 2 2 2 2 2 2 2 2
left_child=1 4 3 9 5 -1 12 24 22 10 11 -2 43 -14 15 16 36 -17 -9 -4 -13 -21 42 37 29 -16 -25 -27 31 -5 -31 -24 -19 -22 35 60 -11 39 -34 -8 -41 53 -7 46 48 -46 47 -3 -45 -48 -51 -40 -18 54 -33 56 -56 58 59 -58 -28 -20
right_child=2 6 19 7 -6 8 23 18 -10 14 -12 20 13 -15 25 17 52 32 61 21 33 -23 28 26 -26 27 34 -29 -30 30 -32 41 38 -35 -36 -37 -38 -39 51 40 -42 -43 -44 44 45 -47 49 -49 -50 50 -52 -53 -54 -55 55 -57 57 -59 -60 -61 -62 -63
leaf_value=-0.015419046301124027 -0.00070623589390732982 -0.0021247972379383651 0.0099460289591252679 0.018638391459504289 -0.018326796290682533 -0.012094448728201264 -0.0026886134982034224 0.0098896190737612771 -0.0009015745007350251 0.00043156889353974216 0.00051591472526922642 -0.0019794153038571595 1.8097706411013269e-05 -0.0037669412778821697 0.0017284235685335503 -0.0011918049908587669 -0.00012433472403010625 0.0027262868282213137 0.0011852879750324163 0.00057319415144084116 0.0011778350514270563 0.013165416413190379 8.7570017068663299e-05 6.1320684201859876e-06 0.00077512120800228958 0.0011837335834330887 -0.00058967426352759308 -0.0008171569981910309 -0.017842413720824311 0.0010855694233135081 0.010487358485531856 -0.0042644318461783201 -0.00069095086506710147 0.0065666290060905561 -0.0018635058925588321 -0.00065148433264740292 0.0016168059322792417 0.0021564737017708779 0.00065471114609008999 0.00013054099387172614 -0.0014604782191201427 0.00038241589648426274 -0.0012404985349849706 -0.00076164112696802449 0.001428787053831897 -0.0016219079342149189 0.0015518154765552516 -0.00014761397148107313 0.0012946636255177289 0.00041763788112550768 -0.00065162715473517259 -0.00018692829586369086 -0.0013039809168628924 -0.0018681248562262985 -0.0019258216180320974 -0.0038454752606810728 -0.0018799060196158779 0.0014596694573972967 -0.0014358175367322667 0.0020945100825346861 0.00077572223281274332 7.2117811253491484e-07
leaf_weight=695 113 352 1418 349 746 468 42 110 1055 420 1643 55 116 353 289 165 248 128 40 136 1095 147 88 926 121 203 113 68 147 370 1110 135 154 566 299 421 619 142 322 1693 107 59 93 70 71 416 41 176 118 105 1702 635 56 1768 40 60 54 47 126 73 147 466
leaf_count=695 113 352 1418 349 746 468 42 110 1055 420 1643 55 116 353 289 165 248 128 40 136 1095 147 88 926 121 203 113 68 147 370 1110 135 154 566 299 421 619 142 322 1693 107 59 93 70 71 416 41 176 118 105 1702 635 56 1768 40 60 54 47 126 73 147 466
internal_value=0.000154286 -0.00487026 0.00609668 0.00483576 -0.00830769 -0.00744347 -0.00224666 0.00783015 -0.00643925 0.00370133 0.00520875 0.00728689 -0.00413235 -0.00871277 0.00211759 0.00129367 0.00344866 -0.000768683 0.00296596 0.013017 0.00800233 0.00734155 -0.00762583 -0.000539707 0.00936443 0.00614973 -0.00215522 0.00193015 -0.00679561 0.00992623 0.00889264 -0.00635251 0.000254032 0.00845668 -0.00425076 -0.00244135 0.00540865 0.00101259 -0.000607014 0.000488334 0.000782898 -0.00670334 -0.0114502 -0.00342562 -0.00068787 -0.00322746 -0.00420278 -0.00816635 0.00587302 -0.00306652 -0.00337666 0.000391441 -0.0032459 -0.00697266 -0.00405784 -0.00179551 0.000175953 0.00199336 5.90551e-05 0.00574219 0.00183908 0.00100592
internal_weight=24110 13064 11046 9345 5654 4908 7410 2566 4213 6779 3472 1829 3520 469 3307 2747 1343 1404 616 1701 1716 283 3158 3890 1950 560 1906 271 2597 1829 1480 2450 1239 1661 980 681 1039 1984 1111 1842 1800 2362 561 3051 675 487 2376 528 188 1848 1807 957 304 2303 535 400 340 300 253 127 260 506
internal_count=24110 13064 11046 9345 5654 4908 7410 2566 4213 6779 3472 1829 3520 469 3307 2747 1343 1404 616 1701 1716 283 3158 3890 1950 560 1906 271 2597 1829 1480 2450 1239 1661 980 681 1039 1984 1111 1842 1800 2362 561 3051 675 487 2376 528 188 1848 1807 957 304 2303 535 400 340 300 253 127 260 506
is_linear=0
shrinkage=0.03


Tree=49
num_leaves=63
num_cat=0
split_feature=20 20 11 11 14 14 20 20 12 12 15 12 8 13 27 23 1 11 0 17 2 7 14 17 15 1 22 15 1 4 12 15 19 1 27 0 1 5 0 7 1 7 1 19 7 4 25 15 22 11 14 27 16 1 8 27 27 19 11 19 7 22
split_gain=749.114 117.578 117.193 33.7279 27.5133 25.7728 23.4874 23.447 19.245 19.2437 18.8698 20.0285 17.4477 16.4177 17.7755 15.8127 15.2442 14.3483 14.0496 12.948 12.4523 12.1286 12.1153 11.9742 13.9241 11.8442 17.8906 11.4859 11.4494 10.9923 10.7316 10.5273 10.2133 13.9598 13.4442 10.0414 9.86208 17.249 9.57056 9.53189 9.44174 8.92795 9.66601 8.84578 9.29213 10.25 8.4095 8.28276 8.21597 8.07406 8.04958 9.33631 8.96199 8.03921 8.37768 7.95219 7.89479 7.61312 7.45106 7.3731 7.16841 7.15918
threshold=-7357.9999999999982 10265.000000000002 2219.0450000000005 4999.0350000000008 2205.5425872036726 2169.9542670621054 -34744.599999999991 -15561.4 3582.9710714285716 4495.5636309523825 4235.1539062500005 3688.2448586309524 0.61067742788105683 6451.5650000000014 0.86500000000000032 17.393750000000008 5.5000000000000009 3000.8450000000007 57.500000000000007 1551.0300000000002 1.5000000000000002 0.34537287020513602 2084.7628151692766 1001.6650000000001 4941.5795833333341 4.5000000000000009 3115.0623759920641 2797.8418750000001 5.5000000000000009 1.0000000180025095e-35 2800.5643898809526 5295.0756250000004 44269.000000000007 1.0000000180025095e-35 -0.59499999999999964 18.500000000000004 1.0000000180025095e-35 -0.22695468355932472 38.500000000000007 -0.78856175031405207 5.5000000000000009 -0.93545489084327571 2.5000000000000004 7458.7000000000007 0.37744852145085445 1.0000000180025095e-35 14.710000000000003 2394.752395833334 5381.0760044642866 2810.5150000000008 1340.5338107792338 0.019999999999998689 6850.3900000000003 1.0000000180025095e-35 -0.54219087765047058 -0.27000000000000129 -0.10999999999999942 31125.950000000001 1384.325 13789.950000000003 -0.048361574224334618 4113.6023747519857
decision_type=2 2 2 2 2 2 2 2 2 2 2 2 2 2 2 2 2 2 2 2 2 2 2 2 2 2 2 2 2 2 2 2 2 2 2 2 2 2 2 2 2 2 2 2 2 2 2 2 2 2 2 2 2 2 2 2 2 2 2 2 2 2
left_child=2 3 5 4 12 6 27 8 13 29 17 -12 55 -4 50 20 18 -6 32 -11 -14 49 -23 -13 56 26 -8 41 -3 35 -27 -30 33 34 -7 -5 37 -9 -26 -35 -17 -1 47 -19 45 -45 -38 -43 59 -10 52 61 -15 -37 -55 -2 -25 -28 -59 -31 -60 -52
right_child=1 28 7 9 10 16 25 36 21 19 11 23 15 14 -16 40 -18 43 -20 -21 -22 22 -24 24 38 30 57 -29 31 48 -32 -33 -34 39 -36 53 46 -39 -40 -41 -42 42 -44 44 -46 -47 -48 -49 -50 -51 51 -53 -54 54 -56 -57 -58 58 60 -61 -62 -63
leaf_value=-0.015329436177945891 0.0036120313948773395 0.0096476480903514884 -0.0034935239782936823 -0.00022773900318898477 -0.0019568792443978335 0.00086459999576073978 -0.00097305452401355011 0.0021836213634819934 -0.0012128200003763466 -0.00015691396051160212 0.0046461344811780676 0.0068746905017781842 -0.0006504555079672069 -0.00040158919043027376 -0.0045120838146502831 0.00018691062923174682 -0.016995531806773378 -0.0024201250763052863 -0.0013180942545676986 0.002107346440908122 0.001144672213869029 0.00053938292454228868 -0.0036413525207669027 0.0011174299585647951 -0.00088749679572266863 0.0001211792458093086 0.0004205084217526256 -0.0087656180533102115 0.00028398105476115095 0.011472306725102958 -0.003726068938175757 0.012859856103437118 -0.0145770372018992 -0.007739728614491374 -0.0030586687736001749 0.018038163879352406 0.00054683455841949777 -0.0002397537760666779 0.00029270910556927098 -0.0021248137689528421 -0.0011696395568088968 -0.0026349433317570448 -0.0041581454275471325 0.00034314119549991415 -0.00081331911282051189 -0.0043267989240566339 -0.00019258323157826494 0.0011119372288617769 -0.0098163310468634257 -8.7988568443169148e-05 0.00071222883370292145 -0.00053949684261177298 0.00047550701168878716 0.010582319789653658 0.0040518301006836838 0.0015013500259608036 5.580883235598577e-05 0.0013049269660668282 -0.0015435377964558184 -0.0019002648200871163 5.3410747562043781e-05 6.1168862411893344e-05
leaf_weight=119 304 1500 86 74 134 71 300 296 833 387 194 122 78 143 84 534 583 42 373 278 685 58 501 817 257 124 198 483 124 46 457 156 582 491 107 427 48 345 152 711 120 51 164 1263 292 52 3009 89 40 371 67 916 227 408 1071 1304 512 85 270 41 295 211
leaf_count=119 304 1500 86 74 134 71 300 296 833 387 194 122 78 143 84 534 583 42 373 278 685 58 501 817 257 124 198 483 124 46 457 156 582 491 107 427 48 345 152 711 120 51 164 1263 292 52 3009 89 40 371 67 916 227 408 1071 1304 512 85 270 41 295 211
internal_value=0.000204859 0.00578712 -0.00479332 0.00447743 0.00334839 -0.00806716 -0.00591237 -0.00226584 -0.00402659 0.0072701 0.00166102 0.00362044 0.00548744 -0.00178098 -0.00110976 0.00305712 -0.0100103 -0.000596973 -0.00891909 0.00281532 0.00598822 -0.00623299 -0.00988393 0.00265986 0.0020184 -0.00385838 -0.00208877 -0.00982359 0.0128692 0.0086741 -0.00734536 0.00725979 -0.00993377 -0.00851557 -0.000670391 0.00922261 -0.000600162 0.00278037 -0.00281707 -0.00967581 -0.000366412 -0.00619104 -0.00344262 0.000172727 0.000531716 0.00160714 -0.00130968 0.00234043 0.000117187 -0.00453112 -0.000383387 -0.00158159 0.00347709 0.00964342 0.00858446 0.00762585 0.00350752 0.000141343 -0.00142857 0.00528409 -0.00267668 0.00322581
internal_weight=24162 11414 12748 9634 6862 5553 2635 7195 3497 2772 3837 2054 3025 1734 1648 1417 2918 1783 2335 665 763 1763 559 1860 1738 1729 1148 906 1780 2107 581 280 1962 1380 178 1980 3698 641 409 1202 654 423 304 1649 1607 1315 3057 140 127 1204 1564 1194 370 1906 1479 1608 1329 848 650 87 565 278
internal_count=24162 11414 12748 9634 6862 5553 2635 7195 3497 2772 3837 2054 3025 1734 1648 1417 2918 1783 2335 665 763 1763 559 1860 1738 1729 1148 906 1780 2107 581 280 1962 1380 178 1980 3698 641 409 1202 654 423 304 1649 1607 1315 3057 140 127 1204 1564 1194 370 1906 1479 1608 1329 848 650 87 565 278
is_linear=0
shrinkage=0.03


Tree=50
num_leaves=63
num_cat=0
split_feature=9 9 9 20 1 14 1 10 10 1 7 27 14 12 14 1 0 26 22 4 11 14 20 26 1 0 16 0 20 1 26 0 11 27 1 0 26 7 1 27 12 22 5 27 27 14 27 27 14 27 7 8 22 22 11 7 24 16 12 7 12 4
split_gain=702.541 121.389 109.38 29.2698 29.2487 26.3858 25.5384 26.5359 19.157 18.3232 16.2718 15.7177 15.3891 14.2497 14.2089 13.7186 18.0139 12.476 12.4711 12.3909 12.1161 11.9896 11.636 10.9313 14.4271 10.9616 13.2992 10.6845 10.5107 10.0119 9.65409 9.12959 9.00883 9.89623 9.00564 10.8174 8.46222 12.7101 9.32162 9.65804 8.41276 8.84737 8.39297 8.32191 8.30302 11.1837 11.1891 8.3566 8.47671 7.98924 19.1545 9.0644 9.83957 8.60689 7.90816 7.88554 7.83817 7.72711 7.43436 7.36985 7.16648 7.16575
threshold=3199.3300000000004 9999.9950000000008 2000.8300000000002 -15223.499999999996 5.5000000000000009 2188.5556100918634 5.5000000000000009 1019.1350000000001 9499.0450000000019 1.0000000180025095e-35 0.90892735371523092 -0.21499999999999983 2682.2216596261387 4276.5800446428575 2692.6761492822102 5.5000000000000009 38.500000000000007 11.265000000000002 5748.263710317462 1.0000000180025095e-35 4259.6950000000006 1750.4270194689273 11439.250000000002 7.0500000000000007 4.5000000000000009 71.500000000000014 4999.7350000000015 28.500000000000004 -41088.749999999993 5.5000000000000009 7.2550000000000008 19.500000000000004 2919.1600000000003 0.16499999999999918 1.0000000180025095e-35 24.500000000000004 9.4200000000000017 0.99274428880883148 4.5000000000000009 -0.73499999999999932 3766.6550223214294 3098.0572941468258 -0.95642797789208689 0.21499999999999989 0.32000000000000034 2144.1659726980383 0.035000000000000149 -0.56000000000000039 2672.7022779832719 0.58000000000000018 -0.75015329512557205 0.97648852793709995 5902.137624007938 3677.560233134921 6000.3450000000012 -0.16799356919963607 6.0499999999999998 5049.8450000000003 4251.0661532738104 -0.33425342068356556 3142.4088244047621 1.0000000180025095e-35
decision_type=2 2 2 2 2 2 2 2 2 2 2 2 2 2 2 2 2 2 2 2 2 2 2 2 2 2 2 2 2 2 2 2 2 2 2 2 2 2 2 2 2 2 2 2 2 2 2 2 2 2 2 2 2 2 2 2 2 2 2 2 2 2
left_child=2 5 6 14 22 9 7 21 32 18 -6 -11 13 19 23 17 43 34 -2 28 42 -1 27 49 25 26 31 -3 56 -10 -28 -25 33 -7 35 -5 37 38 54 -40 41 -30 -13 -17 45 -36 47 -47 -49 51 60 52 53 -4 -34 -54 -9 58 -14 -48 -51 -44
right_child=1 4 3 15 10 8 -8 12 29 11 -12 20 57 -15 -16 16 -18 -19 -20 -21 -22 -23 -24 24 -26 -27 30 -29 40 -31 -32 -33 36 -35 44 -37 -38 -39 39 -41 -42 -43 61 -45 -46 46 59 48 -50 50 -52 -53 55 -55 -56 -57 -58 -59 -60 -61 -62 -63
leaf_value=0.00046132451437244979 0.0066358214618411184 0.0027738256360739567 -0.00094945627023109932 -0.00020529971276682878 0.00010313974686102511 -0.00047411930180455639 -0.018663124680115595 -0.0085022026505443948 0.014461182372729996 0.0034150907530621486 0.012384658237691521 -0.00059965112647679668 0.00019951759497160103 0.0016719950903578695 -0.0034352344925130751 -0.00073685892579879121 -0.0035275644422615481 -0.0014178969781894946 -0.00050716507887887724 -0.011415657565414187 0.0024212821899036105 -0.014236937011133261 0.0093582186476409215 -0.0021873080801510358 -0.0016510419921566964 0.00085486019308246954 0.0014573710317699806 0.010407164599042389 -0.001299829516240174 -0.00047579655470837419 -2.5737908179390701e-05 -7.5605382614210014e-05 0.0007361341142882072 0.0021387354928022527 0.00036108034631948449 0.0014828633087143927 -7.5382452044605582e-05 -0.00095133028919140543 -0.0016216992324614131 0.00031395717277757026 -0.0025359876290306049 -0.00034502411414590202 0.00046711800048090165 0.0004919154384398183 -0.00058939249940353372 -0.00056798931127840287 3.5193544879259517e-05 0.00046182935010670608 -5.6188433195147876e-05 0.0018492516310774842 -0.0037591339498316855 -6.8135356869225561e-05 0.0020318771329625382 -0.0026131402161532601 0.0026691298349762957 -0.00066878383091983017 -0.00080012936873089294 -0.0052904026276014895 -0.0059614958581386051 -0.0010462826032508719 -0.0007753595881332708 0.0019599366388069316
leaf_weight=57 414 112 1125 182 289 335 604 206 444 416 143 195 87 67 639 196 313 196 58 117 720 996 1189 112 408 81 59 932 178 58 879 99 1772 52 807 449 846 100 79 786 204 1081 1475 97 377 340 189 471 244 135 73 231 40 255 475 65 71 693 62 380 54 112
leaf_count=57 414 112 1125 182 289 335 604 206 444 416 143 195 87 67 639 196 313 196 58 117 720 996 1189 112 408 81 59 932 178 58 879 99 1772 52 807 449 846 100 79 786 204 1081 1475 97 377 340 189 471 244 135 73 231 40 255 475 65 71 693 62 380 54 112
internal_value=0.000171181 0.00574207 -0.00457314 -0.00258091 0.0113147 0.00395958 -0.00839851 -0.00748822 0.00256164 0.00599823 0.00415704 0.00510791 -0.00594145 -0.00445714 -0.00433858 -0.000816832 -0.00499176 -0.000119637 0.0114799 -0.00494887 0.00420695 -0.0115417 0.012697 -0.00360796 -0.00179378 -0.000170593 -0.000926087 0.0103636 -0.00430787 0.00811133 0.000607029 -0.00771226 0.0019332 -0.00243557 0.000300872 0.00353639 0.00235033 0.00305322 0.00339223 0.000744804 -0.00328893 -0.00236905 0.00287717 0.000357143 -0.000427198 0.000215872 -0.00121846 0.000610795 0.00245112 -0.00510864 -0.000228137 -0.00585323 -0.00671265 -0.00738595 0.00441059 0.00212264 -0.00965827 -0.00932384 -0.0031 -0.00460526 0.00481579 0.00359887
internal_weight=23921 11002 12919 8496 2665 8337 4423 3819 4947 3390 432 2918 2766 1924 4255 4241 606 3635 472 1857 2502 1053 2233 3616 1638 1230 1149 1044 1740 502 938 211 4445 387 3439 631 4058 3212 3112 865 1463 1259 1782 293 2808 2431 1624 1055 715 1978 262 1716 1485 1380 2247 105 277 842 149 569 189 1587
internal_count=23921 11002 12919 8496 2665 8337 4423 3819 4947 3390 432 2918 2766 1924 4255 4241 606 3635 472 1857 2502 1053 2233 3616 1638 1230 1149 1044 1740 502 938 211 4445 387 3439 631 4058 3212 3112 865 1463 1259 1782 293 2808 2431 1624 1055 715 1978 262 1716 1485 1380 2247 105 277 842 149 569 189 1587
is_linear=0
shrinkage=0.03


Tree=51
num_leaves=63
num_cat=0
split_feature=9 9 9 10 14 14 20 10 11 14 12 27 26 11 11 27 9 16 23 16 14 27 7 11 8 14 22 8 25 12 23 16 26 12 16 0 16 17 14 11 23 22 7 27 15 17 22 7 8 26 26 7 12 12 8 17 26 7 23 27 17 27
split_gain=682.611 121.519 106.373 35.599 24.2071 22.6362 18.0493 16.2763 14.8552 15.104 14.4893 14.4578 14.083 13.3935 12.9425 12.8866 12.3478 10.9309 10.7786 10.4309 10.2746 9.97337 9.72505 9.65804 9.63049 13.1589 15.4483 10.6443 9.39053 8.95112 10.3382 8.7414 8.27638 8.18554 8.13665 11.2407 10.6831 7.95835 8.22874 7.90233 10.0167 14.5431 15.1078 13.0756 7.88368 10.2539 15.6934 9.39856 7.87308 7.84217 7.78891 8.04944 7.73344 7.58518 7.17005 7.56428 7.13564 6.60289 10.4936 10.1376 8.03621 6.59432
threshold=3200.0950000000007 9999.9950000000008 2380.2650000000008 1200.5800000000002 2188.5556100918634 2692.6761492822102 10622.500000000002 9499.0450000000019 3200.8800000000006 2188.5556100918634 4823.5526488095247 0.46499999999999991 4.7100000000000009 2299.2850000000003 4114.8350000000009 0.75000000000000011 1676.5250000000003 6949.7350000000006 36.91875000000001 5049.8450000000003 2181.7854959355432 -0.31000000000000133 0.14569472580964501 1005.0350000000001 -0.12545862287572049 2692.6761492822102 6032.5343142361116 0.93469109537144635 19.290000000000003 4154.6150892857149 15.693750000000003 5281.1400000000003 9.2800000000000029 4257.4148437500007 5281.1400000000003 33.500000000000007 5000.255000000001 1933.0700000000004 2594.4094363902468 1730.4050000000004 23.081250000000008 3169.9030270337307 0.74081089433267733 -0.60500000000000032 2368.5494791666674 1008.6950000000001 3225.188717757937 0.78523795966413312 0.97648852793709995 9.2800000000000029 9.7900000000000009 -0.95244167294248061 3866.2431919642863 4068.5145684523818 0.063390085881955341 499.56500000000005 10.500000000000002 0.91248814248966237 16.731250000000006 0.27000000000000141 1998.9150000000002 0.50500000000000089
decision_type=2 2 2 2 2 2 2 2 2 2 2 2 2 2 2 2 2 2 2 2 2 2 2 2 2 2 2 2 2 2 2 2 2 2 2 2 2 2 2 2 2 2 2 2 2 2 2 2 2 2 2 2 2 2 2 2 2 2 2 2 2 2
left_child=2 4 3 16 11 15 10 24 9 12 -3 14 -4 -11 21 39 -1 -9 19 33 49 -2 32 -20 25 26 37 -26 -21 -29 -31 -13 -15 -7 35 36 -10 -6 -39 50 48 -42 43 -43 -14 46 -46 -47 61 -18 51 -5 -24 -54 -16 -56 -48 58 -23 -59 -60 -41
right_child=1 6 8 5 7 18 -8 17 34 13 -12 31 44 22 54 -17 20 -19 23 28 -22 57 52 -25 27 -27 -28 29 -30 30 -32 -33 -34 -35 -36 -37 -38 38 -40 40 41 42 -44 -45 45 47 56 -49 -50 -51 -52 -53 53 -55 55 -57 -58 59 60 -61 -62 -63
leaf_value=-0.014461386565768021 0.0027626040957876084 0.0099927085605517971 -0.0023599416999852173 0.00024164740294420727 0.0028251522242775185 0.00039866283192694138 0.0090774720882116893 0.017876166402730452 -0.00082156140520853063 -0.002713473127901391 -0.001090243915624498 0.0043802900038112822 -0.0024789499172360508 -5.6503651743637917e-05 0.0086196173348757014 -0.0033694276885880602 -0.0021998994788255998 0.0015398858227773005 -0.0056576944134514567 -0.0060525135515082252 -0.0052506615691107683 0.0011107437214050186 -0.002446699417123561 0.00099737407471595313 -0.00019924188299714983 0.00030951207044159544 -0.0010479961836040985 0.0020124451739945391 0.00055852081696422745 0.00067898327020037279 -0.00061904020066839928 6.4670261363763967e-05 -0.0018608665300349745 -0.0052361522304272068 -4.2504895507757824e-05 0.0019709873709687284 0.0028652761701295224 0.0020726604563398696 -0.0005572112270744434 -0.0011060395048635252 0.00086794276127870156 -0.0062067260615095111 -0.0020066779049878703 3.7056358544740317e-05 -0.004427810358439443 -0.00021703573819884968 0.00099289598073333714 0.00052088888319134163 0.00047969449898298321 0.0012480271456016022 -0.015330907678938467 -0.0019076008909998875 0.0004628071260678901 -0.0010111412755448512 -0.00087521715841791796 0.002730912220113799 -7.6431823771745398e-05 0.0027555187767547371 0.00046746092432659481 -0.00052334177035941567 -0.00056655258730144099 8.8151618591059131e-05
leaf_weight=1154 219 1004 141 74 508 81 1589 176 123 520 83 53 113 1086 237 300 75 304 70 939 207 351 111 77 1299 1517 91 173 41 515 156 536 154 69 945 269 45 114 62 1090 138 58 350 827 40 1744 267 224 67 45 153 817 64 397 49 702 91 373 626 78 223 137
leaf_count=1154 219 1004 141 74 508 81 1589 176 123 520 83 53 113 1086 237 300 75 304 70 939 207 351 111 77 1299 1517 91 173 41 515 156 536 154 69 945 269 45 114 62 1090 138 58 350 827 40 1744 267 224 67 45 153 817 64 397 49 702 91 373 626 78 223 137
internal_value=0.000191989 0.00568802 -0.00443796 -0.00705244 0.00390649 -0.00589904 0.0112514 0.00255391 -0.00164325 -0.00241066 0.00825827 0.00583382 -0.000847005 -0.00416631 0.00671563 -0.00478938 -0.011164 0.00779626 -0.00937793 -0.0103714 -0.00599085 0.00524319 -0.00294539 -0.00172297 0.0019849 0.00333624 0.00651418 0.000538713 -0.0114985 0.00315976 0.00158482 0.00155085 -0.00145044 -0.00298013 0.00110629 0.0044863 -0.00159763 0.00805839 0.00254237 -0.00430361 -0.00343516 -0.00164847 -0.00268204 -0.000592551 -0.000320565 5.06971e-05 0.00443609 -0.000837989 -0.00532819 0.000991736 -0.00651675 -0.00543161 -0.00617801 -0.00444805 0.00949444 0.00803856 0.00643454 0.00444007 0.00327227 0.00753319 0.00146471 -0.00587541
internal_weight=24141 11038 13103 6769 8362 5288 2676 4915 6334 4952 1087 3447 2620 2332 2858 4011 1481 480 1277 1130 327 1870 1812 147 4435 2292 775 2143 980 844 671 589 1240 150 1382 437 168 684 176 3711 2667 1373 1235 885 2479 2366 398 1968 1294 120 1044 891 572 461 988 751 358 1651 1200 451 849 1227
internal_count=24141 11038 13103 6769 8362 5288 2676 4915 6334 4952 1087 3447 2620 2332 2858 4011 1481 480 1277 1130 327 1870 1812 147 4435 2292 775 2143 980 844 671 589 1240 150 1382 437 168 684 176 3711 2667 1373 1235 885 2479 2366 398 1968 1294 120 1044 891 572 461 988 751 358 1651 1200 451 849 1227
is_linear=0
shrinkage=0.03


Tree=52
num_leaves=63
num_cat=0
split_feature=9 9 9 1 1 10 1 0 9 14 22 22 19 9 14 1 12 14 5 14 12 10 1 5 1 0 26 26 12 14 6 22 25 0 26 2 16 7 26 25 10 12 1 25 11 19 22 19 13 9 26 26 12 21 7 0 14 16 22 23 25 26
split_gain=626.003 144.844 82.7001 31.6607 31.4824 27.3019 25.3298 39.3824 19.6716 19.6465 18.661 21.9876 15.9443 15.3945 14.7153 14.4221 16.4072 11.4347 10.4526 10.7192 10.5515 10.4002 10.3296 9.97236 8.77125 8.72999 8.31157 10.9022 7.36942 7.36295 7.18929 8.64171 7.18844 9.42799 7.047 8.79057 7.97479 8.07906 7.71034 6.70357 6.38273 8.42399 6.36299 9.23628 9.7059 6.33073 10.0602 6.22732 9.11307 6.17845 6.07634 7.99704 6.04912 7.69873 6.03136 5.92209 5.74264 5.60404 5.59919 6.22165 5.59335 5.2827
threshold=3107.8750000000005 9999.9950000000008 2115.6400000000003 5.5000000000000009 5.5000000000000009 1019.1350000000001 1.0000000180025095e-35 25.500000000000004 2701.3800000000006 1990.4048507724783 5838.7255741567469 6032.5343142361116 3249.7000000000003 4172.4550000000008 2063.9673983685652 5.5000000000000009 3076.0647023809529 1750.4270194689273 -0.70710678118654735 2692.6761492822102 4142.2319568452385 3349.3000000000006 4.5000000000000009 -0.55557023301960229 1.0000000180025095e-35 31.500000000000004 4.7100000000000009 5.1300000000000008 3791.2451413690478 1728.6384564116754 -0.3520614488341256 3452.5523239087311 19.225000000000005 26.500000000000004 11.130000000000001 10.500000000000002 4500.7050000000008 0.97508442350096236 5.8950000000000005 19.125000000000004 3721.9150000000004 4465.749575892858 1.5000000000000002 18.635000000000002 1958.1700000000003 43775.55000000001 5101.634153645834 40697.000000000007 9100.3900000000012 899.73000000000013 5.6750000000000016 6.5400000000000009 3545.4048660714293 6244.5200000000004 0.98522604642031408 19.500000000000004 2221.5755260742394 4784.0700000000006 5581.4613950892863 27.506250000000005 18.625000000000004 8.0800000000000018
decision_type=2 2 2 2 2 2 2 2 2 2 2 2 2 2 2 2 2 2 2 2 2 2 2 2 2 2 2 2 2 2 2 2 2 2 2 2 2 2 2 2 2 2 2 2 2 2 2 2 2 2 2 2 2 2 2 2 2 2 2 2 2 2
left_child=2 6 3 5 -3 17 7 9 15 -2 13 -12 -6 22 -15 23 55 -1 54 20 28 -11 30 24 57 -14 -25 -28 34 -29 31 -8 -24 -34 35 36 -20 47 -37 -22 41 -10 43 44 -21 46 -19 -38 -49 -50 -31 -52 -27 61 -7 -17 -26 -4 -16 -60 -44 -54
right_child=1 4 8 -5 12 18 10 -9 40 21 11 -13 25 14 58 16 -18 45 19 42 39 -23 32 26 56 52 27 29 -30 50 -32 -33 33 -35 -36 38 37 -39 -40 -41 -42 -43 60 -45 -46 -47 -48 48 49 -51 51 -53 53 -55 -56 -57 -58 -59 59 -61 -62 -63
leaf_value=0.00051760163635292675 0.0026255874428072622 0.0088051479255653389 -0.00075288989358758942 -0.016852555645903378 0.011740794327914443 0.0002414746333263551 0.00055490710657668529 0.0070515930435258228 -4.0857538273160187e-05 0.00060055454920814098 0.0035642291092033494 -0.0010366070988845166 0.011715119470313571 0.0019365015199139179 0.00070160961031389129 0.00032691885473083991 -0.0033596882734188149 -0.00027238406578858229 -0.0049094205704999982 0.00083254162079881232 -0.0010600382922964834 -0.00093530362320425552 -0.00017254135201122623 -0.0026196335315894536 0.00022737117026553122 0.0018006544525848598 0.00026779608692922174 -2.1432787567121636e-06 -0.0028937694470618468 -0.0001453280365798104 0.00052222563231044464 -0.00041271600502391866 0.0017263336495377678 -0.00035410613126702907 -0.01461205103539049 -0.00031220448081062277 -0.00085242720545213306 -0.002572309450133421 -0.0017321903722863307 0.0019664479837249393 0.0018603844773047483 -0.0014881135145229506 -0.0067757567210751943 -0.0043823992192330817 -0.0020704086831252067 -0.013825103698401255 -0.012885700569267024 -0.0024062000973351428 -0.018138206550893789 0.00045224360941171327 -0.0015050404213900759 -0.0010631106012483427 0.0014495771884449925 -0.0023763111889483746 -0.0021711485931503916 -0.0022096457833657591 -0.0017348224645524989 0.0019345469438288808 -0.0041407998345617788 0.00010841730289444129 -0.0014590503557216916 -0.0013008337453092088
leaf_weight=59 81 2282 59 663 91 330 261 799 2842 72 413 80 52 971 1653 70 422 139 85 73 52 255 1309 111 285 82 159 362 216 354 2373 364 97 86 87 147 520 101 396 76 119 247 448 80 89 605 302 93 43 291 637 1200 94 47 41 70 296 104 45 125 79 57
leaf_count=59 81 2282 59 663 91 330 261 799 2842 72 413 80 52 971 1653 70 422 139 85 73 52 255 1309 111 285 82 159 362 216 354 2373 364 97 86 87 147 520 101 396 76 119 247 448 80 89 605 302 93 43 291 637 1200 94 47 41 70 296 104 45 125 79 57
internal_value=0.000252683 0.00522883 -0.00445641 -0.00742524 0.0113137 -0.00649207 0.00339566 0.00743791 -0.00242641 -0.000146699 0.00276742 0.00841093 0.00378538 0.00238435 0.00413238 -0.0037954 -0.00825933 -0.0105651 -0.00510314 -0.00571429 -0.00460389 -0.00342988 0.00129593 -0.00308997 0 0.000720721 -0.00390404 -0.00357169 -0.00514394 -0.00404659 0.00231077 -0.000551118 -0.00074347 0.00480978 -0.0044983 -0.00406082 -0.00255291 -0.00183031 -0.00719669 0.00372093 -0.000663758 -0.000927184 -0.00874675 -0.00469136 -0.000552147 -0.0112894 -0.0085181 -0.00096519 0.00171729 0.00402985 -0.00470119 -0.00539445 -0.0013879 -0.00422111 -0.000362903 0.000638298 -0.0017268 0.00612805 0.00254112 -0.00263158 -0.0105966 -0.000888158
internal_weight=24041 11689 12352 5015 2705 4352 8984 1207 7337 408 7777 493 423 7284 2794 4129 562 1105 3247 2876 2107 327 4490 3567 744 332 2823 2712 1979 2553 2998 625 1492 183 1763 1676 1133 1048 543 128 3208 3089 769 242 162 1046 441 947 427 334 2191 1837 280 198 371 140 581 163 1823 170 527 151
internal_count=24041 11689 12352 5015 2705 4352 8984 1207 7337 408 7777 493 423 7284 2794 4129 562 1105 3247 2876 2107 327 4490 3567 744 332 2823 2712 1979 2553 2998 625 1492 183 1763 1676 1133 1048 543 128 3208 3089 769 242 162 1046 441 947 427 334 2191 1837 280 198 371 140 581 163 1823 170 527 151
is_linear=0
shrinkage=0.03


Tree=53
num_leaves=63
num_cat=0
split_feature=20 9 9 10 1 1 14 1 27 4 20 1 6 10 9 20 25 25 0 12 0 1 0 25 7 25 26 14 22 7 12 25 27 14 27 17 12 27 25 27 25 23 27 22 1 9 27 22 12 27 18 12 26 26 21 0 14 14 12 25 17 14
split_gain=588.909 137.441 89.2567 34.4497 31.6474 29.5238 25.1043 20.1484 18.5614 18.5376 17.0115 15.9163 20.3331 14.7111 13.2309 13.2117 12.9918 12.5564 12.2823 12.1362 11.6059 11.6 14.6726 13.1939 16.3957 11.9212 11.2045 10.8535 10.463 17.2523 10.1474 11.709 11.689 18.0523 13.6798 9.96526 11.2983 10.282 9.78399 9.62229 9.44548 9.239 8.97424 8.96464 8.60292 8.46338 8.60256 8.45893 8.69496 8.73419 8.34286 8.26707 8.79505 8.66704 13.3901 8.54732 8.42624 9.28531 7.88901 7.77121 7.63481 7.62855
threshold=-7357.9999999999982 9999.9950000000008 2369.8800000000006 1019.1350000000001 5.5000000000000009 5.5000000000000009 2188.5556100918634 1.0000000180025095e-35 -0.22499999999999962 1.0000000180025095e-35 14622.250000000002 5.5000000000000009 0.13052619222005152 9999.9950000000008 2766.0250000000005 11439.250000000002 14.795000000000002 18.140000000000004 29.500000000000004 3545.4048660714293 32.500000000000007 1.0000000180025095e-35 23.500000000000004 20.290000000000003 0.94704596667653973 19.255000000000006 5.7800000000000002 1728.6384564116754 3105.6539620535718 -0.61237985104942771 3142.4088244047621 15.270000000000001 -1.0000000180025095e-35 2677.399504010802 0.18499999999999875 1004.0650000000002 3098.5384449404769 0.8249999999999994 17.595000000000002 0.30499999999999977 17.365000000000006 26.056250000000002 0.46999999999999981 5748.263710317462 1.0000000180025095e-35 4266.8850000000011 0.20500000000000099 6032.5343142361116 4398.3067485119054 -0.56000000000000039 13542.600000000002 3702.9818303571433 10.925000000000002 9.4200000000000017 3304.5999999999999 74.500000000000014 2843.6811334000963 2898.1443924175478 3714.0136160714292 15.370000000000003 200.68500000000003 2745.206364073942
decision_type=2 2 2 2 2 2 2 2 2 2 2 2 2 2 2 2 2 2 2 2 2 2 2 2 2 2 2 2 2 2 2 2 2 2 2 2 2 2 2 2 2 2 2 2 2 2 2 2 2 2 2 2 2 2 2 2 2 2 2 2 2 2
left_child=2 6 3 27 9 15 7 43 -9 16 19 14 -13 30 -4 18 -5 38 -3 -7 58 22 -18 24 59 26 -23 -1 29 -6 -8 -32 33 47 -34 36 37 -16 40 -36 -14 -38 -37 -2 -15 -22 -47 48 49 -33 60 -35 53 55 -55 56 -53 -58 -10 -24 -28 -61
right_child=1 5 11 4 28 10 13 8 20 -11 -12 12 17 44 35 -17 21 -19 -20 -21 45 25 23 -25 -26 -27 50 -29 -30 -31 31 32 34 51 39 42 41 -39 -40 -41 -42 -43 -44 -45 -46 46 -48 -49 -50 -51 -52 52 -54 54 -56 -57 57 -59 -60 61 -62 -63
leaf_value=0.00040238257920447216 0.0068604037481245234 0.0025605623594760372 -0.00047549062684670406 0.001143453508502512 -0.0098959607327320457 0.0021705632726612212 0.001874926176101912 0.0039504171268347843 0.0011856407684519609 -0.0096695543171945522 0.01138857049807699 -0.0036194712361219583 -0.00053829888839068468 0.016988887174591332 0.00099614720518326639 0.0085409934877983661 -0.0018226712535697408 0.0005620698173051552 0.009529433116916142 -0.00095185208191374217 4.7169649110507805e-05 -0.00032528795832530209 -0.004826201864143855 -0.0051756584302286692 -0.0032756508841494635 -4.2936396029524811e-06 -0.0011299338370927359 -0.013427167572964071 -0.010094721449169626 0.00093591148958683146 -0.0062264168029382101 0.0004696394826148431 -0.00033861115483375671 -0.0020662102539941874 0.0017880994470602296 1.3939012714123677e-05 -0.0011010899226694625 -0.0013546822008668345 -0.0026723674185914169 -0.0015378367215974186 0.00067270768616261016 0.00071873067905391607 -0.0011258140849202912 -0.00038227922054897331 0.0011651974783877072 0.0030248958190309946 0.00045802040449813394 -0.0007722039506811118 -0.00014461336341828001 0.0018765044359721993 -0.00064144055802940693 -0.00016304577394546271 0.0017051817928704692 0.0014101867296850922 -0.00062553742580051975 0.0035544864660643325 0.0019952086405232981 0.00020297895028895674 -6.9780116128441701e-05 0.00081197355826882582 -0.002468318664186806 -0.0005882533593672745
leaf_weight=66 414 127 2410 98 52 84 170 332 835 261 176 412 187 218 357 1218 97 108 923 177 1063 620 54 69 135 344 172 1239 629 54 40 220 1047 86 303 1814 163 42 103 57 60 140 202 49 253 244 384 52 122 744 443 559 81 44 265 128 158 669 126 508 1522 206
leaf_count=66 414 127 2410 98 52 84 170 332 835 261 176 412 187 218 357 1218 97 108 923 177 1063 620 54 69 135 344 172 1239 629 54 40 220 1047 86 303 1814 163 42 103 57 60 140 202 49 253 244 384 52 122 744 443 559 81 44 265 128 158 669 126 508 1522 206
internal_value=0.000308949 0.0052564 -0.00416653 -0.00658219 -0.00549858 0.0111585 0.0034124 0.00539878 0.00449246 -0.0045596 0.00400685 -0.00152025 -0.0052698 0.00209891 -0.000883213 0.0125342 -0.00408292 -0.000915033 0.0100476 -0.000858779 0.00365247 -0.00433709 -0.00164019 -0.000524152 0.000448009 -0.00526596 -0.00592277 -0.0109456 -0.0112704 -0.00252336 0.00159608 0.00132758 0.00147156 0.00249281 -0.000799006 0.000551673 0.00362731 0.0069375 -0.00367521 0.00423823 -0.000423387 -0.000740132 -0.000520575 0.0112177 0.00715042 0.00215426 0.00491256 0.00550483 0.00607176 0.00702591 -0.00695276 0.000768458 0.0011811 0.000748355 -0.00382258 0.00168317 0.000994953 0.00291667 0.00628378 0.00214564 -0.0079115 0.00297902
internal_weight=23935 11368 12567 6569 5264 2705 8663 3447 2984 4529 437 5998 870 5216 5128 2268 4268 458 1050 261 2652 4170 1069 972 903 3101 2757 1305 735 106 4745 4575 4535 3128 1407 2718 702 399 350 360 247 303 2016 463 471 1691 628 1138 1086 964 2137 1990 1904 1823 309 1514 1386 827 961 768 1694 714
internal_count=23935 11368 12567 6569 5264 2705 8663 3447 2984 4529 437 5998 870 5216 5128 2268 4268 458 1050 261 2652 4170 1069 972 903 3101 2757 1305 735 106 4745 4575 4535 3128 1407 2718 702 399 350 360 247 303 2016 463 471 1691 628 1138 1086 964 2137 1990 1904 1823 309 1514 1386 827 961 768 1694 714
is_linear=0
shrinkage=0.03


Tree=54
num_leaves=63
num_cat=0
split_feature=9 9 9 1 1 0 1 20 15 1 0 22 12 20 1 0 18 20 2 22 9 0 18 26 20 1 11 12 26 10 27 12 25 12 15 5 25 18 26 26 12 8 12 4 26 7 15 22 5 4 1 0 27 27 12 5 20 26 8 15 8 15
split_gain=583.585 140.021 67.6403 35.8923 27.2859 34.8066 24.0905 23.194 22.5851 19.1327 27.4542 18.9309 15.8758 15.5946 15.4411 20.0546 14.314 13.2298 12.8381 12.5784 12.5622 12.1438 11.4367 10.5742 10.3292 13.0339 15.324 10.1326 10.038 9.86492 9.26842 11.7739 8.98034 8.87914 10.1203 9.57552 8.86023 8.24429 9.81464 14.1209 8.12339 7.98718 7.62946 8.62992 8.54062 14.4336 9.38595 7.47323 8.10028 7.35187 8.41428 10.5742 7.85026 10.2719 8.21937 7.28548 7.28267 7.24309 12.6279 8.06318 7.00035 6.96575
threshold=3019.6750000000006 9999.9950000000008 1930.4500000000003 5.5000000000000009 1.0000000180025095e-35 23.500000000000004 5.5000000000000009 -44171.349999999999 5295.0756250000004 5.5000000000000009 27.500000000000004 5811.1144518849214 3582.9710714285716 -15561.4 5.5000000000000009 19.500000000000004 17444.050000000003 11439.250000000002 6.5000000000000009 3098.0572941468258 4550.7650000000012 29.500000000000004 11963.700000000003 11.130000000000001 -34115.999999999993 1.0000000180025095e-35 1980.6400000000003 3545.4048660714293 4.7100000000000009 399.97000000000008 0.86500000000000032 3621.5838764880955 19.675000000000001 4327.3151934523821 4071.6937500000004 -0.52778511650980109 18.140000000000004 12629.200000000003 6.5400000000000009 5.1500000000000012 4864.3312202380957 0.93469109537144635 3389.9658184523814 1.0000000180025095e-35 11.130000000000001 -0.8781231054254196 2368.5494791666674 5581.4613950892863 -0.63405362205439475 1.0000000180025095e-35 1.0000000180025095e-35 24.500000000000004 -1.0000000180025095e-35 -0.5400000000000017 4142.2319568452385 -0.77259657388510594 -22539.049999999999 9.5050000000000008 -0.9530600044691927 2549.374895833334 0.94353349168649059 2911.374427083334
decision_type=2 2 2 2 2 2 2 2 2 2 2 2 2 2 2 2 2 2 2 2 2 2 2 2 2 2 2 2 2 2 2 2 2 2 2 2 2 2 2 2 2 2 2 2 2 2 2 2 2 2 2 2 2 2 2 2 2 2 2 2 2 2
left_child=2 4 6 17 5 16 7 -1 27 13 36 14 29 28 20 22 57 21 -13 -12 33 -3 -16 49 -14 26 -26 -5 -4 -9 31 37 41 -6 35 -35 -11 38 39 -30 -7 -33 43 44 45 46 -31 -22 -49 50 51 -15 53 -52 -54 -17 -27 58 -2 -60 -43 -47
right_child=1 3 9 8 11 40 -8 12 -10 10 19 18 24 23 15 55 -18 -19 -20 -21 47 -23 -24 -25 25 56 -28 -29 30 42 -32 32 -34 34 -36 -37 -38 -39 -40 -41 -42 60 -44 -45 -46 61 -48 48 -50 -51 52 -53 54 -55 -56 -57 -58 -59 59 -61 -62 -63
leaf_value=-0.013455670840112822 -0.0029859422710192618 0.0033682698915167108 -0.0026122527108866887 0.0018137720633554543 0.00040573174916959327 0.0065972516735757387 -0.018967205183897908 -0.013341359348916546 0.011136315565777134 -0.00048924327367537044 0.00059967921356955493 -0.00036278132136555283 -0.0073929531735417338 -0.00035307286620243959 -1.722207838419365e-06 -0.0012136275589831325 0.0023397202467521617 0.0082847636831644058 0.0027185379112091824 -0.0047575314487004489 0.0020972685195658515 0.0092451309729801416 0.0018285302822025073 -0.0016327159401700352 0.0008854934940244341 -0.003846914316158414 -0.001748185267205038 -0.00087108288380166599 0.0001907476701732591 -0.0027145270067748407 -0.0040828349853209824 -0.0018385773088050782 0.0013136569015619946 0.0010808778118832228 0.00016855950459652823 -0.00088784103717398644 0.00032864298501959153 0.00013057778043093826 -4.8365093513282887e-05 -0.0015309835931473746 0.00054195526399561269 0.00083004484178010422 0.00020316721761139521 -0.03073847209212106 -0.050013351546037546 -0.0001269488726163459 0.00098293453013524883 0.0019022861290554261 -0.0034125689124275115 -0.0014495672769227628 -0.00047384898771371195 0.0015230244441982509 -0.00015383009694213356 0.00038404519678212788 -0.00148937920636655 -8.1391683456306653e-05 0.00020585365873962758 -0.0011967114687741896 0.0025046156828006792 -5.2267004033623722e-05 -0.00050251749005695071 -0.0018456519912247193
leaf_weight=513 48 121 140 86 3703 820 554 166 139 322 57 71 319 138 109 375 70 1202 494 635 1479 938 129 162 109 704 198 205 144 91 78 1191 61 44 914 160 88 601 759 452 86 75 226 67 87 227 234 45 50 154 262 364 1133 512 123 648 71 93 48 119 409 348
leaf_count=513 48 121 140 86 3703 820 554 166 139 322 57 71 319 138 109 375 70 1202 494 635 1479 938 129 162 109 704 198 205 144 91 78 1191 61 44 914 160 88 601 759 452 86 75 226 67 87 227 234 45 50 154 262 364 1133 512 123 648 71 93 48 119 409 348
internal_value=0.000376705 0.00497581 -0.00438726 0.011016 0.00326478 0.00733074 -0.0076092 -0.00664981 0.00306265 -0.00278209 -0.00644606 0.00262892 -0.00558813 -0.00218375 0.00223717 -0.000796355 -0.000316623 0.0125265 0.00792403 -0.0100866 0.00283537 0.0100613 0.00702929 -0.00049491 -0.00786377 -0.00645429 -0.00121753 -0.00169521 -0.00341345 -0.00337941 -0.00311854 -0.00290008 -0.00469775 0.00207487 -0.000268097 -0.00629268 -0.000291971 -0.00130301 -0.00259956 -0.00547739 0.0105182 -0.00511038 -0.00248244 -0.0035545 -0.00283907 -0.00196448 0.00308282 0.0051619 -0.00296875 -4.46595e-05 0.000343466 0.0038171 -0.000516987 0.00185806 -0.00198091 -0.00262207 -0.00852448 -0.0031068 -6.94444e-05 0.00383929 -0.00185567 -0.00481771
internal_weight=23970 12196 11774 2691 9505 1284 3914 3360 430 7860 1102 8221 2847 6758 7656 1261 378 2261 565 692 6395 1059 238 2848 1401 1082 307 291 3910 1446 3770 3692 1736 4821 1118 204 410 1956 1355 596 906 1675 1280 1054 987 900 325 1574 95 2686 2532 502 2030 774 1256 1023 775 308 215 167 484 575
internal_count=23970 12196 11774 2691 9505 1284 3914 3360 430 7860 1102 8221 2847 6758 7656 1261 378 2261 565 692 6395 1059 238 2848 1401 1082 307 291 3910 1446 3770 3692 1736 4821 1118 204 410 1956 1355 596 906 1675 1280 1054 987 900 325 1574 95 2686 2532 502 2030 774 1256 1023 775 308 215 167 484 575
is_linear=0
shrinkage=0.03


Tree=55
num_leaves=63
num_cat=0
split_feature=20 20 20 3 10 14 12 20 12 14 26 14 22 3 8 11 7 25 25 12 27 8 21 16 27 17 14 11 25 27 12 5 6 3 15 5 26 7 26 21 17 12 27 26 26 26 16 27 21 12 9 22 14 25 22 12 26 15 13 5 15 22
split_gain=565.616 136.807 81.5604 29.7244 34.2368 28.7457 28.1115 24.9754 20.9008 20.5028 16.938 16.2895 14.9837 13.6632 13.3582 12.1919 11.6883 12.8431 11.3377 12.4187 11.1904 12.9584 10.8617 10.6021 10.5258 9.95887 11.8718 9.94658 9.81182 14.5341 9.59105 11.1132 9.47513 13.8821 11.4164 12.8426 8.79726 12.0999 11.6962 8.86743 8.86235 13.2223 8.79269 9.21949 9.81265 8.70819 8.61496 11.8046 8.60252 8.50372 8.81175 8.34294 8.31477 8.30906 8.04665 8.16348 7.78652 7.75556 7.71086 7.69901 7.67185 7.42195
threshold=-7357.9999999999982 10265.000000000002 -24477.349999999995 1.0000000180025095e-35 4829.8050000000012 2692.6761492822102 4846.8070758928579 -45207.999999999993 3756.8695312499999 2310.7197815903291 6.995000000000001 2745.206364073942 3687.7778583829368 1.0000000180025095e-35 0.50370931781787065 2905.1100000000001 0.24684749415872467 16.705000000000002 19.085000000000004 4251.0661532738104 -0.60000000000000042 0.59003219687534991 3019.8400000000006 4500.7050000000008 -0.18499999999999869 1400.2350000000004 1859.990663072698 6000.3450000000012 20.535000000000004 0.96499999999999997 2813.9496056547623 -0.8814490726585632 -0.41248606129204529 1.0000000180025095e-35 2546.3523437500003 -0.22695468355932472 9.4200000000000017 0.99274428880883148 10.925000000000002 2401.0550000000007 2449.7550000000006 4167.9161160714293 0.8249999999999994 6.7400000000000011 6.245000000000001 10.415000000000001 4999.7350000000015 0.059999999999999616 3882.6616666666673 2813.9496056547623 1749.7900000000002 5288.80250248016 3851.3015437647823 20.600000000000005 5558.6630592757947 3866.2431919642863 8.0800000000000018 4900.826822916667 6451.5650000000014 -0.95642797789208689 3095.3279166666671 3585.5493812003974
decision_type=2 2 2 2 2 2 2 2 2 2 2 2 2 2 2 2 2 2 2 2 2 2 2 2 2 2 2 2 2 2 2 2 2 2 2 2 2 2 2 2 2 2 2 2 2 2 2 2 2 2 2 2 2 2 2 2 2 2 2 2 2 2
left_child=2 3 5 4 8 7 -6 -1 11 10 12 20 22 23 18 52 17 59 19 56 -2 46 42 -9 -14 -24 -27 51 29 32 -16 -32 33 48 35 -34 37 40 39 -38 54 -42 43 44 58 -41 47 -22 -12 50 -15 -3 -11 -20 -10 -56 -5 -48 -4 -17 -23 -62
right_child=1 27 9 14 6 -7 -8 13 36 15 28 -13 24 49 30 16 -18 -19 53 -21 21 60 25 -25 -26 26 -28 -29 -30 -31 31 -33 34 -35 -36 -37 38 -39 -40 45 41 -43 -44 -45 -46 -47 57 -49 -50 -51 -52 -53 -54 -55 55 -57 -58 -59 -60 -61 61 -63
leaf_value=-0.013042859746586685 -0.00096088505168980378 0.0083835451586068196 -0.0031889717365022061 0.0015631356099855152 0.0089869619482850632 -0.011028809417115797 -0.00059351731725673315 -0.004813566741457373 0.00089353996827991724 -0.001581669659203282 -0.00055795625361910073 -0.0017677505490513211 0.0011496105167624114 -0.005184804846563318 0.0038928377924723279 0.0010073866302625146 -0.0023945294512891201 0.00019082462158015901 0.001624241180622814 -0.00031196639355961507 -0.0016787216522328929 0.0019073531306505842 0.00075318538935669637 -0.00065935198020270478 -0.0020958856622882572 -0.0017908630943589588 2.446845137688669e-05 0.0080362207726694737 0.0020303743296995868 -0.0045787176610502557 -0.0014753675904747431 -2.1666968704749932e-05 0.0010940216965071635 -0.0028201036167213854 0.00021946786424166474 -0.002416073071423672 0.00044909130960045117 -0.0011656136059423616 0.0016721510507882796 -0.00028491638207381873 0.0010069283455691469 -0.00079996572906142476 -0.0022896609522257581 0.0013039936806426055 -0.0011846606935164328 -0.0028891565180034461 0.0024033826223860367 0.0025443641303402663 0.00045960422396902785 -0.0049251920948093627 0.00021306930651874721 -3.1297646997359153e-05 0.00054824038833513724 -0.00029642346936599397 0.0017781761696155662 -0.0004823425432887873 0.00012732366997781242 -0.000525852162150473 -0.00020235935233414715 -0.003296922171243377 0.00050192161902307575 -0.00079710268532946489
leaf_weight=379 97 476 42 291 1656 1286 203 194 1333 1635 282 59 57 118 41 40 213 661 515 438 56 207 301 1720 310 160 645 1222 71 67 267 688 110 208 1427 202 90 81 55 322 123 204 84 45 267 107 1037 55 300 454 104 69 106 107 66 207 453 46 972 145 640 96
leaf_count=379 97 476 42 291 1656 1286 203 194 1333 1635 282 59 57 118 41 40 213 661 515 438 56 207 301 1720 310 160 645 1222 71 67 267 688 110 208 1427 202 90 81 55 322 123 204 84 45 267 107 1037 55 300 454 104 69 106 107 66 207 453 46 972 145 640 96
internal_value=0.000401455 0.00527282 -0.00396835 0.0038518 0.00493102 -0.00734845 0.00839516 -0.00572222 0.0036102 -0.00224524 -0.00118897 0.00569529 -0.00278259 -0.00466615 0.00125312 -0.00433774 -0.00179717 -0.000212515 0.00279224 0.00106509 0.00610738 0.00655987 -0.00195471 -0.00336815 -0.0084375 0.000271003 -0.00147022 0.0129383 0.000534108 0.000231036 -0.0015346 -0.00214958 0.000598814 -0.00212389 0.00183621 -0.00335463 0.0017613 0.00269479 -0.00151304 -0.00291346 0.00317218 -0.00132622 -0.0036995 -0.00309721 -0.00356864 -0.0047093 0.00863598 0.000669643 0.00025729 -0.00833087 -0.00349776 0.00953297 -0.00588117 0.00606742 0.00408836 -0.00060219 0.00342282 0.00945111 -0.00221675 -0.00717742 0.00392479 0.00248304
internal_weight=23912 11307 12605 9540 6740 4255 1859 2969 4881 8350 5550 2293 2883 2590 2800 2800 1059 846 1804 1182 2234 2137 2516 1914 367 1106 805 1767 2667 2596 996 955 2529 790 1739 312 2588 2014 574 519 1933 327 1410 1326 1281 429 1194 111 582 676 222 545 1741 622 1606 273 744 1083 1014 185 943 736
internal_count=23912 11307 12605 9540 6740 4255 1859 2969 4881 8350 5550 2293 2883 2590 2800 2800 1059 846 1804 1182 2234 2137 2516 1914 367 1106 805 1767 2667 2596 996 955 2529 790 1739 312 2588 2014 574 519 1933 327 1410 1326 1281 429 1194 111 582 676 222 545 1741 622 1606 273 744 1083 1014 185 943 736
is_linear=0
shrinkage=0.03


Tree=56
num_leaves=63
num_cat=0
split_feature=9 9 9 1 1 0 1 0 15 14 16 12 25 26 20 20 17 7 15 11 24 12 14 14 27 1 0 25 7 12 14 26 16 22 26 14 26 15 26 27 22 0 26 27 25 15 24 1 20 17 20 25 22 27 7 26 26 26 8 1 8 12
split_gain=535.317 145.49 62.4631 34.5107 29.2033 30.416 28.9989 35.0342 23.1511 17.0432 16.1354 16.3765 15.1133 18.9444 14.8005 14.291 14.0367 17.4556 16.0425 15.328 13.4763 13.2254 13.0348 12.9321 15.6466 12.8987 13.0164 12.8618 14.7952 12.6311 12.3494 12.1505 11.9286 15.1042 14.8313 11.5321 11.4621 11.7213 11.1485 10.7185 10.5563 10.0919 9.70335 12.2078 10.637 22.8633 9.07203 8.32641 8.21879 8.20511 7.97818 7.94 8.64181 7.76547 7.72837 7.62645 7.54694 8.78618 7.54032 7.53924 7.53459 7.50593
threshold=3019.6750000000006 9999.9950000000008 1700.4900000000002 5.5000000000000009 5.5000000000000009 29.500000000000004 1.0000000180025095e-35 24.500000000000004 5295.0756250000004 1990.4048507724783 5500.0250000000005 4257.4148437500007 18.750000000000004 9.7650000000000023 -15561.4 10622.500000000002 1103.6650000000002 -0.67166439702596292 4900.826822916667 983.41500000000008 8.9250000000000025 4823.5526488095247 2153.767547160935 2346.2477682381846 -0.66499999999999904 5.5000000000000009 12.500000000000002 15.130000000000001 -0.39036798905311365 4495.5636309523825 2261.3614174572272 6.5400000000000009 4759.5900000000011 3784.2768526785721 9.8150000000000031 2273.6027196154905 5.955000000000001 3870.2372916666668 11.130000000000001 0.035000000000000149 3757.3118725198424 28.500000000000004 10.055000000000001 0.30499999999999977 18.805000000000003 4266.4748958333339 2.3562499999999997 1.0000000180025095e-35 -39673.69999999999 499.72000000000008 1.0000000180025095e-35 19.175000000000004 3399.6991765873022 0.11999999999999923 0.5009122898073749 6.8750000000000009 10.255000000000001 9.7650000000000023 0.3484035575467645 3.5000000000000004 0.1318557721318592 4873.4522916666674
decision_type=2 2 2 2 2 2 2 2 2 2 2 2 2 2 2 2 2 2 2 2 2 2 2 2 2 2 2 2 2 2 2 2 2 2 2 2 2 2 2 2 2 2 2 2 2 2 2 2 2 2 2 2 2 2 2 2 2 2 2 2 2 2
left_child=2 6 10 15 14 54 7 9 30 -2 11 27 25 20 16 21 32 19 31 35 23 -3 -7 58 -25 29 -27 -1 48 -8 -5 36 33 -4 49 -18 37 -19 56 -30 -26 53 44 -44 45 -33 -42 -12 -29 -34 -31 52 59 -15 -6 -48 57 -16 -14 -43 -36 -9
right_child=1 3 4 8 5 22 12 61 -10 -11 47 -13 13 41 38 -17 17 18 -20 -21 -22 -23 -24 24 40 26 -28 28 39 50 -32 42 34 -35 60 -37 -38 -39 -40 -41 46 51 43 -45 -46 -47 55 -49 -50 -51 -52 -53 -54 -55 -56 -57 -58 -59 -60 -61 -62 -63
leaf_value=-0.011412794467524242 0.0022071403335906046 0.0090357543614471326 -0.0033979411071688535 0.0016816802262215979 -0.00026689274619430049 -0.0020428569487009217 0.00046494744580943603 0.0067198044188299198 0.01050161750582383 -0.00049158766395874132 -0.00063006657990974271 -0.012230927275451994 0.0034436605131373988 -0.00034782025432265938 -1.415565075028713e-05 0.007795134149489371 0.0021948152055208591 -0.00043249028595973013 -0.0033070539711112889 -0.0029883622987030688 -0.00070216636888769551 -0.0040301096084130348 -0.0089203297743739047 0.0024591479409094849 0.0063297522692618985 0.0011300419235112712 -0.00044908574431617776 -0.0029838778199013927 -0.0052315342623766086 -0.00063030943271520808 -0.00097438240666120274 0.00015290347610026343 -0.0003107779699000801 0.0012769140691770353 -0.0040833076224057316 -0.00075682310491528956 -0.0013153299625002378 0.0004018995676634418 -0.0016858797233763134 7.7857124008646745e-05 -0.00067539275813398802 0.0017861338365190705 -0.0027411056348644004 0.00025898253199718724 0.00050491414531634855 -0.001383036689359205 -0.00061415067077417616 -0.012197161002033167 0.0010835726671583011 0.00067435460292045938 9.6920183960138572e-05 -0.0016951581739963206 0.0012936508469630946 0.00076215186127708272 0.00038714708640330108 0.0016341718941139227 0.00054373126162198914 -0.0016414546081695213 0.0006667012489942792 -0.00068066759885857301 0.00022828814617654734 0.00075623616077482583
leaf_weight=194 80 837 138 107 332 374 4131 810 149 320 123 181 635 79 2188 1345 40 523 250 648 95 70 512 157 97 111 818 80 88 195 188 500 246 74 147 76 595 151 177 81 172 129 206 57 447 204 75 1662 218 533 348 166 78 332 90 126 307 186 408 195 61 66
leaf_count=194 80 837 138 107 332 374 4131 810 149 320 123 181 635 79 2188 1345 40 523 250 648 95 70 512 157 97 111 818 80 88 195 188 500 246 74 147 76 595 151 177 81 172 129 206 57 447 204 75 1662 218 533 348 166 78 332 90 126 307 186 408 195 61 66
internal_value=0.000434837 0.0047983 -0.00416382 0.0109566 -0.00298246 -0.00712758 0.00307201 0.00728269 0.00330337 -7.4813e-05 -0.0082363 -0.00480427 0.00242753 0.00425137 -0.0022824 0.0124634 -0.00328364 -0.00419822 -0.00314417 -0.00823529 0.00610702 0.00953194 -0.0102818 0.0067325 0.00332006 0.00153373 -0.00169355 -0.00260574 9.61538e-05 0.0021754 -0.00157095 -0.00246461 -0.0004625 -0.00690141 0.000926113 0.00179487 -0.00459449 -0.00191111 -0.000566632 -0.00697059 0.000573248 0.000903061 -0.000551237 -0.00573864 0.000638021 -0.00165957 -0.0017246 -0.00985162 0.00411371 0.00282692 -0.00212316 -0.00168717 0.000595533 0.00447816 -0.000496454 0.00259901 -8.38926e-05 -0.000656842 0.00877874 -0.00156923 -0.00617225 0.0106385
internal_weight=24008 12319 11689 2696 9062 1308 9623 1276 444 400 2627 842 8347 2744 7754 2252 4896 3697 2933 764 1765 907 886 1670 627 5603 929 661 467 4674 295 2683 1199 212 987 116 1269 674 2858 169 470 979 1414 263 1151 704 373 1785 298 779 543 568 402 411 422 201 2681 2374 1043 324 208 876
internal_count=24008 12319 11689 2696 9062 1308 9623 1276 444 400 2627 842 8347 2744 7754 2252 4896 3697 2933 764 1765 907 886 1670 627 5603 929 661 467 4674 295 2683 1199 212 987 116 1269 674 2858 169 470 979 1414 263 1151 704 373 1785 298 779 543 568 402 411 422 201 2681 2374 1043 324 208 876
is_linear=0
shrinkage=0.03


Tree=57
num_leaves=63
num_cat=0
split_feature=9 9 10 1 1 0 26 1 0 7 10 20 1 12 20 12 7 26 4 21 25 26 8 12 12 8 2 27 12 10 12 25 12 12 12 9 16 20 8 23 27 27 25 1 0 4 7 27 27 1 12 26 23 5 11 23 8 1 25 16 0 27
split_gain=516.107 131.196 69.6892 34.1592 32.6034 34.9183 23.09 22.8037 26.5255 20.7546 19.6223 18.4321 15.3934 14.7203 14.1549 14.6006 13.0925 12.9103 12.7689 11.639 11.5897 11.9772 11.0238 11.4209 10.967 10.8996 17.7726 10.8275 10.3981 11.1104 9.87845 9.67978 12.3852 11.8727 10.7769 11.593 10.6246 9.53123 9.05084 8.64469 8.40195 10.1397 7.55943 7.46254 17.5963 12.7575 8.2478 7.43652 7.41964 7.36308 7.51104 7.13139 7.10472 8.46496 7.04232 6.98663 6.74309 6.73617 6.73316 9.59336 7.6178 6.54802
threshold=3200.0950000000007 9999.9950000000008 1760.8100000000002 5.5000000000000009 5.5000000000000009 29.500000000000004 5.7800000000000002 1.0000000180025095e-35 25.500000000000004 0.90892735371523092 2766.8250000000003 -42984.94999999999 5.5000000000000009 4364.2809523809528 10622.500000000002 4823.5526488095247 0.89787622492179153 4.7100000000000009 1.0000000180025095e-35 4948.4833333333345 14.795000000000002 5.1500000000000012 -0.32613736746952143 4300.6045014880956 3925.4336830357147 0.93469109537144635 1.5000000000000002 0.26500000000000062 3688.2448586309524 399.97000000000008 3426.335252976191 17.875000000000004 6276.1249627976194 4560.1973288690488 4480.5570535714296 1749.7900000000002 5000.255000000001 -22321.499999999996 0.78724360164103002 19.006250000000005 -0.015000000000000567 0.29999999999999988 20.600000000000005 1.0000000180025095e-35 24.500000000000004 1.0000000180025095e-35 0.95998215779580554 0.21499999999999989 -0.20000000000000104 1.5000000000000002 3714.0136160714292 10.600000000000001 26.256250000000005 0.95642797789208711 3499.4150000000004 16.556250000000006 0.90438663683299525 2.5000000000000004 18.625000000000004 9999.6750000000011 30.500000000000004 -0.56000000000000039
decision_type=2 2 2 2 2 2 2 2 2 2 2 2 2 2 2 2 2 2 2 2 2 2 2 2 2 2 2 2 2 2 2 2 2 2 2 2 2 2 2 2 2 2 2 2 2 2 2 2 2 2 2 2 2 2 2 2 2 2 2 2 2 2
left_child=2 7 6 14 10 -6 47 8 19 -5 17 -8 28 16 15 -3 22 -4 20 24 -19 -22 23 42 -2 26 -24 -18 29 -13 38 34 33 40 35 36 -23 -12 -7 56 -33 51 49 44 48 46 -46 -1 -39 50 -9 -42 53 -51 -21 -27 -28 -38 -15 -60 -61 -30
right_child=1 3 4 9 5 30 11 13 -10 -11 37 12 -14 58 -16 -17 27 18 -20 54 21 31 25 -25 -26 55 39 -29 61 -31 -32 32 -34 -35 -36 -37 57 43 -40 -41 41 -43 -44 -45 45 -47 -48 -49 -50 52 -52 -53 -54 -55 -56 -57 -58 -59 59 60 -62 -63
leaf_value=0.00071488841656592856 0.0021312129506702959 0.0088888553431644372 -0.0024524452438601375 -0.00031289042987364012 4.9390419731398794e-07 -0.0031583224750004876 -0.013638206785436964 0.0011206536506413833 0.0075349582592788168 0.01015668876780655 -0.002170629048076975 -0.012300070657504211 -0.03296421848114562 -0.00022560800613022458 0.0075612801250046855 -0.0040622313555393318 0.0028444844967660996 0.00054919894474824815 -0.0045624985302927445 -0.0026128347017728257 0.00025900689857371705 0.001103388271535275 -0.0014522916364432348 -0.00095692537758408137 -0.00033013939548984792 0.0011383754390071311 0.00083111640049245313 -2.0261782478838696e-05 -0.00093867593046412343 -0.00072040757558506914 -0.0050019340551115121 0.00061379306128201078 0.0028177224498893414 -0.0021559975877505754 -0.0036447011217191072 -0.00081013291956880888 -0.0027355179664788399 -0.0025539412532097927 0.00058615460432513082 6.9449069974898413e-05 -0.00051671622499244391 0.00012724158439187061 -0.00027255319614603478 -4.3731889668738865e-05 0.0015029480789925608 -0.004933422036974138 -0.0018423854683470252 -0.00040287042898738966 -2.1531414554658567e-05 -0.00025169522356572216 -0.00072641581225013846 -0.0052772584546879027 0.0022216442708323392 0.0016019732719674629 0.00014096080444010007 0.00014356397586662517 -0.00040980567595553906 0.0003324885812303968 -0.0011258380454749249 0.0011324214959937428 -0.00016641697516417864 -0.0049199921436210037
leaf_weight=57 116 834 148 293 490 286 572 97 747 152 105 192 264 810 1348 69 721 132 225 63 250 137 193 41 132 609 650 154 245 930 612 412 42 336 100 2046 95 84 63 1616 722 526 82 2182 572 42 40 236 150 124 107 51 869 86 50 260 63 93 73 375 235 556
leaf_count=57 116 834 148 293 490 286 572 97 747 152 105 192 264 810 1348 69 721 132 225 63 250 137 193 41 132 609 650 154 245 930 612 412 42 336 100 2046 95 84 63 1616 722 526 82 2182 572 42 40 236 150 124 107 51 869 86 50 260 63 93 73 375 235 556
internal_value=0.000463214 0.00525479 -0.00358204 0.0110011 -0.00236421 -0.0065186 -0.00754668 0.00338107 0.00738503 0.00339686 -0.00165352 -0.00839674 -0.00713665 0.00276095 0.0125022 0.00957412 0.00345849 -0.00276806 -0.00251645 0.00070442 -0.00219705 -0.00243816 0.00284181 0.00507463 0.00433735 0.0019148 0.000915577 0.00683219 -0.00619802 -0.00432769 -0.00983888 -0.00278886 -0.00128469 -0.00161865 -0.00405947 -0.00364882 0.00161043 0.000212531 -0.00578571 0.00164163 -0.000604556 -0.00178846 0.00554539 0.000517747 0.00283465 0.00535878 0.00646003 0.000459184 -0.00421277 0.00610981 0.000878049 -0.00397287 0.00709722 0.0021327 -0.00723684 0.00481034 0.00439076 -0.00301587 0.000110442 0.00230263 0.00353519 -0.00880923
internal_weight=23962 10969 12993 2696 9941 1451 3052 8273 1108 445 8490 2759 2187 7165 2251 903 5672 5315 5167 361 4942 4810 4797 1406 248 3391 2522 875 1923 1122 961 4560 2089 2047 2471 2371 325 3175 349 2329 1711 1299 1365 3070 888 654 612 293 234 1283 204 773 1079 210 113 869 713 188 1493 683 610 801
internal_count=23962 10969 12993 2696 9941 1451 3052 8273 1108 445 8490 2759 2187 7165 2251 903 5672 5315 5167 361 4942 4810 4797 1406 248 3391 2522 875 1923 1122 961 4560 2089 2047 2471 2371 325 3175 349 2329 1711 1299 1365 3070 888 654 612 293 234 1283 204 773 1079 210 113 869 713 188 1493 683 610 801
is_linear=0
shrinkage=0.03


Tree=58
num_leaves=63
num_cat=0
split_feature=10 9 10 14 1 1 9 15 26 14 7 27 4 11 1 20 7 26 7 14 27 27 26 17 27 27 6 14 0 1 0 21 1 4 27 15 27 27 11 9 7 18 7 21 26 15 27 17 17 27 15 18 26 22 26 22 26 0 18 7 6 27
split_gain=486.324 136.996 63.443 37.1573 33.5847 30.1661 23.1074 22.093 21.9309 21.3189 25.1648 19.066 17.0701 17.4898 16.8887 15.6513 15.1303 15.2461 14.0549 13.7469 13.6338 14.1203 12.2659 12.1651 12.0353 11.8119 11.6963 11.3567 10.6311 10.5512 17.806 11.2808 10.4283 10.2963 11.612 11.3184 10.1962 16.3769 11.502 10.1466 9.80115 9.73934 9.44193 9.30933 8.19517 8.13685 13.525 10.8748 10.5107 10.4146 8.92915 8.8744 7.8545 7.46624 11.596 7.42467 7.41158 7.17979 7.16904 6.86379 6.51211 7.98868
threshold=3150.9950000000003 9999.9950000000008 1413.1350000000002 2692.6761492822102 5.5000000000000009 3.5000000000000004 2887.6800000000003 5295.0756250000004 5.7800000000000002 2039.2232694258635 0.21336913576298863 -0.015000000000000567 1.0000000180025095e-35 4469.8650000000007 5.5000000000000009 10622.500000000002 0.89787622492179153 8.5550000000000015 0.97696484778429815 2175.4539641539782 0.18499999999999875 0.19500000000000031 4.7100000000000009 1004.0650000000002 0.75000000000000011 -0.5400000000000017 -0.83146961230254512 2365.7884885307753 28.500000000000004 1.5000000000000002 23.500000000000004 4208.1416666666673 1.0000000180025095e-35 1.0000000180025095e-35 -0.26500000000000051 4566.5426041666678 -0.73499999999999932 -0.054999999999998821 2839.4150000000004 5000.5750000000007 0.78523795966413312 10580.850000000002 -0.8041866928211282 3323.4866666666671 6.8000000000000007 3432.0963020833337 0.10000000000000055 1103.6650000000002 1679.2500000000002 0.32000000000000034 3756.9542187500006 11285.550000000001 6.6950000000000012 3183.1553236607151 9.8150000000000031 3682.6409784226194 5.3050000000000006 32.500000000000007 11878.650000000001 -0.36647417525074694 -0.88144907265856332 -0.12000000000000009
decision_type=2 2 2 2 2 2 2 2 2 2 2 2 2 2 2 2 2 2 2 2 2 2 2 2 2 2 2 2 2 2 2 2 2 2 2 2 2 2 2 2 2 2 2 2 2 2 2 2 2 2 2 2 2 2 2 2 2 2 2 2 2 2
left_child=2 5 8 6 15 9 11 27 -1 32 12 33 13 29 18 28 36 -18 26 22 -21 -22 -13 -10 45 -8 -5 -6 -3 30 -11 -31 -2 34 -4 -36 -7 -38 -39 53 -40 -28 -26 57 -44 46 -24 -48 -47 -49 58 -51 -43 -12 -55 -45 -34 -19 -50 -54 61 -25
right_child=1 4 3 14 7 16 25 -9 23 10 39 19 -14 -15 -16 -17 17 43 -20 20 21 -23 24 60 42 -27 41 -29 -30 31 -32 -33 56 -35 35 -37 37 38 40 -41 -42 52 44 55 -46 48 47 49 50 51 -52 -53 59 54 -56 -57 -58 -59 -60 -61 -62 -63
leaf_value=0.00065963695392184712 0.0039425996070936884 -0.00054958728493401663 -0.0002892650278397557 -0.0033281612746812825 0.0015838079611840694 -0.0010735716034171539 -0.0015700322832669666 0.0099413902874148433 -0.012990047674571485 -0.00031678359566509327 0.00066860132882945672 -0.0021416682745126181 -0.0010717900958418802 0.0045393806111068179 -0.012477795354577683 0.0073344417212545384 0.0036330065193018509 0.0011530911270824261 -0.0050190794213347883 -0.0017116561507867889 0.0011772232652743986 -0.00052213351640292946 -0.0023950636945073312 -0.0043698868037466273 0.00029318494533643326 0.0001395751510168175 -0.0010906362437537486 -0.00094867867429694998 0.0084989286299258452 0.00012453737772627705 0.00090664330660363392 0.0016406412641114976 -0.00088264292828047701 -0.0038339851195422045 0.0010372555442754727 -0.00046065455931914911 0.00062452414522502049 -0.0011068905649293725 -0.00017686618912717832 0.0045291818543168457 0.00074596295646382586 -0.001711823065955782 -0.00087379487395328854 -0.00058693272986193529 -0.0046405183431879136 -0.0031842274560495106 0.00071557460325638361 0.00024990478304843578 -0.0014806318767263526 -0.0011558032185681633 8.8543419558968496e-05 -5.1435092219254129e-05 -0.0013487445337697678 -0.00013121677849976975 -0.0015709295538906343 0.00070966340633960457 0.0013219661633271506 -0.00075941255156711132 -0.00035467623693490323 0.0009141492268957529 -9.9427337657909115e-05 -0.00050445203786684265
leaf_weight=109 458 92 1023 536 130 197 132 146 1177 361 98 245 89 843 297 1357 273 189 140 895 46 496 190 153 107 2164 616 167 834 211 394 463 64 54 344 130 1383 206 1172 203 146 69 113 201 163 194 442 397 162 303 395 538 41 689 146 73 798 40 392 288 161 160
leaf_count=109 458 92 1023 536 130 197 132 146 1177 361 98 245 89 843 297 1357 273 189 140 895 46 496 190 153 107 2164 616 167 834 211 394 463 64 54 344 130 1383 206 1172 203 146 69 113 201 163 194 442 397 162 303 395 538 41 689 146 73 798 40 392 288 161 160
internal_value=0.000557146 0.00504596 -0.00348931 -0.00263631 0.0109131 0.00320591 -0.00180988 0.00334459 -0.00877342 0.00479141 0.00356346 -0.00270814 0.00532811 0.0058337 -0.00634557 0.0123796 0.00123679 0.00498069 -0.00518037 -0.00359716 -0.00608136 -0.00232044 -0.00261532 -0.00963378 -0.00214601 0.000783631 -0.00435203 -0.00135906 0.00935275 0.00380769 0.00136905 0.00653333 0.00803936 0.000202964 0.000670895 0.00454737 0.000299517 0.000747937 -0.00139672 -0.000105541 -0.000363912 -0.0024532 -0.00714844 0.001875 -0.0100722 -0.00150796 -0.000288616 0.000571089 -0.00350087 -0.000871671 -0.00219474 -0.00276128 0.00120301 -0.00142934 -0.00235048 -0.00185455 0.00608343 0.00632609 -0.00464865 0.00313636 -0.00555789 -0.00807325
internal_weight=24095 11423 12672 10912 2726 8697 8925 443 1760 4817 3497 6629 2361 2272 1987 2283 3880 776 1690 5078 1437 542 3641 1651 3396 2296 1550 297 926 1429 755 674 1320 1551 1497 474 3104 2907 1524 1136 1318 1014 383 503 276 3013 1870 1680 1143 1238 949 841 398 933 835 274 862 229 554 329 474 313
internal_count=24095 11423 12672 10912 2726 8697 8925 443 1760 4817 3497 6629 2361 2272 1987 2283 3880 776 1690 5078 1437 542 3641 1651 3396 2296 1550 297 926 1429 755 674 1320 1551 1497 474 3104 2907 1524 1136 1318 1014 383 503 276 3013 1870 1680 1143 1238 949 841 398 933 835 274 862 229 554 329 474 313
is_linear=0
shrinkage=0.03


Tree=59
num_leaves=63
num_cat=0
split_feature=10 20 9 14 1 20 12 27 10 1 6 20 1 1 27 27 10 26 8 8 15 27 25 26 1 22 12 27 19 27 12 26 22 11 22 14 4 5 15 26 25 12 8 12 15 22 11 26 14 8 27 26 22 14 27 22 6 7 19 1 8 26
split_gain=458.154 112.256 101.74 40.2939 38.4456 30.0907 21.0393 21.6233 21.3536 16.5915 16.942 15.817 16.618 14.7754 14.4712 15.4322 17.5618 14.5151 26.2703 14.496 12.302 12.1851 10.8852 11.7963 10.872 10.6344 10.447 10.5989 13.9161 10.1123 9.76868 9.72249 9.64156 9.10405 8.89818 8.80731 10.2132 9.93026 10.2725 9.01493 8.98012 8.78585 8.51556 8.51277 8.14215 8.10893 7.82367 7.81647 10.0574 10.3347 11.1178 8.10975 7.73554 10.0279 11.0507 7.51756 7.45908 7.34948 7.34348 7.3253 7.04586 6.9795
threshold=3531.8600000000001 10622.500000000002 2701.3800000000006 2682.2216596261387 3.5000000000000004 -45207.999999999993 4495.5636309523825 -0.62499999999999989 9999.9950000000008 5.5000000000000009 0.32143946530316164 -33563.44999999999 1.0000000180025095e-35 5.5000000000000009 -0.60500000000000032 -0.025000000000000352 1829.2050000000002 9.2800000000000029 0.063390085881955341 0.38043945030393422 5295.0756250000004 0.30499999999999977 18.950000000000003 6.8750000000000009 5.5000000000000009 3175.0546378968261 3969.7615699404769 -0.60000000000000042 17142.950000000001 -1.0000000180025095e-35 3130.7395758928574 9.7650000000000023 3711.750307539683 2135.8250000000003 5772.6085230654771 1984.567131393211 1.0000000180025095e-35 -1.0000000180025095e-35 3246.4984375000008 9.1800000000000015 19.275000000000002 3048.950052083334 0.3484035575467645 3676.9949553571428 2797.8418750000001 3098.0572941468258 1958.1700000000003 9.4200000000000017 2780.8013911423077 -0.75154610927435939 -0.87500000000000167 7.5150000000000015 3993.6082862103181 2239.126747018247 0.13999999999999882 3452.5523239087311 0.84874750804349197 -0.01397611846945947 32121.900000000005 1.0000000180025095e-35 0.95178258287705175 11.645000000000001
decision_type=2 2 2 2 2 2 2 2 2 2 2 2 2 2 2 2 2 2 2 2 2 2 2 2 2 2 2 2 2 2 2 2 2 2 2 2 2 2 2 2 2 2 2 2 2 2 2 2 2 2 2 2 2 2 2 2 2 2 2 2 2 2
left_child=2 4 3 5 6 -1 8 -8 35 14 45 -5 33 -3 -7 16 32 19 -19 -17 -15 25 34 -24 47 -20 27 43 57 55 44 -25 -16 -13 41 42 37 -37 40 -38 -39 -6 -2 -4 -12 -11 -34 48 -14 -50 -51 -52 53 54 -21 -28 -56 61 -35 -44 -32 -29
right_child=1 13 26 11 22 9 7 -9 -10 10 30 12 24 20 15 17 -18 18 21 52 -22 -23 23 31 -26 -27 29 28 -30 -31 60 -33 46 58 -36 36 39 38 -40 -41 -42 -43 59 -45 -46 -47 -48 -49 49 50 51 -53 -54 -55 56 -57 -58 -59 -60 -61 -62 -63
leaf_value=-0.011688210664759122 0.0068032738954215063 0.0071144084696168793 -0.0030580945067950525 -0.014103058491407715 0.0016599893891435969 -0.0056957115995714602 0.0022797309063814805 -0.00051036931931335515 0.0098413157408399413 7.6200909247923219e-05 -0.00062300158403721267 0.0011776271885345312 -0.0043796769206024952 -0.00018457777878047921 0.0010352826755425858 -0.0023548843640744188 0.00056040126219559562 0.0023598885458528682 0.0014885236434649318 0.0004040313272185081 0.0096081777281034151 0.00052257115815997675 -0.0011492525733229897 0.002696937133522672 -0.01730779779518753 -0.0016076721865769361 0.00089624600891919032 0.0011800323703287673 4.5887747873587511e-05 -0.0010046063523757719 -0.0020279278195958427 0.00037441678160410774 -0.0030210042246847021 0.00012977253941479194 0.0032261250560075539 0.0033579335645395501 0.00131081523470284 0.00016301411728326441 0.0013575309193979556 -0.0056477619451557534 -0.0026622203526869637 -3.7346739665302665e-05 0.0029638260153258588 4.850116239563107e-05 0.0010339233453415186 -0.0053800046091811637 0.00051248632311929221 -0.0048685070386947334 0.00079317569989384657 0.0021021570448970682 -0.0035329068549315853 -0.00043864052085007099 0.0008514472513155624 -0.0011762723850934709 -0.00029143330216149896 -6.9607880275448508e-05 -0.001305458870714702 0.00016416767299581636 -0.0018904231877139032 0.00075981054717709994 8.2172233725152912e-06 -0.0018044787229143644
leaf_weight=391 282 1388 110 474 293 155 251 359 614 65 40 106 180 121 58 622 793 120 65 263 142 169 87 470 260 310 55 605 3103 443 62 296 352 110 79 928 80 239 555 53 46 2026 138 130 78 521 79 362 146 42 357 182 75 413 1582 1393 492 273 70 373 77 43
leaf_count=391 282 1388 110 474 293 155 251 359 614 65 40 106 180 121 58 622 793 120 65 263 142 169 87 470 260 310 55 605 3103 443 62 296 352 110 79 928 80 239 555 53 46 2026 138 130 78 521 79 362 146 42 357 182 75 413 1582 1393 492 273 70 373 77 43
internal_value=0.000484052 0.0059245 -0.00266763 -0.0046875 0.00429916 -0.00352499 0.00630008 0.0011784 0.00724388 -0.00302957 -0.00694905 -0.00812882 -0.00684747 0.0129752 -0.00243287 -0.00217186 0.000701481 -0.00306785 0.000992481 -0.00385006 0.00642045 -0.00181651 0.00188653 0.00479508 -0.00808824 -0.00482713 0.000309454 0.00113247 0.00149814 -0.00154598 -0.000523256 0.00598435 -0.00376531 -0.000209059 0.000850354 0.00608905 0.00497634 0.00557942 0.00321046 -0.00302239 -0.00141608 0.000510776 0.00874685 -0.00497925 0.00579832 -0.0097615 -0.0053125 -0.00693307 -0.00543502 -0.00385302 -0.00564433 -0.00680556 -0.00293524 -0.0031952 -0.00243157 -0.000331263 -0.00316627 0.00473427 -0.00430939 0.00641602 -0.00589286 0.00647149
internal_weight=24046 8820 15226 9071 7169 6782 3918 610 3308 6391 843 2289 1815 1651 5548 5393 1282 4111 664 3447 263 544 3251 853 1529 375 6155 4264 4024 1891 257 766 489 286 2398 2694 1901 1768 840 133 285 2319 793 240 118 586 431 1269 907 727 581 539 2825 2750 2337 1448 2074 921 180 511 139 648
internal_count=24046 8820 15226 9071 7169 6782 3918 610 3308 6391 843 2289 1815 1651 5548 5393 1282 4111 664 3447 263 544 3251 853 1529 375 6155 4264 4024 1891 257 766 489 286 2398 2694 1901 1768 840 133 285 2319 793 240 118 586 431 1269 907 727 581 539 2825 2750 2337 1448 2074 921 180 511 139 648
is_linear=0
shrinkage=0.03


Tree=60
num_leaves=63
num_cat=0
split_feature=9 9 10 1 12 26 14 11 1 27 17 26 7 20 10 12 12 12 7 26 8 9 26 22 1 22 26 26 27 22 26 25 19 14 22 11 4 1 6 22 22 26 10 27 27 27 22 17 8 27 12 14 27 22 12 10 14 17 18 12 27 11
split_gain=447.626 148.846 67.2144 31.1401 27.1142 24.7184 20.1849 19.1558 18.2505 15.8881 15.7771 15.1601 14.7911 14.6483 14.0619 13.394 13.0843 12.7162 12.3163 14.5918 12.0964 11.7852 11.6641 11.1191 10.9763 10.9237 10.3457 15.8756 12.0869 11.3019 10.4682 10.921 10.2661 9.61899 9.49377 9.21762 9.0886 10.9983 14.3709 12.1685 9.0196 8.34676 8.31625 7.78958 15.3369 9.83667 7.76672 7.66213 7.54324 7.52946 7.3248 7.30756 11.0004 9.1688 7.46653 7.60349 7.29819 9.67267 14.5511 10.1493 9.04204 7.23342
threshold=3200.0950000000007 9999.9950000000008 1760.8100000000002 5.5000000000000009 4371.0712872023823 5.7800000000000002 2191.8971039783178 1723.0500000000002 1.0000000180025095e-35 0.20500000000000099 999.88000000000011 4.7100000000000009 0.85673801594079257 10982 9999.9950000000008 4823.5526488095247 3688.2448586309524 2813.9496056547623 0.97696484778429815 6.6950000000000012 0.99748108949426018 4672.0550000000012 6.9500000000000002 5307.2669915674614 5.5000000000000009 5748.263710317462 6.5400000000000009 5.1300000000000008 0.86500000000000032 3687.7778583829368 11.265000000000002 20.580000000000002 22586.800000000007 2377.0970237087963 3072.0114856150799 4903.4950000000008 1.0000000180025095e-35 4.5000000000000009 0.16280825711809005 3164.135959821429 3948.8224503968254 10.105000000000002 2430.5750000000003 -0.015000000000000567 0.18499999999999875 0.30499999999999977 5846.5585912698416 2000.3750000000002 -0.88718477985951061 -0.83999999999999975 2834.0721800595243 2677.399504010802 -0.60000000000000042 5734.3922098214289 4392.1059523809536 3140.8800000000006 2243.0255533977274 1551.5250000000003 12225.1 3766.6550223214294 0.72000000000000075 4036.8850000000007
decision_type=2 2 2 2 2 2 2 2 2 2 2 2 2 2 2 2 2 2 2 2 2 2 2 2 2 2 2 2 2 2 2 2 2 2 2 2 2 2 2 2 2 2 2 2 2 2 2 2 2 2 2 2 2 2 2 2 2 2 2 2 2 2
left_child=2 6 5 13 7 -1 8 17 25 21 -7 -9 33 15 43 -3 -12 -4 19 -6 26 46 42 -24 -19 -2 27 -13 30 34 31 36 -25 -5 -29 -16 37 61 39 -39 -31 -38 -21 51 -45 47 -10 -46 -18 -50 -30 52 53 -8 55 -54 57 60 59 -59 -36 -28
right_child=1 3 4 12 18 10 14 11 9 -11 16 20 -14 -15 35 -17 48 24 -20 22 -22 -23 23 32 -26 -27 28 29 50 40 -32 -33 -34 -35 56 -37 41 38 -40 -41 -42 -43 -44 44 45 -47 -48 -49 49 -51 -52 -53 54 -55 -56 -57 -58 58 -60 -61 -62 -63
leaf_value=0.00024383327745097994 0.0055131123298018453 0.0080180662985800486 0.0005914726450179053 0.0014963185418153733 -0.0022698866198862522 -0.011573580710832365 0.00021764985685447156 -0.0019026915832896394 0.00060431234013345045 0.00031420526726255282 -0.00059308242116439479 0.00027214540370548598 0.0092953812771493817 0.0069009762155283734 -0.00047145266113462369 -0.0027490797453681992 -0.00010075579940787448 -0.00086571468431907662 -0.0044662106897822079 -0.00067688450599593156 0.00062059019304498079 0.0052009680283601773 -0.00035418055009796664 -0.0001723217043397618 -0.01341844644340366 -0.00066707788339879668 0.00018736972400706264 -0.0015693826519585796 0.00019988634411969739 -0.0019271820884368294 -0.00096379828549852497 -0.00075472168008026584 -0.0079130673652459682 -0.00081837585375252428 0.00056802125787426495 0.013906278080404916 -0.00071278248187438991 0.00095537764071873088 0.00015311157872226476 -0.0018438279609503637 -0.00014386465490825006 -0.0096098685943982465 0.0016010958909152783 -0.00034272336001399671 0.0026052155890190229 -0.00079007006832474856 0.0035910174068284027 -0.00086403884756400371 0.00037844527591980094 -0.0043668459557777341 -0.0040182425661331499 0.0001244561438119618 -0.00016975918970106639 -0.0051557479577981754 -0.00013686416049797144 0.0016966294718796871 -0.0011638563091840126 -0.0010657126349259459 3.7349663790697814e-05 0.00056261515178063876 -0.00082224302020401647 0.0021594197744254015
leaf_weight=285 421 901 114 111 252 1482 207 211 875 1558 737 282 132 1310 100 73 78 408 167 128 212 394 467 86 262 50 2787 70 41 217 423 115 200 183 346 349 186 48 344 443 140 56 126 1026 234 57 107 55 44 427 96 1832 100 44 125 768 393 426 663 43 145 141
leaf_count=285 421 901 114 111 252 1482 207 211 875 1558 737 282 132 1310 100 73 78 408 167 128 212 394 467 86 262 50 2787 70 41 217 423 115 200 183 346 349 186 48 344 443 140 56 126 1026 234 57 107 55 44 427 96 1832 100 44 125 768 393 426 663 43 145 141
internal_value=0.000549494 0.00500681 -0.00320005 0.0111103 -0.00201414 -0.00709725 0.00301337 -0.00137931 0.00478714 0.0039046 -0.00796316 -0.000931153 0.0036534 0.0124989 0.0017793 0.00969231 -0.00552448 -0.00584713 -0.00584443 -0.00482143 -0.000710816 0.00625272 -0.0031994 -0.00507294 -0.00742176 0.0102648 -0.000913449 -0.00238261 -5.768e-05 -0.0031608 0.000207967 0.00066974 -0.00972125 -0.000101695 -0.00231433 0.00683333 0.000932351 0.00129516 -0.00174043 -0.00503049 -0.00808659 -0.00469136 0.00235294 0.0012677 -0.000611799 0.0048415 0.00448627 0.00708621 -0.00902727 -0.0104555 -0.00880435 0.00210595 0.00387952 -0.00172619 0.00529678 0.00628308 -0.00193356 -0.00104372 -0.0025684 -0.00660638 0.00246951 0.00216115
internal_weight=24103 11012 13091 2710 10038 3053 8302 8612 3405 2934 2768 7828 426 2284 4897 974 1286 784 1426 1259 7617 1376 1007 753 670 471 7405 2725 4680 2443 4543 4120 286 294 2086 449 4005 3763 835 491 357 242 254 4448 1372 346 982 289 549 471 137 3076 1244 251 993 868 2016 1623 1132 469 491 2928
internal_count=24103 11012 13091 2710 10038 3053 8302 8612 3405 2934 2768 7828 426 2284 4897 974 1286 784 1426 1259 7617 1376 1007 753 670 471 7405 2725 4680 2443 4543 4120 286 294 2086 449 4005 3763 835 491 357 242 254 4448 1372 346 982 289 549 471 137 3076 1244 251 993 868 2016 1623 1132 469 491 2928
is_linear=0
shrinkage=0.03


Tree=61
num_leaves=63
num_cat=0
split_feature=10 9 9 1 20 1 0 15 1 5 17 0 15 20 0 11 26 22 10 21 16 21 1 0 7 26 0 1 8 22 10 7 7 26 8 17 17 17 17 15 4 22 9 16 7 26 22 22 23 16 15 16 15 7 22 8 21 11 17 22 16 0
split_gain=425.254 137.923 69.8086 35.507 33.5115 30.8364 26.574 20.5923 18.6709 14.9735 14.5566 16.0069 29.271 14.4323 14.6404 14.0989 13.7736 13.4564 12.911 11.7544 11.5768 11.3957 11.0214 13.3813 10.9729 9.91207 9.49479 9.12828 13.616 9.12153 9.87472 12.666 12.4889 11.4586 14.2977 10.6305 9.25752 8.65255 8.60603 8.51008 7.8016 7.76993 7.76433 11.8459 7.74465 14.2081 7.72912 12.1717 8.98646 8.21337 7.52334 7.4581 8.0786 7.40282 7.76206 10.4442 8.15323 9.12978 7.15883 7.12873 6.55057 6.5407
threshold=3359.2900000000004 9999.9950000000008 2766.0250000000005 5.5000000000000009 -44171.349999999999 5.5000000000000009 31.500000000000004 5295.0756250000004 3.5000000000000004 -0.55557023301960229 2449.7550000000006 17.500000000000004 3246.4984375000008 10982 29.500000000000004 2590.3350000000005 11.130000000000001 3098.0572941468258 5000.6000000000013 5341.3516666666674 4799.7400000000007 2569.8883333333338 5.5000000000000009 29.500000000000004 0.93544191479114935 7.6700000000000008 29.500000000000004 1.0000000180025095e-35 -0.85336608150419258 3105.6539620535718 2199.4450000000002 -0.96235977360714686 -0.91597725483594616 6.8450000000000015 0.97648852793709995 1183.2700000000002 2585.1200000000003 1355.325 99.415000000000006 3020.3678125000001 1.0000000180025095e-35 5846.5585912698416 1517.2350000000004 5500.0250000000005 0.90892735371523092 9.7650000000000023 5638.0076029265883 5426.0735057043667 26.393750000000008 6401.6400000000003 4900.826822916667 5000.255000000001 3446.6698958333341 0.98522604642031408 5008.0517906746036 -0.54219087765047058 3987.898333333334 2839.4150000000004 1802.8950000000002 3682.6409784226194 7599.6750000000011 14.500000000000002
decision_type=2 2 2 2 2 2 2 2 2 2 2 2 2 2 2 2 2 2 2 2 2 2 2 2 2 2 2 2 2 2 2 2 2 2 2 2 2 2 2 2 2 2 2 2 2 2 2 2 2 2 2 2 2 2 2 2 2 2 2 2 2 2
left_child=2 8 3 4 25 13 58 -7 10 38 11 12 -2 14 -3 -10 19 -8 50 20 26 -17 -4 -24 29 39 -11 28 -21 -22 31 -31 -33 34 35 -32 -36 -28 -6 -1 53 -29 43 -34 46 -46 47 49 -48 -23 -13 -35 -53 54 56 -56 57 -40 -5 -47 -51 -50
right_child=1 5 22 6 9 7 17 -9 15 16 -12 18 -14 -15 -16 21 -18 -19 -20 27 24 44 23 -25 -26 -27 37 41 -30 30 33 32 42 51 36 -37 -38 -39 40 -41 -42 -43 -44 -45 45 59 48 -49 61 60 -52 52 -54 -55 55 -57 -58 -59 -60 -61 -62 -63
leaf_value=0.0001891751415093612 -0.00050230035086592292 0.00024987321783026317 7.5052060274662932e-05 0.00017414068243905233 0.0036566753943752905 -0.00019105900549177158 2.7074096238015599e-05 0.009065622077056688 -0.0011588893282814361 -0.0019598976402901156 -0.00029801288124463809 0.0011286496662173649 0.0010095790119610459 0.0066939469290625371 0.0077817007073382616 0.0014022219948532121 -0.0060570678637920979 -0.010464571939053298 0.0097710925219393185 -0.0032794471716262128 -0.0011341778178926853 0.0047366667743799868 0.00015609822670557881 -0.0021683160244968924 -0.0022857702738765307 -0.01264058350999642 -0.0043403598796650832 -0.0029888505839804802 0.00093322399087468531 -0.0047349682747344964 0.00041245964474093008 0.0012560614345213316 0.0013988453539051093 -0.0016900936760327844 0.00038956077598422566 -0.0012063712839954553 -0.0013141250365875123 0.00091105981096809778 -0.00043080614628238757 -0.010746208211819947 -0.0069773101773973238 -8.8241517170466457e-05 0.00021414877785772999 -0.0032434685952617225 0.0045846404808706611 -0.00021580566322405124 -0.0013197592207772146 -0.0010569896906770814 0.0022736840957633662 -0.0020576401173075798 -0.00034010258281892193 0.00039689449707871024 -0.00031379841260526843 -0.0020873619465809103 0.00023670601370760378 -0.0026891702774481585 0.0014077484782258232 0.00073805325586191902 -0.00097456243619949308 0.0010586063343919782 6.7950388221307273e-05 0.00071442691872078965
leaf_weight=91 291 122 4003 167 56 298 85 145 127 190 239 2116 506 1279 858 116 268 916 817 75 366 62 221 372 502 327 185 768 85 152 88 116 62 100 188 764 53 88 355 94 79 155 892 177 223 274 57 223 104 42 115 407 374 122 285 218 233 148 120 95 1682 245
leaf_count=91 291 122 4003 167 56 298 85 145 127 190 239 2116 506 1279 858 116 268 916 817 75 366 62 221 372 502 327 185 768 85 152 88 116 62 100 188 764 53 88 355 94 79 155 892 177 223 274 57 223 104 42 115 407 374 122 285 218 233 148 120 95 1682 245
internal_value=0.000563501 0.00527249 -0.00282514 -0.00431298 -0.00357329 0.0110655 -0.00893716 0.00381757 0.00313701 -0.00306872 0.00448715 0.0049337 0.00114662 0.0124845 0.00972477 0.00143956 -0.00373266 -0.0112425 0.00592325 -0.00342346 -0.00277365 0.00183899 0.000202306 -0.00361111 -0.00228076 -0.0109942 -0.00727371 -0.00624077 0.000372671 -0.00172059 -0.00123148 0.000696429 0.00169471 -0.00259747 -0.00464808 -0.00647128 0.00179752 -0.00366788 -0.000380762 -0.00540323 -0.000832755 -0.00738636 0.000728799 -0.0040625 0.00148105 0.00455312 0.000726407 -3.73134e-05 0.00449631 0.000789032 0.0047379 -5.10204e-05 0.000939898 -0.000297357 0.000399194 -0.00247024 0.00236092 0.000208333 -0.000885417 0.000932432 0.0004 0.0063
internal_weight=23983 10036 13947 9351 8063 2702 1288 443 7334 7551 4084 3845 797 2259 980 3250 6055 1001 3048 5787 4704 3123 4596 593 4241 512 463 1083 160 3739 3373 1399 1247 1974 1093 852 241 273 1496 185 1440 923 1131 239 3007 592 2415 2009 406 1786 2231 881 781 1361 1239 503 736 503 287 369 1724 349
internal_count=23983 10036 13947 9351 8063 2702 1288 443 7334 7551 4084 3845 797 2259 980 3250 6055 1001 3048 5787 4704 3123 4596 593 4241 512 463 1083 160 3739 3373 1399 1247 1974 1093 852 241 273 1496 185 1440 923 1131 239 3007 592 2415 2009 406 1786 2231 881 781 1361 1239 503 736 503 287 369 1724 349
is_linear=0
shrinkage=0.03


Tree=62
num_leaves=63
num_cat=0
split_feature=10 9 14 19 1 14 6 15 8 9 27 1 27 14 1 0 27 23 17 27 27 17 12 16 8 17 27 18 0 27 14 22 14 27 23 21 0 8 14 25 22 16 22 14 27 21 22 19 22 25 14 1 0 18 18 14 17 18 9 17 14 22
split_gain=397.447 145.018 54.2752 32.2323 28.821 24.8836 24.825 21.394 20.7331 20.711 19.2835 18.5009 17.4719 13.9667 12.8932 16.3329 12.7312 11.7878 11.6147 11.5942 10.7316 13.6986 19.8024 17.4877 15.9383 13.0651 12.6077 11.7715 10.4738 10.274 10.1885 10.165 14.1926 12.0122 11.6505 10.6169 15.4047 9.90359 18.7154 9.80382 9.79589 10.7439 9.75124 9.5141 9.48274 9.25103 8.91493 8.77265 8.77205 9.46633 8.55515 8.38733 8.32115 8.19228 8.19186 7.9889 7.47237 7.95972 7.46083 7.41986 7.36233 7.31826
threshold=3200.7050000000004 9499.0850000000009 2682.2216596261387 47728.200000000004 5.5000000000000009 2188.5556100918634 -0.77259657388510605 5295.0756250000004 0.2332836900311728 2887.6800000000003 -1.0000000180025095e-35 1.0000000180025095e-35 0.20500000000000099 2261.3614174572272 5.5000000000000009 31.500000000000004 -0.5400000000000017 36.537500000000016 200.01000000000002 0.18499999999999875 -0.60500000000000032 1008.6950000000001 3048.950052083334 4999.7350000000015 0.097680735332368748 499.72000000000008 -0.51499999999999868 12380.550000000001 39.500000000000007 -0.56000000000000039 2169.9542670621054 6032.5343142361116 2677.399504010802 -0.40499999999999753 26.806250000000006 6418.1950000000015 75.500000000000014 -0.7284115498514564 2772.0487194448424 14.765000000000002 3419.3517311507944 4962.5200000000013 3098.0572941468258 2070.6602773666095 -0.66999999999999893 2401.0550000000007 3481.9168787202384 17142.950000000001 5734.3922098214289 15.050000000000002 2245.2169368556183 4.5000000000000009 33.500000000000007 9498.3000000000011 8570.4500000000025 2005.729146281484 300.64000000000004 5757.7000000000007 4672.0550000000012 1400.2350000000004 2266.1278919081824 5846.5585912698416
decision_type=2 2 2 2 2 2 2 2 2 2 2 2 2 2 2 2 2 2 2 2 2 2 2 2 2 2 2 2 2 2 2 2 2 2 2 2 2 2 2 2 2 2 2 2 2 2 2 2 2 2 2 2 2 2 2 2 2 2 2 2 2 2
left_child=2 5 3 9 -3 11 29 13 -5 14 31 48 39 -6 20 43 -11 18 -8 45 -1 23 24 28 -23 56 -24 53 46 44 -29 32 33 50 54 36 -36 38 -20 -13 -10 -42 -17 -16 -4 -12 -22 -18 49 -2 -7 -35 -14 55 -34 -28 57 -25 -41 -43 -21 -52
right_child=1 4 6 8 7 10 17 -9 40 16 19 12 52 -15 15 42 47 -19 37 60 21 22 26 25 -26 -27 27 30 -30 -31 -32 -33 34 51 35 -37 -38 -39 -40 58 41 59 -44 -45 -46 -47 -48 -49 -50 -51 61 -53 -54 -55 -56 -57 -58 -59 -60 -61 -62 -63
leaf_value=-0.0045105382119354949 -0.00028093477680307899 0.0064931285211906869 -0.0030156201072144384 -0.011213401546633035 0.0018035420448413396 -0.0028551469528495144 0.00045121573597577401 0.0088040731463230951 -0.0022101089018489351 -0.001816919641795529 0.00060484289524236339 -0.0011245991856270443 0.00067207493183580875 -0.00089805980521083127 0.00034516700918150621 0.00047089392081585131 0.0012201862646933747 0.0011356250955765557 -0.0020512461161281245 -0.00038689515838770557 4.4130229008638719e-05 0.0014510921856715163 0.0017307156828802483 -0.0029914530676721893 -0.0014155329293282116 0.00095332727880181433 -0.0015914717459763405 0.00013347150290972108 0.00021393640722359829 -0.010988087358977213 -0.00044135738365276285 -0.00094199281777258999 -0.0019551744324514606 0.0025493308029032489 0.00041426596897627729 -0.0012267355902266352 0.01319595696233458 -0.0019215958838667913 0.00085723527030296504 0.00090671579538053487 -0.0094701652349564198 0.001341292533989531 -0.0040841129310820352 -0.00094425983986288207 0.00011977042549500716 -0.00057856068000959658 -0.0032671086935553628 5.1706951532874964e-05 -0.0003567505945438398 0.0043137821795949712 0.00045821254501296591 5.9026484966100407e-05 -4.2856615257456098e-05 -0.00082882716170340042 -5.2497370556068288e-05 0.00025258590906322541 -0.0018724676824095265 0.0010906139498644406 0.0053147590667554385 -0.0010927828064551635 0.0017777909001271473 0.0030290878024612409
leaf_weight=171 55 2302 465 383 117 67 207 147 324 137 73 42 530 186 170 68 378 107 100 116 89 49 46 55 783 594 109 1264 188 895 663 78 87 453 1033 104 186 883 201 752 61 127 533 143 117 1128 195 1948 59 458 523 91 865 896 715 392 135 178 375 59 266 93
leaf_count=171 55 2302 465 383 117 67 207 147 324 137 73 42 530 186 170 68 378 107 100 116 89 49 46 55 783 594 109 1264 188 895 663 78 87 453 1033 104 186 883 201 752 61 127 533 143 117 1128 195 1948 59 458 523 91 865 896 715 392 135 178 375 59 266 93
internal_value=0.000493442 0.0047262 -0.00302539 -0.00197949 0.0106793 0.00271472 -0.0065877 0.00372506 -0.00722513 -0.00143386 0.00140307 0.00481033 0.0037193 -0.000838816 -0.00229619 -0.00560656 0.000919237 -0.00386258 -0.00460129 -0.00133523 -0.00177428 -0.0015487 -0.00241256 0.000982578 -0.00655462 0.00330218 -0.00138831 -0.00160602 -0.00374207 -0.00934709 -8.55809e-05 0.00266686 0.00291679 0.00548453 0.00143227 0.00316088 0.00394672 -0.00574684 -0.00104305 0.00642308 -0.00359266 0.000907258 -0.00849668 -4.77707e-05 -0.00622642 -0.00278286 -0.00736842 0.00144392 0.00968586 0.0109436 0.00282895 0.00880734 0.00145057 -0.00370172 -0.00141968 -0.00062749 -0.00113821 0.00211538 0.00695479 0.00449198 0.00321149 0.00393841
internal_weight=24014 10901 13113 10138 2752 8149 2975 450 954 9184 5013 3136 2564 303 6721 914 2463 1498 1391 1583 5807 5636 4202 1434 832 962 3370 3324 472 1477 1927 3430 3352 1227 2125 1323 1219 1184 301 1169 571 247 601 313 582 1201 284 2326 572 513 683 544 1395 1397 802 501 368 233 1127 186 382 616
internal_count=24014 10901 13113 10138 2752 8149 2975 450 954 9184 5013 3136 2564 303 6721 914 2463 1498 1391 1583 5807 5636 4202 1434 832 962 3370 3324 472 1477 1927 3430 3352 1227 2125 1323 1219 1184 301 1169 571 247 601 313 582 1201 284 2326 572 513 683 544 1395 1397 802 501 368 233 1127 186 382 616
is_linear=0
shrinkage=0.03


Tree=63
num_leaves=63
num_cat=0
split_feature=9 9 9 14 11 16 14 12 11 10 16 20 26 26 26 22 26 27 11 22 26 25 27 16 18 22 23 14 23 24 27 11 10 6 22 22 12 10 16 22 15 20 15 27 22 27 25 20 21 26 26 27 13 26 25 15 22 0 14 15 26 10
split_gain=383.51 152.197 53.9157 24.5217 22.6172 22.2945 20.5529 18.4591 14.4596 14.2664 13.8001 14.0524 13.2305 13.0309 14.1306 12.267 12.0103 14.0953 13.5263 13.8623 13.3161 12.0719 11.8528 10.5542 10.5353 9.98461 17.9359 12.3872 9.88743 9.82614 12.7393 9.66993 9.5761 9.27704 13.2999 10.5873 8.63212 8.36211 9.21964 8.18953 8.13755 8.13618 8.05108 8.01615 12.4166 8.76342 9.87303 7.73895 7.71382 7.69765 7.62764 13.4177 8.85793 7.43486 10.5875 12.2635 10.2587 9.76177 8.08816 7.26867 7.03247 7.02093
threshold=3140.7000000000003 9499.0850000000009 1564.4350000000002 2391.7880409812392 5629.4650000000011 5500.0250000000005 2188.5556100918634 4257.4148437500007 1496.5150000000001 4090.4750000000008 4799.7400000000007 -39673.69999999999 9.7650000000000023 4.7100000000000009 5.1300000000000008 5846.5585912698416 7.6900000000000004 -0.57999999999999996 199.11500000000004 3784.2768526785721 7.4350000000000014 19.305000000000003 0.20500000000000099 5281.1400000000003 8979.6000000000004 5235.1016672867072 22.868750000000002 2255.8046853919836 23.531250000000004 13.2125 -0.77499999999999847 3699.4700000000007 3695.23 -0.2269546835593246 3734.72984119898 3164.135959821429 4189.6695833333351 7200.3450000000012 6949.7350000000006 5381.0760044642866 3648.7222916666674 11439.250000000002 2962.4200000000005 -0.54999999999999882 5418.0856684027776 -0.66999999999999893 19.165000000000003 10265.000000000002 5382.4500000000007 5.1750000000000016 10.175000000000002 0.30499999999999977 9100.3900000000012 8.4950000000000028 17.825000000000003 3691.0873437500004 5187.8825043402785 21.500000000000004 2737.7566934564697 4941.5795833333341 9.7650000000000023 499.40500000000003
decision_type=2 2 2 2 2 2 2 2 2 2 2 2 2 2 2 2 2 2 2 2 2 2 2 2 2 2 2 2 2 2 2 2 2 2 2 2 2 2 2 2 2 2 2 2 2 2 2 2 2 2 2 2 2 2 2 2 2 2 2 2 2 2
left_child=2 6 5 13 25 7 9 10 -5 15 11 -1 29 -4 -15 -2 20 -18 -19 21 32 24 -11 -24 -20 26 47 -27 42 30 39 -14 49 35 40 -26 -29 -8 -39 -10 -35 -6 -21 45 53 46 -32 -3 -13 -16 52 -52 -37 54 55 -45 -57 -55 -58 -47 -28 -7
right_child=1 4 3 8 41 61 37 -9 12 22 -12 48 31 14 16 -17 17 18 19 28 -22 -23 23 -25 33 27 60 36 -30 -31 43 -33 -34 34 -36 50 -38 38 -40 -41 -42 -43 -44 44 -46 59 -48 -49 -50 -51 51 -53 -54 57 -56 56 58 -59 -60 -61 -62 -63
leaf_value=-0.0096681946805290322 0.00036084275314885339 -0.0045374394513403166 -0.0015808405057434703 -0.0059968163070172808 0.0070479055455698785 -0.021729646195673101 0.00014478854116903861 -0.010302268025089854 -0.00091144861198670483 0.0040207626353861324 0.00059548190765725375 -0.0021290400372356456 -0.0036090971895310717 0.00030442485756580149 -0.0026373999388000602 0.0033229007655150508 -0.0079280565237752933 -0.015326993608697029 -0.004449869648515889 -0.00065003647765670357 -0.0025200411529832235 -0.0051922863573626099 0.0054040426565921161 0.00065793478278814983 0.00060418441118482936 0.0041634661844140997 0.0081507906347254716 -0.0025149695027474727 0.0010773429094023612 0.0011232341705317416 -1.3089593771673514e-05 0.001347868045187841 0.0027583337997737446 0.00039085072233358887 -0.00087138263299225472 -0.003736739976135208 0.0015183451558155347 0.014185876997607138 0.00060285316669499872 -0.0074245501953559764 -6.0761710856382929e-05 0.006298334665554961 0.00075784635079001461 0.0021847677142209409 -0.00098934354616751806 0.0016577461843753393 -0.0029090488218961449 0.0062879149339768676 0.0010187902478161258 -0.0002900591975528943 -0.0018034824223785327 0.00069563124772407557 9.1791539101153668e-05 -0.00048799952750190552 -0.0031736575672514531 -0.001186229240879042 0.001587666991244747 0.0016635873994993576 -0.00036807137861932126 -0.0013551556566450439 0.00018968644353850372 -0.0073498916237518669
leaf_weight=148 1964 94 290 408 765 372 4569 165 90 654 271 109 335 470 181 111 77 62 54 215 245 74 74 671 152 54 413 71 523 95 246 45 43 490 77 47 96 193 376 140 223 1065 82 70 429 191 54 145 69 3153 327 82 559 73 127 275 57 113 97 59 44 1168
leaf_count=148 1964 94 290 408 765 372 4569 165 90 654 271 109 335 470 181 111 77 62 54 215 245 74 74 671 152 54 413 71 523 95 246 45 43 490 77 47 96 193 376 140 223 1065 82 70 429 191 54 145 69 3153 327 82 559 73 127 275 57 113 97 59 44 1168
internal_value=0.000557061 0.00455678 -0.00303966 -0.00211403 0.0107041 -0.00719062 0.00259491 -0.0029882 -0.00445095 0.00437698 -0.000526756 -0.0046789 -0.00359231 -0.00119968 -0.000945776 0.00279624 -0.00130043 8.867e-05 0.000419474 0.000717481 -0.00246757 -0.000582454 0.00671786 0.00412198 -0.00014165 0.00684641 0.00860832 0.00128378 0.00401949 -0.00266415 -0.00310831 -0.00874016 -0.00197602 0.000222165 0.00273072 -0.00147688 -0.00276786 0.00138938 0.00481579 -0.00974026 0.00401261 0.0126324 -0.000352349 -0.00225167 -0.00358696 0.00076225 -0.00269103 0.0019375 0.00100559 -0.00215892 -0.00258366 -0.0057439 -0.000444811 -0.00140221 -0.00296651 -0.00099 -0.00289535 0.00385027 0.00329032 0.0049004 0.0120852 -0.00926671
internal_weight=23991 11359 12632 10330 2747 2302 8612 762 2904 3474 597 326 2496 7426 7136 2075 6666 3044 2967 2905 3622 2085 1399 745 2011 917 696 221 820 2116 2021 380 3377 1957 790 1167 167 5138 569 230 713 1830 297 1791 1241 550 300 239 178 3334 1015 409 606 812 626 499 429 186 154 250 457 1540
internal_count=23991 11359 12632 10330 2747 2302 8612 762 2904 3474 597 326 2496 7426 7136 2075 6666 3044 2967 2905 3622 2085 1399 745 2011 917 696 221 820 2116 2021 380 3377 1957 790 1167 167 5138 569 230 713 1830 297 1791 1241 550 300 239 178 3334 1015 409 606 812 626 499 429 186 154 250 457 1540
is_linear=0
shrinkage=0.03


Tree=64
num_leaves=63
num_cat=0
split_feature=10 9 20 14 20 11 12 20 17 16 24 17 7 22 4 12 8 11 4 14 11 8 17 11 25 26 24 5 11 18 18 8 17 16 26 26 17 26 15 20 12 17 18 26 7 8 18 26 22 12 17 7 9 8 18 12 12 17 18 8 14 17
split_gain=369.226 100.965 99.0699 27.7883 21.5416 18.68 20.5686 14.7956 13.6557 13.4797 15.6147 16.7183 12.6426 12.3783 11.0239 11.0238 10.6854 10.5593 10.4376 14.7835 11.0409 10.2004 15.3659 9.92629 11.2804 10.1903 8.64959 8.58124 9.71324 12.1341 9.64514 10.3377 9.26875 26.2649 10.5894 9.05303 13.3256 8.95724 8.87133 9.17525 8.65522 8.64641 15.6449 8.32988 8.30941 8.12342 8.01 7.58457 7.43494 10.8734 8.78809 7.29208 7.26488 7.10607 8.05384 7.09986 7.93756 7.08864 8.15468 14.5873 8.24637 7.64441
threshold=3849.2450000000003 2701.3800000000006 10622.500000000002 2692.6761492822102 -45207.999999999993 5027.920000000001 4495.5636309523825 -33563.44999999999 1551.0300000000002 5757.4650000000011 13.2125 1001.8700000000001 0.84313847884979054 6032.5343142361116 1.0000000180025095e-35 4286.9559523809539 0.04621408538533487 5629.4650000000011 1.0000000180025095e-35 1971.4238482347955 199.11500000000004 -0.92999516916204616 2204.7200000000007 3030.4600000000005 18.750000000000004 6.0250000000000012 2.6062499999999997 -0.5 2610.8400000000006 8217.4500000000025 12286.900000000001 0.080547328232315238 1008.6950000000001 4799.7400000000007 9.7900000000000009 7.955000000000001 1666.1650000000002 7.2550000000000008 3218.4991145833337 -13614.799999999997 4241.5565104166681 499.92500000000007 8979.6000000000004 7.6000000000000005 -0.78856175031405207 -0.99761278905001471 5757.7000000000007 6.0550000000000006 5101.634153645834 5752.6047470238109 982.2600000000001 0.92922379131507438 899.73000000000013 -0.99486055365577253 18919.850000000002 4398.3067485119054 4973.308385416668 2000.3750000000002 11083.650000000003 -0.32613736746952143 2692.6761492822102 2047.7650000000003
decision_type=2 2 2 2 2 2 2 2 2 2 2 2 2 2 2 2 2 2 2 2 2 2 2 2 2 2 2 2 2 2 2 2 2 2 2 2 2 2 2 2 2 2 2 2 2 2 2 2 2 2 2 2 2 2 2 2 2 2 2 2 2 2
left_child=1 3 5 4 43 13 14 -5 -8 12 21 -12 -9 15 26 16 44 51 20 -20 -6 22 -11 45 25 -25 -7 28 29 -22 32 -32 33 46 41 37 -37 -34 39 -36 -38 42 -35 52 -2 -3 -29 -23 49 50 -49 -4 -1 -46 -55 -27 -57 58 60 -60 -47 -59
right_child=2 23 17 7 18 6 8 9 -10 10 11 -13 -14 -15 -16 -17 -18 -19 19 -21 27 47 -24 24 -26 55 -28 30 -30 -31 31 -33 35 34 38 36 40 -39 -40 -41 -42 -43 -44 -45 53 57 -48 48 -50 -51 -52 -53 -54 54 -56 56 -58 61 59 -61 -62 -63
leaf_value=0.00036945203907685632 0.00039050626219176541 -0.00094834130151890241 0.004083943054294519 -0.012777572725916156 -0.011060630021019988 0.00479154172662998 -0.00048266528545298115 0.00040381363628878565 0.0017100309106665712 0.00093761740228517345 0.0018340321350591448 -0.0028525557788956313 -0.0034879080913170044 -0.0024496505320369885 -0.00072003144531840313 5.8898396821369659e-05 0.00052551860850768683 0.0061093846255883119 0.00022974227146278279 -0.0057328058494591702 0.0011484508921316648 0.0011036124015730041 -0.0030111007039862513 0.00055540345259798231 0.00079033407030284055 6.2619038299027705e-05 0.0075681982701276147 0.00040707417604508134 0.00062032910791815605 -0.00070656805682785869 -0.0063885144062333721 -3.9800599699697513e-05 -0.0009588775395466964 0.00081131218494808973 -0.0013412047766618728 -0.0026566590771095423 0.0013082747603625044 -0.0042496604486359319 -0.020551277578235699 0.0015979388837420094 -0.000392468275270863 0.00085852976515611525 -0.002991689182909831 -0.011631341073183607 -3.655760226406457e-06 -2.6379418386293095e-05 -0.0042520008683061584 0.00020164346098701101 -0.0065394947368960831 0.0010321818270539263 -0.0038784477276232153 0.0078429592635676747 -0.0087778198996819323 0.0050240001544108372 -0.0012613808361699342 -0.00069990343954772882 0.00024689501922829036 -0.00089298358299162218 0.0013724398510947821 5.3557848229117684e-05 -0.0027378222329494314 -0.00015605596404679288
leaf_weight=52 306 100 236 448 126 847 317 236 255 113 88 64 45 66 120 909 1518 1180 93 244 209 41 48 675 1131 2006 776 42 355 653 68 1506 1468 171 150 188 109 149 61 44 55 387 110 227 78 583 224 68 939 68 124 230 100 550 44 255 121 196 253 1156 141 852
leaf_count=52 306 100 236 448 126 847 317 236 255 113 88 64 45 66 120 909 1518 1180 93 244 209 41 48 675 1131 2006 776 42 355 653 68 1506 1468 171 150 188 109 149 61 44 55 387 110 227 78 583 224 68 939 68 124 230 100 550 44 255 121 196 253 1156 141 852
internal_value=0.000613139 -0.00188237 0.00616709 -0.00400871 -0.00304549 0.0043183 0.00640544 -0.00687254 0.00146597 -0.00567302 -0.00676641 0.00235294 0.00037234 0.00292483 0.00802466 0.00317528 0.00420505 0.0126594 -0.00263371 -0.00776627 -0.00234776 -0.00775678 -0.000648148 0.000700803 0.00166866 0.00072106 0.00867303 -0.0021605 8.62069e-05 -0.00163384 -0.00273822 -0.000819048 -0.00369421 -0.00160084 0.000795455 -0.00495685 -0.000594901 -0.00590544 -0.00439453 -0.00123077 0.00563636 0.00278027 -0.0012234 -0.00998684 0.00664964 -0.000534735 -0.00988764 -0.00867849 -0.0091125 -0.0045977 -0.00823834 0.00880086 -0.0045098 0.00851412 0.00963025 -0.000201427 -0.00397878 -0.000268699 0.000723993 0.00205319 -0.00186207 -0.00228789
internal_weight=23974 16542 7432 9073 6791 5786 2315 2282 572 1834 1553 152 281 3471 1743 3405 2496 1646 6412 337 6075 1401 161 7469 4188 3057 1623 5949 1217 862 4732 1574 3158 1189 923 1969 352 1617 255 194 164 668 281 379 978 3281 266 1240 1199 260 192 466 152 672 594 2382 376 3181 2133 1409 724 1048
internal_count=23974 16542 7432 9073 6791 5786 2315 2282 572 1834 1553 152 281 3471 1743 3405 2496 1646 6412 337 6075 1401 161 7469 4188 3057 1623 5949 1217 862 4732 1574 3158 1189 923 1969 352 1617 255 194 164 668 281 379 978 3281 266 1240 1199 260 192 466 152 672 594 2382 376 3181 2133 1409 724 1048
is_linear=0
shrinkage=0.03


Tree=65
num_leaves=63
num_cat=0
split_feature=20 9 14 1 20 15 1 0 1 20 1 6 25 27 20 27 12 17 14 10 16 17 27 17 7 7 16 18 25 12 14 1 23 17 17 24 14 12 21 17 15 15 12 0 19 1 21 27 21 14 17 15 15 25 10 27 27 20 11 14 17 15
split_gain=360.922 164.724 47.2762 35.2287 28.0108 24.2927 22.0727 22.6776 21.7889 18.881 17.2709 20.9505 14.5457 16.4353 14.3107 12.9271 12.7477 12.0794 11.7299 11.6257 11.605 15.0359 21.0307 19.0503 18.7748 10.8942 11.8096 13.5951 10.8661 10.7531 10.5453 9.98832 9.81358 9.77579 9.70734 9.6718 9.33481 9.28527 8.65828 13.6644 12.4095 9.97379 8.60515 9.25114 10.8922 8.33231 13.1826 10.7954 10.8426 10.1429 9.9805 8.79403 8.10136 11.136 7.96911 7.91409 8.26857 7.71483 7.38986 7.60067 7.37904 12.1356
threshold=-8917.9499999999953 9999.9950000000008 2682.2216596261387 5.5000000000000009 -45207.999999999993 5295.0756250000004 1.0000000180025095e-35 25.500000000000004 5.5000000000000009 -33563.44999999999 5.5000000000000009 0.06540312923014284 18.950000000000003 -1.0000000180025095e-35 10622.500000000002 0.21499999999999989 4823.5526488095247 2480.3900000000003 1971.4238482347955 3118.2500000000005 4750.5100000000011 1008.6950000000001 -0.5400000000000017 499.72000000000008 -0.50556189049999822 0.97696484778429815 5911.5550000000012 8689.8500000000022 17.595000000000002 6565.7608333333337 2197.8584786202723 3.5000000000000004 32.681250000000013 499.25000000000006 1372.3450000000003 7.6500000000000012 1684.3272620411838 2928.207433035715 3502.0833333333335 1933.0700000000004 3661.3074479166676 2682.1178125000001 2821.211123511905 11.500000000000002 11334.550000000001 4.5000000000000009 1951.5783333333336 -0.11999999999999832 3662.7933333333335 1925.6972114639807 2585.1200000000003 2623.1984895833339 4061.805052083334 19.125000000000004 3349.3000000000006 0.46999999999999981 0.42500000000000077 310.75000000000006 2870.8450000000007 2469.0926728099653 1001.8700000000001 5017.9949479166671
decision_type=2 2 2 2 2 2 2 2 2 2 2 2 2 2 2 2 2 2 2 2 2 2 2 2 2 2 2 2 2 2 2 2 2 2 2 2 2 2 2 2 2 2 2 2 2 2 2 2 2 2 2 2 2 2 2 2 2 2 2 2 2 2
left_child=2 6 4 14 36 30 7 18 9 -4 19 -12 31 17 16 28 -3 32 -2 20 35 22 -22 37 38 26 -11 -28 -13 60 -5 -8 -14 -15 -17 -6 -1 -24 55 40 41 -40 -33 44 -44 50 -47 -48 49 -49 51 -26 -35 -54 -20 56 -23 -9 -53 -60 -29 -62
right_child=1 3 8 5 10 -7 12 57 -10 25 11 15 13 33 -16 34 -18 -19 54 -21 21 24 23 -25 45 -27 27 29 -30 -31 -32 42 -34 52 -36 -37 -38 -39 39 -41 -42 -43 43 -45 -46 46 47 48 -50 -51 -52 58 53 -55 -56 -57 -58 -59 59 -61 61 -63
leaf_value=0.00069639092998574625 0.0016024436946762764 0.0071382046780272728 -0.011560576623778863 0.0016469298987854051 -0.0016729853773150259 0.0080884325540529108 0.00037538400953145867 0.0028429396936331128 -0.01438047142580734 0.00033823664890719307 -0.0039486885730708465 0.00012635703388701457 0.0027301011978855972 0.0026102597278759719 0.0059261030868206534 -0.00089481710775308088 -0.0039326069892837625 -0.00087229974599630107 0.0004832419375440189 0.00040964933092043406 -0.020744961505809803 -0.0011164130755354407 0.00023581208781613404 0.00068914662304993875 -0.0047204103790024331 -0.003814998171606829 -0.003711920574776326 0.00070123277997399922 -0.0018217404153003701 -0.0028162615441601258 -0.00086291867766615123 0.0015371450401237751 -0.00093921749841697989 -0.00041280304905440875 0.00048602399464399144 0.00037466289605865729 -0.010304295772781318 -0.0015301787877361939 0.0013152171930886159 -0.0037993502835481151 0.00090504844808987346 -0.00064610749987515704 -0.0011939464348121563 -0.00015931818485830361 0.00082959644563183942 0.00044246666444505142 0.00079151470835455036 0.00038368001270167263 -0.0024544310670157319 -0.00077414487946705793 -0.001327282227326263 -6.50767523511142e-05 0.0020763803957129668 0.0001692261507217907 -0.0006840400976698824 -0.002961978320916958 0.00042816804341851974 0.013533254739575095 0.00053538381207232535 -0.0005146965283964899 -8.4941880584743496e-05 -0.0030385340298514319
leaf_weight=41 76 848 381 83 568 144 3049 591 378 273 709 90 708 142 1349 78 76 59 92 621 72 328 389 844 42 98 600 193 119 58 196 178 63 526 233 68 324 295 59 173 154 373 62 2431 269 45 80 96 230 140 84 2123 120 493 253 268 68 285 487 71 449 177
leaf_count=41 76 848 381 83 568 144 3049 591 378 273 709 90 708 142 1349 78 76 59 92 621 72 328 389 844 42 98 600 193 119 58 196 178 63 526 233 68 324 295 59 173 154 373 62 2431 269 45 80 96 230 140 84 2123 120 493 253 268 68 285 487 71 449 177
internal_value=0.000639469 0.00428766 -0.00307449 0.0108231 -0.00207053 0.00286557 0.00241168 0.00604391 -0.00664302 -0.00550897 -0.00173608 -0.00503659 0.0018294 0.00397017 0.0123021 -0.000460653 0.00940541 0.00725632 0.000319905 -0.00120719 -0.00155356 -0.0011702 0.00134916 0.00209941 -0.00200643 -0.00425095 -0.00370074 -0.00475981 -0.00621429 -0.00237472 -0.00230357 0.00107429 0.00825777 0.00183697 0.00341346 -0.00541601 -0.0102049 -0.00162044 -0.00489817 -0.00270395 -0.000511073 -0.00311778 -0.00017341 -0.000586319 0.00411145 -0.000794351 -0.00402872 -0.00531993 -0.00706638 -0.00253165 -0.000112179 0.000203744 0.000907895 0.00324919 -0.00203757 -0.0073985 -0.00468514 0.00879133 0.000419463 0.00348837 -0.00148171 -0.0030622
internal_weight=23972 12093 11879 2696 9272 423 9397 1297 2607 2229 8907 1229 8100 2111 2273 520 924 830 421 7678 7057 6421 1600 1528 4821 1848 1750 1477 209 877 279 5989 771 1281 311 636 365 684 1423 759 586 432 2940 2762 331 3398 591 546 466 236 2807 2723 1139 613 345 664 396 876 2681 558 819 626
internal_count=23972 12093 11879 2696 9272 423 9397 1297 2607 2229 8907 1229 8100 2111 2273 520 924 830 421 7678 7057 6421 1600 1528 4821 1848 1750 1477 209 877 279 5989 771 1281 311 636 365 684 1423 759 586 432 2940 2762 331 3398 591 546 466 236 2807 2723 1139 613 345 664 396 876 2681 558 819 626
is_linear=0
shrinkage=0.03


Tree=66
num_leaves=63
num_cat=0
split_feature=9 20 20 20 14 1 1 1 5 18 1 23 0 1 15 25 15 15 8 27 1 14 1 8 27 10 8 20 12 27 15 18 27 14 8 18 8 12 15 7 1 12 14 8 12 7 19 15 7 14 21 15 7 14 7 27 23 0 25 6 27 15
split_gain=361.12 146.297 49.1386 35.1972 30.9721 22.7703 21.4502 21.2399 27.6589 19.1742 14.6118 14.5292 14.36 22.2485 14.754 15.2291 13.9056 13.4067 13.3853 15.3622 13.1661 12.956 12.5808 19.9818 13.1588 14.4825 11.1213 10.8371 10.4824 9.97126 9.70811 9.30136 8.99044 10.1101 12.1079 15.535 9.72674 10.0916 8.98567 8.94685 8.9206 13.4264 8.82382 16.2259 9.11019 8.37595 8.74544 8.18602 8.02431 7.85667 9.04632 8.43912 7.65294 13.3201 10.378 7.89458 8.47404 7.64083 9.91235 7.52796 7.50522 8.27646
threshold=5115.7100000000009 -13207.749999999998 10622.500000000002 -44171.349999999999 2692.6761492822102 5.5000000000000009 5.5000000000000009 1.0000000180025095e-35 -0.47114434510950048 17034.800000000003 5.5000000000000009 22.981250000000006 32.500000000000007 5.5000000000000009 2797.8418750000001 18.645000000000003 2682.1178125000001 2412.4126562500001 -0.586545147510938 -0.82000000000000017 1.5000000000000002 2894.8175073437064 5.5000000000000009 0.063390085881955341 -0.015000000000000567 1384.4600000000003 0.2332836900311728 14622.250000000002 3098.5384449404769 -0.015000000000000567 4840.2518229166681 6735.5000000000009 0.86500000000000032 2175.4539641539782 -0.20180761162458913 11338.750000000002 0.93158198870884079 4068.5145684523818 6463.2028645833334 -0.99763297024448894 4.5000000000000009 4495.5636309523825 2005.729146281484 0.1318557721318592 4375.616324404763 -0.99275805973510278 11183.450000000003 4941.5795833333341 -0.45274443793211405 2666.5114999218172 3222.1800000000007 4900.826822916667 0.14569472580964501 2181.7854959355432 0.80607028652842638 0.27500000000000041 33.693750000000009 33.500000000000007 17.265000000000004 -0.91037613702198728 0.52999999999999858 3264.0282812500004
decision_type=2 2 2 2 2 2 2 2 2 2 2 2 2 2 2 2 2 2 2 2 2 2 2 2 2 2 2 2 2 2 2 2 2 2 2 2 2 2 2 2 2 2 2 2 2 2 2 2 2 2 2 2 2 2 2 2 2 2 2 2 2 2
left_child=1 3 6 26 22 18 11 8 17 -10 -4 40 14 16 -9 45 -14 28 20 38 -6 -22 24 -24 25 -5 -1 -12 -3 -30 42 -28 33 34 -26 60 -35 -38 -20 -13 41 -2 43 -27 -44 -16 -47 -17 49 50 -48 -52 55 54 -54 56 -18 -25 -59 -21 -36 -62
right_child=2 7 10 4 5 -7 -8 12 9 -11 27 39 13 -15 15 47 52 -19 19 59 21 -23 23 57 32 30 31 -29 29 -31 -32 -33 -34 36 35 -37 37 -39 -40 -41 -42 -43 44 -45 -46 46 48 -49 -50 -51 51 -53 53 -55 -56 -57 -58 58 -60 -61 61 -63
leaf_value=-0.024274108037401137 0.00620601439377662 0.0036891534527973488 0.0057483199942160107 -0.0055075960847964824 0.00040295635100976666 -0.015023928564299655 -0.00010516002355152487 -0.00046580533657963218 -9.0348318489894556e-05 0.0015607618842332905 -0.00056200595187521068 -0.0028153581044887055 0.0027433908781065598 -0.0010728321351066228 -0.0010920154136564708 0.00088645828083466327 0.0003762228746549567 0.0058002259461737713 0.002674191218148447 -0.0054212822046487913 -0.0041111616238616476 0.0011676414560041514 -0.010535892475541448 3.7084033423502301e-05 0.0017831287344225722 -0.0025165406883042784 0.0012028432420777778 0.0078356642139350355 0.0026953379712400505 -0.0047687000546847358 -0.001334145303091665 -0.0090542293007065313 -0.0026447451288268021 -0.0013251399635221528 -0.0011313000597001554 5.0950486967540339e-05 0.00039288279322205352 -0.00074027117472688533 -0.00088420822334076552 0.0071459320325577913 -0.0014177720607277066 -0.0023768991588173005 0.00051549712747336331 0.00060695009669233359 -0.0016772991880056852 -0.00047086380353754008 -3.1925155672194452e-05 -0.00039022670217327078 -2.5077145860077364e-05 0.00014138214166209195 0.0012523125231237485 -0.00018037651981693157 -0.00018378631668738876 -0.00082723036555069733 0.00064297643749288368 -0.00033958772034349495 -0.00072618620480993103 -0.022937020022478754 -0.00074672771453195171 -0.0022501777377680688 0.00022348955638172184 -0.0023528334796464544
leaf_weight=386 470 47 1383 234 268 313 352 272 777 194 87 44 266 790 188 1181 1603 498 44 400 245 83 207 329 63 179 45 195 49 47 92 169 144 784 1025 1505 147 220 43 1201 110 94 1000 151 40 191 156 112 679 668 441 55 563 695 430 350 97 143 303 758 376 95
leaf_count=386 470 47 1383 234 268 313 352 272 777 194 87 44 266 790 188 1181 1603 498 44 400 245 83 207 329 63 179 45 195 49 47 92 169 144 784 1025 1505 147 220 43 1201 110 94 1000 151 40 191 156 112 679 668 441 55 563 695 430 350 97 143 303 758 376 95
internal_value=0.000605557 -0.00101882 0.00891542 -0.00364737 -0.00318701 -0.00633411 0.00604093 0.00146812 0.00463112 0.00143519 0.0128301 0.00728906 0.00088407 -0.000218978 0.0022249 0.00272467 0.000689139 0.00946262 -0.005057 -0.00682584 -0.00135678 -0.00537994 -0.00222293 -0.00537131 -0.00171153 0.000530348 -0.0106822 0.00657244 0.00135417 -0.0043299 0.00164046 -0.00516279 -0.00258372 -0.00233041 -0.00142904 -0.00170386 -0.00472656 -0.000692935 0.00528409 0.00920947 0.00373333 0.00525664 0.00227571 -0.00199396 0.00363112 0.00129887 0.00182109 0.00534389 0.0024075 0.00376987 0.00611026 0.00808853 0.000216635 -0.00127886 0.000950704 0.00144807 0.00229277 -0.00315077 -0.0057047 -0.00773943 -0.00386774 -0.000730932
internal_weight=24076 20140 3936 9791 9191 2154 2271 10349 1612 971 1665 1919 8737 4794 3943 3671 4004 641 1841 1245 596 328 7037 982 6055 1696 600 282 143 96 1462 214 4359 4215 3064 3001 1151 367 87 1245 674 564 1370 330 1040 2378 2190 1293 1999 1320 652 496 3738 1688 993 2050 1700 775 446 1158 1496 471
internal_count=24076 20140 3936 9791 9191 2154 2271 10349 1612 971 1665 1919 8737 4794 3943 3671 4004 641 1841 1245 596 328 7037 982 6055 1696 600 282 143 96 1462 214 4359 4215 3064 3001 1151 367 87 1245 674 564 1370 330 1040 2378 2190 1293 1999 1320 652 496 3738 1688 993 2050 1700 775 446 1158 1496 471
is_linear=0
shrinkage=0.03


Tree=67
num_leaves=63
num_cat=0
split_feature=9 9 1 1 20 9 22 14 1 5 0 18 12 20 25 10 0 22 14 5 27 23 27 12 25 17 1 22 5 12 10 22 17 14 17 14 17 20 0 27 17 27 12 11 12 0 27 12 16 14 27 17 23 1 25 25 14 22 1 17 11 4
split_gain=347.532 137.813 33.6942 33.4906 28.0852 25.7104 25.6902 22.4951 18.71 33.4354 17.8237 16.2803 15.9832 15.8617 15.0048 14.7037 14.4995 15.1493 12.545 12.0089 11.4027 10.9734 10.0584 11.106 17.8964 13.5758 11.8253 10.964 9.69586 10.3244 9.67562 9.59947 9.51367 10.1945 9.45965 9.3085 9.72204 9.1514 9.07354 9.3016 11.6885 8.96022 8.95302 10.9385 9.98142 8.93109 8.86445 8.53131 8.24844 8.24535 10.5395 9.19153 8.06672 8.38505 7.85252 8.13623 10.779 7.73325 7.59331 7.41415 7.04605 6.97022
threshold=6500.3350000000009 2701.3800000000006 5.5000000000000009 5.5000000000000009 10622.500000000002 983.82500000000016 3474.0404129464291 2070.6602773666095 1.0000000180025095e-35 -0.2901292552028415 15.500000000000002 17243.650000000005 4823.5526488095247 16948.700000000004 18.750000000000004 1973.72 28.500000000000004 6032.5343142361116 1977.6979854474846 -0.5 -0.75499999999999889 36.537500000000016 0.8249999999999994 3086.6994494047626 15.270000000000001 999.88000000000011 3.5000000000000004 5688.1775979662716 0.22695468355932452 3468.0462053571432 3200.7050000000004 5772.6085230654771 300.64000000000004 2696.8461174079316 499.92500000000007 1935.5840441760085 1005.715 -46329.94999999999 72.500000000000014 -0.24500000000000097 2117.8750000000005 -0.10999999999999942 3988.8082663690479 4903.4950000000008 3647.7683779761905 16.500000000000004 -0.45999999999999902 6565.7608333333337 4164.9700000000003 1360.7000567486998 0.52499999999999869 1605.8150000000003 22.868750000000002 4.5000000000000009 14.795000000000002 15.315000000000003 1347.9285317049103 5846.5585912698416 2.5000000000000004 300.94000000000005 2700.4150000000004 1.0000000180025095e-35
decision_type=2 2 2 2 2 2 2 2 2 2 2 2 2 2 2 2 2 2 2 2 2 2 2 2 2 2 2 2 2 2 2 2 2 2 2 2 2 2 2 2 2 2 2 2 2 2 2 2 2 2 2 2 2 2 2 2 2 2 2 2 2 2
left_child=1 2 5 4 12 6 -1 10 9 48 -4 31 52 28 20 -8 17 57 -12 32 21 -10 23 25 -25 34 -26 30 29 -5 -28 45 -7 61 -22 49 -37 -21 39 40 -18 -31 43 44 -40 59 -35 54 -3 50 51 -27 53 -2 60 -56 -57 -16 -44 -11 -39 -34
right_child=3 8 7 13 -6 19 15 -9 14 11 18 -13 -14 -15 16 -17 38 -19 -20 37 22 -23 -24 24 26 35 27 -29 -30 41 -32 -33 33 46 -36 36 -38 47 42 -41 -42 -43 58 -45 -46 -47 -48 -49 -50 -51 -52 -53 -54 -55 55 56 -58 -59 -60 -61 -62 -63
leaf_value=0.0012059563727080612 0.0066179512803775072 -0.00061413672345013383 0.00067783742258029187 0.0012460850122523403 0.0055758703943895151 0.0017303600680258046 -0.010514247657160886 -0.010395247232137849 -0.0011695033990556779 8.5101906151461291e-05 -0.0040191438671117741 0.0014228057451203212 -0.0014513016082105335 0.0076005942875169725 0.00050046655872916903 0.0003086381138929983 0.00094236745948264469 -0.00048651509940940581 0.00093117155000603795 -0.0092006613133171992 0.00041522667207893437 0.0014323771797840744 -0.0013120962077489294 -0.0052125105328348466 0.00016973256188458128 0.0019390174837525186 -0.00083577750405583906 0.0010166570238425798 0.0061461280400706818 -0.00026650667783556514 -7.9701227140951394e-05 -0.0021456811973323653 0.00020973278654465411 -7.349855646381797e-05 0.0021125086593685792 -0.0002447889606664777 0.00061107638639356309 0.0010277743946145001 1.9942399485612938e-05 -0.00064771053192833603 -0.00061320874679922528 -0.0038862032603161631 -0.0022536487073429611 0.004276578612971438 0.0023954837585792176 0.00031184932374895614 -0.00399499358674769 -0.0024593199582236647 0.0054138877184235134 -0.00068646591183787466 0.002160367063157924 -0.0011242825807030597 0.0070887333026591996 -0.0030549446541390957 -0.0020512639899958438 0.00030469622439714071 -0.00053812717191641817 0.0029922563985644501 0.00027458532359133866 -0.0007171282284785896 -0.0013563139785967725 -0.0051673230801588766
leaf_weight=96 259 45 98 75 1377 218 721 737 316 111 334 172 118 104 1227 111 179 89 68 75 254 40 149 80 2462 57 720 212 75 148 1589 55 981 155 159 121 295 108 353 613 138 82 75 155 87 432 158 52 634 268 65 131 903 59 553 354 4255 151 77 176 52 73
leaf_count=96 259 45 98 75 1377 218 721 737 316 111 334 172 118 104 1227 111 179 89 68 75 254 40 149 80 2462 57 720 212 75 148 1589 55 981 155 159 121 295 108 353 613 138 82 75 155 87 432 158 52 634 268 65 131 903 59 553 354 4255 151 77 176 52 73
internal_value=0.000607797 -0.000802892 -0.00354946 0.00981256 0.0111078 -0.0028331 -0.00752422 -0.00815428 0.00135909 0.00434502 -0.00323353 0.000696938 0.00800373 0.00253608 0.000876478 -0.00921969 0.00259459 0.0047718 -0.00602978 -0.00221322 9.53895e-05 -0.00512605 0.0003794 0.000558934 -8.59005e-05 0.00297557 0.000141453 -0.00130254 -0.000314961 -0.00269608 -0.0019026 -0.00116129 8.51198e-05 -0.000844298 0.0075 0.00097548 0.00431655 -0.00288165 0.000688319 -0.00128894 0.00287736 -0.00584416 0.0031484 0.00480705 0.00238095 -0.000229167 -0.00558917 -0.00273488 0.00941912 -0.0016954 0.00218504 -0.00142857 0.00902209 0.00489028 -0.00261507 -0.00281813 -0.00240456 0.0055475 -0.00333333 -0.00432292 0.00391304 0.00056872
internal_weight=24086 20886 9199 3200 2716 7962 928 1237 11687 1625 500 946 1339 484 10062 832 3144 1467 402 7034 6918 356 6562 6413 5063 1350 4983 2521 380 305 2309 774 1585 1367 413 937 416 5449 1677 930 317 230 747 595 440 719 313 5374 679 521 253 188 1221 318 5322 5162 4609 1378 152 287 160 1054
internal_count=24086 20886 9199 3200 2716 7962 928 1237 11687 1625 500 946 1339 484 10062 832 3144 1467 402 7034 6918 356 6562 6413 5063 1350 4983 2521 380 305 2309 774 1585 1367 413 937 416 5449 1677 930 317 230 747 595 440 719 313 5374 679 521 253 188 1221 318 5322 5162 4609 1378 152 287 160 1054
is_linear=0
shrinkage=0.03


Tree=68
num_leaves=63
num_cat=0
split_feature=10 20 20 14 12 1 10 1 20 1 20 26 15 11 25 27 15 14 11 26 4 0 0 1 22 23 12 15 26 15 7 7 7 4 0 22 15 27 16 12 26 26 22 22 14 26 7 1 25 7 0 10 15 1 0 22 10 26 10 24 27 11
split_gain=318.61 101.303 73.7942 28.0909 22.3066 26.0067 29.4063 20.38 19.5304 17.7174 16.9148 17.1961 13.3137 12.4625 16.1444 10.5959 10.4802 10.2085 10.0987 9.42984 9.33675 9.32527 9.10157 8.97915 9.40429 8.87007 8.5635 8.52662 11.0201 8.47936 13.4151 12.1013 11.833 10.5772 11.1338 9.79095 9.15198 9.11404 8.03814 8.93225 8.8282 7.96109 7.69307 7.65695 13.7485 14.8876 11.7144 7.64853 7.99059 9.87931 7.7161 7.54126 7.44163 7.2792 7.26466 7.16757 11.6101 7.21302 12.7712 7.33697 8.76396 10.3333
threshold=3849.2450000000003 10622.500000000002 -15223.499999999996 2682.2216596261387 4823.5526488095247 5.5000000000000009 5000.6000000000013 5.5000000000000009 -46329.94999999999 5.5000000000000009 -36096.349999999984 9.6800000000000015 5295.0756250000004 2849.7750000000005 18.835000000000004 -0.015000000000000567 4581.5721875000008 2205.5425872036726 199.11500000000004 6.0250000000000012 1.0000000180025095e-35 35.500000000000007 73.500000000000014 1.5000000000000002 4014.3242720734129 21.968750000000004 3106.9539806547623 3436.2423958333338 11.325000000000001 5135.1303125000004 0.99907018497641664 0.98213580174693105 0.89787622492179153 1.0000000180025095e-35 29.500000000000004 3235.3589236111115 4831.3049479166684 0.96499999999999997 4784.0700000000006 4398.3067485119054 6.0850000000000009 7.4150000000000009 3768.6834647817464 5418.0856684027776 2780.8013911423077 6.705000000000001 -0.97509794945709805 5.5000000000000009 16.925000000000001 -0.12546116083924153 37.500000000000007 249.73500000000004 4775.3026562500008 2.5000000000000004 63.500000000000007 5998.3875483630954 1546.075 4.7100000000000009 1701.0700000000002 3.9000000000000008 -0.60000000000000042 1920.4650000000004
decision_type=2 2 2 2 2 2 2 2 2 2 2 2 2 2 2 2 2 2 2 2 2 2 2 2 2 2 2 2 2 2 2 2 2 2 2 2 2 2 2 2 2 2 2 2 2 2 2 2 2 2 2 2 2 2 2 2 2 2 2 2 2 2
left_child=2 4 3 8 5 6 -2 -3 41 10 -5 23 -9 26 19 16 -16 27 -10 -15 22 -7 42 24 -12 -19 -4 -17 -29 30 31 32 33 35 -35 37 51 -20 -21 40 -40 53 -8 44 -25 -46 -45 48 -28 54 -49 -37 -51 -1 -50 57 -57 58 -53 -59 -61 -62
right_child=1 7 13 9 -6 21 20 12 18 -11 11 -13 -14 14 15 17 -18 25 29 38 -22 -23 -24 43 -26 -27 47 28 -30 -31 -32 -33 -34 34 -36 36 -38 -39 39 -41 -42 -43 -44 46 45 -47 -48 50 49 52 -52 55 -54 -55 -56 56 -58 59 -60 60 61 -63
leaf_value=0.00045273468816838577 0.00073449369473979511 0.005408594282557821 0.00016885123398067137 -0.011786422225903833 -0.00023329358186400029 0.00052870466131473394 0.0061905059692551846 -0.00035681002405784311 -0.0097035697422714045 -0.020713476084539859 -0.0029953661362089345 -0.0087683760297427495 0.0073725764588914618 0.0003633364431208097 0.0027196828157020469 0.0021122933228104076 0.00038551605641663045 0.0004527121363618036 -0.0006085421738554242 -0.0012717671289495368 0.00094641314708517217 -0.00048809130521925147 0.006876071303579429 -0.0038616663159776543 0.00030784929333150135 -0.00077334155921933597 -0.0024407241738987119 0.00040564748676336749 -0.00080464883635364968 -0.0030314101313980491 0.0028817112764517594 -0.0024380660825208534 0.0008210287391306714 0.0004811235426619209 -0.0075364559381880534 -0.0064673653789665492 -0.0063769864700105611 -0.0035949675592111419 -0.0013845346141724191 -0.00060071267708964975 0.00010472646455948364 -0.012217453284428598 0.00015288567820920918 -0.00037880675554903044 -0.0027634906001389489 0.0011117337782717617 -0.0082802456344323212 9.8531353235387079e-06 0.00045783831743995585 -0.00044337627508330254 -0.0019046034017226976 0.0014501818985278004 0.0001927129606589828 -0.01104859479729689 -0.00043422873245476887 0.00036902735561180841 -0.0028430804597061906 -0.00011187958071674942 -0.0018017855360987767 -0.0066792725079202458 0.00025519438734024292 0.0015224088464214967
leaf_weight=62 2488 1371 552 301 576 330 481 122 125 311 49 309 153 926 241 188 159 110 1281 240 132 514 1094 106 444 250 73 395 63 126 68 243 143 44 190 90 78 79 56 407 2519 196 169 149 74 236 160 140 410 553 348 42 212 47 130 44 126 2289 205 104 627 324
leaf_count=62 2488 1371 552 301 576 330 481 122 125 311 49 309 153 926 241 188 159 110 1281 240 132 514 1094 106 444 250 73 395 63 126 68 243 143 44 190 90 78 79 56 407 2519 196 169 149 74 236 160 140 410 553 348 42 212 47 130 44 126 2289 205 104 627 324
internal_value=0.000692835 0.00585789 -0.0016131 -0.00352819 0.0039879 0.00460741 0.00553952 0.0124226 -0.00255051 -0.00651168 -0.00537999 -0.00409359 0.00494565 0.000470337 0.00125293 0.00402985 0.00815461 0.00238332 -0.00218655 0.000310918 0.00837507 -0.000213018 0.00895702 -0.00248564 0.000637652 -0.00166205 -0.00132699 0.00463679 0.0024183 -0.00201261 -0.00184928 -0.00200254 -0.00172049 -0.00194153 -0.00817021 -0.00166446 -0.00090458 -0.00385746 -0.000456097 -3.0171e-05 0.000623059 -0.00995098 0.00612903 -0.00460744 -0.00194245 0.00125402 -0.00817742 -0.0022978 -0.00115301 -0.000608729 -0.00552147 -0.00069704 -0.00280026 -0.00340909 0.00249538 -0.000490431 -0.00649123 -0.000204621 -0.00514113 0.000161435 0.00223011 0.0031355
internal_weight=24074 7430 16644 8672 5784 5208 4364 1646 6533 2139 1828 1527 275 7972 5554 1406 400 1006 6228 4148 1876 844 1744 1218 493 360 2418 646 458 6103 5977 5909 5666 5523 234 5289 3929 1360 3222 2982 2575 305 650 725 416 310 309 1866 1378 1305 488 3851 765 109 540 3761 170 3591 247 3344 1055 951
internal_count=24074 7430 16644 8672 5784 5208 4364 1646 6533 2139 1828 1527 275 7972 5554 1406 400 1006 6228 4148 1876 844 1744 1218 493 360 2418 646 458 6103 5977 5909 5666 5523 234 5289 3929 1360 3222 2982 2575 305 650 725 416 310 309 1866 1378 1305 488 3851 765 109 540 3761 170 3591 247 3344 1055 951
is_linear=0
shrinkage=0.03


Tree=69
num_leaves=63
num_cat=0
split_feature=9 20 20 20 14 11 12 14 8 12 14 10 11 26 7 8 25 27 12 11 25 11 11 26 15 7 7 7 15 12 18 12 12 7 12 10 26 26 27 19 27 15 14 12 8 26 12 27 11 15 23 21 12 18 6 17 15 12 27 4 15 21
split_gain=344.886 130.164 36.922 30.8196 29.99 15.9054 17.4192 16.2018 14.827 14.6722 12.9964 12.6906 11.3449 12.6091 11.9855 11.0321 10.4749 10.4105 10.3892 9.87842 10.4734 9.08082 8.86284 8.60275 8.59721 14.4598 9.57751 11.8848 8.06389 14.4047 12.9466 8.17569 8.16241 7.87695 7.78697 7.5055 8.77372 9.84205 9.34588 9.4687 9.23373 8.93203 9.97679 16.0691 14.8594 9.42192 13.8588 9.06619 7.80205 7.80019 11.5235 9.28173 7.81951 7.37687 7.95021 7.91288 7.3544 10.1866 13.8328 7.2657 7.25865 7.12316
threshold=6500.3350000000009 -13207.749999999998 -42984.94999999999 10265.000000000002 2692.6761492822102 3349.7550000000006 4392.1059523809536 2780.8013911423077 0.2332836900311728 4823.5526488095247 2946.7410466578685 5000.6000000000013 2950.7800000000007 9.6800000000000015 0.84313847884979054 -0.99486055365577253 19.315000000000001 0.86500000000000032 4419.0845461309536 6000.3450000000012 18.025000000000002 199.11500000000004 4999.6750000000011 9.7650000000000023 5135.1303125000004 0.99907018497641664 0.93845596220871974 0.89787622492179153 3095.3279166666671 4251.0661532738104 9498.3000000000011 6565.7608333333337 6276.1249627976194 0.87397152483179585 2998.315066964286 249.73500000000004 6.5400000000000009 5.6750000000000016 0.11999999999999923 28790.700000000001 -0.60500000000000032 4840.2518229166681 2005.729146281484 3065.0214062500004 0.1318557721318592 8.0100000000000016 3554.3353348214287 -0.38499999999999973 1630.7750000000003 3176.3744791666672 16.106250000000006 2362.7666666666669 3056.8239136904763 11083.650000000003 0.25881904510252057 1900.7000000000003 4406.3650520833335 3636.5748214285718 0.27500000000000041 1.0000000180025095e-35 3446.6698958333341 3714.936666666667
decision_type=2 2 2 2 2 2 2 2 2 2 2 2 2 2 2 2 2 2 2 2 2 2 2 2 2 2 2 2 2 2 2 2 2 2 2 2 2 2 2 2 2 2 2 2 2 2 2 2 2 2 2 2 2 2 2 2 2 2 2 2 2 2
left_child=1 2 8 9 17 15 11 -8 -1 22 18 16 13 28 -14 -3 -7 21 -9 20 -5 -4 23 -2 25 26 27 33 29 -6 -30 32 -32 35 -10 -23 37 38 -37 -40 -38 42 44 -44 -42 46 -45 -48 -47 51 52 -46 -51 -17 56 -56 57 58 -55 -24 -13 -19
right_child=3 5 4 19 12 6 7 10 34 -11 -12 60 14 -15 -16 53 -18 61 -20 -21 -22 24 59 -25 -26 -27 -28 -29 30 -31 31 -33 -34 -35 -36 36 40 -39 39 -41 41 -43 43 45 49 48 47 -49 -50 50 -52 -53 -54 54 55 -57 -58 -59 -60 -61 -62 -63
leaf_value=-0.019028575143313329 0.0059182067550104999 -0.00067801986189635949 -0.0094073628765962876 0.0018904301611197027 0.0012194149241484987 0.00038763721091971347 -0.00051949793426421032 -0.00074851117788122146 9.2682672348054498e-06 -0.0011399181803299285 -0.00019374647175183666 0.011519462255578166 0.0004468048219141307 -0.010762153318783135 -0.0048848650798113263 -0.00019917706616831232 0.0023599723232239356 -0.0031361324103823659 0.0012853256037081806 0.0052463364540810704 0.0067673399188613453 -0.0061613624823712333 0.006335267699221445 -0.00093011540810479683 -0.0027064555715191575 0.0029588748689159325 -0.0017889953760464559 0.0010097940023547202 -0.0059055259353110977 -0.0030656743502306847 -0.00097316540454585267 -0.0020026469148742088 0.0015227013394800302 -0.0061369979892731052 -0.011656244193330912 0.00041711214401831228 -0.0048211996153672571 -0.00072806931699402437 -0.00092188241733670573 -3.3774456848947309e-05 -0.0029498180489131174 -0.0061856768759102326 0.00093463049076205609 -0.00034306173841398997 -0.00053906795867021185 -0.0052228108998437772 0.0020020039724228098 0.00043690036876749435 -0.00017568101106876454 -0.00029518143419869245 -0.00065844131185931686 0.00062362056287820875 0.00029125952368005411 0.00055613274579841216 0.00058377401312458943 4.4040487798149284e-05 0.00021220520400869525 -0.00093501189904966254 -0.00061256460390977094 -0.0012655478430178312 0.0013215571428022343 -0.00023775817337169157
leaf_weight=426 450 182 94 204 104 4047 434 42 156 119 521 547 212 403 69 929 316 141 375 1205 320 89 764 82 134 79 241 117 606 104 515 60 82 69 96 250 112 1200 337 863 227 62 472 232 110 89 108 311 581 44 497 341 103 462 639 551 871 366 422 57 349 73
leaf_count=426 450 182 94 204 104 4047 434 42 156 119 521 547 212 403 69 929 316 141 375 1205 320 89 764 82 134 79 241 117 606 104 515 60 82 69 96 250 112 1200 337 863 227 62 472 232 110 89 108 311 581 44 497 341 103 462 639 551 871 366 422 57 349 73
internal_value=0.000731175 -0.000675838 -0.00319113 0.0098985 -0.0026889 0.00155645 0.00248568 -0.000524399 -0.00994109 0.00670061 0.00169329 0.00327091 -0.00578154 -0.006624 -0.000159574 0.000162785 0.00260197 -0.00173284 0.00563397 0.0126156 0.00914286 -0.00152595 0.00758863 0.0045591 -0.00139451 -0.00123948 -0.00139638 -0.00116814 -0.00532948 0.000143541 -0.00623022 -0.00330547 -0.00223244 -0.00135044 -0.0041502 -0.00123404 -0.00110354 -0.00238778 -0.000723639 -0.00182348 -6.83891e-05 0.000231278 0.000457317 0.00191472 -0.00151927 0.000215582 0.00278374 0.00603571 -0.00228018 -6.84307e-05 -0.00218605 0.00295354 0.00516892 0.000473945 0.00113678 0.00309824 3.5344e-05 -0.00143885 0.000305085 0.0095438 0.00652174 -0.00823256
internal_weight=24063 20862 9809 3201 9131 11053 6631 1372 678 1472 938 5259 2155 1874 281 4422 4363 6976 417 1729 524 6762 1353 532 6668 6534 6455 6214 1471 208 1263 657 597 6097 252 6028 5939 2650 1450 1200 3289 3177 3115 1793 1322 1321 651 419 670 1095 644 451 147 4240 3311 1190 2121 1250 884 821 896 214
internal_count=24063 20862 9809 3201 9131 11053 6631 1372 678 1472 938 5259 2155 1874 281 4422 4363 6976 417 1729 524 6762 1353 532 6668 6534 6455 6214 1471 208 1263 657 597 6097 252 6028 5939 2650 1450 1200 3289 3177 3115 1793 1322 1321 651 419 670 1095 644 451 147 4240 3311 1190 2121 1250 884 821 896 214
is_linear=0
shrinkage=0.03


Tree=70
num_leaves=63
num_cat=0
split_feature=9 9 9 1 20 15 1 15 1 25 1 5 18 23 2 25 22 22 22 22 26 27 17 27 26 8 7 26 27 26 17 2 27 26 15 17 18 11 22 17 27 18 26 16 7 26 27 17 8 1 11 17 15 18 19 15 1 21 27 27 17 11
split_gain=337.948 120.084 36.5917 36.1324 25.6919 24.9833 21.6082 25.6259 20.3917 20.0141 14.6764 26.1992 16.5248 13.2837 11.1495 15.9451 11.0661 10.8658 13.3892 11.8748 16.1274 10.8593 18.4749 10.3106 9.73003 11.1447 9.72222 9.43384 9.615 14.6722 19.2617 11.9337 9.17325 8.96134 8.56297 8.36394 8.23307 12.5805 12.1851 9.57381 14.3131 9.19061 9.21908 8.91415 8.20435 9.75796 10.1977 8.19964 8.18051 8.1078 8.02295 11.3171 7.85677 7.64608 7.50167 7.44511 7.44116 16.7993 7.72573 8.15138 7.36962 7.26882
threshold=6500.3350000000009 2887.6800000000003 1169.7650000000001 5.5000000000000009 11439.250000000002 5295.0756250000004 5.5000000000000009 3684.724322916667 1.0000000180025095e-35 17.365000000000006 1.0000000180025095e-35 -0.47114434510950048 17181.850000000002 22.768750000000008 7.5000000000000009 15.370000000000003 3197.4271292162703 5838.7255741567469 6032.5343142361116 5570.6775682043653 10.270000000000001 -0.77499999999999847 1001.8700000000001 0.98499999999999954 9.8150000000000031 -0.97917132487589142 0.95998215779580554 11.265000000000002 -0.015000000000000567 9.6200000000000028 499.42500000000001 9.5000000000000018 0.8249999999999994 6.3350000000000009 2948.3191666666667 1933.0700000000004 12286.900000000001 1776.3850000000004 3149.4029154265877 1016.2300000000001 0.17500000000000074 8217.4500000000025 8.0100000000000016 4900.505000000001 -0.66528616069191593 6.9500000000000002 0.16499999999999918 2585.1200000000003 0.011826144619637555 4.5000000000000009 1410.7650000000001 1372.3450000000003 5844.2427604166669 13097.750000000002 11903.800000000001 2412.4126562500001 4.5000000000000009 2017.8283333333336 0.18499999999999875 0.17500000000000074 2469.6400000000008 2666.9150000000004
decision_type=2 2 2 2 2 2 2 2 2 2 2 2 2 2 2 2 2 2 2 2 2 2 2 2 2 2 2 2 2 2 2 2 2 2 2 2 2 2 2 2 2 2 2 2 2 2 2 2 2 2 2 2 2 2 2 2 2 2 2 2 2 2
left_child=1 2 8 4 13 54 21 9 14 50 11 55 24 26 -1 -16 -11 19 33 32 -21 22 -4 27 25 -13 49 28 29 31 -31 47 -12 -19 -29 -35 37 41 -38 40 -39 -30 -43 -42 -41 -46 -47 61 -40 -2 -8 -52 -10 -18 -5 -3 58 -58 59 -50 -9 -23
right_child=3 10 6 5 -6 -7 7 60 52 16 17 12 -14 -15 15 -17 53 18 -20 20 -22 23 -24 -25 -26 -27 -28 34 36 30 -32 -33 -34 35 -36 -37 38 39 48 44 43 42 -44 -45 45 46 -48 -49 56 -51 51 -53 -54 -55 -56 -57 57 -59 -60 -61 -62 -63
leaf_value=-0.0035940534749210416 0.0061019062827961162 0.0017978369919658375 0.0022899108629805287 -0.00065394954324823115 0.0050889463604586634 0.0069940090715023117 -0.019057355688457806 -0.007274457593128187 -0.012569142393740965 0.0015989335772212065 0.00017317859090002939 -0.0024438160813772922 0.0012992066539334157 0.0063331340620764818 -0.0087548942025487617 0.00089020733635333468 0.00074718118920829462 -6.7222790727505813e-05 -0.00042125420139743852 -0.00050853280660168921 0.0042042692556790761 -9.3670801120406818e-05 -0.0031785650606145754 -0.0034469102596683143 -0.0016265588076027982 0.00028915391398744991 -0.0041223354630867881 -0.00047997967433865973 0.0010666497778837414 0.00045053830689566253 -0.0051125554859275191 0.00081741434247781795 -0.0010387557695108729 0.0025859527748718137 -0.0044927414856605896 -0.00014219760048954198 0.00038543891002560835 -0.0018338365642251908 -0.0021371643365746262 -0.0022503413425359084 -0.0014007256876398522 -0.0004629140522260311 0.00091668206000741206 0.00050735612624245967 -0.00084899101865107515 -0.00080294234647283248 0.00077847494787062653 -0.0012839339261140825 -0.00021319646559454951 -0.002833379299984555 -0.0046546143519982808 0.00026604614892927536 0.00071796270050532122 -0.00089656906567609602 0.0015647898364304069 0.0068489820775254001 0.00054310755578886201 -0.0013120760635893225 0.0001364502282095792 -0.0039677139449527396 -0.00010850562997550383 0.00063010336758739349
leaf_weight=176 248 130 43 302 1225 157 142 498 1009 73 7527 54 182 1060 66 241 192 81 105 699 53 1165 241 51 144 516 95 138 115 208 235 239 140 341 114 72 270 243 105 280 88 360 94 336 775 119 112 53 509 60 68 67 41 188 57 448 46 266 860 46 55 516
leaf_count=176 248 130 43 302 1225 157 142 498 1009 73 7527 54 182 1060 66 241 192 81 105 699 53 1165 241 51 144 516 95 138 115 208 235 239 140 341 114 72 270 243 105 280 88 360 94 336 775 119 112 53 509 60 68 67 41 188 57 448 46 266 860 46 55 516
internal_value=0.00070029 -0.000688527 -0.00296582 0.00977223 0.0111677 0.00249516 -0.00222871 -0.00582944 -0.00724576 -0.00213406 0.00157819 0.00435254 0.00113712 0.00847336 -0.00213843 0.00131494 0.0017511 0.00112429 0.005025 0.0008462 -0.002749 -0.00162231 -0.00736842 -0.0013991 -0.000923077 0.00084063 0.00382426 -0.00130399 -0.00109928 0.000434423 -0.00449324 0.00154255 0.00119914 0.00709091 -0.00699605 0.00887681 -0.00190054 -0.00305589 -0.000513552 -0.00419908 -0.00127994 0.000868421 -0.00105495 0.00204706 -0.00571096 -0.00443893 0.000969828 0.000674352 -0.00139116 0.00640777 -0.00847122 -0.00319853 -0.00959087 -0.000314961 -0.001875 0.00932642 -0.000894097 -0.00507987 3.17797e-05 -0.00272482 -0.0106949 0.0010434
internal_weight=24139 20935 10443 3204 2688 516 8910 1283 1533 730 10492 1474 896 1463 483 307 453 9018 599 8419 752 7627 284 7343 714 570 403 7292 7040 2416 443 1973 7667 494 252 413 4624 2522 2102 1953 667 569 454 424 1286 1006 231 1734 1832 308 277 135 1050 380 359 578 1727 312 1415 555 553 1681
internal_count=24139 20935 10443 3204 2688 516 8910 1283 1533 730 10492 1474 896 1463 483 307 453 9018 599 8419 752 7627 284 7343 714 570 403 7292 7040 2416 443 1973 7667 494 252 413 4624 2522 2102 1953 667 569 454 424 1286 1006 231 1734 1832 308 277 135 1050 380 359 578 1727 312 1415 555 553 1681
is_linear=0
shrinkage=0.03


Tree=71
num_leaves=63
num_cat=0
split_feature=9 20 1 20 20 26 15 14 1 20 5 14 1 26 0 14 7 15 6 7 1 25 22 22 27 26 22 26 26 1 27 26 9 7 26 15 7 7 7 7 26 27 1 24 26 18 15 15 0 7 27 14 24 22 15 14 7 14 6 1 7 0
split_gain=331.643 116.723 36.1553 33.8344 28.0096 26.2187 24.0821 20.2504 18.0943 21.2185 19.9551 17.0608 16.2048 17.9721 16.1534 14.1916 13.4278 12.2812 11.7405 12.8107 13.7874 12.2388 11.5174 11.3281 10.8386 10.487 10.0461 9.78685 11.5355 8.65929 8.4915 7.8285 8.05867 7.81225 10.2139 7.6367 12.7694 9.32585 10.4636 8.41379 9.15617 13.122 11.252 16.8036 11.2348 10.5838 8.54841 8.90795 15.4737 10.14 8.8848 7.85532 7.7806 7.58451 7.53682 10.3466 9.89115 7.72489 6.94736 10.8217 8.89079 6.86223
threshold=6500.3350000000009 -11480.299999999999 5.5000000000000009 -38898.69999999999 11439.250000000002 7.5750000000000011 5295.0756250000004 2692.6761492822102 1.0000000180025095e-35 310.75000000000006 -0.8814490726585632 2349.8124525938206 5.5000000000000009 9.6800000000000015 24.500000000000004 1765.3098421488362 -0.79384350655589164 2460.3588020833336 -0.19509032201612839 0.14569472580964501 5.5000000000000009 18.750000000000004 6032.5343142361116 3656.0914273313497 0.11999999999999923 9.5050000000000008 5846.5585912698416 4.7100000000000009 5.1300000000000008 2.5000000000000004 0.86500000000000032 7.3850000000000007 1950.575 0.89787622492179153 10.175000000000002 5135.1303125000004 0.99907018497641664 0.98213580174693105 0.89787622492179153 0.87397152483179585 6.5400000000000009 -0.60500000000000032 5.5000000000000009 2.3062500000000008 11.265000000000002 11678.550000000001 4840.2518229166681 2546.3523437500003 22.500000000000004 -0.94705910369513524 -0.5400000000000017 2098.5980239914388 10.775000000000004 3120.4048958333337 4235.1539062500005 2005.729146281484 -0.57780908558020239 2340.7013124187765 -0.32143946530316164 1.5000000000000002 -0.099819732675876835 41.500000000000007
decision_type=2 2 2 2 2 2 2 2 2 2 2 2 2 2 2 2 2 2 2 2 2 2 2 2 2 2 2 2 2 2 2 2 2 2 2 2 2 2 2 2 2 2 2 2 2 2 2 2 2 2 2 2 2 2 2 2 2 2 2 2 2 2
left_child=1 3 4 5 14 16 11 27 9 10 -3 -4 13 31 23 -7 -1 -15 19 20 53 -20 26 -2 25 -12 -23 -5 -29 -18 35 32 -9 -21 -35 36 37 38 39 40 45 52 44 -44 46 -30 47 48 -43 -50 -49 -51 -42 -10 55 58 -56 -57 -52 60 -60 -22
right_child=2 8 6 7 -6 15 -8 12 18 -11 24 -13 -14 17 -16 -17 29 -19 21 33 61 22 -24 -25 -26 -27 -28 28 30 -31 -32 -33 -34 34 -36 -37 -38 -39 -40 -41 41 42 43 -45 -46 -47 -48 50 49 51 54 -53 -54 -55 56 57 -58 -59 59 -61 -62 -63
leaf_value=0.00054082516431098071 0.010135618046275194 0.0045597955032665371 0.0010977952394785272 -0.0014071691600043622 0.0049362779696448906 0.00046600775535875715 0.0067899022047521115 -0.0028799322286184557 0.001042794904014177 0.01034453577305129 5.5173176544958125e-05 -0.00091817757399123676 -0.012378617450788627 0.0006541832183587726 0.0058905953104106774 -0.0098742775798163242 0.00026684081260014203 -0.0064184846093389234 0.00010576230340431535 -0.00097614053872894678 -3.992169956628544e-05 0.00054763614313948496 -0.0004461975158853981 -0.0040667566320162062 0.00058572606545013171 -0.0018833841513068706 0.0029630788043294486 0.00023215530728042387 -0.00087201424549105061 -0.010169374835828434 -0.002349599043975865 7.5786513554736425e-05 -0.00041654742889917884 0.00023906743944231756 -0.00175858751537854 -0.002020550294789114 0.002866015116002174 -0.0017834492381443479 0.00067435565336621645 -0.0063152881326917496 -0.0095486732446597427 -0.0026468612402696487 0.0001281939156948475 -0.0084127009119290101 -0.0012066235028338034 -6.121138322588315e-05 -0.0052689351484029867 0.0018524444573872632 0.0015503348203024991 0.00069881394509621934 -0.00033811308346891165 -0.0031249994878817145 0.00049232005876463701 0.0002158039043057336 0.00054573164741603889 0.00084300609656184911 -0.00067912502616240822 0.00023862260718995109 -0.0030735049287141081 0.00032521299772716002 3.7044255618319256e-05 -0.00268314376536547
leaf_weight=234 93 272 148 256 1247 58 154 313 144 382 401 197 308 49 1247 667 64 337 4024 734 119 1878 115 88 285 157 206 430 1080 128 198 630 478 358 49 143 73 194 158 72 109 122 173 216 205 1043 75 60 93 69 537 114 48 1018 173 575 309 358 53 329 138 109
leaf_count=234 93 272 148 256 1247 58 154 313 144 382 401 197 308 49 1247 667 64 337 4024 734 119 1878 115 88 285 157 206 430 1080 128 198 630 478 358 49 143 73 194 158 72 109 122 173 216 205 1043 75 60 93 69 537 114 48 1018 173 575 309 358 53 329 138 109
internal_value=0.000754513 -0.000616605 0.00978898 -0.00281303 0.0111715 -0.00766927 0.00237 -0.00222502 0.00166943 0.00471629 0.00262097 -0.00203757 -0.00481333 -0.00372511 0.00829251 -0.0111364 -0.00175644 -0.00945736 0.00114792 -0.000574645 0.00135873 0.00184849 0.00364773 -8.24176e-05 0.000337678 -0.00209302 0.00415827 -0.00148501 -0.00127798 -0.00761658 -0.00158306 -0.00216245 -0.00414773 -0.00292907 0.000404412 -0.00139647 -0.00124196 -0.00138721 -0.00118085 -0.00138357 -0.00125765 -0.000367314 4.16667e-06 -0.00480769 0.000588602 -0.00283192 0.00105289 0.00131013 -0.00285714 0.00108303 0.00196605 -0.0030163 -0.00882911 0.00268272 0.00168621 0.00250126 -0.00167702 0.00480193 0.000467864 0.00293666 -0.00273437 -0.00537118
internal_weight=24094 20920 3174 10669 2675 1151 499 9518 10251 1497 1115 345 2115 1807 1428 725 426 386 8754 2531 1390 6223 2199 181 843 558 2084 7403 7147 192 6717 1421 791 1141 407 6519 6376 6303 6109 5951 5879 3756 3599 389 3210 2123 3005 2930 398 276 2532 183 157 1162 2472 1990 482 933 1057 520 191 228
internal_count=24094 20920 3174 10669 2675 1151 499 9518 10251 1497 1115 345 2115 1807 1428 725 426 386 8754 2531 1390 6223 2199 181 843 558 2084 7403 7147 192 6717 1421 791 1141 407 6519 6376 6303 6109 5951 5879 3756 3599 389 3210 2123 3005 2930 398 276 2532 183 157 1162 2472 1990 482 933 1057 520 191 228
is_linear=0
shrinkage=0.03


Tree=72
num_leaves=63
num_cat=0
split_feature=9 20 1 20 20 15 1 8 26 12 1 0 12 27 6 4 1 12 12 24 8 21 27 20 1 9 26 27 27 10 8 15 11 15 2 23 0 26 16 11 15 0 2 18 19 6 21 26 26 26 18 8 1 11 8 15 8 27 27 15 27 8
split_gain=326.153 120.37 34.5118 29.2343 27.9454 23.7693 21.2318 35.0234 18.766 17.593 15.6929 25.8601 15.2932 14.2617 13.0406 12.9683 12.5422 12.1855 11.789 10.8269 12.4045 10.6165 10.3389 9.68613 9.37818 9.37689 8.82921 17.1075 11.081 10.4562 15.523 10.388 10.2207 9.39388 8.65643 9.59892 8.57027 8.54039 8.4969 8.70606 9.10797 8.23723 10.7726 8.57507 8.15656 7.87012 7.84965 7.69482 10.0562 9.50858 11.9565 7.57555 8.601 7.49371 10.2235 11.5757 9.54563 7.88805 8.36466 8.30646 7.48723 8.14948
threshold=6500.3350000000009 -13207.749999999998 5.5000000000000009 -45207.999999999993 11439.250000000002 5295.0756250000004 5.5000000000000009 0.063390085881955341 10.600000000000001 4823.5526488095247 1.0000000180025095e-35 28.500000000000004 4495.5636309523825 0.24500000000000102 -0.19509032201612839 1.0000000180025095e-35 5.5000000000000009 4864.3312202380957 3534.3226562500008 13.2125 -0.92999516916204616 4632.9150000000009 0.98499999999999954 -36803.399999999994 3.5000000000000004 4000.4650000000006 8.9350000000000005 -0.60000000000000042 -0.54499999999999982 499.40500000000003 0.063390085881955341 4197.9447395833349 1599.6500000000003 4840.2518229166681 6.5000000000000009 33.693750000000009 37.500000000000007 10.415000000000001 4784.0700000000006 1050.1700000000003 4358.3226562500013 54.500000000000007 7.5000000000000009 10332.150000000003 43238.850000000006 -0.68322629814330815 4218.9766666666674 4.7100000000000009 5.1500000000000012 6.5400000000000009 12380.550000000001 -0.14250536273956091 4.5000000000000009 3030.4600000000005 -0.92999516916204616 4754.6563020833337 -0.99486055365577253 -0.45999999999999902 0.46999999999999981 3035.4768229166671 -1.0000000180025095e-35 -0.39827153806311183
decision_type=2 2 2 2 2 2 2 2 2 2 2 2 2 2 2 2 2 2 2 2 2 2 2 2 2 2 2 2 2 2 2 2 2 2 2 2 2 2 2 2 2 2 2 2 2 2 2 2 2 2 2 2 2 2 2 2 2 2 2 2 2 2
left_child=1 3 4 13 9 18 8 -8 12 51 11 21 22 -1 16 17 34 25 -4 20 -14 37 26 -9 -15 -13 28 -28 31 -29 -31 -5 -32 38 60 -36 -18 -3 41 40 -40 43 -43 -30 -21 -10 -19 -41 -49 50 -50 -2 -53 56 55 -55 -16 59 -59 -56 61 -12
right_child=2 10 5 6 -6 -7 7 23 45 -11 14 15 19 24 53 -17 36 46 -20 44 -22 -23 -24 -25 -26 -27 27 29 33 30 32 -33 -34 -35 35 -37 -38 -39 39 47 -42 42 -44 -45 -46 -47 -48 48 49 -51 -52 52 -54 54 57 -57 -58 58 -60 -61 -62 -63
leaf_value=-0.025956768979948776 0.0059760191776693002 0.00055515039655460894 0.0012135766119120105 -1.3600179599864147e-05 0.0047881896305555565 0.0065970942379990306 -0.01150270801638352 -0.01204934126319694 -0.013182554210899786 -0.00083064532411857071 -0.0026184719696655543 0.0018480793402841122 -0.00011593389198982784 0.00047782041619951696 -0.00050393127911553483 -0.0045822275678595176 -1.4148405770284532e-05 -0.0016414017036744432 -0.00081506113156486031 0.0017896194695526367 -0.0027399576108766599 -0.00062942470012676381 -0.0032460771307865066 -0.00021721285612633423 -0.011190601251543413 0.013249331947175706 -0.0039113833125246434 -0.0069657449614472624 -0.0028183930818926318 0.0014330775169337606 -0.0026665365140739273 0.0014358001018669152 0.00012733108961258564 -0.0039565543450530514 0.00031303917331749532 -0.00097964664965340294 -0.0022679045333696825 -0.0014835755624743106 0.0013636585053793881 -0.0017180647764260737 -0.00042991205694360875 -0.0019877976985459788 0.0011296477003989169 0.00046388289590414188 -0.0018649464186866814 -0.00086152992053877497 0.0020109408936912843 0.0002578555012059347 -0.00090457959786866655 -0.00010067582026363374 -2.5707009390529831e-07 0.0058329666756731591 -0.00044374476999125 0.0026099273651453278 0.0043382029456302098 -0.00015330286471305853 3.5866534558817165e-05 0.00043502494628828715 -0.00029345411107354556 -0.00023981934264385884 -0.00065033423481800404 0.00050072929366443033
leaf_weight=320 657 303 107 183 1238 153 505 87 291 137 53 616 166 98 82 42 192 45 239 64 491 246 50 725 47 284 173 59 253 364 44 96 651 224 1104 66 289 77 150 131 88 67 118 61 83 259 47 391 967 2078 515 559 122 339 58 161 1212 3587 276 830 722 446
leaf_count=320 657 303 107 183 1238 153 505 87 291 137 53 616 166 98 82 42 192 45 239 64 491 246 50 725 47 284 173 59 253 364 44 96 651 224 1104 66 289 77 150 131 88 67 118 61 83 259 47 391 967 2078 515 559 122 339 58 161 1212 3587 276 830 722 446
internal_value=0.000728548 -0.000640897 0.00962652 -0.00306276 0.0109598 0.00237 -0.0026963 -0.00622534 -0.00211586 0.00816057 0.00150162 0.00419025 -0.00172134 -0.010397 0.00102729 0.00710145 -0.000657849 0.00779456 -0.00198847 -0.00562733 -0.00727204 -0.00062201 -0.00124925 -0.00236162 -0.00256849 0.00885683 -0.0011453 0.00107972 -0.00168514 0.00243968 0.00312736 0.004125 0.00049569 -0.00200734 0.000232023 0.00207515 -0.00507261 0.00251969 -0.00172718 -0.00129831 0.00426778 -0.00543 -0.000403226 -0.00838095 0.00172297 -0.00745917 -0.00258065 -0.00162381 -0.00138537 -0.00188711 -0.00372218 0.00920836 0.00697214 0.00176673 0.00227056 0.00634731 -0.000277992 0.00184028 0.00242624 -0.000708661 -0.00153437 0.00129
internal_weight=24088 20876 3212 9799 2713 499 9334 1317 8017 1475 11077 1660 7467 465 9417 1034 2872 992 346 804 657 626 6663 812 145 900 6613 1291 5322 1118 1059 279 695 5043 2391 1170 481 380 4819 4320 238 499 185 314 147 550 92 4082 3951 3560 1482 1338 681 6545 5251 500 1294 4751 3863 888 1221 499
internal_count=24088 20876 3212 9799 2713 499 9334 1317 8017 1475 11077 1660 7467 465 9417 1034 2872 992 346 804 657 626 6663 812 145 900 6613 1291 5322 1118 1059 279 695 5043 2391 1170 481 380 4819 4320 238 499 185 314 147 550 92 4082 3951 3560 1482 1338 681 6545 5251 500 1294 4751 3863 888 1221 499
is_linear=0
shrinkage=0.03


Tree=73
num_leaves=63
num_cat=0
split_feature=9 9 1 10 15 9 4 1 0 1 0 9 18 6 25 14 0 27 1 27 9 27 18 0 1 22 27 16 27 8 15 9 25 8 0 7 1 27 25 12 22 27 16 8 14 9 15 22 14 18 22 27 7 15 1 16 25 0 16 0 1 9
split_gain=334.137 107.637 36.6277 30.3132 21.2086 18.4172 17.7884 16.6858 17.3467 16.6135 19.4815 15.2618 13.4274 12.0259 12.0422 11.7703 10.7064 10.2815 13.6743 10.8364 10.2048 10.0263 9.97912 9.12111 15.8116 9.00086 8.93326 11.2788 8.90111 8.84871 8.56613 12.1904 12.6522 9.81507 10.1492 8.33614 12.5577 7.94689 8.84534 7.87973 7.57081 7.49115 7.26597 7.14722 6.88313 11.0132 6.73339 7.11851 13.8475 9.51429 11.0094 11.051 10.6821 8.74098 8.89369 7.15882 8.34867 7.14623 6.91515 15.682 7.12916 12.9222
threshold=6500.3350000000009 2887.6800000000003 5.5000000000000009 1001.8450000000001 5295.0756250000004 1001.6550000000001 1.0000000180025095e-35 5.5000000000000009 31.500000000000004 1.0000000180025095e-35 25.500000000000004 9999.9950000000008 9993.7500000000018 -0.19509032201612839 18.750000000000004 2349.8124525938206 37.500000000000007 -1.0000000180025095e-35 1.5000000000000002 0.030000000000000252 4499.5550000000012 0.98499999999999954 17444.050000000003 60.500000000000007 1.0000000180025095e-35 3098.0572941468258 -0.12000000000000009 9999.6750000000011 0.8249999999999994 0.3484035575467645 2368.5494791666674 399.41000000000003 14.865000000000002 0.48877522411129348 25.500000000000004 0.14569472580964501 5.5000000000000009 0.21499999999999989 17.595000000000002 4846.8070758928579 3120.4048958333337 -0.75499999999999889 4500.545000000001 -0.97917132487589142 2153.767547160935 1750.7850000000001 2394.752395833334 5656.5991648065483 2005.729146281484 12380.550000000001 3167.8942013888895 -0.88499999999999968 0.99907018497641664 6463.2028645833334 2.5000000000000004 5500.5800000000008 19.275000000000002 19.500000000000004 5000.6900000000014 17.500000000000004 4.5000000000000009 1676.5250000000003
decision_type=2 2 2 2 2 2 2 2 2 2 2 2 2 2 2 2 2 2 2 2 2 2 2 2 2 2 2 2 2 2 2 2 2 2 2 2 2 2 2 2 2 2 2 2 2 2 2 2 2 2 2 2 2 2 2 2 2 2 2 2 2 2
left_child=1 3 11 5 15 29 7 21 37 10 22 -2 44 35 28 -4 -8 18 -16 -19 -12 23 43 30 -25 -14 27 -7 41 -1 33 -32 -33 34 -5 36 40 38 -9 -20 -11 -15 -26 -3 45 -10 -34 49 -49 52 -51 -52 58 54 55 -53 -57 -56 59 -48 -60 -62
right_child=2 9 4 6 -6 26 16 8 12 13 20 -13 25 14 17 -17 -18 19 39 -21 -22 -23 -24 24 42 -27 -28 -29 -30 -31 31 32 46 -35 -36 -37 -38 -39 -40 -41 -42 -43 -44 -45 -46 -47 47 48 -50 50 51 53 -54 -55 57 56 -58 -59 60 -61 61 -63
leaf_value=-0.01537673614564484 0.0081510808982866046 -0.002493399658706714 0.0009064667021261918 -0.0030158975674074726 0.006393235471136371 0.00075557792368736271 -0.00011982549620966232 0.00045909223441103819 -0.01872673352312848 0.0010003424611568956 0.0017810122874412481 0.004644543941638872 0.0012639854527538663 -0.00095560360438556196 -0.00022184498202411972 -0.00086394881492415367 -0.0065714164149176168 -0.00087606733485122489 0.002932257013689714 0.00038157709874827358 0.012532372233562511 -0.0031486948168628981 0.0007765218418998998 0.00083990470335642436 0.0022156498109431899 -0.0015319092313537651 0.00024079396006374763 -0.0060638635580953434 -0.0014042949931021109 3.7638632129262103e-05 -0.025806292176476741 0.0009168285738346693 0.00040582862971263453 0.00036299466333721496 -0.001766015790988682 -0.00055079914108997481 -0.0011212789569230708 0.00046223067739711962 -0.001003664102023869 -0.00017305207560003311 0.0001230823829751948 0.00014929479799070223 -0.00040537564753032382 -8.0615998605209062e-05 -0.017260639319621126 0.0009406454135720832 -0.0011414177570668205 -0.002125178500455229 0.0004265016623114981 0.00041416911738856755 0.0027240687037984835 -0.00067982540911229786 0.0043002804366416214 -0.0024091251663195833 2.0210571612331305e-05 0.00029532875931237434 -0.0040182961051699268 -0.0010075564478475485 -0.00091223185331403391 0.0010429067744506782 -0.0038354104906149098 0.00013298640429933338
leaf_weight=630 427 40 153 167 145 46 123 71 75 135 728 2252 49 176 134 193 294 102 472 1383 211 54 73 437 46 430 268 277 87 63 77 156 70 119 207 1004 279 177 86 71 1244 3875 915 400 270 64 49 85 555 286 40 136 43 129 326 624 50 560 1738 175 79 328
leaf_count=630 427 40 153 167 145 46 123 71 75 135 728 2252 49 176 134 193 294 102 472 1383 211 54 73 437 46 430 268 277 87 63 77 156 70 119 207 1004 279 177 86 71 1244 3875 915 400 270 64 49 85 555 286 40 136 43 129 326 624 50 560 1738 175 79 328
internal_value=0.000692433 -0.000691231 0.00976348 -0.00285398 0.00222561 -0.00716732 -0.00224398 -0.00195239 -0.00520033 0.00146327 0.00443909 0.0111437 -0.00739033 0.000980698 0.00169497 -0.00181556 -0.00828947 0.00350902 0.0065708 0.00210969 0.00700532 -0.00141908 -0.000262646 -0.00132401 0.000857756 -0.00396875 -0.00326858 -0.00662037 0.000746557 -0.0104827 -0.0018325 -0.00149265 -0.0013232 -0.00561741 -0.008 -0.000709726 0.000596745 0.000626866 -0.00427215 0.00868566 0.00177174 0.000951382 -0.00129418 -0.00197279 -0.011378 -0.00589286 -0.00157281 -0.00169773 0.00126365 -0.00211328 -0.000662175 -0.00150322 -0.00340655 -0.0018483 -0.00127283 0.000998767 0.00226667 -0.00334837 -0.00367722 0.00133333 -0.00420084 -0.000625
internal_weight=23958 20788 3170 10374 491 1284 9090 8673 1222 10414 1452 2679 888 8962 6300 346 417 2162 677 1485 939 7451 513 7397 1398 479 591 323 4138 693 5999 5506 5429 493 374 2662 1658 334 157 543 1379 4051 961 440 409 139 5273 5203 640 4563 2151 1865 2412 1825 1696 810 674 886 2369 224 2145 407
internal_count=23958 20788 3170 10374 491 1284 9090 8673 1222 10414 1452 2679 888 8962 6300 346 417 2162 677 1485 939 7451 513 7397 1398 479 591 323 4138 693 5999 5506 5429 493 374 2662 1658 334 157 543 1379 4051 961 440 409 139 5273 5203 640 4563 2151 1865 2412 1825 1696 810 674 886 2369 224 2145 407
is_linear=0
shrinkage=0.03


Tree=74
num_leaves=63
num_cat=0
split_feature=9 20 9 1 1 15 1 6 20 27 1 0 0 22 20 18 4 27 22 12 0 22 22 27 7 7 1 15 6 8 22 12 12 27 0 15 1 1 8 12 13 25 27 12 10 18 1 25 12 22 12 18 12 20 25 22 25 1 12 21 8 15
split_gain=327.197 100.309 34.9212 34.7249 23.1018 22.494 21.9626 25.0661 17.3294 16.6201 15.1272 21.3589 15.0165 13.1003 18.4414 12.0831 10.9411 10.9584 10.1476 10.0751 9.98192 9.63813 12.6271 9.3215 9.00731 13.3235 9.71576 9.57066 9.3013 9.13373 9.31024 8.972 13.63 20.4823 10.0062 27.0227 18.0494 13.847 16.6333 12.9573 12.58 11.7601 9.91609 9.54877 9.7591 9.34029 8.81444 14.2224 10.0353 8.7517 8.7099 8.56979 8.53868 8.37248 8.11006 8.41585 8.02432 10.0628 7.96187 7.82563 7.76858 8.39149
threshold=9499.0850000000009 -8917.9499999999953 999.67500000000007 5.5000000000000009 1.0000000180025095e-35 5295.0756250000004 5.5000000000000009 -0.32143946530316164 11439.250000000002 0.21499999999999989 1.0000000180025095e-35 25.500000000000004 28.500000000000004 3474.0404129464291 -40352.549999999996 9993.7500000000018 1.0000000180025095e-35 0.25999999999999984 3098.0572941468258 4864.3312202380957 24.500000000000004 5846.5585912698416 6032.5343142361116 0.98499999999999954 0.89787622492179153 0.86113431103781346 4.5000000000000009 4900.826822916667 0.60876142900872032 -0.92999516916204616 5748.263710317462 6565.7608333333337 6276.1249627976194 -0.79999999999999882 21.500000000000004 2835.13234375 3.5000000000000004 1.0000000180025095e-35 -0.97917132487589142 4465.749575892858 9500.9350000000013 14.795000000000002 -0.49000000000000016 4068.5145684523818 1600.0900000000001 11915.650000000003 2.5000000000000004 18.950000000000003 3852.684717261905 5734.3922098214289 2737.1226711309528 19554.250000000004 3545.4048660714293 -3219.4999999999986 17.595000000000002 3727.6182229662704 19.125000000000004 1.0000000180025095e-35 2843.5517261904765 2465.7666666666673 0.78724360164103002 3309.3371875000007
decision_type=2 2 2 2 2 2 2 2 2 2 2 2 2 2 2 2 2 2 2 2 2 2 2 2 2 2 2 2 2 2 2 2 2 2 2 2 2 2 2 2 2 2 2 2 2 2 2 2 2 2 2 2 2 2 2 2 2 2 2 2 2 2
left_child=1 2 4 8 13 52 16 15 12 54 11 49 -2 -1 -15 -8 23 20 -17 53 -18 24 -23 31 25 26 27 29 -28 -12 -31 32 33 -4 35 36 -35 38 -36 -40 -37 -39 43 44 -43 -45 48 -48 51 -3 -42 -26 -5 -13 55 -9 57 -52 -38 -27 61 -11
right_child=3 10 6 5 -6 -7 7 9 -10 60 21 19 -14 14 -16 18 17 -19 -20 -21 -22 22 -24 -25 46 59 28 -29 -30 30 -32 -33 -34 34 37 40 58 41 39 -41 50 42 -44 45 -46 -47 47 -49 -50 -51 56 -53 -54 -55 -56 -57 -58 -59 -60 -61 -62 -63
leaf_value=0.0014722947402974196 -0.00037481083624057554 0.00021086814849617495 -0.0045010074871069516 0.00096888232808296944 -0.017079595686812974 0.006207384346724929 -0.012723762123701857 0.0008262113362463452 0.0045052076233896973 -0.00065980873078087755 0.0017264950533236244 0.0014972367938916431 0.0052133065065517311 -0.0077124592594427985 0.00017099320618571667 0.0010980433176311344 0.00014465171329595351 0.00027625686635738054 -0.0018250423065834286 -0.00060357558312620799 -0.0070228494079605675 0.002226136168357584 -0.00065108743396244504 -0.0028407883013296066 0.0018513939028479952 0.00034382254361789319 -0.00031261487651886629 -0.0005932488317544226 0.00019854846174714334 0.00029923003116271829 -0.0006786699833635268 -0.0017583926945778348 0.0021273090011627227 -0.0015543309354784627 -0.0021600495007569084 0.00035123056622282878 0.00045492563785182405 0.00069075852590924744 0.00085529337317379994 -0.00077092496721845364 -0.0025712624913159132 -0.0030898316381510237 -0.00033098126103296542 0.0010165171352469261 0.0003982388222121891 1.3792792125193464e-05 0.00015076289805062259 0.0018749555925722382 -0.00082184628558515263 -0.0015328325921291784 -0.0012574588387842221 -0.0011550817893352238 -0.00075853580675529382 0.010958128759834746 -0.0014299829605273827 -0.0013274269855419174 0.0010080621634775877 -2.3878484893007366e-05 -0.0012753095419320592 -0.0031187590737376957 0.0007435192375893695 0.00045884591452756136
leaf_weight=86 128 329 129 97 707 144 483 42 1210 139 185 332 968 118 200 49 78 121 474 77 279 382 90 52 191 46 1392 161 574 3342 169 68 76 493 79 94 75 252 898 121 70 131 4085 212 176 192 487 608 175 96 88 69 214 470 130 65 40 1297 42 185 101 75
leaf_count=86 128 329 129 97 707 144 483 42 1210 139 185 332 968 118 200 49 78 121 474 77 279 382 90 52 191 46 1392 161 574 3342 169 68 76 493 79 94 75 252 898 121 70 131 4085 212 176 192 487 608 175 96 88 69 214 470 130 65 40 1297 42 185 101 75
internal_value=0.00073186 -0.000534753 -0.00237223 0.0104435 -0.00743255 0.00286184 -0.00184646 -0.00513791 0.0119376 0 0.00178507 0.00478161 0.0091887 -0.0017037 -0.00451411 -0.00795432 -0.00128539 -0.00569937 -0.00478053 0.00744886 -0.00833799 0.00129949 0.00545455 -0.0010414 0.00104021 0.000520231 0.000800996 0.00167574 -0.000915099 0.0019881 0.00164436 -0.000964149 -0.00087709 -0.00099115 -0.000806973 -0.00254318 -0.00790507 -0.000185456 0.00286624 0.00389706 -0.000481132 -0.000849673 -0.00118199 0.00208567 -0.00189935 0.00511111 0.00309602 0.00453011 -0.000516055 -0.000739437 -0.00115307 0.00321839 -0.00168269 0.00844334 -0.00598739 0.000138889 -0.000641655 -0.00102814 0.00266949 -0.00653017 0.00450949 0.00125581
internal_weight=23938 21177 11817 2761 1111 455 10706 1558 2306 552 9360 1304 1096 404 318 1006 9148 478 523 879 357 8056 472 8670 7584 6054 5823 3857 1966 3696 3511 8618 8550 8474 8345 2199 610 6146 1098 1019 1589 5048 4796 711 307 404 1530 1095 435 425 1495 260 311 802 237 107 1425 1385 117 231 315 214
internal_count=23938 21177 11817 2761 1111 455 10706 1558 2306 552 9360 1304 1096 404 318 1006 9148 478 523 879 357 8056 472 8670 7584 6054 5823 3857 1966 3696 3511 8618 8550 8474 8345 2199 610 6146 1098 1019 1589 5048 4796 711 307 404 1530 1095 435 425 1495 260 311 802 237 107 1425 1385 117 231 315 214
is_linear=0
shrinkage=0.03


Tree=75
num_leaves=63
num_cat=0
split_feature=9 9 1 9 1 15 1 0 25 12 1 5 12 8 26 4 14 26 12 7 5 15 17 26 26 25 12 14 17 2 27 14 25 27 17 12 8 19 26 7 26 12 15 15 12 12 17 15 27 27 27 1 6 25 7 15 7 14 11 17 14 26
split_gain=324.44 105.191 36.7923 34.5832 22.5949 21.6052 17.3622 22.5184 16.3001 14.0967 13.7295 20.9167 12.2323 12.2058 11.4349 11.2384 11.3773 11.3524 10.8626 10.4379 13.0702 12.3314 18.2669 16.7856 17.8452 10.4217 9.60598 9.57854 9.53621 9.12916 8.37409 8.56541 9.9042 13.9222 18.1075 12.9007 11.0293 10.606 8.93296 8.74607 9.97215 10.4075 8.16075 8.11849 12.2827 7.95344 7.90674 7.89637 11.3396 10.0528 10.8401 7.87102 12.4144 8.82188 12.1779 10.9721 10.3852 8.22825 8.15908 7.69735 7.61481 10.5778
threshold=9499.0850000000009 2920.8900000000008 5.5000000000000009 999.67500000000007 1.0000000180025095e-35 5295.0756250000004 5.5000000000000009 31.500000000000004 17.385000000000002 2939.3464434523812 1.0000000180025095e-35 -0.35206144883412566 4344.8926264880965 -0.97917132487589142 10.415000000000001 1.0000000180025095e-35 2153.767547160935 11.130000000000001 4864.3312202380957 0.97696484778429815 -0.52778511650980109 2368.5494791666674 1016.2300000000001 7.955000000000001 5.955000000000001 15.370000000000003 4077.3422470238106 2197.8584786202723 199.72500000000005 10.500000000000002 0.8249999999999994 2188.5556100918634 14.765000000000002 -0.22499999999999962 1543.1100000000004 2759.593645833334 -0.99864786094873803 12849.150000000001 11.325000000000001 0.14569472580964501 6.6950000000000012 3950.8452306547624 2948.3191666666667 3493.3750000000005 6276.1249627976194 4314.2856547619058 2449.7550000000006 4840.2518229166681 -0.38499999999999973 -0.66999999999999893 -0.54499999999999982 5.5000000000000009 0.63405362205439486 16.885000000000002 -0.85227431625818906 3402.0204687500004 -0.81923160956083974 2677.399504010802 3094.9550000000004 1802.8950000000002 2764.0195994042647 7.2300000000000013
decision_type=2 2 2 2 2 2 2 2 2 2 2 2 2 2 2 2 2 2 2 2 2 2 2 2 2 2 2 2 2 2 2 2 2 2 2 2 2 2 2 2 2 2 2 2 2 2 2 2 2 2 2 2 2 2 2 2 2 2 2 2 2 2
left_child=1 3 -2 4 12 27 15 59 -9 -10 11 18 25 -13 60 17 -17 19 -3 20 28 -22 43 24 -24 -1 29 -4 -5 -25 31 32 -12 37 -35 -36 -37 -34 -38 51 -41 -42 -19 -23 -45 -28 -47 48 49 -26 -51 53 -53 54 55 57 -55 -33 -57 -8 61 -15
right_child=2 10 5 6 -6 -7 7 8 9 -11 30 13 -14 14 -16 16 -18 42 -20 -21 21 22 23 26 47 -27 45 -29 -30 -31 -32 39 33 34 35 36 38 -39 -40 40 41 -43 -44 44 -46 46 -48 -49 -50 50 -52 52 -54 56 -56 58 -58 -59 -60 -61 -62 -63
leaf_value=-0.0078592002257115382 0.0043700513946879835 0.0066500517962975441 0.0011666672937651157 0.0036422934064108989 -0.016973357874884368 0.006004560311538878 0.00039121028186244632 -0.022394543985840905 0.0011391976918834245 -0.0020072444305618033 -0.0011357632705734132 -0.0024312920535051849 -0.0074824587726751443 -0.00012062961615850298 -0.0019800165913701128 0.00032964200719505672 -0.004169745444876174 -0.0007138789777840326 -0.0011298733445135767 -0.0012417285199782001 -0.0019872828243941718 0.00049976481241014164 -2.0360667099010853e-05 0.00030306097567377676 -0.0012102092475785842 0.00080150697290650721 -0.0016604775067326116 -0.00081750587417417364 0.00016896629776776972 -0.0023071449193443169 -0.00100439134067269 0.0018397528493786551 0.0087792320228353305 0.0012882084429614159 -0.0019899432162396734 0.0036134471764753505 0.00012112004740427729 0.00088361858427489894 -0.00091792736730224257 -0.0015615878338422107 0.003256697707966669 -0.0001589381212220875 -0.0048454985631894189 -0.0012461958032185816 0.0020676212135137817 0.00085059952884340977 -0.00072737674053963803 -0.0027912300109919652 -0.00082490707643962931 0.0017205628739586931 -0.00029913067515353832 -0.00084609595895289045 0.00061083532626433174 0.002184855687188225 -0.0028846762968225193 -0.00076002140123499374 0.00032816737049715881 -0.00095011153917913484 8.732907274655588e-06 -0.00034561363048636552 -0.00014418553693683832 0.0016036236392956481
leaf_weight=53 2377 530 85 68 710 148 240 347 61 606 93 40 106 159 101 109 340 178 46 362 436 638 1170 897 171 224 149 209 1478 69 148 156 147 815 61 55 2164 272 92 214 78 1408 148 274 41 144 73 248 1080 102 136 393 200 131 54 111 1930 52 473 149 219 297
leaf_count=53 2377 530 85 68 710 148 240 347 61 606 93 40 106 159 101 109 340 178 46 362 436 638 1170 897 171 224 149 209 1478 69 148 156 147 815 61 55 2164 272 92 214 78 1408 148 274 41 144 73 248 1080 102 136 393 200 131 54 111 1930 52 473 149 219 297
internal_value=0.000763525 -0.000505483 0.0103245 -0.00258003 -0.00763711 0.0023702 -0.00201029 -0.00509615 -0.00744828 -0.00469311 0.00164224 0.00441493 -0.00175781 0.00132191 0.00216216 -0.00148881 -0.0061 -0.00122472 0.00878683 -0.00098713 -0.000735889 -0.001407 -0.000999422 -0.00184316 -0.0031207 0.00156475 0.000945236 -0.00233898 0.00170653 0.00251293 0.00121519 0.00133315 0.00243649 0.00268644 0.0020091 0.00068268 0.00104455 0.00782143 0.000717767 0.000547972 -0.00121693 -0.000342972 -0.00669725 0.00275157 -0.00118671 -0.00318801 0.000481651 -0.00504891 -0.00421812 3.65854e-05 0.00401674 0.00140531 -0.00174242 0.0020478 -0.000531287 0.000416141 0.00310621 0.00631579 -0.00169231 0.00103846 0.00357249 0.00577681
internal_weight=24065 21246 2819 10807 1093 442 9714 1403 1014 667 10439 1392 383 816 776 8311 449 7862 576 7536 7174 5628 5192 4239 2907 277 1332 294 1546 966 9047 8899 3699 3606 3187 2372 2311 419 2256 5200 1700 1486 326 953 315 366 217 1737 1489 409 238 3500 593 2907 846 792 2061 208 584 389 675 456
internal_count=24065 21246 2819 10807 1093 442 9714 1403 1014 667 10439 1392 383 816 776 8311 449 7862 576 7536 7174 5628 5192 4239 2907 277 1332 294 1546 966 9047 8899 3699 3606 3187 2372 2311 419 2256 5200 1700 1486 326 953 315 366 217 1737 1489 409 238 3500 593 2907 846 792 2061 208 584 389 675 456
is_linear=0
shrinkage=0.03


Tree=76
num_leaves=63
num_cat=0
split_feature=9 9 9 1 1 15 1 6 14 1 22 19 7 22 25 22 23 26 26 22 7 17 22 15 26 17 21 14 23 26 7 7 15 22 7 8 14 17 14 25 21 11 10 15 17 15 8 5 15 22 17 11 2 1 14 26 17 8 23 21 15 21
split_gain=326.406 97.8357 33.5463 30.1713 23.7424 18.2847 15.7854 23.6357 15.099 13.6425 13.058 17.0287 12.1332 14.1418 10.22 12.3012 10.1942 9.84291 10.9713 12.1873 12.4183 14.5998 12.2701 10.2241 10.5624 10.0911 11.3774 10.6963 9.83537 9.44227 9.96764 13.9618 19.124 9.9857 9.94899 11.344 9.36444 9.34781 14.6162 11.0933 9.20232 9.19011 8.97242 8.8473 13.6213 22.4259 14.081 8.77315 9.94216 9.38954 8.77167 8.69568 8.53306 8.34807 8.27255 10.0042 8.03998 7.93487 7.85177 7.8357 7.60674 7.74084
threshold=9499.0850000000009 2920.8900000000008 999.67500000000007 5.5000000000000009 1.0000000180025095e-35 5295.0756250000004 5.5000000000000009 0.06540312923014284 2191.8971039783178 1.0000000180025095e-35 3474.0404129464291 44838.350000000013 0.78523795966413312 5838.7255741567469 17.265000000000004 3098.0572941468258 17.506250000000005 9.4200000000000017 8.4950000000000028 3948.8224503968254 0.21336913576298863 499.42500000000001 5396.3958035714295 3053.4320833333336 5.2200000000000015 300.94000000000005 2401.0550000000007 2276.465406832699 26.118750000000002 11.265000000000002 0.95998215779580554 0.89787622492179153 4840.2518229166681 3669.8172085813494 0.92602006027323147 -0.33426211444629356 2130.0933124724543 1392.0700000000004 1859.990663072698 16.855000000000004 3873.2066666666674 9499.0750000000025 5000.6000000000013 2368.5494791666674 1016.2300000000001 3493.3750000000005 -0.57782411410281842 -0.25881904510252113 2008.5867708333335 3405.0668998015876 1002.3650000000001 2898.9500000000003 1.5000000000000002 3.5000000000000004 2657.7685372549226 6.6950000000000012 1802.8950000000002 0.78724360164103002 27.243750000000006 3284.2900000000004 4697.9727604166674 5504.7266666666683
decision_type=2 2 2 2 2 2 2 2 2 2 2 2 2 2 2 2 2 2 2 2 2 2 2 2 2 2 2 2 2 2 2 2 2 2 2 2 2 2 2 2 2 2 2 2 2 2 2 2 2 2 2 2 2 2 2 2 2 2 2 2 2 2
left_child=1 2 4 -2 10 36 29 14 9 42 -1 -12 13 16 -8 -16 52 18 19 20 23 -22 41 -10 -25 28 -27 -28 -19 30 31 32 43 53 -33 -36 -5 38 -18 -39 -31 54 -3 47 45 -45 -47 48 -4 -49 -24 -52 -11 -32 -21 -56 57 -9 -57 -54 61 -53
right_child=3 8 6 5 -6 -7 7 56 17 12 11 -13 -14 -15 15 -17 37 25 -20 22 21 -23 50 24 -26 26 27 -29 -30 40 33 34 -34 -35 35 -37 -38 39 -40 -41 -42 -43 -44 44 -46 46 -48 49 -50 -51 51 60 59 -55 55 58 -58 -59 -60 -61 -62 -63
leaf_value=0.0014469347637087449 0.0042389498528473618 0.00082678684567211386 0.0023637697306071325 0.0015693113286923133 -0.01620177771670615 0.0058244235021927254 -0.018961737579703895 0.00012357212851243915 0.0016318091728350836 -0.00058843495418303248 0.00037524138984960763 -0.0072587431805764251 0.0009327368029325633 0.0026120745684636757 0.0010830066164612927 -0.0024060042967667971 0.0021400949060755891 -0.00095497266588726146 0.00087514181906337633 0.0012830448302799801 0.0061304300370992413 -0.0011961948238911546 -0.00049666985694681639 0.00065380353584185255 -0.00027897685696058437 0.00056915924927389836 -0.002659979693344736 -0.00033410024647917425 0.0042696070030838664 0.00046217494835709694 0.00017566965831261605 0.0015560176957363846 -0.0040145598711731267 -0.0025905135262298804 -0.0023637869004300691 0.00053432577951715741 -0.00061514855381592068 -0.0020718191023840048 -0.00015982698315489152 -0.00017243470623384382 -0.0037626307177830664 0.010173212126205193 0.012050600543561031 0.00061091308018268898 -0.00017918495151295842 0.00094432610772721137 -0.0054549314013904787 -1.5545560607028719e-05 -0.0014390463133871867 -0.0025459970470305569 -0.0010808811096674554 0.0013748011002745919 4.3803007155158722e-05 -0.0022232753436055306 -0.0018502427483546935 -0.00022571883365706035 -0.0003979387843971427 0.00074479619641421024 0.00061407702431345965 0.00099639452301385494 -0.00016094183647343384 0.00016187297328298377
leaf_weight=78 2352 447 68 74 716 150 321 191 97 131 184 124 1069 216 48 569 158 49 583 266 47 429 363 289 695 75 157 865 94 42 287 171 235 163 59 156 233 145 428 816 256 177 200 990 4996 80 212 125 116 274 98 344 380 131 48 172 178 71 507 510 316 286
leaf_count=78 2352 447 68 74 716 150 321 191 97 131 184 124 1069 216 48 569 158 49 583 266 47 429 363 289 695 75 157 865 94 42 287 171 235 163 59 156 233 145 428 816 256 177 200 990 4996 80 212 125 116 274 98 344 380 131 48 172 178 71 507 510 316 286
internal_value=0.00082566 -0.000442274 -0.00243913 0.0104359 -0.00739801 0.00337336 -0.00187731 -0.00485134 0.00162794 0.00293935 -0.00139535 -0.00417476 0.00226129 0.00121724 -0.00753994 -0.00526699 0.000595562 0.000636959 0.00126219 0.000718259 -0.00137677 -0.00540881 0.0019841 0.000402033 -0.000517766 -0.00174053 -0.00271858 -0.00354839 0.00572917 -0.00138663 -0.00119234 -0.000898036 -0.00120051 -0.00497423 0.00465116 0.000347222 -0.000827922 -0.000939922 0.00204429 -0.00275988 -0.00662207 0.00425278 0.00696759 -0.000911542 -0.000582895 0.00217459 -0.00511945 -0.00444349 0.000972973 -0.0069375 9.58807e-05 0.00149282 0.00292074 -0.00250597 0.00312374 0.00146291 0.000884354 0.00422053 0.00240441 0.00397306 0.00237592 0.00427892
internal_weight=24107 21298 10841 2809 1102 457 9739 1378 10457 4500 386 308 3853 2784 938 617 2568 5957 4717 4134 1557 476 2577 1081 984 1240 1097 1022 143 8361 8063 7482 7096 581 386 215 307 1547 586 961 298 1170 647 6861 6278 1282 292 583 184 399 1407 1044 1021 418 993 727 440 262 679 890 946 630
internal_count=24107 21298 10841 2809 1102 457 9739 1378 10457 4500 386 308 3853 2784 938 617 2568 5957 4717 4134 1557 476 2577 1081 984 1240 1097 1022 143 8361 8063 7482 7096 581 386 215 307 1547 586 961 298 1170 647 6861 6278 1282 292 583 184 399 1407 1044 1021 418 993 727 440 262 679 890 946 630
is_linear=0
shrinkage=0.03


Tree=77
num_leaves=63
num_cat=0
split_feature=9 20 1 20 20 15 14 10 22 12 1 14 7 22 25 1 27 27 17 14 17 22 27 15 27 27 7 7 17 6 23 1 23 1 11 15 14 12 22 27 12 14 17 1 22 9 6 27 21 15 10 27 15 27 27 22 0 14 14 7 17 14
split_gain=329.757 86.5404 32.9083 30.6053 28.771 20.1446 19.3526 15.8206 15.3533 15.0361 14.0571 12.239 14.9146 13.5905 12.1947 12.0855 11.3422 15.3025 11.7357 11.0297 10.929 15.6375 10.801 10.2468 9.92194 13.0942 14.2175 14.568 9.32694 9.28924 8.86368 9.86051 8.5122 10.735 8.17064 7.84944 7.57685 7.56606 8.52261 7.55428 13.2695 8.39897 7.38578 8.92208 7.33459 7.31059 10.1767 7.0893 11.3456 7.0827 8.27982 6.83113 12.631 8.96724 13.8346 14.384 10.9832 10.5803 14.0285 9.57747 9.39552 12.6966
threshold=6500.3350000000009 -11480.299999999999 5.5000000000000009 -42984.94999999999 10622.500000000002 5295.0756250000004 2682.2216596261387 9999.9950000000008 3731.2543439980159 4823.5526488095247 5.5000000000000009 2205.5425872036726 0.89017062131308955 5846.5585912698416 19.175000000000004 1.0000000180025095e-35 -1.0000000180025095e-35 0.18499999999999875 2000.3750000000002 2349.8124525938206 1436.8950000000002 5734.3922098214289 0.26500000000000062 3218.4991145833337 -0.56000000000000039 -0.77499999999999847 0.90162119223771331 0.92922379131507438 2227.6050000000005 -0.72947329433276253 26.118750000000002 3.5000000000000004 30.043750000000006 3.5000000000000004 199.11500000000004 4477.732500000001 3710.688448654646 3226.6779761904768 3175.0546378968261 -0.14999999999999944 4327.3151934523821 3076.5081064649971 300.64000000000004 1.5000000000000002 3043.1782465277784 4433.2750000000005 0.72947329433276265 0.86500000000000032 3799.356666666667 4941.5795833333341 3243.3450000000007 -0.60500000000000032 3700.7111458333334 -0.015000000000000567 0.094999999999998877 3984.3171800595242 58.500000000000007 2175.4539641539782 2461.3397994156508 -0.074117382312902977 1543.1100000000004 1980.072212083109
decision_type=2 2 2 2 2 2 2 2 2 2 2 2 2 2 2 2 2 2 2 2 2 2 2 2 2 2 2 2 2 2 2 2 2 2 2 2 2 2 2 2 2 2 2 2 2 2 2 2 2 2 2 2 2 2 2 2 2 2 2 2 2 2
left_child=1 3 4 8 9 19 34 11 14 -2 24 12 13 15 32 -3 20 37 -19 -4 21 30 -14 -22 25 26 -8 -28 35 39 -13 -32 33 -1 -5 -27 -11 -18 -39 41 -41 -26 43 -31 -36 46 -33 51 -49 50 -25 52 -46 56 -55 57 -53 60 59 -59 61 -56
right_child=2 7 5 6 -6 -7 10 -9 -10 36 -12 16 22 -15 -16 -17 17 18 -20 -21 23 -23 -24 49 29 28 27 -29 -30 42 31 45 -34 -35 44 -37 -38 38 -40 40 -42 -43 -44 -45 47 -47 -48 48 -50 -51 -52 53 -54 54 55 -57 -58 58 -60 -61 -62 -63
leaf_value=0.0002061622516744066 0.0053042267303611539 0.0010558726575038691 0.00078297626801763435 -0.0063297555212415311 0.004111781357261925 0.005666293301911267 -0.0040411349488142173 0.0099311115411510002 -0.021578103184716327 -0.0056866275869676209 -0.010789511383613233 -0.00049982200106422068 0.0017424170590517817 0.0028768490436540525 -0.01447117261969539 1.9649950431812612e-05 0.00061006292154787813 0.0012453371813541737 -0.00067173735789660682 -0.00073344422190673158 0.0031153853739071557 -0.0015669803253678971 -0.00031451609826735447 -6.4702840842771893e-05 -0.010196625791472678 3.9762737491715324e-05 0.0019718860362966549 -0.0021941964361658116 -0.001339194719031278 -0.0011964118133284795 0.0008429200874419695 -0.00041913998398253934 0.0018455853907892461 -0.012636321001865162 0.0010928291525252121 0.0012201280637748368 0.0084536872568897782 8.7892267777807121e-05 -0.00075653690866419156 0.00083296575562500578 -0.0045944875704114849 -0.0016861471109737103 -0.0012343419944517951 0.0020411767079571686 -0.0039807637971460254 -0.00097820806685916745 0.00075793986498032587 -0.0024060769576264994 0.00093650104797832418 -0.00025905174288671341 0.00074870063497723294 -5.8427141516417259e-05 0.00030990369219399569 -0.0010717567769358059 -4.4235828353933467e-05 0.00058473330975853169 0.00095420755444212794 -0.0001935199271892074 0.0009873991782184577 -0.0012671997226746255 -0.00028665067819526601 0.00090029301950394819
leaf_weight=136 1200 418 166 106 1416 152 205 439 335 71 334 438 831 148 78 2668 98 326 97 184 73 177 134 426 394 269 68 50 75 89 598 315 60 65 45 125 41 197 981 77 82 121 304 105 147 101 154 168 50 326 1275 1402 66 736 1281 298 401 317 88 508 1724 360
leaf_count=136 1200 418 166 106 1416 152 205 439 335 71 334 438 831 148 78 2668 98 326 97 184 73 177 134 426 394 269 68 50 75 89 598 315 60 65 45 125 41 197 981 77 82 121 304 105 147 101 154 168 50 326 1275 1402 66 736 1281 298 401 317 88 508 1724 360
internal_value=0.000830224 -0.000549306 0.0097493 -0.00243908 0.011048 0.0026839 -0.00202131 0.00142354 -0.00862222 0.00783701 -0.00443671 0.00117307 0.00239643 0.00141886 -0.00410294 0.000991254 0.000252552 -0.00179118 0.00314858 -0.00128205 0.00114701 -0.000580157 0.0056677 0.00261304 -0.00346565 -0.000870113 -0.00550926 0.00277311 0.00232979 -0.00521739 0.000354698 0.00171942 -0.000973282 -0.00393564 -0.00129969 0.00417722 -0.00265487 -0.00342991 -0.00409669 -0.00751111 -0.00178125 -0.00927326 -0.00210421 0.00246154 -0.00118348 -0.00110333 0.000478723 -0.00125613 -0.00657534 0.00221154 0.00298766 -0.00109701 -0.0063785 -0.000938027 -0.00155844 -0.00094385 0.00088969 -0.00138817 -0.00425055 -0.0054661 -0.000610517 0.00101401
internal_weight=24119 20889 3230 10669 2728 502 9995 10220 674 1312 2298 9781 4199 3234 339 3086 5582 1699 423 350 3883 1783 965 2100 1964 792 323 118 469 1172 1606 1168 261 201 7697 394 112 1276 1178 674 159 515 498 194 7591 570 469 7546 218 2027 1701 7328 213 7115 5312 4576 1803 4278 913 825 3365 1641
internal_count=24119 20889 3230 10669 2728 502 9995 10220 674 1312 2298 9781 4199 3234 339 3086 5582 1699 423 350 3883 1783 965 2100 1964 792 323 118 469 1172 1606 1168 261 201 7697 394 112 1276 1178 674 159 515 498 194 7591 570 469 7546 218 2027 1701 7328 213 7115 5312 4576 1803 4278 913 825 3365 1641
is_linear=0
shrinkage=0.03


Tree=78
num_leaves=63
num_cat=0
split_feature=9 9 1 10 17 20 12 20 4 0 1 0 0 16 1 8 26 12 25 1 6 17 18 12 11 5 26 25 5 23 26 17 11 12 26 1 5 8 0 1 25 12 8 27 17 12 20 12 17 20 26 26 17 1 26 23 26 24 26 17 27 17
split_gain=319.955 87.8443 33.2667 32.6616 25.3615 25.2905 15.9701 14.6562 12.4434 12.3307 11.9328 29.965 14.6665 23.4714 17.0351 14.9767 13.9992 11.522 10.9508 10.851 10.6434 10.1406 9.98883 10.4891 10.0513 10.0329 9.64962 9.4699 8.88202 8.87571 12.9321 10.4875 9.95312 8.73255 8.66591 8.57417 11.6354 8.60811 8.57174 8.48844 9.37378 8.37124 8.26081 7.7078 8.39658 7.69001 9.92921 9.37033 9.42105 8.04492 7.59091 7.85751 8.93579 8.9978 15.1783 7.22325 10.1827 7.18688 7.08227 7.34123 7.05666 6.93688
threshold=7386.3100000000004 2887.6800000000003 5.5000000000000009 1001.8450000000001 1001.6650000000001 11439.250000000002 4823.5526488095247 19584.400000000005 1.0000000180025095e-35 27.500000000000004 4.5000000000000009 31.500000000000004 20.500000000000004 6650.6950000000006 1.0000000180025095e-35 -0.97917132487589142 10.600000000000001 3893.624821428572 15.210000000000003 4.5000000000000009 -0.32143946530316164 2000.3750000000002 11083.650000000003 4480.5570535714296 3317.6550000000002 -0.77259657388510594 11.645000000000001 15.490000000000002 -0.35206144883412566 14.931250000000002 6.7400000000000011 2423.4600000000005 2870.8450000000007 3919.9110788690477 7.5600000000000014 1.0000000180025095e-35 -0.52778511650980109 0.62420859727530387 26.500000000000004 3.5000000000000004 18.000000000000004 4352.3202752976204 -0.14250536273956091 -0.79999999999999882 1448.6600000000001 4846.8070758928579 -26152.849999999995 2813.9496056547623 999.88000000000011 -34115.999999999993 10.780000000000003 10.105000000000002 300.07500000000005 1.5000000000000002 9.2800000000000029 16.256250000000005 8.3550000000000022 8.4250000000000025 6.0250000000000012 1951.3100000000002 0.72000000000000075 1103.6650000000002
decision_type=2 2 2 2 2 2 2 2 2 2 2 2 2 2 2 2 2 2 2 2 2 2 2 2 2 2 2 2 2 2 2 2 2 2 2 2 2 2 2 2 2 2 2 2 2 2 2 2 2 2 2 2 2 2 2 2 2 2 2 2 2 2
left_child=1 3 5 4 34 6 42 38 10 -10 12 21 13 39 15 -14 18 27 28 -6 55 60 23 24 -22 -26 58 -17 -16 31 -31 33 -32 -15 -1 36 -24 50 -4 40 -5 -40 -2 44 -20 47 -47 49 -49 -13 51 52 -37 54 -54 56 -3 -55 -27 -60 -12 -50
right_child=2 20 7 8 19 -7 -8 -9 9 -11 11 45 14 29 16 17 -18 -19 43 -21 22 -23 35 -25 25 26 -28 -29 -30 30 32 -33 -34 -35 -36 37 -38 -39 41 -41 -42 -43 -44 -45 -46 46 -48 48 61 -51 -52 -53 53 57 -56 -57 -58 -59 59 -61 -62 -63
leaf_value=-0.0053587751860099649 0.0051538836655771365 7.8965248574860416e-05 0.005847345791895559 -0.0023878831753653706 0.00047133240708457257 0.0039884279165440795 -0.0011437855087997129 0.0054797019980696504 0.00033832381895043006 -0.0060159400045868994 0.0004209525537165515 -0.0016195990462567343 -0.0019270969162833928 5.741621678815534e-05 0.0033389063000971086 -0.00037382328526780473 -0.0063771824358709404 3.1626732485805495e-05 0.00028995272607200916 -0.0058396120179876523 -0.00016076351960096601 -0.00035157364674267552 0.0081437473038302056 -0.001102008451735763 0.0027531651685723355 0.0014294665719523359 -0.0018168082644837824 0.0013801981870371894 0.00026362196402142325 -0.0013788069484588484 0.00015464264264237747 -0.00061137110347835304 -0.0019779602300657294 0.0008464332304358457 -0.011715971984921624 -0.00068392972523898085 0.00029647786728901335 4.3573448865061871e-05 0.00021784036060953582 7.7977590550122315e-05 -0.0002715370126999783 -0.0010936087340477217 0.0046825644864245137 -0.00012372759312365034 -0.0039970885831824357 -0.052364488537407397 0.00070177376746584309 -0.017491516465055854 0.0007598663050103837 0.0010376755601001931 0.0019144809175718879 -0.00018601316687427705 -0.00044479786582037658 0.00089913838937073721 0.0015160375753719001 -0.00020270861801471084 0.0017595389804097295 -0.0002902545405199497 0.00036961930223593952 -0.00047749048550118186 -0.00077768992800499427 -0.0019912069940651823
leaf_weight=242 603 555 47 287 242 1225 123 83 79 354 415 106 75 372 98 150 229 528 58 50 811 213 337 158 252 89 49 573 143 139 193 123 115 132 727 132 486 1800 247 56 141 100 583 2780 100 44 103 189 85 112 134 456 360 2177 83 1513 122 142 843 53 79 1091
leaf_count=242 603 555 47 287 242 1225 123 83 79 354 415 106 75 372 98 150 229 528 58 50 811 213 337 158 252 89 49 573 143 139 193 123 115 132 727 132 486 1800 247 56 141 100 583 2780 100 44 103 189 85 112 134 456 360 2177 83 1513 122 142 843 53 79 1091
internal_value=0.000861717 -0.00045123 0.010005 -0.00240455 -0.00692948 0.0113728 0.00846183 0.00273013 -0.00178108 -0.00673963 -0.00153436 -0.00331624 -0.000843795 -0.00336754 -1.26716e-05 0.00287114 -0.00113523 0.00365415 -0.000617925 0.000819113 0.00147825 0.00188559 0.0019658 0.000259309 0.000822212 0.00247086 0.00115942 0.00611188 0.00551653 -0.000893023 -0.0041183 0.00140924 -0.000679612 0.00332673 -0.00926289 0.00259578 0.00544296 0.00215137 0.000303797 -0.00884536 -0.0102797 -0.00133621 0.00952822 -0.00112283 -0.00754717 -0.00544194 0.00111486 -0.00605114 -0.00697291 -0.000273973 0.00302152 0.00273948 0.00331606 0.00368078 -0.000236486 -0.000383387 0.00219027 0.00442888 0.00181034 0.00100334 0.00424242 -0.00596432
internal_weight=23986 20975 3011 10423 1261 2534 1309 477 9162 433 8729 2437 6292 1558 4734 1326 3408 1251 3179 292 10552 707 8362 2255 2097 1286 1034 723 241 1074 447 627 308 504 969 6107 823 5284 394 484 428 347 1186 2938 158 1730 147 1583 1365 218 3484 3350 2894 2762 443 2190 677 2319 985 896 494 1176
internal_count=23986 20975 3011 10423 1261 2534 1309 477 9162 433 8729 2437 6292 1558 4734 1326 3408 1251 3179 292 10552 707 8362 2255 2097 1286 1034 723 241 1074 447 627 308 504 969 6107 823 5284 394 484 428 347 1186 2938 158 1730 147 1583 1365 218 3484 3350 2894 2762 443 2190 677 2319 985 896 494 1176
is_linear=0
shrinkage=0.03


Tree=79
num_leaves=63
num_cat=0
split_feature=9 20 1 10 15 20 17 12 9 14 17 14 8 27 14 7 27 7 26 27 15 14 17 16 25 15 1 9 15 8 14 15 20 12 1 14 17 14 1 9 1 1 26 27 14 27 21 10 25 14 26 12 27 17 22 10 23 25 12 17 0 17
split_gain=324.738 77.0576 36.7814 32.6363 21.0283 18.7522 18.1522 14.2726 13.5933 16.9521 15.3066 11.5615 10.5963 10.3206 18.3621 11.6022 10.1169 10.0264 8.53858 7.91631 13.8301 10.5671 9.69261 22.4263 15.2661 12.018 11.287 9.38855 8.80041 8.32267 7.90844 9.68181 7.6718 7.79455 7.41033 7.37285 7.33301 14.7582 7.28407 7.07793 6.86987 6.81901 12.3232 11.4821 10.6752 11.3034 10.0618 9.59648 9.50172 7.85494 7.29706 7.04808 6.9847 8.82455 6.80758 7.36332 7.43631 6.74502 6.71181 6.69018 7.40315 6.513
threshold=9499.0850000000009 -13207.749999999998 5.5000000000000009 1001.8450000000001 5295.0756250000004 11439.250000000002 1001.6650000000001 4823.5526488095247 4172.4550000000008 2188.5556100918634 200.01000000000002 2197.8584786202723 0.3484035575467645 -0.77499999999999847 3823.2424724404218 0.92922379131507438 0.27000000000000141 0.93845596220871974 10.105000000000002 -0.54999999999999882 4197.9447395833349 2864.2480219746185 1008.6950000000001 4799.7400000000007 17.275000000000002 4266.4748958333339 5.5000000000000009 249.42500000000004 3095.3279166666671 -0.056951011027366626 3076.5081064649971 3104.901875 -42984.94999999999 3009.3418750000005 4.5000000000000009 2788.2255822377383 2227.6050000000005 2764.0195994042647 3.5000000000000004 2019.9950000000001 4.5000000000000009 4.5000000000000009 11.265000000000002 -0.24500000000000097 2469.0926728099653 -0.015000000000000567 2688.4233333333336 3043.9950000000003 20.255000000000006 2355.5355301154063 10.925000000000002 2821.211123511905 -0.53999999999999992 983.54500000000019 5421.8509412202393 2449.4150000000004 24.281250000000004 17.885000000000002 4068.5145684523818 1515.8300000000002 11.500000000000002 1929.9200000000003
decision_type=2 2 2 2 2 2 2 2 2 2 2 2 2 2 2 2 2 2 2 2 2 2 2 2 2 2 2 2 2 2 2 2 2 2 2 2 2 2 2 2 2 2 2 2 2 2 2 2 2 2 2 2 2 2 2 2 2 2 2 2 2 2
left_child=1 3 5 6 11 7 12 -2 41 16 -11 -4 32 14 -5 -16 17 -10 -12 20 28 22 23 35 -24 -26 27 -25 -15 -30 31 -23 -1 -34 39 -21 -22 -38 -18 -8 -27 42 44 59 47 54 61 48 50 52 -3 -48 -49 -54 55 -46 -57 -40 -29 60 -43 -45
right_child=2 8 4 13 -6 -7 34 -9 9 10 18 -13 -14 19 15 -17 38 -19 -20 21 36 30 24 26 25 40 -28 58 29 -31 -32 -33 33 -35 -36 -37 37 -39 57 -41 -42 43 -44 46 45 -47 51 49 -50 -51 -52 -53 53 -55 -56 56 -58 -59 -60 -61 -62 -63
leaf_value=-0.022089457983221053 0.0045637128688996937 -8.4494443290981106e-05 0.0011152363108275231 -0.0054188727419958215 0.0053319134429118615 0.0038687750790477437 0.00061084556468040676 -0.0017356652141234806 0.0013247584353188557 0.010255445480815072 0.00022961887035622297 -0.00066705463850990298 -0.00056457835780721055 0.0004073042639000768 0.0016426861796933778 -0.0019745442360020872 0.0016060772986507565 0.0063109756071422305 -0.0016556412263796715 -0.0020106507362545401 0.0013972663181225542 0.00017076269088657446 -0.0013917626158198269 -0.01057139609306568 -7.3499433222696807e-05 -0.00030512273874653938 -0.0031158531691946757 0.00034258378033616752 -0.00030610595581737955 -0.055785768154563709 -0.00027795379888595484 -0.0064904104925039797 0.00035307503678677854 -0.010913005589858792 -0.0059421688401016309 0.00077268834801684776 0.00055056280528844594 -0.0027910469078122001 0.0015029282383674846 -0.0013268369642146548 -0.001873137150753248 0.00087797090616657412 -0.0010080452312045773 0.00087169900234161267 -0.0004902622345714702 -0.00069113623841478679 0.0006126929539792236 -0.00079901378280229803 0.0015917144800621052 0.0020810028907083831 0.0012859184500984 -0.00053652155030176724 0.0019359361920714591 0.00032841749109547181 -0.00017031772716406655 -0.00037339318753582874 0.00061255537582864499 -0.00073078669064418733 0.002941927108591673 0.00087520726759109373 -0.00032384861606788107 -0.00038145306903132338
leaf_weight=316 1038 1256 85 246 147 1224 185 92 697 79 1665 226 118 196 79 42 224 320 130 351 193 66 1135 58 3037 498 144 1330 145 81 144 254 80 457 47 40 58 43 53 44 293 111 252 120 70 302 118 79 91 193 79 1169 294 1773 788 146 569 202 56 333 330 87
leaf_count=316 1038 1256 85 246 147 1224 185 92 697 79 1665 226 118 196 79 42 224 320 130 351 193 66 1135 58 3037 498 144 1330 145 81 144 254 80 457 47 40 58 43 53 44 293 111 252 120 70 302 118 79 91 193 79 1169 294 1773 788 146 569 202 56 333 330 87
internal_value=0.000755015 -0.000512061 0.0103342 -0.00247715 0.00254902 0.0118471 -0.00700721 0.00904509 0.00114734 0.00274993 0.000848 -0.001875 -0.00893519 -0.00181095 -0.00672554 0.00282787 0.00513026 0.0068222 0.000275612 -0.00158808 0.00142259 -0.0018793 -0.00158577 0.000189394 -0.00229351 -0.00138679 0.0017747 0.00257439 -0.00205674 -0.0060793 -0.00625806 -0.0088785 -0.0100995 -0.00789033 -0.000216606 -0.00623724 0.00640678 -0.000147059 0.00153125 0.00202174 -0.00467803 0.000485235 0.00102325 -0.000912296 0.0013136 -0.000535714 -0.00244816 0.00223447 0.000294324 0.00341667 -0.000348054 -0.00343556 0.00289241 0.00322776 0.000486023 0.00246183 0.00337291 -0.00193359 0.00307138 0.00205161 -0.000373303 0.00367788
internal_weight=24078 21266 2812 9736 458 2354 1247 1130 11530 3370 1874 311 971 8489 367 121 1496 1017 1795 8122 716 7406 6942 1979 4963 3828 1588 1444 422 226 464 320 853 537 276 391 294 101 479 229 791 8160 5892 2268 5640 1875 1494 3765 1426 2339 1335 1287 2146 2067 1573 785 715 255 1386 774 441 207
internal_count=24078 21266 2812 9736 458 2354 1247 1130 11530 3370 1874 311 971 8489 367 121 1496 1017 1795 8122 716 7406 6942 1979 4963 3828 1588 1444 422 226 464 320 853 537 276 391 294 101 479 229 791 8160 5892 2268 5640 1875 1494 3765 1426 2339 1335 1287 2146 2067 1573 785 715 255 1386 774 441 207
is_linear=0
shrinkage=0.03


Tree=80
num_leaves=63
num_cat=0
split_feature=9 20 20 20 14 22 10 26 14 8 3 12 27 22 27 15 12 6 15 27 14 21 8 15 15 22 27 3 27 24 4 9 22 12 27 0 17 15 27 3 15 16 17 15 12 21 9 14 26 27 26 17 17 27 22 2 27 19 15 27 16 21
split_gain=303.278 73.6947 30.8214 25.7852 19.9248 18.4169 15.2019 12.6601 11.8281 11.851 11.4255 16.4043 11.3018 11.9128 10.6319 9.65167 9.59396 9.58881 9.20897 9.20187 8.75611 8.67805 8.65305 10.1714 8.05466 10.6901 8.0399 7.83294 7.72621 7.63408 7.40444 8.39631 7.20625 7.04736 6.88735 9.28131 6.76658 14.2584 6.72193 6.71197 7.15584 6.39163 6.37187 12.5322 6.87686 11.6669 6.92359 6.76661 6.84421 12.5628 10.5924 10.2429 14.3554 10.1254 9.53487 9.43843 7.7415 7.31602 6.80027 6.53196 8.20401 8.23913
threshold=9499.0850000000009 -15223.499999999996 -44171.349999999999 11439.250000000002 2682.2216596261387 3474.0404129464291 3359.2900000000004 9.6800000000000015 2205.5425872036726 0.04621408538533487 1.0000000180025095e-35 4823.5526488095247 0.13999999999999882 3382.0439942956355 -1.0000000180025095e-35 3095.3279166666671 3545.4048660714293 0.47114434510950071 3552.2463541666671 0.18499999999999875 2732.6022830842762 2401.0550000000007 -0.99486055365577253 4900.826822916667 3730.3277604166674 3184.632080853175 -0.04500000000000081 1.0000000180025095e-35 0.33499999999999913 4.1125000000000034 1.0000000180025095e-35 999.67500000000007 3488.4098201884922 4257.4148437500007 -0.30999999999999955 19.500000000000004 249.05500000000004 2124.7689583333336 0.86500000000000032 1.0000000180025095e-35 4904.6143750000001 8199.3100000000031 99.415000000000006 2368.5494791666674 3056.8239136904763 3178.0016666666675 1880.9950000000001 1384.929260908538 9.7900000000000009 0.96499999999999997 9.1650000000000009 499.48000000000008 1016.2300000000001 -0.5400000000000017 4976.5494370039696 7.5000000000000009 -0.54999999999999882 32121.900000000005 4831.3049479166684 0.31000000000000055 8525.6950000000015 3178.0016666666675
decision_type=2 2 2 2 2 2 2 2 2 2 2 2 2 2 2 2 2 2 2 2 2 2 2 2 2 2 2 2 2 2 2 2 2 2 2 2 2 2 2 2 2 2 2 2 2 2 2 2 2 2 2 2 2 2 2 2 2 2 2 2 2 2
left_child=1 2 5 10 42 27 36 15 9 22 11 -2 13 24 34 33 -12 -15 32 21 -17 -16 29 -24 -11 -26 -18 -1 -21 -8 31 -22 38 -6 -10 -36 37 -3 -14 -5 -41 -34 -4 44 45 46 -44 -45 49 50 51 -49 55 -50 -52 -53 57 -54 -58 60 -55 -62
right_child=3 6 4 39 7 -7 8 -9 14 12 16 -13 18 17 19 20 26 -19 -20 28 30 -23 23 -25 25 -27 -28 -29 -30 -31 -32 -33 41 -35 35 -37 -38 -39 -40 40 -42 -43 43 47 -46 -47 -48 48 53 -51 54 52 56 59 -56 -57 58 -59 -60 -61 61 -63
leaf_value=0.00047303523206649874 0.0044052684459115806 -0.0023006040338158316 0.00069691935444005982 0.0037527118266763356 0.0013761458455025099 -0.014610222615558789 -0.0022046061026185981 -0.0069326037754366167 0.00016742254493432363 0.0029228601425914567 0.0035690255034962347 -0.002707240577314298 0.0012575615273043362 0.0013673614279930035 0.00069424399580000798 -0.0038995275352285306 0.0011428168644036063 -0.00083359872716906472 -0.00025892181269751899 0.00099127479587258083 -0.010742996387130431 -0.00050738934154462181 0.0035549586289890908 -0.0016534576665142174 -1.4865950359750357e-05 0.0030167330516751357 -0.0045407104678221264 -0.026920201505976803 -0.0012516302868093199 0.0019497457522001315 -0.051381094145022121 -0.00045909990402867248 0.00076628860656366979 -0.00087326512973582291 -8.0904341650649405e-05 0.0015328701040790448 -3.4817050055675481e-05 0.0011220734451040481 -0.0011257560700446943 0.0037527118266763356 0.0051094945625250431 -0.00039346623336411924 0.00022160725510008027 0.00014194482935141471 -0.004009431302999706 0.00019171719584416545 -0.0026955229496724883 -0.0034074124214629586 -0.05435393157464357 -0.0029086676729482086 0.0011734775196971814 -0.0017452231228877668 -6.7127842801690819e-05 0.00060086523600259227 -0.0043338616189459861 0.00065166016498190865 -0.00023056820714681514 0.0014822242540147013 -0.0029474860321355534 0.0013946240962166988 0.00089640299067315964 -0.0018730244502445225
leaf_weight=132 819 93 136 917 125 389 41 445 2080 239 153 74 455 143 55 178 172 116 531 290 112 948 437 49 202 198 77 44 41 79 49 965 165 148 248 691 5013 241 52 226 297 221 42 721 95 190 109 110 97 83 231 67 81 82 49 494 2726 52 158 57 43 408
leaf_count=132 819 93 136 917 125 389 41 445 2080 239 153 74 455 143 55 178 172 116 531 290 112 948 437 49 202 198 77 44 41 79 49 965 165 148 248 691 5013 241 52 226 297 221 42 721 95 190 109 110 97 83 231 67 81 82 49 494 2726 52 158 57 43 408
internal_value=0.000867526 -0.000343107 -0.00248173 0.0102686 -0.00200584 -0.00924912 0.00111648 -0.0045823 0.00200838 0.00348242 0.0071875 0.00907718 0.00250538 0.00513904 0.00101631 -0.00331749 0.00297767 -0.000288462 0.000842105 -0.00121348 -0.0043908 -0.00264442 0.00721582 0.00899384 0.00733594 0.00471322 -0.00066 -0.00118644 0.00311747 0 -0.00340728 -0.00288033 0.00270134 0.00180657 0.00200166 0.00413298 -9.81675e-05 0.00402985 0.00504921 0.0130326 0.0102767 -0.000387597 -0.00114141 -0.00128986 -0.00617849 -0.00416667 -0.0103618 -0.000898352 -0.0013104 -0.000840326 -0.000597128 -0.00102467 -0.000746018 -0.00407703 0.00501779 0.00365658 -0.00156561 0.00548507 -0.00189255 -0.00258883 -0.0036236 -0.00521018
internal_weight=23981 21246 8618 2735 8053 565 12628 2022 7281 2928 1295 893 2322 898 4353 1577 402 259 1424 1334 1304 1003 606 486 639 400 249 176 331 120 1126 1077 893 273 3019 939 5347 334 507 1440 523 386 6031 5895 436 341 151 5459 4738 4051 3968 3688 3578 687 280 561 3017 133 2884 590 533 451
internal_count=23981 21246 8618 2735 8053 565 12628 2022 7281 2928 1295 893 2322 898 4353 1577 402 259 1424 1334 1304 1003 606 486 639 400 249 176 331 120 1126 1077 893 273 3019 939 5347 334 507 1440 523 386 6031 5895 436 341 151 5459 4738 4051 3968 3688 3578 687 280 561 3017 133 2884 590 533 451
is_linear=0
shrinkage=0.03


Tree=81
num_leaves=63
num_cat=0
split_feature=9 11 1 9 20 15 0 21 25 27 12 12 1 11 11 7 27 27 27 7 27 17 17 18 21 0 17 26 25 20 27 26 26 12 27 27 15 15 17 12 26 27 17 17 12 12 26 12 7 1 4 7 1 25 15 16 26 17 6 12 18 25
split_gain=312.716 76.5099 35.3964 33.4823 22.716 21.3713 20.2978 18.0795 17.3457 19.3296 19.3676 18.484 17.2365 13.169 11.324 10.8522 10.501 10.3839 13.037 16.7505 12.6458 11.7546 11.4795 10.8341 10.0216 10.0155 10.691 9.96855 9.45177 9.12019 16.3808 9.11347 9.09441 21.6099 9.07152 8.97273 8.67414 10.0083 9.7835 9.29267 9.20518 8.52091 8.41769 8.40261 8.3042 8.1691 8.89906 7.95455 7.81014 9.74248 8.64854 8.26859 7.89515 7.85674 7.45464 7.21406 8.15511 7.14769 7.12404 7.11851 7.03823 6.8127
threshold=9499.0850000000009 2920.9350000000004 5.5000000000000009 1169.7650000000001 11439.250000000002 5295.0756250000004 28.500000000000004 5206.6233333333339 18.750000000000004 -0.015000000000000567 3938.9290252976198 4495.5636309523825 1.0000000180025095e-35 4428.6100000000015 9999.9950000000008 0.99907018497641664 -0.084999999999999062 -0.015000000000000567 0.18499999999999875 -0.91597725483594616 0.96499999999999997 2080.0600000000004 2270.3300000000004 7162.3000000000011 3748.2566666666671 28.500000000000004 1493.5850000000003 7.5600000000000014 15.425000000000002 -38898.69999999999 0.24500000000000102 12.000000000000002 9.6200000000000028 2759.593645833334 -0.24500000000000097 0.81499999999999961 3007.1436458333337 4521.6703125000013 1448.6600000000001 4251.0661532738104 9.7900000000000009 -0.61000000000000021 1405.9250000000004 1754.4350000000002 3748.4208556547624 5726.190252976191 8.9650000000000016 3714.0136160714292 0.34537287020513602 2.5000000000000004 1.0000000180025095e-35 -0.90893996196865023 1.5000000000000002 18.105000000000004 2701.387552083334 9999.6750000000011 10.415000000000001 1543.1100000000004 -0.81241147629688992 3545.4048660714293 22123.650000000005 19.275000000000002
decision_type=2 2 2 2 2 2 2 2 2 2 2 2 2 2 2 2 2 2 2 2 2 2 2 2 2 2 2 2 2 2 2 2 2 2 2 2 2 2 2 2 2 2 2 2 2 2 2 2 2 2 2 2 2 2 2 2 2 2 2 2 2 2
left_child=1 3 4 12 6 59 42 17 11 16 13 14 29 15 31 24 34 32 21 -20 23 47 -23 -21 57 26 -12 28 -14 30 -1 35 44 -34 -10 48 -9 39 -39 40 43 -16 -2 -38 -5 -13 -47 -19 50 52 -3 -52 -50 -51 -37 56 -43 -11 -29 -4 -61 -27
right_child=2 8 5 7 -6 -7 -8 36 9 10 25 45 27 -15 41 -17 -18 18 19 20 -22 22 -24 -25 -26 61 -28 58 -30 -31 -32 -33 33 -35 -36 54 37 38 -40 -41 -42 55 -44 -45 -46 46 -48 -49 49 53 51 -53 -54 -55 -56 -57 -58 -59 -60 60 -62 -63
leaf_value=-0.0057608094272687625 0.0080664111618804664 0.00023792915906470922 0.00080632151326129884 0.00063812241245339682 0.0036401304718760483 0.0050186712027487342 0.0042730642524608604 0.00026126299705828246 0.0017757855387276499 0.0019733789268631162 -0.00056838189705447732 -0.00069203135572426077 0.0022814456662318206 0.0025747205386639571 -0.0012696872082901933 0.017352119361637913 0.002588556017419954 -0.00023904362189917981 0.0013464167713206799 -0.0026190153150986804 -0.0031290146001775286 0.00044827527957990831 -0.00037347121904055311 -3.732487323546252e-05 -0.00041966531693008233 -0.00083183742467108246 0.00047977775660319462 -0.014220626023426171 -0.0076739871548718594 0.00036843464881535225 0.0012734875083489959 -0.0021300342426060223 0.0010109314094682807 -0.0047650333317090874 -0.00049269458421257177 0.00016940604721197514 -0.00059096674641231136 0.0013220876546268779 -0.0006293107229700778 -0.010684415560475585 -0.020544240945772563 0.0099292275742234176 -0.0063630539440506784 -0.0024277564462042013 4.6757338053184939e-05 -0.0007111612327608041 0.0010254304088930866 -0.0013521468307548057 -0.00015825411828972679 -0.0015281534964573494 -0.0050750752155088816 -5.9427838145538202e-05 0.0010654743163672187 -5.0403701501542387e-05 -0.0018332794473895663 0.0014660389397416827 -0.0012139900299980154 7.7340767456677285e-05 -0.010553774633077353 -0.0011563580433834274 0.0011414954518892094 -0.0044642168278944266
leaf_weight=136 50 4637 98 498 1219 149 992 194 655 245 156 568 66 394 74 70 218 493 137 115 95 267 426 3401 295 248 145 523 258 239 74 75 119 223 117 69 575 60 684 180 119 309 90 152 1027 200 95 574 224 178 61 135 121 170 125 247 44 504 179 170 49 70
leaf_count=136 50 4637 98 498 1219 149 992 194 655 245 156 568 66 394 74 70 218 493 137 115 95 267 426 3401 295 248 145 523 258 239 74 75 119 223 117 69 575 60 684 180 119 309 90 152 1027 200 95 574 224 178 61 135 121 170 125 247 44 504 179 170 49 70
internal_value=0.000738757 -0.000505784 0.0101295 -0.00227462 0.0116263 0.00256959 0.00855252 -0.00161081 0.00132488 0.00319917 0.001586 0.000527751 -0.00647358 0.00341948 0.00107805 0.00174888 0.00665994 -0.000929366 -0.00158468 -0.000584156 -0.000975914 -0.0037138 -0.000670029 -0.0006824 0.000976077 -0.00287903 0.00104305 -0.00861733 -0.00424615 -0.00156667 -0.00611374 0.000649586 0.00100375 -0.00341108 0.00500647 0.000786576 -0.00416794 -0.00482778 -0.0021745 -0.00674781 -0.00541913 0.00475556 -0.00212766 -0.00414148 0.00199541 -0.00359375 0.000456081 -0.0056882 0.00100959 -0.00196686 0.0014367 -0.00472081 0.00160405 -0.00550143 -0.00553846 0.0059401 0.00868644 0.00282 -0.0106259 -0.00183962 -0.00484091 -0.00658307
internal_weight=24080 21263 2817 10814 2351 466 1132 9339 10449 3117 2127 7332 1475 1508 6469 1114 990 7375 5508 3748 3611 1760 693 3516 1044 619 301 1026 324 449 210 5795 1867 342 772 5720 1964 1770 744 1026 846 674 140 727 1525 863 295 1067 5526 693 4833 196 345 348 194 600 353 749 702 317 219 318
internal_count=24080 21263 2817 10814 2351 466 1132 9339 10449 3117 2127 7332 1475 1508 6469 1114 990 7375 5508 3748 3611 1760 693 3516 1044 619 301 1026 324 449 210 5795 1867 342 772 5720 1964 1770 744 1026 846 674 140 727 1525 863 295 1067 5526 693 4833 196 345 348 194 600 353 749 702 317 219 318
is_linear=0
shrinkage=0.03


Tree=82
num_leaves=63
num_cat=0
split_feature=9 11 20 1 22 22 20 8 0 16 1 26 7 11 7 22 24 14 1 10 7 6 1 11 7 27 26 22 12 14 22 11 8 12 14 4 16 27 12 22 16 16 12 22 6 1 22 22 12 14 10 11 14 16 13 14 21 16 14 6 1 14
split_gain=321.317 67.9188 29.4061 29.0759 26.8027 22.011 19.3252 17.8021 14.9645 14.9606 20.1551 16.0973 14.4501 14.1144 13.4023 16.6485 12.5118 13.2066 13.3323 13.6121 13.159 12.0153 13.2058 11.1793 10.37 10.2666 10.0442 9.34177 10.9099 15.1377 8.88823 8.75711 8.60663 8.3842 8.18524 9.67183 8.13004 8.01731 12.8169 14.1836 9.19905 7.81486 7.73461 7.40271 7.3702 8.03851 7.20365 7.55247 10.4569 8.15924 15.8821 6.74916 6.70501 6.69003 6.35408 6.3512 6.20065 6.63639 6.37835 6.11368 7.08644 6.09533
threshold=9499.0850000000009 2920.9350000000004 -42984.94999999999 5.5000000000000009 4925.4841815476202 4480.2293142361113 11439.250000000002 0.2332836900311728 29.500000000000004 9999.6750000000011 1.0000000180025095e-35 10.105000000000002 0.90892735371523092 299.94500000000005 -0.065535378769913874 5873.9999789186522 2.5125000000000015 2435.3227828430722 1.5000000000000002 7200.3450000000012 0.89787622492179153 -0.41248606129204529 1.5000000000000002 4524.7200000000012 0.99552231814189451 0.96499999999999997 8.1150000000000002 3703.0957552083341 3076.0647023809529 2213.516734871771 3687.7778583829368 1890.1750000000004 0.95178258287705175 3636.5748214285718 2153.767547160935 1.0000000180025095e-35 9999.6750000000011 0.019999999999998689 3866.2431919642863 3574.4638368055562 9999.6750000000011 5000.255000000001 2998.315066964286 5260.4610887896843 0.93540483100319638 5.5000000000000009 3819.3489446924605 3636.0978571428573 3872.1009970238097 1990.4048507724783 3051.0500000000006 4147.6250000000009 2329.2409625853447 4962.5200000000013 6800.6950000000006 2263.5939671239489 6418.1950000000015 9999.6750000000011 2724.3886017458653 -0.9733555533461492 4.5000000000000009 1384.929260908538
decision_type=2 2 2 2 2 2 2 2 2 2 2 2 2 2 2 2 2 2 2 2 2 2 2 2 2 2 2 2 2 2 2 2 2 2 2 2 2 2 2 2 2 2 2 2 2 2 2 2 2 2 2 2 2 2 2 2 2 2 2 2 2 2
left_child=1 2 7 6 5 25 8 -1 30 26 -11 14 -5 -7 15 -12 17 18 19 43 32 -19 -23 44 33 27 41 37 53 -30 -2 -17 54 -22 -25 56 -31 40 59 -40 -4 -6 -9 46 45 -18 47 48 49 50 -3 -24 -34 -29 -20 -50 57 -36 -58 60 -39 -56
right_child=3 16 4 12 9 13 -8 42 -10 10 11 -13 -14 -15 -16 31 23 21 20 -21 24 22 51 34 -26 -27 -28 28 29 36 -32 -33 52 -35 35 -37 -38 38 39 -41 -42 -43 -44 -45 -46 -47 -48 -49 55 -51 -52 -53 -54 -55 61 -57 58 -59 -60 -61 -62 -63
leaf_value=-0.013256322273601942 0.0064048947293856885 -0.00057446537604977977 -0.0009681368283734848 -0.00011496117587785015 -0.0015816569689646621 -0.0019831063627953594 0.0035309265577197733 0.00031162688987101283 0.0041017721704074356 0.0015976307396627564 -0.0013611936264524348 -0.021002699375853674 0.0048515085618819854 0.0011198595460345251 -0.0027092571185884616 -0.0011675348109446216 0.0002856646741475366 -0.0020512992280479338 -0.0019994883102159287 0.01177843629797806 0.00068301105451018529 -0.0008293818631813643 0.00047761263167373169 0.0061274288123115634 -0.00052570926428954225 -0.0031806729142936961 0.00099372804779991782 -0.0027527676955888493 -0.003689723139590555 -0.0015801930048574286 -0.0054798728991569323 0.0012147194978249986 0.00069080223993252862 0.0037820093940741551 0.0074338839325807978 -0.0036241825311493425 -0.0001912253162681221 0.00057459918327862347 -0.0010788712130457066 0.001422318759465746 0.00038027966214276176 1.3614238562711378e-05 -0.010503796072639271 -0.0013321818703323272 0.0011522956251125292 -0.00075695801143556448 0.0013618091335835913 -0.0003250547912918211 -0.0019600241124376706 0.0019915805161207609 0.00091790259589358486 -0.00016651536625529316 -0.00018525925616012627 0.00050192507343841623 0.00053483168282213883 5.1834087112379022e-05 0.0015565092008868575 0.0010492273570633869 -0.0016920084871847685 -8.0401030046735043e-05 -0.00057831882430037674 -0.00021520330277903453
leaf_weight=409 82 148 75 290 170 60 1190 168 950 58 1559 365 150 404 254 87 1943 204 58 107 249 422 406 228 113 86 252 57 210 152 64 122 544 142 244 78 601 309 480 81 617 275 98 63 351 263 183 176 45 310 342 605 244 207 262 311 49 381 43 3559 121 1957
leaf_count=409 82 148 75 290 170 60 1190 168 950 58 1559 365 150 404 254 87 1943 204 58 107 249 422 406 228 113 86 252 57 210 152 64 122 544 142 244 78 601 309 480 81 617 275 98 63 351 263 183 176 45 310 342 605 244 207 262 311 49 381 43 3559 121 1957
internal_value=0.000777024 -0.00046391 -0.00212882 0.010473 -0.00172555 -0.000694444 0.0118321 -0.00818787 0.00894257 -0.004028 -0.00513287 -0.00555905 0.00340136 0.0056129 -0.00450816 -0.00357829 0.00125907 0.000511463 0.00124453 0.00344306 0.000205882 -0.00184066 -0.000868201 0.00269757 0.00469307 -0.0011417 -0.00015043 -0.00100386 -0.00335912 -0.00483921 0 0.00435714 -0.000533268 0.00700255 0.00534668 0.00390075 -0.00284483 -0.000452031 -0.00090969 -0.00515125 0.00255411 -0.00285874 -0.00213483 0.00273591 0.00163604 0.000992297 0.00315633 0.0023856 0.00326707 0.00516854 0.00274949 0.000993083 0.0021673 0.00203774 -0.00146839 -0.0010084 0.00499304 0.0060623 -0.00225806 -0.00031203 0.00306265 -0.00120946
internal_weight=24033 21307 10836 2726 10161 7019 2286 675 1096 3142 2445 2387 440 464 2022 1768 10471 6891 5254 1685 3569 1637 1433 3580 504 6555 697 6469 1227 963 146 209 3065 391 1023 795 753 5242 4550 561 692 445 266 1578 2557 2206 1515 1332 1156 800 490 1011 788 264 2277 356 717 625 92 3989 430 2219
internal_count=24033 21307 10836 2726 10161 7019 2286 675 1096 3142 2445 2387 440 464 2022 1768 10471 6891 5254 1685 3569 1637 1433 3580 504 6555 697 6469 1227 963 146 209 3065 391 1023 795 753 5242 4550 561 692 445 266 1578 2557 2206 1515 1332 1156 800 490 1011 788 264 2277 356 717 625 92 3989 430 2219
is_linear=0
shrinkage=0.03


Tree=83
num_leaves=63
num_cat=0
split_feature=9 11 1 12 17 1 15 10 1 2 14 15 27 27 27 1 14 11 14 26 16 4 27 24 14 27 17 27 17 1 17 27 21 27 26 21 22 24 17 22 10 22 15 17 17 27 17 22 2 17 10 27 17 12 23 22 12 22 17 15 26 7
split_gain=310.014 64.2286 33.6794 25.8421 24.9071 20.1483 19.76 19.1171 18.6905 15.0181 14.2019 14.0096 12.857 12.5737 12.4822 23.4707 9.52484 10.5163 9.40693 9.32419 8.99911 8.86808 7.93665 8.57866 11.7297 10.9178 8.02181 7.88499 7.71076 7.61601 7.99662 7.43501 8.66337 7.38802 7.18433 10.8078 8.94124 12.6929 9.97766 7.15464 7.88809 8.96513 7.1356 7.12098 8.14827 7.83348 10.9585 10.416 8.98905 7.23224 9.06138 7.03836 8.62834 11.5164 11.1547 8.46253 7.45882 7.02298 7.01405 6.89825 6.60501 6.41954
threshold=9499.0850000000009 2461.4300000000007 5.5000000000000009 3076.0647023809529 930.55000000000007 1.0000000180025095e-35 5295.0756250000004 3200.7050000000004 5.5000000000000009 7.5000000000000009 2197.8584786202723 5534.1035416666673 -1.0000000180025095e-35 -0.54999999999999882 0.20500000000000099 1.5000000000000002 2084.7628151692766 199.11500000000004 2156.9821172211405 5.955000000000001 4750.5100000000011 1.0000000180025095e-35 -0.79999999999999882 1.6687499999999995 2803.9240224033788 0.86500000000000032 200.01000000000002 -0.35500000000000126 499.56500000000005 2.5000000000000004 350.00000000000006 0.18499999999999875 2401.0550000000007 0.96499999999999997 5.6750000000000016 3524.9750000000008 3660.2708717757941 3.5687500000000001 1933.0700000000004 5846.5585912698416 5000.6000000000013 3382.0439942956355 3684.724322916667 1768.3700000000001 1750.4250000000002 -0.099999999999999631 1001.8700000000001 5656.5991648065483 7.5000000000000009 1516.5050000000003 1880.9950000000001 -0.30499999999999966 1551.5250000000003 3048.950052083334 26.931250000000006 3079.0201574900798 2970.6574553571436 5543.6918582589287 983.54500000000019 3730.3277604166674 8.2900000000000009 -0.86976336936302323
decision_type=2 2 2 2 2 2 2 2 2 2 2 2 2 2 2 2 2 2 2 2 2 2 2 2 2 2 2 2 2 2 2 2 2 2 2 2 2 2 2 2 2 2 2 2 2 2 2 2 2 2 2 2 2 2 2 2 2 2 2 2 2 2
left_child=1 3 -2 16 5 9 18 20 34 -5 14 -7 19 -10 21 -16 27 -18 -4 -12 -3 39 -22 24 25 -24 -25 -1 -29 -28 -31 32 -14 51 -6 -36 -37 -38 43 40 41 59 60 44 45 46 48 49 -39 -48 -51 -30 54 -54 55 -53 -57 -11 -43 -9 -15 -17
right_child=2 7 6 4 8 11 -8 10 13 57 12 -13 31 42 15 61 17 -19 -20 -21 22 -23 23 26 -26 -27 29 28 33 30 -32 -33 -34 -35 35 36 37 38 -40 -41 -42 58 -44 -45 -46 -47 47 -49 -50 50 -52 52 53 -55 -56 56 -58 -59 -60 -61 -62 -63
leaf_value=-0.048469252610736445 0.0034249987609882024 -0.00096986255523588303 0.0012325481137475868 -0.0024458884048211794 0.00027954382454788981 -0.020649995212773789 0.004722565809809804 0.0021352388817294354 0.00032803936878654126 -0.00084410285623972572 0.001243985611970988 -0.00027143205656289028 0.00046084650519194524 0.00016505183971299075 0.0019171839798480315 -0.0015996739679160932 -0.0055092717723920432 0.0008442266679552457 -0.00062638362394647369 0.00022904769808716806 -0.0024521279411524955 -0.0013660490531037617 -1.2329273874058799e-05 0.0022623901888858054 -0.002511683322848035 -0.0020244265216568633 -0.00014381894046909592 0.00066925036162405853 -0.0058401271072084883 -0.0026073641656124912 0.00058689595923212769 0.00038459293560148209 -0.00047536179768892239 -0.0059355262881143744 -0.000917220320217309 0.00027480194829260896 -0.0026912066981494929 0.0017102360982393704 -0.0014904706164199099 0.003392724612811033 0.0059227331518408371 0.00077928151563881436 -0.004529284861583562 0.001143623690296609 -0.0036129951613069486 0.00048866248798092645 -0.0030395301019434662 9.5123526542271187e-05 -0.00082276283637087381 0.00056822285282799535 -0.0035614005823040081 -0.00045061048354932964 -0.0013024504405224446 0.00019421466168332733 -0.0021527327114446403 0.00076680513068671629 -0.00043571797519905249 0.0010027923604227506 -0.00033284660662788565 0.00047431666404998293 -0.0026454036306591175 -1.1347171024294056e-05
leaf_weight=56 2293 468 76 128 350 723 141 206 110 127 256 116 73 121 426 65 41 517 223 3123 118 50 3455 156 136 113 745 213 80 51 800 347 1034 70 415 636 167 77 284 111 275 231 518 84 48 157 181 340 44 74 83 159 268 95 195 473 79 95 275 378 145 1127
leaf_count=56 2293 468 76 128 350 723 141 206 110 127 256 116 73 121 426 65 41 517 223 3123 118 50 3455 156 136 113 745 213 80 51 800 347 1034 70 415 636 167 77 284 111 275 231 518 84 48 157 181 340 44 74 83 159 268 95 195 473 79 95 275 378 145 1127
internal_value=0.000821122 -0.000400207 0.010331 -0.00268845 -0.00388436 -0.00767647 0.00272109 0.000786377 -0.00270665 -0.00162393 0.00175044 -0.0101964 0.00072921 -0.00650279 0.00331955 0.0014824 -1.33511e-05 0.00338104 -0.00165 0.00174408 -0.000486513 0.00526523 -0.000150673 1.64926e-05 -0.000801619 -0.00047072 0.00174558 -0.00113677 -0.000753215 0.00110833 0.00304577 -0.00162887 -0.00282942 -0.00155282 -0.00155049 -0.00209572 -0.0012477 -0.00248377 -0.0015295 0.0056872 0.00508419 0.00393217 -0.00783439 -0.000220386 -0.000925373 -0.00031348 -0.00151875 -0.00300442 0.0067623 -0.00672566 -0.00199367 -0.00105556 -0.000507874 -0.00440934 0.00105843 0.00280197 0.00455696 0.00309417 0.00100592 0.00646154 -0.00382022 -0.000678961
internal_weight=24021 21288 2733 7269 5023 1189 440 14019 3834 350 7977 839 4833 894 3144 1618 2246 558 299 3379 6042 1526 5574 5456 3704 3568 1752 1688 1632 1596 851 1454 1107 1419 2940 2590 2175 1539 1372 1476 1365 1090 784 1088 1004 956 799 678 121 338 157 1349 1269 363 906 711 552 222 506 584 266 1192
internal_count=24021 21288 2733 7269 5023 1189 440 14019 3834 350 7977 839 4833 894 3144 1618 2246 558 299 3379 6042 1526 5574 5456 3704 3568 1752 1688 1632 1596 851 1454 1107 1419 2940 2590 2175 1539 1372 1476 1365 1090 784 1088 1004 956 799 678 121 338 157 1349 1269 363 906 711 552 222 506 584 266 1192
is_linear=0
shrinkage=0.03


Tree=84
num_leaves=63
num_cat=0
split_feature=9 20 1 9 15 20 26 10 0 12 27 14 14 27 27 17 1 27 20 11 11 0 17 26 0 15 12 15 7 20 11 24 14 21 14 14 8 21 27 15 27 27 27 12 14 26 17 0 15 11 7 27 14 17 17 27 21 26 26 8 11 2
split_gain=311.854 59.9008 34.3012 24.005 22.5771 20.9092 16.0199 16.7214 15.2643 11.2699 10.8347 10.806 10.6954 12.0782 12.012 12.38 12.0013 11.6841 11.9186 10.275 9.93909 9.20912 9.04312 8.58226 9.64167 9.04124 8.33526 8.05216 7.98996 7.96336 7.87932 7.84987 7.84936 7.76081 7.731 8.98514 7.64362 7.46733 7.54243 7.45744 7.18465 10.557 7.08557 8.75639 6.82428 8.49709 6.59495 11.9195 11.045 8.8316 7.80552 9.81922 11.3721 14.8575 11.461 11.1773 11.0962 9.60641 12.6178 12.3256 8.7329 8.53869
threshold=9499.0850000000009 -11109.649999999998 5.5000000000000009 1348.5650000000003 5295.0756250000004 11439.250000000002 7.5600000000000014 1384.4600000000003 29.500000000000004 3142.4088244047621 -0.77499999999999847 3823.2424724404218 2197.8584786202723 -1.0000000180025095e-35 0.18499999999999875 2000.3750000000002 1.0000000180025095e-35 -0.22499999999999962 1386.9999999999993 4259.6950000000006 199.11500000000004 43.500000000000007 99.530000000000015 9.4200000000000017 75.500000000000014 2412.4126562500001 3226.6779761904768 3035.4768229166671 -0.99985146406598202 -26152.849999999995 3046.9450000000002 2.8562500000000015 2197.8584786202723 4130.6733333333341 2677.399504010802 2843.6811334000963 -0.9629068873952128 4908.5749999999998 0.24500000000000102 4162.3937500000002 0.17500000000000074 -0.064999999999999489 -0.82000000000000017 6276.1249627976194 2942.2803144429286 9.6800000000000015 200.01000000000002 25.500000000000004 2368.5494791666674 2692.3400000000006 -0.99866806308218525 -0.54999999999999882 2696.8461174079316 1004.0650000000002 499.92500000000007 -0.094999999999998849 4117.2566666666671 7.8050000000000006 6.7700000000000005 -0.35846086284744721 2729.7350000000001 10.500000000000002
decision_type=2 2 2 2 2 2 2 2 2 2 2 2 2 2 2 2 2 2 2 2 2 2 2 2 2 2 2 2 2 2 2 2 2 2 2 2 2 2 2 2 2 2 2 2 2 2 2 2 2 2 2 2 2 2 2 2 2 2 2 2 2 2
left_child=1 3 5 6 32 8 9 22 -2 -1 11 -5 16 23 26 -16 21 18 33 -19 -12 37 -8 24 34 -26 -15 -27 -25 -13 -30 -21 -4 -18 -14 -36 -37 38 -3 -32 41 -9 -38 -44 46 -46 47 49 -48 -22 -50 -52 53 54 56 60 -53 58 -55 -59 -54 -61
right_child=2 12 4 10 -6 -7 7 40 -10 -11 20 29 13 14 15 -17 17 19 -20 31 44 -23 -24 28 25 27 -28 -29 30 -31 39 -33 -34 -35 35 36 42 -39 -40 -41 -42 -43 43 -45 45 -47 48 -49 50 -51 51 52 55 57 -56 -57 -58 59 -60 61 -62 -63
leaf_value=0.0010841606654513568 0.00025847217552506409 0.0011421421883355265 0.00090625038212758461 -0.0042105419433328796 0.004580888835515484 0.0033222487981585756 0.0019312865505473108 -0.00026827638112233206 0.0039359642388866684 -0.0044885328415925543 -0.011170624291508098 -0.0020361087136817522 0.00066279004667299632 0.00068474433300846015 0.0012417503415417029 -0.0010426473374008881 -0.00053334678640151625 1.9552015279398205e-05 0.0087847439599828894 0.00075807634415684603 0.00061470453383468456 0.0050979271299603822 -0.012707780063743766 0.0031293046992200502 -0.001329188181573464 0.0088325196459331495 -0.0005535701165853002 0.00099368584429631928 -0.0046535736911220748 0.00092398277434507564 -8.691397816659396e-05 0.0044562436806506334 -0.0007308628022999386 0.0009976590196404888 -0.00028947904151984007 0.004228603645768025 0.0019478139032860398 -0.0016855537260352981 -0.00021427536148530988 -0.0030398401142224872 0.0018753377119816326 -0.0051164610604261269 0.00023496241656989269 -0.0031358808450381304 -0.00061320443691926575 -0.0029466868658047218 -0.0018013039595911183 0.0014518369904112126 -0.044683409210094199 -0.00087290934003209748 0.0005057648768648493 -0.00050833610111397751 -0.006119693184038621 -0.00018271226763967528 0.00063267658087195144 0.0002131434545609867 0.0027306711841166374 0.0012171003980960293 -0.0013526519320485163 6.2502665412900171e-06 -9.3883564963377346e-05 -0.0021099314555465343
leaf_weight=235 157 157 85 240 156 1218 42 274 994 314 107 49 1062 108 391 114 101 2505 135 602 43 336 685 89 46 147 1256 370 51 79 694 157 209 172 705 59 62 40 111 40 63 95 824 98 350 97 343 221 80 146 474 294 272 2554 533 175 61 223 657 1900 115 146
leaf_count=235 157 157 85 240 156 1218 42 274 994 314 107 49 1062 108 391 114 101 2505 135 602 43 336 685 89 46 147 1256 370 51 79 694 157 209 172 705 59 62 40 111 40 63 95 824 98 350 97 343 221 80 146 474 294 272 2554 533 175 61 223 657 1900 115 146
internal_value=0.000885609 -0.000355634 0.0102606 -0.00191434 0.00266075 0.0117025 -0.00517847 -0.00717672 0.00878906 -0.000954545 -0.00130513 -0.00634146 0.00126809 0.00046101 -0.00154813 0.00240119 0.0024114 0.00174789 0.00652812 0.00114855 -0.00109361 0.00618605 -0.00995192 0.00134534 0.00203171 0.0056117 -0.00301099 0.0067471 -0.00130286 0.000697674 -0.00227099 0.00420395 -0.00223729 0.00290146 0.0013127 8.57633e-05 0.00185345 0.00242718 0.00423792 -0.00146939 -0.00249423 -0.00409459 0.00121827 0.000552546 -0.000981002 -0.00458705 -0.000784778 0.00291971 -0.000979177 -0.00260526 -0.000737475 -0.000636057 -0.000921945 -0.000560528 0.00303712 -0.00500888 -0.00113764 -0.00114395 -0.00219956 0.00035022 -0.00784794 -0.000381045
internal_weight=24118 21299 2819 10867 450 2369 1708 1159 1151 549 9159 368 10432 6116 1869 505 4316 3672 408 3264 8791 644 727 4247 3373 563 1364 517 874 128 785 759 294 273 2810 1748 1043 308 268 734 432 369 984 922 8684 447 8237 410 7827 189 7484 7404 6930 6368 888 562 355 5480 3211 2269 387 2046
internal_count=24118 21299 2819 10867 450 2369 1708 1159 1151 549 9159 368 10432 6116 1869 505 4316 3672 408 3264 8791 644 727 4247 3373 563 1364 517 874 128 785 759 294 273 2810 1748 1043 308 268 734 432 369 984 922 8684 447 8237 410 7827 189 7484 7404 6930 6368 888 562 355 5480 3211 2269 387 2046
is_linear=0
shrinkage=0.03


Tree=85
num_leaves=63
num_cat=0
split_feature=9 6 1 26 1 15 20 10 18 4 7 0 7 26 14 8 27 25 25 7 27 15 11 14 19 1 27 7 27 25 25 13 16 25 27 27 26 15 14 1 18 17 14 18 17 18 17 17 7 18 16 27 16 0 14 7 26 26 25 17 8 15
split_gain=294.247 53.7062 35.573 24.4456 24.2265 20.6327 20.2447 17.8927 17.4769 14.0005 17.2138 13.9577 12.4372 10.736 10.2562 11.779 16.1539 13.5347 10.4026 9.96608 9.66278 9.48567 9.22371 9.12763 9.11613 8.51164 10.4859 9.6667 8.95384 8.28466 8.06779 8.61499 8.46082 7.99266 7.59704 7.12978 9.84032 8.04683 7.12613 13.3843 7.12375 6.91769 6.86645 6.85602 6.57105 6.53897 6.40779 6.31725 11.0397 7.22774 9.13043 8.81806 7.17052 7.12083 6.71357 6.21019 6.14953 9.48539 8.44244 6.11824 13.1895 12.72
threshold=9499.0850000000009 -0.68322629814330815 5.5000000000000009 10.500000000000002 5.5000000000000009 5295.0756250000004 11439.250000000002 3359.2900000000004 10488.150000000003 1.0000000180025095e-35 0.95998215779580554 28.500000000000004 0.99374995976406788 4.2350000000000003 2191.8971039783178 0.04621408538533487 0.13999999999999882 14.825000000000001 14.725000000000003 0.99865421017599998 0.19500000000000031 3552.2463541666671 2978.8950000000004 2130.0933124724543 55708.55000000001 1.0000000180025095e-35 -0.79999999999999882 0.89787622492179153 -0.88499999999999968 17.485000000000003 15.425000000000002 9100.3900000000012 4962.5200000000013 18.615000000000006 -1.0000000180025095e-35 0.16499999999999918 7.3500000000000005 5595.6633854166676 2461.3397994156508 2.5000000000000004 15206.450000000003 1750.4250000000002 2474.4755941364078 8808.8500000000022 499.48000000000008 11836.950000000003 1405.9250000000004 200.01000000000002 -0.99866806308218525 11083.650000000003 5911.5550000000012 -0.75499999999999889 4759.5900000000011 61.500000000000007 2259.0204398647488 -0.99467753128998015 8.4950000000000028 7.2650000000000006 17.790000000000003 1933.0700000000004 0.97461712852231652 4477.732500000001
decision_type=2 2 2 2 2 2 2 2 2 2 2 2 2 2 2 2 2 2 2 2 2 2 2 2 2 2 2 2 2 2 2 2 2 2 2 2 2 2 2 2 2 2 2 2 2 2 2 2 2 2 2 2 2 2 2 2 2 2 2 2 2 2
left_child=1 3 6 4 9 23 11 13 33 10 24 46 -11 -3 15 22 17 18 -17 -12 55 -18 -9 -4 25 56 28 30 -27 -10 32 -32 -28 -6 38 42 -37 -38 39 -16 -23 -24 -36 -40 -33 -21 -2 52 -49 51 54 -50 53 -15 -51 -5 57 58 -1 61 -61 -46
right_child=2 7 5 20 8 -7 -8 14 29 12 19 -13 -14 47 34 16 21 -19 -20 45 -22 40 41 -25 -26 26 27 -29 -30 -31 31 44 -34 -35 35 36 37 -39 43 -41 -42 -43 -44 -45 59 -47 -48 48 49 50 -52 -53 -54 -55 -56 -57 -58 -59 -60 60 -62 -63
leaf_value=-0.00022048903914626106 0.00752176785704707 -0.0021450332043013985 0.0012548074986498748 -0.00056600553383328916 -0.029883819704430763 0.0044434621704500009 0.0032225813342138384 -4.7020046012757888e-05 0.00095056786176874299 -0.0087956024875582538 -0.0033270965768509961 0.0037919942959901308 0.00029360684309332364 -0.0018918785070273891 0.0028408186509596956 0.00072240796226012087 0.00048965931323388114 0.0015636227357333076 -0.0020326042447705284 0.0039017613709503695 -0.0004162542085081977 -0.0010012941998424774 0.0048546052506009824 -0.00070893691823094686 -0.0093479608456437727 0.00061880826385051434 -0.0032754973813104368 0.00071999428027290867 -0.0031575836360125376 -0.0014054125553620179 -0.0034539599916637354 -0.0073269885314963985 0.0011339782439226287 -0.0018766027023435327 -0.00018684738201484307 -0.0012464530888418679 0.0010651813282759103 -0.0016817502565800435 -0.00036470895709488359 0.000141361062516836 -0.00011566445758434796 -0.00047016922678579928 -0.00082203232602292783 0.0002703647083784144 -8.608108651049662e-05 -0.0014862524599293713 -0.0061180119022964871 -0.005164417650842381 -0.0034385136131393065 -4.3350659342444862e-05 7.7142246205745828e-05 -0.00014869756675495616 0.0007187342050542344 0.0016020269368009199 -0.0014903852568187224 -0.020499615874292977 0.00098011365404537354 -0.00091265523655272842 0.0015755883799596936 -0.00075358190796949388 0.00061530378222671264 0.00074703560213617681
leaf_weight=152 46 53 73 42 305 142 1201 120 61 229 340 976 67 127 280 50 874 719 69 41 142 126 423 229 136 56 63 181 135 380 77 77 254 88 562 120 294 44 326 367 384 53 244 1964 1209 42 83 105 73 218 3537 3300 443 57 139 319 178 167 144 763 338 258
leaf_count=152 46 53 73 42 305 142 1201 120 61 229 340 976 67 127 280 50 874 719 69 41 142 126 423 229 136 56 63 181 135 380 77 77 254 88 562 120 294 44 326 367 384 53 244 1964 1209 42 83 105 73 218 3537 3300 443 57 139 319 178 167 144 763 338 258
internal_value=0.000908128 -0.00028359 0.0101418 -0.0026229 -0.00206635 0.00235955 0.0116385 0.000685709 -0.00679042 -0.00126222 -0.000855377 0.00869349 -0.00757576 -0.000279399 0.00179274 0.00319262 0.00218623 0.0054708 -0.003875 -0.00661557 -0.00895833 0.000194946 0.00693467 -0.00207921 -0.000272141 -1.48038e-05 -0.000611079 -0.000204905 -0.00742187 -0.002681 -0.000606908 -0.00113478 0.00391509 -0.0113832 0.000853165 -0.00109091 0.00189542 0.00451327 0.00168993 0.00446759 -0.00305284 0.00880503 -0.0027881 0.000903536 -0.000844671 0.00267857 -0.000576923 -0.000189375 -0.000435372 -0.000295129 0.000585366 -0.0013115 0.00269904 -0.00227027 -0.00398045 -0.0115608 0.00315421 0.00132543 0.00454545 -0.000583885 -0.00227314 0.000684605
internal_weight=24065 21315 2750 6244 5741 444 2306 15071 834 4907 4611 1105 296 8052 7019 2818 2222 838 119 423 503 1384 596 302 4188 4052 3411 3220 191 441 3039 2722 317 393 4201 1264 458 338 2937 647 510 476 806 2290 2645 83 129 7999 7372 7267 3894 3373 627 184 357 361 641 463 296 2568 1101 1467
internal_count=24065 21315 2750 6244 5741 444 2306 15071 834 4907 4611 1105 296 8052 7019 2818 2222 838 119 423 503 1384 596 302 4188 4052 3411 3220 191 441 3039 2722 317 393 4201 1264 458 338 2937 647 510 476 806 2290 2645 83 129 7999 7372 7267 3894 3373 627 184 357 361 641 463 296 2568 1101 1467
is_linear=0
shrinkage=0.03


Tree=86
num_leaves=63
num_cat=0
split_feature=20 20 10 14 12 3 4 20 20 20 12 16 15 17 3 8 15 6 18 22 22 7 27 23 7 17 17 16 27 27 22 22 25 27 22 17 14 27 5 17 27 27 21 18 20 15 15 16 21 15 12 2 0 18 22 17 25 27 17 24 17 17
split_gain=282.726 71.5797 22.9585 19.0681 15.2453 15.8708 19.8861 14.9501 13.6245 12.6929 11.8023 10.9553 15.4834 12.2149 10.9313 9.87851 9.2024 8.44617 10.5553 12.1229 10.3007 8.66406 10.8835 8.7028 8.18054 8.09372 7.60362 7.59172 7.2479 14.5463 19.272 11.8457 12.1106 11.8906 10.3933 13.5199 13.4437 9.6681 8.77395 8.70911 10.4864 9.59952 9.43249 10.5079 9.72243 8.25 7.99112 11.82 7.93832 7.46931 7.27316 7.60046 7.00892 7.90063 6.91 6.48281 6.80945 8.75196 7.86058 7.45061 8.84898 10.4706
threshold=8728.4500000000025 -14783.149999999998 5900.6200000000008 2682.2216596261387 4846.8070758928579 1.0000000180025095e-35 1.0000000180025095e-35 11875.1 -38898.69999999999 -47543.499999999993 4973.308385416668 5757.4650000000011 4475.3677083333341 1001.8700000000001 1.0000000180025095e-35 0.50370931781787065 4697.9727604166674 -0.3520614488341256 11083.650000000003 5846.5585912698416 5957.4255617559529 0.21336913576298863 -0.82000000000000017 33.818750000000009 -0.99275805973510278 1921.2650000000003 1627.8350000000003 4982.1600000000008 -0.015000000000000567 0.11999999999999923 3149.4029154265877 3984.3171800595242 19.275000000000002 0.86500000000000032 3731.2543439980159 1933.0700000000004 2235.1174168517769 -0.60000000000000042 -0.5 1543.1100000000004 0.27500000000000041 0.4199999999999991 1905.3133333333337 11915.650000000003 -35513.599999999999 3200.9736979166673 4575.2485937500005 9999.6750000000011 2628.1950000000002 4529.696406250001 3086.6994494047626 8.5000000000000018 27.500000000000004 8921.4000000000033 5558.6630592757947 2390.3400000000006 19.175000000000004 0.049999999999998941 2067.5150000000008 0.21250000000000038 991.67500000000007 2020.4400000000003
decision_type=2 2 2 2 2 2 2 2 2 2 2 2 2 2 2 2 2 2 2 2 2 2 2 2 2 2 2 2 2 2 2 2 2 2 2 2 2 2 2 2 2 2 2 2 2 2 2 2 2 2 2 2 2 2 2 2 2 2 2 2 2 2
left_child=1 3 17 9 5 6 52 10 -5 -1 14 -10 24 -14 -2 -7 26 21 -19 54 -21 23 -23 27 -13 -26 -15 -3 34 30 -30 32 33 39 46 36 38 -38 -36 40 45 48 -41 44 -44 -31 47 -11 -42 -33 -32 -52 -4 -54 55 56 58 -58 59 60 -20 -62
right_child=7 2 4 8 -6 15 -8 -9 11 28 -12 12 13 16 -16 -17 -18 18 19 20 -22 22 -24 -25 25 -27 -28 -29 29 31 50 49 -34 -35 35 -37 37 -39 -40 42 41 -43 43 -45 -46 -47 -48 -49 -50 -51 51 -53 53 -55 -56 -57 57 -59 -60 -61 61 -63
leaf_value=-0.0054487546877243932 0.0034219711677247488 0.0021586849984565593 0.0010790554252810924 -0.011685084547789741 -0.00034592556394902552 0.0012775976290262659 -0.0042649397608408354 0.003125903894187427 0.00019974036002127436 -0.00063167036614555807 -0.0013913417504834325 0.0003213147566268404 0.0011400392505502843 -0.002022493609879987 0.0021475456138065853 -0.001377692513033839 -0.0011366030347770817 -4.39414440453767e-05 -0.0004929073739411826 0.0028359806791066421 3.8895209156386552e-05 0.0019512154871259213 -0.00059224787284610329 -0.0024707118044166566 -0.007194212457509206 0.00067503776540570818 0.0013206956169424355 9.0809999144041419e-05 0.00063840651425641328 0.00029589084004340017 -0.00097294500741663904 0.00092571089888022757 -0.0051108493286032303 -0.0020378790504829202 0.00085110861628626459 -0.0017104449100149744 -0.0014553239793750005 0.0010154091103959217 -0.0015527874881743919 0.0001583079448577962 -0.0031118580133769314 0.00011125906740331092 0.00069406366878725916 -0.00014688321197680487 -0.001154250306163469 0.0022219559110357424 -0.00030237012671802788 0.00095705614959540775 -0.00043236150369447835 -0.00022086075314528219 -0.0010050744910250575 -0.0052450947636070297 -0.00072849745078994665 0.0064643994969836348 -0.0002932540091718838 -0.00014394597993542922 0.0019749666897595297 0.00036487169695247345 0.00091675877590422059 0.00070503886303743715 0.00012536026041344074 -0.00098314783671270322
leaf_weight=224 565 48 96 268 202 312 79 1406 310 64 92 77 153 47 180 132 381 2649 465 182 117 51 1027 54 813 45 124 1390 99 323 208 191 114 196 174 155 123 401 465 197 61 910 42 1028 427 100 91 287 231 54 443 185 42 693 385 550 159 581 477 1297 1773 83
leaf_count=224 565 48 96 268 202 312 79 1406 310 64 92 77 153 47 180 132 381 2649 465 182 117 51 1027 54 813 45 124 1390 99 323 208 191 114 196 174 155 123 401 465 197 61 910 42 1028 427 100 91 287 231 54 443 185 42 693 385 550 159 581 477 1297 1773 83
internal_value=0.000908751 -0.000132458 0.00130557 -0.00218209 0.00472062 0.00586716 0.00813392 0.0110495 -0.00459667 -0.00139314 0.007858 -0.00372117 -0.00469835 -0.00133853 0.00910858 0.00121348 -0.00341772 0.000834441 0.00127996 0.00196952 0.00785 -0.000676779 -0.00272475 0.000803751 -0.00722756 -0.00806752 0.00235465 0.00125087 -0.00115297 -0.00175572 -0.00511218 -0.000944516 -0.00137603 -0.00106229 0.000494037 -0.000841547 0.000270619 0.00382857 -0.00264844 -0.000637048 0.000931734 -0.000498753 -0.00214159 -0.00295394 -0.00667021 0.00498821 0.00446953 0.00651989 -0.00522184 0.00542683 -0.00659498 -0.0082035 0.0095012 0.0104959 0.00166349 0.00194114 0.00229218 0.00493927 0.00181274 0.00133462 0.000316537 0.00124394
internal_weight=24098 21855 12844 9011 1556 1354 910 2243 2218 6793 837 1950 1640 705 745 444 552 11288 8718 6069 299 2570 1078 1492 935 858 171 1438 6569 4809 935 3874 3629 3515 1760 1318 1163 524 639 3319 1625 1202 1694 1497 469 423 442 351 292 245 836 628 831 735 5770 5385 4835 740 4095 3618 2321 1856
internal_count=24098 21855 12844 9011 1556 1354 910 2243 2218 6793 837 1950 1640 705 745 444 552 11288 8718 6069 299 2570 1078 1492 935 858 171 1438 6569 4809 935 3874 3629 3515 1760 1318 1163 524 639 3319 1625 1202 1694 1497 469 423 442 351 292 245 836 628 831 735 5770 5385 4835 740 4095 3618 2321 1856
is_linear=0
shrinkage=0.03


Tree=87
num_leaves=63
num_cat=0
split_feature=9 20 1 20 20 15 0 14 1 26 1 0 14 25 27 1 20 7 6 17 27 14 12 4 21 1 7 15 15 7 7 27 0 26 12 12 12 12 17 20 5 15 20 4 21 11 14 21 5 27 8 27 27 27 17 14 14 15 27 26 11 26
split_gain=304.425 47.1502 36.9779 21.1484 19.7141 19.663 16.4059 15.1287 15.1094 13.7817 10.357 24.9571 11.0079 10.3822 12.9099 13.7937 10.3011 15.2714 9.99682 9.95844 9.53029 8.7881 8.41235 7.96183 7.49456 7.06306 7.03509 7.02747 7.94786 7.94152 7.66604 9.3976 7.38956 8.19886 7.32751 9.93444 7.69257 6.86594 10.4389 6.83232 6.53016 6.5651 6.37443 6.33229 6.31298 6.3054 6.20074 6.18002 6.74504 6.03371 5.90429 5.90182 8.07612 7.87239 6.91032 6.08348 6.32504 6.42414 5.87634 12.0536 12.5796 10.4654
threshold=9499.0850000000009 -11480.299999999999 5.5000000000000009 -47543.499999999993 11439.250000000002 5295.0756250000004 28.500000000000004 2682.2216596261387 5.5000000000000009 9.6800000000000015 1.0000000180025095e-35 25.500000000000004 1990.4048507724783 18.750000000000004 -1.0000000180025095e-35 1.5000000000000002 310.75000000000006 0.95998215779580554 -0.58216583101416131 1405.9250000000004 0.030000000000000252 2156.9821172211405 4823.5526488095247 1.0000000180025095e-35 3580.416666666667 2.5000000000000004 -0.31799228562170639 2701.387552083334 2797.8418750000001 -0.99866806308218525 0.14569472580964501 0.52499999999999869 26.500000000000004 10.270000000000001 3852.684717261905 4131.0413318452393 2970.6574553571436 3811.5690252976196 1543.1100000000004 -25836.399999999998 -0.84874750804349186 2546.3523437500003 -38898.69999999999 1.0000000180025095e-35 5827.421666666668 4300.5150000000003 2712.4321763822486 6244.5200000000004 -0.95642797789208689 -0.75499999999999889 -0.22700609751797865 -0.88499999999999968 -0.79999999999999882 -0.63499999999999968 2117.8750000000005 2832.0623937506098 3087.3800782938793 3104.901875 -0.015000000000000567 8.2100000000000026 1410.7650000000001 7.8850000000000007
decision_type=2 2 2 2 2 2 2 2 2 2 2 2 2 2 2 2 2 2 2 2 2 2 2 2 2 2 2 2 2 2 2 2 2 2 2 2 2 2 2 2 2 2 2 2 2 2 2 2 2 2 2 2 2 2 2 2 2 2 2 2 2 2
left_child=1 3 4 -1 6 21 19 58 9 23 11 12 -3 27 15 -15 17 40 -11 -2 -16 -4 -17 42 37 -20 -10 32 -29 44 49 34 33 -12 36 -36 -32 38 -22 -28 41 -13 -9 50 -30 -26 -44 48 -23 -31 -8 -48 -53 54 -54 -55 57 -57 59 61 -61 -5
right_child=2 10 5 7 -6 -7 43 8 26 18 13 16 -14 14 20 22 -18 -19 25 -21 24 47 -24 -25 45 -27 39 28 29 30 31 -33 -34 -35 35 -37 -38 -39 -40 -41 -42 -43 46 -45 -46 -47 51 -49 -50 -51 -52 52 53 55 -56 56 -58 -59 -60 60 -62 -63
leaf_value=-0.019196697628914228 0.0072244072567541374 0.00048140487858450598 0.0011766716490668472 0.00012500661427452097 0.0030321267773618208 0.0041997786837266026 0.0037680659340048805 -0.0047842202189431532 -0.031289534371842134 -0.0073457504415123951 -0.0006783672532259821 0.00097606653769215506 -0.00044768119634546187 -0.00033636686711179919 -0.00085107012209216569 0.0019744229650136089 0.0093295392523465286 -0.0014240140597791572 -0.00097301067281470473 -0.0052097531764492538 0.0023492681871270802 -0.0030582865917552302 -0.00011056422830911572 -0.033427373864844401 -0.00031439274963805718 0.0012869295173129913 -0.0071810512522749188 -0.0036229067532111969 -0.004996559834522349 -0.00056217446383676872 0.0014644818181627261 0.0017229952877554488 0.0023685179189797357 0.002488861413723864 0.0010107815734401093 -0.00021245967099636331 -0.00091199008195290247 -8.972998067987347e-05 0.00021448279266634174 0.00080203379251461812 0.0010241158527192517 0.0049252526208147709 -0.0022864616546167758 0.0040533574605765383 0.00013446015335976113 0.0013075947225525473 0.0018773423924342047 -0.0017073571800857933 0.0005869914549716704 0.00013252055532677609 0.0035376074389382593 -0.0022743737288246366 0.00063852874860665482 0.00032805535750030757 -0.0011769637753768958 0.0002351351208475183 0.00057964516620710781 -0.0022041739983107433 -0.00018703603075162167 -0.0144892207906482 -7.1618097525814048e-05 0.0012863250884819655
leaf_weight=266 56 91 75 964 1213 149 493 108 197 318 54 82 412 169 136 679 296 71 72 92 280 62 129 93 522 47 75 41 80 161 45 40 294 43 108 851 494 390 481 58 389 205 117 69 51 240 43 54 115 3773 441 141 301 177 45 92 187 254 5848 163 791 276
leaf_count=266 56 91 75 964 1213 149 493 108 197 318 54 82 412 169 136 679 296 71 72 92 280 62 129 93 522 47 75 41 80 161 45 40 294 43 108 851 494 390 481 58 389 205 117 69 51 240 43 54 115 3773 441 141 301 177 45 92 187 254 5848 163 791 276
internal_value=0.00097818 -0.000251401 0.0102394 -0.00166306 0.0117463 0.00240132 0.00891927 -0.00144821 -0.00357911 -0.00259269 0.00116374 0.00343245 -0.00205357 0.000776319 0.00221011 0.00504601 0.00607759 0.00419118 -0.00729452 -0.000402685 0.000856098 -0.0019544 0.00667491 -0.00127004 0.00140282 0.000125 -0.00951662 5.71571e-05 -0.000212578 -0.000115096 6.0296e-05 -0.00173489 0.00394133 -0.00321429 -0.00212141 -0.000546875 -0.00491667 0.00292969 0.00458661 -0.00414179 0.00558346 0.00901042 -0.000726467 0.0102938 -0.00738636 -0.000904325 -0.000165685 -0.00484914 -0.00210674 0.000762389 0.0109412 0.000459307 6.26043e-05 0.000964995 0.00466859 -0.000843882 -0.00244382 -0.0048415 -0.000831779 0.000492027 -0.00204188 0.00244158
internal_weight=24059 21240 2819 10633 2364 455 1151 10367 2325 1995 10607 1546 503 9061 3026 977 1043 747 437 148 2049 306 808 1558 1913 119 330 6035 5644 5603 5472 1538 391 97 1498 959 539 1151 761 133 676 287 1465 1003 131 762 1357 231 177 3934 934 1240 1197 1056 346 710 533 346 8042 2194 954 1240
internal_count=24059 21240 2819 10633 2364 455 1151 10367 2325 1995 10607 1546 503 9061 3026 977 1043 747 437 148 2049 306 808 1558 1913 119 330 6035 5644 5603 5472 1538 391 97 1498 959 539 1151 761 133 676 287 1465 1003 131 762 1357 231 177 3934 934 1240 1197 1056 346 710 533 346 8042 2194 954 1240
is_linear=0
shrinkage=0.03


Tree=88
num_leaves=63
num_cat=0
split_feature=20 20 1 14 10 1 20 15 20 1 7 12 12 20 23 18 23 0 27 19 14 21 27 27 27 14 5 7 23 17 1 5 7 12 8 16 17 17 18 17 17 18 2 5 1 15 21 15 10 6 23 23 27 15 1 21 16 14 14 27 14 8
split_gain=279.434 54.2229 20.85 19.065 17.8198 20.5718 16.4051 15.8194 14.3471 12.2223 14.6866 11.772 11.4879 10.8445 10.7639 9.05238 8.39708 13.0589 15.9565 8.33104 8.31327 8.19627 8.0898 8.91803 14.0166 11.885 10.3781 9.77573 8.05325 8.16757 7.64824 10.2172 8.92533 7.46325 7.3789 7.04763 6.91544 6.8662 14.554 13.4823 12.3926 12.2011 7.80349 7.46692 10.3648 6.95916 10.5996 6.79308 11.3175 8.83249 6.74515 6.6944 9.82416 6.89221 6.51827 6.48023 6.45294 10.2141 6.28459 6.26697 6.73608 13.1619
threshold=8728.4500000000025 -9897.7499999999964 5.5000000000000009 2692.6761492822102 9999.9950000000008 3.5000000000000004 11439.250000000002 5295.0756250000004 -38898.69999999999 5.5000000000000009 -0.31799228562170639 5251.3308928571432 4864.3312202380957 -47543.499999999993 24.168750000000006 9029.3500000000022 26.331250000000008 73.500000000000014 -0.60000000000000042 10054.800000000001 2505.3833634746725 3323.4866666666671 -0.73499999999999932 -0.015000000000000567 0.094999999999998877 2148.3564258737965 -0.5 -0.9905448150984083 37.443750000000009 1001.8700000000001 2.5000000000000004 -0.8814490726585632 0.89787622492179153 3643.903325892858 -0.50557503990954278 5000.255000000001 1900.7650000000001 1320.8200000000004 11241.900000000001 830.09500000000014 999.6500000000002 6735.5000000000009 3.5000000000000004 -0.68322629814330782 4.5000000000000009 3184.6903125000003 2628.1950000000002 3540.9522395833342 2060.2850000000003 -0.63405362205439475 35.256250000000009 11.881250000000001 -0.15999999999999923 2780.7072395833338 2.5000000000000004 5206.6233333333339 9999.6750000000011 1913.3377230374915 2253.334141584643 0.26500000000000062 2148.3564258737965 0.26659387353423869
decision_type=2 2 2 2 2 2 2 2 2 2 2 2 2 2 2 2 2 2 2 2 2 2 2 2 2 2 2 2 2 2 2 2 2 2 2 2 2 2 2 2 2 2 2 2 2 2 2 2 2 2 2 2 2 2 2 2 2 2 2 2 2 2
left_child=1 3 6 13 16 12 11 -4 -5 14 -11 19 15 -1 -10 -6 20 -18 -19 -2 30 -22 -15 26 25 -25 36 -28 -16 -30 31 -3 56 -34 -23 -29 50 39 45 41 42 -26 -41 44 -43 46 -39 49 -49 -47 -24 -33 -53 -54 -36 -37 -32 -58 -57 60 -20 -62
right_child=2 4 7 8 5 -7 -8 -9 9 10 -12 -13 -14 22 28 -17 17 18 59 -21 21 34 23 24 37 -27 27 35 29 -31 32 51 33 -35 54 55 -38 38 -40 40 -42 43 -44 -45 -46 47 -48 48 -50 -51 -52 52 53 -55 -56 58 57 -59 -60 -61 61 -63
leaf_value=-0.0050106515421301087 0.0031673927741090679 0.001438583180890074 -0.00031129878920179262 -0.011274361669049946 -0.0013698404400557785 4.7169184707058773e-05 0.0029411629740409848 0.0040874148581377589 -0.0039820869550710909 -0.021734425596127371 -0.00018537961557149707 -0.0014388984424654793 -0.00050740643197689117 -0.003642913008832389 -0.00055433224695172973 0.0075995343516776078 0.00017043636562474873 -0.00076279817587614923 0.0041943816620391774 0.0028922671174721692 0.00041007763357889357 -6.6428375409550704e-05 0.0014913826328067348 3.770757807358915e-05 0.001395485025181804 -0.0012561938266250382 -0.0023315054881144891 -0.0010942575289262367 0.0014541460441033572 -0.0015172477937831985 -0.00064985198428979985 0.0013864465960466709 0.00023136258698816192 0.002452188775046178 -0.0020831960153066299 0.00026092454269160292 -0.00079240740210212652 -0.0019180221331350198 -2.0798164781465899e-06 1.7073093864752309e-05 4.8708099975556251e-05 0.0014695979708530516 0.0019071464503121137 -0.00076728835288054854 -0.0035628886738789055 -0.0052727316171986959 -0.00065549075793104095 0.0005966929507252416 -0.00099246576021071674 0.00048338162282576033 -0.00040711303561680179 -0.00088990565185784296 -0.00060193651996585105 0.00034723814094281377 -0.00033354324771614149 -0.0017512002824158523 0.00053829535845779204 -0.00013675189243251396 0.00024850848536523974 -0.00052862621011072084 0.00333530062005285 -0.0023246232263292475
leaf_weight=219 365 341 158 242 41 431 1260 154 75 205 127 71 62 55 1734 493 2604 139 304 232 245 387 411 282 78 645 389 91 87 45 310 222 259 125 199 945 83 215 2528 91 465 95 255 594 46 40 501 63 258 162 58 230 166 1016 274 154 344 1695 222 48 412 62
leaf_count=219 365 341 158 242 41 431 1260 154 75 205 127 71 62 55 1734 493 2604 139 304 232 245 387 411 282 78 645 389 91 87 45 310 222 259 125 199 945 83 215 2528 91 465 95 255 594 46 40 501 63 258 162 58 230 166 1016 274 154 344 1695 222 48 412 62
internal_value=0.000954998 -7.88752e-05 0.0110442 -0.00150249 0.00148847 0.00523833 0.0122084 0.00383387 -0.00380962 -0.00306728 -0.00837838 0.00838565 0.00884422 -0.000853454 -0.00215499 0.0102617 0.00107748 0.00222269 0.00520186 0.00975753 0.000374097 -0.00196655 -0.000687521 -0.000614045 -0.00120114 -0.00460668 0.000962192 -0.000141509 -0.00170327 0.00541353 0.000923763 0.00234565 -0.000104243 0.00412987 -0.00334495 0.00101911 0.00455696 -0.0006148 -0.00131768 0.00101538 0.00375 -0.00171376 0.00804035 -0.0029144 0.00327465 -0.00397984 -0.00589958 -0.00134542 -0.0040528 0.00295567 0.00596809 0.0013578 0.00059448 0.00169907 -0.00585443 0.00157716 -0.000797872 -0.000183824 -0.00175066 0.00678356 0.00743261 0.00517895
internal_weight=24109 21869 2240 11460 10409 1027 1928 312 2515 2273 332 668 596 8945 1941 534 9382 3569 965 597 5813 1105 8726 8671 6318 927 2353 1801 1866 132 4708 1975 2733 384 860 1412 552 5391 3767 1624 811 813 346 735 141 1239 716 523 321 202 469 1634 1412 1182 473 1321 2349 2039 376 826 778 474
internal_count=24109 21869 2240 11460 10409 1027 1928 312 2515 2273 332 668 596 8945 1941 534 9382 3569 965 597 5813 1105 8726 8671 6318 927 2353 1801 1866 132 4708 1975 2733 384 860 1412 552 5391 3767 1624 811 813 346 735 141 1239 716 523 321 202 469 1634 1412 1182 473 1321 2349 2039 376 826 778 474
is_linear=0
shrinkage=0.03


Tree=89
num_leaves=63
num_cat=0
split_feature=9 10 1 20 15 9 0 26 12 20 10 12 1 17 18 17 11 17 15 17 27 21 26 27 12 7 7 7 27 27 26 10 26 25 25 18 17 18 17 12 14 19 27 25 18 7 1 14 14 17 17 27 21 7 0 12 11 21 6 1 15 16
split_gain=305.696 45.1929 28.9866 21.5049 21.138 17.6216 14.6334 13.0889 19.0783 20.3917 10.5717 14.5912 13.8454 10.5518 10.2323 10.1292 10.0542 8.46613 8.05457 7.68303 10.8035 10.4164 8.63605 8.17124 9.19874 19.916 12.4871 12.4005 10.4328 14.4908 8.56452 8.51724 11.7237 10.2243 12.2663 8.4634 7.92492 10.7647 7.6794 7.65045 8.31643 7.64258 8.29931 7.42506 8.78529 7.67626 8.44743 10.2013 8.51241 8.18509 9.79074 7.65905 9.30496 7.40565 7.40233 7.23559 8.77408 8.45689 7.17696 7.86667 6.87476 6.77574
threshold=9499.0850000000009 3000.5550000000007 5.5000000000000009 11439.250000000002 5295.0756250000004 1410.2600000000002 28.500000000000004 10.390000000000002 2998.315066964286 -38898.69999999999 5048.6500000000005 4823.5526488095247 1.0000000180025095e-35 200.01000000000002 8861.0500000000011 300.94000000000005 199.11500000000004 99.415000000000006 4711.548541666667 499.56500000000005 -0.56000000000000039 3178.0016666666675 11.265000000000002 0.96499999999999997 3722.3535342261907 -0.37447345805034543 -0.42957681104363482 -0.12546116083924153 -0.41499999999999909 -0.099999999999999631 10.600000000000001 1540.7700000000002 4.7100000000000009 20.580000000000002 20.535000000000004 8339.0000000000018 1004.0650000000002 11285.550000000001 50.085000000000008 3029.3831101190481 3188.04287570528 42059.950000000004 -0.83999999999999975 18.750000000000004 10975.100000000002 0.21336913576298863 4.5000000000000009 2696.8461174079316 2355.5355301154063 1447.825 896.97500000000014 -0.53999999999999992 4651.9983333333339 -0.861146256326485 29.500000000000004 4251.0661532738104 2499.7250000000004 4294.7466666666678 0.06540312923014284 5.5000000000000009 4534.1783854166679 4715.3000000000011
decision_type=2 2 2 2 2 2 2 2 2 2 2 2 2 2 2 2 2 2 2 2 2 2 2 2 2 2 2 2 2 2 2 2 2 2 2 2 2 2 2 2 2 2 2 2 2 2 2 2 2 2 2 2 2 2 2 2 2 2 2 2 2 2
left_child=1 5 3 6 -4 7 -2 8 -1 17 43 12 14 -7 -12 -14 -15 -10 38 20 -18 -22 23 24 31 26 28 -27 -26 -30 41 -21 -33 34 36 -31 53 -38 -11 -23 -41 42 -29 45 -45 46 47 48 51 50 -49 -3 61 -34 -16 56 -48 -58 -46 -60 -57 -53
right_child=2 10 4 -5 -6 13 -8 -9 9 18 11 -13 15 16 54 -17 19 -19 -20 22 21 39 -24 -25 25 27 -28 30 29 35 -32 32 33 -35 -36 -37 37 -39 -40 40 -42 -43 -44 44 58 -47 55 49 -50 -51 -52 52 -54 -55 -56 60 57 -59 59 -61 -62 -63
leaf_value=0.0008766225085062462 -0.0010428389943472815 -0.00095543041134519939 -0.00035806855004412165 0.0028529280848197478 0.0039677653822549706 0.00061774184691947281 0.0033403211449960679 -0.012180819982328667 0.0012778450065475332 0.00096623800192880522 -0.0013138819956973256 -0.00057831554071134932 0.011339836701224222 -0.009843621536940449 -0.00023088836934135768 0.00048444512309025355 -0.048290321255001926 -0.010640070783851048 0.0013505257391859705 0.00051471479928382629 -0.0023120094459428663 0.00099565978013523623 -0.0018097506157302588 -0.0019235687635513043 -0.00015853130892746315 0.00035395202029577796 -0.003932441193527785 0.0016890597306903077 -0.0082099594094165208 0.0009370559605184958 -0.0046618193599965172 -0.0012091479945796112 9.0026709290302875e-06 -0.0010138583305578308 0.0021438403700655326 -0.0024181479942101802 -0.0003520687315164128 6.2700167967957298e-05 -0.00162014380118217 -0.00087687097758361256 0.0017083351506175504 -0.0020299308425235372 -0.00011421549894620852 -0.0004522736883291767 7.6616918040537388e-05 -0.00028120278983892352 -0.0012090453186186245 7.4471562725619829e-06 0.0010763449751364851 0.00026513487392757716 -0.00092762239604034398 0.0023667091600918688 0.0012960485711232472 0.0011508801276176861 0.010263773352325653 -0.0015875111359602556 -0.00011604656246480438 0.0007532255002695009 0.00036158118736521414 0.00094383703784998822 -0.00011992246832647879 0.00010590953695087002
leaf_weight=351 131 162 274 1231 150 368 995 344 45 42 47 230 73 99 46 779 82 451 64 445 94 93 181 88 449 608 173 60 264 77 43 241 317 147 119 57 1237 2289 499 233 75 230 1538 178 772 1188 131 267 462 312 226 69 266 289 351 141 484 405 1319 221 173 1306
leaf_count=351 131 162 274 1231 150 368 995 344 45 42 47 230 73 99 46 779 82 451 64 445 94 93 181 88 449 608 173 60 264 77 43 241 317 147 119 57 1237 2289 499 233 75 230 1538 178 772 1188 131 267 462 312 226 69 266 289 351 141 484 405 1319 221 173 1306
internal_value=0.000983515 -0.000238017 0.0103361 0.0116349 0.00310588 -0.00149064 0.00862467 -0.00422371 -0.00297316 -0.00491379 0.00128629 0.00357564 0.0048111 -0.000994241 0.00910112 0.00256741 -0.0011869 -0.0094165 -0.00121287 -0.00108643 -0.00443772 -0.00275202 -0.000867503 -0.000731665 -0.000637815 -0.00182143 -0.0053477 -0.000368952 -0.00383844 -0.00736842 -0.00157853 0.000176991 -0.000203664 0.000150034 0.000419802 0.000666667 0.000145173 -0.000399773 -0.00240775 -0.000634328 -0.00291262 -0.00126299 -0.000525328 0.000853643 0.00221598 0.000246737 0.000824064 0.00169 0.00272065 -0.00120968 -0.00361336 0.00178769 0.00240256 0.00331137 0.0106658 -0.00116854 5.87659e-05 0.00112921 0.00271077 0.00389358 -0.00514286 0.00140625
internal_weight=24081 21300 2781 2357 424 11692 1126 1796 1452 1101 9608 1526 1296 9896 444 852 9528 496 605 9429 577 495 8852 8671 8583 3499 1020 2479 847 398 1871 5084 4639 4398 4251 134 4132 3526 541 401 308 1828 1598 8082 2490 5592 4404 3070 2265 805 493 1803 1641 606 397 1334 1020 889 2312 1540 314 1375
internal_count=24081 21300 2781 2357 424 11692 1126 1796 1452 1101 9608 1526 1296 9896 444 852 9528 496 605 9429 577 495 8852 8671 8583 3499 1020 2479 847 398 1871 5084 4639 4398 4251 134 4132 3526 541 401 308 1828 1598 8082 2490 5592 4404 3070 2265 805 493 1803 1641 606 397 1334 1020 889 2312 1540 314 1375
is_linear=0
shrinkage=0.03


Tree=90
num_leaves=63
num_cat=0
split_feature=9 11 11 14 26 19 10 17 14 12 24 8 12 17 26 21 0 12 12 22 26 26 19 15 10 14 14 27 17 15 26 27 14 14 15 22 14 22 22 14 22 17 23 8 22 7 8 16 17 22 27 22 27 15 17 27 23 23 19 7 21 11
split_gain=292.983 45.9543 27.1913 20.9264 21.5775 12.6251 12.5777 12.2292 15.8736 12.1656 11.6462 9.91689 12.3911 9.62384 9.4423 8.94744 8.70103 8.45807 17.4879 14.6462 9.26625 9.08142 11.6767 10.2511 8.80511 8.57395 9.86206 12.6761 8.92542 8.27803 8.22386 8.20055 7.95957 7.88702 9.73856 7.83567 11.9662 7.6972 11.3791 7.68174 7.62884 13.8254 9.88911 7.52383 9.42297 10.3053 10.5896 7.48129 7.53015 7.31795 7.75372 8.13056 11.0623 8.519 9.13195 7.94367 7.77479 7.14727 7.01206 6.785 6.65964 6.61975
threshold=9499.0850000000009 2905.1100000000001 5629.4650000000011 2652.7966750596747 10.665000000000001 52510.700000000004 5900.6200000000008 1343.7450000000001 2780.8013911423077 4846.8070758928579 12.768750000000002 -0.92999516916204616 4480.5570535714296 1295.9700000000003 6.8750000000000009 3304.5999999999999 79.500000000000014 3086.6994494047626 3167.9191145833338 3079.0201574900798 4.7100000000000009 10.500000000000002 46539.150000000009 2948.3191666666667 1500.8350000000003 2500.5991086884019 2169.9542670621054 -0.015000000000000567 1953.1700000000003 4777.7381770833344 11.645000000000001 0.42000000000000087 2427.7571717705232 2014.8412363681368 4844.1133333333346 3604.4528335813498 2063.9673983685652 3370.0858829365079 3197.4271292162703 2377.0970237087963 3433.4287003968261 1551.5250000000003 22.981250000000006 0.93158198870884079 3169.9030270337307 -0.94139628442229062 -0.99983123799342477 6949.7350000000006 300.94000000000005 3175.0546378968261 -0.12000000000000009 3819.3489446924605 0.059999999999999616 3955.432187500001 2010.4650000000001 -0.47500000000000137 29.381250000000005 21.318750000000005 14715.050000000001 0.92922379131507438 4758.7033333333347 199.11500000000004
decision_type=2 2 2 2 2 2 2 2 2 2 2 2 2 2 2 2 2 2 2 2 2 2 2 2 2 2 2 2 2 2 2 2 2 2 2 2 2 2 2 2 2 2 2 2 2 2 2 2 2 2 2 2 2 2 2 2 2 2 2 2 2 2
left_child=1 3 7 17 5 10 11 60 14 47 -5 13 30 -3 -9 -14 -16 19 -19 -1 24 40 23 -23 -21 26 35 32 -27 -15 31 33 39 34 -13 37 -37 38 -20 -28 41 42 -22 44 -29 -46 -47 -8 -49 -35 55 52 58 -53 -55 56 -51 -17 -52 -12 -2 -42
right_child=2 6 -4 4 -6 -7 9 8 -10 -11 59 12 15 29 16 57 -18 18 25 20 21 22 -24 -25 -26 28 27 43 -30 -31 -32 -33 -34 49 -36 36 -38 -39 -40 -41 61 -43 -44 -45 45 46 -48 48 -50 50 51 53 -54 54 -56 -57 -58 -59 -60 -61 -62 -63
leaf_value=-0.00099487123356985837 0.0040834194960483747 -0.00078703931174592509 0.0027673402422751358 -0.00087445745977552389 -0.021617675137991937 -0.034471637414779682 0.0090445874373262392 0.00013584371261924133 -0.0018136883522965697 -0.00047417673751794172 0.00087583484365285182 0.00038444344849200449 0.00048727535235469686 0.0014909207835798455 0.0027991255360064748 -0.0014281582987592501 0.0045175545566069706 -0.0016833859478491409 0.00023904538641640548 0.0013174026958678198 0.00061561128062329821 0.00079259004596186954 -0.018133160476638759 -0.0035974423555411137 -0.0012910397571234977 0.0013309920506545847 3.188181325695094e-05 6.9494160231773348e-05 -0.00075978488784771863 -8.1845816559429353e-05 -0.0016972108676325348 -0.00025777539215270372 -0.0038961095575846014 0.00070911313068229727 0.013660342163596403 -0.0013217070530373665 0.00070337981867778503 0.00033629289032568896 -0.00023388055806032869 0.0011223542825269384 -0.0037910667477541525 -0.001372807701495189 -0.00053604132255054889 -0.00016208501986972657 0.00085426804399029604 0.00025382772512179576 -0.0017543724802987048 0.011617026188536704 0.0012211945939735003 -0.00032777801182073848 0.00066843220858620706 0.00086710123438725082 -8.0748056204771326e-05 -0.00055067148173547408 0.00064028377375485051 0.00044392015178212674 0.00056043623791762081 -0.00035385163770653702 -0.0014737176895945846 -0.00021657525910600661 -5.3631084896421655e-05 0.00057769673732304566
leaf_weight=344 231 81 1823 1883 227 135 321 161 137 182 138 1624 160 515 201 180 156 511 617 40 421 197 125 53 229 147 440 143 86 175 151 910 130 404 71 321 166 483 890 109 53 161 273 386 52 72 706 49 501 740 68 259 1056 217 131 1697 272 540 276 156 40 976
leaf_count=344 231 81 1823 1883 227 135 321 161 137 182 138 1624 160 515 201 180 156 511 617 40 421 197 125 53 229 147 440 143 86 175 151 910 130 404 71 321 166 483 890 109 53 161 273 386 52 72 706 49 501 740 68 259 1056 217 131 1697 272 540 276 156 40 976
internal_value=0.000936875 -0.000255517 0.0101509 -0.00164464 -0.00402165 -0.00315175 0.00114545 0.00595469 0.00372713 0.00425522 -0.00259642 0.000801322 0.000513875 0.00406088 0.00612717 -0.00286039 0.00884078 -0.000901992 -0.00161692 0.00040724 0.0011981 0.00182522 -0.00243351 0.00131474 -0.00405556 -0.00104864 -0.00133857 -0.00288377 0.00455128 0.00520984 0.000891202 0.00102705 0.000463235 0.00138424 0.00315743 -6.6586e-05 -0.00347336 0.000768458 -0.000288462 0.00204545 0.00267374 0.000578271 0.00241727 -0.00455515 -0.00595996 -0.00718412 -0.00804878 0.00572821 0.00359347 0.000796719 0.000464278 -0.000948705 -0.00220557 0.00194901 -0.00111748 0.00151107 -0.0005923 -0.00428571 -0.00686957 0.00294915 0.0113051 0.00441262
internal_weight=23999 21250 2749 10670 2539 2312 10580 926 655 1053 2177 9527 8756 771 518 880 357 8131 5259 2872 2528 2259 375 250 269 4748 4515 2038 233 690 7876 7725 679 6815 1695 2477 487 1990 1507 549 1884 855 694 1359 973 830 778 871 550 5120 4716 2007 1400 607 348 2709 1012 720 344 294 271 1029
internal_count=23999 21250 2749 10670 2539 2312 10580 926 655 1053 2177 9527 8756 771 518 880 357 8131 5259 2872 2528 2259 375 250 269 4748 4515 2038 233 690 7876 7725 679 6815 1695 2477 487 1990 1507 549 1884 855 694 1359 973 830 778 871 550 5120 4716 2007 1400 607 348 2709 1012 720 344 294 271 1029
is_linear=0
shrinkage=0.03


Tree=91
num_leaves=63
num_cat=0
split_feature=20 10 10 3 14 11 14 11 3 20 27 27 25 23 26 18 26 26 22 27 22 25 25 22 16 14 15 18 22 11 14 11 26 17 14 17 27 22 15 3 22 27 21 14 17 23 27 23 17 22 22 25 25 25 14 17 25 22 25 15 25 22
split_gain=274.023 59.8603 20.6908 25.1272 17.1409 17.1012 13.394 12.9572 14.6534 12.8297 11.5138 11.8339 11.4737 11.3791 10.2451 10.4752 10.0661 11.444 10.0592 15.9679 11.7132 9.8988 9.73611 15.328 12.5221 9.49284 11.3173 9.09038 14.5956 10.2519 9.06392 8.74018 8.36874 10.2928 8.19218 7.97841 8.1682 7.63633 7.50384 7.33176 7.22628 7.22012 7.04112 6.7496 6.84408 8.96912 8.90933 6.73972 6.58207 6.47175 16.2377 7.37744 6.46907 6.24108 10.016 6.20393 6.08092 6.00925 7.97333 5.8523 8.58479 10.8978
threshold=9568.7000000000025 3359.2900000000004 6000.295000000001 1.0000000180025095e-35 2692.6761492822102 5629.4650000000011 2797.7763130669514 1730.4050000000004 1.0000000180025095e-35 -25256.699999999997 0.10000000000000055 0.049999999999998941 18.750000000000004 26.393750000000008 9.1250000000000018 8217.4500000000025 4.7100000000000009 5.0200000000000005 3948.8224503968254 -0.61000000000000021 3734.72984119898 19.305000000000003 16.435000000000006 5196.3939887152783 4466.1100000000015 2063.9673983685652 4444.8677083333341 12177.650000000003 3194.3854327876988 2021.3550000000002 2724.3886017458653 7249.5750000000007 7.5600000000000014 499.48000000000008 2124.1411921882768 299.54000000000002 0.18999999999999953 3883.9073735119055 4289.4120833333336 1.0000000180025095e-35 5008.0517906746036 -0.42500000000000066 6305.7616666666681 3076.5081064649971 2227.6050000000005 34.256250000000009 -0.59499999999999964 22.468750000000004 1004.0650000000002 5838.7255741567469 5957.4255617559529 19.605 18.635000000000002 18.140000000000004 1964.9084697205549 1001.6650000000001 20.580000000000002 3175.0546378968261 19.205000000000002 3218.4991145833337 17.325000000000003 3417.1421391369054
decision_type=2 2 2 2 2 2 2 2 2 2 2 2 2 2 2 2 2 2 2 2 2 2 2 2 2 2 2 2 2 2 2 2 2 2 2 2 2 2 2 2 2 2 2 2 2 2 2 2 2 2 2 2 2 2 2 2 2 2 2 2 2 2
left_child=1 4 49 6 7 12 -4 8 10 22 11 37 39 -8 15 -12 -9 -18 20 -20 21 27 -6 35 -25 26 -21 28 29 -19 -11 38 40 -34 -27 -24 52 -1 -5 41 -32 -2 -15 44 45 46 -42 -17 -30 51 -51 -3 -37 54 -50 -35 -36 -29 -59 60 61 -10
right_child=5 2 3 31 9 -7 13 16 59 30 14 -13 -14 42 -16 47 17 18 19 25 -22 -23 23 24 -26 34 -28 57 48 -31 32 -33 33 55 56 36 -38 -39 -40 -41 43 -43 -44 -45 -46 -47 -48 -49 53 50 -52 -53 -54 -55 -56 -57 -58 58 -60 -61 -62 -63
leaf_value=0.00046078661850614818 -0.00068173979739215794 0.00018493593133342756 0.0048663238577291773 -0.0011168341837822205 0.00047426168501511155 0.0026843200350068664 -0.00078537248306801636 -0.00089931429950913962 -0.013345821645238143 -0.0017146225795598101 0.0012132103820805895 -0.0081715052240093344 0.0039609169111669293 0.0047368740897278626 0.0014601479845678521 0.00097272359224862546 0.0003971519971942472 0.00032637989314987514 -0.0022674248079439518 8.2964416702875345e-05 -0.00056024800239418582 -0.0031110760559633108 0.0031885591438103942 0.00049780896967401402 -0.021766814655011915 0.0021160417637121087 -0.0036411748724992066 0.00036843800129812362 0.00038977220843549264 -0.00096544314539031 0.000992206960859221 0.0028640198291979145 0.00037686296751508584 -0.0034862416941700666 0.00044800595984696652 -0.00092620199099099128 0.00071372013496201698 -0.0013760716727907773 0.00034129771934727772 0.00016390209592614724 0.0010920224676607315 0.0042719655124767181 -0.0028039279221241031 -0.00092237706186063298 -0.00090925633105266358 -0.0023728187780338583 -0.00018010607884668683 -0.0005647830059088354 -0.0011869368659763735 0.0027291949049600105 -0.00026542004995040003 -0.00066495376534188462 -0.0035456382920528947 0.0005876190137464565 1.5274410624614985e-05 -0.00063543337201441116 -0.00027808079875630832 5.6816304502360636e-05 -0.002049343299908548 -0.0042403264809319548 0.00081868512164521949 0.0003733125002881721
leaf_weight=146 51 5835 728 201 119 1344 158 213 95 130 116 92 270 179 108 59 340 125 145 373 695 95 105 46 522 136 65 582 486 613 156 199 276 121 1214 199 55 375 151 205 283 105 42 115 97 63 190 334 256 220 173 158 168 65 569 447 147 2743 100 460 84 93
leaf_count=146 51 5835 728 201 119 1344 158 213 95 130 116 92 270 179 108 59 340 125 145 373 695 95 105 46 522 136 65 582 486 613 156 199 276 121 1214 199 55 375 151 205 283 105 42 115 97 63 190 334 256 220 173 158 168 65 569 447 147 2743 100 460 84 93
internal_value=0.00101036 5.16749e-05 0.00211436 0.00509946 -0.0011322 0.0117131 0.00770307 -0.000573913 -0.00278146 -0.00310378 -0.000779854 -0.00368893 0.00761867 0.00311842 0.00211165 0.000323529 -9.03715e-05 6.68571e-05 -0.000151605 0.00165786 -0.000746445 -0.000292813 -0.00550617 -0.00639142 -0.00980668 0.00237862 -0.00150342 -0.000127256 -0.00167376 -0.00507442 -0.0015487 -0.00013587 -0.000977702 -0.00312426 0.00351469 -0.00269886 -0.00453901 -0.00192529 -0.0029745 0.00410221 0.00102762 0.00898089 0.0075 -0.000200267 0.00101735 0.00234637 0.00376582 -0.00201777 0.000152505 0.00133866 0.00506345 0.00109359 -0.00615489 -0.00138047 -0.00208838 -0.00543058 0.00280837 0.000827496 0.000258439 -0.00613915 -0.00263736 -0.00619048
internal_weight=24035 22060 8044 1658 14016 1975 1107 10924 1962 3092 1230 613 631 379 617 509 8962 8749 8409 2080 6329 5634 1214 1095 568 1935 438 5539 2114 738 1878 551 1748 844 1497 527 422 521 352 361 904 156 221 748 633 536 473 393 1376 6386 393 5993 367 890 825 568 1361 3425 2843 732 272 188
internal_count=24035 22060 8044 1658 14016 1975 1107 10924 1962 3092 1230 613 631 379 617 509 8962 8749 8409 2080 6329 5634 1214 1095 568 1935 438 5539 2114 738 1878 551 1748 844 1497 527 422 521 352 361 904 156 221 748 633 536 473 393 1376 6386 393 5993 367 890 825 568 1361 3425 2843 732 272 188
is_linear=0
shrinkage=0.03


Tree=92
num_leaves=63
num_cat=0
split_feature=9 9 1 20 15 19 0 1 9 4 27 15 5 15 5 17 7 10 1 0 15 1 24 22 7 15 27 0 15 4 22 27 17 8 27 17 27 17 8 22 7 8 9 7 17 27 20 1 20 8 18 0 16 11 8 8 24 17 16 21 0 27
split_gain=295.293 42.2478 33.3648 22.6866 19.4659 16.0574 14.7464 12.8879 27.7493 13.8951 12.5709 12.2635 10.4061 10.8754 10.0473 9.54572 9.24473 9.23933 13.197 11.6892 9.54379 8.27544 8.17079 9.24121 7.1736 6.66607 6.32735 6.26795 6.85155 6.01331 11.9019 5.9362 9.28573 5.91572 5.82621 5.78635 7.21947 5.76598 5.79178 5.63686 5.46135 5.17869 4.9831 5.20045 6.3773 6.90018 4.88227 4.79596 5.33265 6.28797 4.61538 4.56883 10.5876 6.4658 6.53883 19.0425 9.82225 8.65103 7.5703 12.7073 12.0083 9.22131
threshold=9499.0850000000009 2887.6800000000003 5.5000000000000009 11439.250000000002 5295.0756250000004 55708.55000000001 29.500000000000004 5.5000000000000009 1833.7000000000003 1.0000000180025095e-35 0.22000000000000067 3684.724322916667 -0.47114434510950048 2368.5494791666674 -0.55557023301960229 1508.4750000000001 0.056951373111866731 5048.6500000000005 1.0000000180025095e-35 26.500000000000004 2412.4126562500001 1.0000000180025095e-35 6.5499999999999998 3405.0668998015876 -0.99866806308218525 3218.4991145833337 0.8249999999999994 4.5000000000000009 2934.9508333333338 1.0000000180025095e-35 3682.6409784226194 -0.56000000000000039 499.25000000000006 -0.22700609751797865 0.79999999999999905 1754.4350000000002 -0.3449999999999997 2585.1200000000003 0.98005052076767474 5474.057918526787 0.9193901325473397 0.61067742788105683 700.70500000000015 0.97696484778429815 1000.4450000000001 0.45000000000000112 -38898.69999999999 5.5000000000000009 9242.0500000000011 -0.81550848144900734 11382.750000000002 51.500000000000007 5000.6900000000014 983.41500000000008 -0.57077231802681661 -0.4755978891912595 9.1000000000000068 1933.0700000000004 6650.6950000000006 4436.6150000000007 43.500000000000007 -0.47000000000000058
decision_type=2 2 2 2 2 2 2 2 2 2 2 2 2 2 2 2 2 2 2 2 2 2 2 2 2 2 2 2 2 2 2 2 2 2 2 2 2 2 2 2 2 2 2 2 2 2 2 2 2 2 2 2 2 2 2 2 2 2 2 2 2 2
left_child=1 5 3 6 35 7 15 9 25 12 -11 14 21 22 41 -2 -13 26 19 -19 -21 39 23 -14 -23 46 27 28 -3 33 -31 -20 -33 -8 -29 36 -4 38 51 -1 -22 -10 -26 44 -44 -46 -9 48 49 -34 -12 53 -53 -15 56 -56 57 -55 60 -60 -57 -61
right_child=2 17 4 -5 -6 -7 29 8 11 10 50 16 13 37 -16 -17 -18 18 31 20 40 24 -24 -25 42 -27 -28 34 -30 30 -32 32 47 -35 -36 -37 -38 -39 -40 -41 -42 -43 43 -45 45 -47 -48 -49 -50 -51 -52 52 -54 54 55 58 -58 -59 59 61 -62 -63
leaf_value=0.0010768261934215317 0.0071136734950476739 -0.0004084353192415424 -0.00054264303727849853 0.0026037904339566609 0.0036685801076845512 -0.0082463996380738973 0.003154801124691211 -0.030016072198397952 0.00027304751582224007 -0.007837308019967142 -0.0014505216445485569 -0.0027055806210195587 -0.00010454204369748865 0.0003748904357600846 0.00037206080456856581 -0.0044511260723255749 0.00026541958764346061 -0.0021156690765685758 -0.0013731271583737657 0.00012481900610057827 0.0094730372799937609 0.0046953270021180592 0.00041361156391096716 -0.0023215588494110051 -0.015271015944948872 -0.028773278627076911 -0.00062971304286149274 7.6509379652636147e-05 0.00062850117687531795 0.0062048995375193882 -0.015537764953469554 0.0095218572987927526 0.0086211228800496184 0.0029852245052089011 0.0010298750082264219 -0.0026344159633767991 0.0010387118782989545 -0.0006801439358395722 0.00035315754813384001 -5.0840965534191263e-05 0.0058127285301098116 -0.0025660790689989721 0.0007129431781237105 -0.001288666692762721 6.340971103188764e-05 -0.001496372630873406 0.00016407292868079624 -0.0004821913034074221 0.009246545674151712 0.00012938793723267671 0.00037484944543444417 0.00082532722064652118 -0.00078907180315579417 0.00066258832721328704 -0.014911805924925598 -0.00082330185685622662 -0.0032351686324223828 -0.00058583456410761677 8.8903900219170488e-05 3.969532701150413e-05 0.00063561302364839361 -0.0015814452245691512
leaf_weight=393 57 104 75 1247 142 287 467 54 62 280 90 301 145 231 435 98 116 40 145 96 289 47 76 337 53 285 163 8504 507 41 40 85 63 424 48 111 116 61 290 130 70 65 346 119 868 144 72 174 54 518 104 69 851 531 144 478 57 142 2059 289 138 347
leaf_count=393 57 104 75 1247 142 287 467 54 62 280 90 301 145 231 435 98 116 40 145 96 289 47 76 337 53 285 163 8504 507 41 40 85 63 424 48 111 116 61 290 130 70 65 346 119 868 144 72 174 54 518 104 69 851 531 144 478 57 142 2059 289 138 347
internal_value=0.00105853 -0.000146088 0.0101845 0.0115958 0.00262921 -0.00150329 0.00849734 -0.00130607 -0.00398994 -0.000882653 -0.00587368 -0.0012398 -0.00059849 -0.00121278 0.00165187 -9.61538e-05 -0.00513158 0.00116564 0.00332248 0.00734879 0.00871711 0.00122799 -0.00520572 -0.00664596 0.000142586 -0.0105218 0.00081055 0.000914993 0.00384804 0.00986639 0.0020122 0.00139904 0.00231285 0.0105774 0.000705016 -0.00168317 0.00148437 -0.000820148 -0.000719744 0.00449427 0.0109583 -0.00574219 -0.000215545 0.000111637 0.000640177 -0.000562685 -0.00472441 0.00131481 0.00252358 0.00167526 0 -0.000944351 -0.00286645 -0.000543355 -0.000813426 -0.00135851 0.00176471 0.0027819 -0.00089221 -0.000205861 -0.00388979 -0.00390895
internal_weight=24174 21356 2818 2374 444 10496 1127 10209 1390 8819 474 979 8345 6245 562 155 417 10860 1534 495 455 2100 558 482 1577 411 9326 9163 611 972 81 1039 894 891 8552 302 191 5687 5626 523 359 127 1530 1477 1358 1012 126 809 635 581 194 5336 920 4416 4185 3455 730 673 3311 2695 616 636
internal_count=24174 21356 2818 2374 444 10496 1127 10209 1390 8819 474 979 8345 6245 562 155 417 10860 1534 495 455 2100 558 482 1577 411 9326 9163 611 972 81 1039 894 891 8552 302 191 5687 5626 523 359 127 1530 1477 1358 1012 126 809 635 581 194 5336 920 4416 4185 3455 730 673 3311 2695 616 636
is_linear=0
shrinkage=0.03


Tree=93
num_leaves=63
num_cat=0
split_feature=9 20 1 20 15 1 10 12 2 5 10 1 12 14 15 15 25 25 6 22 22 12 15 21 22 7 1 2 5 25 4 23 12 21 12 15 0 7 18 22 0 16 14 1 8 22 11 1 23 7 9 14 23 7 21 6 14 14 5 20 2 4
split_gain=278.271 39.5228 33.2261 23.5524 20.8421 18.2296 32.1889 17.9697 14.8109 14.1321 11.8435 10.9795 11.8368 10.8308 20.5988 10.353 8.88124 9.69725 10.3993 9.33583 10.7663 8.09093 7.7817 8.96136 7.51814 8.59791 7.11733 10.6613 9.32092 8.12193 7.08602 10.1717 10.6815 10.0069 8.75392 8.40581 7.85695 8.4445 7.70764 10.1165 8.22206 13.3284 8.78549 10.9602 7.65974 10.3991 8.59777 6.99212 7.5333 6.89388 7.25432 6.78548 6.63079 6.51575 6.45904 6.38085 6.30574 11.8136 6.1474 6.04059 5.97815 7.37327
threshold=9499.0850000000009 -15223.499999999996 5.5000000000000009 10982 5295.0756250000004 5.5000000000000009 1790.45 2826.2293229166671 4.5000000000000009 -0.065403129230142812 5900.6200000000008 1.0000000180025095e-35 4823.5526488095247 2957.9334347437903 6095.0955208333344 2412.4126562500001 18.765000000000004 18.785000000000004 -0.19509032201612839 6032.5343142361116 5846.5585912698416 3508.0896205357149 6463.2028645833334 4888.9916666666677 3757.3118725198424 0.91248814248966237 5.5000000000000009 9.5000000000000018 -0.9103761370219875 18.635000000000002 1.0000000180025095e-35 28.906250000000004 3065.0214062500004 4231.8566666666675 3299.8351041666674 5714.2488541666671 29.500000000000004 0.99374995976406788 11783.450000000003 3604.4528335813498 18.500000000000004 4900.505000000001 2142.1551757836951 3.5000000000000004 0.1318557721318592 5324.8501376488102 1799.1700000000003 2.5000000000000004 15.806250000000004 -0.23537230790205757 4220.2600000000011 2130.0933124724543 16.981250000000006 -0.8041866928211282 6244.5200000000004 -0.44228869021900119 2745.206364073942 2349.8124525938206 -0.93540483100319605 -38898.69999999999 3.5000000000000004 1.0000000180025095e-35
decision_type=2 2 2 2 2 2 2 2 2 2 2 2 2 2 2 2 2 2 2 2 2 2 2 2 2 2 2 2 2 2 2 2 2 2 2 2 2 2 2 2 2 2 2 2 2 2 2 2 2 2 2 2 2 2 2 2 2 2 2 2 2 2
left_child=1 5 3 9 51 13 -7 -8 -9 60 16 12 15 30 59 -12 26 -18 21 20 24 -19 -16 -24 25 -20 29 28 -28 -3 31 38 33 -33 -34 -36 -32 -38 40 -40 41 -1 43 -43 45 -42 -47 48 -46 50 -26 -4 -45 -49 58 -10 57 -30 -53 -15 -2 -62
right_child=2 10 4 -5 -6 6 7 8 55 -11 11 -13 -14 14 22 -17 17 18 19 -21 -22 -23 23 -25 49 -27 27 -29 56 -31 36 32 34 -35 35 -37 37 -39 39 -41 44 42 -44 52 47 46 -48 53 -50 -51 -52 54 -54 -55 -56 -57 -58 -59 -60 -61 61 -63
leaf_value=-0.0019049673268907252 0.0027847168927134193 8.7785459061695545e-05 0.00097317836393959742 0.0025256767209379484 0.0035589531127209815 -0.033743107113144773 0.0010601316627877554 0.00016939350675427621 -0.0079048962363061914 0.0011606386858927385 -9.0723965868324535e-05 0.00046701133940948655 -0.0014258512617133156 -0.033032135213719831 0.0017084361151681103 0.0092543416945043509 0.001739059986942042 -0.00084800029726085581 0.00010639918324811148 -0.00055498149833349325 0.0023018069497781112 0.00016199856105535203 0.0009145169253055662 -0.0013155724199311568 0.0014069479693617735 0.0013354807416978164 -0.0018239934989954774 -0.0010388766719238874 0.00079778807687138633 -0.00051272292016085069 0.00060512722265808165 0.00035159204394207943 -0.00089174281344576826 0.0016431215543995981 0.0001863271816091716 -0.0022100551209770988 -0.0061452833286555729 0.00027291710013729539 0.00023476811951949727 -0.00024585058343960851 -0.0052980876711362333 -0.0015408834380359025 9.6640047213298886e-05 -0.00053208552191442494 0.0013549784736057635 -0.0035634058796346754 0.00061687174442239369 6.706988579495032e-05 0.00013931964924882134 -0.00047489244708621921 -0.00062426525104010368 -0.0017459247476295657 0.00049442949387293214 -0.0014793211361863268 -0.0015391271855398968 -8.2148278015177205e-05 0.00089327784532329698 -0.00059349360816228546 0.00051276755207778628 -0.0018345664510194082 0.0033162600906898997 -0.00065386341204531461
leaf_weight=113 141 6592 74 1281 143 386 116 294 270 195 74 636 49 163 84 273 102 266 878 143 213 665 40 74 135 726 124 433 204 304 45 206 221 172 1610 43 249 64 847 579 287 300 210 85 77 63 216 314 600 331 71 73 87 254 52 129 165 227 107 452 660 49
leaf_count=113 141 6592 74 1281 143 386 116 294 270 195 74 636 49 163 84 273 102 266 878 143 213 665 40 74 135 726 124 433 204 304 45 206 221 172 1610 43 249 64 847 579 287 300 210 85 77 63 216 314 600 331 71 73 87 254 52 129 165 227 107 452 660 49
internal_value=0.00111204 -5.43223e-05 0.010045 0.0114869 0.00256667 -0.001616 -0.00505435 -0.00164815 -0.00347983 0.00813098 0.00101689 0.00409487 0.00801008 -0.00106424 -0.00433047 0.0099569 0.000742228 0.0019966 0.00172353 0.00273219 0.00318471 -0.00098176 0.00407035 -0.00104348 0.00254202 0.00357009 0.000191925 -0.00198873 0.000249653 0.000556764 -0.000663857 -0.000429594 0.00118509 0.00577836 0.000256 0.00100665 -0.00476323 -0.00644904 -0.00133152 0.000441486 -0.0023015 -0.00484296 -0.00325037 -0.00551797 -0.00118377 -0.00407407 5.35714e-05 0.000132424 0.00219027 -0.00052974 0.00376812 -0.00185668 0.000520231 -0.00231986 -0.00437768 -0.0072375 0.00180905 -0.000104167 -0.00165746 -0.00703734 0.00980024 0.0109225
internal_weight=24036 21261 2775 2326 449 8650 1195 809 693 1045 12611 1032 396 7455 813 347 11579 3530 3428 2497 2354 931 198 114 2141 1604 8049 1153 720 6896 6642 6284 2252 378 1874 1653 358 313 4032 1426 2606 795 682 472 1811 566 279 1245 677 537 206 306 172 568 232 399 596 431 180 615 850 709
internal_count=24036 21261 2775 2326 449 8650 1195 809 693 1045 12611 1032 396 7455 813 347 11579 3530 3428 2497 2354 931 198 114 2141 1604 8049 1153 720 6896 6642 6284 2252 378 1874 1653 358 313 4032 1426 2606 795 682 472 1811 566 279 1245 677 537 206 306 172 568 232 399 596 431 180 615 850 709
is_linear=0
shrinkage=0.03


Tree=94
num_leaves=63
num_cat=0
split_feature=9 1 11 20 15 22 22 26 2 24 12 24 22 15 17 4 17 27 25 17 27 14 27 12 8 26 7 23 12 9 11 26 10 8 17 27 2 11 8 22 8 21 7 18 14 14 11 14 27 1 15 14 12 26 12 15 20 14 17 23 7 15
split_gain=281.783 34.5767 31.3374 23.4605 18.5057 16.6568 19.0949 16.483 18.4454 15.6774 14.1519 12.6042 14.7379 12.3135 16.8765 11.1345 12.3524 13.0591 10.6572 10.4323 12.6483 9.14 8.96417 8.93568 8.67556 10.4003 8.66123 7.69872 11.708 7.43473 7.40686 8.39461 7.13405 7.01068 12.7744 9.61205 9.07759 7.48237 6.97578 13.2732 6.97405 6.8407 6.68805 6.27468 6.00695 8.30161 5.95233 5.94799 10.5994 16.1242 14.167 7.29421 8.63872 6.64568 6.61096 6.23297 6.36783 6.60471 6.16503 5.83612 7.74152 5.82373
threshold=9499.0850000000009 5.5000000000000009 2849.7750000000005 10982 5295.0756250000004 4976.5494370039696 4480.2293142361113 10.665000000000001 6.5000000000000009 10.893749999999999 4823.5526488095247 2.3062500000000008 3695.1788020833342 3066.400572916667 499.72000000000008 1.0000000180025095e-35 643.59500000000014 -0.5400000000000017 18.925000000000004 494.53000000000003 0.46999999999999981 2365.7884885307753 0.96499999999999997 3460.0966592261907 -0.048362832084465616 8.3950000000000014 -0.99467753128998015 34.256250000000009 4183.0115252976202 1995.8550000000002 4237.1050000000005 8.0800000000000018 5048.6500000000005 0.93469109537144635 2449.7550000000006 0.19500000000000031 1.5000000000000002 3176.7500000000005 0.31595530242620651 5418.0856684027776 0.3484035575467645 3265.8383333333336 -0.099819732675876835 16219.050000000001 2063.9673983685652 2153.767547160935 2225.9200000000005 2191.8971039783178 0.20000000000000021 1.5000000000000002 3552.2463541666671 1765.3098421488362 3416.8526636904767 10.205000000000002 2939.3464434523812 3235.2362500000004 -17205.999999999996 1602.4698136716252 1355.325 22.768750000000008 0.37744852145085445 4539.8964062500008
decision_type=2 2 2 2 2 2 2 2 2 2 2 2 2 2 2 2 2 2 2 2 2 2 2 2 2 2 2 2 2 2 2 2 2 2 2 2 2 2 2 2 2 2 2 2 2 2 2 2 2 2 2 2 2 2 2 2 2 2 2 2 2 2
left_child=2 3 5 10 21 6 22 8 9 -7 59 12 19 -10 -15 16 17 23 -18 -4 47 -3 24 -13 25 -1 -9 44 29 -29 31 42 -19 36 35 -35 -14 -38 39 -17 -33 -22 43 -20 -16 -46 -28 48 51 54 55 52 -21 -49 -50 56 -51 -58 -53 60 -2 -47
right_child=1 4 11 -5 -6 7 -8 26 13 -11 -12 15 33 14 27 38 18 32 30 20 41 -23 -24 -25 -26 -27 46 28 -30 -31 -32 40 -34 34 -36 -37 37 -39 -40 -41 -42 -43 -44 -45 45 61 -48 53 49 50 -52 58 -54 -55 -56 -57 57 -59 -60 -61 -62 -63
leaf_value=-0.00047342277412992573 0.0031923375415140406 0.00067058520586336099 0.0038424856442059859 0.0024499064193098264 0.0034517541110724004 -0.010091198774090468 0.00075479484508789163 0.00028751436683351446 0.00039303132833370388 0.00031981214614685172 -0.0034607322744899171 0.0056422322133495139 -0.0019298958891600913 -0.031071513645557856 -0.0010973312613460262 0.0029868001662730582 2.8032874418597587e-05 0.0014002320775131859 0.00083101080965272797 0.0010077725184549013 -0.0011041937885841512 -0.00068820927065619479 -0.0028444349993519591 -0.00076262339220410701 -6.1546666402572119e-05 -0.0040779822480303627 -0.026107783092307581 0.00074891030965875684 -0.009942601417755154 -0.0016875958923004573 0.0039177985894104945 0.0021503651181630267 0.0095293931266440882 0.0011857347557864628 -0.00055387532361756081 -0.00020533256535450572 -0.00097566479855871525 -0.00015315026078066118 -0.0053949772737422828 -0.0023452203708906969 0.00033244345737315939 -1.7093899868925178e-05 -0.00068912460085391203 -0.00099065130887447065 0.0032233120916729694 -0.00062354723281037743 -0.0023565420050560702 9.6909845439272494e-05 -0.0010306316439226127 0.00038634826053074445 -0.00046229007797131237 -0.00014417999230709633 -0.00064718668133868285 -0.001249954970879683 0.0016773438557572361 0.00081205468353699566 -0.00068781121845900455 0.00023200817261013638 0.0014353429621506741 0.0030101655916635293 -0.0043393943849189577 0.00026029401453977916
leaf_weight=395 138 129 159 1285 138 270 517 71 486 73 81 44 116 143 169 88 1790 588 265 64 272 175 91 217 5945 154 207 112 113 112 279 107 143 247 241 138 316 1302 48 99 171 359 145 48 81 550 85 1426 47 60 556 84 144 170 315 183 104 151 609 752 65 517
leaf_count=395 138 129 159 1285 138 270 517 71 486 73 81 44 116 143 169 88 1790 588 265 64 272 175 91 217 5945 154 207 112 113 112 279 107 143 247 241 138 316 1302 48 99 171 359 145 48 81 550 85 1426 47 60 556 84 144 170 315 183 104 151 609 752 65 517
internal_value=0.00105783 0.0100669 -0.000117525 0.011531 0.0023702 -0.00132729 -0.000536393 -0.00320569 -0.00237533 -0.00885174 0.00815815 0.000982787 0.000218715 -0.00139886 -0.00254449 0.00232085 0.00271327 0.00558912 0.00169458 0.00118941 0.000924092 -0.00177049 -0.000972517 -0.000171756 -0.000840647 -0.00444545 -0.00918956 -0.0016858 -0.00572485 -0.00173333 0.00414862 0.00256445 0.00764344 -0.00171537 0.00100478 0.00439119 -0.00269741 -0.00211242 -0.00400424 -0.00135638 0.00666667 -0.00301424 6.53595e-05 0.00253185 -0.00064871 0.000130548 -0.0114676 0.00155979 0.0025302 0.000910374 -0.000966825 0.00507206 0.000143541 0.000150282 0.00636364 0.00270541 0.000142405 -0.00193359 0.00654899 0.00917887 0.00463235 -0.000575843
internal_weight=23949 2763 21186 2321 442 10091 7102 2989 2626 343 1036 11095 7063 2283 1797 4032 3797 992 2805 4703 4544 304 6585 261 6494 549 363 1654 337 224 1015 736 731 2360 626 385 1734 1618 235 187 278 631 458 313 1317 1148 292 3913 2317 1416 1054 901 208 1596 362 498 315 255 693 955 203 1067
internal_count=23949 2763 21186 2321 442 10091 7102 2989 2626 343 1036 11095 7063 2283 1797 4032 3797 992 2805 4703 4544 304 6585 261 6494 549 363 1654 337 224 1015 736 731 2360 626 385 1734 1618 235 187 278 631 458 313 1317 1148 292 3913 2317 1416 1054 901 208 1596 362 498 315 255 693 955 203 1067
is_linear=0
shrinkage=0.03


Tree=95
num_leaves=63
num_cat=0
split_feature=9 1 11 18 15 20 27 1 0 14 0 15 5 14 25 10 14 27 1 17 27 7 15 22 7 7 24 7 21 7 7 25 22 15 14 15 25 15 21 7 18 27 9 1 17 1 21 22 15 15 17 21 17 7 22 1 7 17 27 21 7 17
split_gain=283.41 33.5199 33.2054 24.1083 22.3702 22.1393 20.1638 15.9042 21.8678 17.5173 15.874 15.4121 12.821 12.2102 10.4929 13.9718 9.37884 8.94363 8.33871 8.2775 10.2979 9.2242 7.57113 7.40733 7.37113 10.8057 12.2977 11.1896 8.94281 8.98889 7.44167 7.37094 7.21163 7.17422 7.07052 6.82539 7.92434 6.47079 8.87335 8.3021 9.65311 8.0633 9.01781 7.23399 6.40447 6.36037 10.7434 8.62833 6.53545 8.67248 6.26471 6.09605 5.99645 5.8666 5.85912 6.18328 8.50388 7.98136 7.72974 7.55947 10.5903 8.17091
threshold=9499.0850000000009 5.5000000000000009 3249.4300000000007 11083.650000000003 5295.0756250000004 11439.250000000002 -0.75499999999999889 5.5000000000000009 33.500000000000007 2153.767547160935 29.500000000000004 4477.732500000001 -0.47114434510950048 1971.4238482347955 19.140000000000004 9999.9950000000008 3161.7431564842291 -0.30999999999999955 1.0000000180025095e-35 1900.7000000000003 -0.015000000000000567 0.89787622492179153 3661.3074479166676 3660.2708717757941 0.95998215779580554 0.89787622492179153 6.3812500000000005 0.92602006027323147 4851.2783333333346 0.93237596376505805 0.99966190462023474 18.140000000000004 3175.0546378968261 2412.4126562500001 2365.7884885307753 2368.5494791666674 14.865000000000002 2923.4103645833338 3489.0650000000005 -0.82415615971448097 6735.5000000000009 -0.20000000000000104 506.51000000000005 4.5000000000000009 1372.3450000000003 3.5000000000000004 5626.4783333333335 5846.5585912698416 3066.400572916667 3150.8146875000007 1953.1700000000003 4779.1133333333346 300.94000000000005 -0.51297808981038739 5846.5585912698416 3.5000000000000004 -0.90163369914317015 1535.0450000000003 -0.54999999999999882 3714.936666666667 0.24684749415872467 2572.6950000000002
decision_type=2 2 2 2 2 2 2 2 2 2 2 2 2 2 2 2 2 2 2 2 2 2 2 2 2 2 2 2 2 2 2 2 2 2 2 2 2 2 2 2 2 2 2 2 2 2 2 2 2 2 2 2 2 2 2 2 2 2 2 2 2 2
left_child=2 5 3 6 34 10 -1 11 53 13 23 12 22 44 15 -4 35 51 33 20 -16 32 -8 -2 25 26 54 -27 29 -29 -26 -24 -22 -17 -3 -14 -37 38 43 -39 -41 42 -40 -38 -10 46 48 -47 -42 -50 -19 -13 -20 -9 55 56 -5 -57 -59 61 -61 -60
right_child=1 4 14 24 -6 -7 7 8 9 -11 -12 17 16 -15 19 18 -18 50 52 -21 21 -23 31 -25 30 27 -28 28 -30 -31 -32 -33 -34 -35 -36 36 37 39 41 40 45 -43 -44 -45 -46 47 -48 -49 49 -51 -52 -53 -54 -55 -56 57 -58 58 59 60 -62 -63
leaf_value=-0.043515327789465513 0.0051798517458351507 0.00055087771659986014 8.6613656483205395e-05 0.0012932233939135784 0.00334820148774023 0.0023764092267305336 0.00047570286457983887 0.00045926725547633217 -0.02287889479763084 -0.0086366690060486473 0.0027333098965106116 -0.00025653669830219881 -0.0015304163287564742 0.0011081264178853178 0.0021947644002926745 3.6222906452358926e-05 -0.033951070823599765 0.00028731443699411049 0.0082980219218260123 -0.00019908413664285085 0.0011472979783662218 0.0017505496410577946 -0.0012986710107020993 -0.0045507989036986003 -0.00073052658085850377 0.0014276504454194415 -0.0006673987619077071 -0.00067184574592994207 -0.0016391340347580651 0.00081096223346873494 0.0013119499829664337 0.0011442482349785399 -0.00056977395741817814 0.0089113282413064536 -0.00069612014051154245 0.0001527728356307545 -0.00087383446671632995 -0.0031595867345330575 -0.0178694001049414 0.00086809202044887176 0.002044548524302301 0.00047570283604591701 7.0359949477842847e-05 0.00054161078896154181 -0.00085857418805845853 -0.0016209834745646479 -0.0013698215145045189 0.0011407393797809816 -0.0029154500675404814 3.2510908640244194e-05 -0.0021097155829156301 0.0013557904615311943 -0.00017596180051608455 -0.00061225019771290687 0.0010330855927966898 0.00028473532649744723 7.5835601856093495e-05 0.00083230463702356873 2.8797126290212028e-05 -0.00012807585217276872 -0.0017534060449819577 -0.00084927249840885725
leaf_weight=189 81 125 6090 124 143 1196 832 229 60 463 995 43 616 100 390 59 70 238 44 216 87 397 214 78 582 241 546 56 82 264 77 64 259 203 173 342 307 543 63 73 66 404 184 53 74 289 129 64 59 577 79 165 177 45 78 436 2482 78 868 394 345 72
leaf_count=189 81 125 6090 124 143 1196 832 229 60 463 995 43 616 100 390 59 70 238 44 216 87 397 214 78 582 241 546 56 82 264 77 64 259 203 173 342 307 543 63 73 66 404 184 53 74 289 129 64 59 577 79 165 177 45 78 436 2482 78 868 394 345 72
internal_value=0.00108669 0.0100734 -9.23315e-05 -0.00100487 0.00247738 0.0114972 -0.00228787 -0.00200357 -0.00554012 -0.0083596 0.00851948 -0.00137534 -0.00189394 -0.00165957 0.00144642 0.000951476 -0.00271484 0.0035076 0.00585744 0.00385556 0.00488095 0.00280242 0.000945095 -0.00028125 0.000260928 0.000588429 0.000152102 0.00426242 0.00119107 0.00345794 -0.00275 -0.00333333 -0.000778098 0.00946768 -0.00220736 -0.00251061 -0.00194515 -0.00246977 -0.000548419 -0.00354803 -0.00220588 0.00154141 -0.00272177 -0.00432133 -0.00755556 -0.00286076 -0.00142428 -0.00622881 4.26743e-05 -0.000894819 0.000330189 0.00832536 0.00155405 0.00163636 0.000630381 0.000496875 0.00148446 -0.000676846 -0.0015785 -0.00200893 -0.00427703 -0.000223167
internal_weight=24072 2791 21281 13359 441 2350 6634 6445 971 697 1154 5474 4949 234 7922 6573 3839 525 483 1349 1133 743 1110 159 6725 6066 5423 643 402 320 659 278 346 262 298 3769 3153 2811 1011 1800 1257 651 247 360 134 1184 831 353 702 636 317 208 221 274 4877 4799 2606 2193 1757 1679 739 940
internal_count=24072 2791 21281 13359 441 2350 6634 6445 971 697 1154 5474 4949 234 7922 6573 3839 525 483 1349 1133 743 1110 159 6725 6066 5423 643 402 320 659 278 346 262 298 3769 3153 2811 1011 1800 1257 651 247 360 134 1184 831 353 702 636 317 208 221 274 4877 4799 2606 2193 1757 1679 739 940
is_linear=0
shrinkage=0.03


Tree=96
num_leaves=63
num_cat=0
split_feature=9 19 1 15 9 1 10 12 1 23 26 16 9 1 18 19 0 15 15 26 22 22 22 1 26 23 1 8 12 15 19 23 1 18 27 15 15 15 14 19 22 22 25 27 15 15 27 15 15 15 22 0 14 26 15 12 14 0 12 18 25 7
split_gain=286.54 35.7322 34.5793 21.2608 13.1079 13.5798 12.0577 11.9805 13.0955 9.67924 11.9779 10.5362 12.8471 8.4411 8.18795 9.39376 9.28574 7.9474 7.1692 10.0852 6.72635 15.6766 7.17103 7.38799 13.6129 6.82245 8.96089 7.97003 7.20566 6.52823 6.47795 6.27421 6.05513 5.94313 9.99783 7.97749 14.6561 13.4381 9.32982 9.65971 8.86845 7.35519 8.9665 7.5331 8.58579 6.5335 6.22392 6.11019 5.93966 6.97933 8.10187 6.46798 6.42498 7.37487 6.46399 6.3382 5.89705 7.07138 6.08819 5.91532 5.84978 11.3885
threshold=9999.9950000000008 23864.100000000002 5.5000000000000009 5295.0756250000004 1169.7650000000001 5.5000000000000009 5900.6200000000008 4846.8070758928579 1.0000000180025095e-35 30.931250000000002 7.6700000000000008 8999.5750000000025 899.73000000000013 4.5000000000000009 13589.600000000002 8371.5000000000018 27.500000000000004 2412.4126562500001 2934.9508333333338 9.2800000000000029 5846.5585912698416 6032.5343142361116 5734.3922098214289 3.5000000000000004 11.645000000000001 25.456250000000004 1.5000000000000002 0.45847758937963173 3098.5384449404769 2546.3523437500003 5193.2000000000016 26.706250000000008 1.0000000180025095e-35 11083.650000000003 -0.75499999999999889 4477.732500000001 4718.426145833334 4096.9770312500004 2864.2480219746185 26687.500000000004 3187.675319940477 3175.0546378968261 19.205000000000002 0.34500000000000069 3684.724322916667 4558.8881250000004 -0.30999999999999955 3200.9736979166673 2368.5494791666674 3264.0282812500004 5826.2740575396829 20.500000000000004 2211.877060605922 9.7900000000000009 3676.3158854166672 3585.8417336309526 2505.3833634746725 9.5000000000000018 2947.2550744047626 8861.0500000000011 18.950000000000003 0.91248814248966237
decision_type=2 2 2 2 2 2 2 2 2 2 2 2 2 2 2 2 2 2 2 2 2 2 2 2 2 2 2 2 2 2 2 2 2 2 2 2 2 2 2 2 2 2 2 2 2 2 2 2 2 2 2 2 2 2 2 2 2 2 2 2 2 2
left_child=1 6 14 30 5 9 20 8 17 10 13 -11 -13 -3 -2 -16 -17 -8 19 -12 22 -22 23 24 25 56 28 -28 -27 -21 -4 -24 -30 34 -6 37 46 40 39 -39 47 43 -43 44 -35 -44 -37 -36 51 -50 52 -42 -51 -54 -55 -52 58 -58 -1 -59 -25 -62
right_child=2 4 3 -5 33 -7 7 -9 -10 11 18 12 -14 -15 15 16 -18 -19 -20 29 21 -23 31 60 -26 26 27 -29 32 -31 -32 -33 -34 41 35 36 -38 38 -40 -41 48 42 45 -45 -46 -47 -48 -49 49 50 55 -53 53 54 -56 -57 57 59 -60 -61 61 -63
leaf_value=-0.00025315467820984593 0.0035736553281939362 0.0013429050463575898 -0.0013042720634710214 0.0032477554431079979 -0.0093459995422847976 -0.06096645741907615 0.00080109950192395194 -0.00035613433452125421 0.0011783646894735166 0.00079910901726208293 -0.0072535998257321575 -0.0092225587655621766 0.00024733297817609135 -0.0037486069319205484 0.0023051169499286139 -0.0039519917275686644 0.0023051169499286139 0.0084656846061326712 -0.017037563564565237 -0.0029418677266948735 0.0012645344582996375 -0.00029033935291758792 -0.0017200504106594837 -8.5515373879889718e-05 -0.0019576297671503795 0.0012878299191802966 0.0012057742012798656 -0.001316965007328541 0.00076112215381884951 0.00083008592826721011 -3.6252052765295414e-06 -0.00011549022341528214 -0.00030109167722197405 0.0009509024321789994 -0.0013898383396409475 0.0014835718296697653 -0.00057369631478305645 0.0010225277931964348 -0.0090364979198189668 -0.0017993294295122508 -0.0018196079427369315 -1.9402009295936828e-05 -0.0026749411796139896 -0.00037213892809911719 6.9325020293145017e-05 -9.8911963379402215e-05 0.00018378393479730358 1.5383536789705942e-05 0.00029842528749480124 -0.0020163346445703123 0.0030180294752139769 -0.00035984415599484617 5.9806344051849256e-05 -0.0010928294724457022 -0.036543510854162749 -0.001008281700707263 -0.00065403561469675961 0.00049039313609158699 0.00032366934698616843 -0.00028204111153410592 -0.00015502624344744474 0.0011671011672132448
leaf_weight=345 166 173 50 144 130 135 70 191 580 249 163 143 203 50 1520 46 517 294 184 114 442 168 82 2929 139 93 785 42 357 102 242 381 408 260 449 132 198 41 143 272 119 4030 167 136 334 134 106 185 1229 216 74 237 424 55 63 50 85 46 2123 293 405 310
leaf_count=345 166 173 50 144 130 135 70 191 580 249 163 143 203 50 1520 46 517 294 184 114 442 168 82 2929 139 93 785 42 357 102 242 381 408 260 449 132 198 41 143 272 119 4030 167 136 334 134 106 185 1229 216 74 237 424 55 63 50 85 46 2123 293 405 310
internal_value=0.00111526 -5.07781e-05 0.0103481 0.0026087 -0.00127278 -0.0038563 0.00118649 0.00410651 0.00549206 -0.0029631 -0.00514612 -7.55034e-05 -0.00345821 0.000736607 0.0118467 0.0123584 0.00901596 0.00994521 -0.0074734 -0.00509211 0.000834747 0.00387889 0.000623867 0.00082526 0.00160907 0.00189056 0.00340747 0.00563406 0.00125728 -0.000829493 -0.00204778 -0.00300647 0.000293734 -0.000845944 -0.00169132 -0.00142339 0.00240275 -0.00189292 -0.00669584 -0.00377389 -0.00118472 -0.000157053 -0.000626731 0.00262654 0.00408403 -0.00561258 0.00740586 -0.00434646 -0.000370746 0.000234375 -0.00180068 -0.00394958 -0.00296443 -0.00121547 -0.00781513 0.00528 0.00100588 -0.00225882 0.00156744 -0.000308824 -0.0001893 0.00224162
internal_weight=23953 21268 2685 436 10700 1516 10568 1135 944 1381 786 595 346 223 2249 2083 563 364 563 379 9433 610 8823 8360 4716 4577 1685 827 858 216 292 463 765 9184 4123 3993 436 3557 456 313 3101 5061 4331 730 594 301 238 634 2467 2111 882 356 758 542 118 124 2892 424 2468 339 3644 715
internal_count=23953 21268 2685 436 10700 1516 10568 1135 944 1381 786 595 346 223 2249 2083 563 364 563 379 9433 610 8823 8360 4716 4577 1685 827 858 216 292 463 765 9184 4123 3993 436 3557 456 313 3101 5061 4331 730 594 301 238 634 2467 2111 882 356 758 542 118 124 2892 424 2468 339 3644 715
is_linear=0
shrinkage=0.03


Tree=97
num_leaves=63
num_cat=0
split_feature=9 1 11 20 22 7 20 22 0 10 8 1 12 26 7 4 1 12 14 17 17 12 12 18 22 22 26 22 14 16 18 22 1 12 16 14 16 17 1 26 24 18 11 17 11 9 12 17 14 12 11 9 14 24 17 16 0 20 17 0 16 17
split_gain=276.1 40.7589 31.6014 21.4493 20.3432 19.0462 17.0214 15.161 14.9238 14.7498 14.1169 12.7977 12.3805 11.3239 12.4835 11.8693 12.4735 22.6393 11.7705 14.1129 10.2471 10.1951 9.88994 9.4095 9.34027 8.58037 8.53022 8.3967 8.33358 7.64158 6.62727 7.9606 7.1362 11.6022 7.31272 8.98388 6.84279 11.33 16.0573 14.599 9.13984 8.1073 7.3519 6.77439 7.09596 6.7225 6.70591 6.54232 6.5023 6.37177 6.09034 8.18355 6.00419 7.16792 5.98429 5.637 6.96517 5.60619 5.59657 10.6979 12.5648 8.98419
threshold=9499.0850000000009 5.5000000000000009 2964.1700000000005 11439.250000000002 4976.5494370039696 0.90892735371523092 -40352.549999999996 4316.9676302083344 29.500000000000004 6200.0950000000003 -0.92999516916204616 1.0000000180025095e-35 4480.5570535714296 10.665000000000001 -0.99467753128998015 1.0000000180025095e-35 5.5000000000000009 3476.9814062500004 2005.729146281484 1933.0700000000004 1780.6200000000001 3860.5839880952381 4846.8070758928579 12022.1 6032.5343142361116 5846.5585912698416 12.000000000000002 3687.7778583829368 2162.359180425979 4784.0700000000006 11241.900000000001 3149.4029154265877 3.5000000000000004 2970.6574553571436 6650.6950000000006 2243.0255533977274 4784.0700000000006 1320.8200000000004 5.5000000000000009 7.7800000000000002 6.7562500000000005 7532.2500000000009 1819.6350000000004 1372.3450000000003 1410.7650000000001 899.73000000000013 2960.6162351190478 350.00000000000006 2130.0933124724543 4735.0516071428583 4259.6950000000006 3664.7050000000004 2957.9334347437903 12.600000000000007 300.94000000000005 6000.880000000001 17.500000000000004 608.45000000000084 249.05500000000004 23.500000000000004 4900.505000000001 299.54000000000002
decision_type=2 2 2 2 2 2 2 2 2 2 2 2 2 2 2 2 2 2 2 2 2 2 2 2 2 2 2 2 2 2 2 2 2 2 2 2 2 2 2 2 2 2 2 2 2 2 2 2 2 2 2 2 2 2 2 2 2 2 2 2 2 2
left_child=2 3 4 8 7 48 -6 30 27 10 24 22 26 15 -15 16 18 -18 -8 20 28 -21 29 -19 25 50 58 -2 -20 -11 36 -32 34 -34 35 55 -1 38 39 -38 46 -39 -40 -43 -45 -42 -41 -16 -3 -23 51 -4 -30 -54 -13 56 -33 -14 59 60 -12 -60
right_child=1 5 9 -5 6 -7 13 -9 -10 11 12 54 57 14 47 -17 17 23 19 21 -22 49 -24 -25 -26 -27 -28 -29 52 -31 31 32 33 -35 -36 -37 37 41 42 40 45 43 -44 44 -46 -47 -48 -49 -50 -51 -52 -53 53 -55 -56 -57 -58 -59 61 -61 -62 -63
leaf_value=-0.0012886482587108228 0.0060376598908392061 0.00094322402560981895 0.00090997854301441802 0.0022359634414307549 -0.030591719576531874 0.0031503227798147823 -0.0012555084670746197 0.00066214780448371259 0.0025910804140696973 0.0073354194362253364 -0.001399215806048204 0.0075115505804914306 -0.00065606237551337539 0.0012367726772583864 -0.002574410764436754 -0.0067086650051832071 0.0020761661899211426 -0.0079936227533393012 0.002569681154344652 -0.0042879538573973751 0.0020294045577035334 8.7368221682728727e-05 -0.00083010755573807769 0.00018113580715191089 -0.00021625179570815333 0.0024691579080169833 -0.0019303948653786218 -0.0061695434496537513 0.00015882537235232695 0.0082148966236034581 0.00027146617393682956 -0.00021417220042937223 0.00066524158245273579 -0.00034240834695878239 0.00013094025437334622 -0.0012684041961264691 0.0006999859615463899 -0.0049416016469763279 -0.04471598386043011 -8.505024692600393e-05 -0.00063242118537935703 -0.003395429634868261 -0.00080643197394599127 -0.0059312175255664453 -0.00015463860115621841 0.0020358547471623777 -0.0046982158479906295 -0.020627046107441638 -0.00056912316307946578 -0.0013859818051674198 0.0029807606935480634 -0.00055544482576578072 -0.0014977512365254152 0.0012361370000560435 0.00019509803732852048 -0.00074458933114387007 0.0005145764028795163 -8.4131869347459087e-06 -0.0010785286537173366 0.0016137466349231432 0.00043665943840756502 0.00010394148081475762
leaf_weight=360 78 59 116 1199 208 138 164 633 961 95 85 78 531 61 67 186 71 356 83 104 54 201 40 65 124 194 72 71 1093 244 610 89 102 1766 1590 112 758 70 81 127 41 67 66 103 783 82 143 226 244 104 103 158 273 55 509 68 160 369 118 390 143 6845
leaf_count=360 78 59 116 1199 208 138 164 633 961 95 85 78 531 61 67 186 71 356 83 104 54 201 40 65 124 194 72 71 1093 244 610 89 102 1766 1590 112 758 70 81 127 41 67 66 103 783 82 143 226 244 104 103 158 273 55 509 68 160 369 118 390 143 6845
internal_value=0.00101006 0.00995638 -0.000140207 0.0115519 -0.00124206 0.00159502 -0.0031895 -0.000401306 0.00853285 0.00106608 0.000697373 0.00459152 0.000362988 -0.00264064 -0.00769014 -0.00200178 -0.00148056 -0.00578093 -0.00048546 0.000160061 0.00146248 -0.00479268 0.00888158 -0.00842417 0.00480603 0.00642483 0.000754507 -0.0003 0.000996678 0.0105441 -0.000793982 -9.004e-05 -0.000590278 -0.00192616 0.00064604 -0.00282558 -0.00197427 -0.00137597 0.000484988 0.00167969 -0.00300761 -0.00373535 -0.00881757 -0.00300314 -0.00229989 0.00375 -0.00608856 -0.0102551 -0.00261513 -0.0020098 0.00376984 0.00141818 0.000453586 -0.0031003 0.00181122 -0.000235849 0.00186 -0.00296337 0.000852677 0.00358643 -0.00157205 0.000609563
internal_weight=24146 2750 21396 2309 11182 441 3371 7811 1110 10214 9248 966 8553 3163 354 2809 2623 492 2131 1967 1558 409 379 421 695 571 7653 149 1504 339 7178 4497 3887 1868 2019 429 2681 2321 1298 1151 393 1023 147 953 886 123 270 293 303 305 377 274 1421 328 587 317 249 900 7581 618 228 6963
internal_count=24146 2750 21396 2309 11182 441 3371 7811 1110 10214 9248 966 8553 3163 354 2809 2623 492 2131 1967 1558 409 379 421 695 571 7653 149 1504 339 7178 4497 3887 1868 2019 429 2681 2321 1298 1151 393 1023 147 953 886 123 270 293 303 305 377 274 1421 328 587 317 249 900 7581 618 228 6963
is_linear=0
shrinkage=0.03


Tree=98
num_leaves=63
num_cat=0
split_feature=9 1 10 15 19 26 10 1 8 10 12 2 21 12 19 0 18 10 1 9 14 17 21 12 22 15 17 15 23 15 17 8 26 21 16 14 17 15 18 0 14 1 18 17 14 22 12 12 12 26 26 17 16 15 1 12 6 12 15 12 6 12
split_gain=283.129 32.3583 28.2724 20.2988 13.862 12.6792 10.6899 10.502 24.4659 13.7165 11.0427 15.1075 10.9338 9.73332 9.24036 11.213 9.52795 8.25943 11.5819 8.86053 8.25358 7.98038 7.84826 13.5425 8.75096 8.75869 12.7789 22.9381 11.1809 9.51066 14.347 10.211 8.26641 11.4225 8.00143 13.5366 10.3964 12.9951 11.2892 8.70935 12.8495 13.7053 10.5518 7.59651 7.46119 9.99941 9.0501 8.63793 8.51892 7.44383 7.4349 7.42032 7.4152 7.37483 7.17475 6.92534 6.90918 8.90693 6.8762 6.82524 6.53197 6.43861
threshold=9499.0850000000009 5.5000000000000009 3150.9950000000003 5295.0756250000004 55708.55000000001 11.130000000000001 1834.2350000000004 5.5000000000000009 0.063390085881955341 2169.3950000000004 2800.5643898809526 9.5000000000000018 3546.3633333333341 2480.2021949404766 8371.5000000000018 24.500000000000004 15375.150000000003 9999.9950000000008 1.0000000180025095e-35 3999.0950000000007 2197.8584786202723 300.94000000000005 3999.9116666666673 2953.131733630953 3180.5864831349213 4529.696406250001 1001.8700000000001 4840.2518229166681 33.968750000000007 3638.4790104166673 506.70500000000004 -0.99864786094873803 6.9800000000000013 4758.7033333333347 6650.6950000000006 2245.2169368556183 1001.6650000000001 3264.0282812500004 11241.900000000001 26.500000000000004 2162.359180425979 3.5000000000000004 11382.750000000002 2572.6950000000002 2205.5425872036726 5846.5585912698416 3159.9726041666672 3208.9095758928574 3998.9040550595241 6.0250000000000012 5.7800000000000002 983.54500000000019 5500.5800000000008 2368.5494791666674 4.5000000000000009 3029.3831101190481 -0.032701564615071448 3893.624821428572 4266.4748958333339 3263.2243005952382 -0.68322629814330815 3739.267254464286
decision_type=2 2 2 2 2 2 2 2 2 2 2 2 2 2 2 2 2 2 2 2 2 2 2 2 2 2 2 2 2 2 2 2 2 2 2 2 2 2 2 2 2 2 2 2 2 2 2 2 2 2 2 2 2 2 2 2 2 2 2 2 2 2
left_child=2 14 4 20 5 7 -7 22 9 -9 13 -12 -13 60 16 -16 -2 44 19 -19 -3 -20 34 -24 -25 29 51 28 -28 55 -31 -32 -29 -34 35 39 37 -36 49 40 41 42 -1 56 45 48 -46 -48 -4 -38 -33 -27 53 -41 -17 -26 57 59 -58 -40 -10 -8
right_child=1 3 17 -5 -6 6 61 8 10 -11 11 12 -14 -15 15 54 -18 18 21 -21 -22 -23 23 24 25 26 27 32 -30 30 31 50 33 -35 36 -37 38 -39 43 52 -42 -43 -44 -45 46 -47 47 -49 -50 -51 -52 -53 -54 -55 -56 -57 58 -59 -60 -61 -62 -63
leaf_value=-0.0018770437081119828 0.0027011887473068793 0.00091133324945584342 0.00025083501243459592 0.0030558130964203297 -0.0076487710081327353 -0.021753357117485404 -0.00050924605686759156 -0.010210518379645017 -0.0068406419115104719 -0.00050879199544475731 0.00023442001768139597 -0.00016153709400235528 -0.0076177567390076899 0.0016858120390041797 -0.0052058176484043629 0.0023543858530006112 0.0021688845381878431 -0.00053767550057241202 0.009550250055585385 0.0076502698302294368 -0.00058397405626291025 -0.00071666754671742441 0.0010226836742597456 0.00080704615104639551 -0.002256732167866593 0.00036383634982481536 0.0009997036290660421 -2.2541815444281353e-05 -0.00059958285858369815 -0.0066163734226787696 0.002431726303607462 0.00080355089412169171 -4.2169998950232208e-05 -0.0046784231059226753 0.00081389188271870246 -0.0012932071190775128 0.0001092456473059844 -0.0010414528032334136 -0.0003453015595758124 -0.00019627680728436569 0.00078787777236944301 0.00036813169767168751 -0.0001472194361758472 -0.0006653384353568992 0.00097249487457414571 0.0027640792320913032 -0.0046589117618114706 2.1534326680185955e-05 0.0095464950210728001 -0.00080620087987449908 -0.00051826180269542554 0.0018054807773428515 -0.00052040198267666149 0.00099483309613833892 0.0021688845381878431 0.00017269012750467105 0.00015950952845910748 -0.0015911636821246988 -0.00016889983277030397 0.00022866902967241031 0.00061896901849840087 0.0014108804839808764
leaf_weight=220 382 91 3066 157 284 235 352 328 41 254 367 227 181 107 46 472 1326 77 42 236 209 215 366 106 101 122 474 249 101 173 52 82 111 149 432 245 235 126 300 322 54 67 104 91 189 116 46 4557 65 725 1069 114 208 190 127 1537 1011 250 249 587 76 42
leaf_count=220 382 91 3066 157 284 235 352 328 41 254 367 227 181 107 46 472 1326 77 42 236 209 215 366 106 101 122 474 249 101 173 52 82 111 149 432 245 235 126 300 322 54 67 104 91 189 116 46 4557 65 725 1069 114 208 190 127 1537 1011 250 249 587 76 42
internal_value=0.00114663 0.0100961 -3.30582e-05 0.00278384 -0.000931824 -0.00078179 -0.00492857 -0.000560403 -0.00283502 -0.0077187 1.5e-05 -0.0016817 -0.00564792 0.00586667 0.0115144 0.00842879 0.0126741 0.00129443 0.00478109 0.0086465 -0.00179402 5.81395e-05 -0.000208354 0.000674017 0.000216168 6.92042e-06 0.00204391 0.000663594 0.00476562 -0.000885572 -0.00272331 -0.00155731 -0.00397059 -0.00770115 -0.000991324 -0.00293409 -0.000306963 0.00348837 -0.000922006 -0.00158233 -0.00487668 -0.00677296 -0.00932308 0.000144636 0.00104664 0.00215671 0.000294179 2.93223e-05 0.00183429 -0.00368366 -0.00214844 0.00835443 0.000457698 0.00239766 0.009525 0.000658938 0.000469141 -0.00122583 0.00199841 0.000185811 -0.000127119 -0.00189873
internal_weight=24135 2810 21325 457 12716 12432 629 11803 1581 582 999 775 408 224 2353 645 1708 8609 570 313 300 257 10222 4806 4440 4334 1320 1084 575 3014 1376 1203 509 260 5416 1410 4006 558 3448 1165 445 391 324 2488 8039 3247 4792 4603 3131 960 1151 236 720 512 599 1638 2397 1137 1260 887 117 394
internal_count=24135 2810 21325 457 12716 12432 629 11803 1581 582 999 775 408 224 2353 645 1708 8609 570 313 300 257 10222 4806 4440 4334 1320 1084 575 3014 1376 1203 509 260 5416 1410 4006 558 3448 1165 445 391 324 2488 8039 3247 4792 4603 3131 960 1151 236 720 512 599 1638 2397 1137 1260 887 117 394
is_linear=0
shrinkage=0.03


Tree=99
num_leaves=63
num_cat=0
split_feature=9 1 19 20 20 20 12 23 1 0 17 4 22 18 1 12 4 0 16 22 25 10 19 12 1 8 18 9 25 27 25 27 17 11 22 12 16 27 27 11 25 17 17 22 17 17 0 1 2 16 22 22 18 17 5 8 17 11 27 10 17 12
split_gain=282.642 33.2012 29.4324 21.2741 15.7425 13.9581 13.4755 9.93971 10.3471 16.5902 11.52 12.54 9.72681 8.38396 13.5185 21.0985 13.3758 16.9147 12.0832 10.1287 11.0843 10.0734 9.57874 8.4862 9.49462 10.7429 8.71407 8.65515 12.4479 7.59233 7.54909 7.97878 8.15029 8.66276 7.06914 7.00636 8.12882 6.76637 9.33784 14.6647 12.5753 10.2886 9.87682 8.63276 7.25118 6.73959 6.61656 12.9737 9.55047 8.79237 8.4 7.40458 7.40376 6.57212 6.44027 6.37058 6.83582 7.57982 7.53285 7.86917 6.14644 6.02277
threshold=9499.0850000000009 5.5000000000000009 24040.350000000002 11439.250000000002 14622.250000000002 -46329.94999999999 4823.5526488095247 26.331250000000008 5.5000000000000009 19.500000000000004 896.97500000000014 1.0000000180025095e-35 5199.2435962301597 11241.900000000001 5.5000000000000009 2821.211123511905 1.0000000180025095e-35 19.500000000000004 4900.505000000001 3175.0546378968261 19.205000000000002 2085.0050000000006 43238.850000000006 4823.5526488095247 1.0000000180025095e-35 -0.97917132487589142 10437.35 499.23500000000007 14.795000000000002 0.34500000000000069 18.645000000000003 -0.015000000000000567 2227.6050000000005 3499.8650000000002 5413.0128856646834 3988.8082663690479 4939.9950000000017 -0.45999999999999902 -0.13499999999999976 2666.9150000000004 16.985000000000003 1750.4250000000002 99.965000000000018 3419.3517311507944 1780.6200000000001 1565.1850000000002 31.500000000000004 1.0000000180025095e-35 10.500000000000002 5396.4750000000013 3819.3489446924605 3072.0114856150799 13940.35 99.415000000000006 -0.13052619222005171 0.93158198870884079 1320.8200000000004 2399.3650000000002 0.34500000000000069 2297.4700000000007 1873.0700000000002 4122.4313988095246
decision_type=2 2 2 2 2 2 2 2 2 2 2 2 2 2 2 2 2 2 2 2 2 2 2 2 2 2 2 2 2 2 2 2 2 2 2 2 2 2 2 2 2 2 2 2 2 2 2 2 2 2 2 2 2 2 2 2 2 2 2 2 2 2
left_child=2 3 7 6 -3 35 54 12 10 -10 11 61 46 14 16 22 17 18 -7 29 -21 -17 -16 24 25 -19 -25 -26 -29 60 -12 32 33 45 -18 36 -4 44 39 40 42 43 -39 -40 -30 -32 49 48 50 -1 52 -49 -48 -14 -2 56 57 -20 59 -58 -15 -9
right_child=1 4 5 -5 -6 13 -8 8 9 -11 30 -13 53 19 15 21 34 23 55 20 -22 -23 -24 26 27 -27 -28 28 37 -31 31 -33 -34 -35 -36 -37 -38 38 41 -41 -42 -43 -44 -45 -46 -47 47 51 -50 -51 -52 -53 -54 -55 -56 -57 58 -59 -60 -61 -62 -63
leaf_value=-0.0003290664968761092 0.0024323123392283996 -0.00024980742889169961 0.0018287651984673747 0.0021038180020422105 0.0029641387035277233 -0.0017097900714304569 -0.0017461375895109655 0.0031361910974455221 0.00083497575247639235 -0.00099774788662852385 5.1917662687266381e-05 -0.00062267708297397912 -0.0046063415741783012 0.00091885541298196037 0.00088378421417730554 -0.028473417184276713 -0.0016925347201722472 -0.0013561282285662424 0.00080228598981809892 -1.5872378623491554e-05 -0.0012427314129767409 -0.0013131977248132109 -0.019398575297021922 -0.0022086220358558872 -0.010658004191448106 0.00077100162297054624 0.00019089892620098857 0.0013206079695906859 8.9449751083092724e-05 -0.00036473028969568943 -0.0008400470562151119 2.2804746896252224e-05 -0.00031647122677519235 0.0027541932620680854 -0.04716169830815102 -0.03256065050512956 -0.013228809001183318 0.0012656031150822366 -0.00042847166409814452 0.0008891051270955774 -0.00033113187814500118 -0.0008148143870526913 -0.020679011874005546 0.00056281141979958255 0.0020522585489936682 0.00078289152949711388 -0.0010426609351847204 -0.001235233982946422 0.0027496693286646768 0.00029795580561833287 0.0035152578083957309 -5.9503794989925747e-05 0.001171510996791678 -0.00020166058397114826 0.002907565109296044 0.00039394199501225025 0.00021046773554683095 -0.00013341738658728452 -0.0018164439502374385 -0.0016270697875293294 0.00015224479541994462 0.00062963407379937667
leaf_weight=273 839 275 61 1202 183 108 91 519 182 431 1481 107 52 306 137 303 152 68 79 3891 320 260 44 105 145 665 69 169 455 141 80 364 58 331 101 83 234 42 440 102 299 210 210 534 73 242 132 104 178 2013 68 2993 95 712 186 75 108 204 155 54 292 253
leaf_count=273 839 275 61 1202 183 108 91 519 182 431 1481 107 52 306 137 303 152 68 79 3891 320 260 44 105 145 665 69 169 455 141 80 364 58 331 101 83 234 42 440 102 299 210 210 534 73 242 132 104 178 2013 68 2993 95 712 186 75 108 204 155 54 292 253
internal_value=0.00112971 0.0101332 -4.07246e-05 0.0115912 0.0027451 -0.00115288 0.00859445 0.00107414 0.002245 -0.00134365 0.00288562 0.00584659 0.000357952 -0.000945042 -0.00176635 -0.00551678 -0.00116158 -0.000772311 -0.00476403 -5.45344e-05 -0.000623219 -0.00837766 0.00337912 0.000100362 0.000430706 0.00345368 -0.00634286 -0.000397388 1.18343e-05 0.00318243 0.00186547 0.00377788 0.005625 0.00658257 -0.00785433 -0.00680739 -0.00461149 -0.000551564 -0.00141186 -0.00428899 -0.00622283 0.000177215 -0.0111462 0.00147692 0.00243856 0.00306502 0.000773433 -3.3604e-05 0.00458861 0.00203323 0.00126689 -0.000740801 -0.00151316 -0.00282353 0.00957602 -0.00326183 -0.00429285 -0.000897887 -0.00731132 -0.00276074 0.00465776 0.00717982
internal_weight=24138 2776 21362 2318 458 10694 1116 10668 4048 613 3435 879 6620 10316 5366 744 4622 4369 783 4950 4211 563 181 3586 3412 733 174 2679 2534 739 2556 1075 711 653 253 378 295 2365 1837 653 551 1184 252 974 528 322 5856 3570 473 2286 295 3097 227 764 1025 675 600 283 317 162 598 772
internal_count=24138 2776 21362 2318 458 10694 1116 10668 4048 613 3435 879 6620 10316 5366 744 4622 4369 783 4950 4211 563 181 3586 3412 733 174 2679 2534 739 2556 1075 711 653 253 378 295 2365 1837 653 551 1184 252 974 528 322 5856 3570 473 2286 295 3097 227 764 1025 675 600 283 317 162 598 772
is_linear=0
shrinkage=0.03


Tree=100
num_leaves=63
num_cat=0
split_feature=9 1 19 15 20 0 14 15 11 14 24 21 16 0 0 1 14 5 19 19 7 20 26 27 9 27 15 11 26 26 25 27 12 14 27 27 26 18 0 11 22 27 26 22 12 19 26 21 1 14 23 14 26 27 21 25 1 18 15 15 26 1
split_gain=279.674 37.5331 24.1361 22.9351 21.6545 16.4248 10.1565 17.7287 9.17322 11.344 9.51122 10.3543 8.49276 10.9201 9.4021 11.4232 10.9079 10.2239 8.41649 8.02184 8.02131 9.37853 7.96384 8.17917 9.11305 8.16706 7.93007 7.79656 10.7418 7.00164 8.00286 8.38424 7.61979 6.726 7.01124 14.0385 15.0973 13.605 11.0934 9.85663 14.1603 9.63354 9.34069 8.17978 9.36334 7.85904 6.89866 6.7034 6.59618 7.67559 6.56079 6.45874 6.35083 6.33274 6.14748 9.82793 7.6014 6.12493 5.95156 11.1123 7.71272 6.29598
threshold=9499.0850000000009 5.5000000000000009 23864.100000000002 5295.0756250000004 11439.250000000002 28.500000000000004 2962.8643076782387 5714.2488541666671 4903.4950000000008 2469.0926728099653 2.4500000000000015 5974.2566666666671 4784.0700000000006 24.500000000000004 12.500000000000002 5.5000000000000009 2642.2384252019651 -0.8814490726585632 43775.55000000001 11183.450000000003 0.5009122898073749 4752 11.130000000000001 -0.77499999999999847 2380.2650000000008 -0.65000000000000024 3408.4284375000002 1799.1700000000003 12.370000000000001 10.415000000000001 15.315000000000003 0.13499999999999981 3631.4748735119051 2864.2480219746185 -0.015000000000000567 0.094999999999998877 9.1250000000000018 11028.500000000002 79.500000000000014 1799.1700000000003 3883.9073735119055 0.96499999999999997 8.4950000000000028 3123.3911309523814 2928.207433035715 34157.850000000013 8.3950000000000014 3265.8383333333336 1.5000000000000002 1882.3159312969383 28.781250000000004 2130.0933124724543 9.6200000000000028 -0.10999999999999942 2945.4900000000002 19.275000000000002 4.5000000000000009 19154.100000000002 3627.8876041666667 3849.1253645833335 10.535000000000002 3.5000000000000004
decision_type=2 2 2 2 2 2 2 2 2 2 2 2 2 2 2 2 2 2 2 2 2 2 2 2 2 2 2 2 2 2 2 2 2 2 2 2 2 2 2 2 2 2 2 2 2 2 2 2 2 2 2 2 2 2 2 2 2 2 2 2 2 2
left_child=2 4 8 51 5 -2 22 18 12 29 47 -12 13 -1 16 58 -14 -17 -8 -18 50 -22 23 24 -4 -25 -21 28 -24 30 -10 -32 -31 34 39 38 41 -38 43 40 -27 42 -37 -36 -45 -41 -35 -11 -33 -50 -19 -3 -42 -53 57 56 -56 -39 -16 -60 -61 -62
right_child=1 3 6 -5 -6 -7 7 -9 9 10 11 -13 14 -15 15 17 19 20 -20 26 21 -23 27 25 -26 33 -28 -29 -30 32 31 48 -34 46 35 36 37 54 -40 45 52 -43 -44 44 -46 -47 -48 -49 49 -51 -52 53 -54 -55 55 -57 -58 -59 59 60 61 -63
leaf_value=-0.00092000686360704798 -0.0003858553545081733 0.00079890633320273347 -0.012339946104840278 0.0028752145424219043 0.0020407034619809214 0.0023873153699087444 -0.0016187002714908427 0.00025205794247630921 -0.0010512724229743498 0.00040498992949310696 0.0033298213609952044 -0.00083894408460867705 0.00073058044462765532 0.00031151065709211778 0.00030962257628734945 -0.0014880695257331932 -0.00090839090480695714 -0.00013490576442748648 -0.029975318129997978 -0.00028087776974912161 0.00073075798842419987 -0.00068253955163237727 -0.043459880194845521 0.0003616895558934052 0.00031794473472005256 0.00095060859337451112 0.00047390518511058132 -0.00018334328841214997 0.001048082721197523 0.0022650594976950209 0.0041884878714217068 0.0044335455449051684 -0.0028338028841895201 -0.0041722533637009729 0.00028215851839617832 -7.9922772903153749e-05 0.001982340226336152 0.00031828962503358758 0.00068144779634678795 0.00012009459236908437 -0.00061312768484138574 -0.0023204157787524247 -0.0014953668110262619 0.0019681425599245815 -0.0011591792296429659 0.0010640530418702986 0.00012923949869977135 -0.00051187816795122737 0.0033953615646567137 -0.0010252372431297019 -0.0022702343591435481 -4.9323751378693716e-05 -0.013766434300946834 -0.0032536077068318113 0.00039988514925653362 -0.0039862499460078648 -0.001331251053493867 -0.00025149271906034444 -0.00057598776344685903 0.00015964901143875388 0.00022976679008388954 -0.0014021637833680066
leaf_weight=246 135 70 114 140 1191 1001 443 355 93 132 370 150 664 217 2130 302 109 604 190 91 196 41 122 408 41 166 353 290 46 82 496 165 51 128 73 4020 121 267 44 1110 493 97 209 57 721 325 69 459 105 132 74 144 174 95 390 77 143 46 497 2622 59 89
leaf_count=246 135 70 114 140 1191 1001 443 355 93 132 370 150 664 217 2130 302 109 604 190 91 196 41 122 408 41 166 353 290 46 82 496 165 51 128 73 4020 121 267 44 1110 493 97 209 57 721 325 69 459 105 132 74 144 174 95 390 77 143 46 497 2622 59 89
internal_value=0.00109295 0.0100468 -7.61672e-05 0.0021 0.0115786 0.00860158 -0.00107682 -0.00397371 0.000944444 0.00264982 0.000499101 0.00345489 0.000484629 -0.00345905 0.000718207 0.000272109 0.00314039 -0.00235222 -0.0069795 2.70758e-05 -0.000769651 0.00397059 -0.000782916 -0.000592318 -0.00740385 -0.000475982 0.00182022 -0.00464052 -0.00976331 0.00477333 0.00564012 0.00650723 -0.0016791 -0.000670026 -0.000543122 -0.00106049 -0.000480357 0.00275598 -0.00453683 0.000885853 -0.00170863 -0.00126184 -0.0010461 -0.0052993 -0.00620026 0.00239206 -0.00613636 -0.00210304 0.00327543 6.30252e-05 -0.00243004 -0.00246774 -0.00366018 -0.0048125 0.00150974 -0.000245499 0.00120787 0.00492038 0.000864209 5.96695e-05 0.000801155 -0.00583893
internal_weight=24044 2776 21268 449 2327 1136 10739 988 10529 2235 1111 520 8294 463 7831 6614 1217 1217 633 553 915 237 9751 9293 155 9138 444 458 168 1124 991 898 133 8730 8533 6265 5370 1044 895 2268 833 4326 4229 851 778 1435 197 591 402 237 678 309 667 239 923 610 533 313 5397 3267 2770 148
internal_count=24044 2776 21268 449 2327 1136 10739 988 10529 2235 1111 520 8294 463 7831 6614 1217 1217 633 553 915 237 9751 9293 155 9138 444 458 168 1124 991 898 133 8730 8533 6265 5370 1044 895 2268 833 4326 4229 851 778 1435 197 591 402 237 678 309 667 239 923 610 533 313 5397 3267 2770 148
is_linear=0
shrinkage=0.03


Tree=101
num_leaves=63
num_cat=0
split_feature=9 1 6 1 20 25 0 20 26 8 26 20 18 24 6 11 1 27 8 5 6 1 14 26 14 14 1 25 25 17 17 25 12 22 22 18 14 17 17 17 27 7 5 7 10 17 24 17 26 8 12 14 11 1 8 7 8 12 17 8 14 12
split_gain=287.974 30.3866 28.0557 22.9144 21.3905 19.2238 17.6844 16.4269 14.1372 12.8227 12.1211 10.8327 10.4964 10.064 11.3991 10.8005 9.91256 9.59867 12.5612 12.2076 9.12333 11.6099 9.0314 9.7321 8.5391 11.7831 8.52181 9.08263 14.4181 8.33208 8.15843 8.07961 8.02684 7.75887 13.5907 8.15142 8.55108 7.513 7.4357 7.35052 7.30558 7.21474 6.98012 6.66232 6.55911 6.46511 8.73195 6.3571 6.06002 6.45476 7.79992 7.37382 6.04019 6.74055 5.85809 7.30829 5.81812 10.1832 5.88297 8.87327 5.64106 5.54459
threshold=9499.0850000000009 5.5000000000000009 -0.63405362205439475 5.5000000000000009 11439.250000000002 17.265000000000004 28.500000000000004 13987.900000000003 10.600000000000001 0.063390085881955341 4.2350000000000003 -25836.399999999998 12629.200000000003 2.5125000000000015 0.83146961230254501 4672.1500000000005 1.0000000180025095e-35 -0.60500000000000032 -0.92999516916204616 -0.2901292552028415 0.77259657388510627 5.5000000000000009 1827.706400192126 4.5600000000000005 2962.8643076782387 3851.3015437647823 1.5000000000000002 15.130000000000001 17.295000000000005 1001.8700000000001 2610.5500000000006 14.825000000000001 4337.2423363095249 3703.0957552083341 5045.3175093005966 12327.600000000002 2243.0255533977274 1001.6650000000001 896.97500000000014 350.00000000000006 0.044999999999999936 -0.36647417525074694 0.97335555334614943 0.70517752626968588 930.1450000000001 1921.2650000000003 10.893749999999999 1405.9250000000004 10.150000000000002 -0.16799793862756093 2826.2293229166671 2682.2216596261387 3499.4150000000004 2.5000000000000004 -0.26867065956352881 -0.97509794945709805 -0.46800559042974538 3562.9140178571438 2423.4600000000005 0.95178258287705175 2197.8584786202723 4032.093712797619
decision_type=2 2 2 2 2 2 2 2 2 2 2 2 2 2 2 2 2 2 2 2 2 2 2 2 2 2 2 2 2 2 2 2 2 2 2 2 2 2 2 2 2 2 2 2 2 2 2 2 2 2 2 2 2 2 2 2 2 2 2 2 2 2
left_child=2 4 3 8 6 -5 47 60 24 11 -4 -7 -11 14 56 20 -10 18 -17 -19 21 38 23 -16 26 45 27 -1 44 -27 31 -28 -22 -33 -35 36 -36 -23 48 -18 -14 -38 -40 -9 -29 46 -26 -2 49 51 -51 -15 61 -54 -48 -56 57 -12 59 -58 -3 -24
right_child=1 7 10 5 -6 9 -8 43 16 12 13 -13 40 15 22 17 39 19 -20 -21 32 37 52 -25 25 29 30 28 -30 -31 -32 33 -34 34 35 -37 41 -39 42 -41 -42 -43 -44 -45 -46 -47 54 -49 -50 50 -52 -53 53 -55 55 -57 58 -59 -60 -61 -62 -63
leaf_value=-0.0055408353591726639 0.005770756617152894 0.00066987178611080714 -0.0020639440728577483 -0.027438696151409387 0.0019794823581214872 -0.013094486225061264 0.0023689484798232741 0.00018494174353598678 0.00053609529300207009 0.0019250440685004565 -0.0015084418838387269 -0.00060638979364544096 0.00069183519772963997 0.0031705239577629208 -0.0009632002424975638 0.0050714252459083736 -0.0023172958692889265 0.0051380595471975533 -0.0010687940780070447 -0.00035570526470789509 0.00087268281738296595 -0.0037527924434915859 -0.00022798113333566405 0.00017043705058806147 -0.0050784473528604091 0.0011959003984661808 0.0014999464634715576 0.0006541807947856703 6.3056805349477333e-05 -0.0006842012654390394 0.0013926016129190088 -5.5424396384262664e-06 -0.00023822047348199149 -0.0016593608230128787 -0.0020802737464229002 -0.002111740587329063 -4.1740857334895409e-05 -0.00025204962356120572 -1.9688938516999598e-05 -0.014845640882580814 -0.0014516076324410498 0.00071435626740555145 0.00071460002586695378 0.0027889581061492307 0.0013191537653046038 0.00054752702169806871 0.001248119843350759 -0.0043466549138360833 0.0026697773630217189 0.0011454786412915619 -0.0015514194795003711 0.0003683986362300118 -0.0010631417736071569 -0.00021828102816414229 0.0007672131805475102 -0.0089864294210843538 0.00010741398169535898 -2.8868186304631392e-05 -0.00018828170375789988 0.00064219061133561793 -0.00055037935784652881 0.00010561525380211378
leaf_weight=112 48 79 52 284 1213 132 996 62 63 72 86 163 88 119 45 66 85 539 175 138 622 157 1277 572 334 88 132 145 1014 69 69 1600 123 456 151 65 531 372 1777 243 231 146 193 134 256 46 60 91 116 56 127 256 297 311 58 60 4867 533 555 649 176 390
leaf_count=112 48 79 52 284 1213 132 996 62 63 72 86 163 88 119 45 66 85 539 175 138 622 157 1277 572 334 88 132 145 1014 69 69 1600 123 456 151 65 531 372 1777 243 231 146 193 134 256 46 60 91 116 56 127 256 297 311 58 60 4867 533 555 649 176 390
internal_value=0.00118387 0.0102268 -9.18771e-06 -0.00160572 0.0115964 -0.00587024 0.00862236 0.00308628 -0.000889523 -0.0031441 0.000735955 -0.00785473 0.000420918 0.000788543 0.000225399 0.00190407 -0.00639031 0.00483134 -0.000309917 0.00665929 0.00121715 0.000515123 -0.00134808 0.00186893 -0.000489523 -0.0035405 -2.24455e-05 0.0018161 0.00246822 0.00370253 -0.000913996 -0.00114374 0.00420241 -0.00146949 -0.00314444 -0.000989933 -0.000180941 -0.00353774 0.00132703 -0.00848024 -0.00192187 0.00126106 0.000395738 0.00959391 0.00727612 -0.0055814 -0.00654971 -0.00139286 0.00404444 0.00273703 -0.001875 0.0049867 -0.002221 -0.00477833 -0.00117318 -0.00504202 0.000905694 -0.0018629 0.00118824 0.0014845 -0.00193359 -0.00128597
internal_weight=24022 2799 21223 6753 2348 970 1135 451 5783 686 14470 295 391 14418 9582 4836 391 918 241 677 3918 3173 2892 617 5392 715 4677 1527 1415 157 3150 3081 745 2949 1349 893 828 529 2644 328 319 677 1970 196 401 558 512 139 674 558 183 375 2275 608 178 118 6690 619 6071 5516 255 1667
internal_count=24022 2799 21223 6753 2348 970 1135 451 5783 686 14470 295 391 14418 9582 4836 391 918 241 677 3918 3173 2892 617 5392 715 4677 1527 1415 157 3150 3081 745 2949 1349 893 828 529 2644 328 319 677 1970 196 401 558 512 139 674 558 183 375 2275 608 178 118 6690 619 6071 5516 255 1667
is_linear=0
shrinkage=0.03


Tree=102
num_leaves=63
num_cat=0
split_feature=9 20 10 0 20 10 16 2 15 14 17 14 17 18 8 21 27 4 27 0 8 26 27 27 21 15 26 10 16 6 15 16 0 17 17 17 10 16 15 8 26 26 21 27 20 27 18 22 5 17 15 23 19 27 0 9 0 17 21 22 23 19
split_gain=279.689 25.0706 21.1566 12.3211 9.23497 8.59921 8.57147 8.58779 10.7097 8.46404 8.59278 7.9401 7.32182 6.80271 7.05135 6.6541 6.57743 6.4244 15.3291 13.8378 10.8069 5.95322 5.45683 8.45527 5.40355 6.35637 5.56741 9.44163 7.40708 6.64212 9.7466 5.82272 16.5161 9.53125 11.8371 13.7168 10.4433 9.30914 8.97481 7.53737 8.21227 7.34565 8.18566 9.39417 7.23436 7.05364 12.5489 6.38468 6.36138 7.68699 7.05367 5.99718 6.87238 5.76712 7.21483 6.41519 5.65944 7.99425 8.56501 5.41107 5.37875 5.27652
threshold=9499.0850000000009 11439.250000000002 3090.4450000000002 28.500000000000004 -46329.94999999999 5048.6500000000005 9854.590000000002 7.5000000000000009 2797.8418750000001 3161.7431564842291 399.25500000000005 2908.0666838041102 1405.9250000000004 13992.650000000003 -0.18493013702746822 6025.7633333333342 0.96499999999999997 1.0000000180025095e-35 -0.32499999999999923 34.500000000000007 0.18281312110578132 11.325000000000001 4.8799999999999999 0.96499999999999997 6278.9966666666678 4810.7252083333342 11.265000000000002 1808.3950000000002 9999.6750000000011 -0.9733555533461492 3309.3371875000007 4865.0250000000005 23.500000000000004 200.01000000000002 499.56500000000005 1001.8700000000001 1001.8450000000001 5012.3750000000009 4900.826822916667 0.86439018870140905 9.3750000000000018 7.9800000000000013 3154.9150000000004 -0.30499999999999966 -11662.699999999999 0.46499999999999991 9029.3500000000022 3883.9073735119055 0.58216583101416164 2550.1350000000007 2780.7072395833338 31.006250000000005 40214.80000000001 0.23499999999999946 9.5000000000000018 2030.6300000000003 16.500000000000004 1815.1000000000001 3864.1433333333339 5426.0735057043667 15.956250000000002 16279.250000000002
decision_type=2 2 2 2 2 2 2 2 2 2 2 2 2 2 2 2 2 2 2 2 2 2 2 2 2 2 2 2 2 2 2 2 2 2 2 2 2 2 2 2 2 2 2 2 2 2 2 2 2 2 2 2 2 2 2 2 2 2 2 2 2 2
left_child=2 3 4 12 9 16 7 8 -7 10 -1 -10 -2 15 -15 -5 21 22 -19 -20 -21 -4 23 24 26 -26 29 28 -28 30 -6 32 44 -33 41 36 47 -37 45 40 -34 42 -35 -44 -31 48 -47 -36 -39 50 -50 52 53 54 -38 -56 -48 58 60 -53 -58 -9
right_child=1 -3 5 13 17 6 -8 61 11 -11 -12 -13 -14 14 -16 -17 -18 18 19 20 -22 -23 -24 -25 25 -27 27 -29 -30 31 -32 33 39 34 35 37 51 38 -40 -41 -42 -43 43 -45 -46 46 56 -49 49 -51 -52 59 -54 -55 55 -57 57 -59 -60 -61 -62 -63
leaf_value=0.0006451128441598452 0.0056729461430116588 0.0019200978873778318 0.00013899950159636631 0.0034203847752955949 0.00072124567675225571 -0.0022240839158853285 0.000348099476322421 0.0074608785632322488 0.0063370559133206147 -0.030532218025489895 -0.0078348351180643847 -0.00080622206418421881 -0.0038654885796985724 0.0020828595805075165 0.0021325936112341192 -0.00041062782018220996 -0.0013446597216932865 -0.040903657721020517 0.00066663275240355971 3.9319039842853342e-05 -0.0044262057333297779 -0.00052230427459603484 0.0015103602043199781 -0.0018117304447576464 -0.001075685715416137 0.00058539786790288593 2.5975025307669596e-05 -7.0102691988731535e-05 -0.03087732863546732 -0.0013164359960264704 2.8602480037376309e-05 0.0009813404630435096 -0.00068600360500535194 -0.0016543660600686881 0.00057475232296134494 -0.0020236194919229433 0.0012018624632812002 -4.1240927272347961e-05 -0.00087081021350741581 0.0016231505287779768 0.00075821535766309902 -0.0071986481658865564 -0.0033146062554167965 0.00093704671371144235 0.00024528047546042321 -0.0028338391067345104 0.00021986521330186637 -0.0086307621908536664 -0.0004657395624848082 -0.00059827818382101933 0.00021215793287398198 0.0017723533906238485 -0.0010409441330975744 0.0010728974300430671 0.0024739236703919198 -9.0404949082749643e-05 0.00033990378593037104 -0.0012299786809967016 0.0011166473521680409 4.1275118154300295e-05 -0.0014039595453221843 0.0023158236515576822
leaf_weight=131 50 1474 7238 138 388 66 940 209 209 69 180 48 98 430 480 114 50 97 116 186 140 215 58 111 439 63 42 345 136 172 890 292 302 80 62 86 60 3479 374 43 107 145 120 217 40 141 182 104 128 56 1335 151 92 228 54 248 60 120 96 46 193 71
leaf_count=131 50 1474 7238 138 388 66 940 209 209 69 180 48 98 430 480 114 50 97 116 186 140 215 58 111 439 63 42 345 136 172 890 292 302 80 62 86 60 3479 374 43 107 145 120 217 40 141 182 104 128 56 1335 151 92 228 54 248 60 120 96 46 193 71
internal_value=0.00122946 0.0101688 5.78796e-05 0.00713959 -0.000757067 0.00115729 0.00319624 0.0059851 0.00263889 -0.00535433 -0.00322115 0.00540698 -0.00100671 0.00817713 0.00938529 0.00379447 0.000737607 -0.000608879 -0.00380556 -0.00142212 -0.00458716 0.000810974 -0.000455875 -0.000503652 -0.000420977 -0.00345924 -0.000276967 -0.00329198 -0.00888268 -0.000120392 0.00189992 -0.000413547 -0.00311278 -0.000193252 -0.000391321 -6.78454e-05 0.00311185 -0.000599904 -0.000462287 0.00013245 -0.00113415 -0.00458259 -0.00254785 -0.000488166 -0.01 -0.000170955 -0.0027995 -0.00377246 0.000246049 0.00186513 0.00228484 0.00441477 0.00307467 0.00426396 0.00190083 0 -0.00103528 -0.0027766 -0.000471429 0.00901515 -0.00336614 0.00982206
internal_weight=24034 2784 21250 1310 12204 9046 1543 603 323 380 311 257 148 1162 910 252 7503 11824 539 442 326 7453 11285 11227 11116 502 10614 523 178 10091 1278 8813 664 8149 7857 7295 1045 6250 6164 452 409 562 417 337 212 5790 792 166 4998 1519 1463 879 682 590 362 302 651 469 349 197 253 280
internal_count=24034 2784 21250 1310 12204 9046 1543 603 323 380 311 257 148 1162 910 252 7503 11824 539 442 326 7453 11285 11227 11116 502 10614 523 178 10091 1278 8813 664 8149 7857 7295 1045 6250 6164 452 409 562 417 337 212 5790 792 166 4998 1519 1463 879 682 590 362 302 651 469 349 197 253 280
is_linear=0
shrinkage=0.03


Tree=103
num_leaves=63
num_cat=0
split_feature=9 1 20 10 7 0 1 10 14 25 7 24 20 14 1 16 0 22 25 4 27 0 16 1 6 25 18 22 24 18 0 16 6 26 26 22 26 22 27 20 27 25 7 9 10 27 14 16 7 11 27 4 22 2 22 14 26 27 14 14 23 27
split_gain=270.604 39.2766 22.8947 22.4899 20.2521 17.2974 11.1446 10.834 10.9114 8.93925 9.28556 8.90508 8.6572 8.85685 9.44924 7.47885 14.6978 8.4848 6.83602 6.61615 16.6506 10.4565 9.05792 7.38618 22.6331 10.4617 13.1622 9.38298 8.91186 9.03875 10.3977 13.8486 7.58641 10.6705 7.79909 7.19165 6.93756 6.68637 6.18001 14.2998 8.86363 8.10685 9.22899 7.13639 6.00992 6.26626 5.95386 5.8718 5.82699 6.21044 5.80745 5.777 9.82869 9.42122 5.72787 6.35421 5.38277 5.35495 5.29917 7.4748 5.75389 6.42786
threshold=9499.0850000000009 5.5000000000000009 11439.250000000002 3359.2900000000004 0.90892735371523092 28.500000000000004 3.5000000000000004 6000.295000000001 2461.3397994156508 18.950000000000003 0.89787622492179153 2.5125000000000015 -46329.94999999999 3161.7431564842291 3.5000000000000004 5911.5550000000012 11.500000000000002 5846.5585912698416 17.405000000000005 1.0000000180025095e-35 -0.32499999999999923 33.500000000000007 9999.6750000000011 5.5000000000000009 0.13052619222005152 22.505000000000003 9498.3000000000011 3098.0572941468258 1.4812499999999995 11083.650000000003 19.500000000000004 4900.505000000001 -0.77259657388510605 10.600000000000001 7.955000000000001 3578.406418650794 7.8050000000000006 3997.8460416666671 -0.47000000000000058 -36096.349999999984 -0.79999999999999882 18.385000000000002 0.90162119223771331 2244.1200000000003 2206.0700000000002 0.31000000000000055 2276.465406832699 4396.0600000000004 0.98522604642031408 1545.7350000000004 1.0000000180025095e-35 1.0000000180025095e-35 3682.6409784226194 3.5000000000000004 3574.4638368055562 1108.5200585872055 6.8750000000000009 0.049999999999998941 2483.3573470644774 2382.1758585809152 26.756250000000005 0.094999999999998877
decision_type=2 2 2 2 2 2 2 2 2 2 2 2 2 2 2 2 2 2 2 2 2 2 2 2 2 2 2 2 2 2 2 2 2 2 2 2 2 2 2 2 2 2 2 2 2 2 2 2 2 2 2 2 2 2 2 2 2 2 2 2 2 2
left_child=3 2 5 12 -3 -2 7 15 -9 -8 -11 -10 13 14 -1 16 -5 -17 -13 23 -21 -22 -23 28 25 26 -25 -28 29 30 31 -14 33 34 38 -31 -37 -38 40 54 41 42 -30 -42 45 -33 -35 -32 -36 -50 -29 53 -53 -7 55 -40 -41 -12 59 60 61 -18
right_child=1 4 -4 6 -6 51 9 8 11 10 57 18 19 -15 -16 17 58 -19 -20 20 21 22 -24 24 -26 -27 27 50 32 35 47 44 -34 46 48 36 37 -39 39 56 43 -43 -44 -45 -46 -47 -48 -49 49 -51 -52 52 -54 -55 -56 -57 -58 -59 -60 -61 -62 -63
leaf_value=0.00022302971669219574 -0.00078207649097412175 -0.00033393838904585135 0.0018624949507564813 -0.00078884178181560572 0.0026476864263433875 0.0016023580813616255 -0.00012271424150588572 0.0073653006560790678 -0.0010397264994613221 -1.4734722412308442e-05 0.0049150025341950249 0.0073552248568901296 -0.0015078470600014614 -0.02965607987358658 -0.020477532849281593 0.00038563754408940551 -0.00067625742314030284 0.0028897525544199351 0.00023031602133514182 -0.041003026253192291 0.00054447173134364757 -0.0041370460681980073 2.4600049905121325e-06 -0.016449788157748991 0.00018512583235313684 0.0019251783006399004 0.0011517498198157837 -8.5803078477408862e-05 -0.0015502083673236109 8.1837835199216613e-05 0.0010618944929954833 0.00057905632968516588 0.00024003606686019195 -0.00027428369312646692 0.00039017670581933391 -0.00050595852390851622 -8.9951496670330751e-05 0.00091706501895467247 0.00079632672540201892 -0.0003209441529655077 0.00073684577378583247 -0.0022632441867016426 0.0011595194863172286 -0.00040182574196061081 -0.00044800443358089303 -0.00032981189060287796 -0.01183167342219555 -0.00017266514836443479 0.0017309931716575377 -0.0012381142724964623 -0.0016527120484457836 0.004838992591148914 -0.010949607180154128 0.0024015738745565771 0.00060158232949014234 -0.003202505903876158 -0.0029981780136966395 0.00066085371834607716 -0.00031149368435916535 0.0030631489826128885 0.0019994156369580905 0.00043646002299828622
leaf_weight=181 142 303 1222 161 150 165 2409 307 138 512 107 94 149 75 120 2351 146 101 91 120 146 163 221 397 591 40 65 250 43 2261 102 89 2907 82 782 518 756 74 60 147 281 81 48 112 536 163 126 1116 42 127 439 40 41 744 186 79 319 264 253 80 97 258
leaf_count=181 142 303 1222 161 150 165 2409 307 138 512 107 94 149 75 120 2351 146 101 91 120 146 163 221 397 591 40 65 250 43 2261 102 89 2907 82 782 518 756 74 60 147 281 81 48 112 536 163 126 1116 42 127 439 40 41 744 186 79 319 264 253 80 97 258
internal_value=0.00108974 0.00984509 0.0114013 -6.10841e-05 0.0017511 0.00831421 0.00128019 0.00232835 0.00594295 -1.82205e-05 0.00256222 0.00208333 -0.000767417 -0.00525199 -0.00293046 0.00166618 -0.000527108 0.00255605 0.00637097 -0.000643219 -0.00359447 -0.00129944 -0.0038961 -0.000495027 -0.00228828 -0.00466862 -0.00519531 -0.00286093 -0.000209171 -0.00103036 -0.00256725 -0.00494136 0.000663839 -0.000542528 4.54939e-05 -0.000112188 -0.00184581 -0.000144404 -0.00141489 -0.003125 0.000980565 -0.00468208 0.00146739 0.00346447 -0.00334601 0.000474308 -0.00703349 -0.00073831 0.0021271 -0.00291176 -0.0038913 0.00971746 0.0020122 0.0104011 0.00170245 -0.00289286 -0.00648822 0.00616935 0.00107784 0.00265464 0.00128486 -0.000296296
internal_weight=24170 2807 2354 21363 453 1132 7369 4077 630 3292 883 323 13994 376 301 3447 995 2452 185 13618 650 530 384 12968 1782 1191 1151 754 11186 5764 2155 937 5422 2515 2307 3609 1348 830 1356 791 565 172 91 393 788 252 208 1218 951 169 689 990 81 909 325 139 466 371 834 581 501 404
internal_count=24170 2807 2354 21363 453 1132 7369 4077 630 3292 883 323 13994 376 301 3447 995 2452 185 13618 650 530 384 12968 1782 1191 1151 754 11186 5764 2155 937 5422 2515 2307 3609 1348 830 1356 791 565 172 91 393 788 252 208 1218 951 169 689 990 81 909 325 139 466 371 834 581 501 404
is_linear=0
shrinkage=0.03


Tree=104
num_leaves=63
num_cat=0
split_feature=9 11 11 20 4 15 3 18 12 12 12 10 14 15 15 23 3 11 26 12 23 7 12 9 22 25 22 9 11 21 23 19 7 21 27 11 12 27 14 15 7 24 27 15 15 26 7 22 27 27 7 24 18 22 16 14 14 7 26 22 19 25
split_gain=274.254 26.1617 21.895 13.3979 12.2525 11.0638 21.213 10.5217 14.4337 10.1359 10.0073 14.9618 12.3728 9.81955 9.7657 12.1737 8.81399 8.49658 9.96034 11.5515 8.33331 8.20202 7.98431 8.84448 7.67646 7.08278 7.0199 7.10184 9.477 6.86871 9.51963 6.45546 6.50623 6.0842 5.96071 7.95749 6.39929 5.9203 6.18714 7.90954 5.77984 8.15975 10.2476 11.2787 7.32089 6.62624 6.43859 7.37689 6.72259 6.03123 5.65943 5.46864 5.42384 5.38962 5.86648 9.76844 7.34217 6.11264 5.28253 5.24867 5.15424 5.10885
threshold=9499.0850000000009 5629.4650000000011 3386.0850000000005 11439.250000000002 1.0000000180025095e-35 4810.7252083333342 1.0000000180025095e-35 11083.650000000003 5106.5190104166677 3452.1351488095247 4392.1059523809536 5048.6500000000005 2780.8013911423077 4444.8677083333341 3540.9522395833342 30.256250000000005 1.0000000180025095e-35 2749.1100000000001 9.6800000000000015 4241.5565104166681 22.768750000000008 0.95998215779580554 4823.5526488095247 3896.9800000000005 5957.4255617559529 19.315000000000001 5485.50656498016 2297.4700000000007 1630.7750000000003 6244.5200000000004 28.531250000000004 33945.650000000001 -0.78856175031405207 3342.5300000000002 0.17500000000000074 1005.0350000000001 2953.131733630953 -0.53500000000000003 2839.3453438466845 4450.2480729166682 -0.43733984355855576 4.7562499999999988 0.33499999999999913 4900.826822916667 4235.1539062500005 7.6000000000000005 -0.37447345805034543 3172.7042981150798 -0.82000000000000017 0.58000000000000018 0.98522604642031408 10.231250000000001 21602.250000000004 3079.0201574900798 4764.3650000000007 2780.8013911423077 2775.9050963299883 0.5009122898073749 11.645000000000001 3060.9232998511911 39806.05000000001 20.580000000000002
decision_type=2 2 2 2 2 2 2 2 2 2 2 2 2 2 2 2 2 2 2 2 2 2 2 2 2 2 2 2 2 2 2 2 2 2 2 2 2 2 2 2 2 2 2 2 2 2 2 2 2 2 2 2 2 2 2 2 2 2 2 2 2 2
left_child=2 5 7 4 -3 6 -2 8 13 -8 11 25 -12 14 15 50 -13 18 19 24 21 -7 37 33 26 58 27 28 -16 30 52 32 -15 -24 35 36 -17 -14 -39 -40 41 42 43 44 -9 49 47 -42 60 -44 53 -34 -11 -1 56 57 -55 -56 -4 -50 -48 -27
right_child=1 3 10 -5 -6 20 9 40 -10 29 12 16 22 31 17 34 -18 -19 -20 -21 -22 -23 23 -25 -26 61 -28 -29 -30 -31 -32 -33 51 -35 -36 -37 -38 38 39 -41 46 -43 45 -45 -46 -47 48 -49 59 -51 -52 -53 -54 54 55 -57 -58 -59 -60 -61 -62 -63
leaf_value=-0.0012247070186198882 0.0035475220991485834 0.0019284091543151759 0.00015756495386879622 0.0018066201022337758 -0.0074367025721963475 0.0031695784159175931 0.0014087294002689886 0.00044479968438751347 -0.034588819846325509 -0.0029543462621541036 -0.00042353949511003908 0.0056093652475636092 0.0016938473552654543 -0.0009524990134257027 -0.039378003896669511 0.0010107496004088201 5.7633774921610477e-05 4.3665096267275772e-06 -0.017096416805461128 -0.026811914727148212 0.0030273232881866006 -0.006770434954545994 0.00097649454827782197 -0.00053718304971573261 -0.0053363641315239321 0.0018035762689858181 0.00034656476560265934 -0.0014882675790542431 6.3088356251861374e-05 -0.0019332253681350674 0.0012588200411274108 0.0011867362827136408 0.00028346269660869613 0.00013732335676983176 0.0011401838570720545 0.00034250802346535102 -0.012798453927133658 -0.0010311266643594408 -0.00060374555523219793 0.0011202732031853379 -7.4889199149730245e-06 -0.00031992759334995566 -0.00025698627120875452 -0.0011444891682913471 0.0017038177392898212 -0.00094987389671516095 0.0014901894786779834 -0.004260683080007141 0.00069015249803720195 0.00076641669538146217 -0.0031202601125810501 -0.0012317197781732414 0.00048565770007267693 -0.00093765648463730146 -2.5407609975749421e-05 -0.0028041125579586178 0.00068793718990224129 0.0016795452487451356 -0.0014365406950930071 -2.6883603714633606e-05 -0.0001461898044854859 -0.00035664011749553026
leaf_weight=326 146 723 4203 1089 48 54 80 509 132 82 462 795 178 116 40 55 276 397 182 149 348 44 56 410 74 273 389 124 200 54 59 165 431 178 141 645 95 61 63 112 103 223 171 64 165 105 91 90 82 205 123 51 40 436 2228 169 71 57 60 5386 59 60
leaf_count=326 146 723 4203 1089 48 54 80 509 132 82 462 795 178 116 40 55 276 397 182 149 348 44 56 410 74 273 389 124 200 54 59 165 431 178 141 645 95 61 63 112 103 223 171 64 165 105 91 90 82 205 123 51 40 436 2228 169 71 57 60 5386 59 60
internal_value=0.00120292 0.0100849 4.52041e-05 0.0121225 0.00907383 0.00589758 0.00262987 -0.000643772 -0.00149183 -0.00175633 0.0013919 0.00197159 -0.000769231 -0.00129632 -0.00171044 -0.000979986 0.00516325 -0.00375 -0.00504745 -0.00383828 0.00926174 0.00151515 0.00101983 -0.00106977 -0.00244565 0.00122689 -0.00153183 -0.00452055 -0.00149378 -0.00489407 -0.00206044 0.00190445 0.000450751 0.00357447 0.00204909 0.00103643 -0.00516556 0.00426506 0.00113924 0.00400568 0.000150951 0.00185031 0.00281557 0.00503383 0.00617778 -0.000591286 -0.000270991 -0.00564433 -8.54245e-05 0.00127321 -0.00181179 0.00198758 -0.00682927 -0.00157391 -0.00116982 -0.000562118 -0.00410433 -4.59318e-05 0.000897045 -0.000257817 0.00615894 0.00543413
internal_weight=24003 2767 21236 1860 771 907 461 14049 6796 315 7187 5667 1520 6664 5901 4346 1071 1555 1158 976 446 98 1058 644 827 4596 753 364 240 235 181 763 598 234 936 795 150 414 236 175 7253 1442 1219 738 674 481 5811 193 5618 376 3410 482 122 3287 2961 2454 507 2285 4263 5468 150 333
internal_count=24003 2767 21236 1860 771 907 461 14049 6796 315 7187 5667 1520 6664 5901 4346 1071 1555 1158 976 446 98 1058 644 827 4596 753 364 240 235 181 763 598 234 936 795 150 414 236 175 7253 1442 1219 738 674 481 5811 193 5618 376 3410 482 122 3287 2961 2454 507 2285 4263 5468 150 333
is_linear=0
shrinkage=0.03


Tree=105
num_leaves=63
num_cat=0
split_feature=9 1 15 19 10 1 19 18 15 26 0 1 15 26 0 26 1 16 27 27 26 8 17 1 22 22 23 1 22 2 1 15 5 12 15 17 12 27 0 12 25 27 25 26 5 10 22 27 8 8 4 22 12 8 12 15 24 8 17 8 1 1
split_gain=272.445 36.4305 22.4018 20.1236 9.55692 15.8473 8.82313 10.2445 9.86709 8.72181 10.3904 10.3822 24.4646 10.181 8.40027 9.34286 7.9376 7.58564 6.5899 7.29376 7.47227 6.58733 7.04094 6.41149 6.36076 14.2392 6.15655 6.08371 6.70403 11.304 6.00258 5.84188 12.9836 12.0132 8.72399 9.01464 7.56982 6.6032 8.57273 5.79742 5.38486 11.1665 6.0897 5.32353 8.71824 5.27296 5.266 18.0569 15.2175 10.5113 9.89509 7.95481 8.66995 8.24302 10.5677 6.74678 6.97314 8.69515 6.66094 7.83977 7.7487 6.28537
threshold=9499.0850000000009 5.5000000000000009 5295.0756250000004 22411.850000000002 930.1450000000001 5.5000000000000009 8371.5000000000018 15375.150000000003 5714.2488541666671 9.3450000000000006 73.500000000000014 1.0000000180025095e-35 2412.4126562500001 7.8250000000000011 31.500000000000004 7.9250000000000007 2.5000000000000004 5281.1400000000003 -0.21499999999999983 -0.44500000000000023 7.1200000000000001 0.38043945030393422 99.77500000000002 4.5000000000000009 5202.7901717509931 5589.3730605158735 21.531250000000004 3.5000000000000004 5558.6630592757947 6.5000000000000009 2.5000000000000004 2923.4103645833338 -0.72947329433276231 3401.3108630952388 4450.2480729166682 2025.3700000000001 3263.2243005952382 0.30499999999999977 5.5000000000000009 3636.5748214285718 20.640000000000004 0.96499999999999997 20.600000000000005 11.265000000000002 0.84874750804349197 1834.2350000000004 5403.5780233134928 -0.79000000000000081 -0.36648370705903521 -0.42958798411962301 1.0000000180025095e-35 3703.0957552083341 2800.5643898809526 0.93469109537144635 4068.5145684523818 5714.2488541666671 10.231250000000001 -0.70441485942641635 1933.0700000000004 -0.79512036181005141 5.5000000000000009 4.5000000000000009
decision_type=2 2 2 2 2 2 2 2 2 2 2 2 2 2 2 2 2 2 2 2 2 2 2 2 2 2 2 2 2 2 2 2 2 2 2 2 2 2 2 2 2 2 2 2 2 2 2 2 2 2 2 2 2 2 2 2 2 2 2 2 2 2
left_child=3 6 -3 9 5 24 7 -2 23 10 13 12 -12 27 15 -15 21 30 19 20 -19 22 -17 -8 -5 -26 -11 28 29 -1 -13 32 -28 36 37 -36 -34 38 -33 -25 41 42 43 46 45 -45 48 -48 49 55 58 -50 -53 -54 -55 56 57 -6 60 -60 -49 -52
right_child=1 2 -4 4 40 -7 8 -9 -10 26 11 17 -14 14 -16 16 -18 18 -20 -21 -22 -23 -24 39 25 -27 31 -29 -30 -31 -32 34 33 -35 35 -37 -38 -39 -40 -41 -42 -43 -44 44 -46 -47 47 50 51 -51 61 52 53 54 -56 -57 -58 -59 59 -61 -62 -63
leaf_value=-0.00027118757391047409 0.0021524008762952283 -0.00033414195588896687 0.0025140572304860596 5.6280677939657403e-06 0.00096924699710205782 -0.052957660668701195 0.0019247337349320936 0.0017524214991667363 -0.0052913831802197638 0.00022009987644306504 -0.0016295940085469505 0.00054689654384402423 0.0055878674327646746 0.0034514824113771781 -7.5110955730721686e-05 0.0022090677543632961 0.00064583559048607235 0.0025128528909119652 6.6573081573615404e-05 0.0024345373961408255 -0.0012833815406844984 0.00085872106730125344 -0.00018779632662170974 0.0027044670738542017 -0.018003543321446987 0.00048596975610398552 0.0028885000824587512 -0.00021860071244148572 -0.0002343099461739939 0.00056227406987485295 0.0042430213631266594 0.00070210934863461632 -9.9695487342859048e-05 -0.0029602063471085936 0.0016693878430823793 -0.00096381103586350213 0.0033139490455412887 0.0005062172950888932 -0.00084601147173550822 -0.0039949213212423368 0.00084710917829140082 -0.0021345778540142568 -0.0042763041960668241 -0.015924151977150015 0.00079224908910747961 -0.00035898921902003165 -0.035495295812791622 0.0001763554344068341 6.7116805178502042e-06 0.001169523000655488 -0.040891824705320691 0.00065117717115766634 -0.00089144537984725764 0.00069261273308563354 -0.00020349629045835372 -0.0011312576384104743 -0.0010527294183659119 3.5415317045477402e-05 -0.0023585761277767859 0.00065880910757885045 -0.0050632045625977895 -0.00022942905542734147
leaf_weight=511 387 309 150 452 190 121 462 1307 47 675 91 59 317 124 482 55 693 48 1136 238 93 67 326 64 161 124 147 1451 425 1003 78 90 142 122 145 58 45 118 943 61 65 105 61 116 58 200 103 1130 6010 220 77 163 1020 107 413 73 40 240 163 77 123 48
leaf_count=511 387 309 150 452 190 121 462 1307 47 675 91 59 317 124 482 55 693 48 1136 238 93 67 326 64 161 124 147 1451 425 1003 78 90 142 122 145 58 45 118 943 61 65 105 61 116 58 200 103 1130 6010 220 77 163 1020 107 413 73 40 240 163 77 123 48
internal_value=0.00116059 0.00998027 0.00225 8.43368e-06 -0.000830975 -0.0038766 0.0115028 0.0126372 0.00845669 0.00101931 0.00154835 0.00334789 0.00762836 0.000826197 0.00268593 0.00396919 0.00311296 0.00228675 0.00167216 0.00509211 -0.000316901 0 -0.00153141 0.00951531 -0.00221545 -0.00571678 -0.000512872 -0.000132704 0.000966495 0.00190099 0.00902174 -0.00142463 0.00150985 -0.00198387 -0.00241328 0.00330882 0.00279255 -0.00342448 -0.00419246 0.00345238 -0.000588725 -0.000641181 -0.000544531 -0.000489501 -0.004 -0.00596215 -0.000360365 -0.00187282 -5.30848e-05 0.0039856 -0.00109327 -0.000453072 -0.00226232 -0.00295912 0.000115163 0.00173713 0.00305732 0.00417633 -0.000411647 -0.00497925 0.000466507 -0.00916667
internal_weight=24129 2787 459 21342 11660 858 2328 1694 634 9682 7197 2060 408 5137 1747 1265 1141 1652 1515 379 141 448 381 587 737 285 2485 3390 1939 1514 137 1810 456 309 1354 203 187 1151 1033 125 10802 10737 10632 10571 374 316 10197 1721 8476 763 1618 7713 1703 1540 520 543 470 430 1493 240 1253 125
internal_count=24129 2787 459 21342 11660 858 2328 1694 634 9682 7197 2060 408 5137 1747 1265 1141 1652 1515 379 141 448 381 587 737 285 2485 3390 1939 1514 137 1810 456 309 1354 203 187 1151 1033 125 10802 10737 10632 10571 374 316 10197 1721 8476 763 1618 7713 1703 1540 520 543 470 430 1493 240 1253 125
is_linear=0
shrinkage=0.03


Tree=106
num_leaves=63
num_cat=0
split_feature=9 1 15 11 18 14 19 18 15 23 22 12 1 26 6 14 23 17 14 26 4 17 8 21 26 22 17 21 25 6 1 26 14 9 1 5 15 17 17 25 26 26 23 12 26 22 17 1 22 26 18 22 1 8 22 17 12 1 17 14 12 22
split_gain=268.182 34.0705 20.3732 18.3886 11.3778 11.9629 8.73149 11.2958 10.7989 8.53347 8.47047 9.14299 12.5194 16.2738 14.6422 12.1524 11.4416 8.79948 8.62244 8.3667 7.99722 7.94724 8.25476 7.94665 7.38715 9.99202 7.30824 11.4923 10.4388 7.25453 10.0501 8.71497 7.09502 8.01322 6.72586 12.4621 6.97362 6.65764 13.932 10.5531 7.64546 9.20358 8.76458 8.59571 7.37395 6.99595 6.86108 8.108 7.93709 7.78392 6.92787 6.61529 6.56605 6.46652 6.90138 13.3816 8.64963 8.58022 6.42489 8.39248 6.39122 6.36877
threshold=9499.0850000000009 5.5000000000000009 5295.0756250000004 3349.7550000000006 11083.650000000003 3674.4326929131689 8197.4500000000025 14449.650000000003 5714.2488541666671 26.631250000000005 3079.0201574900798 3065.0214062500004 5.5000000000000009 10.665000000000001 -0.065403129230142923 2276.465406832699 31.081250000000008 1075.8050000000001 2957.9334347437903 7.4750000000000005 1.0000000180025095e-35 830.09500000000014 -0.92999516916204616 5669.5833333333348 9.1800000000000015 5418.0856684027776 1551.5250000000003 3222.1800000000007 17.385000000000002 0.81241147629689003 1.5000000000000002 8.3200000000000021 2153.767547160935 1700.4900000000002 1.5000000000000002 -0.81241147629689037 2780.7072395833338 1543.1100000000004 1692.6000000000001 19.155000000000005 7.8050000000000006 8.2100000000000026 24.393750000000008 3056.8239136904763 10.460000000000003 3169.9030270337307 2636.5350000000003 5.5000000000000009 3110.9703844246037 5.8200000000000012 13892.050000000001 3727.6182229662704 4.5000000000000009 -0.99864786094873803 3739.9613802083336 300.64000000000004 3380.9037425595243 1.0000000180025095e-35 2517.0200000000004 1875.6842829126524 3631.4748735119051 3793.3028050595244
decision_type=2 2 2 2 2 2 2 2 2 2 2 2 2 2 2 2 2 2 2 2 2 2 2 2 2 2 2 2 2 2 2 2 2 2 2 2 2 2 2 2 2 2 2 2 2 2 2 2 2 2 2 2 2 2 2 2 2 2 2 2 2 2
left_child=3 6 -3 4 5 10 7 -2 52 29 -1 16 13 15 17 53 26 -14 -17 -16 21 51 -23 -15 25 -22 28 -28 -12 34 31 -31 -19 -34 35 -5 -37 39 -39 -6 43 42 -42 -40 -43 -41 47 48 -45 58 -49 -11 -8 -13 55 -55 -56 -58 59 -50 -54 -53
right_child=1 2 -4 9 37 -7 8 -9 -10 20 11 12 14 23 19 18 -18 32 -20 -21 24 22 -24 -25 -26 -27 27 -29 -30 30 -32 -33 33 -35 -36 36 -38 38 40 45 41 44 -44 46 -46 -47 -48 50 49 -51 -52 61 60 54 56 -57 57 -59 -60 -61 -62 -63
leaf_value=-0.0012043444662251711 0.0027647019582315033 -0.00031228050363564465 0.0024386355135714586 0.0021480993013553548 0.00030062029768534337 -0.034544791807044471 0.0018619530905652582 0.0016998488541917567 -0.0057153366522453902 0.0042677742742759503 -1.6118539441700717e-05 0.0017696235915328094 -0.047671319080887141 -0.0068252231740971231 -0.00092194396454295716 0.00026875777649570942 0.0010761804903147221 0.0015952498310822794 -0.00051034097920440221 0.00048921471248515754 0.0041996670688864588 0.0013870894524182198 7.7713601694480162e-05 0.00075576640489407156 -0.003954914034625139 -0.0010674999816991449 -0.0015222843565470478 0.00047037965420137161 0.00071369713095028155 -2.6561371688558209e-05 1.4785766516105525e-05 -0.0015385809237061033 0.00118360400340201 -0.0064566012974512522 3.1102431083285254e-05 -0.00053499023029960561 0.00034912291702974939 -0.00065895891001447986 -0.0014351853185562023 0.00046046527702289894 0.00012782338661099235 -3.4481601411027184e-05 0.001363345631984103 0.0010338559165349536 0.00039269790984930886 -0.001502726754342194 0.00058222615055452558 -0.0001881120818513926 -0.00034876655200450024 -0.00030566617504813821 -0.001940902969721261 -0.0011146063941126271 0.0028553108542107176 0.0008861438502890894 -0.003336673367835523 -0.00050280067934989955 0.0033758874520302038 -0.00076424569952890484 -0.00027802276216565503 0.00040658180253189347 -0.0037421916237883844 0.0013025686671437509
leaf_weight=325 238 302 146 435 1537 144 504 1380 55 107 1643 65 177 219 88 1598 228 49 481 114 46 453 1187 44 70 40 108 83 109 113 645 165 41 199 2604 230 627 708 95 54 318 1211 285 56 252 256 141 222 148 1026 169 45 67 85 237 497 45 205 173 540 68 580
leaf_count=325 238 302 146 435 1537 144 504 1380 55 107 1643 65 177 219 88 1598 228 49 481 114 46 453 1187 44 70 40 108 83 109 113 645 165 41 199 2604 230 627 708 95 54 318 1211 285 56 252 256 141 222 148 1026 169 45 67 85 237 497 45 205 173 540 68 580
internal_value=0.00125317 0.0100507 0.00247216 0.000113961 -0.000524828 -0.00140604 0.0115175 0.0127301 0.00867626 0.00132893 -0.0012197 -0.000976092 -0.00180217 -0.00107852 -0.00556054 -0.000490044 0.000600829 -0.00847966 0.000872596 0.00118227 0.00274021 0.0031732 0.00201097 -0.00823864 -0.00382166 0.00206897 -0.000146605 -0.00570312 0.000462065 0.000588174 -0.00180195 -0.00655914 -0.00522414 -0.0073444 0.00115473 0.00292343 0.000821678 0.000306591 -0.000230122 0.00185877 0.000368773 0.00172714 0.00484272 -0.000723454 0.000440574 -0.00318328 -0.000381664 -0.000770878 2.31481e-05 -0.000309852 -0.00470663 0.0057708 0.00977344 -0.00298678 -0.00354673 -0.00133791 -0.00617828 -0.00227092 0.00179234 0.00309144 0.00386029 0.00457668
internal_weight=24082 2760 448 21322 13975 6784 2312 1618 694 7347 6640 6315 4144 3476 668 3213 2171 466 2079 202 2528 2372 1640 263 156 86 1943 191 1752 4819 923 278 289 240 3896 1292 857 7191 5344 1847 4636 2066 603 2570 1463 310 2475 2334 1943 1887 391 732 639 1134 1069 582 487 250 861 688 135 625
internal_count=24082 2760 448 21322 13975 6784 2312 1618 694 7347 6640 6315 4144 3476 668 3213 2171 466 2079 202 2528 2372 1640 263 156 86 1943 191 1752 4819 923 278 289 240 3896 1292 857 7191 5344 1847 4636 2066 603 2570 1463 310 2475 2334 1943 1887 391 732 639 1134 1069 582 487 250 861 688 135 625
is_linear=0
shrinkage=0.03


Tree=107
num_leaves=63
num_cat=0
split_feature=9 1 20 19 20 5 17 9 22 5 10 1 10 4 22 2 17 18 21 17 24 17 26 27 9 19 27 14 22 7 1 27 22 22 22 11 22 24 1 18 26 19 14 27 26 5 19 7 21 24 26 19 22 7 7 7 17 27 7 22 21 22
split_gain=285.57 35.2406 22.1111 18.5307 16.6271 10.8268 9.3231 16.759 11.8059 8.86905 8.14624 13.8486 8.09986 7.31318 9.08304 7.48943 7.15629 6.90047 6.60414 6.55638 10.404 7.51632 7.2672 9.56066 8.46527 6.40213 6.39242 6.43928 6.27665 6.12235 6.62022 5.83131 5.61854 11.8106 9.54803 7.65352 7.499 7.10495 8.17626 6.16675 6.32215 10.7355 8.35576 6.38456 5.97806 6.64954 5.75865 8.96164 5.69152 5.65633 5.61299 7.05406 5.34511 5.30618 9.43462 12.0949 8.1249 8.02521 8.01323 6.02976 7.15064 5.48762
threshold=9499.0850000000009 5.5000000000000009 11439.250000000002 22411.850000000002 19584.400000000005 -1.0000000180025095e-35 99.415000000000006 700.70500000000015 3641.2298673115079 0.097964660725097366 9999.9950000000008 1.0000000180025095e-35 1999.4450000000004 1.0000000180025095e-35 3687.7778583829368 3.5000000000000004 300.94000000000005 9029.3500000000022 5564.2366666666685 95.020000000000024 4.0937500000000009 200.68500000000003 9.7450000000000028 0.30499999999999977 6500.3350000000009 14816.400000000001 -0.10999999999999942 2073.4717411713259 5748.263710317462 -0.99866806308218525 2.5000000000000004 -0.49000000000000016 6032.5343142361116 5846.5585912698416 5558.6630592757947 2461.4300000000007 5638.0076029265883 0.63750000000000118 4.5000000000000009 9552.5000000000018 8.4950000000000028 17006.450000000004 2657.7685372549226 0.24500000000000102 5.1300000000000008 0.81241147629689026 10649.100000000002 0.93237596376505805 3135.4316666666673 3.6062499999999997 7.8250000000000011 12849.150000000001 5151.9153999255959 0.99865421017599998 0.97508442350096236 0.89787622492179153 1545.5150000000001 -0.8049999999999996 0.92602006027323147 4221.0371887400797 3902.1050000000009 3079.0201574900798
decision_type=2 2 2 2 2 2 2 2 2 2 2 2 2 2 2 2 2 2 2 2 2 2 2 2 2 2 2 2 2 2 2 2 2 2 2 2 2 2 2 2 2 2 2 2 2 2 2 2 2 2 2 2 2 2 2 2 2 2 2 2 2 2
left_child=3 2 5 10 9 13 18 8 -8 26 19 17 52 15 -15 -2 -13 -12 -5 20 -1 25 24 -24 32 -21 28 -28 -3 30 -9 -7 33 34 35 -23 -36 39 46 -37 42 -42 44 -43 45 -41 47 -39 -44 -38 51 -35 -10 54 55 57 -55 -31 -57 60 -60 -59
right_child=1 4 -4 6 -6 31 7 29 12 -11 11 16 -14 14 -16 -17 -18 -19 -20 21 -22 22 23 -25 -26 -27 27 -29 -30 53 -32 -33 -34 50 36 37 49 38 -40 40 41 43 48 -45 -46 -47 -48 -49 -50 -51 -52 -53 -54 56 -56 58 -58 61 59 -61 -62 -63
leaf_value=-0.0034871846561955297 0.0016312909890061711 -0.00018298145467387172 0.0016488533885659783 0.00041880907361231402 0.0023654764481642943 -0.0050727951604437041 0.00069173876146408017 -3.9376798531178813e-05 -0.0072931837427508304 0.0026069193029708338 -0.002528886611767138 0.0055599478937135146 0.0009200919392105167 0.005047607086258221 -0.013560078858114036 0.0021269424026662963 -0.00069799280607424124 0.0068567971424899005 0.0022561025303775928 0.0023073233503356325 0.0016084199042541237 -0.00063899463350555405 -0.00032827140059137782 0.00099702126333818704 0.0065397677414682056 0.00019338507420025851 0.00036344804617347568 -0.0032228919486298933 0.0017935592974628988 -0.0023678028739242494 -0.063207642013622625 0.0028306284743492504 -0.0003099065369513454 0.0013640736974170054 -0.00062336348960524647 0.0013543527969206081 -0.00054532830304421687 -0.00089495990320696882 -3.3967237204546304e-05 0.00086595398047250248 0.0011194448068744033 0.00010810748822009941 0.0001062314712619461 -0.0006027806918677658 -5.6077538433854101e-05 -0.00036491551895860395 0.00069155264868864914 0.0050831315656977155 -0.0010511974956019631 0.00010234629936116235 0.0019408508348741549 -0.00023733540287835807 -0.026971319333477056 0.0019862521614946527 -0.0011654044455599211 0.0010157201256688442 -0.00080181046302357111 -0.00093942255331894479 -0.00077218876539736131 -0.0016319496139707646 0.00066189474946602538 -5.6543798572952215e-05
leaf_weight=82 133 134 1199 178 84 55 71 52 245 70 41 40 50 41 40 726 226 254 80 229 41 201 1426 154 246 282 40 84 42 112 57 129 152 192 211 63 199 76 579 220 334 161 43 110 1996 57 1237 50 148 411 97 126 249 114 552 243 54 351 89 55 292 8756
leaf_count=82 133 134 1199 178 84 55 71 52 245 70 41 40 50 41 40 726 226 254 80 229 41 201 1426 154 246 282 40 84 42 112 57 129 152 192 211 63 199 76 579 220 334 161 43 110 1996 57 1237 50 148 411 97 126 249 114 552 243 54 351 89 55 292 8756
internal_value=0.00111026 0.0101566 0.0116502 -7.04722e-05 0.00250549 0.00861333 -0.000879235 -0.00100767 -0.00581981 -0.000242588 0.000898296 0.00440391 -0.0073211 0.00991498 0.00128049 0.0107267 -0.000561798 0.00886824 0.00474903 0.000682267 -0.00616935 0.00077658 0.000563604 -0.00127135 0.000983357 0.00430664 -0.00249169 -0.00768 0.00118644 -0.000731264 -0.00777273 0.00194595 0.000781062 0.000914466 0.000580613 0.00104909 -0.00242701 0.00127685 0.00270201 0.000392595 0.000200326 0.00294554 -0.000474645 -0.00148897 3.29815e-05 0.00415468 0.00396994 -0.00212598 -0.00648437 -0.000736498 0.00580529 0.0038558 -0.00848485 -0.000658254 -0.00074347 -0.000530357 0.00461538 -0.000815076 0.00333088 0.000892449 0.00223822 -0.000716403
internal_weight=24061 2777 2323 21284 454 1124 11600 11342 615 370 9684 561 544 940 81 859 266 295 258 9123 123 9000 8489 1580 6909 511 300 124 176 10727 109 184 6663 6511 6096 5275 821 5074 1942 3132 3069 605 2464 271 2273 277 1363 126 191 610 415 318 494 10618 10450 9898 168 9219 679 436 381 9107
internal_count=24061 2777 2323 21284 454 1124 11600 11342 615 370 9684 561 544 940 81 859 266 295 258 9123 123 9000 8489 1580 6909 511 300 124 176 10727 109 184 6663 6511 6096 5275 821 5074 1942 3132 3069 605 2464 271 2273 277 1363 126 191 610 415 318 494 10618 10450 9898 168 9219 679 436 381 9107
is_linear=0
shrinkage=0.03


Tree=108
num_leaves=63
num_cat=0
split_feature=10 11 19 18 15 19 12 18 1 19 0 14 17 1 0 17 12 22 17 4 0 0 16 1 26 27 19 7 17 14 25 11 27 27 19 7 22 10 18 13 10 12 11 19 25 26 27 25 26 19 25 7 17 14 26 26 21 26 7 22 4 1
split_gain=223.849 38.1933 19.2972 17.7013 16.9211 15.5471 20.9629 13.5034 13.1525 11.4435 8.72876 8.46471 7.71593 6.91179 22.6746 16.6582 12.2334 10.9219 8.60157 8.06738 18.4299 12.3276 43.8936 19.0567 10.5655 11.5481 10.0132 9.81468 9.59844 13.0503 9.29909 7.97117 7.93211 8.60398 7.92667 7.90668 7.65159 6.95805 6.99375 7.30102 6.81124 6.70487 7.15227 6.6832 6.64723 6.63129 6.34286 6.03803 5.97658 5.91781 5.84591 7.55229 5.73172 5.68457 5.52693 5.44392 5.37067 5.18737 5.12033 5.92332 5.09593 6.56235
threshold=6000.295000000001 5115.3300000000008 8985.1500000000033 14819.250000000002 5295.0756250000004 7824.3000000000002 4846.8070758928579 12903.800000000001 4.5000000000000009 17913.850000000002 24.500000000000004 2851.0080670731609 95.020000000000024 5.5000000000000009 33.500000000000007 1001.6650000000001 2807.4489583333338 3098.0572941468258 1535.0450000000003 1.0000000180025095e-35 29.500000000000004 23.500000000000004 5534.8400000000011 1.0000000180025095e-35 10.600000000000001 -0.32999999999999913 31277.800000000003 0.99374995976406788 2572.6950000000002 2236.7151119922382 15.210000000000003 2088.6500000000001 -0.04500000000000081 0.11999999999999923 56766.400000000009 0.89787622492179153 5761.8085218253973 2986.1200000000003 7256.6500000000005 9500.9350000000013 200.26500000000001 3905.8723809523813 1830.2550000000003 27327.300000000003 17.295000000000005 6.7700000000000005 0.48499999999999949 18.665000000000003 4.8450000000000006 31125.950000000001 17.790000000000003 0.94704596667653973 1400.7150000000004 2253.334141584643 5.1500000000000012 10.925000000000002 5526.4650000000011 11.325000000000001 -0.12546116083924153 3656.0914273313497 1.0000000180025095e-35 4.5000000000000009
decision_type=2 2 2 2 2 2 2 2 2 2 2 2 2 2 2 2 2 2 2 2 2 2 2 2 2 2 2 2 2 2 2 2 2 2 2 2 2 2 2 2 2 2 2 2 2 2 2 2 2 2 2 2 2 2 2 2 2 2 2 2 2 2
left_child=2 4 3 45 8 7 60 11 10 12 -2 -3 -4 19 53 16 -16 -17 -19 21 -21 22 46 36 30 26 -26 -22 29 35 52 -27 -20 -34 48 37 41 38 -24 -40 -28 -23 -43 -18 -44 -1 -11 -6 -32 -31 -46 -52 -25 -15 -50 -33 -13 -57 -12 -60 61 -7
right_child=1 5 9 -5 47 6 -8 -9 -10 13 58 56 -14 14 15 17 43 18 32 20 27 23 28 24 25 31 40 -29 -30 49 34 55 33 -35 -36 -37 -38 -39 39 -41 -42 42 44 -45 50 -47 -48 -49 54 -51 51 -53 -54 -55 -56 57 -58 -59 59 -61 -62 -63
leaf_value=0.0041484450064842183 -0.00088100798943326454 0.0029765523840548092 -0.0012842305054508783 0.0024433686173212974 -0.0020211427714371764 0.0024509601082839793 -0.00052822425201151549 0.0015993877869089877 -0.0003120124490407239 -0.0011445426181837259 0.0043201124963824535 0.0018300909199119441 0.0001436373502993149 0.00040889504521416596 0.0015064009192929185 0.0010124021199806688 -0.0022736403959240856 0.00017297558338720263 2.5962941944213112e-05 0.00058130306391035002 -0.003908306367665473 0.00084551821336743772 -0.0020278248430406266 0.00070737850885021819 0.0017599377163772132 -0.022213164608940648 0.0018393159712139439 0.0003784582119099067 -0.00084954136041555546 0.00019783028677417214 -0.0014073708090526081 -0.0049839954931033947 -0.0085034586149160731 -0.0011795763400308701 -0.015472262962785067 0.0010538818766184475 -0.00051546443224382622 -0.00045964623332165109 0.00033908680278179834 -4.8977629804891618e-05 -0.012714618858104014 0.0010096014869441206 0.0016624455271125526 -0.041939769351638352 -0.00074293946594009334 -0.00061573677884418031 -0.00023414739702761088 0.0028010656612056906 0.0005832878996773871 0.00075542575187307996 0.00088310874490652217 -0.00081149468937358193 -0.00078539532211488342 -0.00019077125041808252 -3.1039635540466295e-05 0.0015884920532612944 -0.010287062164649195 -0.0010238819726862047 0.0034458564807574631 -0.0024006790938593345 0.00050871263980223347 0.0015361625596677973
leaf_weight=94 63 55 91 268 42 724 105 1161 450 445 138 40 5900 383 40 65 56 357 169 128 419 972 63 578 80 135 51 89 78 378 92 41 122 361 89 93 98 294 106 999 95 97 80 225 181 227 100 242 231 106 165 90 51 179 5633 57 40 74 70 41 55 169
leaf_count=94 63 55 91 268 42 724 105 1161 450 445 138 40 5900 383 40 65 56 357 169 128 419 972 63 578 80 135 51 89 78 378 92 41 122 361 89 93 98 294 106 999 95 97 80 225 181 227 100 242 231 106 165 90 51 179 5633 57 40 74 70 41 55 169
internal_value=0.00118652 0.00832597 1.66458e-05 0.00536441 0.00355301 0.0104489 0.0077277 0.0126523 0.00121887 -0.000140041 0.00594249 0.00363971 0.000958778 -0.000605472 -0.00225996 -0.00430874 -0.010295 -0.00251163 -0.00328218 -0.000339651 -0.00362637 -0.0001584 -0.00194893 0.00037791 -0.000293424 -0.00435393 0.000792952 -0.00618861 7.08215e-06 0.000404412 3.14607e-05 -0.00813312 -0.00532925 -0.00728306 -0.00032997 -0.00093509 0.00325119 -0.00147642 -0.00043627 0.000122061 -0.00387755 0.00375473 0.00129479 -0.0125 -0.000116054 0.00060559 -0.00953297 0.00978947 -0.000196408 0.00470103 -0.00157895 0.00134766 0.0035 0.00282416 -7.67263e-05 -0.00381503 -0.00259259 -0.000795455 0.00846 0.00361607 0.00913593 0.00968121
internal_weight=24120 3395 20725 589 1046 2349 1053 1296 762 20136 312 135 5991 14145 1957 1395 321 1074 1009 12188 636 11552 2662 8890 7207 533 226 508 2117 2039 6674 307 652 483 6045 1555 1683 1462 1168 1105 146 1585 613 281 516 321 545 284 5956 484 436 255 629 562 5864 172 80 131 249 111 948 893
internal_count=24120 3395 20725 589 1046 2349 1053 1296 762 20136 312 135 5991 14145 1957 1395 321 1074 1009 12188 636 11552 2662 8890 7207 533 226 508 2117 2039 6674 307 652 483 6045 1555 1683 1462 1168 1105 146 1585 613 281 516 321 545 284 5956 484 436 255 629 562 5864 172 80 131 249 111 948 893
is_linear=0
shrinkage=0.03


Tree=109
num_leaves=63
num_cat=0
split_feature=9 1 15 20 11 20 24 14 12 12 27 15 23 7 22 5 26 12 11 25 7 22 1 23 27 27 1 12 21 12 8 27 1 22 1 9 24 27 26 27 15 24 26 22 25 21 7 7 9 8 22 23 23 21 1 22 12 5 26 7 19 7
split_gain=283.804 32.499 20.4178 20.306 14.0755 12.4511 11.1913 11.5305 10.9228 9.35304 7.84668 6.95063 7.13621 9.04639 8.70634 7.33181 7.0868 7.90791 13.6312 22.6038 13.3608 13.0603 10.3638 7.63691 6.61029 9.79642 9.72772 11.1141 9.53755 11.7308 16.14 11.8073 9.24505 8.99753 9.73201 8.2569 7.96936 7.50718 7.01562 6.85581 6.4352 6.51468 6.40403 6.38119 6.37281 6.37233 6.36667 6.36512 6.20589 6.07127 5.8669 5.84097 5.80201 5.79828 8.71067 6.76531 6.20598 5.6908 5.68748 6.29553 5.63241 5.61905
threshold=9999.9950000000008 5.5000000000000009 5295.0756250000004 11439.250000000002 4360.8500000000013 -46329.94999999999 2.9000000000000008 2483.3573470644774 4823.5526488095247 3142.4088244047621 -0.70999999999999897 2368.5494791666674 30.256250000000005 -0.94705910369513524 3405.0668998015876 -1.0000000180025095e-35 4.2350000000000003 3065.0214062500004 2461.4300000000007 16.925000000000001 -0.97876850416056738 3079.0201574900798 5.5000000000000009 29.606250000000006 -1.0000000180025095e-35 -0.084999999999999062 1.5000000000000002 4327.3151934523821 3589.856666666667 4286.9559523809539 0.93158198870884079 0.22500000000000145 3.5000000000000004 5421.8509412202393 3.5000000000000004 2790.8450000000007 10.150000000000004 -0.8049999999999996 6.8200000000000012 0.35500000000000048 3402.0204687500004 2.1500000000000008 9.5050000000000008 3457.1481795634927 17.285000000000004 3042.5883333333336 -0.26037633224328088 0.93845596220871974 2950.7950000000005 -0.14250536273956091 3110.9703844246037 15.531250000000004 26.506250000000005 3902.1050000000009 1.5000000000000002 3180.5864831349213 3782.2506770833338 -0.13052619222005171 9.6200000000000028 -0.99985146406598202 11334.550000000001 -0.66528616069191593
decision_type=2 2 2 2 2 2 2 2 2 2 2 2 2 2 2 2 2 2 2 2 2 2 2 2 2 2 2 2 2 2 2 2 2 2 2 2 2 2 2 2 2 2 2 2 2 2 2 2 2 2 2 2 2 2 2 2 2 2 2 2 2 2
left_child=4 3 -3 8 5 9 7 -6 49 -1 57 12 14 -14 45 43 -13 21 19 20 58 61 53 40 25 26 35 36 60 30 31 -30 39 34 37 42 47 -29 -35 -33 48 51 -20 -16 -27 -7 -32 -28 -23 -2 -24 -42 -37 56 -55 -56 -21 -8 -19 -60 -26 -18
right_child=1 2 -4 -5 6 11 10 -9 -10 -11 -12 16 13 -15 15 -17 17 18 24 22 -22 23 50 -25 28 44 27 33 29 -31 46 32 -34 38 -36 52 -38 -39 -40 -41 41 -43 -44 -45 -46 -47 -48 -49 -50 -51 -52 -53 -54 54 55 -57 -58 -59 59 -61 -62 -63
leaf_value=-0.0010734004337937719 0.0018642747514346779 -0.0002818038797504485 0.0022465305211121132 0.0015514061533017198 0.00077325278554921432 -0.00052634812477261764 -0.0020005778594812717 -0.00030383814850770463 -0.00079703020407963622 -0.023263740656800518 0.0028222842957446748 -0.0014630008304488218 0.001719136577268725 -0.00065391191432150996 -0.0019789094952660144 -0.0018888067246450378 -0.0014427264861865297 0.0002845925450750153 0.00079590261418378101 -1.63358274633163e-05 -0.0091482247172441772 0.00012044477427403776 0.00036955101284662283 0.0010378672473977612 0.0030884200732087838 1.6198595467469268e-05 0.00037867097927323456 -0.00083585278287381817 -0.00076288213111376459 -0.0013957032634825416 -0.00031411119457320781 0.001309511179950018 -0.00055299642284526655 -9.4298078612675696e-06 -0.00022907055074264271 -0.00091019202244820181 -0.0013002100861320143 0.0012448600578372116 -0.0064066106454688842 -0.00020864614552809968 0.00013537273754685942 0.00085448823722019892 -0.0015638273177325157 0.0004189655969584649 0.0016259465840739117 0.0011449271352647684 0.00065645034534638207 0.0069601531002723323 0.00053566538802240159 0.0018873519314807829 -0.0012058290295431017 -0.001136129761278104 -0.00015498393805119193 0.0005721505464603016 0.00065731114817200174 -8.4065081025679332e-05 -0.00081585059908107383 0.00050864367434171769 0.00051885836270822768 -0.03493236242814203 4.9654126809866023e-05 -3.0574261628926181e-05
leaf_weight=220 534 301 159 1222 1344 95 63 845 88 165 892 68 56 123 59 380 210 178 268 814 421 1487 60 356 89 128 1700 48 600 245 115 213 244 98 444 266 44 140 119 103 54 63 55 143 249 80 321 86 791 442 788 142 533 545 92 1344 277 84 65 108 2615 231
leaf_count=220 534 301 159 1222 1344 95 63 845 88 165 892 68 56 123 59 380 210 178 268 814 421 1487 60 356 89 128 1700 48 600 245 115 213 244 98 444 266 44 140 119 103 54 63 55 143 249 80 321 86 791 442 788 142 533 545 92 1344 277 84 65 108 2615 231
internal_value=0.00126529 0.0103422 0.00305857 0.0118059 9.82824e-05 -0.000226584 0.0019232 0.000705479 0.00876056 -0.00555699 0.00448558 -0.000110679 -0.0026254 0.00275 -0.00389842 -0.00566038 2.94328e-05 6.89552e-05 -0.000256038 -0.00155977 -0.00624838 0.00137631 -0.000635042 0.00210954 0.000445323 0.00130653 0.000848238 0.00183022 -0.000346458 -0.0020114 -0.00107076 -0.0029199 0.000213904 -0.00100588 0.000805687 -0.00149599 0.00314582 0.00650794 -0.00626147 0.00359621 0.00153073 -0.00294231 0.0025463 -0.00103448 0.0059127 0.00196023 0.00384439 0.00345831 0.00204037 0.00967247 -0.0035689 -0.00563452 -0.00313125 0.000175724 0.00114279 -8.35073e-05 -0.00157967 -0.00192568 -0.00191761 -0.00577586 0.000787431 -0.0034276
internal_weight=24112 2746 460 2286 21366 18138 3228 2189 1064 385 1039 17753 936 179 757 582 16817 16749 13415 4692 772 3334 3920 2893 8723 4178 3801 2679 4545 1841 1596 1160 560 849 632 1122 1830 188 217 316 2537 259 323 202 377 175 436 1786 2278 976 848 196 799 3072 1981 1436 1091 147 351 173 2704 441
internal_count=24112 2746 460 2286 21366 18138 3228 2189 1064 385 1039 17753 936 179 757 582 16817 16749 13415 4692 772 3334 3920 2893 8723 4178 3801 2679 4545 1841 1596 1160 560 849 632 1122 1830 188 217 316 2537 259 323 202 377 175 436 1786 2278 976 848 196 799 3072 1981 1436 1091 147 351 173 2704 441
is_linear=0
shrinkage=0.03


Tree=110
num_leaves=63
num_cat=0
split_feature=9 1 15 11 9 1 15 17 0 7 17 25 21 6 26 17 15 15 0 1 17 16 1 22 16 19 15 26 17 15 4 7 25 22 6 22 5 8 21 22 19 7 15 6 18 19 1 26 7 14 11 14 26 23 8 8 17 19 17 22 1 11
split_gain=280.695 34.2917 20.1004 16.4592 9.30914 16.494 10.1205 19.1176 9.42329 9.35229 8.97592 8.27682 8.14861 8.12846 10.9823 7.77438 7.38161 7.7007 10.9755 22.5532 20.3934 12.6554 9.34043 15.8887 9.8413 10.6722 9.14082 8.67908 14.5633 8.51295 8.42366 8.70703 7.93584 7.58408 7.51125 9.7486 7.452 7.36659 7.57145 7.36075 8.65124 6.84191 6.73603 6.58406 6.52977 9.09278 6.76499 6.44811 6.35817 6.15889 6.0101 5.99031 8.70895 10.3755 8.08227 9.40912 7.30043 6.70438 7.06516 7.66493 7.03422 9.25181
threshold=9499.0850000000009 5.5000000000000009 5295.0756250000004 5115.3300000000008 899.73000000000013 1.0000000180025095e-35 2368.5494791666674 300.64000000000004 25.500000000000004 -0.99866806308218525 200.01000000000002 14.725000000000003 3265.8383333333336 0.68322629814330826 9.5700000000000021 2670.5750000000003 2571.7162500000009 2780.7072395833338 33.500000000000007 1.0000000180025095e-35 2550.1350000000007 5115.630000000001 5.5000000000000009 3098.0572941468258 6949.7350000000006 44838.350000000013 4900.826822916667 10.600000000000001 1700.0900000000004 4822.9528125000006 1.0000000180025095e-35 0.99374995976406788 19.225000000000005 3433.4287003968261 -0.91037613702198728 3228.7288219246034 -0.81241147629689037 -0.97917132487589142 5294.4366666666674 3615.1699255952385 11576.100000000002 0.21336913576298863 3235.2362500000004 0.77259657388510627 14819.250000000002 8785.5500000000011 4.5000000000000009 7.2800000000000002 -0.86976336936302323 1261.0648331185391 2021.3550000000002 1853.4430797954039 5.8200000000000012 22.068750000000005 0.83258597624099873 0.82293497932636273 2047.7650000000003 55708.55000000001 1933.0700000000004 5418.0856684027776 2.5000000000000004 999.11500000000012
decision_type=2 2 2 2 2 2 2 2 2 2 2 2 2 2 2 2 2 2 2 2 2 2 2 2 2 2 2 2 2 2 2 2 2 2 2 2 2 2 2 2 2 2 2 2 2 2 2 2 2 2 2 2 2 2 2 2 2 2 2 2 2 2
left_child=3 12 -3 4 5 -1 8 -8 48 43 -7 -10 -2 41 -15 16 33 34 20 37 21 -19 27 -24 -25 -26 29 30 36 32 51 -32 50 -11 35 -18 -29 -20 42 40 -28 -5 -39 -9 -14 -46 -47 -12 -6 -35 -23 54 -53 -54 55 56 -21 58 60 -60 61 -55
right_child=1 2 -4 13 6 10 7 9 11 15 47 -13 44 14 -16 -17 17 18 19 22 -22 26 23 24 25 -27 39 28 -30 -31 31 -33 -34 49 -36 -37 -38 38 -40 -41 -42 -43 -44 -45 45 46 -48 -49 -50 -51 -52 52 53 57 -56 -57 -58 -59 59 -61 -62 -63
leaf_value=0.00033907453642211037 0.003143155386130303 -0.00028932838445589582 0.0021791346054787298 0.004304369601792004 -0.0018319367623703718 -0.0024904920886720558 0.0011058858433099772 -0.0066538001412617736 0.00098767111189649974 0.0019084982811039275 0.002828763483951109 -0.00043816800944016519 0.0024746695598598834 0.00080429630722280267 -0.0011838895419415162 0.00099132832762950152 -0.0017932036209911172 -0.00088443835977712658 -0.0014633121068924825 -0.00032382797449183266 -0.00066148809120682552 0.00060720646390789669 0.00098925322616277627 0.0011437119556567364 -0.00089514309398663449 -0.025704672032065747 0.01082454725126655 1.4540343285407431e-05 0.0021150506594567096 0.0021879583415361469 -0.0023308817781347857 0.00037824188663220236 0.00065301491570388668 -0.0011825010641613254 -0.00042239145193500693 0.00047330264593144374 -0.0039749782531380172 0.00094015897315733452 0.0014987020180129962 -0.00073821183518191441 -0.0019859186344864275 0.00040114563086889987 -9.2412513097390729e-05 0.00015326314460255118 0.0015048639687026543 0.0014637192654529229 0.001529011854840574 -0.027507206745464297 -0.00015821498808592959 0.00023721635732271815 7.715445644110197e-05 0.00034563329267389697 -0.00042829568914753313 0.00064696665799910845 -0.00084355344642352394 0.0015233194919189329 0.00084613785819270143 -0.0071092267695841739 2.2260125933257766e-05 -0.0012890373990229963 0.0003685596619302256 -0.00030677810525039814
leaf_weight=319 95 305 147 550 217 189 753 155 42 205 40 432 321 472 162 68 44 126 48 744 182 166 98 84 1311 109 46 82 47 108 266 104 602 40 886 117 236 356 128 283 41 754 166 50 1432 398 104 277 102 416 4090 908 1078 115 191 49 95 51 510 227 1629 699
leaf_count=319 95 305 147 550 217 189 753 155 42 205 40 432 321 472 162 68 44 126 48 744 182 166 98 84 1311 109 46 82 47 108 266 104 602 40 886 117 236 356 128 283 41 754 166 50 1432 398 104 277 102 416 4090 908 1078 115 191 49 95 51 510 227 1629 699
internal_value=0.00123338 0.010157 0.00258278 5.71335e-05 -0.000207212 -0.00332324 -6.80971e-05 8.0463e-05 -0.00338161 -0.000127381 -0.00668639 -0.000694737 0.0116121 0.00269211 -9.44882e-05 -4.92479e-05 -9.08056e-05 -0.00021906 -4.50721e-05 -0.000676704 0.000999114 0.00132894 -0.00109625 -0.00316282 -0.00392691 -0.00451795 0.00155143 -0.000625 -0.00512295 0.00189048 -0.000377981 -0.00477089 0.00170405 0.0030136 -0.00270515 0.00324074 -0.00742947 0.00450644 0.00534562 -0.00299191 0.00460227 0.00404598 0.00372849 -0.00648058 0.0119747 0.0126357 0.00912525 -0.00976415 -0.00735937 0.000853392 0.00124736 -0.000119104 0.00030184 -0.000261021 -0.00215278 -0.000944882 -0.00169643 0.000589418 0.000763911 -0.00180894 0.00154051 -0.000736196
internal_weight=24067 2802 452 21265 19327 825 18502 17709 793 16956 506 474 2350 1938 634 16751 16683 16022 14975 9331 5644 5462 8633 1602 1504 1420 5336 7031 365 4966 6666 370 4858 661 1047 161 318 698 650 370 87 1304 522 205 2255 1934 502 317 319 456 4256 6296 5217 4309 1079 888 839 3231 3180 737 2443 814
internal_count=24067 2802 452 21265 19327 825 18502 17709 793 16956 506 474 2350 1938 634 16751 16683 16022 14975 9331 5644 5462 8633 1602 1504 1420 5336 7031 365 4966 6666 370 4858 661 1047 161 318 698 650 370 87 1304 522 205 2255 1934 502 317 319 456 4256 6296 5217 4309 1079 888 839 3231 3180 737 2443 814
is_linear=0
shrinkage=0.03


Tree=111
num_leaves=63
num_cat=0
split_feature=9 1 20 15 19 12 20 12 1 14 10 12 8 22 21 27 22 19 11 23 7 26 11 22 15 21 15 12 14 24 1 21 15 12 12 27 22 14 22 23 8 26 12 25 27 26 1 21 25 12 12 27 27 26 27 22 20 22 14 27 14 15
split_gain=266.143 36.4808 23.1754 20.9599 14.2462 11.3831 8.40502 8.99663 7.93987 12.1548 10.3871 8.39483 7.9371 12.4553 7.77488 8.12726 6.79956 6.55395 6.35624 6.27765 6.7204 6.04449 10.2151 6.76233 5.84865 5.83375 5.77851 9.06508 5.74828 5.74629 5.62612 12.4527 19.9572 8.98987 15.2138 8.37791 8.69361 13.6372 10.6079 9.93477 7.54159 7.2754 7.13936 10.2849 9.31208 6.82931 10.6348 10.4412 6.79237 7.11594 6.8912 10.9268 7.62288 9.78836 8.79194 7.57726 10.8878 7.066 6.83029 6.53251 6.45739 6.17385
threshold=9499.0850000000009 5.5000000000000009 11439.250000000002 5295.0756250000004 17913.850000000002 4823.5526488095247 -47543.499999999993 3142.4088244047621 3.5000000000000004 2696.8461174079316 5900.6200000000008 3739.267254464286 0.11478523713130605 5570.6775682043653 6339.6916666666675 -0.094999999999998849 3043.1782465277784 11457.000000000002 4009.9500000000003 22.981250000000006 0.37744852145085445 11.265000000000002 1799.1700000000003 5079.9655747767874 4266.4748958333339 3154.9150000000004 5604.4479687500007 4592.4111681547629 2775.9050963299883 8.1437499999999989 1.5000000000000002 3042.5883333333336 3849.1253645833335 2928.207433035715 3925.4336830357147 0.54999999999999993 3819.3489446924605 2162.359180425979 5101.634153645834 27.818750000000005 0.84199059757024453 8.1550000000000011 2813.9496056547623 17.385000000000002 0.96499999999999997 6.4350000000000014 3.5000000000000004 3090.1033333333339 17.73 4495.5636309523825 6276.1249627976194 -0.68000000000000138 -1.0000000180025095e-35 10.255000000000001 0.49500000000000105 5396.3958035714295 -22780.499999999996 3183.1553236607151 2159.4995682823428 0.035000000000000149 1980.072212083109 2772.0521875000004
decision_type=2 2 2 2 2 2 2 2 2 2 2 2 2 2 2 2 2 2 2 2 2 2 2 2 2 2 2 2 2 2 2 2 2 2 2 2 2 2 2 2 2 2 2 2 2 2 2 2 2 2 2 2 2 2 2 2 2 2 2 2 2 2
left_child=4 2 5 -3 8 19 7 -6 9 10 12 -11 13 -1 15 18 -8 -15 28 20 -2 30 23 -23 -12 -17 29 -28 -13 -10 31 32 33 -18 60 36 37 40 -38 -40 -33 -37 43 45 48 46 47 -32 49 -44 51 55 -53 54 59 56 -50 -55 -59 -54 -35 -62
right_child=1 3 -4 -5 6 -7 16 -9 26 11 24 14 -14 17 -16 25 21 -19 -20 -21 -22 22 -24 -25 -26 -27 27 -29 -30 -31 42 35 -34 34 -36 41 38 -39 39 -41 -42 -43 44 -45 -46 -47 -48 -49 50 -51 -52 52 53 57 -56 -57 -58 58 -60 -61 61 -63
leaf_value=0.0019987625262860662 0.0018000993176851842 -0.00028694637613224216 0.0014597180496415518 0.0021137605673143688 -0.0005868417443654516 -0.00072664123272042852 0.00059445292304429744 -0.024309388155829684 1.2202050153486964e-06 -0.001615626918375801 0.0065808346466626052 -0.00068321788668842306 0.00021420408416744863 0.0018166280685158486 -0.0015597959252558712 0.00025645181507796263 -0.001251451929055074 -0.00022054690353816574 0.00056982750978908927 0.0019156400212070146 -0.0033124550441857004 -0.0013643766221673825 -0.00010622196484839641 -0.040249609189365175 0.0007193606711932254 -0.0011106226108180196 0.010786580829848536 -0.00043138337772681719 3.1556847263409789e-05 -0.0012682397777043252 -0.002367145780356079 4.059799721591428e-05 0.00081180763829076237 -0.00016648599289846632 -0.0010189279338775048 0.0023449234127904807 0.00092143439034197527 -0.00077659812309037067 -0.0010714257361710189 0.00035663567639369729 0.0010795978352920786 -7.0362016446372518e-05 -0.00020248404131462117 0.0014587041551569423 -0.0018026218426302697 0.00054140706989322049 0.0001702116927279551 -0.00027228136790361288 -0.0022841243453694026 -0.0021601059908074394 0.0010907490864575297 0.00032149705666662421 -0.0023559327085550309 0.0027161145887260752 0.00063933387296409181 -0.0035084065039371645 0.00060834235874784425 0.00024959115531494544 -0.0006162484067364992 -0.00016234161464819151 -0.00011420719337804197 0.00056802261446357242
leaf_weight=460 170 317 1236 145 156 93 73 125 2790 133 274 54 1280 170 74 42 230 344 681 781 68 43 457 100 90 113 59 66 404 117 96 622 191 234 153 132 359 538 131 743 202 66 3501 96 127 380 493 181 44 194 89 1103 122 70 118 121 74 287 43 2164 136 164
leaf_count=460 170 317 1236 145 156 93 73 125 2790 133 274 54 1280 170 74 42 230 344 681 781 68 43 457 100 90 113 59 66 404 117 96 622 191 234 153 132 359 538 131 743 202 66 3501 96 127 380 493 181 44 194 89 1103 122 70 118 121 74 287 43 2164 136 164
internal_value=0.00123818 0.00991462 0.0114304 0.00220302 9.3618e-05 0.00827493 -0.000457659 -0.00558511 0.00118498 0.00204248 0.00327606 -0.000109854 0.00251441 0.00455385 0.000591673 0.00113514 -0.000353437 0.00133981 0.00201316 0.00919118 0.0048954 -0.000402028 -0.00334443 -0.0103125 0.0079726 -0.00528846 1.97824e-05 0.00630952 -0.000718954 -0.000252751 -0.00026808 0.000688109 -0.0020018 -0.00383987 -0.00211483 0.00175555 0.00130008 -0.000352164 0.00312399 0.00133714 0.00207273 0.00768844 -0.000669067 0.00144346 -0.000995905 0.000651607 -0.000972763 -0.00566547 -0.000866221 -0.00180601 -4.6034e-05 -0.000224259 0.000157369 -0.000673797 -0.00139709 -0.0064375 -0.0010084 0.00366584 0.00181269 -0.00181023 0.000280374 0.00318937
internal_weight=24119 2810 2348 462 21309 1112 14158 281 7151 4119 2618 1501 2254 974 1368 1294 13877 514 1139 1019 238 13804 600 143 364 155 3032 125 458 2907 13204 3901 1108 917 687 2793 2595 1362 1233 874 824 198 9303 1246 8057 1150 770 277 7930 3695 4235 4146 3907 2804 2404 239 118 400 330 2286 534 300
internal_count=24119 2810 2348 462 21309 1112 14158 281 7151 4119 2618 1501 2254 974 1368 1294 13877 514 1139 1019 238 13804 600 143 364 155 3032 125 458 2907 13204 3901 1108 917 687 2793 2595 1362 1233 874 824 198 9303 1246 8057 1150 770 277 7930 3695 4235 4146 3907 2804 2404 239 118 400 330 2286 534 300
is_linear=0
shrinkage=0.03


Tree=112
num_leaves=63
num_cat=0
split_feature=9 20 10 2 12 3 11 6 3 15 26 11 12 17 4 26 27 12 16 0 14 15 12 14 27 17 27 11 15 15 17 11 7 3 16 23 12 21 23 6 17 10 4 12 14 23 15 12 7 27 23 24 26 17 0 14 26 11 14 14 26 26
split_gain=273.3 24.7853 14.4679 11.1458 10.6535 13.0445 10.9191 10.0713 12.7872 16.5428 12.5643 11.6869 11.1685 19.5732 10.6873 11.8136 11.1167 10.6471 9.42552 25.434 10.2931 9.06863 9.61263 10.767 8.90171 10.0575 8.79425 8.09735 7.95937 7.95681 7.91935 7.66923 8.59218 8.34733 7.6626 7.50298 7.41483 11.5294 7.36678 7.16458 6.93091 6.56708 6.24091 7.16436 6.09235 6.09407 6.00612 5.90977 7.45529 5.62112 5.48812 6.63101 7.30897 5.43963 4.93772 4.93761 4.9123 4.86682 4.84025 5.81706 4.81542 8.62934
threshold=9999.9950000000008 11439.250000000002 5900.6200000000008 7.5000000000000009 4823.5526488095247 1.0000000180025095e-35 5468.2800000000007 -0.58216583101416131 1.0000000180025095e-35 4588.4880208333343 4.2350000000000003 449.28500000000003 2807.4489583333338 999.88000000000011 1.0000000180025095e-35 10.600000000000001 0.11999999999999923 2710.586049107143 5911.5550000000012 16.500000000000004 1165.3172002798135 6474.4950520833345 6276.1249627976194 2924.7496184559286 0.31000000000000055 350.00000000000006 0.8249999999999994 8710.9500000000025 2701.387552083334 3309.3371875000007 2423.4600000000005 5629.4650000000011 0.91596454896554913 1.0000000180025095e-35 6949.7350000000006 24.681250000000006 4431.1621800595249 3222.1800000000007 26.506250000000005 -0.9733555533461492 1529.3950000000002 1200.5800000000002 1.0000000180025095e-35 3676.9949553571428 2448.6350618337865 24.781250000000004 2797.8418750000001 5752.6047470238109 -0.97509794945709805 -0.62499999999999989 29.456250000000008 9.8499999999999996 7.7550000000000008 983.54500000000019 25.500000000000004 2191.8971039783178 8.0800000000000018 2416.2450000000003 2000.1190513307565 2250.44810433368 6.7200000000000015 6.8750000000000009
decision_type=2 2 2 2 2 2 2 2 2 2 2 2 2 2 2 2 2 2 2 2 2 2 2 2 2 2 2 2 2 2 2 2 2 2 2 2 2 2 2 2 2 2 2 2 2 2 2 2 2 2 2 2 2 2 2 2 2 2 2 2 2 2
left_child=2 4 7 46 5 -2 55 8 14 12 -9 -11 17 -14 15 21 -16 -10 19 27 -20 22 23 39 25 38 30 -12 -28 -5 60 32 33 -3 -15 -8 37 -21 -17 -1 -18 -36 44 -44 53 -46 -4 48 -25 -32 -41 -52 -53 -39 -38 -7 -13 -30 -55 -60 -22 -62
right_child=1 31 3 29 -6 6 35 10 9 11 18 56 13 34 16 24 40 -19 20 36 26 -23 -24 47 -26 -27 28 -29 57 -31 49 -33 -34 -35 41 -37 54 42 -40 50 -42 -43 43 -45 45 -47 -48 -49 -50 -51 51 52 -54 58 -56 -57 -58 -59 59 -61 61 -63
leaf_value=0.00036258403352078527 0.0017118587790770688 0.0018789967452037004 -0.0024438664923371787 0.0064048800156663787 -0.00055542016900842481 0.00072099720562404982 -0.0024945817121334811 -0.0022664314416517947 -0.0017392863826855942 -0.0085073655048472033 -0.00057125214966005536 0.0010075229008129848 -0.032172027734556519 0.0018464620450480051 -0.038356365417850605 -0.0097428300638356183 -0.0051763832981634381 0.0019072463042634079 0.0011126813633815403 -0.00042988482477348985 5.6911029666739667e-06 -0.001231856323264715 0.0011790352857519437 0.0002642495484103868 0.0012575620588060987 -0.012894020059939887 0.00043212745112179539 0.00077060665740535939 0.00045576610075067411 0.0012060565847408532 0.00083519331466652246 0.0014159265081523031 0.0023057972910988942 -3.3245084427022676e-05 0.0011714261508577995 0.0023000848307256835 0.00027800839997888183 0.0014933415894035251 0.0013235090692615792 -6.1736398881286894e-05 0.00043734682559590785 -0.0012051358428465785 -0.0030181839595369376 0.0029455672688938604 -0.0021689461836143929 0.00029503985850834799 0.00068161231420324595 0.00064651756619315214 -0.0029641304142696435 -0.00026562801783097 0.00043990958586539894 -0.0025571117995697268 0.00019169346580055535 -0.00016185260692070711 -0.00113249880797067 -0.00088259106294447771 -6.4546458132497259e-05 -0.0013451420066597298 0.0026407811378829126 0.00044818914505620808 0.0014545487140742175 0.00015616283648233419
leaf_weight=930 787 61 47 262 91 72 44 52 90 47 656 257 335 47 117 40 65 100 125 401 2611 121 76 117 48 204 50 43 40 139 66 1092 199 120 53 111 42 390 56 1891 120 1021 44 41 52 242 679 66 343 686 817 72 124 215 123 135 112 203 80 180 250 6430
leaf_count=930 787 61 47 262 91 72 44 52 90 47 656 257 335 47 117 40 65 100 125 401 2611 121 76 117 48 204 50 43 40 139 66 1092 199 120 53 111 42 390 56 1891 120 1021 44 41 52 242 679 66 343 686 817 72 124 215 123 135 112 203 80 180 250 6430
internal_value=0.00124694 0.0102175 0.000110649 0.00341755 0.007083 0.00786522 0.0031405 -7.31815e-05 -0.000967675 -0.00296655 0.000426169 0.0023741 -0.00431694 -0.00520933 -0.000175691 0.000162046 -0.00564356 0.00251309 0.000485699 -0.00116534 0.000881763 0.000569329 0.000791075 0.000605366 -0.00515759 -0.00707641 0.000777789 -0.00602143 -0.00433673 0.00742537 0.000927419 0.0128513 0.00913386 0.00436813 -0.00330214 0.00913462 0.000712314 0.00132139 0.000927835 0.00115776 -0.00104839 -0.00382326 0.00274699 -0.00505814 0.00332328 -0.00040678 0.0011967 -0.00341556 -0.00462039 -0.00203187 0.000423408 0.00220414 -0.00274112 0.00459007 -0.00533133 -0.00137019 0.00417568 -0.00657787 0.00242647 0.00517241 0.00116713 0.00159407
internal_weight=24130 2712 21418 1127 1240 1149 362 20291 7269 2062 13022 416 1646 1456 5207 4905 302 190 12970 2509 10461 4557 4436 4360 348 300 10336 699 293 401 10043 1472 380 181 1121 155 1810 1645 96 3834 185 1074 1244 85 1159 294 726 526 460 752 2904 1013 196 865 165 207 369 243 475 260 9291 6680
internal_count=24130 2712 21418 1127 1240 1149 362 20291 7269 2062 13022 416 1646 1456 5207 4905 302 190 12970 2509 10461 4557 4436 4360 348 300 10336 699 293 401 10043 1472 380 181 1121 155 1810 1645 96 3834 185 1074 1244 85 1159 294 726 526 460 752 2904 1013 196 865 165 207 369 243 475 260 9291 6680
is_linear=0
shrinkage=0.03


Tree=113
num_leaves=63
num_cat=0
split_feature=9 1 15 10 7 19 18 15 10 14 15 1 14 1 12 22 4 9 7 26 7 7 15 0 8 1 0 23 26 18 5 0 16 16 18 19 27 14 19 7 7 14 18 1 12 23 27 15 7 12 14 15 14 22 7 7 26 23 15 26 8 22
split_gain=274.734 28.0599 20.6918 14.7529 10.681 8.53629 11.5806 9.37523 8.40855 9.96786 8.08098 8.52178 10.0625 7.7551 6.66159 6.05736 6.04867 12.9089 9.2363 6.14554 6.3456 10.6352 12.6215 10.8123 12.7684 7.76424 30.4117 13.7446 13.1612 11.4511 12.4956 10.657 25.9607 12.5203 9.74117 8.11498 7.79207 7.61522 7.31639 6.92964 7.27844 6.91636 8.34789 6.8965 6.63399 6.63315 7.12401 6.94097 8.26515 6.60516 6.47939 13.1287 9.64102 13.3745 8.39625 9.06347 7.74361 7.75284 6.80578 10.0043 6.43267 6.03659
threshold=9499.0850000000009 5.5000000000000009 5295.0756250000004 5221.6200000000017 -0.44504625642270151 8371.5000000000018 15375.150000000003 5714.2488541666671 249.73500000000004 2745.206364073942 2745.4719791666671 1.0000000180025095e-35 2642.2384252019651 4.5000000000000009 3321.6080877976196 4730.4190947420639 1.0000000180025095e-35 2060.2850000000003 0.99966190462023474 4.2350000000000003 0.98522604642031408 0.89787622492179153 4900.826822916667 27.500000000000004 -0.36648370705903521 5.5000000000000009 35.500000000000007 25.868750000000006 11.325000000000001 10287.150000000001 -0.77259657388510594 17.500000000000004 5988.6800000000012 4875.6650000000009 12763.300000000001 28790.700000000001 0.8249999999999994 2211.877060605922 19142.750000000004 0.99865421017599998 0.99995780822346225 2745.206364073942 12129.35 2.5000000000000004 2770.808638392858 21.206250000000008 0.23499999999999946 4595.5490104166674 0.93845596220871974 3852.684717261905 2692.6761492822102 4558.8881250000004 2005.729146281484 4581.1902951388902 -0.01397611846945947 -0.21861968191509915 7.2100000000000009 31.956250000000008 3673.0002083333343 5.955000000000001 0.86439018870140905 3120.4048958333337
decision_type=2 2 2 2 2 2 2 2 2 2 2 2 2 2 2 2 2 2 2 2 2 2 2 2 2 2 2 2 2 2 2 2 2 2 2 2 2 2 2 2 2 2 2 2 2 2 2 2 2 2 2 2 2 2 2 2 2 2 2 2 2 2
left_child=3 5 -3 8 -5 6 -2 13 9 15 -6 12 -12 -7 -15 -1 19 -18 -19 -10 21 22 25 43 -25 27 37 28 31 44 -31 32 38 60 -32 -34 61 -27 -21 -22 -41 42 -39 -23 -28 -26 47 -47 -49 -24 52 58 53 -29 55 56 57 -54 -52 -60 -33 -37
right_child=1 2 -4 4 10 7 -8 -9 16 -11 11 -13 -14 14 -16 -17 17 18 -20 20 39 23 49 24 45 26 29 50 -30 30 34 33 35 -35 -36 36 -38 41 -40 40 -42 -43 -44 -45 -46 46 -48 48 -50 -51 51 -53 54 -55 -56 -57 -58 -59 59 -61 -62 -63
leaf_value=-0.0054733254310791943 0.0017739069225662439 -0.00024249930882520586 0.0020078699550504097 0.0055492010911711628 -0.0023169786599966801 0.0015565088610679644 0.0013734487129077521 -0.0037356389770049426 -0.0012837667656782159 -0.020578494598572829 0.0064756680313554854 0.00015653688584725599 -0.00062410950683617012 0.0022976642600353969 -0.0036331123537627795 0.00099503090443454835 -0.0042401100272173899 -0.00010944235706502602 0.017031261974781078 0.00031856691750318687 -0.00055009343468772622 2.0584865450654631e-05 -0.0026717163121798967 0.0015757984151559955 -0.0014371755938240227 0.00054593910957802195 -0.00023062686933680076 0.00038171692812155378 -0.001032164317744324 -0.001336878939843693 0.00088134071823640079 0.00031456336657143869 -0.00013206085205852425 1.2026293089157924e-05 -0.00050027462450012543 -0.00036071950653500547 -0.0016224925074392793 -0.00064896891434721652 -0.0010825340905223158 0.0013063728184131305 -0.0026778792551834128 0.00066342330560765995 0.00026666786654354623 0.0018760419780535196 -0.0075455736374075892 0.0006582614331090619 -0.0092283744018993186 -0.00088697502292857779 0.00027289385530612884 -0.00035851998905063188 0.00018790449370453377 0.00088449519586797365 0.00022102428150524211 -0.0010507103463188905 -4.764979490196719e-05 0.0012860510702303696 0.0008440330914909743 -0.0039602514406924041 0.00076181787345301892 -0.00056318844315653041 0.0018509265986538547 0.00018454344559886148
leaf_weight=109 380 301 153 382 72 463 1305 53 75 135 155 714 67 44 79 101 278 656 42 45 921 79 98 138 79 376 93 553 294 253 186 298 639 5106 322 147 55 218 339 145 40 160 154 194 448 330 47 125 420 448 836 294 263 283 462 349 1305 40 131 945 154 714
leaf_count=109 380 301 153 382 72 463 1305 53 75 135 155 714 67 44 79 101 278 656 42 45 921 79 98 138 79 376 93 553 294 253 186 298 639 5106 322 147 55 218 339 145 40 160 154 194 448 330 47 125 420 448 836 294 263 283 462 349 1305 40 131 945 154 714
internal_value=0.00118924 0.0100612 0.00323077 3.23746e-05 0.00301941 0.0113935 0.0125178 0.00841406 -0.000176178 -0.00481214 0.00139742 0.00214514 0.00726457 0.00950596 0.00278226 -0.0007109 -9.42384e-05 -0.00239509 -0.000214592 2.661e-05 6.15318e-05 0.000201481 -1.87395e-05 0.00269639 0.00140789 0.000139688 -0.00150611 0.000414246 -0.000394636 -0.00444359 -0.00206693 -0.00015004 -0.00206443 0.000518079 0.00064833 -0.000337404 0.00147219 0.00270627 -0.00903896 -0.00214092 0.00314516 0.000393996 -0.00184987 0.00804745 -0.00777675 0.000224551 0.000942579 0.00155822 -0.000521978 -0.00449726 0.00156811 0.000312642 0.00241861 -0.000358423 0.0033781 0.00423647 0.00328154 -0.00103618 -0.000595923 -0.0021727 0.00529801 0.00217517
internal_weight=24090 2778 454 21312 1390 2324 1685 639 19922 345 1008 936 222 586 123 210 19577 976 698 18601 18526 17420 16008 1412 1139 15462 2210 13252 7791 1302 761 7497 1939 5558 508 1555 916 908 384 1106 185 532 372 273 541 1001 922 875 545 546 5461 2206 3255 836 2419 1957 1608 303 1912 1076 452 861
internal_count=24090 2778 454 21312 1390 2324 1685 639 19922 345 1008 936 222 586 123 210 19577 976 698 18601 18526 17420 16008 1412 1139 15462 2210 13252 7791 1302 761 7497 1939 5558 508 1555 916 908 384 1106 185 532 372 273 541 1001 922 875 545 546 5461 2206 3255 836 2419 1957 1608 303 1912 1076 452 861
is_linear=0
shrinkage=0.03


Tree=114
num_leaves=63
num_cat=0
split_feature=9 1 20 12 10 5 1 4 12 20 12 25 27 8 22 22 4 10 4 22 20 21 16 1 9 26 17 9 22 19 17 17 1 22 17 22 27 12 1 17 23 19 26 12 23 27 23 8 6 26 17 27 17 20 12 26 23 22 5 12 8 1
split_gain=265.18 33.1075 19.3103 15.0117 12.8446 12.0571 11.6317 9.77227 9.34026 8.54979 8.40945 7.89796 11.1427 10.8657 7.08071 9.98952 6.83008 6.75233 6.73142 17.4274 9.4701 7.52797 14.9729 14.658 10.124 10.0588 11.3817 9.58951 8.60264 7.78708 7.15235 13.8952 10.8416 11.5707 7.55344 7.03492 6.72939 6.56356 7.5277 6.54792 6.47595 6.28707 7.71161 7.91512 8.7329 6.55045 6.77756 6.28304 6.0929 6.07384 5.97438 5.9308 9.08057 5.86659 5.83576 5.69131 6.9232 5.54999 5.48091 5.47878 5.42694 6.26319
threshold=9999.9950000000008 5.5000000000000009 11439.250000000002 4864.3312202380957 5900.6200000000008 -1.0000000180025095e-35 4.5000000000000009 1.0000000180025095e-35 4846.8070758928579 -47543.499999999993 3200.0008035714291 18.750000000000004 0.96499999999999997 -0.90252875386360676 6032.5343142361116 5846.5585912698416 1.0000000180025095e-35 1577.2250000000001 1.0000000180025095e-35 5421.8509412202393 -36096.349999999984 2971.2650000000008 5396.4750000000013 1.0000000180025095e-35 1001.6550000000001 7.2800000000000002 300.64000000000004 399.41000000000003 3975.3681299603181 30529.500000000004 1933.0700000000004 2086.0550000000007 2.5000000000000004 5418.0856684027776 1921.2650000000003 5421.8509412202393 0.48499999999999949 3811.5690252976196 3.5000000000000004 399.25500000000005 15.218750000000002 27022.650000000005 9.3750000000000018 3452.1351488095247 23.631250000000005 -0.56000000000000039 29.381250000000005 0.97832380634958016 0.06540312923014284 9.1450000000000014 2021.0350000000001 -0.54999999999999882 2204.7200000000007 -1062.799999999999 4495.5636309523825 5.2200000000000015 11.081250000000002 5418.0856684027776 0.0327015646150716 4105.509270833335 -0.87079075454376687 1.0000000180025095e-35
decision_type=2 2 2 2 2 2 2 2 2 2 2 2 2 2 2 2 2 2 2 2 2 2 2 2 2 2 2 2 2 2 2 2 2 2 2 2 2 2 2 2 2 2 2 2 2 2 2 2 2 2 2 2 2 2 2 2 2 2 2 2 2 2
left_child=4 2 5 -3 9 16 7 8 60 10 39 12 13 57 15 48 -2 -16 21 20 -20 22 36 41 25 -25 27 -27 29 49 34 32 33 50 -26 40 58 38 -31 -1 -34 42 45 44 -44 46 -23 -47 51 -24 -32 52 -13 -17 -7 -33 -57 -11 -15 -37 -6 -62
right_child=1 3 -4 -5 6 54 -8 -9 -10 11 -12 14 -14 18 17 53 -18 -19 19 -21 -22 23 28 24 30 26 -28 -29 -30 37 31 55 35 -35 -36 59 -38 -39 -40 -41 -42 -43 43 -45 -46 47 -48 -49 -50 -51 -52 -53 -54 -55 -56 56 -58 -59 -60 -61 61 -63
leaf_value=0.0012539528700507051 0.0016102767790425608 -0.00018823568007119817 0.0013322452515205185 0.0019476338563988805 -0.00019785867230631026 0.0021237531921679143 -0.00027250330761054538 -0.0027473526529505055 -0.00033760960803572713 -0.00025442995606995923 -0.024340376602261599 0.0010105127687533332 -0.0015612646331851997 0.0005786599453768826 0.00030952715082170011 0.00033634609236875333 0.0025479489586843584 -0.00067994134594966831 -0.0054506310223582316 -0.0086612649999650241 0.00015996947656332416 -0.00058052748665170738 -0.00021625447311842015 0.0026513279382235576 6.8240838359168163e-05 -0.013345159865051625 -0.022451699161295816 0.0029753175865804859 0.00043029684345743388 -0.00022306103509125652 0.00087068850341810223 0.00071662085954574898 -0.00026220898050778986 -0.00088230337574998427 0.0011249276268428155 -0.0010186648150935439 -5.6240172013950484e-05 0.00047969480982132493 0.00022399120127998272 -0.006709024419349543 -0.0020186896823927336 0.00079573319615216403 -0.00046836400769393547 -0.0016150864722474843 0.0014967603319344747 0.00054260631405185218 0.0014817762494401432 0.002050423212986683 0.00019059125005080446 0.0005238904298225577 -0.00040057922460223772 -0.00010650927329769466 -0.00035763923844438493 0.0023893711600801201 -0.0052654714788528522 0.00050295061551418384 -0.00015076425767506229 -0.0036146174095582138 -0.0012986761241680167 0.0013163871467789968 0.0063879229419218572 0.004518501451624299
leaf_weight=72 790 298 1194 137 73 113 326 56 114 151 111 257 149 40 44 285 65 265 53 176 413 99 1443 41 6140 157 174 101 108 324 190 295 108 151 87 77 125 137 280 93 430 684 67 120 41 414 52 85 1958 75 77 2380 150 154 55 175 949 89 229 57 281 278
leaf_count=72 790 298 1194 137 73 113 326 56 114 151 111 257 149 40 44 285 65 265 53 176 413 99 1443 41 6140 157 174 101 108 324 190 295 108 151 87 77 125 137 280 93 430 684 67 120 41 414 52 85 1958 75 77 2380 150 154 55 175 949 89 229 57 281 278
internal_value=0.00120682 0.0101545 0.0116389 0.00258028 0.000100648 0.00859863 0.00321523 0.00515567 0.00606426 -7.22963e-05 -0.00530686 0 -0.000365628 -0.000280957 0.000969239 0.0012324 0.0100409 -0.00343548 -0.000173545 -0.00317263 -0.00012848 -3.10352e-05 -0.00142831 0.000327237 -0.000128664 -0.00439873 -0.00575058 -0.00173745 -0.00052576 -0.000922566 0.00010301 -0.001249 -0.00379468 0 0.000647881 -0.00615156 -0.00683544 0.00159704 0.000247934 -0.000993976 -0.00768089 0.00301344 0.00133106 -0.00340611 0.00247706 0.00299539 -0.00246711 0.00465 0.000831226 -0.00215273 0.00375 -6.99426e-05 0.00327206 0.00555682 0.0012426 0.000707746 -0.000266667 -0.00659751 -0.0095 0 0.00748815 0.00849107
internal_weight=24112 2652 2217 435 21460 1023 1128 802 746 20332 276 20056 14563 14414 5493 5184 855 309 14174 642 466 13532 2761 10771 9209 473 432 258 2367 2259 8736 2509 1090 418 6227 672 394 741 604 165 538 1562 878 228 108 650 151 499 4745 1518 267 2787 407 439 168 1419 1124 240 269 134 632 559
internal_count=24112 2652 2217 435 21460 1023 1128 802 746 20332 276 20056 14563 14414 5493 5184 855 309 14174 642 466 13532 2761 10771 9209 473 432 258 2367 2259 8736 2509 1090 418 6227 672 394 741 604 165 538 1562 878 228 108 650 151 499 4745 1518 267 2787 407 439 168 1419 1124 240 269 134 632 559
is_linear=0
shrinkage=0.03


Tree=115
num_leaves=63
num_cat=0
split_feature=20 11 11 10 23 19 7 1 0 10 21 12 17 17 11 2 17 27 23 14 15 14 2 12 27 25 1 15 15 23 15 23 0 10 12 25 14 17 6 15 20 20 23 27 27 15 15 0 6 17 17 14 7 23 15 24 27 15 15 14 12 17
split_gain=243.69 25.6591 25.6131 14.4791 11.5075 10.8632 10.5511 8.98291 32.1445 12.9877 10.0096 11.6741 9.50031 8.76866 9.48618 8.66363 10.7759 13.069 9.12178 8.53026 8.45094 12.3705 8.39866 12.4293 9.83169 8.35367 8.00007 7.74332 11.5816 8.56146 9.14152 7.68065 7.52123 9.01342 7.3933 12.7243 9.80755 7.23215 7.14409 9.05289 7.0454 6.87274 6.71184 6.648 9.63701 6.62569 6.55447 6.51986 6.45221 6.38502 11.6229 8.45558 8.23844 7.92668 6.83504 8.09965 6.96354 6.6324 7.36751 6.56832 8.08521 8.00874
threshold=8728.4500000000025 5115.3300000000008 5629.4650000000011 6200.0950000000003 20.468750000000004 58782.400000000001 0.37744852145085445 5.5000000000000009 34.500000000000007 999.94500000000016 2971.2650000000008 2980.4235863095241 2572.6950000000002 1320.8200000000004 2500.8950000000004 10.500000000000002 1005.715 0.27999999999999942 24.781250000000004 2962.8643076782387 2978.7924479166672 2255.8046853919836 4.5000000000000009 2826.2293229166671 0.11999999999999923 19.155000000000005 2.5000000000000004 3540.9522395833342 3752.4303645833338 14.931250000000002 4266.4748958333339 28.781250000000004 84.500000000000014 3664.7050000000004 3098.5384449404769 15.270000000000001 1984.567131393211 2195.5200000000004 0.06540312923014284 4810.7252083333342 11875.1 -25525.799999999996 23.281250000000004 -0.14499999999999955 0.10500000000000044 4602.9074479166675 4153.5219791666668 16.500000000000004 0.81241147629689003 1933.0700000000004 1699.1400000000001 2005.729146281484 0.99865421017599998 32.181250000000013 4900.826822916667 3.3562499999999997 -0.77499999999999847 3703.127135416667 5247.1423958333344 3851.3015437647823 6276.1249627976194 643.59500000000014
decision_type=2 2 2 2 2 2 2 2 2 2 2 2 2 2 2 2 2 2 2 2 2 2 2 2 2 2 2 2 2 2 2 2 2 2 2 2 2 2 2 2 2 2 2 2 2 2 2 2 2 2 2 2 2 2 2 2 2 2 2 2 2 2
left_child=1 5 4 25 -2 7 -5 10 31 -10 11 13 20 14 -1 18 -17 37 19 -12 21 47 24 -24 -11 48 -27 -22 -29 30 -30 -9 34 -34 36 -36 -20 -18 -6 45 -4 -25 -26 46 -45 -40 -43 -13 -3 50 52 53 59 -52 56 -56 -51 -53 -59 61 -61 -37
right_child=2 3 40 6 38 -7 -8 8 9 22 15 12 -14 -15 -16 16 17 -19 32 -21 27 -23 23 41 42 26 -28 28 29 -31 -32 -33 33 -35 35 49 -38 -39 39 -41 -42 43 -44 44 -46 -47 -48 -49 -50 54 51 57 -54 -55 55 -57 -58 58 -60 60 -62 -63
leaf_value=0.00024994801802909802 0.00024398689173096955 0.00045554470285417813 0.0010790154667928941 0.0029075732167353238 0.00082593869211779138 -0.018793199291179414 0.00031502188135316798 0.00027215655153695729 -0.043700117399070794 0.00073112768939880717 -0.00010400042722107372 -0.00029864063550196109 -0.00057318164937276701 -0.0012093411926267983 -0.00057580210317923267 0.0015000744181717528 0.00077328708436706693 -0.00020440508764300701 -0.00031444206531840987 -0.0020508150639168663 0.00021420050140498858 -0.0016356382374553924 0.0002268226605324841 -0.027283464661178786 2.1444266086190211e-05 -0.0015050647241734083 0.0029429012034545643 -0.00044256224901957348 0.00050091892586390685 -0.00010934042210037021 -7.2063633627692528e-05 -0.0012422787791358657 -5.0959114820399165e-05 0.0030338907650577871 -0.021274343493985777 0.00024802235623648804 0.00098494385533122388 0.00010468960837764385 0.0015710763304205776 0.0024312093085542938 0.0012922778939749157 -0.0010421787941836235 -0.0017101500066836993 -0.0048160258438253757 -0.00085923370786741057 -0.00095066653808689944 0.0001010028602371893 0.00043184282897994029 -0.00066845334339882712 0.0014463545557770719 0.00027831893336500714 -0.00016320703076013742 0.0015328880254531362 -0.0030329907493937647 -0.0015569202677281702 -0.00031815529719330993 -6.1044793674263078e-05 0.0010027010468887632 -0.00015626624782283827 -1.2073968133243794e-05 0.0013668543899184903 -0.00018624597702572742
leaf_weight=215 207 870 432 646 106 95 264 984 121 219 2814 121 129 273 248 369 508 755 351 135 685 117 211 145 244 57 185 327 339 532 244 115 152 197 114 1310 627 513 93 329 1019 107 212 149 252 51 224 130 319 58 167 117 171 55 123 338 571 730 85 134 95 2511
leaf_count=215 207 870 432 646 106 95 264 984 121 219 2814 121 129 273 248 369 508 755 351 135 685 117 211 145 244 57 185 327 339 532 244 115 152 197 114 1310 627 513 93 329 1019 107 212 149 252 51 224 130 319 58 167 117 171 55 123 338 571 730 85 134 95 2511
internal_value=0.00123662 0.000267906 0.0106635 0.00323442 0.00628971 -8.95108e-05 0.006191 -3.95471e-05 -0.00155328 -0.00393103 0.000236538 -0.00122285 -0.000285714 -0.00455902 -0.00203664 0.000613799 0.00235555 0.00138436 0.000269436 -0.00115424 0.000126202 -0.00406504 -0.00327381 -0.00490358 -0.000643491 0.00135126 0.00641975 0.000852914 -0.00039501 0.00106183 0.00357021 0.00252273 0.000800556 0.0051 0.00060135 0.000239362 0.00303371 0.00359589 0.0084569 0.0100316 0.0130269 -0.00647494 -0.00315098 -0.00527967 -0.00787313 0.00372414 -0.00212349 -0.000297619 0.000315126 0.000415249 0.000839844 0.00350649 0.000110137 -0.00174888 -0.00167736 -0.00444805 0.000357143 0.00475884 0.00571691 -0.000162923 0.00476087 -0.000459184
internal_weight=24016 21779 2237 2341 786 19438 910 19343 2983 1884 16360 3360 2624 736 463 13000 2145 1776 10855 2949 2495 368 1763 1088 675 1431 242 2127 1442 1115 583 1099 7906 349 7557 6579 978 1021 579 473 1451 877 456 732 401 144 331 251 1189 6465 5375 1154 4221 222 1090 461 629 932 815 4050 229 3821
internal_count=24016 21779 2237 2341 786 19438 910 19343 2983 1884 16360 3360 2624 736 463 13000 2145 1776 10855 2949 2495 368 1763 1088 675 1431 242 2127 1442 1115 583 1099 7906 349 7557 6579 978 1021 579 473 1451 877 456 732 401 144 331 251 1189 6465 5375 1154 4221 222 1090 461 629 932 815 4050 229 3821
is_linear=0
shrinkage=0.03


Tree=116
num_leaves=63
num_cat=0
split_feature=20 11 10 1 25 12 25 27 8 1 7 10 23 25 11 23 17 7 12 0 18 12 23 12 12 26 21 12 11 21 1 12 26 17 11 19 25 21 17 26 1 11 1 17 8 12 26 21 0 1 12 12 17 8 10 22 7 7 7 17 27 27
split_gain=259.735 25.7316 25.5575 16.8859 13.5005 11.9116 10.9653 9.52048 9.34917 8.38356 11.7 7.99613 8.70051 7.86335 7.63468 9.25154 7.47765 8.77405 6.80952 6.65887 6.58348 6.26325 5.72789 9.84398 6.03877 7.1453 8.45895 5.84491 17.5653 10.7065 17.9779 13.003 10.2636 9.59979 10.0349 7.19365 6.77239 7.80182 6.45714 6.30274 6.62524 6.24359 6.19437 6.09702 6.82664 9.17672 7.23285 8.39759 6.43648 8.94004 11.978 12.2366 6.06434 8.72258 7.4211 7.31659 5.68908 5.67523 15.3873 5.90088 5.89698 9.03619
threshold=8728.4500000000025 5900.8100000000004 5900.6200000000008 5.5000000000000009 18.765000000000004 4846.8070758928579 18.765000000000004 0.96499999999999997 -0.90252875386360676 5.5000000000000009 -0.42180583328916638 249.73500000000004 30.706250000000004 18.785000000000004 4000.4250000000006 26.756250000000005 1004.0650000000002 0.34537287020513602 3534.3226562500008 65.500000000000014 8808.8500000000022 3950.8452306547624 36.10625000000001 6516.979241071429 6276.1249627976194 7.5750000000000011 6244.5200000000004 3065.0214062500004 1599.6500000000003 3245.4450000000006 3.5000000000000004 2980.4235863095241 8.9650000000000016 1320.8200000000004 2381.2450000000003 27968.750000000004 15.270000000000001 3524.9750000000008 1004.0650000000002 11.130000000000001 2.5000000000000004 875.7700000000001 3.5000000000000004 2670.5750000000003 -0.61405602385363023 4257.4148437500007 5.1300000000000008 3621.2883333333339 35.500000000000007 4.5000000000000009 4431.1621800595249 3739.267254464286 2449.7550000000006 0.97461712852231652 3269.7500000000005 3433.4287003968261 0.55923163791368669 0.99995780822346225 0.99966190462023474 300.07500000000005 0.27500000000000041 -0.015000000000000567
decision_type=2 2 2 2 2 2 2 2 2 2 2 2 2 2 2 2 2 2 2 2 2 2 2 2 2 2 2 2 2 2 2 2 2 2 2 2 2 2 2 2 2 2 2 2 2 2 2 2 2 2 2 2 2 2 2 2 2 2 2 2 2 2
left_child=2 4 6 5 9 16 7 8 -1 10 -2 12 -10 -8 57 21 20 -18 -5 -20 -4 -16 23 27 25 -24 -27 29 32 30 31 33 -29 34 -13 -32 37 -30 39 -31 -41 -40 52 44 45 -44 47 -46 49 50 51 -48 53 -38 -55 -54 -43 58 59 -15 61 -61
right_child=1 -3 3 18 -6 -7 13 -9 11 -11 -12 22 -14 14 15 -17 17 -19 19 -21 -22 -23 24 -25 -26 26 -28 28 36 38 35 -33 -34 -35 -36 -37 42 -39 41 40 -42 56 43 -45 46 -47 48 -49 -50 -51 -52 -53 55 54 -56 -57 -58 -59 -60 60 -62 -63
leaf_value=-0.00098678495489959764 0.0020052733257285558 0.0012535095571556453 -0.0010004758078516218 0.00029727320679446835 0.0022129326004031655 -0.00050938972993691317 0.00093108990826664241 -0.0016021143439576857 -0.018520947474430657 -0.0002124443112280261 0.0011055376060853472 0.00040190068119328349 0.00054807906352968947 0.0020605695944767976 0.00083752641282295313 0.0023905167333617959 0.0023661558508212008 -0.0004526950623457093 0.00069786219569436983 -0.0013444884234298459 0.0037628803530520291 -0.0003714202830887636 -0.0017417717590032921 -0.0036271214988773258 0.00091167092263442215 0.0012981256534234564 -0.0012674783625661456 -0.00094148581093872691 0.00021737013535444216 0.00081796111268535472 -1.239525535929431e-05 0.00028207597503954852 -0.026477139477718181 -0.0015915134089834382 -0.00058870227746033344 0.00044396705217785381 2.993051309841732e-05 -0.0030707204419579792 0.00090664614180685271 -0.0019977090843593492 0.00069262070293068406 -9.9571844069985536e-05 0.0011242510947036786 0.0010941139168182444 -0.00014056730481095236 -0.00028397488796418454 -7.9006249866448992e-05 0.0013687797825765458 -0.00061871710992714493 9.0916461141592463e-05 0.0013587685052995546 -0.0012372924736964519 0.00041013450224999912 0.00011958716002210323 0.0017421850554558737 -0.00045031028231343304 0.00086397715981882499 -0.0049758686694027473 0.0056136213057417228 0.00016407652073109345 0.00019811756286825853 -0.00018395308692137124
leaf_weight=230 115 1445 43 94 348 170 177 150 207 190 152 134 106 86 336 332 498 208 41 130 405 257 75 92 130 110 40 426 72 1031 235 158 200 210 359 239 4389 185 154 70 82 1156 304 65 104 263 161 89 1589 865 55 150 95 357 203 306 78 42 102 1442 573 1994
leaf_count=230 115 1445 43 94 348 170 177 150 207 190 152 134 106 86 336 332 498 208 41 130 405 257 75 92 130 110 40 426 72 1031 235 158 200 210 359 239 4389 185 154 70 82 1156 304 65 104 263 161 89 1589 865 55 150 95 357 203 306 78 42 102 1442 573 1994
internal_value=0.00125202 0.0109551 0.000252574 0.00391509 0.00664392 0.00529811 -3.47873e-05 -0.000452261 -0.000375635 0.00324236 0.00666045 -0.000280509 -0.00501592 0.0011316 0.000917715 0.00338553 0.00638961 0.00445545 -0.00298872 -0.0065407 0.00942094 0.00113636 -0.000176012 -0.000272393 0.00358146 0.000597345 0.00437086 -0.000206746 -0.000595202 0.000775531 -0.00140344 -0.00398492 -0.00545455 -0.00573153 -0.00343117 0.00328421 -0.00026586 -0.00505814 0.00190708 0.00353463 -0.00215686 0.000518359 -0.00012839 -0.00108201 -0.00124825 0.00176937 -0.00181652 0.00378866 -0.00220135 -0.00057224 -0.00449591 -0.00677885 0.000521398 0.000809091 0.00433155 -0.00302239 -0.000194332 0.000378538 0.000489519 0.000201416 3.36658e-05 -0.000436427
internal_weight=24104 2250 21854 1589 805 1324 20265 14924 14774 457 267 14544 313 5341 5164 925 1154 706 265 171 448 593 14231 13876 355 225 150 13784 9878 3906 1335 861 626 703 493 474 9252 257 2571 1183 152 1388 8995 3645 3580 567 3013 193 2820 1231 366 311 5350 4949 560 401 1234 4239 4197 4095 4009 3436
internal_count=24104 2250 21854 1589 805 1324 20265 14924 14774 457 267 14544 313 5341 5164 925 1154 706 265 171 448 593 14231 13876 355 225 150 13784 9878 3906 1335 861 626 703 493 474 9252 257 2571 1183 152 1388 8995 3645 3580 567 3013 193 2820 1231 366 311 5350 4949 560 401 1234 4239 4197 4095 4009 3436
is_linear=0
shrinkage=0.03


Tree=117
num_leaves=63
num_cat=0
split_feature=9 20 1 10 1 7 7 6 1 17 26 4 26 18 14 26 6 24 23 7 22 17 22 2 21 11 17 27 18 27 27 14 22 22 19 7 11 26 20 18 17 1 7 23 6 1 7 7 24 26 23 26 17 18 11 22 14 11 7 1 18 19
split_gain=257.028 33.4528 14.9935 14.4356 14.4161 12.9545 10.3843 8.29302 16.7734 18.4741 12.2489 11.6977 11.5903 9.5039 9.27219 8.82568 8.56374 8.2876 7.8915 9.90245 7.60301 7.71909 7.11422 7.10746 7.05827 6.36594 6.34618 7.01912 6.39653 6.21159 7.63033 6.0781 6.04569 7.1669 6.57314 7.99999 7.17383 6.2472 5.64512 5.55676 5.34679 5.26355 8.45449 4.97797 6.0266 5.01737 4.83373 4.82963 7.46745 7.89198 6.71 4.5963 4.54282 4.51506 4.35347 5.54524 7.41232 5.28144 4.97482 4.76617 4.26328 4.59099
threshold=9999.9950000000008 11439.250000000002 5.5000000000000009 5000.6000000000013 5.5000000000000009 0.78523795966413312 -0.44504625642270151 -0.63405362205439475 5.5000000000000009 1001.6650000000001 10.600000000000001 1.0000000180025095e-35 4.2350000000000003 10332.150000000003 2276.465406832699 10.055000000000001 -0.9733555533461492 0.70000000000000118 22.768750000000008 0.37744852145085445 5288.80250248016 300.64000000000004 4925.4841815476202 3.5000000000000004 4972.5666666666675 200.98000000000005 1535.0450000000003 -0.04500000000000081 8057.8500000000013 0.8249999999999994 0.79999999999999905 1906.6689331872874 6032.5343142361116 5846.5585912698416 12741.850000000002 -0.048361574224334618 4789.7050000000008 7.8250000000000011 -1062.799999999999 12763.300000000001 1405.9250000000004 1.5000000000000002 0.9193901325473397 26.456250000000008 0.35206144883412549 2.5000000000000004 -0.9905448150984083 0.24684749415872467 9.1000000000000068 9.2050000000000018 33.968750000000007 7.955000000000001 350.00000000000006 13691.200000000003 1545.7350000000004 3703.0957552083341 2253.334141584643 1630.7750000000003 0.21336913576298863 1.5000000000000002 8217.4500000000025 31961.500000000004
decision_type=2 2 2 2 2 2 2 2 2 2 2 2 2 2 2 2 2 2 2 2 2 2 2 2 2 2 2 2 2 2 2 2 2 2 2 2 2 2 2 2 2 2 2 2 2 2 2 2 2 2 2 2 2 2 2 2 2 2 2 2 2 2
left_child=3 4 -3 7 18 -4 43 8 10 25 11 16 -9 -13 31 -15 54 22 19 -2 21 -8 29 39 -24 -10 28 -28 -25 30 -14 -12 33 34 35 52 -36 38 -35 -11 -22 42 -23 44 45 -5 -20 50 49 -49 60 -52 -19 -6 -1 57 -57 -56 59 -58 61 -18
right_child=1 2 5 6 53 -7 20 12 9 23 14 13 17 15 -16 -17 47 32 46 -21 40 41 24 26 -26 -27 27 -29 -30 -31 -32 -33 -34 37 36 -37 -38 -39 -40 -41 -42 -43 -44 -45 -46 -47 -48 48 -50 -51 51 -53 -54 -55 55 56 58 -59 -60 -61 -62 -63
leaf_value=0.00065115126640452375 0.0013640589013167136 0.0012159042704409729 -0.00022952525716915417 0.0078914089269007445 -0.00081088270081292708 0.0018128312171729454 0.0092409827604247145 -0.0016523076960888792 -0.0015173206204150834 0.0023198559906639281 -0.038594239934940849 -0.030286467248252975 -1.892970267176608e-06 0.0005244871998575729 -0.0098772096450033143 -0.0053536547225695227 0.0013822863946851881 0.00030886362247922961 0.00046557469469085786 -0.0059671449506507913 -0.0023056377270280581 0.0058203514495670733 -0.0010554687921289663 -0.013816784998387276 0.00041500505662085625 -0.043381669975867315 -0.00012341151263360215 -0.004377794972219364 0.00055373278456771757 -0.00074237594326555635 0.0010106100846483824 0.00026091524619008765 -0.00044256451828722732 -0.00016428288977995642 0.00018922793908139555 0.0015774677611950772 0.0013480662387545461 0.0018238309285993992 0.0017912666986786439 -0.00012539211274405381 0.000248796607357864 0.00018067865618288435 -0.00018829433312987474 0.0053612996815236257 -0.0022615876908168883 -0.00039679740317128954 0.0014808867266636393 -0.00091206622964906442 0.00044574694572864005 0.00015298119118120734 -0.0023603212452350331 5.3696596986148039e-05 -0.00037799750040040436 0.00010702546168271709 -0.00089702268200698044 -0.0024716237409251637 0.00094785805599903569 0.00039962782783439007 -0.0018134992148470541 -3.5321152670686472e-07 1.6569186554766799e-05 0.00034062726851249444
leaf_weight=371 149 1218 109 51 40 138 48 49 40 43 44 161 6497 121 164 46 115 111 53 81 112 149 264 61 89 177 91 198 139 270 77 176 189 204 3718 207 268 119 144 228 130 673 105 331 46 44 754 660 301 368 139 100 663 144 43 72 82 465 91 182 1472 542
leaf_count=371 149 1218 109 51 40 138 48 49 40 43 44 161 6497 121 164 46 115 111 53 81 112 149 264 61 89 177 91 198 139 270 77 176 189 204 3718 207 268 119 144 228 130 673 105 331 46 44 754 660 301 368 139 100 663 144 43 72 82 465 91 182 1472 542
internal_value=0.00120566 0.0099479 0.0130048 0.000100231 0.0062725 0.00622984 0.00276036 -0.000129588 -0.000986105 -0.00461656 -0.000364766 8.43961e-06 0.000315851 -0.00547112 -0.00553247 -0.000446429 0.000368705 0.000372046 0.00764451 0.00272727 0.0012931 0.00247439 -0.000302167 -0.00240473 -0.00444915 -0.0123165 -0.00456122 -0.00739655 -0.000447761 -8.76552e-05 9.58175e-05 -0.00149321 0.00123489 0.00141858 0.00108394 -0.00111507 0.00162528 0.00496795 0.00292264 0.00148897 -0.00345679 0.00185884 0.00552941 0.00653277 0.00179577 0.00609375 0.00904084 -0.000369118 -0.00181579 -0.00303207 0.000443225 -0.0043125 -0.00251613 -0.00145946 0.00245601 0.00136218 -0.00115654 0.00347741 0.000632022 0.00271698 0.000978873 0.00298632
internal_weight=23936 2686 1465 21250 1221 247 1689 19561 6692 977 5715 5331 12869 328 384 167 5003 12820 1037 230 1217 975 7197 760 353 217 489 289 200 6844 6574 220 5623 5434 4967 981 3986 467 348 271 242 927 254 472 141 95 807 3697 1329 1028 2368 239 774 184 1306 935 427 508 355 264 2129 657
internal_count=23936 2686 1465 21250 1221 247 1689 19561 6692 977 5715 5331 12869 328 384 167 5003 12820 1037 230 1217 975 7197 760 353 217 489 289 200 6844 6574 220 5623 5434 4967 981 3986 467 348 271 242 927 254 472 141 95 807 3697 1329 1028 2368 239 774 184 1306 935 427 508 355 264 2129 657
is_linear=0
shrinkage=0.03


Tree=118
num_leaves=63
num_cat=0
split_feature=9 20 1 10 0 1 1 7 15 20 14 1 17 25 8 17 0 17 1 17 15 2 17 9 7 17 21 1 12 23 17 17 7 7 12 14 12 8 12 21 16 12 12 25 14 7 2 8 8 12 14 10 17 20 9 15 0 17 12 1 14 10
split_gain=264.212 34.1428 15.269 13.7278 13.538 13.3542 13.1691 11.8608 9.39837 8.90642 8.17695 9.2735 7.83657 7.79745 7.76449 13.3506 10.8845 7.87556 11.1777 10.7408 9.04091 8.20931 7.43049 6.78087 8.07889 11.4839 7.9309 10.236 7.98124 9.8195 8.78058 7.97855 7.80235 7.23357 6.72214 7.0326 6.54804 6.46758 8.65472 6.84507 10.5934 9.47174 7.63641 19.2701 10.356 10.269 8.28341 10.1082 12.5868 10.129 8.9314 7.76177 7.61849 8.33332 7.65026 13.1236 7.98171 7.33054 7.20682 6.9928 7.70577 7.533
threshold=9499.0850000000009 11439.250000000002 5.5000000000000009 9999.9950000000008 28.500000000000004 5.5000000000000009 1.0000000180025095e-35 0.70517752626968588 2412.4126562500001 -46329.94999999999 3161.7431564842291 5.5000000000000009 300.94000000000005 18.765000000000004 0.97461712852231652 2305.5750000000003 35.500000000000007 1933.0700000000004 2.5000000000000004 2183.4400000000005 4718.426145833334 7.5000000000000009 299.54000000000002 5629.670000000001 -0.11692013674435776 2227.6050000000005 3642.5333333333338 4.5000000000000009 3905.8723809523813 22.656250000000004 1543.1100000000004 1666.1650000000002 0.81925054981890411 0.99907018497641664 3627.6782663690483 1869.0051173934098 3076.0647023809529 -0.90252875386360676 4622.3506622023824 3178.0016666666675 5396.4750000000013 3811.5690252976196 3065.0214062500004 15.270000000000001 2080.6202455828893 0.55923163791368669 9.5000000000000018 -0.54219087765047058 -0.4755978891912595 5752.6047470238109 2677.399504010802 2271.8600000000001 1551.5250000000003 -36096.349999999984 1730.9100000000003 2934.9508333333338 24.500000000000004 1001.8700000000001 3897.4647172619048 4.5000000000000009 3710.688448654646 4529.0800000000008
decision_type=2 2 2 2 2 2 2 2 2 2 2 2 2 2 2 2 2 2 2 2 2 2 2 2 2 2 2 2 2 2 2 2 2 2 2 2 2 2 2 2 2 2 2 2 2 2 2 2 2 2 2 2 2 2 2 2 2 2 2 2 2 2
left_child=3 2 4 9 -2 -3 8 -7 -5 10 11 -1 -8 14 17 16 -16 37 20 36 21 -19 -15 24 25 -24 28 31 30 -30 34 33 -33 -28 35 -26 -20 38 -11 40 -39 -42 44 -44 45 52 47 50 51 -50 -45 -49 54 -54 55 -41 -56 -51 -48 60 -53 -61
right_child=1 5 -4 6 -6 7 12 -9 -10 13 -12 -13 -14 22 15 -17 -18 18 19 -21 -22 -23 23 -25 26 -27 27 -29 29 -31 -32 32 -34 -35 -36 -37 -38 39 -40 42 41 -43 43 46 -46 -47 58 48 49 57 -52 59 53 -55 56 -57 -58 -59 -60 61 -62 -63
leaf_value=-0.00016380269510550603 -0.00052170576623300491 0.001179427142327718 -0.00013325202476169196 -0.0002948450853862905 0.0014257382444222699 -0.00030835464826493462 0.0083295775012016005 0.0017584462806577682 0.0054128532938331284 -0.0058164569585160784 -0.023771216165092746 -0.032764599212390146 -0.00071618642351992882 0.0057058196180060959 4.2867571633742327e-07 2.6896508961544718e-05 0.0015852438478694618 0.00089524505359952046 0.00024375554689962442 1.9701329277150847e-05 -0.0010068109964159388 4.1459661406686443e-05 0.00072905614956321864 0.0033185532219706282 0.0025008597432167432 -0.00059570252100181963 -0.00040045163129477147 -0.00084854290594802426 0.00012129649553092036 -0.0012394997946441678 6.7795885055472741e-05 0.0010370937306464433 -9.9511301212498184e-05 0.0014795423873465729 0.001503617392282699 -0.00010753288186602816 -0.00094388199174187724 -0.00081309637988724148 -1.1643067445232801e-06 0.00010948561113625743 -6.9665306567463504e-05 0.0003698274045542371 -0.0033897953230957877 0.0010337585660610048 0.00069511535272073213 0.001736062331448238 0.0006770067448868877 -0.0180094205382485 -0.00014769305671684662 0.0013229784244165809 1.2685793937836642e-05 -0.0026734155457809636 0.00085663156147044008 -0.0012141975362602152 -0.0011337628127147958 -0.010919117652645402 0.00040479975525562926 0.0003241348954290579 -0.00090348625585147781 0.00073797145093228871 0.0011834748153531915 -0.0031467856341855869
leaf_weight=266 137 1229 213 74 980 105 43 134 256 74 72 46 225 93 132 1336 221 135 100 393 148 554 763 290 130 164 927 716 240 200 983 299 239 142 173 128 983 483 106 261 1563 188 279 556 864 61 430 194 2333 102 1216 128 41 221 73 119 1025 235 47 105 44 40
leaf_count=266 137 1229 213 74 980 105 43 134 256 74 72 46 225 93 132 1336 221 135 100 393 148 554 763 290 130 164 927 716 240 200 983 299 239 142 173 128 983 483 106 261 1563 188 279 556 864 61 430 194 2333 102 1216 128 41 221 73 119 1025 235 47 105 44 40
internal_value=0.0012713 0.00993569 0.00644628 0.000130527 0.00784884 0.0130905 0.00460768 0.0065625 0.00861027 7.2597e-07 -0.00451948 -0.00239617 -0.000334572 8.6547e-05 -0.000271787 0.00164201 0.00682203 -0.000518623 -0.00210674 -0.00367637 0.000662291 0.0021087 0.0010523 0.000906395 0.000652302 0.00318427 8.97559e-05 -0.00107788 0.00155256 -0.00197279 0.00265018 0.000251866 0.0032282 -0.00124766 0.00621528 0.00312741 -0.00521679 -0.000177959 -0.0058011 -8.20058e-05 -0.00155705 -0.00047089 0.000311642 -0.000307356 0.00163728 0.000341287 8.83815e-05 -0.000275535 -0.00128693 -0.000460502 0.00153976 -0.0055957 -8.61574e-05 -0.00479087 0.000750507 -0.00291339 0.00202002 0.00439349 0.00385983 -0.00268868 -0.00676301 0.00215753
internal_weight=24057 2798 1330 21259 1117 1468 598 239 330 20661 384 312 268 20277 14790 1689 353 13101 2313 1476 837 689 5487 5394 5104 927 4177 2323 1854 440 1414 1607 538 1069 431 258 1083 10788 180 10608 2234 1751 8374 5709 2665 1801 5430 4953 3181 2670 1772 511 1740 262 1478 380 1098 337 477 317 172 145
internal_count=24057 2798 1330 21259 1117 1468 598 239 330 20661 384 312 268 20277 14790 1689 353 13101 2313 1476 837 689 5487 5394 5104 927 4177 2323 1854 440 1414 1607 538 1069 431 258 1083 10788 180 10608 2234 1751 8374 5709 2665 1801 5430 4953 3181 2670 1772 511 1740 262 1478 380 1098 337 477 317 172 145
is_linear=0
shrinkage=0.03


Tree=119
num_leaves=63
num_cat=0
split_feature=9 20 1 10 1 7 12 11 20 26 12 15 9 1 1 17 15 12 7 9 26 19 21 15 11 15 15 26 1 7 15 26 21 26 11 22 15 11 21 20 22 22 26 26 27 19 22 15 22 17 8 15 27 8 8 18 15 15 20 12 12 26
split_gain=251.674 35.8785 17.4087 13.0916 12.1084 11.4546 10.8883 10.4295 9.41726 8.19305 7.66625 7.08392 6.45875 6.69242 6.19482 5.65049 8.40557 10.3784 7.94424 7.07212 7.05243 9.12715 6.2033 5.92756 5.85306 5.59595 5.53402 5.83512 6.45178 5.63703 5.24907 6.66336 6.53505 6.24392 7.28204 5.4794 5.39864 5.45925 5.64784 5.72758 5.20777 7.13579 6.75074 7.37284 8.17666 6.32847 5.58459 5.48631 11.9419 9.47989 8.77111 7.94915 6.70695 8.14822 8.72018 6.92027 5.8329 5.6585 5.63951 5.53185 5.87414 11.5022
threshold=9499.0850000000009 11875.1 5.5000000000000009 9999.9950000000008 5.5000000000000009 0.70517752626968588 4823.5526488095247 5027.920000000001 -47543.499999999993 4.2350000000000003 3554.3353348214287 4027.3980208333337 5115.7100000000009 4.5000000000000009 3.5000000000000004 200.01000000000002 2588.6312500000004 2718.1089732142864 -0.99866806308218525 299.77500000000003 11.645000000000001 15417.200000000003 6305.7616666666681 4810.7252083333342 1819.6350000000004 2368.5494791666674 3627.8876041666667 9.7650000000000023 2.5000000000000004 0.82899317702918729 2368.5494791666674 5.1300000000000008 3178.0016666666675 4.8450000000000006 1750.5000000000002 3399.6991765873022 4575.2485937500005 2021.3550000000002 2628.1950000000002 -13949.1 5688.1775979662716 5734.3922098214289 7.8250000000000011 7.1500000000000012 -0.54999999999999882 10649.100000000002 3768.6834647817464 4418.9412500000008 5581.4613950892863 1900.7650000000001 -0.92999516916204616 4266.4748958333339 -0.71499999999999975 0.97648852793709995 0.99445195900249039 12682.6 6463.2028645833334 6436.6042187500016 -25836.399999999998 5726.190252976191 3839.7652455357147 10.205000000000002
decision_type=2 2 2 2 2 2 2 2 2 2 2 2 2 2 2 2 2 2 2 2 2 2 2 2 2 2 2 2 2 2 2 2 2 2 2 2 2 2 2 2 2 2 2 2 2 2 2 2 2 2 2 2 2 2 2 2 2 2 2 2 2 2
left_child=3 2 6 8 -3 -6 -2 -5 10 -10 14 25 15 26 -1 16 17 -11 -17 -20 22 -22 30 -24 -19 -9 -14 28 -28 -30 32 33 -21 34 -32 -34 37 -35 39 -39 45 -42 43 44 -43 46 -33 51 49 50 -49 52 -47 59 -55 -56 57 -52 -58 60 -54 -62
right_child=1 4 -4 7 5 -7 -8 11 9 12 -12 -13 13 -15 -16 18 -18 24 19 20 21 -23 23 -25 -26 -27 27 -29 29 -31 31 40 35 36 -36 -37 -38 38 -40 -41 41 42 -44 -45 -46 47 -48 48 -50 -51 56 -53 53 54 55 -57 58 -59 -60 -61 61 -63
leaf_value=0.00064747070347245469 0.0013683199600054861 0.0011440443280578982 -0.00013565023761165305 -0.00048429269967625643 -0.00031012495863933507 0.0017056928922380443 -0.0005481113965505102 0.0019346040224229987 -0.0014019522495981728 -0.002203417939790646 -0.022197950595902273 0.00017211465581269179 0.004289109965161071 -0.00026625945137556781 -0.027580898395869243 -0.0041411952317763224 0.0012874384978950992 -0.012355179299686596 -0.030287628877650716 -0.0013974099598087263 0.00038960489660993858 -0.017135955251453922 -0.0008673401126321423 0.00063555778292960767 0.00030856723403184462 0.0053801545223734768 -0.00037284558091527309 -0.0023897843944341358 0.0016666201700847427 0.0091753883587592268 0.0013517320505001694 1.8916640192561117e-05 0.0012304690666511719 -3.8917243872078619e-05 -0.00039749271500737036 -0.00054450541499853958 -0.00029225571228275627 0.0002109083724103744 0.0010553149400466921 -0.00053844051837818256 0.0011544789624222495 0.0011830074130537538 0.0003976054296660969 -0.00092428986539574423 -6.0744950901572279e-05 -0.00079831782742619591 -0.0011310340834676236 0.0034049880035210743 -0.0020691915465199974 -2.0200298745454149e-05 0.00037742080658170529 -0.00047686814914340122 7.3577383617529077e-06 0.00097238110951721076 0.00041300664719928548 -0.00089305169818644004 -0.0015554585613936388 0.0010397546855165452 0.00020762103347497616 0.00099456744779929268 -7.3832411161038885e-05 -0.0015425958952143758
leaf_weight=120 1076 1144 226 154 94 132 106 63 76 60 87 103 174 268 89 200 442 82 44 145 51 86 583 94 713 254 168 74 136 92 65 131 48 136 221 279 119 64 377 41 199 56 471 180 559 217 164 60 126 1711 1104 480 6789 310 140 120 82 61 158 59 2038 390
leaf_count=120 1076 1144 226 154 94 132 106 63 76 60 87 103 174 268 89 200 442 82 44 145 51 86 583 94 713 254 168 74 136 92 65 131 48 136 221 279 119 64 377 41 199 56 471 180 559 217 164 60 126 1711 1104 480 6789 310 140 120 82 61 158 59 2038 390
internal_value=0.0011811 0.00967254 0.00630234 7.38951e-05 0.0131291 0.00674009 0.00775993 0.00453913 -4.99036e-05 2.71473e-05 -0.00535354 0.00698337 6.40711e-05 0.00253012 -0.00221429 -5.1655e-05 0.00186055 0.000122664 -0.000188336 -0.000121944 -9.21016e-05 -0.00684783 -3.96558e-05 -0.00285398 0.00103643 0.00919811 0.00418605 0.00248408 0.00392947 0.00720524 7.19256e-05 0.000160563 -0.0030444 0.00250488 -0.00125436 -0.000685976 0.00396341 0.00508885 0.00658385 0.000424528 6.72818e-06 0.00170873 0.000876085 -0.000810302 0.00075487 -0.000169719 -0.00451014 -7.69175e-05 0.000990009 0.00135033 0.00312074 -0.000411134 -0.000231021 -0.000115771 0.00336252 -0.000689655 0.00263514 0.00351201 -0.00161826 -0.000329848 -0.000388913 -0.001655
internal_weight=24091 2778 1408 21313 1370 226 1182 574 20739 20443 296 420 20367 912 209 19455 1297 855 18158 17958 17914 137 17777 677 795 317 644 470 396 228 17100 16628 472 1023 286 327 737 618 482 105 15605 1465 1266 795 615 14140 295 13845 3302 3176 1465 10543 10063 9846 570 260 1405 1165 240 9276 9217 2428
internal_count=24091 2778 1408 21313 1370 226 1182 574 20739 20443 296 420 20367 912 209 19455 1297 855 18158 17958 17914 137 17777 677 795 317 644 470 396 228 17100 16628 472 1023 286 327 737 618 482 105 15605 1465 1266 795 615 14140 295 13845 3302 3176 1465 10543 10063 9846 570 260 1405 1165 240 9276 9217 2428
is_linear=0
shrinkage=0.03


Tree=120
num_leaves=63
num_cat=0
split_feature=9 20 1 1 10 1 15 9 12 15 27 14 19 17 12 7 17 1 0 17 12 12 6 7 2 14 27 12 0 16 1 7 12 25 12 0 8 17 8 14 14 25 27 10 16 12 6 17 17 12 14 16 1 8 14 14 23 19 17 19 5 17
split_gain=254.143 32.8434 16.7032 14.5842 12.5614 12.5343 11.6978 11.1475 9.66081 9.53326 8.47082 8.357 6.6664 5.91236 5.73859 4.89963 4.86078 6.00698 32.7807 12.137 10.5689 10.1749 11.5182 7.82987 7.71027 7.00093 10.9109 7.18509 6.63008 22.9307 9.26575 11.8982 11.1079 8.69839 11.5551 7.75588 7.27394 6.94058 8.21613 6.87888 11.2581 6.83957 8.45103 6.77857 6.54531 6.25265 6.06801 6.04618 6.97391 6.0382 5.95414 8.74963 5.81051 5.63138 6.44056 6.88372 5.63047 5.16619 5.04399 5.02613 4.955 4.84722
threshold=9999.9950000000008 11439.250000000002 5.5000000000000009 5.5000000000000009 9999.9950000000008 1.0000000180025095e-35 5295.0756250000004 6500.3350000000009 4308.0815848214288 2412.4126562500001 -0.63499999999999968 2108.3438899853522 58782.400000000001 1005.715 3731.7532738095242 -0.99985146406598202 2670.5750000000003 5.5000000000000009 23.500000000000004 1001.6650000000001 3076.0647023809529 2800.5643898809526 -0.44228869021900119 0.78523795966413312 8.5000000000000018 3851.3015437647823 -0.79999999999999882 6276.1249627976194 20.500000000000004 6000.880000000001 1.0000000180025095e-35 -0.99940763397299126 4864.3312202380957 15.095000000000001 3098.5384449404769 31.500000000000004 -0.97917132487589142 2558.0250000000001 0.99249573635719013 2243.0255533977274 2266.1278919081824 17.575000000000003 -0.5400000000000017 3173.7850000000003 5534.8400000000011 2480.2021949404766 -0.68322629814330815 199.72500000000005 95.020000000000024 4151.2705431547629 1981.8468043155051 9954.595000000003 1.5000000000000002 -0.99761278905001471 1651.4468056128594 1964.9084697205549 24.581250000000008 14625.850000000002 2585.1200000000003 45947.950000000004 -0.68322629814330782 1999.1050000000002
decision_type=2 2 2 2 2 2 2 2 2 2 2 2 2 2 2 2 2 2 2 2 2 2 2 2 2 2 2 2 2 2 2 2 2 2 2 2 2 2 2 2 2 2 2 2 2 2 2 2 2 2 2 2 2 2 2 2 2 2 2 2 2 2
left_child=4 2 8 -3 7 9 -5 12 -2 -6 -10 -9 15 -7 -13 -1 17 25 23 21 45 -20 -23 -19 53 26 -17 52 29 47 32 -32 33 34 46 56 -35 38 41 50 -41 42 43 -31 -37 -21 -30 48 -28 -39 57 -52 -27 -22 -55 -56 -33 -38 -42 -59 -47 -44
right_child=1 3 -4 6 5 13 -8 11 10 -11 -12 14 -14 -15 -16 16 -18 18 19 20 24 22 -24 -25 -26 27 28 -29 30 37 31 35 -34 36 -36 44 39 49 -40 40 58 -43 61 -45 -46 60 -48 -49 -50 -51 51 -53 -54 54 55 -57 -58 59 -60 -61 -62 -63
leaf_value=0.001702403996393591 0.0017926061859314935 0.0011097229982161671 -0.00023159801942000511 -0.00020408511124696103 -0.00043117608634814171 0.0032949028321424033 0.0016545221054709281 0.0075877431116432963 0.0011774812969157188 0.0052010817062189303 -2.9925153127070559e-05 0.0077402812060569197 -0.01667703702738671 -0.0007005872894116649 -0.00081870676964356014 -0.00089010692612339064 0.00092835146206084575 0.00020793728928095943 0.00068765840812785579 -0.00066936157176845869 -0.0054017786658575508 -0.038482837099168034 -0.00053059188718668432 0.00072751850810551136 -0.0017571471326734177 0.00069487050519796863 -0.0017586913404077009 0.0012133861746892727 -0.0033415928596701948 -0.00018631353144831663 -0.012277110636377752 0.00010460114867424152 -0.0014883123394020181 -0.00095887537277867803 -0.018946673634636955 0.00046331915018811283 0.006883058747646888 0.00011197392813382833 0.00047266381138767245 -0.0017458749909948868 0.00064916958103163221 0.00010542020697939413 -0.0002274786098485748 0.001452222049548535 -5.7180475385476547e-05 -0.00020970252824369594 0.00051858844828780006 -0.00060894468097087533 0.00038105698114431429 -0.0010239942010320745 0.0019688535353016069 -0.00036554121444654531 -0.0011654884875753478 -0.0010094531536102914 0.0014192452029274526 -0.00023291247255884605 0.00057655663827834043 0.00013605890126728857 -0.00085910136109123235 0.0014369498842018034 0.001689017810411979 0.00021824733896231405
leaf_weight=128 758 1227 193 101 71 80 136 146 113 240 182 63 92 197 130 303 63 629 53 87 41 220 193 145 372 100 62 103 40 54 55 959 107 98 56 771 52 42 106 84 729 1571 1117 67 8120 54 70 681 106 61 336 44 68 173 67 684 554 386 53 87 127 179
leaf_count=128 758 1227 193 101 71 80 136 146 113 240 182 63 92 197 130 303 63 629 53 87 41 220 193 145 372 100 62 103 40 54 55 959 107 98 56 771 52 42 106 84 729 1571 1117 67 8120 54 70 681 106 61 336 44 68 173 67 684 554 386 53 87 127 179
internal_value=0.00126443 0.00991516 0.00632719 0.0129625 0.000162147 0.00448217 0.00611345 3.91512e-05 0.00781309 0.00860577 0.00319257 0.00542647 -5.086e-05 -0.000161871 0.00131443 -1.40685e-05 -5.14158e-05 -7.77396e-05 -0.00135453 -0.00332288 -0.00208281 -0.0075803 -0.00916667 0.00390968 -0.00317265 0.00013326 5.66338e-05 0.00490809 0.000159479 -0.000896961 0.00049873 0.000130497 0.00229585 0.00279224 -0.00377246 0.000204709 0.00337701 0.000267355 0.000523425 0.00381772 0.00190311 0.000230846 -0.00127997 0.00627049 -0.000133266 0.00334572 0.00189189 -0.00527647 -0.000177515 -0.00735577 0.0056457 0.00850394 0.00106509 -0.00175466 -0.00126486 -5.98404e-05 0.00218956 0.00356464 0.00302682 0.00256329 0.00651099 -0.00198921
internal_weight=23986 2710 1246 1464 21276 588 237 20688 1053 311 295 339 20349 277 193 20257 20129 20066 2845 2071 1605 466 413 774 1337 17221 16950 271 16647 4046 12601 10459 2142 2035 166 10404 1869 3197 3094 1771 866 2988 1417 121 8891 268 110 849 168 103 905 380 168 965 924 751 1513 525 782 473 181 1296
internal_count=23986 2710 1246 1464 21276 588 237 20688 1053 311 295 339 20349 277 193 20257 20129 20066 2845 2071 1605 466 413 774 1337 17221 16950 271 16647 4046 12601 10459 2142 2035 166 10404 1869 3197 3094 1771 866 2988 1417 121 8891 268 110 849 168 103 905 380 168 965 924 751 1513 525 782 473 181 1296
is_linear=0
shrinkage=0.03


Tree=121
num_leaves=63
num_cat=0
split_feature=9 20 1 1 0 7 10 12 10 2 15 1 9 12 7 11 19 22 27 23 4 22 21 12 1 1 23 5 12 14 22 11 7 22 7 19 12 22 27 27 27 12 7 7 9 0 9 19 15 8 20 14 11 7 12 12 18 19 12 14 18 15
split_gain=255.467 33.8057 16.0578 12.6973 12.9035 12.6024 12.3924 6.48522 6.33818 11.6772 8.0571 6.10109 18.3682 11.7969 11.6693 8.471 8.468 7.6482 7.51045 6.66891 6.27989 12.2006 8.67751 11.5502 13.1755 7.7418 7.49175 7.39902 6.96513 6.86109 6.78388 7.28724 6.71887 5.89991 5.87181 5.85964 6.52154 5.69498 8.07631 9.3057 8.93464 6.51638 9.2926 7.25924 6.56628 6.50258 7.53152 8.63975 7.45292 5.72258 5.66975 10.081 5.63792 6.77516 8.38947 5.32915 7.35755 5.27399 5.96274 8.32851 5.23581 5.19175
threshold=9499.0850000000009 11439.250000000002 5.5000000000000009 5.5000000000000009 28.500000000000004 0.70517752626968588 3033.5350000000003 3872.1009970238097 9999.9950000000008 7.5000000000000009 3309.3371875000007 5.5000000000000009 1100.1950000000004 3086.6994494047626 -0.31799228562170639 999.11500000000012 29232.150000000005 3079.0201574900798 0.16499999999999918 21.431250000000002 1.0000000180025095e-35 5413.0128856646834 3222.1800000000007 2960.6162351190478 3.5000000000000004 1.0000000180025095e-35 20.953571428571433 0.97335555334614943 2429.5244494047624 1859.990663072698 5761.8085218253973 2021.3550000000002 -0.96689237009891416 5688.1775979662716 -0.99985146406598202 31961.500000000004 3811.5690252976196 3703.0957552083341 -0.49000000000000016 -0.79999999999999882 -0.88499999999999968 3226.6779761904768 -0.9905448150984083 -0.84315017450793706 1011.3550000000001 37.500000000000007 2085.0050000000006 31754.350000000002 2911.374427083334 0.99958851518450398 -47543.499999999993 2991.1520334500042 1920.4650000000004 -0.66528616069191593 2737.1226711309528 4154.6150892857149 11631.750000000002 48994.55000000001 3773.5762872023811 2115.0054661849658 5919.6000000000013 4768.066197916668
decision_type=2 2 2 2 2 2 2 2 2 2 2 2 2 2 2 2 2 2 2 2 2 2 2 2 2 2 2 2 2 2 2 2 2 2 2 2 2 2 2 2 2 2 2 2 2 2 2 2 2 2 2 2 2 2 2 2 2 2 2 2 2 2
left_child=6 3 -3 4 -2 -4 11 -6 34 -10 -11 20 -13 17 33 -16 -17 -14 -18 -20 22 -22 23 24 32 30 -26 28 -27 60 31 -24 -1 -15 -8 -25 -37 49 39 40 -39 42 -40 44 -43 48 47 -47 -45 57 -49 -52 -34 -54 -55 -41 -57 61 59 -59 -30 -31
right_child=1 2 5 -5 7 -7 8 -9 9 10 -12 12 13 14 15 16 18 -19 19 -21 21 -23 25 35 26 27 -28 -29 29 37 -32 -33 52 -35 -36 36 -38 38 41 55 -42 43 -44 45 -46 46 -48 50 -50 -51 51 -53 53 54 -56 56 -58 58 -60 -61 -62 -63
leaf_value=2.9363379983213809e-05 -0.00067149243005427907 0.0010764313082697007 -0.00029207887245935815 -0.00011996793519216452 0.0023284539921372273 0.001604886442306821 0.0044871624251625521 0.00074416734478861097 1.8688475459587294e-05 0.0052957679272005714 -0.00072711647889281742 -0.039833084023407204 -0.001743966889552917 -0.0060524216959291621 -0.0041603638374348153 -0.0004207160374198171 0.00096053460601961402 0.00066132642448079259 0.0003255037752621437 -0.0014621900578695877 -0.00015268197062931143 -0.028723744594951375 0.00095730013669848902 -6.7220695399807789e-05 -0.00032889093785414935 0.0011708237621531347 0.00046341864179376023 0.00103519337348982 -0.03652024953478241 0.00020872864949287971 -0.00088390352281014545 0.00011186435982137865 0.00016838876402127667 0.00045477041550234353 8.5310352481604568e-05 9.1011836497791878e-05 0.00080057913697053175 0.00060405835539181221 -0.044333964072616375 7.4947512617598014e-05 -0.0015639336380514246 -0.016573887414752901 0.00050336777376876359 -0.0008573303477354921 -0.00047010904599536829 0.0012080896357398708 -0.00088958666467954474 -0.0218476918298013 0.00067014149129936303 -0.00093626000294797505 -0.00024010457536988383 0.0075302270786995603 -0.001495820318506258 -0.0021069269527251855 0.0006493475450301833 0.0012998963133543206 0.00025408936773017475 -0.0039604970904331257 -0.0053274030453236282 0.00045940848895172689 -0.00030777100430404045 0.0012698454444277729
leaf_weight=72 138 1212 110 186 483 135 45 492 311 210 51 122 52 293 73 226 148 385 105 104 386 126 495 1461 146 78 111 81 40 1051 85 572 43 52 8738 432 76 82 41 443 172 125 416 54 285 74 536 48 222 47 387 40 335 40 43 180 226 46 50 122 819 161
leaf_count=72 138 1212 110 186 483 135 45 492 311 210 51 122 52 293 73 226 148 385 105 104 386 126 495 1461 146 78 111 81 40 1051 85 572 43 52 8738 432 76 82 41 443 172 125 416 54 285 74 536 48 222 47 387 40 335 40 43 180 226 46 50 122 819 161
internal_value=0.00122528 0.00981502 0.0129527 0.00628846 0.0075 0.00591463 0.000106308 0.00871414 0.000921868 0.00397906 0.00864504 -0.000539797 -0.002287 -0.00133426 -0.00312874 -0.000776256 0.000436644 0.00277397 0.00331006 -0.000357143 -0.000273659 -0.00350877 -0.000103204 -0.00152717 -0.00458913 0.000459951 0.000988372 1.54453e-05 -0.000112252 -0.000235533 0.00270598 0.00335674 -0.00727528 -0.00758671 0.000722336 -0.000296954 0.00247544 0.000205864 -0.000481693 0.00161685 -0.00341176 -0.00152086 0.00167031 -0.00234481 -0.00583942 -0.00128855 -0.00233425 0.000136364 0.00281588 0.00175575 -0.00135504 -0.000245327 -0.0086039 -0.00966587 -0.00196429 0.00312353 0.00560197 0.00209644 -0.00219178 0.000532544 -0.00270349 0.00286892
internal_weight=23920 2756 1457 1299 1113 245 21164 975 9355 572 261 11809 1560 1438 1001 656 583 437 357 209 10249 512 9737 2759 790 6978 257 5826 5745 5667 1152 1067 533 345 8783 1969 508 4808 3331 1103 254 2228 457 1771 410 1361 1085 549 276 1477 475 427 461 418 83 849 406 1430 218 168 859 1212
internal_count=23920 2756 1457 1299 1113 245 21164 975 9355 572 261 11809 1560 1438 1001 656 583 437 357 209 10249 512 9737 2759 790 6978 257 5826 5745 5667 1152 1067 533 345 8783 1969 508 4808 3331 1103 254 2228 457 1771 410 1361 1085 549 276 1477 475 427 461 418 83 849 406 1430 218 168 859 1212
is_linear=0
shrinkage=0.03


Tree=122
num_leaves=63
num_cat=0
split_feature=20 10 11 25 12 11 4 19 26 26 21 20 0 27 22 12 25 27 19 22 17 18 27 17 14 22 22 22 11 26 17 12 20 14 14 14 17 22 15 11 27 27 21 27 17 17 21 23 14 6 17 24 26 11 26 24 27 15 0 17 2 12
split_gain=244.368 27.7013 18.7002 11.6197 10.8777 11.5077 9.58271 8.24749 6.76871 7.99657 7.07406 6.59111 6.29979 6.96114 7.88618 6.49554 6.24323 7.33945 5.97146 6.43124 5.71236 8.60405 5.72141 5.54593 5.4267 5.65656 9.18786 10.0295 11.2369 12.2949 8.91931 16.866 11.9882 8.68636 8.43456 14.4041 8.83234 7.35622 7.27315 7.15529 6.81547 9.08287 6.22959 6.04379 5.96502 8.89492 5.95936 7.91656 5.875 5.85437 6.77177 7.42345 5.49643 7.7035 6.01899 8.13244 7.76322 6.86058 11.4359 6.49771 5.94899 5.50784
threshold=9568.7000000000025 6200.0950000000003 5900.8100000000004 18.750000000000004 4846.8070758928579 9499.0750000000025 1.0000000180025095e-35 17913.850000000002 9.7650000000000023 9.7300000000000022 5317.5400000000018 -51142.299999999996 83.500000000000014 -0.5400000000000017 5543.6918582589287 3219.2928943452389 22.505000000000003 0.96499999999999997 7102.3000000000002 5451.8809765625001 1445.1550000000002 12022.1 1.0000000180025095e-35 300.94000000000005 3999.3588667163381 3703.0957552083341 3948.8224503968254 5008.0517906746036 1496.5150000000001 10.925000000000002 1543.1100000000004 2939.3464434523812 -35513.599999999999 3032.5894805492485 2245.2169368556183 2266.1278919081824 1501.1550000000002 3665.5233407738101 3395.2583854166674 3610.0850000000005 -1.0000000180025095e-35 -0.44500000000000023 6080.5766666666668 0.19500000000000031 1754.4350000000002 499.72000000000008 2362.7666666666669 17.956250000000008 2764.0195994042647 0.77259657388510627 300.94000000000005 1.9000000000000006 9.5700000000000021 3199.6050000000005 7.955000000000001 9.8499999999999996 -0.41499999999999909 4096.9770312500004 33.500000000000007 2227.6050000000005 7.5000000000000009 2800.5643898809526
decision_type=2 2 2 2 2 2 2 2 2 2 2 2 2 2 2 2 2 2 2 2 2 2 2 2 2 2 2 2 2 2 2 2 2 2 2 2 2 2 2 2 2 2 2 2 2 2 2 2 2 2 2 2 2 2 2 2 2 2 2 2 2 2
left_child=1 7 3 18 5 20 -7 8 9 -1 12 -9 13 -10 15 -15 17 24 19 -2 21 -3 -22 -17 25 30 40 43 29 44 34 32 -32 49 36 37 38 -36 46 48 41 -27 -35 -28 45 -29 -13 -48 -37 50 51 -30 54 61 55 56 59 60 -59 -52 -58 -54
right_child=2 4 -4 -5 -6 6 -8 11 10 -11 -12 16 -14 14 -16 23 -18 -19 -20 -21 22 -23 -24 -25 -26 26 27 28 33 -31 31 -33 -34 42 35 39 -38 -39 -40 -41 -42 -43 -44 -45 -46 -47 47 -49 -50 -51 52 -53 53 -55 -56 -57 57 58 -60 -61 -62 -63
leaf_value=0.00021261975109791107 0.0014315859990756596 -0.00031703352378452008 0.0010441383690215922 0.001894403947489316 -0.00030741915253722495 0.002181682298686862 -0.0091199011967403806 -0.016180575373818486 -0.0036409208119267066 0.0094315860173016641 0.00058694801848643504 -0.00015680569533676358 -0.00096728201079585572 0.001843835188346885 0.0020113975530029827 -0.0016672492263879767 0.0015201428488660085 -0.0014439444171372884 -0.00064728545977235544 -0.00026448643743598232 0.00063797888330070047 0.0025796400204312953 -0.00067225824428865269 -0.0001370785797577323 0.0008781207529915757 -0.00089473796949292252 0.00049602020359384991 -0.029947217248308969 -0.00042034454711295408 -0.03865273727737633 0.00057074851689055352 -1.723654452759682e-05 -0.0013069969355083621 -0.0041028987646734728 -0.0031911052998234357 0.00065326184380679823 0.00090897185461828115 1.3392305548691752e-05 -0.00061439589735388543 -0.0011409540750294943 -0.00074390588806624522 0.00037903797082539548 0.00043283699762097783 -7.9156988398025873e-05 -0.003910942516983402 7.9391067206615598e-05 0.0010661084713114021 0.00023399631997911285 -0.0016899803775910893 -0.00084821728477811663 0.00049049367310752604 0.0016421090846284558 0.00032592178765965317 0.0010666306413227922 0.00038841689312627101 -0.0020736667981345125 -0.00021974129337420044 0.00055900767041620718 -0.0028282468749894728 -0.00081008608672599174 0.0024011966410546481 -0.0083418419905942273
leaf_weight=5019 154 66 1332 281 211 609 60 94 59 56 217 354 196 66 41 47 48 128 149 42 147 249 273 638 59 77 770 87 89 96 55 3992 216 340 134 178 195 59 232 67 1016 334 111 259 87 360 283 1793 71 76 621 320 58 41 422 173 124 67 228 99 75 211
leaf_count=5019 154 66 1332 281 211 609 60 94 59 56 217 354 196 66 41 47 48 128 149 42 147 249 273 638 59 77 770 87 89 96 55 3992 216 340 134 178 195 59 232 67 1016 334 111 259 87 360 283 1793 71 76 621 320 58 41 422 173 124 67 228 99 75 211
internal_value=0.00126999 0.00036796 0.0114242 0.00712919 0.00414913 0.0051032 0.00794776 6.89858e-05 0.000967666 0.00145686 -0.000996047 -0.000335106 -0.00201813 -0.000897887 -0.000151324 -0.000857713 -0.000281665 -0.000319172 0.00342486 0.00685279 0.00250679 0.0055538 0.000213777 -0.00172741 -0.000252711 -0.000291918 -0.000969554 -0.000330859 -0.00106213 -0.00470681 0.000253604 -0.000657833 -0.00788603 -0.000309228 0.00140778 -0.00214706 0.00204164 -0.00858247 0.00158843 0.00179811 -0.00307773 0.000182039 -0.00414823 0.00228641 -0.00291589 -0.0015067 0.00207322 0.00268657 0.00414 0.000357006 0.000604982 0.00413415 -7.78302e-05 -0.00376206 0.000555249 -0.000399856 0.000469136 -0.00242424 -0.00532095 0.00245492 0.001875 -0.00561111
internal_weight=24011 22053 1958 626 1615 1404 669 20438 6339 5075 1264 14099 1047 851 792 751 14005 13957 345 196 735 315 420 685 13829 13770 6141 4714 3685 630 7629 4263 271 3055 3366 509 2857 193 2662 316 1427 411 451 1029 534 447 2430 2076 249 2604 2528 409 2119 310 1809 1387 1214 494 295 720 199 269
internal_count=24011 22053 1958 626 1615 1404 669 20438 6339 5075 1264 14099 1047 851 792 751 14005 13957 345 196 735 315 420 685 13829 13770 6141 4714 3685 630 7629 4263 271 3055 3366 509 2857 193 2662 316 1427 411 451 1029 534 447 2430 2076 249 2604 2528 409 2119 310 1809 1387 1214 494 295 720 199 269
is_linear=0
shrinkage=0.03


Tree=123
num_leaves=63
num_cat=0
split_feature=9 20 10 1 1 7 0 16 6 1 17 1 27 11 17 23 17 8 25 23 16 27 27 27 21 17 17 14 14 17 14 23 27 14 14 0 16 14 7 14 14 1 11 23 18 14 14 14 14 18 10 11 10 19 18 0 16 7 8 8 22 25
split_gain=257.123 35.5187 16.3618 15.8512 13.0992 13.0687 11.9123 9.943 6.81256 11.2435 9.86994 16.3519 8.0284 7.84648 7.50667 7.94018 9.70943 7.39067 7.10052 6.6913 7.46069 9.37297 8.96765 8.34423 7.87857 7.36446 6.14113 6.1375 6.11064 9.39402 7.58468 7.50409 6.73289 6.08084 6.04069 6.80131 11.9922 13.1683 11.5223 7.31551 6.71233 6.29801 5.92588 5.55242 5.32201 4.98694 5.00979 6.59178 4.94809 4.91762 7.99081 5.10941 4.99056 7.91578 4.88324 4.7278 6.92054 6.60592 4.77254 7.95015 5.4462 6.30502
threshold=9499.0850000000009 11439.250000000002 9999.9950000000008 5.5000000000000009 5.5000000000000009 0.78523795966413312 28.500000000000004 9854.590000000002 -0.68322629814330815 1.0000000180025095e-35 930.55000000000007 5.5000000000000009 -0.61000000000000021 449.28500000000003 1295.9700000000003 29.606250000000006 1075.8050000000001 0.97461712852231652 15.095000000000001 26.631250000000005 8999.5750000000025 0.52499999999999869 0.8249999999999994 0.79999999999999905 2628.1950000000002 200.01000000000002 1544.4400000000003 2303.8908286318269 2745.206364073942 300.07500000000005 1906.6689331872874 29.518750000000008 0.030000000000000252 1622.555517720715 994.74533996903972 25.500000000000004 5396.4750000000013 2554.2734679670261 0.40907743338811486 2259.0204398647488 2382.1758585809152 1.0000000180025095e-35 1050.1700000000003 14.006250000000003 8808.8500000000022 2957.9334347437903 2162.359180425979 1996.6572521267492 2197.8584786202723 17034.800000000003 2449.4150000000004 1005.0350000000001 1500.8350000000003 44269.000000000007 17526.350000000002 5.5000000000000009 9664.4150000000027 -0.99275805973510278 0.45847758937963173 0.48877522411129348 3672.7249181547627 14.795000000000002
decision_type=2 2 2 2 2 2 2 2 2 2 2 2 2 2 2 2 2 2 2 2 2 2 2 2 2 2 2 2 2 2 2 2 2 2 2 2 2 2 2 2 2 2 2 2 2 2 2 2 2 2 2 2 2 2 2 2 2 2 2 2 2 2
left_child=2 4 8 -3 6 -5 26 44 9 18 11 12 -11 -13 15 16 -12 43 -1 20 21 34 23 -22 -23 -21 -2 -19 30 -30 31 -14 -32 -20 -10 38 37 40 -36 54 41 -37 -35 -16 -4 46 47 -38 -6 50 51 52 53 -45 -40 56 -27 -57 60 -60 -59 -62
right_child=1 3 7 5 48 -7 -8 -9 19 10 14 13 28 -15 17 -17 -18 27 33 25 22 24 -24 -25 -26 55 -28 -29 29 -31 32 -33 -34 42 35 36 45 -39 39 -41 -42 -43 -44 49 -46 -47 -48 -49 -50 -51 -52 -53 -54 -55 -56 57 -58 58 59 -61 61 -63
leaf_value=-0.0048984643536273964 0.0044491260694129054 0.0010128142179509502 -0.001632673092227348 -0.00026698074742357745 0.00078310849652631022 0.0015254156979669809 0.0012913832138366477 0.00024429300032949183 -0.0020203773385409373 -0.060443149377840628 -0.00275109263200469 -0.00018400328580355562 -0.0089325945792648916 -0.037544591861953282 -0.0019675400033024237 0.00079661567926470945 0.00071083739098763308 0.00072328834640384082 0.0011698094037574825 0.0014350130177220688 5.1523114142124627e-05 -0.00014728816921529385 -0.00093564552748242485 0.00088766691744830868 0.0015807845984075098 -0.00083031032428035442 -0.0050473252699167045 -0.0002457356308108993 7.3438590387633337e-05 -0.014513333727833668 0.0017780850388684844 0.00039960480977145439 -0.0019183163930206382 0.0014193810151088471 -0.0007345404736649419 0.0001394223059874111 -0.000405258964244517 -0.0015655009723923373 0.00019694930938799702 -0.00033997821270439485 0.0018137694727936625 0.0014828804125438121 0.00020226579994074177 0.00059379354610885834 0.0046523005619296849 0.00048205020947832188 -0.0010158771864751514 0.0013093208443924365 -0.00045608681166511286 8.8323716015024087e-05 -0.0013423579913811245 -8.4126720671307001e-05 -0.0020564030248919128 -0.0092843852928309895 -0.00041172186218232373 -0.00069004520400399721 0.0011411528485124477 0.0009833790109286865 -0.004575253798279162 -8.1326616886734369e-06 -0.0016928328717661144 0.00014249418228239996
leaf_weight=59 59 1235 40 109 65 133 996 257 56 43 185 40 79 154 92 377 113 237 62 484 6384 101 271 100 144 53 85 210 143 135 231 40 158 66 600 360 465 83 306 250 73 133 720 94 272 66 149 56 128 521 454 1678 248 45 40 300 247 511 51 181 96 2813
leaf_count=59 59 1235 40 109 65 133 996 257 56 43 185 40 79 154 92 377 113 237 62 484 6384 101 271 100 144 53 85 210 143 135 231 40 158 66 600 360 465 83 306 250 73 133 720 94 272 66 149 56 128 521 454 1678 248 45 40 300 247 511 51 181 96 2813
internal_value=0.00125204 0.00977588 0.000117859 0.0129804 0.00621814 0.00592593 0.00744084 0.00513158 -2.11596e-05 -0.000853678 -0.00138405 -0.00402832 -0.00218675 -0.0118462 -0.000747356 0.00215237 -0.00150502 -0.00129469 0.00223018 0.000337067 -0.000116725 -0.00139438 0.000428508 0.000652274 0.00420732 0.00126029 -0.00062069 0.00231027 -0.00148666 -0.00505376 0.000471513 -0.006125 0.0025 0.00293286 -0.00191622 -0.00170217 -0.000270563 0.0027 -0.0033584 -0.00040201 0.00433862 0.0030668 0.00221093 -0.00180977 0.00872204 -0.00289009 -0.00366617 -0.00227011 -0.00100515 -0.00158829 -0.0021369 -0.00134318 -0.00444588 0.000107143 0.00242075 0.000860569 0.00448505 0.000584366 0.000936217 -0.00321888 0.00121894 0.000716495
internal_weight=23936 2810 21126 1477 1333 242 1140 569 20557 6184 5277 1023 829 194 4254 675 298 3579 907 14373 9637 2882 6755 6484 245 4736 144 447 786 278 508 119 389 848 2637 2581 1385 649 1196 596 566 493 786 3132 312 736 670 521 193 3040 2519 2065 387 139 346 4252 300 3952 3652 232 3420 2909
internal_count=23936 2810 21126 1477 1333 242 1140 569 20557 6184 5277 1023 829 194 4254 675 298 3579 907 14373 9637 2882 6755 6484 245 4736 144 447 786 278 508 119 389 848 2637 2581 1385 649 1196 596 566 493 786 3132 312 736 670 521 193 3040 2519 2065 387 139 346 4252 300 3952 3652 232 3420 2909
is_linear=0
shrinkage=0.03


Tree=124
num_leaves=63
num_cat=0
split_feature=9 1 15 18 11 19 23 8 27 0 8 0 19 18 1 25 17 25 1 24 17 5 0 4 1 1 22 15 15 27 17 8 0 25 22 12 22 19 18 15 12 8 24 5 17 0 14 27 12 12 9 17 25 11 27 15 23 18 22 12 27 0
split_gain=243.69 25.2801 19.9693 12.1918 12.0648 11.0966 9.09008 14.745 9.13504 9.08733 8.20763 6.96442 6.87902 6.31179 5.84479 5.75004 8.31859 8.35095 8.02184 17.1029 13.8073 9.10722 8.96557 13.462 16.9792 12.7784 12.1798 9.83723 8.60308 6.60711 6.47298 6.54888 6.32504 7.7025 6.05288 5.80636 5.7202 9.01572 6.77651 6.12971 6.08548 7.31286 8.37015 5.52814 5.51754 5.48848 7.04773 11.1021 5.96138 5.69657 7.04893 8.28239 7.09176 6.01374 5.45156 9.8562 6.70819 6.25454 5.28416 5.27635 5.20869 5.18828
threshold=9999.9950000000008 5.5000000000000009 5295.0756250000004 14090.000000000002 5115.3300000000008 8371.5000000000018 26.806250000000006 0.21652257995689161 -0.60500000000000032 27.500000000000004 -0.92999516916204616 74.500000000000014 58782.400000000001 18339.550000000007 1.0000000180025095e-35 18.765000000000004 300.07500000000005 18.785000000000004 5.5000000000000009 4.700000000000002 1343.7450000000001 -0.72947329433276231 22.500000000000004 1.0000000180025095e-35 1.0000000180025095e-35 1.0000000180025095e-35 5421.8509412202393 2394.752395833334 2368.5494791666674 -0.14499999999999955 2550.1350000000007 0.99138911339924218 33.500000000000007 17.595000000000002 3665.5233407738101 3076.0647023809529 6032.5343142361116 9848.4000000000015 6735.5000000000009 5714.2488541666671 3380.9037425595243 -0.99864786094873803 4.8562500000000002 0.097964660725097366 99.530000000000015 12.500000000000002 2221.5755260742394 -0.10999999999999942 3998.9040550595241 3888.1052827380954 1730.9100000000003 1724.6300000000003 17.385000000000002 3190.7350000000001 -0.44000000000000034 3150.8146875000007 29.168750000000006 8516.8500000000004 5936.7670424107155 3888.1052827380954 0.8249999999999994 91.500000000000014
decision_type=2 2 2 2 2 2 2 2 2 2 2 2 2 2 2 2 2 2 2 2 2 2 2 2 2 2 2 2 2 2 2 2 2 2 2 2 2 2 2 2 2 2 2 2 2 2 2 2 2 2 2 2 2 2 2 2 2 2 2 2 2 2
left_child=4 3 -3 59 12 13 7 -6 10 -7 -8 -10 15 -5 -14 18 -17 -18 22 21 -21 -20 25 24 54 44 27 -25 -27 -22 31 60 33 -26 -29 -31 37 -19 -39 40 41 -40 -43 -12 -1 46 -23 -48 49 50 -47 52 53 -52 56 57 -24 -56 -42 -2 -30 -13
right_child=1 2 -4 5 6 9 8 -9 11 -11 43 61 14 -15 -16 16 17 36 19 20 29 45 23 26 32 28 -28 34 30 35 -32 -33 -34 -35 -36 -37 -38 38 39 -41 58 42 -44 -45 -46 48 47 -49 -50 -51 51 -53 -54 -55 55 -57 -58 -59 -60 -61 -62 -63
leaf_value=0.00021452863271774979 0.0025354102324613948 -0.00020666568069455769 0.0014796532270279527 0.00098242979141241796 -0.00031702476446029412 -0.0025817381668655414 0.0059095881755700571 0.0017428555627635233 0.00062793587196400928 0.00093702762481537858 -0.001669849191538777 0.003666366175970541 0.00084771511018057134 0.00098242979141241796 -0.021308042466917594 0.0033110829176839739 0.00071052941736393649 0.005508363683950827 -0.00087177134175556495 -0.026529487825031464 0.00046454592965444519 0.00067918505315732957 -0.0011884057937881476 -0.022532816181101367 0.00057983131701904605 -0.001276422672291586 -0.030970750030338515 -0.00032103450694220825 4.2848553656416046e-06 0.00023562597961565679 -0.00056253544563432899 0.00039811802137887928 -3.4748921403982003e-05 -0.00015624677152855425 0.0023068475537085221 -0.015414275577569199 -0.00043077945957943343 0.0023849862908462516 0.0019706033948726498 -0.00082974856530950716 8.9007076024163469e-05 -1.2423377082511066e-05 -0.0012446864249294931 0.00055758426324226563 -0.00053079453124219359 -0.025222532197467888 0.0011021908197361974 -0.00031760456902867772 0.00034155197014601235 -0.0020507920520156952 -0.00024765577161654838 -0.00063459955022828753 0.0012271157398957922 0.00082938418273748483 0.0011843649272669677 0.002496626825597632 0.00043933414074901476 0.00024261913348397446 0.00077944225747761386 0.00029879891740658415 -0.0012233300823424908 0.00081379181495352167
leaf_weight=87 70 280 152 575 630 48 42 595 111 540 114 363 40 908 56 139 131 182 261 230 145 127 102 49 737 116 130 149 2199 67 104 123 5832 331 97 98 311 44 56 196 3035 636 312 42 496 74 46 89 301 78 177 241 107 44 365 143 207 622 138 134 71 58
leaf_count=87 70 280 152 575 630 48 42 595 111 540 114 363 40 908 56 139 131 182 261 230 145 127 102 49 737 116 130 149 2199 67 104 123 5832 331 97 98 311 44 56 196 3035 636 312 42 496 74 46 89 301 78 177 241 107 44 365 143 207 622 138 134 71 58
internal_value=0.00123395 0.00971012 0.0030485 0.0109732 0.000155097 0.0116626 0.00240031 0.000819739 0.00504788 0.00814941 -0.000452261 0.00709193 -7.21975e-05 0.0130492 -0.00804124 -3.19879e-05 0.000822235 0.000621777 -0.000347074 -0.00206376 -0.00665434 -0.000456016 -4.76549e-05 0.000448374 0.000714029 -0.00140757 -0.00475352 -0.00136824 -0.000510712 -0.00250804 -0.00013811 0.000181704 9.56383e-05 0.00221703 0.00109312 -0.00659639 0.000421503 0.000688043 0.00041761 0.000298354 0.000542125 -0.00149254 -0.00211802 -0.00363057 -0.00541952 0.000583658 0.00444867 -0.000330882 -0.000410557 -0.00189058 -0.000954969 0.000184211 0.00328267 0.000202703 0.00367708 0.00464191 0.000145161 0.00356781 0.0011862 0.00395122 -0.000184941 0.00885071
internal_weight=23983 2707 432 2275 21276 2071 1955 1225 730 588 198 532 19321 1483 96 19225 5180 5041 14045 2085 540 1545 11960 8764 8339 3196 425 295 2613 310 2497 2393 6900 1068 246 165 4910 4599 4417 4373 4177 1004 948 156 583 1284 262 135 1022 721 643 569 328 221 1439 1130 309 987 3173 204 2270 421
internal_count=23983 2707 432 2275 21276 2071 1955 1225 730 588 198 532 19321 1483 96 19225 5180 5041 14045 2085 540 1545 11960 8764 8339 3196 425 295 2613 310 2497 2393 6900 1068 246 165 4910 4599 4417 4373 4177 1004 948 156 583 1284 262 135 1022 721 643 569 328 221 1439 1130 309 987 3173 204 2270 421
is_linear=0
shrinkage=0.03


Tree=125
num_leaves=63
num_cat=0
split_feature=20 9 1 1 12 10 2 20 20 1 14 16 17 20 5 0 4 26 24 25 16 14 14 11 26 11 14 6 25 22 22 27 22 17 19 25 25 10 11 17 16 17 14 26 6 26 26 27 2 20 27 26 12 6 12 19 1 17 17 25 19 17
split_gain=244.825 31.1719 16.6322 15.6304 12.7735 9.37682 12.4306 9.37249 7.3924 8.37231 9.2606 6.21134 6.03668 7.58932 7.45751 5.89605 5.34227 5.22497 5.09971 5.36851 4.99584 5.55786 5.54896 4.9838 7.82472 20.4603 10.6933 7.06498 5.90198 5.54851 9.80907 7.78862 6.43647 5.9659 5.42028 5.39158 5.37265 5.37058 5.70048 4.99693 4.7467 4.79506 4.64578 4.52755 6.00052 11.5527 9.30682 8.07377 5.45286 5.83208 5.24849 5.06596 6.96921 5.03211 4.55958 4.51039 4.34414 4.33813 7.05874 6.04009 4.68204 7.41889
threshold=10622.500000000002 6500.3350000000009 5.5000000000000009 5.5000000000000009 3800.1476562500006 9999.9950000000008 7.5000000000000009 19584.400000000005 -46329.94999999999 5.5000000000000009 3161.7431564842291 9954.595000000003 200.01000000000002 310.75000000000006 -0.5 67.500000000000014 1.0000000180025095e-35 8.4950000000000028 3.0499999999999994 17.485000000000003 4900.505000000001 1872.2428880390119 2775.9050963299883 2964.1700000000005 10.600000000000001 1776.3850000000004 2276.465406832699 -0.9733555533461492 22.505000000000003 5396.3958035714295 4480.2293142361113 -0.79000000000000081 4718.4258878968258 425.72500000000008 30529.500000000004 19.305000000000003 19.325000000000003 1019.1350000000001 299.94500000000005 1833.3100000000002 7299.4550000000008 983.54500000000019 3032.5894805492485 6.0250000000000012 0.22695468355932433 5.6300000000000008 5.1300000000000008 0.13999999999999882 10.500000000000002 -18906.399999999998 0.81499999999999961 6.7400000000000011 3200.0008035714291 -0.32143946530316164 2504.1142857142863 29865.200000000001 1.0000000180025095e-35 1799.7650000000001 1295.9700000000003 19.140000000000004 40214.80000000001 300.07500000000005
decision_type=2 2 2 2 2 2 2 2 2 2 2 2 2 2 2 2 2 2 2 2 2 2 2 2 2 2 2 2 2 2 2 2 2 2 2 2 2 2 2 2 2 2 2 2 2 2 2 2 2 2 2 2 2 2 2 2 2 2 2 2 2 2
left_child=1 5 -2 4 -3 8 17 15 9 10 56 -8 13 14 -10 -4 18 -7 19 -6 -16 -22 -23 24 27 -26 -27 37 29 30 34 -31 -32 -33 -29 57 43 42 -39 -34 -40 -42 -14 44 -25 46 48 -48 49 -46 51 52 -45 -53 -51 -28 -1 58 60 -60 -36 -62
right_child=2 3 7 -5 16 6 11 -9 12 -11 -12 -13 23 -15 20 -17 -18 -19 -20 -21 21 22 -24 36 25 26 55 28 -30 31 32 33 39 -35 35 -37 -38 38 40 -41 41 -43 -44 50 45 -47 47 -49 -50 54 -52 53 -54 -55 -56 -57 -58 -59 59 -61 61 -63
leaf_value=0.0013469010373971723 0.00095295689767006309 0.0025848152102480345 0.0016672677438960371 -0.00020565292445768433 0.0017457175905321164 -0.00094251247357876264 0.0048507370774850322 0.0014352636302171185 0.0012681089750547203 -0.034766054656747349 -0.0200598932448783 -0.00031140347173392869 0.00081518238361432793 0.0067070878524372185 -0.0005098869346592405 -0.00027481325422474613 -0.0038358396616730416 0.0034908861026865345 0.00095673631586526745 -0.0013845471531521269 -0.0020432785931101091 0.00094627068544645971 -0.00058514938558920095 1.2486261649464758e-05 -0.02626518311368374 0.00032975349115743846 -2.5737145980633256e-05 -0.0001292590663454085 0.0013692846560124038 -0.025720763069988335 0.0011568322357962833 -0.021782608226820082 0.0004679878861635611 -0.00021394569898776971 0.00052886537607892408 -0.0029453408595828544 0.00048936872793019497 -0.0043022292700414374 0.00049573284278873857 -0.00012539857626758355 -0.023875351524227276 0.000115162379318825 -0.000432304974404496 0.00049413477706361508 0.00038889487824349088 0.001039645172281638 0.00087633692853220416 -0.0010239454123129033 0.0020710616828061744 -0.00067708993257609151 -0.002033031110427963 -0.00019360022023619193 -0.00034699194056662106 9.5075949077489945e-05 0.00060965800659850799 -0.01196380203036277 -0.0034812801220036158 0.00018753494502070643 -0.00040118365166775583 0.00046702805017034165 0.0023502090023756672 -0.00044774246351264146
leaf_weight=81 1420 569 60 245 91 145 188 83 364 56 63 43 144 61 408 127 51 70 348 231 41 356 65 918 128 279 41 2735 45 60 86 78 574 1423 469 78 575 58 176 265 48 845 56 140 40 265 51 142 69 64 79 1025 735 4407 67 73 171 871 916 85 65 471
leaf_count=81 1420 569 60 245 91 145 188 83 364 56 63 43 144 61 408 127 51 70 348 231 41 356 65 918 128 279 41 2735 45 60 86 78 574 1423 469 78 575 58 176 265 48 845 56 140 40 265 51 142 69 64 79 1025 735 4407 67 73 171 871 916 85 65 471
internal_value=0.00127147 0.000436665 0.0122768 0.00456055 0.00587916 0.000131509 0.00442953 0.00542435 3.69222e-05 -0.00415323 -0.00223101 0.00924569 0.000115084 0.00209491 0.00157895 0.00167553 0.00322022 -0.000763889 0.00393443 0.00120743 6.88863e-05 0.00220302 0.0032346 -2.25237e-05 -0.000475174 -0.00405172 -0.000647208 -0.00027961 -0.000607516 -0.000667727 -0.000287938 -0.00227593 0.00257559 -0.00184754 -0.000753822 0.000137009 0.00050886 0.00175075 0.000944149 0.00176786 0.00144393 0.000553691 0.00626866 0.000307385 0.00172542 0.00381974 0.000794931 -0.00409794 0.00473029 0.0018314 -5.16674e-05 4.51807e-05 -0.00207192 0.000386527 -0.00125 -0.00834783 0.000355731 0.000349201 -0.000418535 -0.0022006 0.00135686 -0.000558659
internal_weight=23983 22293 1690 1535 1290 20758 446 270 20312 371 315 231 19941 1295 1234 187 721 215 670 322 870 462 421 18646 10069 521 393 9548 8221 8176 6615 1561 925 1501 5690 2955 8577 1327 1127 839 1069 893 200 8002 1616 698 433 193 240 171 6386 6307 875 5432 131 114 252 2877 2006 1001 1005 536
internal_count=23983 22293 1690 1535 1290 20758 446 270 20312 371 315 231 19941 1295 1234 187 721 215 670 322 870 462 421 18646 10069 521 393 9548 8221 8176 6615 1561 925 1501 5690 2955 8577 1327 1127 839 1069 893 200 8002 1616 698 433 193 240 171 6386 6307 875 5432 131 114 252 2877 2006 1001 1005 536
is_linear=0
shrinkage=0.03


end of trees

feature_importances:
dow=614
coal_stock_trend_7d=511
p_roll7d_std=503
p_roll7d_mean=487
p_prevday_mean=483
p_prevday_min=481
coal_critical_pct=420
load_roll7d_mean=411
p_lag_1d=400
block=362
doy_sin=359
bidgap_lag_1d=335
p_lag_2d=312
coal_days_of_stock=304
p_lag_7d=256
doy_cos=226
pb_lag_1d=218
load_lag_2d=168
p_prevday_max=167
temp_c=151
sb_lag_1d=146
hour_cos=116
hour_sin=110
is_holiday=78
cdh=71
is_weekend=56
month=55
p_roll7d_max=12

parameters:
[boosting: gbdt]
[objective: quantile]
[metric: quantile]
[tree_learner: serial]
[device_type: cpu]
[data_sample_strategy: bagging]
[data: ]
[valid: ]
[num_iterations: 2000]
[learning_rate: 0.03]
[num_leaves: 63]
[num_threads: 16]
[seed: 42]
[deterministic: 0]
[force_col_wise: 0]
[force_row_wise: 0]
[histogram_pool_size: -1]
[max_depth: -1]
[min_data_in_leaf: 40]
[min_sum_hessian_in_leaf: 0.001]
[bagging_fraction: 0.8]
[pos_bagging_fraction: 1]
[neg_bagging_fraction: 1]
[bagging_freq: 1]
[bagging_seed: 400]
[bagging_by_query: 0]
[feature_fraction: 0.8]
[feature_fraction_bynode: 1]
[feature_fraction_seed: 30056]
[extra_trees: 0]
[extra_seed: 12879]
[early_stopping_round: 0]
[early_stopping_min_delta: 0]
[first_metric_only: 0]
[max_delta_step: 0]
[lambda_l1: 0]
[lambda_l2: 1]
[linear_lambda: 0]
[min_gain_to_split: 0]
[drop_rate: 0.1]
[max_drop: 50]
[skip_drop: 0.5]
[xgboost_dart_mode: 0]
[uniform_drop: 0]
[drop_seed: 17869]
[top_rate: 0.2]
[other_rate: 0.1]
[min_data_per_group: 100]
[max_cat_threshold: 32]
[cat_l2: 10]
[cat_smooth: 10]
[max_cat_to_onehot: 4]
[top_k: 20]
[monotone_constraints: ]
[monotone_constraints_method: basic]
[monotone_penalty: 0]
[feature_contri: ]
[forcedsplits_filename: ]
[refit_decay_rate: 0.9]
[cegb_tradeoff: 1]
[cegb_penalty_split: 0]
[cegb_penalty_feature_lazy: ]
[cegb_penalty_feature_coupled: ]
[path_smooth: 0]
[interaction_constraints: ]
[verbosity: 1]
[saved_feature_importance_type: 0]
[use_quantized_grad: 0]
[num_grad_quant_bins: 4]
[quant_train_renew_leaf: 0]
[stochastic_rounding: 1]
[linear_tree: 0]
[max_bin: 255]
[max_bin_by_feature: ]
[min_data_in_bin: 3]
[bin_construct_sample_cnt: 200000]
[data_random_seed: 175]
[is_enable_sparse: 1]
[enable_bundle: 1]
[use_missing: 1]
[zero_as_missing: 0]
[feature_pre_filter: 1]
[pre_partition: 0]
[two_round: 0]
[header: 0]
[label_column: ]
[weight_column: ]
[group_column: ]
[ignore_column: ]
[categorical_feature: ]
[forcedbins_filename: ]
[precise_float_parser: 0]
[parser_config_file: ]
[objective_seed: 16083]
[num_class: 1]
[is_unbalance: 0]
[scale_pos_weight: 1]
[sigmoid: 1]
[boost_from_average: 1]
[reg_sqrt: 0]
[alpha: 0.5]
[fair_c: 1]
[poisson_max_delta_step: 0.7]
[tweedie_variance_power: 1.5]
[lambdarank_truncation_level: 30]
[lambdarank_norm: 1]
[label_gain: ]
[lambdarank_position_bias_regularization: 0]
[eval_at: ]
[multi_error_top_k: 1]
[auc_mu_weights: ]
[num_machines: 1]
[local_listen_port: 12400]
[time_out: 120]
[machine_list_filename: ]
[machines: ]
[gpu_platform_id: -1]
[gpu_device_id: -1]
[gpu_use_dp: 0]
[num_gpu: 1]

end of parameters

pandas_categorical:[]
