tree
version=v4
num_class=1
num_tree_per_iteration=1
label_index=0
max_feature_idx=27
objective=quantile
feature_names=block dow month is_weekend is_holiday hour_sin hour_cos doy_sin doy_cos p_lag_1d p_lag_2d p_lag_7d p_roll7d_mean p_roll7d_max p_roll7d_std p_prevday_mean p_prevday_max p_prevday_min pb_lag_1d sb_lag_1d bidgap_lag_1d load_lag_2d load_roll7d_mean temp_c cdh coal_days_of_stock coal_critical_pct coal_stock_trend_7d
feature_infos=[0:95] [0:6] [1:12] [0:1] [0:1] [-1:1] [-1:1] [-0.9999994220246925:0.99998555065071859] [-0.99997919295908233:0.9999907524084426] [49.509999999999998:12000] [49.509999999999998:12000] [49.509999999999998:12000] [2282.7692708333334:9524.0408928571414] [6000.8699999999999:12000] [604.98257615624004:4031.8261934590441] [1516.4342708333334:10143.078333333333] [2829.5799999999999:12000] [49.509999999999998:10000] [2590.4000000000001:28246.299999999999] [946.10000000000002:65182] [-58702.399999999994:24326.200000000001] [1426.3133333333335:8581.5766666666677] [2567.8415711805555:6884.0869111145912] [3.1000000000000001:46] [0:22] [14.66:24.329999999999998] [3.9500000000000002:12.619999999999999] [-9.6099999999999977:8.759999999999998]
tree_sizes=5393 5849 5846 5806 5868 5864 5813 5780 5835 5831 5868 5854 5863 5841 5851 5850 5822 5884 5857 5868 5906 5899 5893 5859 5861 5874 5863 5874 5859 5903 5878 5866 5868 5877 5883 5865 5845 5860 5861 5886 5854 5846 5858 5851 5906 5859 5879 5882 5879 5883 5861 5863 5895 5849 5884 5895 5861 5901 5883 5883 5903 5893 5867 5876 5887 5890 5880 5853 5921 5862 5910 5912 5893 5915 5889 5854 5868

Tree=0
num_leaves=63
num_cat=0
split_feature=9 10 9 20 3 3 6 20 20 3 24 0 9 16 20 0 9 9 4 5 25 10 22 4 20 20 20 22 8 6 19 4 16 6 6 8 24 2 2 27 16 22 25 9 25 15 12 15 22 25 12 20 22 8 12 20 17 8 17 15 8 19
split_gain=7663.37 603.602 349.284 178.86 124.221 108.766 123.656 67.4846 58.6488 59.3763 58.6902 53.1391 35.9646 32.7077 30.0167 26.9647 24.4588 22.1781 20.0773 21.6018 19.3723 18.7542 17.6337 17.2771 17.2316 17.1635 15.956 15.259 15.0935 12.7144 12.6987 12.6549 11.6236 11.4977 11.4571 11.0671 10.9708 15.6734 10.6696 12.3485 9.92167 9.89031 9.70502 9.51337 9.08651 8.99874 13.8028 8.8056 10.0213 8.95856 8.92549 8.59568 8.5249 13.4603 8.71785 8.52267 8.37201 8.31601 8.22633 7.78756 7.46271 7.00054
threshold=2600.8950000000004 2519.0450000000005 3000.0350000000003 -16076.799999999997 1.0000000180025095e-35 1.0000000180025095e-35 -0.19509032201612839 -15816.249999999996 -5298.2999999999984 1.0000000180025095e-35 5.6062500000000002 19.500000000000004 2410.3850000000007 6285.5650000000014 -20131.349999999995 33.500000000000007 2767.2650000000003 2822.8850000000007 1.0000000180025095e-35 -0.60876142900872077 18.635000000000002 2165.1550000000002 4415.0714942956365 1.0000000180025095e-35 -15312.349999999999 -11004.199999999997 -10429.799999999997 4717.6925768849214 -0.99465740988130902 -0.58216583101416131 28548.050000000003 1.0000000180025095e-35 5000.6500000000005 -0.32143946530316164 -0.32143946530316164 0.99138911339924218 2.3000000000000029 9.5000000000000018 10.500000000000002 -0.60000000000000042 6999.8350000000009 4795.835047123016 17.605000000000004 2410.3850000000007 19.095000000000002 4505.2164062500005 4281.6470535714298 3211.1236979166674 6242.4950173611114 19.255000000000006 5357.2795758928578 -11310.299999999997 4795.835047123016 -0.49812626372919411 3448.4973586309529 -6724.3999999999996 1499.2000000000003 -0.8611288361322974 1800.1150000000002 4702.9676041666671 0.94636490295939868 24818.550000000007
decision_type=2 2 2 2 2 2 2 2 2 2 2 2 2 2 2 2 2 2 2 2 8 2 2 2 2 2 2 2 2 2 2 2 2 2 2 2 2 2 2 10 2 2 8 2 8 2 2 2 2 8 2 2 2 2 2 2 2 2 2 2 2 2
left_child=1 3 5 12 11 7 17 21 9 23 33 24 30 51 32 22 -9 -7 19 -16 -8 -2 -6 41 -3 28 43 -12 -21 -29 56 52 -13 44 -25 58 -33 -38 39 -26 -22 -4 -23 47 -11 46 60 49 -49 -15 -50 -5 -18 -54 -55 -28 57 61 -14 -47 -30 -1
right_child=2 4 8 13 15 6 20 16 -10 10 27 14 35 26 18 -17 31 -19 -20 25 40 42 -24 34 38 -27 55 29 45 -31 -32 36 -34 -35 -36 -37 37 -39 -40 -41 -42 -43 -44 -45 -46 59 -48 48 50 -51 -52 -53 53 54 -56 -57 -58 -59 -60 -61 -62 -63
leaf_value=7.8597299284689264 7.8582160234453147 7.8592321243638947 7.8679059535302986 7.8610884819040869 7.8605919656761056 7.8556072568893436 7.8619588966427196 7.8632698347361387 7.8724132776519955 7.8600613174848775 7.8626599044801981 7.8623384170758897 7.8566558075024675 7.8599415721893813 7.8657226638808675 7.8481162580491199 7.8657218713772039 7.8578383886712411 7.8470057487489946 7.8516506168110682 7.8580594539646711 7.8610847597128135 7.8617030869387952 7.8556253242502923 7.8624344187660835 7.8642935372716645 7.8559074068118537 7.8524444246323819 7.8599860983510847 7.8603950958383813 7.8348756551742555 7.8657162809377947 7.8556125469228482 7.8667939283817603 7.8672088051233349 7.8605204602929515 7.8558343824639563 7.8524547675521053 7.859159626008891 7.8598044490814978 7.864959983826024 7.8667705678954292 7.8630704642492786 7.8591594314577966 7.8640545845306171 7.8523743525735146 7.8639513015774316 7.8524499664311556 7.864414681481664 7.8646153507236498 7.8469789953233011 7.8652371797704124 7.8656725587856471 7.858618440674233 7.8629087448515138 7.8664405717886776 7.8524734296869694 7.841539793019165 7.8585014820616577 7.8588227293380726 7.8646271266941605 7.8507430400851606
leaf_weight=75 151 337 5305 248 199 776 389 2076 50741 139 320 123 371 67 653 735 3908 914 121 57 77 269 154 254 225 521 398 426 435 224 8528 135 274 1336 148 58 137 51 148 41 1141 2426 393 651 617 100 427 962 47 44 68 72 1240 61 326 43 958 464 526 223 58 103
leaf_count=75 151 337 5305 248 199 776 389 2076 50741 139 320 123 371 67 653 735 3908 914 121 57 77 269 154 254 225 521 398 426 435 224 8528 135 274 1336 148 58 137 51 148 41 1141 2426 393 651 617 100 427 962 47 44 68 72 1240 61 326 43 958 464 526 223 58 103
internal_value=7.8635 7.84623 7.86782 7.84302 7.85535 7.86314 7.8585 7.86489 7.86872 7.86676 7.8632 7.85795 7.84135 7.85011 7.85974 7.84643 7.86573 7.85283 7.86092 7.86151 7.86446 7.85666 7.85329 7.8681 7.85082 7.85983 7.84885 7.8571 7.85799 7.85446 7.84083 7.86673 7.85207 7.86603 7.86204 7.84696 7.86096 7.85629 7.85495 7.85858 7.86632 7.86841 7.85885 7.84761 7.86307 7.85869 7.86021 7.846 7.84517 7.85418 7.85367 7.8591 7.86706 7.86524 7.86036 7.85401 7.84333 7.84607 7.84614 7.85439 7.85679 7.8517
internal_weight=92494 18514 73980 13683 4831 12044 3297 8747 61936 11195 3062 3743 11083 2600 2992 1088 7934 1690 2595 2474 1607 813 353 8133 751 1821 2280 970 1300 650 10128 5858 397 2092 402 955 323 188 414 266 1218 7731 662 1839 756 1243 920 1188 1077 111 115 320 5535 1627 387 441 1600 642 897 323 493 178
internal_count=92494 18514 73980 13683 4831 12044 3297 8747 61936 11195 3062 3743 11083 2600 2992 1088 7934 1690 2595 2474 1607 813 353 8133 751 1821 2280 970 1300 650 10128 5858 397 2092 402 955 323 188 414 266 1218 7731 662 1839 756 1243 920 1188 1077 111 115 320 5535 1627 387 441 1600 642 897 323 493 178
is_linear=0
shrinkage=1


Tree=1
num_leaves=63
num_cat=0
split_feature=9 11 11 1 20 1 9 20 20 0 20 1 20 9 9 22 9 4 9 7 0 17 16 1 20 9 22 21 19 19 21 1 0 20 1 23 22 4 9 14 4 17 20 1 20 7 9 20 22 7 9 22 20 4 20 15 14 26 17 7 14 18
split_gain=7429.35 517.824 429.467 204.176 125.069 109.386 104.943 100.825 79.0226 67.7018 63.1351 55.5876 43.1074 30.3433 29.2906 37.0584 28.799 25.3621 24.0941 24.0059 23.1578 20.942 20.1251 16.5969 28.906 16.0294 15.6533 21.7596 15.5399 15.0648 14.1271 18.473 13.8559 13.6767 23.7991 28.8662 12.8668 23.3057 12.5003 12.2433 12.1419 11.9874 11.9379 11.5513 11.5202 12.8459 13.0321 11.3839 10.7245 9.73474 11.5556 9.55326 9.14358 8.99716 8.92061 9.7141 12.1291 8.63879 12.6226 8.49737 8.40579 12.7242
threshold=2570.5250000000005 2700.8350000000005 2814.6350000000007 5.5000000000000009 -15816.249999999996 1.0000000180025095e-35 3000.7850000000003 -15312.349999999999 -4514.3499999999995 30.500000000000004 -13923.15 5.5000000000000009 -23799.849999999995 2300.2450000000003 2899.3150000000005 4615.620642361112 2767.2650000000003 1.0000000180025095e-35 2752.0500000000006 -0.93545489084327571 26.500000000000004 1325.5050000000003 4129.4000000000005 1.0000000180025095e-35 -26498.949999999993 1999.3750000000002 2872.4511520337305 5045.3250000000007 20670.950000000004 17186.350000000002 2142.8666666666672 1.0000000180025095e-35 57.500000000000007 -4175.5999999999985 5.5000000000000009 29.456250000000008 4915.0896734457674 1.0000000180025095e-35 2400.1100000000001 1432.8303893950367 1.0000000180025095e-35 1999.2800000000002 -12126.649999999998 1.0000000180025095e-35 -13698.449999999999 -0.68430824382591193 2300.2450000000003 -17799.449999999997 3731.4509102182542 -0.58482361983252518 2810.1650000000004 3563.5174553571433 -6315.7499999999991 1.0000000180025095e-35 -10573.399999999998 3699.057760416667 3043.6902451241886 5.7800000000000002 1325.5050000000003 0.16799745313369893 2543.0030173083064 10312.100000000002
decision_type=2 2 2 2 2 2 2 2 2 2 2 2 2 2 2 2 2 2 2 2 2 2 2 2 2 2 2 2 2 2 2 2 2 2 2 2 2 2 2 2 2 2 2 2 2 2 2 2 2 2 2 2 2 2 2 2 2 8 2 2 2 2
left_child=1 4 3 7 13 12 18 39 9 49 19 30 -3 23 -11 28 -9 20 43 -7 48 -15 -22 24 -1 54 -12 -28 -16 -29 59 -32 -26 34 40 -36 -18 52 -21 -2 -8 -17 -20 -4 -33 -46 -47 -45 -14 -5 -51 -49 -38 -53 55 -24 -57 -41 -59 -6 -10 -62
right_child=2 5 6 8 11 10 33 16 60 14 26 -13 17 21 15 41 36 -19 42 38 22 -23 25 -25 32 -27 27 29 -30 -31 31 44 -34 -35 35 -37 37 -39 -40 57 -42 -43 -44 47 45 46 -48 51 -50 50 -52 53 -54 -55 -56 56 -58 58 -60 -61 61 -63
leaf_value=-0.02768174645786373 2.2437575027023371e-06 -0.011243667808784386 0.0026887713729446894 0.001641223526609874 -0.0055889529414932856 -0.0032217386558578221 0.004657135442379663 -0.00069547444078700473 0.0016452534252566586 -0.012359259602768473 -0.0061950435161809555 -0.018249208717075725 -0.0071688510552677413 -0.0033827142932463397 -0.00085723112166750319 -0.0093794420126325998 0.0025737003508229783 -0.015997203826765123 5.5633410988578342e-05 -0.0087840349546204431 -0.0077843594471958431 -0.0062834767520001675 -0.0011191897185797827 -0.027812286575717795 -0.0068192378359497596 0.0020075953959788582 -0.0019965286179593456 -0.0058596404839033845 -0.0055669425732959871 -0.010610399981923859 -0.0014596635905642819 -0.007210305958852966 -0.0014237119796833625 0.0094934456454616803 0.0026523854208711129 -0.0075593995567647008 5.637703114507866e-06 -0.020164518267918964 -0.0036527408496639462 -0.00022031233019682449 0.00058791504089258592 -0.016180322598586965 0.0021591646343070733 -0.0044240372874218888 -0.00021780567159656705 -0.0075580380248390705 -0.0019399181343438786 0.00035589322560143795 -0.001267630064806875 -0.0014905761333064316 0.0017320658200240162 -0.0019144685707974481 0.0042985760758680073 -0.0076530857562818518 0.0026643803159005319 -0.013174921672990142 0.00096967005643476979 -0.00097313722113451457 -0.0032629493291326931 -0.00085765960649293756 -0.0081477248676458027 0.0014138338574022846
leaf_weight=980 153 137 407 138 275 239 10272 1167 399 557 99 447 72 234 296 152 3573 123 1168 1174 102 1539 225 7383 569 843 865 228 231 270 270 366 122 44562 1068 249 863 77 491 91 497 309 4968 74 144 184 194 553 53 165 161 801 588 48 95 128 46 152 585 50 127 183
leaf_count=980 153 137 407 138 275 239 10272 1167 399 557 99 447 72 234 296 152 3573 123 1168 1174 102 1539 225 7383 569 843 865 228 231 270 270 366 122 44562 1068 249 863 77 491 91 497 309 4968 74 144 184 194 553 53 165 161 801 588 48 95 128 46 152 585 50 127 183
internal_value=6.22799e-05 -0.0172676 0.0042297 -0.00156681 -0.0205179 -0.00927567 0.00512312 0.00106262 -0.00857742 -0.0116149 -0.0124811 -0.0134697 -0.00335671 -0.021773 -0.0146313 -0.0115086 0.00246259 -0.00203673 0.00191072 -0.0160819 -0.00100064 -0.0181522 7.91667e-05 -0.02248 -0.0197333 0.00106278 -0.00778401 -0.00693695 -0.00605682 -0.0119279 -0.0106617 -0.00909577 -0.0149913 0.00557782 0.00468156 0.000874052 0.00343512 0.00113015 -0.0173589 -0.00787576 0.00514708 -0.0177143 0.00282157 -0.00105732 -0.0111834 -0.00829446 -0.0111926 -0.00229113 -0.0133333 -0.00156129 -0.00438532 -0.00168068 0.0019876 -0.00367765 -0.00322424 -0.00519 -0.0104914 -0.00931484 -0.0103902 -0.0161963 3.38028e-05 -0.00366559
internal_weight=92581 17947 74634 9967 12757 5190 64667 7249 2718 2009 3366 1930 1824 10827 1545 988 6268 1687 8019 1904 1564 1773 1439 9054 1671 1337 1462 1363 527 498 1483 1158 691 56648 12086 1317 5101 1528 1665 981 10769 461 6136 1883 888 522 378 1476 125 464 326 1402 1451 849 494 399 174 828 737 325 709 310
internal_count=92581 17947 74634 9967 12757 5190 64667 7249 2718 2009 3366 1930 1824 10827 1545 988 6268 1687 8019 1904 1564 1773 1439 9054 1671 1337 1462 1363 527 498 1483 1158 691 56648 12086 1317 5101 1528 1665 981 10769 461 6136 1883 888 522 378 1476 125 464 326 1402 1451 849 494 399 174 828 737 325 709 310
is_linear=0
shrinkage=0.03


Tree=2
num_leaves=63
num_cat=0
split_feature=20 20 10 1 10 6 1 11 10 20 1 20 21 1 6 14 18 14 20 1 17 16 21 21 11 21 20 18 19 5 20 1 10 14 1 20 5 8 20 26 11 14 25 14 17 7 8 25 11 18 14 17 21 7 20 11 5 17 8 5 1 25
split_gain=6832.12 596.491 518.691 221.006 123.543 101.648 90.4618 87.3396 65.8457 60.6678 53.934 42.2798 31.4658 30.9931 43.512 30.7284 31.8371 28.1698 20.7363 21.7787 19.1433 18.8006 17.9279 18.392 17.814 17.7396 16.5296 16.3433 16.2177 16.0284 16.0608 14.9022 14.7004 14.6507 13.5261 13.3791 12.692 15.8668 11.8362 11.1487 10.4568 10.4168 10.8795 10.2402 9.75399 12.6433 9.39624 9.33394 9.25913 10.8249 9.19326 8.97198 8.90026 8.71685 8.40526 8.28826 8.17516 8.11965 13.4671 9.02705 8.96447 8.63655
threshold=-14607.049999999997 -8852.0499999999993 2400.8650000000002 5.5000000000000009 2553.4900000000002 -0.32143946530316164 5.5000000000000009 2526.7600000000007 2710.3250000000003 -18108.899999999998 5.5000000000000009 -4944.7499999999991 4729.1950000000006 5.5000000000000009 -0.5277851165098012 2981.7763469326705 7156.2500000000009 2782.1145893690777 -18424.799999999996 1.5000000000000002 2503.3350000000005 4129.4000000000005 1900.5850000000003 4858.2033333333338 2755.2150000000006 4494.2066666666678 -12481.049999999999 6479.2500000000009 37333.000000000007 -0.68322629814330782 -12853.249999999998 3.5000000000000004 2800.9350000000004 1002.6167764412652 4.5000000000000009 -4514.3499999999995 -1.0000000180025095e-35 0.99249573635719013 -21774.299999999996 5.535000000000001 2711.1150000000002 2837.5634964055084 15.170000000000002 2239.4475221736966 1420.0050000000003 -0.78326540922535159 0.98770287048522643 14.795000000000002 3770.1650000000004 7789.2500000000009 2013.3032652217792 499.45500000000004 5191.1533333333346 -0.39826117949089107 -4851.2499999999982 2543.5750000000003 -1.0000000180025095e-35 2266.7650000000008 0.80798785254895478 -1.0000000180025095e-35 3.5000000000000004 15.370000000000003
decision_type=2 2 2 2 2 2 2 2 2 2 2 2 2 2 2 2 2 2 2 2 2 2 2 2 2 2 2 2 2 2 2 2 2 2 2 2 2 2 2 8 2 2 8 2 2 2 2 8 2 2 2 2 2 2 2 2 2 2 2 2 2 8
left_child=2 3 9 4 15 24 8 10 38 28 -3 13 21 27 25 16 22 54 19 -10 -8 48 -2 43 -5 -15 52 56 33 -14 -31 39 -23 34 -1 -19 50 -38 -4 -11 -35 42 51 -24 -41 55 -17 -40 49 -6 -7 -20 -18 -32 -12 -46 -9 58 61 60 -60 -49
right_child=1 7 6 5 12 36 20 11 18 31 17 -13 29 14 -16 46 26 35 41 -21 -22 32 23 -25 -26 -27 -28 -29 -30 30 53 -33 -34 40 -36 -37 37 -39 47 44 -42 -43 -44 -45 45 -47 -48 57 -50 -51 -52 -53 -54 -55 -56 -57 -58 -59 59 -61 -62 -63
leaf_value=-0.0099628795048640126 -0.0060084769539819399 0.0022703242679416921 -0.0074551616374216268 -0.012920519368871061 -0.0075511347934594485 -0.00081688833554281694 -0.015084073355203448 0.0030770560765866202 -0.0009334232549004399 -0.00061736240666153365 -0.0023936046956267768 0.0085615482012822621 0.0019676035393713224 -0.0012815130514267814 0.002045773374646398 -0.0074322139472554937 -0.0013755745801123699 -0.01604165559947348 -0.0024085694395562986 -0.0068244895568943939 0.00017703783985421504 9.0229385432703718e-05 0.00046501402028616655 -0.015842618900901568 -0.0063080738005964867 -0.0087718908338906987 0.00030973193007452748 0.0036559742617449384 -0.03022824748946247 -0.008834941717462963 -0.0074176166397997446 -0.011212982970014749 0.0021832074287376655 -0.014925639364152985 0.00051536254333382563 -0.0059571762278044461 0.00052061131720189553 -0.0022473311830471469 0.0019032294271209324 -0.0060641726269723313 -0.008371256334401906 -0.0081394987116635252 0.00013950926611044638 -0.0066438074530179468 -0.0055119566090705693 -0.00595848223684448 -0.0057896893291376726 -0.0041495190157451369 0.0018009274648109396 0.00051431101790773653 -0.0057125665401961965 0.00046437753973075415 -0.0081080659394288015 -0.00021496349485514266 0.0011313829985715796 -0.00028403119599996454 -0.00083010850483137373 -0.0012102054729091272 -0.0013390123064339564 -0.0035625911052223603 -0.0034183680843400503 -0.0038190593109667377
leaf_weight=43 137 1560 374 874 87 84 678 450 302 65 282 49243 613 256 981 469 518 207 102 330 40 1604 206 193 198 158 864 9604 3902 215 428 710 4408 4668 51 128 463 68 50 261 630 259 930 130 41 645 153 96 75 43 119 54 115 752 296 73 677 298 94 490 40 867
leaf_count=43 137 1560 374 874 87 84 678 450 302 65 282 49243 613 256 981 469 518 207 102 330 40 1604 206 193 198 158 864 9604 3902 215 428 710 4408 4668 51 128 463 68 50 261 630 259 930 130 41 645 153 96 75 43 119 54 115 752 296 73 677 298 94 490 40 867
internal_value=0.00018184 0.0039125 -0.017588 -0.00199376 -0.000397784 -0.0117178 -0.00956763 0.00509816 -0.00791323 -0.0212061 -0.000429264 0.00532091 0.0014515 0.00373349 -0.000472779 -0.00585786 -0.00416451 -0.00621663 -0.00389181 -0.00836967 -0.0194186 0.00250595 -0.00961619 -0.00708679 -0.017603 -0.00861687 -0.00173431 0.00428028 -0.0221835 -0.00181284 -0.00358883 -0.0161359 0.00281091 -0.0210973 -0.00922105 -0.013125 -0.0031102 -0.000665414 -0.0113532 -0.013895 -0.0213063 -0.00178306 -0.00049126 -0.00283086 -0.0146621 -0.0163895 -0.0117303 -0.0103977 -0.00640777 -0.0112214 -0.00947059 -0.00779618 -0.00541325 -0.00220999 -0.00219689 -0.00709565 0.000861702 -0.010737 -0.0115919 -0.0150336 -0.00804444 -0.00934855
internal_weight=92751 76658 16093 12816 11010 1806 5004 63842 4286 11089 2473 61369 8225 12126 1395 2785 2163 913 1977 632 718 6217 666 529 1072 414 1497 10731 9294 2008 1395 1795 6012 5392 94 335 734 531 2309 1085 5298 1345 1086 336 1020 759 622 1935 205 130 203 156 633 1180 578 114 1127 1885 1587 624 134 963
internal_count=92751 76658 16093 12816 11010 1806 5004 63842 4286 11089 2473 61369 8225 12126 1395 2785 2163 913 1977 632 718 6217 666 529 1072 414 1497 10731 9294 2008 1395 1795 6012 5392 94 335 734 531 2309 1085 5298 1345 1086 336 1020 759 622 1935 205 130 203 156 633 1180 578 114 1127 1885 1587 624 134 963
is_linear=0
shrinkage=0.03


Tree=3
num_leaves=63
num_cat=0
split_feature=9 20 9 1 1 0 20 20 1 1 20 1 21 21 20 0 17 9 9 7 9 19 4 9 22 9 4 6 6 16 6 22 22 17 7 9 9 8 7 4 21 6 19 14 18 0 21 13 21 20 23 9 25 9 23 20 9 9 17 17 1 1
split_gain=6848.04 529.322 324.39 150.018 148.225 121.226 107.271 66.9714 62.7032 58.7943 53.8696 104.317 72.2752 53.3621 52.7662 49.4915 29.0563 26.293 23.6781 40.2356 22.5856 22.5078 22.0373 19.8726 19.7162 19.5019 19.498 15.3758 15.0372 14.0307 13.9728 13.6898 13.5588 13.2947 12.7288 12.0878 11.9747 11.8533 11.8375 11.4723 10.8139 10.4228 10.3207 12.4086 9.75933 9.32967 10.5671 9.00921 8.72998 13.3375 10.1546 8.48567 8.33456 8.04088 7.86311 7.81105 7.70553 7.58651 12.1681 10.7762 8.55003 7.52244
threshold=2600.8950000000004 -16922.499999999996 2999.3750000000005 1.0000000180025095e-35 5.5000000000000009 27.500000000000004 -22684.799999999996 -15816.249999999996 1.0000000180025095e-35 5.5000000000000009 -4764.949999999998 5.5000000000000009 4950.6900000000014 2037.3550000000002 -13698.449999999999 18.500000000000004 1999.2800000000002 2749.0550000000007 2171.5950000000007 -0.68430824382591193 2461.7450000000003 14061.35 1.0000000180025095e-35 2120.0150000000008 4717.6925768849214 2437.4650000000006 1.0000000180025095e-35 -0.72947329433276253 -0.5 4515.8200000000006 -0.19509032201612839 4795.835047123016 3694.9052616567465 199.87500000000003 -0.61913973745509387 2120.0150000000008 3147.4400000000001 0.98770287048522643 -0.30163705152652742 1.0000000180025095e-35 3377.6850000000009 -0.47114434510950048 26959.750000000004 2640.5243837897683 7156.2500000000009 54.500000000000007 3122.1933333333341 9764.3050000000021 4711.5950000000012 -11004.199999999997 33.556250000000013 2879.1450000000004 18.635000000000002 1001.8050000000001 28.931250000000006 -10714.299999999997 2499.9450000000002 2200.5450000000005 999.73000000000013 900.15500000000009 1.0000000180025095e-35 5.5000000000000009
decision_type=2 2 2 2 2 2 2 2 2 2 2 2 2 2 2 2 2 2 2 2 2 2 2 2 2 2 2 2 2 2 2 2 2 2 2 2 2 2 2 2 2 2 2 2 2 2 2 2 2 2 2 2 8 2 2 2 2 2 2 2 2 2
left_child=1 6 4 13 7 52 27 42 15 14 11 22 30 -3 25 -8 -14 -9 19 -16 33 -11 31 53 -18 -5 29 -1 34 35 36 -4 -19 -10 -24 -15 -13 56 -21 -34 55 -41 -2 -44 -28 46 -31 -22 -48 50 -50 -42 -6 -17 -53 -7 -20 60 59 -59 -29 -12
right_child=2 3 10 9 5 40 8 17 20 21 61 12 16 26 18 23 24 32 37 38 47 -23 28 -25 -26 -27 44 57 -30 45 -32 -33 39 -35 -36 -37 -38 -39 -40 41 51 -43 43 -45 -46 -47 48 -49 49 -51 -52 54 -54 -55 -56 -57 -58 58 -60 -61 -62 -63
leaf_value=-0.028227271950736092 -0.00085722256806573121 -0.0051226952900668438 0.0041117540755849433 -0.0071076616361711968 -0.00099324509588063483 -0.0033384551437993706 -0.0053119442698854177 -0.00069912346127496653 -0.0016768691920576741 0.00063751616094445327 0.0087780745154560236 -0.005308556640262245 -0.0059574628601817272 -0.0075398705404135643 0.00038372625413825843 -0.014339921575736027 -0.00098063989509442518 0.0018605305676438534 -0.0024291756602672298 -0.0090289835293462482 -0.00049329967076202404 -0.015197603459179278 -0.013136025143838478 0.00075371026547208007 -0.015305935493060776 -0.002606845661760893 -0.019894503097942846 -0.0096437006425286291 0.0032250124842127651 -0.0027313945774333432 0.0026575631773755985 0.0031899834157061977 0.0013075160059343408 -0.008889009736817978 -0.00095072423355833989 -0.0044586510920855138 0.00031320543948313071 -0.0020629099842791737 -0.0071536240614323088 -0.0077333829522790148 -0.010347371960771904 4.2261594271481743e-05 -0.0021022187010729266 -0.0056291644563393811 -0.00028191017854360288 0.0032408571245202918 0.0018051115753495138 -0.005213421327926699 -0.00743809485517688 0.0037469856663022846 0.00068652595797593643 -0.0039953092937967715 0.0011926938444695612 -0.0029484259289135695 -0.0081946201713820367 -0.00077504787618550084 -0.00064485518821012138 -0.0054510243849956019 -0.006686454103781091 0.0016755559281491905 -0.021843365382628033 0.0058985522741840674
leaf_weight=5396 309 116 7503 1099 160 81 214 1980 53 49 40157 245 173 42 176 84 54 4021 676 275 60 765 115 243 279 723 51 347 273 53 776 3444 3006 3354 168 98 423 124 238 78 494 111 519 122 47 526 400 630 141 124 72 133 502 412 171 94 703 66 196 48 887 8621
leaf_count=5396 309 116 7503 1099 160 81 214 1980 53 49 40157 245 173 42 176 84 54 4021 676 275 60 765 115 243 279 723 51 347 273 53 776 3444 3006 3354 168 98 423 124 238 78 494 111 519 122 47 526 400 630 141 124 72 133 502 412 171 94 703 66 196 48 887 8621
internal_value=0.00024616 -0.0160853 0.00432589 -0.00918788 -0.000238839 -0.00861858 -0.0198224 0.00111225 -0.0164878 -0.0118683 0.00519003 0.00350885 -0.0029062 -0.00143627 -0.0103726 -0.00954088 -0.0126509 0.00189584 -0.00723119 -0.0118348 -0.018101 -0.0192221 0.00459649 -0.00584595 -0.0178204 -0.0141459 3.47267e-05 -0.0222461 -0.00122801 0.000910089 0.000514879 0.0048924 0.00273604 -0.0191074 -0.00606338 -0.00808511 -0.00266368 -0.00511436 -0.0160739 0.0012766 -0.0153511 -0.00587368 -0.00646688 -0.00863551 -0.0128485 0.00187244 -0.000189633 -0.0131114 0.000747967 -0.00280473 -0.00734579 -0.016836 0.00128507 -0.0092837 -0.0128066 -0.00852273 -0.0043087 -0.0195573 -0.0152412 -0.00735652 -0.0206283 0.00565362
internal_weight=92500 18488 74012 6498 11781 1635 11990 10146 5050 4828 62231 13453 1950 1670 4014 953 506 9196 2192 689 4097 814 11503 739 333 1822 1554 6940 556 1456 1444 10947 7216 3407 283 140 668 1503 513 3195 973 189 950 641 98 1316 790 690 737 337 213 798 662 496 304 175 1379 1544 310 114 1234 48778
internal_count=92500 18488 74012 6498 11781 1635 11990 10146 5050 4828 62231 13453 1950 1670 4014 953 506 9196 2192 689 4097 814 11503 739 333 1822 1554 6940 556 1456 1444 10947 7216 3407 283 140 668 1503 513 3195 973 189 950 641 98 1316 790 690 737 337 213 798 662 496 304 175 1379 1544 310 114 1234 48778
is_linear=0
shrinkage=0.03


Tree=4
num_leaves=63
num_cat=0
split_feature=20 20 10 11 3 11 10 20 10 3 20 11 18 3 14 0 22 10 11 8 21 21 18 11 22 3 3 12 0 23 20 22 26 11 12 16 22 12 3 26 20 16 17 0 7 11 14 8 20 10 7 27 22 20 0 18 19 17 12 17 11 12
split_gain=6207.54 565.583 523.646 131.704 97.8103 89.4921 75.7678 70.5758 62.7085 35.9275 34.3461 33.1216 31.0228 29.5369 26.3265 25.9153 23.1302 22.7295 20.914 20.8762 26.63 18.7662 17.3814 16.9142 15.8935 15.6252 15.616 15.0223 14.782 14.2917 13.9493 13.5174 12.6273 12.4862 12.6217 12.4231 15.2055 13.5434 12.3595 12.2682 12.2435 11.6018 11.3922 15.03 11.1529 10.6921 10.6878 10.6813 11.6352 10.4201 14.1161 10.3647 10.0482 8.91051 8.83898 9.73429 8.80632 8.55384 8.52807 8.51715 8.33789 10.104
threshold=-14607.049999999997 -8852.0499999999993 2400.8650000000002 2485.4950000000003 1.0000000180025095e-35 2641.2050000000004 2710.3250000000003 -25064.549999999992 2752.8750000000005 1.0000000180025095e-35 -4258.0999999999995 2500.6650000000004 7754.5500000000011 1.0000000180025095e-35 2804.6207175393261 37.500000000000007 4830.9618340773823 2450.1650000000004 2208.9800000000005 0.98770287048522643 4877.2066666666678 4242.3633333333337 6008.8500000000013 1944.5400000000002 2872.4511520337305 1.0000000180025095e-35 1.0000000180025095e-35 4322.476644345239 35.500000000000007 32.256250000000016 -21774.299999999996 4928.4344903273823 5.0200000000000005 3102.2050000000004 4896.4823958333345 4129.4000000000005 3121.3216396329376 4089.4544568452388 1.0000000180025095e-35 8.1000000000000014 -11961.399999999998 7223.7000000000016 2266.7650000000008 50.500000000000007 -0.96235977360714686 3064.8050000000007 2860.1106661458707 -0.45273527932988084 -18108.899999999998 3260.6050000000005 -0.50556189049999822 -0.04500000000000081 4811.0018725198424 -5127.8999999999987 33.500000000000007 10175.150000000003 22697.600000000002 1699.2850000000001 7567.5339434523821 2822.3450000000007 2814.6350000000007 4255.8156250000011
decision_type=2 2 2 2 2 2 2 2 2 2 2 2 2 2 2 2 2 2 2 2 2 2 2 2 2 2 2 2 2 2 2 2 8 2 2 2 2 2 2 8 2 2 2 2 2 2 2 2 2 2 2 10 2 2 2 2 2 2 2 2 2 2
left_child=2 3 7 4 17 9 12 -1 13 52 21 32 19 42 51 -6 35 29 26 20 22 -7 24 -16 -5 49 -10 -17 39 -2 -20 -18 -9 34 -27 36 -8 -38 -37 -15 46 45 43 44 -4 -40 -14 -13 -49 50 -23 53 -3 -11 -25 -56 -31 -26 -35 -29 61 -43
right_child=1 5 8 6 15 10 16 11 18 14 -12 47 40 28 23 27 31 -19 30 -21 -22 25 -24 54 57 33 -28 59 -30 56 -32 -33 -34 58 -36 38 37 -39 41 -41 -42 60 -44 -45 -46 -47 -48 48 -50 -51 -52 -53 -54 -55 55 -57 -58 -59 -60 -61 -62 -63
leaf_value=-0.029980126431576409 -0.0051899017498292822 0.0030793028296409197 -0.00034472294825524938 -0.0058279657349871337 -0.0046500239707548659 0.0033819952153425997 0.0028430606193642007 -0.0030728366449632011 -0.0047196732663847118 -0.0012195420048321259 0.0084401969677925133 -0.010061133463878233 -0.00074312760916377986 -0.002879040065073825 -0.015001066334583379 -0.0065797765604383414 -0.0099360283825635862 0.00018748028529405624 -0.0058225385646200403 -0.0049275684281299094 -0.012751348886199476 -0.00080240863365263102 -1.0944542447495209e-05 0.0025983945005679616 -0.0070292230089273834 -0.00037635154896430492 -0.017433297729180328 -0.015215886818336142 -0.013629146218584839 0.0031017454099679688 -0.0014313728899260371 -0.00088390855476255673 -0.0092162925003429035 0.0022431180135861059 -0.0087139239926993968 0.0019674570632481725 -0.00055803672366274901 -0.0071982602347829897 -0.0072747175253110186 -0.0011607974356698703 0.00028630042252814487 0.0011859684086597312 -0.00073874202771233083 -0.0039700964759027063 -0.0037868618683819738 -0.00054363395571020766 -0.0097788818655433641 -0.0053979450680648675 -0.0029486783175241425 0.0049972170722065532 0.0031783344911330965 -0.0039508215223926363 0.00032996048845163484 0.0023279080367247609 -0.014122220860116386 -0.0014872102423709953 -0.0032819463349332656 -0.00045050957662410294 -0.0087908181979920556 -0.014850041882944129 0.0011602632876084673 -0.0020279952142429193
leaf_weight=5245 321 1022 74 81 311 9126 71 103 154 414 45916 624 674 174 134 469 78 965 164 145 351 895 545 60 70 203 170 405 472 142 1604 1869 3810 831 128 3716 63 54 43 219 959 186 259 587 1182 56 182 705 482 1985 1159 144 689 446 157 125 40 152 57 48 676 156
leaf_count=5245 321 1022 74 81 311 9126 71 103 154 414 45916 624 674 174 134 469 78 965 164 145 351 895 545 60 70 203 170 405 472 142 1604 1869 3810 831 128 3716 63 54 43 219 959 186 259 587 1182 56 182 705 482 1985 1159 144 689 446 157 125 40 152 57 48 676 156
internal_value=0.000351302 0.0039158 -0.0166206 -0.0018296 -0.00771429 0.00507664 -0.000259479 -0.0203032 -0.0086336 0.000180451 0.00533573 -0.0179906 -0.00411266 -0.011438 -0.00324105 -0.01394 0.00148773 -0.00247924 -0.00465265 -0.0075658 -0.006255 0.00405589 -0.00337102 -0.00904403 -0.00911842 0.0026275 -0.0116492 -0.0164659 -0.0161085 -0.00764286 -0.00336461 -0.00128747 -0.0195483 -0.00034918 -0.00531325 0.00256392 -0.00498413 -0.0115932 0.0028585 -0.0117563 -0.00155286 9.12343e-05 -0.00950927 -0.0103373 -0.0121909 -0.00966 -0.00415869 -0.0146159 -0.0129192 0.00352574 0.00202628 -0.000483582 0.00314019 0.000766551 -0.00547522 -0.00769611 -0.000918033 -0.00492377 0.00150506 -0.0203789 0.00104809 -0.00276385
internal_weight=92347 76319 16028 12828 2701 63491 10127 10969 5059 3191 60300 5724 3159 2967 1480 1233 6968 1468 2092 1344 1199 14384 848 476 303 5258 324 922 865 503 1768 1947 3913 1219 331 5021 188 117 4833 393 1815 1117 2102 1843 1256 99 856 1811 1187 4039 2054 1004 1711 860 342 282 182 222 888 453 1018 342
internal_count=92347 76319 16028 12828 2701 63491 10127 10969 5059 3191 60300 5724 3159 2967 1480 1233 6968 1468 2092 1344 1199 14384 848 476 303 5258 324 922 865 503 1768 1947 3913 1219 331 5021 188 117 4833 393 1815 1117 2102 1843 1256 99 856 1811 1187 4039 2054 1004 1711 860 342 282 182 222 888 453 1018 342
is_linear=0
shrinkage=0.03


Tree=5
num_leaves=63
num_cat=0
split_feature=9 10 11 1 20 1 9 20 10 0 20 0 1 9 4 6 9 15 22 4 19 1 9 10 9 1 26 16 0 9 20 1 24 23 25 25 7 22 6 20 6 1 4 6 15 1 0 5 1 9 4 22 9 12 7 20 12 26 20 19 10 22
split_gain=6267.92 495.688 377.013 170.637 155.511 114.995 110.223 80.3686 68.1885 61.1244 57.8481 58.955 47.3741 30.2663 28.2474 24.378 24.1797 23.4535 22.9698 22.6813 21.62 20.9015 19.9344 19.811 18.612 29.6243 18.1311 16.8636 15.6404 15.3522 14.9188 25.2942 29.5124 14.906 14.6861 14.5246 13.0898 13.0451 20.9186 12.5734 11.9026 11.3407 11.1719 14.6148 11.1388 11.0883 18.0956 10.8639 10.862 10.5219 9.94627 8.9889 8.89218 11.2956 8.80337 13.2113 9.28481 8.6096 8.55954 8.28578 8.01595 7.96255
threshold=2570.5250000000005 2500.3350000000005 2814.6350000000007 5.5000000000000009 -16922.499999999996 1.0000000180025095e-35 3000.7850000000003 -15816.249999999996 1999.6250000000002 19.500000000000004 -4685.8499999999995 30.500000000000004 5.5000000000000009 2752.0500000000006 1.0000000180025095e-35 -0.32143946530316164 2926.6250000000005 3211.1236979166674 4649.00697296627 1.0000000180025095e-35 27882.800000000003 4.5000000000000009 2800.7550000000006 2165.1550000000002 2410.3850000000007 1.0000000180025095e-35 5.4450000000000012 4129.4000000000005 56.500000000000007 2100.0000000000005 -2728.8499999999999 5.5000000000000009 4.9000000000000012 26.231250000000006 17.965000000000003 16.675000000000004 0.60555468348150676 4615.620642361112 -0.72947329433276253 -12660.449999999999 -0.63405362205439475 1.0000000180025095e-35 1.0000000180025095e-35 -0.68322629814330815 2702.395260416667 5.5000000000000009 26.500000000000004 -0.70710678118654735 2.5000000000000004 1999.3750000000002 1.0000000180025095e-35 5012.0477914186513 3870.2550000000006 5163.3877306547629 -0.89406062840022227 -12853.249999999998 6172.9565476190483 9.3450000000000006 -6315.7499999999991 22933.300000000003 2580.6950000000002 3744.2359548611116
decision_type=2 2 2 2 2 2 2 2 2 2 2 2 2 2 2 2 2 2 2 2 2 2 2 2 2 2 10 2 2 2 2 2 2 2 8 8 2 2 2 2 2 2 2 2 2 2 2 2 2 2 2 2 2 2 2 2 2 8 2 2 2 2
left_child=1 4 3 7 8 9 19 23 29 -3 11 -5 20 59 27 -14 -13 57 26 22 47 28 35 -2 25 -19 -18 -11 -10 -1 31 50 -33 -21 -17 -4 -35 -34 -39 -26 -20 -37 58 51 -31 -24 -47 -7 -27 -29 -8 -44 53 -12 55 -49 -56 -6 -15 -9 -52 -43
right_child=2 5 6 10 17 12 30 13 21 14 52 16 15 42 -16 34 18 24 40 33 -22 -23 45 -25 39 48 -28 49 -30 44 -32 32 37 36 -36 41 -38 38 -40 -41 -42 61 43 -45 -46 46 -48 54 -50 -51 60 -53 -54 -55 56 -57 -58 -59 -60 -61 -62 -63
leaf_value=-0.027496566696902747 -0.0051518395038484353 -0.0045528323336276478 -0.0049074648564670746 -0.00032625229460701339 -0.0026984248087002791 -0.00046776844882664466 0.00454358922653439 0.00011194775018623319 -0.0052463557840687122 -0.0070111936196941647 -2.0228217111604103e-05 -0.0090904124806012194 -0.016325290537503329 0.0014698531347970062 -0.014399763159721156 -0.0057234717837280347 -0.00073178965180664267 -0.004776020963064182 -0.014407970992844188 0.00082424966219109665 -0.0062675866209689589 -0.013271014516749266 0.0022256986422646802 -0.0011109767456287598 -0.0049969186330980535 -0.006561317930211228 -0.0056393319780029122 -0.0016717276578542015 -0.0052717327346450274 -0.0049808375134317148 0.0095266421284624057 0.0026335654807992698 0.00084768613978890804 -0.0076077123739344658 -0.00066968046408311002 0.0029161229817722309 -0.0008624577917282709 -0.011402277602947314 -0.0021998518737798775 -0.001028808811689015 -0.006431559870089424 0.00033675268415845613 -0.012294577572093342 0.0020070124835845408 -0.0082518419440594064 0.0012002111624554157 -0.0039242603835781542 -0.0048358193415782976 -0.012293677190276452 0.0019806006340443434 -0.0077273280312577979 -0.020873083525285323 0.0041546126947877059 -0.0070282676631947391 -0.0048154600699193114 0.00066930634660510968 0.0005675263287649024 -0.0013433224138937334 0.0043134628829712704 -0.0009374963009044626 0.0026402921648943601 -0.0012909155382909402
leaf_weight=5686 164 164 85 462 146 184 15000 634 2284 87 350 676 421 3245 114 52 370 166 249 176 549 1140 4718 653 415 549 107 533 509 50 38913 1533 150 158 111 511 105 93 201 251 158 829 61 114 598 331 153 207 831 1018 40 53 270 114 1143 162 68 348 1841 533 769 989
leaf_count=5686 164 164 85 462 146 184 15000 634 2284 87 350 676 421 3245 114 52 370 166 249 176 549 1140 4718 653 415 549 107 533 509 50 38913 1533 150 158 111 511 105 93 201 251 158 829 61 114 598 331 153 207 831 1018 40 53 270 114 1143 162 68 348 1841 533 769 989
internal_value=0.000407841 -0.0155993 0.00421377 -0.00119105 -0.0186498 -0.00737474 0.00505295 0.00121085 -0.0203368 -0.00167136 -0.00754951 -0.0101671 -0.0111449 0.00232891 -2.73816e-05 -0.0187795 -0.0129532 -0.0122438 -0.0096678 0.00176887 -0.00921003 -0.0172222 0.00215124 -0.00765037 -0.0135644 -0.0153743 -0.0051841 0.000981086 -0.0158096 -0.0222677 0.00551947 0.00479879 0.00159858 -0.00485455 -0.00885366 -0.000101863 -0.00936364 -0.00520449 -0.0088678 -0.00934633 -0.0148971 0.000345064 0.00328956 -0.00319651 -0.0178151 0.00319662 -0.00112577 -0.00758414 -0.0168139 0.0017049 0.00519886 -0.0107478 -0.000334694 -0.00285161 -0.0083871 -0.00431351 -0.00962376 -0.00631515 0.00358089 -0.00204452 0.00195556 -0.000765256
internal_weight=92594 17786 74808 10054 12973 4813 64754 7298 10267 1916 2756 2022 2897 6481 1752 584 1560 2706 884 8055 2313 3933 7616 817 2212 1546 477 1638 2793 6334 56699 17786 1977 439 163 2414 263 444 294 666 407 2329 5314 228 648 5202 484 1764 1380 1551 15809 114 734 464 1580 369 1211 494 5086 1167 809 1818
internal_count=92594 17786 74808 10054 12973 4813 64754 7298 10267 1916 2756 2022 2897 6481 1752 584 1560 2706 884 8055 2313 3933 7616 817 2212 1546 477 1638 2793 6334 56699 17786 1977 439 163 2414 263 444 294 666 407 2329 5314 228 648 5202 484 1764 1380 1551 15809 114 734 464 1580 369 1211 494 5086 1167 809 1818
is_linear=0
shrinkage=0.03


Tree=6
num_leaves=63
num_cat=0
split_feature=9 10 9 9 1 1 0 1 0 20 20 20 1 23 1 20 20 6 9 22 19 4 4 20 19 1 20 23 22 6 20 22 17 9 14 22 0 7 1 25 14 17 6 12 8 20 7 4 6 23 27 6 9 10 25 22 17 7 12 22 1 25
split_gain=6010.94 548.095 318.868 167.641 140.741 121.158 113.827 60.1543 63.1597 57.7794 57.0789 48.8509 72.8325 42.7838 41.8298 41.3297 28.2466 26.766 25.3286 22.267 19.783 19.6177 19.3183 17.2304 15.9342 14.7197 36.1778 39.0048 19.5896 21.7468 14.4766 14.4522 14.199 13.99 13.4172 13.293 13.1413 12.7866 17.1238 12.6467 12.4003 16.8484 12.3267 12.3052 11.8573 11.817 11.798 11.7786 11.5257 11.3998 11.2412 10.9328 10.7422 10.3172 10.0634 10.019 9.924 9.88568 9.51434 9.02547 8.87904 8.8607
threshold=2600.8950000000004 2469.9250000000006 2999.3750000000005 2250.3350000000005 5.5000000000000009 5.5000000000000009 28.500000000000004 1.0000000180025095e-35 19.500000000000004 -28935.849999999995 -16076.799999999997 -5840.0999999999985 5.5000000000000009 29.606250000000006 1.0000000180025095e-35 -13470.249999999998 -13923.15 -0.3520614488341256 2707.5550000000007 4915.0896734457674 23579.800000000007 1.0000000180025095e-35 1.0000000180025095e-35 -17207.899999999998 19371.600000000002 5.5000000000000009 -1854.0999999999992 28.781250000000004 4615.620642361112 -0.77259657388510605 -20540.949999999993 3694.9052616567465 1325.5050000000003 2500.7150000000006 2891.2263792477029 4811.0018725198424 36.500000000000007 -0.68430824382591193 3.5000000000000004 17.905000000000005 1623.2196850034461 1999.8050000000001 -0.63405362205439475 3474.8037351190478 -0.8142754349318998 -9879.4999999999982 -0.861146256326485 1.0000000180025095e-35 -0.47114434510950048 23.776562500000004 0.21499999999999989 -0.68322629814330815 2499.9450000000002 2214.1050000000005 18.635000000000002 5529.280383184524 200.88500000000002 -0.61913973745509387 4089.4544568452388 2976.4773549107149 5.5000000000000009 17.73
decision_type=2 2 2 2 2 2 2 2 2 2 2 2 2 2 2 2 2 2 2 2 2 2 2 2 2 2 2 2 2 2 2 2 2 2 2 2 2 2 2 10 2 2 2 2 2 2 2 2 2 2 8 2 2 2 8 2 2 2 2 2 2 8
left_child=1 3 4 9 10 7 54 8 -3 -1 53 12 22 36 20 32 33 -7 -12 -15 44 30 35 60 -19 -13 27 -27 -29 -30 34 -20 46 56 -10 -4 -14 38 43 -22 41 58 -21 -25 -11 -8 -5 -33 -49 -47 -38 57 -34 -2 -6 59 -9 -24 -32 -18 -16 -55
right_child=2 5 11 15 6 17 45 16 21 14 18 25 13 19 23 -17 55 24 31 42 39 -23 51 37 -26 26 -28 28 29 -31 40 47 52 -35 -36 -37 50 -39 -40 -41 -42 -43 -44 -45 -46 49 -48 48 -50 -51 -52 -53 -54 61 -56 -57 -58 -59 -60 -61 -62 -63
leaf_value=-0.044256120960192664 -0.0043864030838718275 -0.0042718871017423223 0.0036278322527897688 -0.0064787846791600811 -0.00093799652044761032 -0.015834622022415229 -0.0083100865659194757 -0.0018444359896300337 -0.0010240954450407114 0.00016670959557474929 -0.00082687565089194573 0.0076371531880405734 0.0024850628199167015 -0.0019803738787061678 -0.0088978696330971364 -0.002181263696809928 -0.0025573619702838443 0.00035877526397607806 0.001626072942265208 -0.0139756517545106 -0.0071048701587771703 -0.013967850373561354 -0.018436334268314196 -0.0057544547073393425 -0.0036595712475699571 0.0027519225725286755 0.0073935889843902113 0.0019691823125081065 -0.012756359880082302 -0.0041251870192668761 -0.00054514185145177472 0.0011219394364133024 -0.0046024274077707495 -0.0019933369506895293 -0.0063241118980877364 0.0025295004452745335 -0.0037214356912453465 -0.0092766421287473217 -0.03356967091183799 -0.0020114932175143091 0.0017287709393647029 0.0032683454432434591 -0.0062665580695484956 9.7760878952153667e-05 -0.018187770032879289 -0.00059657117657172963 -0.0026329220118494283 -0.0077234734311757841 0.00056848048087550424 -0.0069375432291916977 -0.00041745279130936017 0.0015130734865510705 -0.003428140820455272 -0.0020781902619072135 0.0010820178298822914 -0.0072024175677835216 -0.0059922901694881734 -0.0049024761117331742 -0.006865981072466709 -0.00103743616505788 -0.044705614773607336 -0.00047114014910827298
leaf_weight=3663 180 202 5379 175 166 509 613 93 171 149 1525 43725 533 183 3356 613 155 74 4276 170 575 123 56 48 160 1553 6859 198 140 366 43 3182 1523 450 47 2420 98 914 87 155 1417 62 113 123 76 106 192 87 108 272 323 224 439 282 505 181 1135 103 50 910 646 371
leaf_count=3663 180 202 5379 175 166 509 613 93 171 149 1525 43725 533 183 3356 613 155 74 4276 170 575 123 56 48 160 1553 6859 198 140 366 43 3182 1523 450 47 2420 98 914 87 155 1417 62 113 123 76 106 192 87 108 272 323 224 439 282 505 181 1135 103 50 910 646 371
internal_value=0.000486241 -0.0148028 0.00430598 -0.0182808 -0.00024516 -0.00714128 -0.00832712 -0.00547143 -0.00161626 -0.0201683 0.00109728 0.00515675 0.00318775 -0.00308234 -0.0183778 -0.0119939 -0.00825846 -0.0184435 0.00177993 -0.0105225 -0.0125837 7.21003e-05 0.00427618 -0.0194446 -0.00998298 0.00551448 0.00441658 0.00112135 -0.00473191 -0.00785799 0.000871022 0.00248341 -0.013818 -0.0107993 -0.00635616 0.00459923 0.000559162 -0.0162046 -0.0102394 -0.0149795 0.00187667 -0.00615385 -0.0157817 -0.00467442 -0.00477876 -0.0147823 -0.00836413 0.00101599 -0.00612245 -0.0105594 -0.0033981 -0.00229688 -0.0148334 -0.00641727 0.00121429 -0.00483079 -0.0124589 -0.0082875 -0.0141702 -0.00371482 -0.0203892 -0.00465138
internal_weight=92632 18516 74116 12734 11673 5782 1662 5039 2115 9792 10011 62443 9602 1420 6129 2942 2924 743 9178 466 955 1913 8182 5174 234 52841 9116 2257 704 506 1790 7653 2329 1678 218 7799 954 1172 258 730 1572 155 283 171 225 991 367 3377 195 378 421 383 1962 833 671 1246 1228 159 93 1065 4002 653
internal_count=92632 18516 74116 12734 11673 5782 1662 5039 2115 9792 10011 62443 9602 1420 6129 2942 2924 743 9178 466 955 1913 8182 5174 234 52841 9116 2257 704 506 1790 7653 2329 1678 218 7799 954 1172 258 730 1572 155 283 171 225 991 367 3377 195 378 421 383 1962 833 671 1246 1228 159 93 1065 4002 653
is_linear=0
shrinkage=0.03


Tree=7
num_leaves=63
num_cat=0
split_feature=9 10 9 1 20 0 1 10 20 10 20 1 21 9 0 1 0 21 1 9 12 21 15 20 16 1 9 0 26 9 2 21 26 1 19 15 10 7 0 26 21 0 15 20 18 21 25 1 20 19 16 8 26 9 9 21 18 10 19 7 20 12
split_gain=5781.21 469.004 351.851 154.281 137.621 118.145 115.697 60.3246 58.6656 57.6574 41.2206 88.831 63.4094 36.3689 27.4581 25.5823 24.3243 22.4236 22.0995 21.4211 19.8516 16.883 16.4666 15.7772 15.3141 15.0798 17.1241 14.8997 14.8966 14.4463 14.093 13.9428 13.903 13.7021 13.6784 13.0458 12.8915 12.8171 12.6675 12.6 12.5478 11.6081 10.7347 10.4988 11.6673 10.208 9.95173 9.636 8.52404 8.24946 8.15172 8.08183 7.92359 7.89458 7.88431 8.1001 7.41829 7.12696 7.0075 6.98079 6.6682 6.63147
threshold=2570.5250000000005 2395.1950000000002 3030.2150000000006 5.5000000000000009 -17799.449999999997 29.500000000000004 4.5000000000000009 2752.8750000000005 -16623.799999999999 1999.2850000000001 -4341 5.5000000000000009 4839.0100000000011 2767.2650000000003 34.500000000000007 2.5000000000000004 19.500000000000004 3106.3200000000002 1.5000000000000002 2400.1100000000001 4885.628913690477 4386.4916666666677 3270.6899479166673 -14840.099999999997 4199.8350000000009 1.0000000180025095e-35 2250.3350000000005 58.500000000000007 8.0100000000000016 1999.9650000000004 9.5000000000000018 3965.4033333333336 5.6950000000000012 5.5000000000000009 17848.300000000007 2844.7857812500001 2469.9250000000006 -0.86976336936302323 41.500000000000007 8.3950000000000014 4932.2700000000013 50.500000000000007 3035.4768229166671 -16076.799999999997 5567.5500000000002 1881.1233333333337 17.640000000000004 1.5000000000000002 -11629.65 21377.450000000004 9999.970000000003 0.97832380634958016 10.150000000000002 2400.1100000000001 3130.5750000000003 3291.2950000000005 8561.5000000000018 1807.9900000000002 17505.800000000003 -0.72101013194340913 -11961.399999999998 4612.6460267857155
decision_type=2 2 2 2 2 2 2 2 2 2 2 2 2 2 2 2 2 2 2 2 2 2 2 2 2 2 2 2 8 2 2 2 8 2 2 2 2 2 2 8 2 2 2 2 2 2 8 2 2 2 2 2 10 2 2 2 2 2 2 2 2 2
left_child=1 4 3 8 9 39 7 23 36 17 11 40 54 -10 28 43 30 32 24 22 -14 -15 -17 41 35 38 -27 -22 -8 -19 -9 48 -1 42 -20 -18 -2 -23 -11 -5 -4 -3 -16 -6 -45 53 -38 -43 -7 -46 -47 -30 -36 -25 55 -13 -40 -34 -21 -57 61 -39
right_child=2 6 10 5 15 31 14 16 13 25 -12 12 20 21 33 19 18 29 34 58 27 37 -24 45 -26 26 -28 -29 51 -31 -32 -33 57 -35 52 -37 46 60 56 -41 -42 47 -44 44 49 50 -48 -49 -50 -51 -52 -53 -54 -55 -56 59 -58 -59 -60 -61 -62 -63
leaf_value=0.00040453671564070131 -0.0037358298984094523 -0.0036144927838735971 0.0039620972798182505 -0.001428896905234196 -0.0046580596414856623 -0.0054031836736508328 -0.0027428184059655235 -0.0014738548801221001 -0.00042229291406003621 -0.0051402250033580656 0.0076810720252943289 0.0019174216099662135 -0.0041590100072146519 0.0018611763484613943 -0.0013123421632056345 -0.0021885854166889397 -0.00031698161690551716 -0.030123458024625533 0.00019772372898213832 0.00026071714735496774 -0.013515218930875719 -0.0020006432993905669 -0.012200720737638861 -0.005348996342585394 0.001589923457888405 -0.0095412943513874197 -0.0037679623574655569 -0.0034732390983409234 -0.0019362976157796981 -0.0075435414829687717 -0.0045470691215011225 -0.0098252551026895268 -0.0026059193721394984 -0.01518621392160837 -0.006605530054948361 -0.0066463848995341685 -0.0020183687625520133 0.0013081146358336205 -0.0058213873902783139 0.0010417341153691315 0.0029679133697993218 -0.0016321906514684327 -0.0069714127124383502 -0.014780060868329697 -0.0018705357146978547 0.00014387380177427467 0.00019650410435620154 -0.0050917645901008106 -0.0019607490040570675 -0.0057408833889599619 -0.0032702103229132686 -0.0017676673840381386 0.0015336750980931768 -0.0030521333402843014 0.0020212912258050684 0.00027181641471810244 -0.0014685151981469384 -0.0066923179389674677 -0.0052878298246597797 -0.005655795848073162 0.001838786381843869 -0.0075285895661206933
leaf_weight=48 330 1118 8707 154 353 159 136 143 3159 222 46946 150 255 5963 50 110 78 5144 180 40 252 563 840 49 1254 1707 701 79 270 765 140 709 73 546 394 48 236 213 233 735 2525 259 353 138 419 257 303 267 327 354 358 86 48 99 1014 58 158 86 321 127 1574 166
leaf_count=48 330 1118 8707 154 353 159 136 143 3159 222 46946 150 255 5963 50 110 78 5144 180 40 252 563 840 49 1254 1707 701 79 270 765 140 709 73 546 394 48 236 213 233 735 2525 259 353 138 419 257 303 267 327 354 358 86 48 99 1014 58 158 86 321 127 1574 166
internal_value=0.000555851 -0.0147848 0.00422052 4.15296e-05 -0.0183043 -0.00751367 -0.00806195 -0.00577626 0.00130093 -0.0200315 0.00523485 0.00375091 -0.00218492 0.00186253 -0.0154951 -0.01217 -0.00228346 -0.0217106 -0.00111732 -0.0151098 -0.0104157 0.00288608 -0.0174763 -0.0090897 0.000999276 -0.0166261 -0.0177011 -0.015253 -0.00971197 -0.0220518 -0.0105 -0.0136706 -0.0119135 -0.01848 -0.00580738 -0.00892913 -0.00621379 0.000824791 -0.0123811 0.000768539 0.00477361 -0.0107453 -0.0142129 -0.00911146 -0.00739474 -0.00551309 -0.00334444 -0.00704744 -0.00972074 -0.00594574 -0.0037987 -0.00645378 -0.00864108 -0.0125638 0.00139556 -0.00258929 -0.00909184 -0.0161625 -0.00885083 -0.00677419 0.00197441 -0.00159474
internal_weight=92549 17845 74704 14591 11712 2084 6133 4692 12507 9137 60113 13167 1935 11638 1441 2575 2285 6116 2002 1311 586 8479 950 2407 1380 3021 2408 331 492 5909 283 1195 207 949 622 126 869 2516 613 889 11232 1644 403 1264 911 763 539 526 486 773 615 356 442 148 1349 335 391 159 361 185 1953 379
internal_count=92549 17845 74704 14591 11712 2084 6133 4692 12507 9137 60113 13167 1935 11638 1441 2575 2285 6116 2002 1311 586 8479 950 2407 1380 3021 2408 331 492 5909 283 1195 207 949 622 126 869 2516 613 889 11232 1644 403 1264 911 763 539 526 486 773 615 356 442 148 1349 335 391 159 361 185 1953 379
is_linear=0
shrinkage=0.03


Tree=8
num_leaves=63
num_cat=0
split_feature=9 10 9 20 10 9 20 21 9 21 20 10 20 15 20 10 16 17 15 4 7 15 4 15 6 20 22 19 8 14 15 9 7 21 17 7 6 17 21 25 8 7 16 27 27 14 22 22 15 10 14 25 17 7 10 17 20 7 17 15 18 26
split_gain=5457.75 416.543 392.234 120.667 108.672 80.9911 44.89 49.9376 34.9214 30.8549 26.4056 25.3617 24.8092 22.4117 20.2506 19.9695 18.1717 17.7242 14.0541 15.0481 13.3418 12.9203 12.4056 12.1308 11.3014 10.5553 10.111 11.4247 9.852 9.16678 8.99968 8.8531 9.20721 8.83411 8.60009 8.55167 8.50628 8.40469 8.39702 8.33157 8.64158 8.05052 9.12983 7.84879 9.36511 9.01025 7.78924 13.1314 11.11 7.73937 7.29373 8.64697 7.692 7.2773 7.22354 7.19815 7.06187 7.02923 7.00162 6.97371 9.70812 6.87774
threshold=2528.9750000000004 2214.1050000000005 3000.7850000000003 -17799.449999999997 2710.3250000000003 2767.2650000000003 -3784.3499999999999 4932.2700000000013 2220.0700000000002 4007.7983333333336 -14840.099999999997 3330.5250000000005 -16347.049999999997 5291.1440625000005 -11961.399999999998 1722.6350000000002 6258.8050000000012 2029.4000000000003 7426.5256250000011 1.0000000180025095e-35 0.13398903995667991 5291.1440625000005 1.0000000180025095e-35 3296.3787500000003 -0.68322629814330815 -12126.649999999998 5754.691605902779 33184.750000000007 0.063390085881955341 2797.0758311598943 6340.3143750000008 2360.4250000000006 -0.96689237009891416 5529.0816666666678 2097.6900000000005 0.048362692321690152 -0.81241147629688992 999.98000000000013 3122.1933333333341 17.73 0.93469109537144635 -0.99275805973510278 11891.455000000002 0.13499999999999981 -0.66999999999999893 1502.4913160651338 6242.4950173611114 6578.6732403273827 5872.4494270833338 2116.4100000000003 2422.8618518063972 19.390000000000004 2000.3000000000002 0.13398903995667991 2165.1550000000002 615.69500000000016 -9623.1499999999978 -0.67166439702596292 1499.8150000000003 5975.946979166667 10386.550000000001 6.1350000000000007
decision_type=2 2 2 2 2 2 2 2 2 2 2 2 2 2 2 2 2 2 2 2 2 2 2 2 2 2 2 2 2 2 2 2 2 2 2 2 2 2 2 8 2 2 2 8 10 2 2 2 2 2 2 8 2 2 2 2 2 2 2 2 2 10
left_child=1 3 5 8 10 12 7 22 15 25 37 26 54 -9 21 38 57 20 19 30 55 -11 -4 -12 28 -7 27 56 -24 -22 46 32 -25 -14 -35 -34 -17 -3 -1 40 -39 42 -16 44 -41 -45 53 48 -48 -19 51 -38 -53 59 -2 -18 -6 -5 -28 60 -15 -47
right_child=2 4 6 16 11 9 -8 13 -10 14 23 -13 33 18 41 36 17 49 -20 -21 29 -23 24 31 -26 -27 58 -29 -30 -31 -32 -33 35 34 -36 -37 50 39 -40 43 -42 -43 -44 45 -46 61 47 -49 -50 -51 -52 52 -54 -55 -56 -57 -58 -59 -60 -61 -62 -63
leaf_value=-0.0024612247017375215 -0.0049351527735664279 -0.0061739921808701631 0.0035092256940375123 0.001227934813738666 -0.0044237814899387821 0.00025357737369174563 0.0077207142602898973 0.0023607975154252793 -0.0060385445739597685 -0.0015540963647458033 -0.0013698107514254541 0.00035688096824870865 -0.00074901920405451251 -0.0070072442938956068 -0.0016177607241694486 -0.013501070183866547 -0.0022916481990363662 -0.0024681105812750914 -0.019485453150677238 -0.013455932975994621 -0.0019751629176984822 -0.0074019411664463112 0.0024078942850193383 -0.00088037111471262212 0.0020483269618759336 0.0016813003618050746 -0.0040480655110689233 -0.0056925483369054952 -0.011042217667628957 -0.0089625205960815087 0.0032618477770432006 -0.0025833641830076632 -0.012544934343314974 -0.0057867087862319691 -0.0085245772895500768 -0.0057127271473592194 -0.0059691124856127327 -0.0063083502194858122 -0.036996722143082993 -0.0077220170896053842 -0.0015092566440571724 0.0006066947293057155 -0.0069578349835227099 -0.0027934578018119715 -0.0039265323809487803 -0.0043331299953014409 -0.0056281047663993356 0.0023542055237936819 -0.013148857114558465 -0.0045663517119974677 -0.01070419629709477 -0.0044834704042012539 -0.003657825353608981 0.0037468197837493577 -0.0018296579668076931 -0.012423207528766304 -0.00029515888431790998 -0.0036410148975690782 -0.0094579429443784144 0.0033300096208380876 0.00093506064758996162 -0.0079368146557323334
leaf_weight=42 147 579 12020 87 1558 1392 44559 2437 672 814 267 605 3663 341 117 2040 47 252 62 101 153 173 95 52 429 4257 90 96 100 237 284 429 199 325 114 120 585 526 3882 59 159 2502 42 227 274 1421 45 56 62 112 531 131 47 256 658 777 263 172 131 110 108 203
leaf_count=42 147 579 12020 87 1558 1392 44559 2437 672 814 267 605 3663 341 117 2040 47 252 62 101 153 173 95 52 429 4257 90 96 100 237 284 429 199 325 114 120 585 526 3882 59 159 2502 42 227 274 1421 45 56 62 112 531 131 47 256 658 777 263 172 131 110 108 203
internal_value=0.000650674 -0.0146881 0.00412029 -0.0187334 -0.0092426 -0.000370011 0.00516474 0.00382783 -0.0203392 0.00127576 -0.0121036 -0.00453061 -0.00348778 0.000841833 -0.00087476 -0.0209467 -0.0117943 -0.0130032 -0.00214586 -0.0015044 -0.0147457 -0.00454251 0.00473974 -0.00796629 0.0006144 0.00266442 -0.00606452 -0.00535871 -0.00535714 -0.0101279 -0.000608076 -0.00981273 -0.0132097 -0.00254155 -0.00655909 -0.0151125 -0.0192162 -0.0133813 -0.0224117 -0.0140509 -0.0169679 0.000486852 -0.0060375 -0.0131286 -0.00883832 -0.0138952 -0.00197344 -0.00793902 -0.0140556 -0.00716712 -0.0172633 -0.0153298 -0.00945251 -0.000772059 -0.00830025 -0.0169164 -0.00482108 -0.00440769 -0.0121351 -0.00268929 -0.00434667 -0.0146806
internal_weight=92294 17025 75269 9767 7258 14204 61065 16506 7930 9297 4515 2743 4907 3862 3648 7258 1837 1578 1425 1363 1214 987 12644 1067 624 5649 2138 1917 195 390 1262 800 371 4102 439 319 3334 3448 3924 2869 685 2661 159 2184 333 1851 978 163 107 364 1294 763 178 815 805 824 1821 259 221 559 449 1624
internal_count=92294 17025 75269 9767 7258 14204 61065 16506 7930 9297 4515 2743 4907 3862 3648 7258 1837 1578 1425 1363 1214 987 12644 1067 624 5649 2138 1917 195 390 1262 800 371 4102 439 319 3334 3448 3924 2869 685 2661 159 2184 333 1851 978 163 107 364 1294 763 178 815 805 824 1821 259 221 559 449 1624
is_linear=0
shrinkage=0.03


Tree=9
num_leaves=63
num_cat=0
split_feature=9 10 9 1 0 1 9 10 9 9 1 21 6 19 0 1 19 20 20 1 20 4 1 0 21 12 15 20 21 4 9 19 10 5 20 21 27 2 16 15 8 7 16 9 17 20 7 16 6 18 23 7 10 24 1 23 21 15 4 12 4 21
split_gain=5091.84 427.925 383.701 151.189 112 111.137 104.281 77.1287 60.8609 38.7245 77.8488 47.3376 38.658 31.6395 28.7928 27.2722 28.9217 23.1868 22.6468 22.151 19.4294 18.1109 17.4594 16.9942 16.8517 16.6151 16.341 15.7785 15.3445 19.368 14.7089 14.0699 13.1219 13.035 12.745 12.5412 12.4805 11.719 11.341 12.6068 11.0472 10.9032 10.8592 10.7899 10.5301 10.2394 10.1646 9.45132 9.19509 9.05731 8.98409 11.4111 8.91036 8.77625 25.517 8.71489 8.37992 8.25565 8.17707 8.10924 8.05527 10.0569
threshold=2528.9750000000004 2214.1050000000005 3030.2150000000006 5.5000000000000009 26.500000000000004 4.5000000000000009 2000.8850000000004 2752.8750000000005 2767.2650000000003 3549.6750000000006 5.5000000000000009 4932.2700000000013 -0.44228869021900119 21727.850000000002 30.500000000000004 1.0000000180025095e-35 23579.800000000007 -16922.499999999996 -14840.099999999997 5.5000000000000009 -17501.449999999993 1.0000000180025095e-35 1.5000000000000002 19.500000000000004 2694.2246153846158 4730.0103645833342 2516.3329687500004 -33831.249999999993 4386.4916666666677 1.0000000180025095e-35 2822.8850000000007 18345.850000000002 2610.9000000000001 -0.52778511650980109 -21774.299999999996 3523.9233333333336 -0.10999999999999942 7.5000000000000009 4129.4000000000005 2844.7857812500001 0.9980355542543059 -0.68430824382591193 8999.1150000000016 2380.7150000000006 2277.6600000000003 -15312.349999999999 -0.25205528343633254 9999.8600000000024 -0.81241147629688992 11470.100000000002 13.606250000000003 0.13398903995667991 2064.7450000000003 17.300000000000004 5.5000000000000009 8.4312500000000021 5998.546666666668 4380.9532291666683 1.0000000180025095e-35 5481.4526562500005 1.0000000180025095e-35 3329.2000000000007
decision_type=2 2 2 2 2 2 2 2 2 2 2 2 2 2 2 2 2 2 2 2 2 2 2 2 2 2 2 2 2 2 2 2 2 2 2 2 10 2 2 2 2 2 2 2 2 2 2 2 2 2 2 2 2 2 2 2 2 2 2 2 2 2
left_child=1 6 3 8 40 7 15 18 20 10 21 35 19 42 -13 16 46 -10 33 -7 47 -4 23 -9 -17 41 -15 -18 -19 -30 -6 -24 -23 -3 -26 -12 -37 -31 39 -25 -5 -16 -8 -28 -35 -14 -1 -2 -27 -29 51 -20 -45 -11 -55 -22 -32 -52 -40 -56 -57 -62
right_child=2 5 9 4 30 12 13 22 17 53 11 14 45 26 25 24 27 28 50 -21 55 32 31 38 34 48 43 49 29 37 56 -33 -34 44 -36 36 -38 -39 58 -41 -42 -43 -44 52 -46 -47 -48 -49 -50 -51 57 -53 -54 54 59 60 -58 -59 -60 -61 61 -63
leaf_value=-0.017101690232310455 -3.3307115469925754e-05 -0.0043029743606934952 0.0037101845186079973 0.00055664847944705755 -0.0089671899116790157 -0.0062809163638871436 0.00015574517790754251 -0.0028473556733498231 -0.0024300245395732375 0.0086826378310812472 0.0022157128912763317 0.0030849110134083752 -0.0020694973057029296 0.00053921544610101583 -0.010376103497829447 -0.0040949555513902841 -0.021370092906488187 0.0017734692818143554 -0.0045467752136365827 -0.017639062363941634 -0.00082633965878653904 -0.0085924479823486222 4.4433652980986339e-05 4.0494186828367896e-05 -0.034890604475232283 -0.012743768618947703 -0.0055728225059247282 -0.0076422090121596306 0.0012202148731870741 0.0012718334845338041 -0.0051441771656983879 -0.0058296460534016346 0.0013113366948307315 -0.0038033623285501123 -0.01349430926435537 0.00036415574417279404 -0.0047601141722888232 -0.010739157253417043 0.0017767387901348999 -0.0061600900652645152 -0.0019692429858745521 0.00024385238435007157 -0.0050057010366217859 -0.0059311194893434281 -0.00036061738276337512 -0.0019061106067823916 0.0019649968794676906 -0.0032486002459530959 -0.0064401955041239484 -0.001925039019706664 -0.00084706492939220807 0.00055822405186655279 -0.0036794468324951256 0.008862035127924401 -0.00096344996673338986 -0.00021424799959294071 -0.011692728589217665 -0.005321444882940559 -0.013982107586532981 -0.012755673139365369 0.00017007524515037412 -0.0066327824256479937
leaf_weight=52 112 411 14811 842 539 480 156 121 341 41602 916 138 397 61 54 172 527 5953 148 606 172 51 224 70 4283 155 1785 608 2433 44 637 453 675 2057 1104 851 142 91 1126 45 45 143 327 346 169 221 83 340 170 82 484 45 157 310 51 3503 70 158 63 64 60 119
leaf_count=52 112 411 14811 842 539 480 156 121 341 41602 916 138 397 61 54 172 527 5953 148 606 172 51 224 70 4283 155 1785 608 2433 44 637 453 675 2057 1104 851 142 91 1126 45 45 143 327 346 169 221 83 340 170 82 484 45 157 310 51 3503 70 158 63 64 60 119
internal_value=0.0007781 -0.0140427 0.00412241 -0.0001192 -0.00752671 -0.00853716 -0.0181539 -0.00648538 0.00108118 0.00520168 0.00404131 -0.000796109 -0.0152411 -0.0132962 -0.00771558 -0.0201424 -0.0162882 0.00250276 -0.00923064 -0.0186513 -0.00184444 0.00484116 -0.00194864 -6.31136e-05 -0.0210766 -0.0109331 -0.0147345 -0.0177488 0.0028099 0.000871156 -0.0133232 -0.0059115 0.00021458 -0.0105944 -0.0213731 0.00159895 -0.000736419 -0.0101471 0.000937931 -0.00801724 0.000621622 -0.0040303 -0.00628512 -0.0151429 -0.0115016 -0.00922779 -0.00308824 -0.00772185 -0.015092 -0.0147178 -0.00491627 -0.0105773 -0.0112143 0.00570148 0.00140845 -0.00115331 -0.0104492 -0.00320062 0.00181008 -0.0106034 -0.000843877 -0.00703333
internal_weight=92455 17021 75434 15301 2133 7278 9743 5574 13168 60133 18106 2569 1704 2832 660 6911 1352 8862 3472 1086 4306 15537 2102 1425 5559 522 2349 1217 8521 2568 1246 677 726 2637 5387 1909 993 135 1304 115 887 197 483 2288 2226 618 135 452 325 690 835 193 503 42027 425 3854 707 642 1189 115 3682 179
internal_count=92455 17021 75434 15301 2133 7278 9743 5574 13168 60133 18106 2569 1704 2832 660 6911 1352 8862 3472 1086 4306 15537 2102 1425 5559 522 2349 1217 8521 2568 1246 677 726 2637 5387 1909 993 135 1304 115 887 197 483 2288 2226 618 135 452 325 690 835 193 503 42027 425 3854 707 642 1189 115 3682 179
is_linear=0
shrinkage=0.03


Tree=10
num_leaves=63
num_cat=0
split_feature=20 20 10 1 6 10 20 1 11 10 6 1 1 20 12 22 21 18 25 15 20 1 23 8 18 1 20 16 12 22 20 16 22 20 12 1 26 27 25 6 8 10 22 21 8 22 27 27 25 25 26 25 0 26 26 0 20 11 22 21 11 15
split_gain=4597.95 468.367 411.313 180.471 106.176 79.7645 73.0184 69.3059 55.4944 45.7355 42.133 40.417 36.8073 31.5349 27.8156 24.9994 24.9195 24.2671 21.2543 25.7273 20.0991 19.8376 26.3423 19.1328 18.3398 18.3229 17.913 17.6625 17.2035 16.9804 16.2416 15.1433 15.0722 14.6265 13.682 17.6294 13.5756 13.8654 13.3536 12.6722 12.5119 15.5993 12.3116 12.2783 12.0977 12.025 11.8688 10.8029 11.8439 14.1098 10.5444 10.532 11.8367 10.3634 10.4778 10.2837 9.99349 9.88388 9.64363 13.4953 9.62338 12.1056
threshold=-14607.049999999997 -7509.0499999999993 2260.3150000000005 5.5000000000000009 -0.19509032201612839 2710.3250000000003 -31191.699999999993 5.5000000000000009 2750.3150000000005 2710.3250000000003 0.13052619222005152 5.5000000000000009 5.5000000000000009 -17799.449999999997 5225.7461979166683 4830.9618340773823 5297.4666666666672 5929.9000000000005 17.860000000000003 2516.3329687500004 -2728.8499999999999 5.5000000000000009 29.606250000000006 0.89691351184655443 8160.0500000000011 1.0000000180025095e-35 -12853.249999999998 4264.2900000000009 2801.8181919642861 5123.3282279265886 -19033.149999999998 4129.4000000000005 3144.3091542658731 -11789.249999999998 3691.6897544642866 4.5000000000000009 4.9850000000000003 -0.67499999999999971 16.115000000000006 -0.63405362205439475 -0.96687281075841669 1799.2250000000001 4903.1721719990092 4820.1883333333344 -0.6391983530350368 6182.1379675099215 0.21499999999999989 -0.015000000000000567 18.000000000000004 18.835000000000004 9.2800000000000029 16.675000000000004 29.500000000000004 5.1300000000000008 6.5950000000000015 15.500000000000002 -10299.65 2907.7250000000004 3252.096610863096 5297.4666666666672 2600.5500000000006 3882.2655729166668
decision_type=2 2 2 2 2 2 2 2 2 2 2 2 2 2 2 2 2 2 10 2 2 2 2 2 2 2 2 2 2 2 2 2 2 2 2 2 8 8 10 2 2 2 2 2 2 2 8 8 8 8 10 8 2 10 10 2 2 2 2 2 2 2
left_child=2 3 6 5 16 14 -1 9 11 36 -9 -3 13 18 17 31 33 23 19 27 21 -10 -23 42 -13 55 -19 -8 -14 44 -27 32 -7 -5 35 -20 -4 -38 -12 56 -16 -42 -2 -28 -21 -32 -6 -39 53 -50 57 52 -41 -49 -55 -11 -17 -46 -43 -60 61 -51
right_child=1 8 7 4 46 15 12 10 20 25 38 24 28 -15 40 39 -18 26 34 29 -22 22 -24 -25 -26 30 43 -29 -30 -31 45 -33 -34 -35 -36 -37 37 47 -40 51 41 58 -44 -45 50 -47 -48 48 49 60 -52 -53 -54 54 -56 -57 -58 -59 59 -61 -62 -63
leaf_value=-0.040329213722416511 0.0011055545066047516 0.0026600909377641722 -0.0036693139382546172 -0.0063883822511670843 -0.0031402652754614693 0.002132297098476225 -0.032608177859405209 -0.016169306769083291 0.0036984531191285941 -0.0022911147884402544 2.0958766701602015e-05 -0.011231565731718093 -0.0023938783843251415 -0.0047399769550591072 -0.00059076956316789881 -0.0064335300146935647 -0.014821376741638909 -0.0016426478105381432 -0.0021902238517117908 -0.0051509394306900316 0.0082499250931008777 0.0021729976484949386 -0.0047674656601678217 -0.0046461039710500168 -0.0011207663443261117 -0.0053674662651731157 0.00078178761648067373 -0.0025929351968732115 -0.041023609315135788 -0.020444468231250838 -0.00095692886428293093 0.0017423926240348548 -0.0059395979651931264 -0.0050353423293259553 -0.0065129746502790341 -0.0073395835462097322 -0.007705101652327526 -0.0013752831184548964 -0.0031743005066201774 -0.0035439271242543122 -0.013087757653179944 -0.0044098770006374185 -0.0076718196389593584 -0.002232974536346596 -0.0049245255141996541 -0.010991627436804083 0.00053615479284689377 -0.00019437151630667058 -0.00040797314142657586 -0.0043934703424728114 -0.00061118537737082132 0.0017530295021487593 0.0040376617351052602 -0.0030433435422884086 -0.0016676833983266099 0.0010323161338893626 0.00015756718614103111 -0.0032724145640875336 -0.00042550827615597694 -0.0078441434469159171 -0.0025143882452645359 -0.0035064628587974495
leaf_weight=2866 111 2059 125 289 173 101 98 561 15272 63 130 214 49 1042 211 625 458 906 553 156 39124 1612 361 97 839 319 1572 169 832 1270 824 6811 100 661 550 98 108 548 195 106 106 192 132 701 1835 40 768 76 359 377 49 1437 67 355 294 738 719 97 377 134 685 575
leaf_count=2866 111 2059 125 289 173 101 98 561 15272 63 130 214 49 1042 211 625 458 906 553 156 39124 1612 361 97 839 319 1572 169 832 1270 824 6811 100 661 550 98 108 548 195 106 106 192 132 701 1835 40 768 76 359 377 49 1437 67 355 294 738 719 97 377 134 685 575
internal_value=0.000848049 0.00391585 -0.0137547 -0.000498724 -0.00821106 0.000750724 -0.0176561 -0.00783587 0.00516671 -0.00657627 -0.0156189 0.0012663 -0.0159571 -0.0150994 -0.00254537 0.00225203 -0.0134223 -0.00128011 -0.0161136 -0.0172506 0.00538201 0.00452801 0.00169605 -0.00888563 -0.00351233 -0.00293501 -0.000464151 -0.00823881 -0.0216939 -0.0179542 -0.00530574 0.00322715 -0.00487129 -0.0106309 -0.012624 -0.00965337 -0.00863774 -0.00827353 -0.00699387 -6.29442e-05 -0.006905 -0.0086 -0.00435246 0.000957784 -0.0162993 -0.00316301 -0.000407643 -0.00791927 -0.00869361 -0.00749324 -0.0169344 0.00173184 -0.00524138 -0.0119835 -0.0132092 0.000568579 -0.00221264 -0.017283 -0.00696307 -0.00479297 -0.00867399 -0.0106275
internal_weight=92371 76335 16036 16854 2349 14505 9664 6372 59481 5486 886 3112 6798 5917 4539 9966 1408 3519 4875 3674 56369 17245 1973 340 1053 1984 3179 267 881 3407 1183 7012 201 950 1201 651 3502 3377 325 2954 1020 809 243 2273 2137 864 941 3269 2721 1996 1981 1610 173 725 649 801 1344 1932 703 511 1637 952
internal_count=92371 76335 16036 16854 2349 14505 9664 6372 59481 5486 886 3112 6798 5917 4539 9966 1408 3519 4875 3674 56369 17245 1973 340 1053 1984 3179 267 881 3407 1183 7012 201 950 1201 651 3502 3377 325 2954 1020 809 243 2273 2137 864 941 3269 2721 1996 1981 1610 173 725 649 801 1344 1932 703 511 1637 952
is_linear=0
shrinkage=0.03


Tree=11
num_leaves=63
num_cat=0
split_feature=9 9 11 10 1 0 11 9 1 20 9 1 1 9 9 1 1 9 1 6 6 10 0 21 7 20 22 8 23 19 21 16 11 9 10 19 8 7 12 7 10 15 1 12 21 11 13 19 10 25 12 7 22 26 12 23 9 16 0 8 7 22
split_gain=4496.14 368.761 352.78 121.001 120.918 96.0075 70.8563 68.0601 67.1068 57.6232 48.1529 31.5705 31.3857 29.794 28.5042 27.0797 26.1711 24.5566 33.5624 25.7845 20.9518 20.8624 20.7148 19.8043 19.2902 17.5879 15.3584 14.9252 16.1674 14.8189 14.4535 14.4355 14.2674 13.8742 13.5742 12.7753 12.5324 12.3759 11.7535 11.7203 11.0267 10.9179 10.6628 10.5642 10.4715 10.4018 10.2402 10.2083 9.99571 9.63346 9.62597 10.3459 9.53934 9.30377 9.35754 8.36465 8.07997 8.09508 7.76429 7.70613 7.60422 14.0565
threshold=2528.9750000000004 3017.1350000000007 2229.4050000000002 2710.3250000000003 5.5000000000000009 27.500000000000004 2461.7450000000003 1690.4050000000002 5.5000000000000009 -15816.249999999996 2220.0700000000002 5.5000000000000009 1.0000000180025095e-35 2300.2450000000003 2800.7550000000006 1.0000000180025095e-35 1.0000000180025095e-35 3469.5800000000004 5.5000000000000009 0.13052619222005152 -0.44228869021900119 1807.9900000000002 56.500000000000007 4067.7416666666672 -0.50556189049999822 -15816.249999999996 5408.8527132936515 -0.20180761162458913 18.456250000000008 22505.350000000002 4320.3833333333341 4129.4000000000005 2381.7150000000006 3210.2800000000002 2165.1550000000002 19235.100000000002 0.9980355542543059 -0.99940763397299126 4730.0103645833342 -0.68430824382591193 2499.2550000000006 5646.5696354166676 1.0000000180025095e-35 4105.5833333333348 2369.6133333333337 3549.8550000000005 6500.5900000000011 23815.800000000007 1807.9900000000002 17.575000000000003 4526.2688392857153 0.52033990680116082 4795.835047123016 10.075000000000001 3652.528757440477 8.4312500000000021 999.58000000000015 4999.5650000000014 59.500000000000007 -0.99465740988130902 0.36648264796514479 3599.19876191499
decision_type=2 2 2 2 2 2 2 2 2 2 2 2 2 2 2 2 2 2 2 2 2 2 2 2 2 2 2 2 2 2 2 2 2 2 2 2 2 2 2 2 2 2 2 2 2 2 2 2 2 8 2 2 2 8 2 2 2 2 2 2 2 2
left_child=2 4 7 10 9 36 11 16 13 34 15 -3 31 22 55 25 21 18 52 23 -10 56 24 -20 40 27 33 48 -29 -12 -16 -5 -7 -13 -2 -14 -6 -33 -28 -32 -9 -26 -24 -17 -39 -45 -31 -15 -4 -36 51 60 -8 -34 -55 -11 -1 -58 -50 -46 -48 -62
right_child=1 6 3 12 5 32 17 8 20 14 29 26 35 47 30 43 -18 -19 19 -21 -22 -23 42 -25 41 -27 38 28 -30 46 39 37 53 -35 49 -37 -38 44 -40 -41 -42 -43 -44 45 59 -47 50 -49 58 -51 -52 -53 -54 54 -56 -57 57 -59 -60 -61 61 -63
leaf_value=-0.021489014503462495 -0.0040897892168037589 0.0026469207507804717 -0.023975952602524265 -0.0057666971981542399 0.0005297707718138955 -0.0083903282750436466 0.0033082732971731789 -0.0069420906164690934 -0.021840202798221915 -0.0010126214007288555 -0.0027552728220922866 -0.0052366454384521078 -0.002005306948564644 -0.00084807470917867194 0.0018139270819335475 -0.0046783529721435247 -0.040832303690742533 0.0075539678365860218 0.00060885105346216155 0.0023942676552761305 -0.0020421196493883987 -0.006281665933621546 0.0001538105224405939 -0.0053742966864097665 -0.0039786164442362033 -0.00017854023262245719 -0.0016255792722439529 -0.0051881818910235909 -0.00077815967897971181 -0.0061865572230217492 -0.0013762347761842205 -0.013192122294355242 -0.0064609169830296791 0.00016857378990654102 -0.0016692356230953909 -0.0057909113603562172 -0.0018555095967385923 -0.0036068906567904933 -0.012568853112252591 0.0015878604111954737 -0.0045243382783607443 -0.0076088987036222154 -0.0046670892714705745 -0.011145251761834602 -0.012324114054246342 -0.0068913713656108908 -0.0019250084259965594 -0.0040273129199705588 -0.0061692623597428961 -0.0002971743480236638 -0.0056816364980028216 -0.000586047717134452 0.0027185840193259423 0.00014430351162074125 -0.0055289335238378713 5.4980206579611154e-07 -0.014313806091611009 -0.0025336502681999741 -0.0023978569169762136 0.0017537474186655898 -0.0005378776589739509 -0.0029138375724024799
leaf_weight=422 230 1103 125 83 850 621 7942 1095 1017 184 648 146 449 184 4995 1212 2582 45117 386 761 121 318 93 432 1376 186 79 86 262 50 747 44 100 461 444 640 44 49 133 1469 76 171 426 1158 40 144 1261 688 186 655 254 246 3816 101 375 4131 69 63 60 1048 92 137
leaf_count=422 230 1103 125 83 850 621 7942 1095 1017 184 648 146 449 184 4995 1212 2582 45117 386 761 121 318 93 432 1376 186 79 86 262 50 747 44 100 461 444 640 44 49 133 1469 76 171 426 1158 40 144 1261 688 186 655 254 246 3816 101 375 4131 69 63 60 1048 92 137
internal_value=0.000941547 0.00409891 -0.012916 -0.00855218 -0.000120024 -0.0068088 0.00514328 -0.0171574 -0.0149977 0.000968419 -0.010779 -0.000524181 -0.0027706 -0.0132058 0.00165056 -0.0131421 -0.020433 0.00532964 0.00419793 9.11392e-05 -0.0214504 -0.0158969 -0.014533 -0.0036044 -0.0155837 -0.0086755 -0.00498293 -0.0108 -0.00630946 -0.00776943 0.00280449 0.00044585 -0.0123606 -0.00254605 -0.00494436 -0.00650092 0.000630168 0.00129949 -0.0119155 0.000787551 -0.0185017 -0.0133643 -0.00901154 -0.0147459 0.00190861 -0.016637 -0.00902499 -0.00826804 -0.0149839 -0.00355091 -0.00867906 -0.00787219 0.00474938 -0.00893241 -0.00715723 -0.000278035 -0.0194162 -0.0127669 -0.0113927 0.00252342 -0.00881288 -0.0138522
internal_weight=92483 75322 17161 8460 14946 2091 60376 8701 5247 12855 6107 1922 2353 4109 11526 3419 3454 58454 13337 1579 1138 872 3237 818 2718 905 819 719 348 2688 7211 1264 1197 607 1329 1089 894 1181 212 2216 1171 1547 519 2514 1137 1302 2040 872 371 1099 1990 1736 11758 576 476 4315 554 132 246 1088 1490 229
internal_count=92483 75322 17161 8460 14946 2091 60376 8701 5247 12855 6107 1922 2353 4109 11526 3419 3454 58454 13337 1579 1138 872 3237 818 2718 905 819 719 348 2688 7211 1264 1197 607 1329 1089 894 1181 212 2216 1171 1547 519 2514 1137 1302 2040 872 371 1099 1990 1736 11758 576 476 4315 554 132 246 1088 1490 229
is_linear=0
shrinkage=0.03


Tree=12
num_leaves=63
num_cat=0
split_feature=9 11 11 10 9 9 3 9 3 10 0 9 3 10 19 14 4 9 22 4 20 23 11 3 0 11 23 27 9 12 9 25 17 20 12 23 20 4 17 8 22 8 12 17 25 11 14 17 22 15 8 8 14 3 19 17 18 17 8 25 16 16
split_gain=4262.25 450.82 233.069 128.955 86.0365 83.6362 82.931 82.4094 46.1344 49.8354 39.9539 41.6616 36.5832 29.9148 26.8923 25.8558 22.6642 19.0393 18.7487 18.5981 18.2399 17.1026 16.955 16.9022 23.3519 16.3352 16.2379 15.4114 14.8212 14.3081 14.2676 14.2019 14.9154 13.837 13.8129 13.6075 13.1007 13.037 12.7987 12.2386 10.9052 14.2124 10.7117 10.3006 10.1904 10.1534 10.1122 10.002 9.85804 9.7742 9.64958 9.4979 9.14085 10.6206 12.14 11.7403 10.5555 9.12163 9.08028 13.1575 12.315 12.8333
threshold=2689.6300000000006 2208.9800000000005 2700.8350000000005 2700.5750000000003 3120.1450000000004 2270.8100000000009 1.0000000180025095e-35 2076.9150000000004 1.0000000180025095e-35 1196.7950000000003 31.500000000000004 3282.1600000000003 1.0000000180025095e-35 2350.1800000000007 22697.600000000002 2694.0782743313821 1.0000000180025095e-35 1600.6650000000002 5474.1066542658737 1.0000000180025095e-35 -18424.799999999996 26.306250000000006 1897.1700000000003 1.0000000180025095e-35 19.500000000000004 3396.9400000000001 21.631250000000005 -0.79000000000000081 3569.8650000000002 2801.8181919642861 2800.7550000000006 18.000000000000004 199.87500000000003 -14840.099999999997 4343.59824404762 30.681250000000006 -40216.649999999987 1.0000000180025095e-35 1325.5050000000003 0.48126256173783166 4915.0896734457674 -0.45273527932988084 4578.1155431547631 1999.5450000000003 17.73 2814.6350000000007 2631.9266249908928 1765.1300000000003 4795.835047123016 6212.9392187500016 0.99024581825578073 0.98770287048522643 1543.6915791285512 1.0000000180025095e-35 41659.500000000007 1470.9050000000004 6157.8500000000013 1692.6000000000001 0.46611290379786346 18.025000000000002 4999.5650000000014 6000.9350000000004
decision_type=2 2 2 2 2 2 2 2 2 2 2 2 2 2 2 2 2 2 2 2 2 2 2 2 2 2 2 8 2 2 2 8 2 2 2 2 2 2 2 2 2 2 2 2 8 2 2 2 2 2 2 2 2 2 2 2 2 2 2 10 2 2
left_child=1 7 6 5 16 15 20 8 9 17 -8 22 14 36 -9 26 27 -1 -13 23 -2 -18 -12 24 44 43 -3 -4 37 -14 -29 32 -7 39 47 45 -11 48 -16 52 -22 -42 -33 -17 -5 -25 58 -24 -6 -36 57 -34 -28 54 55 -54 -57 -40 60 -60 -38 -62
right_child=2 3 4 19 28 31 10 12 -10 13 11 18 29 -15 38 25 21 -19 -20 -21 40 -23 34 35 -26 -27 33 30 -30 -31 -32 42 51 -35 49 -37 46 -39 50 -41 41 -43 -44 -45 -46 -47 -48 -49 -50 -51 -52 -53 53 -55 -56 56 -58 -59 59 -61 61 -63
leaf_value=-0.03802704491135156 -0.0025635411721036719 -0.0036983066991282598 -0.0048629829672336249 -0.0027691520607509559 0.0036466604902243671 0.00033461622842218181 0.0012652312102459566 -8.5102762482357661e-05 -0.042741566040924675 -0.018156404425738817 -0.0089606631122050844 0.00052129981419342831 -0.00029030914494620899 -0.0052083244667232229 -0.0016012024353881629 -0.014084533232900681 0.0012355181744757157 -0.0087729254999742348 -0.011551296049525881 -0.013575887647998126 0.0016028556528445476 -0.0064670035562466839 -0.0050920247115580214 -0.0028246369421389551 6.91347521900233e-05 -0.0076291497001724686 -0.004850644048774679 0.00028873408331736073 0.0082373026344794015 -0.0095172887517766085 0.0018607367358206292 -0.0010853245792109404 -0.0024172654602495785 -0.0015294680645845458 -0.0068550101515300558 -0.010095436257488337 -0.0067425998530345433 0.00049878927850259579 -0.005255273957288282 -0.0018829814164450659 0.0010888534635871744 -0.0017997335956902974 -0.0041227458125576485 -0.0036925423449750525 -0.0012825021982950055 2.7892398380542052e-05 -0.0085660978785485429 -0.0011305856871184072 0.0030413583099107642 0.00022975321204586255 -0.0038991826978751138 1.4123209151156521e-05 -0.001895068292732514 -0.0085553357602049102 -0.010989061927361323 -0.0089249619675474262 -0.0028532212491683175 -0.0035555921871879082 -0.0041801869128665027 -0.0022164931002009408 -0.00093708897674225076 -0.0054057454608944918
leaf_weight=1085 151 873 42 123 8798 90 558 275 1933 280 375 707 50 342 221 1176 296 319 134 160 2640 320 141 184 2386 220 107 1798 40343 1007 8909 1754 894 300 428 144 147 686 183 256 876 219 730 222 346 231 922 506 4477 52 66 76 311 87 95 84 176 925 429 121 157 532
leaf_count=1085 151 873 42 123 8798 90 558 275 1933 280 375 707 50 342 221 1176 296 319 134 160 2640 320 141 184 2386 220 107 1798 40343 1007 8909 1754 894 300 428 144 147 686 183 256 876 219 730 222 346 231 922 506 4477 52 66 76 311 87 95 84 176 925 429 121 157 532
internal_value=0.000980687 -0.011272 0.00436612 -0.00720479 0.00491311 -0.00945169 -0.000926341 -0.0162564 -0.0181522 -0.0164235 -0.00476361 -0.00648123 -0.0118944 -0.0141863 -0.00912029 -0.012479 0.00253915 -0.021079 -0.00113302 -0.00251916 0.00193877 -0.00305348 -0.00947305 -0.00204861 -0.00111345 -0.0153873 -0.0104175 0.00285991 0.00540989 -0.0162647 0.00293164 -0.00611171 -0.00901979 -0.00842202 -0.00762234 -0.00681429 -0.0152885 0.00456639 -0.0108095 -0.00995882 0.00235278 -0.000164234 -0.00486761 -0.0165847 -0.00722553 -0.00403846 -0.014531 -0.00475 0.00477478 -0.0114761 -0.0120562 -0.010103 -0.0116725 -0.0104801 -0.00916642 -0.00748951 -0.0121839 -0.0113724 -0.0128868 -0.0158984 -0.0108889 -0.00918261
internal_weight=92475 20019 72456 11025 65669 7451 6787 8994 6267 4334 2901 2343 2727 2930 1670 3907 11365 1404 841 3574 3886 616 1502 3414 2855 1618 2289 10749 54304 1057 10707 3544 1060 1416 1127 559 2588 13961 1395 1116 3735 1095 2484 1398 469 415 2308 647 13275 480 1174 970 860 753 666 571 260 1108 1386 550 836 689
internal_count=92475 20019 72456 11025 65669 7451 6787 8994 6267 4334 2901 2343 2727 2930 1670 3907 11365 1404 841 3574 3886 616 1502 3414 2855 1618 2289 10749 54304 1057 10707 3544 1060 1416 1127 559 2588 13961 1395 1116 3735 1095 2484 1398 469 415 2308 647 13275 480 1174 970 860 753 666 571 260 1108 1386 550 836 689
is_linear=0
shrinkage=0.03


Tree=13
num_leaves=63
num_cat=0
split_feature=9 9 10 1 1 6 9 10 20 20 1 21 20 1 6 9 15 14 26 8 1 8 4 26 8 19 0 1 19 25 9 0 26 17 15 25 26 15 2 15 17 21 4 15 21 17 21 10 15 17 10 10 1 2 0 19 0 26 10 1 0 7
split_gain=4010.34 349.412 275.424 109.242 101.468 81.8395 69.5112 52.7673 51.9529 49.5586 87.4031 63.2843 42.3421 42.4511 38.1112 29.474 27.6164 24.3235 20.1699 19.4673 17.7939 17.538 16.7653 16.4266 16.1584 16.1536 15.8124 15.3253 20.016 14.0223 13.7964 13.4356 13.7359 13.2734 13.7973 17.6734 13.1644 13.0536 14.1596 12.7407 14.8688 11.604 16.4164 11.4786 11.4631 11.2824 11.2694 11.2229 11.458 11.1984 11.1929 11.0731 10.8616 10.66 10.2405 10.1073 9.62242 14.099 9.59458 9.49573 9.51903 9.36916
threshold=2511.9700000000007 3000.0350000000003 2214.1050000000005 4.5000000000000009 5.5000000000000009 1.0000000180025095e-35 2149.4650000000006 2752.8750000000005 -16623.799999999999 -3703.4499999999994 5.5000000000000009 4950.6900000000014 -37708.849999999991 5.5000000000000009 -0.44228869021900119 2707.5550000000007 5628.3374479166678 2720.9004750483782 6.5050000000000008 0.88917497572200743 5.5000000000000009 0.78724360164103002 1.0000000180025095e-35 8.3950000000000014 0.97648852793709995 21377.450000000004 19.500000000000004 1.5000000000000002 25577.400000000005 15.560000000000002 2870.0650000000005 60.500000000000007 9.7900000000000009 2149.8500000000008 3611.0264062500005 18.950000000000003 5.1300000000000008 2678.6853645833339 8.5000000000000018 4777.7381770833344 2202.2750000000001 4370.0233333333344 1.0000000180025095e-35 2516.3329687500004 4288.9083333333338 2266.7650000000008 6107.8866666666681 512.20000000000016 2844.7857812500001 1999.9700000000003 2519.0450000000005 2165.1550000000002 1.5000000000000002 7.5000000000000009 59.500000000000007 32303.700000000001 27.500000000000004 5.4450000000000012 3030.0050000000006 4.5000000000000009 18.500000000000004 -0.50556189049999822
decision_type=2 2 2 2 2 2 2 2 2 2 2 2 2 2 2 2 2 2 8 2 2 2 2 8 2 2 2 2 2 10 2 2 10 2 2 10 10 2 2 2 2 2 2 2 2 2 2 2 2 2 2 2 2 2 2 2 2 10 2 2 2 2
left_child=2 4 6 7 8 30 12 18 51 10 22 56 36 17 20 -10 46 37 24 33 -5 -15 44 -7 -4 -8 39 28 -19 45 -6 32 58 34 -20 -36 -1 55 47 40 49 -17 -43 -27 -3 -16 -13 -39 -49 -21 -24 -2 -50 -44 -29 -14 -12 -58 -9 60 -45 -62
right_child=1 9 3 14 5 23 25 31 15 -11 11 16 13 21 29 41 -18 27 19 26 -22 -23 50 -25 -26 43 -28 54 -30 -31 -32 -33 -34 -35 35 -37 -38 38 -40 -41 -42 42 53 59 -46 -47 -48 48 52 -51 -52 -53 -54 -55 -56 -57 57 -59 -60 -61 61 -63
leaf_value=-0.016683769635241291 -0.0040987657224211453 0.0033303152630461486 -0.0038210504961228137 -0.0056269484635359133 -0.0081927990548267687 -0.0016844306777155655 -0.0037816725937690823 -0.0037537408990664777 -0.00046585722781525876 0.0067112948604481854 0.0027908613026627477 -0.0031087400944147434 -0.00026211968892593469 -0.052550701279345677 -0.00049409576046397852 0.0013839870080460371 -0.011853003626899247 -0.0049950435433748436 -0.001578616294826676 -0.0019121545781704125 -0.016218075830956018 -0.0018401255149933958 -0.0090954874375613649 0.00052598708386905212 0.0001000823856555666 0.0014743259855676198 -8.842370408366846e-05 -0.017673549799847119 -0.016403441240239198 -0.0032808458932762361 -0.0053108381078604671 0.001528587163751071 -0.0068016267702387719 0.0005934621661056994 -0.0055285614696884769 0.0018696314137639366 -0.043089403447937033 -0.017316799940814028 -0.0066459080348534568 -0.0026818245189670228 -0.00065637252170074707 0.00088228969171753999 0.00035465479164040301 -0.0032537675789041385 0.0028254344940022492 -0.0018024977775194983 -0.006807993229419892 -0.020286575855116274 -0.0033969046919635156 -0.0039937378863194829 0.0010325357684120729 -0.001142822981704428 -0.0042660463206456618 -0.01233695379735714 -0.0033219171897627174 -0.004878299952112277 0.00062445033632276643 -0.0041382987143251046 -4.1490750426138097e-05 -0.0070236046669978781 -0.0055357181857544832 -0.0023137443336748642
leaf_weight=145 215 9118 655 446 607 212 277 753 2823 44385 655 338 106 799 301 5742 210 224 989 62 610 110 43 711 73 52 108 1268 671 234 381 559 60 152 653 89 1331 95 1228 176 138 2284 47 257 5164 67 133 110 420 213 681 831 959 81 77 386 989 190 669 366 309 509
leaf_count=145 215 9118 655 446 607 212 277 753 2823 44385 655 338 106 799 301 5742 210 224 989 62 610 110 43 711 73 52 108 1268 671 234 381 559 60 152 653 89 1331 95 1228 176 138 2284 47 257 5164 67 133 110 420 213 681 831 959 81 77 386 989 190 669 366 309 509
internal_value=0.00111517 0.00404623 -0.0121903 -0.00765668 -0.000245856 -0.00666527 -0.0154645 -0.00556935 0.00077495 0.00501229 0.00366088 -0.00151431 -0.0166653 -0.0156108 -0.0143834 0.00138386 -0.00931672 -0.0146197 -0.00790934 -0.00666021 -0.0178184 -0.021633 0.00452829 -0.00024026 -0.012321 -0.0100791 -0.0109427 -0.0170415 -0.0139621 -0.00833831 -0.0126613 -0.00177473 -0.00326905 -0.00507006 -0.0058164 -0.00890713 -0.021262 -0.0129731 -0.013764 -0.0128746 -0.0157536 0.00229847 0.00055201 -0.0113133 0.00475404 -0.00466667 -0.00526271 -0.0118713 -0.0112188 -0.0197826 7.44828e-05 -0.00561032 -0.0104609 -0.00986047 -0.0190788 -0.00843408 0.00138638 -0.000233898 -0.00266901 -0.0118128 -0.0103717 -0.00876923
internal_weight=92546 75840 16706 7007 13934 1911 9699 5349 12023 61906 17521 2515 7929 6453 1658 10977 681 5544 3308 2580 1056 909 15006 923 728 1770 697 2240 895 602 988 2041 1482 1883 1731 742 1476 3304 2812 589 413 8154 2412 1493 14282 368 471 1584 1489 275 724 1046 1379 128 1345 492 1834 1179 1422 1441 1075 818
internal_count=92546 75840 16706 7007 13934 1911 9699 5349 12023 61906 17521 2515 7929 6453 1658 10977 681 5544 3308 2580 1056 909 15006 923 728 1770 697 2240 895 602 988 2041 1482 1883 1731 742 1476 3304 2812 589 413 8154 2412 1493 14282 368 471 1584 1489 275 724 1046 1379 128 1345 492 1834 1179 1422 1441 1075 818
is_linear=0
shrinkage=0.03


Tree=14
num_leaves=63
num_cat=0
split_feature=9 11 11 9 10 3 9 10 11 3 9 9 12 21 7 5 6 3 23 20 9 19 25 21 21 25 17 13 20 16 26 17 10 17 17 10 12 20 21 3 16 22 22 25 22 25 15 7 12 3 10 20 12 15 17 6 24 16 23 17 17 14
split_gain=3711.38 387.898 219.917 104.334 73.62 72.7661 70.1226 63.0145 48.8699 47.4445 46.2009 29.5623 28.551 27.1101 24.0547 24.0212 20.6557 27.738 20.3058 18.7471 18.1648 17.9079 21.5864 17.3131 17.02 15.1798 17.4653 14.9911 14.954 14.2856 13.8207 13.2093 13.1541 12.9736 12.9089 12.7978 12.5187 12.517 16.5901 12.5519 11.5148 11.505 11.4291 11.3218 10.5655 10.475 11.2174 10.3447 10.1681 10.1 10.4379 10.0875 10.0377 9.88214 9.61131 9.30161 9.28456 10.6829 8.83717 12.5885 8.69898 8.6287
threshold=2689.6300000000006 2500.6650000000004 2814.6350000000007 2360.4250000000006 2700.5750000000003 1.0000000180025095e-35 3120.1450000000004 1196.7950000000003 1897.1700000000003 1.0000000180025095e-35 2149.4650000000006 1600.6650000000002 2801.8181919642861 5687.755000000001 -0.91597725483594616 -0.5 -0.44228869021900119 1.0000000180025095e-35 13.418750000000003 -11961.399999999998 3171.8850000000007 23579.800000000007 17.860000000000003 4258.2850000000008 2743.9600000000005 18.215000000000003 1298.7850000000001 6451.5650000000014 -4341 5529.5050000000001 5.7800000000000002 1515.8300000000002 2291.3900000000008 1325.5050000000003 2178.6900000000005 3619.9700000000007 3539.7015699404769 -1464.6499999999985 4659.3033333333342 1.0000000180025095e-35 4129.4000000000005 4737.9941989087311 3121.3216396329376 19.165000000000003 5501.8094450644849 15.210000000000003 3394.6330208333338 -0.35041564478062465 4343.59824404762 1.0000000180025095e-35 1799.2250000000001 -40216.649999999987 3009.0462723214291 4777.7381770833344 1834.1550000000002 0.29012925520284116 9.6312499999999996 6999.1750000000011 29.606250000000006 499.93500000000006 1699.8750000000002 1530.5425208204024
decision_type=2 2 2 2 2 2 2 2 2 2 2 2 2 2 2 2 2 2 2 2 2 2 10 2 2 10 2 2 2 2 10 2 2 2 2 2 2 2 2 2 2 2 2 10 2 8 2 2 2 2 2 2 2 2 2 2 2 2 2 2 2 2
left_child=1 3 5 7 10 19 23 11 -7 15 14 -1 -11 20 -3 -9 17 30 -14 32 24 47 33 -4 -10 -24 -27 -12 -15 31 -5 -18 -2 51 -35 40 -28 38 -8 -40 42 60 -6 -38 52 46 -39 -17 -26 50 -16 -23 -42 -50 -46 -41 57 -52 -53 -60 -13 -29
right_child=2 4 6 16 35 8 37 9 13 12 27 41 18 28 49 21 29 -19 -20 -21 -22 22 25 -25 48 26 36 61 -30 -31 -32 -33 -34 34 -36 -37 43 45 39 55 44 -43 -44 -45 54 -47 -48 -49 53 -51 56 58 -54 -55 -56 -57 -58 -59 59 -61 -62 -63
leaf_value=-0.050369118465841217 -0.0028316586349605853 -0.0015356665975748327 0.0016603980012464281 -0.0014452038208704482 0.0039000236735943191 -0.0076575198194132176 0.0041485680358238405 -0.0034762896733940857 0.00062255689559353794 -0.0039653800801583141 -0.0053543622687737252 -0.0054445721640942728 -0.00094462646099542364 -0.0093296304880755264 -0.011729222688807734 -0.0051638063994036542 -0.00023378412961402219 -0.0083552314780479149 -0.022329103146924281 0.0016869969793820517 0.0015643714921112651 -0.017717875939406689 -0.00034860794980427377 0.00068485551964276832 -0.0011302617383769208 -0.015097870844716465 -0.00059826362515657595 -0.00018701162871221557 -0.0027053226812390131 -0.00092214292636462057 -0.0053161301556559357 -0.0027157638614677244 0.00020460142991975204 -0.0046398989608930829 -0.0011432518015239395 0.0029599180921439225 -0.0061477606132706161 0.010762117319707736 0.0039390118891566798 -0.00026889520709824465 -0.002697667895101113 -0.017967103726514302 -0.0053884295279283999 -0.0020709573968392819 -0.005172659682421323 0.0084248522810723286 -0.0062094766852123845 -6.3142157261669696e-05 -0.0052016000205874508 -0.01167826699602565 -0.0037734697646903187 -0.0048052473902094528 -0.00020776542505384298 -0.0027718087866627416 -0.0069450910857708163 0.0034897507759983257 -0.0037251389235758892 -0.0058283796079866461 -0.021892421638946755 -0.0039190234483539518 0.00022013707780611758 -0.0019135198949973039
leaf_weight=1616 228 205 6896 463 42 525 14292 740 523 187 48 162 170 326 383 214 46 606 1940 3840 1086 166 201 3410 607 326 207 310 169 881 329 96 1148 1648 134 304 173 42 4302 1063 110 266 155 191 414 33450 40 142 197 247 446 325 2113 199 110 438 231 417 128 338 63 2587
leaf_count=1616 228 205 6896 463 42 525 14292 740 523 187 48 162 170 326 383 214 46 606 1940 3840 1086 166 201 3410 607 326 207 310 169 881 329 96 1148 1648 134 304 173 42 4302 1063 110 266 155 191 414 33450 40 142 197 247 446 325 2113 199 110 438 231 417 128 338 63 2587
internal_value=0.00120541 -0.0102822 0.00434333 -0.0137649 -0.0052392 -8.95016e-05 0.0049568 -0.0152043 -0.0033493 -0.0138695 -0.00757046 -0.0197761 -0.017436 -0.00191699 -0.0111793 -0.0122055 -0.00820974 -0.0105804 -0.018432 0.00218056 -0.000695752 -0.0130858 -0.0136837 0.00269002 -0.0028055 -0.010111 -0.0117795 -0.00520367 -0.00834677 -0.00496289 -0.00687011 -0.0137622 -0.000823529 -0.0151117 -0.0166338 -0.00173961 -0.00859091 0.00539237 0.00479946 0.00344555 -0.00234499 -0.0132805 -0.00933333 -0.0119342 -0.00184061 0.00574753 -0.00491566 -0.00662185 -0.00509163 -0.0123339 -0.0113789 -0.012263 -0.000936151 -0.0088262 -0.00566857 0.00108256 -0.00986849 -0.0112986 -0.0108258 -0.0134775 -0.00823009 -0.0049234
internal_weight=92661 19880 72781 11758 8122 8848 63933 9337 3632 7230 4874 2107 2297 3107 1929 4933 2421 1398 2110 5216 2612 4193 3837 10306 1526 1098 897 2945 495 1023 792 142 1376 2739 1782 3248 571 53627 20095 5803 2944 491 197 364 2747 33532 82 356 1003 1724 1477 957 2223 396 524 1501 1094 863 791 466 225 2897
internal_count=92661 19880 72781 11758 8122 8848 63933 9337 3632 7230 4874 2107 2297 3107 1929 4933 2421 1398 2110 5216 2612 4193 3837 10306 1526 1098 897 2945 495 1023 792 142 1376 2739 1782 3248 571 53627 20095 5803 2944 491 197 364 2747 33532 82 356 1003 1724 1477 957 2223 396 524 1501 1094 863 791 466 225 2897
is_linear=0
shrinkage=0.03


Tree=15
num_leaves=63
num_cat=0
split_feature=20 20 11 1 20 1 6 20 11 14 21 23 1 21 0 0 8 7 17 11 18 20 18 22 20 14 8 7 1 24 16 11 11 6 7 22 22 21 20 1 0 12 14 21 16 17 15 15 14 19 7 12 14 1 8 14 15 23 23 8 20 22
split_gain=3267.15 325.368 285.178 128.206 87.9114 78.8432 77.6408 50.4463 43.6696 41.3135 39.8313 36.7867 31.7627 26.7877 25.4359 23.9779 22.3787 22.2513 21.3204 20.8532 20.7265 19.8925 19.1185 19.0334 18.8078 17.9733 29.8005 19.5543 17.9421 19.5566 16.8259 20.8613 16.7005 16.4827 19.5923 14.2675 13.6113 13.5189 13.5002 13.1828 13.1435 13.0453 13.9233 11.8383 12.566 11.713 11.3599 22.9715 11.2925 17.3147 14.959 21.2976 14.8331 12.8801 17.4903 11.4956 11.4517 10.7638 10.5612 10.3036 10.1846 10.1091
threshold=-13470.249999999998 -7282.9499999999989 2208.9800000000005 5.5000000000000009 -17799.449999999997 5.5000000000000009 -0.19509032201612839 -43229.94999999999 2750.3150000000005 2804.6207175393261 4729.1950000000006 18.331250000000008 5.5000000000000009 5297.4666666666672 57.500000000000007 62.500000000000007 -0.45273527932988084 -0.35041564478062465 499.45500000000004 2850.4250000000006 6008.8500000000013 -2654.0499999999997 10142.550000000001 5554.0026599702387 -12126.649999999998 1415.1220338871519 0.48126256173783166 -0.90163369914317015 5.5000000000000009 7.950000000000002 4129.4000000000005 2925.3350000000005 2870.3350000000005 -0.77259657388510605 0.099822040462190967 2885.563682415675 3121.3216396329376 4950.6900000000014 -20935.649999999998 4.5000000000000009 38.500000000000007 2887.7574107142859 3034.5194434873515 3618.0883333333336 4746.7500000000009 2494.2150000000006 3783.3611458333335 3647.4896354166672 2653.5560378734967 31149.100000000002 -0.54939360607974019 3067.6820610119053 2084.8892413192607 1.0000000180025095e-35 -0.55656394595157355 1851.0144336309852 4145.6013541666671 24.031250000000004 8.8062500000000021 -0.54219087765047058 -10299.65 5334.5721106150804
decision_type=2 2 2 2 2 2 2 2 2 2 2 2 2 2 2 2 2 2 2 2 2 2 2 2 2 2 2 2 2 2 2 2 2 2 2 2 2 2 2 2 2 2 2 2 2 2 2 2 2 2 2 2 2 2 2 2 2 2 2 2 2 2
left_child=2 3 5 10 9 7 13 -1 12 25 20 -7 -3 -5 18 17 33 23 43 45 35 28 37 46 -19 26 27 -4 -10 -30 36 58 39 34 -6 -2 -22 -14 -11 -27 -25 57 -43 -9 -45 -18 47 -12 50 56 51 52 55 54 -51 -20 61 -21 -32 -35 -48 -50
right_child=1 8 4 6 16 11 -8 14 21 38 15 -13 22 -15 -16 -17 19 24 48 41 30 -23 -24 40 -26 32 -28 -29 29 -31 31 -33 -34 59 -36 -37 -38 -39 -40 -41 -42 42 -44 44 -46 -47 60 -49 49 53 -52 -53 -54 -55 -56 -57 -58 -59 -60 -61 -62 -63
leaf_value=-0.033514763524153092 -0.0034208805423999538 0.0025608176867161227 0.00077834679697156867 -0.004604626825868467 -0.0080879341882560078 -0.0010385253351001742 0.00012058514229967452 -0.0028471494806543837 0.0033433511245634091 -0.025812915217398844 0.00023263789808373813 -0.041377632970772189 -0.00011970168419381408 -0.012345814981988733 -0.003641832423947318 0.0023934142506302908 -0.0013406686581779977 -0.0062389029335801205 -0.0033690209594845429 -0.0015604840347921819 0.0025886542700751924 0.0072383697870485172 0.00043545773758486405 -0.00092239479075478022 0.00077225278011090889 -0.0030635710217047662 0.00026811074191936661 -0.0056590084313795763 0.0015894717137037316 -0.0060278494193522682 -0.00080219553119784007 0.0021234879855792483 -0.0020720199306183832 -0.0017634814925143599 -0.0046904636670241908 -0.001014260631378413 -0.0053215052119654693 -0.0076341514294186313 -0.0045071894034254996 -0.0047347928671704811 -0.0058086489802055934 0.00075143217061928011 -0.0057899202538140822 -0.014325819725125352 -0.049710468321915086 0.00011731806621218693 -0.0058875490115172392 -0.014994182908293572 -0.011297616434938542 -0.0094632785394071113 -0.0028538803354581734 -0.0075326661419583508 -0.00057373780606559995 -0.013240792660577795 0.00050632616193270073 -0.0063301245825215825 -0.0038131224090519225 0.0016778476680072204 0.00066948059736065765 -0.0066521072964357006 0.002093139184451284 -0.0047219329320194216
leaf_weight=605 116 1951 47 888 279 139 878 58 15136 616 129 1593 149 401 861 798 1867 283 299 135 62 38904 589 133 1345 1758 316 106 1760 215 364 5023 754 512 254 479 131 282 433 422 263 1252 99 90 592 296 292 119 112 49 1512 653 169 954 80 277 611 70 3685 85 402 66
leaf_count=605 116 1951 47 888 279 139 878 58 15136 616 129 1593 149 401 861 798 1867 283 299 135 62 38904 589 133 1345 1758 316 106 1760 215 364 5023 754 512 254 479 131 282 433 422 263 1252 99 90 592 296 292 119 112 49 1512 653 169 954 80 277 611 70 3685 85 402 66
internal_value=0.00128394 0.00404734 -0.0101822 0.000222644 -0.00652698 -0.0140798 -0.00655351 -0.0126559 0.00507122 -0.00957063 0.00130084 -0.0198142 0.00152624 -0.0112372 -0.0118675 -0.0013243 -0.00373113 -0.00256623 -0.012616 -0.00260645 0.00230301 0.00525921 -0.002762 -0.00543092 -0.000209945 -0.00796181 -0.00250213 -0.0133247 0.00440603 0.00171559 0.00265163 0.00283831 -0.00883339 -0.00742706 -0.0112584 -0.00312081 -0.00609278 -0.00755556 -0.0147771 -0.0101651 -0.0109421 4.23892e-05 0.00111391 -0.0173684 -0.0184744 -0.00451109 -0.00310498 -0.00860241 -0.0118771 -0.0137042 -0.0106974 -0.0129392 -0.0094504 -0.0161734 -0.0072 -0.01174 -0.0102987 -0.00699029 0.00123556 -0.00399331 -0.00113094 -0.0169944
internal_weight=92798 74777 18021 15791 9301 8720 2167 6988 58986 4452 13624 1732 2971 1289 6383 3764 4849 2966 5522 3719 9860 56015 1020 1338 1628 3403 469 153 17111 1975 9265 9072 2934 1130 533 595 193 431 1049 2180 396 1556 1351 740 682 2163 942 248 4782 1872 2910 1398 745 1083 129 576 789 205 4049 597 694 178
internal_count=92798 74777 18021 15791 9301 8720 2167 6988 58986 4452 13624 1732 2971 1289 6383 3764 4849 2966 5522 3719 9860 56015 1020 1338 1628 3403 469 153 17111 1975 9265 9072 2934 1130 533 595 193 431 1049 2180 396 1556 1351 740 682 2163 942 248 4782 1872 2910 1398 745 1083 129 576 789 205 4049 597 694 178
is_linear=0
shrinkage=0.03


Tree=16
num_leaves=63
num_cat=0
split_feature=9 10 11 1 9 11 9 1 23 1 20 1 21 21 9 9 21 14 22 1 6 14 20 17 17 20 9 14 27 18 25 5 16 17 1 17 27 18 9 25 11 22 16 6 11 6 1 18 22 25 22 22 10 16 18 10 25 7 19 14 19 27
split_gain=3203.63 312.312 182.366 104.935 87.7919 87.4818 68.8454 53.1717 46.8901 41.7928 37.8451 33.2263 30.472 28.0685 28.6628 27.5991 26.3032 25.8447 24.4197 23.3624 24.0974 22.521 21.7423 18.1734 17.4445 17.422 17.1885 16.237 16.0938 15.0699 13.1077 12.5881 12.4924 12.4688 12.7166 19.0159 21.262 13.8363 12.0263 11.7833 11.7072 11.5892 13.0216 11.0686 10.7804 10.7504 10.719 14.9883 13.1028 16.5448 15.0778 10.7178 10.6723 10.5857 10.4309 10.316 9.81573 9.65703 9.54795 9.34869 9.28735 8.77149
threshold=2707.5550000000007 2195.6300000000006 2814.6350000000007 5.5000000000000009 2149.4650000000006 2699.5100000000007 3400.4150000000004 5.5000000000000009 25.743750000000006 5.5000000000000009 -43229.94999999999 1.0000000180025095e-35 2011.8766666666668 4895.8033333333342 3896.5150000000008 2487.2200000000007 4067.7416666666672 2720.9004750483782 3300.3958209325406 5.5000000000000009 0.32143946530316164 1489.3900761121206 -13698.449999999999 2619.5650000000005 1005.475 -11789.249999999998 2360.4250000000006 1361.2793087385178 0.21499999999999989 10348.600000000002 18.000000000000004 -0.68322629814330782 4746.7500000000009 1999.5450000000003 1.5000000000000002 499.93500000000006 -0.54499999999999982 8025.1500000000005 2889.5750000000003 18.925000000000004 2679.4350000000004 2918.5067311507942 6999.1750000000011 -0.58216583101416131 3425.3350000000005 -0.68322629814330815 1.0000000180025095e-35 6418.3500000000013 4903.1721719990092 18.000000000000004 4737.9941989087311 5928.7183829365085 2800.9350000000004 4746.7500000000009 14084.1 2429.1500000000001 17.145000000000003 -0.55657520495441892 37333.000000000007 1814.0484116309565 14538.1 0.4199999999999991
decision_type=2 2 2 2 2 2 2 2 2 2 2 2 2 2 2 2 2 2 2 2 2 2 2 2 2 2 2 2 8 2 8 2 2 2 2 2 10 2 2 10 2 2 2 2 2 2 2 2 2 8 2 2 2 2 2 2 8 2 2 2 2 10
left_child=1 4 3 25 9 7 16 15 28 10 59 12 -7 23 29 24 38 27 -11 52 -21 32 40 43 39 55 44 53 -9 45 -26 -19 -14 34 35 -33 58 -36 56 -3 57 -32 -43 -5 60 -15 48 -48 50 -50 -29 -49 -18 -12 -10 -2 -4 -6 -37 -1 -13 -28
right_child=2 5 6 13 22 11 -8 8 54 18 17 26 21 14 -16 -17 19 31 -20 20 -22 -23 -24 -25 30 -27 61 46 -30 -31 41 33 -34 -35 37 36 -38 -39 -40 -41 -42 42 -44 -45 -46 -47 47 51 49 -51 -52 -53 -54 -55 -56 -57 -58 -59 -60 -61 -62 -63
leaf_value=-0.010736495455275991 -0.002703612276141909 -0.0012069890514835463 -0.0023733533520329622 -0.0041047816779822971 -0.0069862464465591349 -0.0035942974375261457 0.0063768305536962885 -0.0037618344534202015 -0.016572821326407541 -0.0042385170828995586 -0.0058221707597530519 0.0027287731075036456 -0.0057995254587807745 -0.011176749929680426 0.0018136135354557264 -0.00099620904821397065 -5.2967465563438281e-05 -0.0039846942604875313 -0.059654843060092361 -0.0058624197998331691 0.0026263002369191703 0.0011654554911495927 -0.0023098723792722327 0.0012805470011407938 -0.003665732442198109 0.0016205422117629791 -0.00093032589333342868 -0.0028840284631632307 -0.0010855193267916782 -0.0044118924432042725 -0.0035775714268048006 -0.040083087849296754 -0.00022582782935547384 -0.0033041034015907343 -0.032755025519242108 -0.0054755861079448832 -0.029509099995860519 -0.0056803280997359609 0.0023775355173081998 -0.02468820823397767 -0.003098034851075271 -0.00040433829611759742 -0.0032713204954539707 -0.00081133784249205288 -0.0031209806183019368 -0.006377685313145501 -0.013812211702169423 -0.0048414651540148413 -0.00084367602601013764 -0.015252622448164535 0.0028614266283805809 -0.00082818346092622527 0.0021149147432252134 -0.00010481681944523665 -0.0015554685253124647 0.00024319317142347486 0.00084795123387711375 -0.0026836081956104533 0.00019766211560139801 -0.039228391746520444 -0.0047680084392732851 -0.0032602585170086011
leaf_weight=78 285 423 51 387 446 59 46219 133 596 146 41 40 48 306 175 1451 1260 160 924 373 236 1768 562 497 601 4543 2143 356 382 245 119 238 53 134 772 410 116 538 8708 40 352 259 1432 573 325 226 573 2096 78 181 88 148 4811 189 50 1299 1798 808 85 567 714 86
leaf_count=78 285 423 51 387 446 59 46219 133 596 146 41 40 48 306 175 1451 1260 160 924 373 236 1768 562 497 601 4543 2143 356 382 245 119 238 53 134 772 410 116 538 8708 40 352 259 1432 573 325 226 573 2096 78 181 88 148 4811 189 50 1299 1798 808 85 567 714 86
internal_value=0.00134223 -0.00902552 0.00433892 0.000222092 -0.0128149 -0.00546004 0.0048927 -0.00810716 -0.0138072 -0.0142798 -0.0134139 -0.00268551 0.00044479 -0.00508133 -0.00908499 -0.0065742 0.00327428 -0.0126905 -0.0198039 0.00180063 -0.00379672 0.00111979 -0.00746058 -0.00246091 -0.00827687 0.00230777 -0.00450952 -0.011117 -0.00703488 -0.0115527 -0.009301 -0.0150905 -0.0125882 -0.0156591 -0.0162111 -0.0133129 -0.0104804 -0.0180778 0.00420648 -0.00293534 -0.00923709 -0.00801767 -0.00737234 -0.00486993 -0.00761667 -0.0143865 -0.0116217 -0.0124514 -0.00828409 -0.0136385 -0.00513708 -0.0113345 0.00236265 -0.00337662 -0.019187 -0.000401262 0.00200757 -0.0105944 -0.00774194 -0.0203406 -0.00958411 -0.00300269
internal_weight=92800 20808 71992 8536 10086 10722 63456 5486 1161 7918 6848 5236 1928 2409 952 4325 17237 6203 1070 6680 609 1869 2168 1457 2874 6127 3308 3750 515 777 2411 2453 101 2293 2159 849 611 1310 10557 463 1606 1810 1691 960 1079 532 3520 2817 703 259 444 2244 6071 230 646 1584 1849 1254 495 645 754 2229
internal_count=92800 20808 71992 8536 10086 10722 63456 5486 1161 7918 6848 5236 1928 2409 952 4325 17237 6203 1070 6680 609 1869 2168 1457 2874 6127 3308 3750 515 777 2411 2453 101 2293 2159 849 611 1310 10557 463 1606 1810 1691 960 1079 532 3520 2817 703 259 444 2244 6071 230 646 1584 1849 1254 495 645 754 2229
is_linear=0
shrinkage=0.03


Tree=17
num_leaves=63
num_cat=0
split_feature=9 11 11 10 9 3 9 11 9 3 21 4 11 19 10 3 10 12 20 22 9 18 26 7 4 0 23 9 12 9 21 26 7 21 14 14 14 21 27 17 22 3 0 7 10 23 11 25 17 12 27 12 12 14 2 7 20 27 19 3 17 16
split_gain=2884.18 265.123 188.069 77.9863 71.3269 59.314 56.6188 50.6207 45.3312 37.7141 33.5295 27.6224 26.965 26.7854 22.8946 22.7963 22.401 20.2409 19.9488 18.6722 18.3157 18.2075 17.9881 17.8915 17.3943 16.8735 16.516 16.2445 18.5522 15.3162 14.4609 14.1654 13.9578 18.1551 13.9074 13.7351 13.7235 15.6694 14.6483 15.3357 13.49 11.9211 15.4541 11.6596 10.8518 10.5969 10.5453 10.4396 10.346 10.1402 9.71765 9.71467 9.96564 9.39445 9.64645 10.7238 9.24772 9.16677 12.9845 8.89081 11.504 11.976
threshold=2707.5550000000007 2208.9800000000005 2916.7250000000004 2350.1800000000007 1439.7900000000002 1.0000000180025095e-35 3337.2700000000004 1897.1700000000003 2328.2100000000005 1.0000000180025095e-35 5903.4566666666678 1.0000000180025095e-35 1599.5250000000003 22697.600000000002 1326.0000000000002 1.0000000180025095e-35 2899.3950000000004 4343.59824404762 -11789.249999999998 4903.1721719990092 2511.9700000000007 10279.750000000002 5.0750000000000011 -0.32614396506100213 1.0000000180025095e-35 30.500000000000004 25.743750000000006 3120.1450000000004 4343.59824404762 2360.4250000000006 5639.8416666666672 5.1750000000000016 0.84313847884979054 3251.855 3316.1315959051499 1590.6746046670585 1851.0144336309852 3593.961666666667 -0.68000000000000138 1441.4650000000004 3173.4315612599216 1.0000000180025095e-35 19.500000000000004 -0.61913973745509387 2373.8100000000004 31.143750000000008 999.35500000000013 14.745000000000003 1900.7650000000001 5416.4018303571438 0.50500000000000089 2974.8032217261912 3945.1494642857147 2682.4622471830062 9.5000000000000018 -0.26037633224328088 -16922.499999999996 0.17500000000000074 47127.450000000004 1.0000000180025095e-35 2277.6600000000003 9999.970000000003
decision_type=2 2 2 2 2 2 2 2 2 2 2 2 2 2 2 2 2 2 2 2 2 2 8 2 2 2 2 2 2 2 2 8 2 2 2 2 2 2 8 2 2 2 2 2 2 2 2 8 2 2 10 2 2 2 2 2 2 10 2 2 2 2
left_child=1 4 5 8 14 18 11 -7 30 13 25 19 -11 -6 35 57 20 51 44 56 31 -12 -15 29 41 -9 -13 28 -27 47 32 -5 40 -34 -19 -1 -25 -38 39 -39 -3 42 -18 -28 -2 -43 -40 -24 -26 -29 -42 -14 -53 54 -33 -56 -4 58 -16 -21 -61 -62
right_child=2 3 6 16 9 7 -8 10 -10 12 21 26 17 22 15 -17 24 34 -20 59 -22 -23 23 36 48 27 43 49 -30 -31 -32 53 33 -35 -36 -37 37 38 46 -41 50 45 -44 -45 -46 -47 -48 -49 -50 -51 -52 52 -54 -55 55 -57 -58 -59 -60 60 61 -63
leaf_value=-0.0022959686067328543 -0.0026433690723803513 -0.0036043788774189861 -0.00088937699935249896 -0.0028244241479851166 -0.0026019567513266262 -0.0066147796541407011 0.006067570501769628 0.0013577284516701027 -0.0019627452602806327 -0.021509008955900837 -0.010634574091838838 0.0013569690792290963 -0.0016700096881323123 -6.52945567076113e-05 -0.0099523588133595912 -0.04962893447074946 -0.0021556070657443361 -0.010583915955360412 0.0016804071587103902 0.0018522618746264954 -0.00066387281818961971 -0.0017183911057042445 -7.7814777968280844e-05 -0.00049399275193381161 -0.0051915344149690576 -0.00044342411347976962 -0.0063037934921676177 0.0011324509010436042 -0.004553912004277667 -0.0025592860569690233 -0.011005517991440339 -0.00086570637696123571 0.00033551070222931085 -0.010607838552649103 -4.0983245429059187e-05 -0.047617601231742905 -0.0030576333502456434 -0.0015304032131654693 -0.0064555393681805101 -0.0061811597961917032 -0.0034728200344279424 -0.0029995247368853873 0.00078526287534621468 -0.00075642959814170205 0.00040593478562395244 -0.011142553902450966 -0.0020979584443276827 -0.0059964205225360194 -0.014043915052244484 -0.0059438496981339822 0.0011793541489558885 -0.0043368117602673459 -0.0015294400570926312 -0.0046973694018355447 -0.0027246005901221206 -0.00023632724451023597 0.0021342072753984366 -0.0026225778211521182 -0.035616392922237984 0.00075960323321624305 -0.0078938445288902082 -0.0059115674334838881
leaf_weight=43 291 399 101 157 433 514 47068 1176 1265 1085 227 323 176 170 565 231 221 402 5179 3213 1845 186 49 307 78 692 163 1042 437 236 512 1080 62 519 51 1386 364 70 102 109 1560 247 1767 206 1338 92 1008 1327 58 203 80 496 175 760 707 215 8745 167 102 695 58 134
leaf_count=43 291 399 101 157 433 514 47068 1176 1265 1085 227 323 176 170 565 231 221 402 5179 3213 1845 186 49 307 78 692 163 1042 437 236 512 1080 62 519 51 1386 364 70 102 109 1560 247 1767 206 1338 92 1008 1327 58 203 80 496 175 760 707 215 8745 167 102 695 58 134
internal_value=0.00146157 -0.00841346 0.00429806 -0.00541471 -0.0122624 0.000741627 0.00495916 -0.00194015 -0.0085648 -0.0106173 -0.000790111 0.00325669 -0.0136295 -0.00889368 -0.0165836 -0.013227 -0.00349723 -0.0106995 0.00250521 0.00356886 -0.00469801 -0.00886957 -0.00971093 -0.0101646 -0.0011737 0.00015207 -0.00258009 -0.00130358 -0.00390796 -0.0125096 -0.0105005 -0.00617671 -0.00959176 -0.013701 -0.0158194 -0.0190741 -0.00823049 -0.00931197 -0.00774884 -0.0157 -0.00841471 -0.000561856 0.000325792 -0.00690811 -0.000390184 -0.00575294 -0.00645365 -0.0137211 -0.011562 0.00105939 -0.00720293 -0.00794575 -0.00958929 -0.00567427 -0.00459211 -0.00684507 0.00434452 -0.0108934 -0.0124671 0.00189466 -0.000763514 -0.00724352
internal_weight=92669 20678 71991 11624 9054 11285 60706 4477 4397 6560 3963 13638 2385 4175 2494 1065 7227 1300 6808 12946 4764 413 3742 3572 2463 3550 692 2374 1129 1612 3132 2919 2620 581 453 1429 1960 1653 1289 179 2039 2327 1988 369 1629 339 1110 1376 136 1245 1640 847 671 2762 2002 922 8846 834 667 4100 887 192
internal_count=92669 20678 71991 11624 9054 11285 60706 4477 4397 6560 3963 13638 2385 4175 2494 1065 7227 1300 6808 12946 4764 413 3742 3572 2463 3550 692 2374 1129 1612 3132 2919 2620 581 453 1429 1960 1653 1289 179 2039 2327 1988 369 1629 339 1110 1376 136 1245 1640 847 671 2762 2002 922 8846 834 667 4100 887 192
is_linear=0
shrinkage=0.03


Tree=18
num_leaves=63
num_cat=0
split_feature=20 10 20 1 11 21 1 1 17 11 1 10 23 10 26 4 23 1 18 5 20 13 23 17 27 21 12 22 22 25 22 12 7 15 22 12 27 19 22 1 22 20 27 25 20 27 22 12 15 17 12 17 1 15 2 12 27 20 25 20 11 1
split_gain=2488.39 262.81 234.923 103.141 71.1644 59.7326 57.5985 46.684 45.1833 38.2629 44.6157 34.6867 33.0611 32.5842 27.8827 27.5072 26.8042 26.122 25.133 20.7216 20.4355 20.2394 19.793 19.7382 19.425 19.2255 19.0261 18.481 18.3235 18.2726 24.4194 18.2699 17.8011 16.5835 15.4049 15.225 15.1481 15.1339 17.831 14.0045 18.8946 18.283 13.8249 13.3494 12.8602 12.6955 12.6218 12.5725 20.5821 13.0641 12.2585 18.3989 11.8119 11.4432 11.2067 10.7735 11.3118 11.0489 10.6562 10.6413 10.6206 10.121
threshold=-12481.049999999999 2165.1550000000002 -6957.9499999999989 5.5000000000000009 2229.4050000000002 4021.376666666667 5.5000000000000009 5.5000000000000009 499.45500000000004 3126.8050000000007 5.5000000000000009 2800.0650000000005 21.256250000000005 2710.3250000000003 5.7800000000000002 1.0000000180025095e-35 29.456250000000008 1.0000000180025095e-35 5769.2500000000009 -0.5 -695.05000000000007 6500.5900000000011 22.481250000000006 1765.1300000000003 0.8249999999999994 5383.0216666666684 5025.6062425595255 2995.8998623511911 4615.620642361112 19.605 5160.6978167263942 5090.2184598214299 -0.30983472475487867 2844.7857812500001 4884.9283205191814 3492.0906622023817 0.75000000000000011 32303.700000000001 3609.5002461557547 1.5000000000000002 6148.7487748015874 -18424.799999999996 -0.77499999999999847 20.290000000000003 -233.69999999999933 -0.10999999999999942 3707.0638603670645 3868.5880208333342 4551.496822916667 999.44500000000005 3312.6729910714289 2202.2750000000001 1.0000000180025095e-35 2997.6737500000004 10.500000000000002 5225.7461979166683 -0.88499999999999968 -16347.049999999997 15.315000000000003 -27229.699999999997 2850.4250000000006 5.5000000000000009
decision_type=2 2 2 2 2 2 2 2 2 2 2 2 2 2 8 2 2 2 2 2 2 2 2 2 10 2 2 2 2 10 2 2 2 2 2 2 10 2 2 2 2 2 8 10 2 10 2 2 2 2 2 2 2 2 2 2 8 2 8 2 2 2
left_child=1 6 3 11 7 60 8 47 19 10 -4 18 -8 21 52 46 45 43 32 -1 28 -6 -9 -14 42 -7 -20 -28 -18 30 33 -30 -2 -19 -11 -32 55 -21 -39 -15 41 -41 -23 -16 61 -12 -13 59 49 -49 -44 -52 -10 -37 -48 57 -57 -35 -46 -3 -5 -36
right_child=2 4 9 5 13 25 12 22 14 34 16 15 23 39 17 -17 20 29 26 37 -22 24 -24 -25 -26 -27 27 -29 31 -31 35 -33 -34 36 44 53 -38 38 -40 40 -42 -43 50 -45 58 -47 54 48 -50 -51 51 -53 -54 -55 -56 56 -58 -59 -60 -61 -62 -63
leaf_value=-0.010150951964804953 -0.011142394533994243 -0.0076014037552390272 0.0025948487546768673 -0.00090717788669404827 -0.0047005910574853078 -0.0048766210902313019 -0.00040547051549215168 -0.0021632449877310601 -0.0079176367609982944 0.0057896937952838694 0.00137600617858297 0.0019002445137272397 -0.056472147314902715 0.00057615284353286511 -0.0014724817453211447 -0.0054290444050520302 0.0007206527738449507 -0.012178486683899335 0.00054984539816969609 -0.0048252325046146891 0.0016372490060975939 -0.052128010308777714 -0.011351579878877541 -0.0086790633780251709 -0.003732224998237204 -0.012050758968688579 -0.0029995902545364769 -0.0013705567084332548 -0.0039314071314218192 -0.0015534425789171301 -0.024792214206550343 -0.0099578470357727204 0.00029455804295337452 -0.0029456514030674671 0.0035900504986344129 0.0013761991597680456 -0.01084915201952585 -0.0046222692644223157 -0.046192271814075141 -0.0039613780122598492 -0.0091019520176108936 -0.00051360205325532262 -0.00037878542362111413 -0.0056070427526193145 -0.0063583034627684928 -0.0015793358536534544 0.001549401977900231 0.0005803020033710312 -0.0025329538579399648 -0.0074502938000500056 -0.0024486398882679794 -0.00028522838049274392 -0.00052537380181666936 -0.010445202041108546 -0.0012230180706330883 0.00057237636654685177 -0.0061309806874162258 -0.0019840297448687409 0.0086875784044107892 -0.0010805935892698327 0.00081927028893232715 0.00038444150847693592
leaf_weight=362 193 88 6344 585 79 604 124 170 40 33742 1151 4391 885 1471 691 441 186 197 2640 164 274 42 581 210 75 371 46 1050 184 354 246 278 113 2266 7143 41 136 85 949 279 79 1837 934 41 42 256 3969 43 502 372 2164 874 578 1179 49 44 332 355 7394 918 542 899
leaf_count=362 193 88 6344 585 79 604 124 170 40 33742 1151 4391 885 1471 691 441 186 197 2640 164 274 42 581 210 75 371 46 1050 184 354 246 278 113 2266 7143 41 136 85 949 279 79 1837 934 41 42 256 3969 43 502 372 2164 874 578 1179 49 44 332 355 7394 918 542 899
internal_value=0.00155926 -0.00787538 0.0041206 0.000773858 -0.00462575 -0.00538659 -0.0115545 -0.00885084 -0.0106327 0.00498736 0.00314941 0.00177864 -0.0176361 -0.00318264 -0.0095293 0.00283019 -0.000401717 -0.0101662 -0.000523868 -0.015221 -0.00437486 -0.00499688 -0.0151915 -0.0192974 -0.00470318 -0.0108197 0.000154134 -0.00316682 -0.00727581 -0.0109202 -0.0114059 -0.0104708 -0.00877524 -0.00997899 0.00531115 -0.014638 -0.00944225 -0.0171243 -0.0184696 -0.00111917 -0.00263661 -0.00209447 -0.00441743 -0.00485402 0.00452665 0.00220313 0.00321332 -0.00636798 -0.0089085 -0.0138462 -0.00423307 -0.00515696 -0.00346042 -0.0132432 0.00199751 -0.00899199 -0.0137507 -0.00830435 0.00542638 -0.00404568 -0.000680851 0.00369414
internal_weight=92674 19787 72887 14994 10508 2102 9279 2674 8060 57893 8673 12892 1219 7834 6500 8850 2329 5882 4042 1560 922 4168 751 1095 4089 975 3736 1096 648 5150 4796 462 306 3330 49220 1466 3133 1198 1034 3666 2195 2116 4014 732 15478 1407 8409 1923 917 415 3972 3038 618 1220 4018 2997 376 2621 7436 1006 1127 8042
internal_count=92674 19787 72887 14994 10508 2102 9279 2674 8060 57893 8673 12892 1219 7834 6500 8850 2329 5882 4042 1560 922 4168 751 1095 4089 975 3736 1096 648 5150 4796 462 306 3330 49220 1466 3133 1198 1034 3666 2195 2116 4014 732 15478 1407 8409 1923 917 415 3972 3038 618 1220 4018 2997 376 2621 7436 1006 1127 8042
is_linear=0
shrinkage=0.03


Tree=19
num_leaves=63
num_cat=0
split_feature=9 11 11 1 1 9 9 1 9 23 22 9 4 20 1 21 20 12 14 27 15 9 21 22 19 9 21 25 9 25 20 20 27 4 20 1 0 25 15 1 25 21 1 1 0 14 23 23 12 25 0 2 15 27 22 22 27 15 19 4 27 1
split_gain=2527.06 224.022 178.935 94.9544 74.7677 68.4832 65.2661 55.543 50.976 42.3414 40.41 30.584 30.0496 28.3308 25.1544 24.3055 23.8452 23.4637 20.6229 18.1219 18.2891 17.2885 17.2304 17.0312 16.7331 16.6553 21.9253 16.4776 16.2993 16.2914 16.1588 15.7228 17.3136 14.831 14.8304 24.7252 15.1212 14.7909 14.5475 14.4426 15.6598 14.8996 17.3516 15.7118 13.9299 13.0197 12.9823 12.0479 12.0304 11.9801 11.9424 11.8361 12.1583 11.7066 11.6665 11.4467 11.6993 11.2383 14.6302 11.1015 10.8774 10.8316
threshold=2707.5550000000007 2208.9800000000005 2916.7250000000004 5.5000000000000009 5.5000000000000009 1199.3950000000002 2360.4250000000006 1.0000000180025095e-35 3110.1850000000004 23.431250000000002 4615.620642361112 3903.5750000000003 1.0000000180025095e-35 -13698.449999999999 1.0000000180025095e-35 2396.3194444444448 -6845.6499999999987 4865.5407142857157 2955.3593467312257 -0.15999999999999923 4145.6013541666671 2939.6550000000002 4969.1083333333345 3744.2359548611116 17186.350000000002 3171.8850000000007 3489.5266666666671 15.210000000000003 1729.365 18.575000000000003 -35649.499999999993 -40216.649999999987 0.48499999999999949 1.0000000180025095e-35 -927.24999999999989 5.5000000000000009 20.500000000000004 18.950000000000003 3434.9262500000004 4.5000000000000009 16.675000000000004 2423.4767241379318 1.0000000180025095e-35 1.0000000180025095e-35 31.500000000000004 2981.7763469326705 7.981250000000002 26.306250000000006 3768.6163913690484 17.790000000000003 18.500000000000004 3.5000000000000004 3211.1236979166674 -0.79000000000000081 5393.8992274305556 2872.4511520337305 0.75000000000000011 4359.778802083335 51894.100000000006 1.0000000180025095e-35 -1.0000000180025095e-35 3.5000000000000004
decision_type=2 2 2 2 2 2 2 2 2 2 2 2 2 2 2 2 2 2 2 10 2 2 2 2 2 2 2 8 2 8 2 2 10 2 2 2 2 8 2 2 8 2 2 2 2 2 2 2 2 10 2 2 2 8 2 2 10 2 2 2 10 2
left_child=1 4 3 16 5 14 7 12 33 -6 25 17 15 19 31 -3 23 21 53 20 38 -12 -10 -2 -20 26 -5 -24 -11 -22 -17 32 -1 -4 35 -29 -37 -33 -7 40 -8 42 49 -43 -41 -45 -26 -35 -21 50 -42 -30 -53 -9 -39 -55 -57 -16 -59 61 -50 -25
right_child=2 6 8 10 9 13 39 18 22 28 11 -13 -14 -15 57 30 -18 -19 24 48 29 -23 27 59 46 -27 -28 34 51 -31 -32 37 -34 47 -36 36 -38 54 -40 44 41 43 -44 45 -46 -47 -48 -49 60 -51 -52 52 -54 55 -56 56 -58 58 -60 -61 -62 -63
leaf_value=-0.031672140409085794 0.00099765030920301355 -0.0041625661106275916 0.0015612902474770047 5.9527068814364805e-05 -0.0028091804260670485 -0.0044955864431037978 -0.0021339190192275837 -0.010940964150224167 0.0051715382906155826 -0.060617067258362523 -0.0096972124761943758 0.0019566812827378111 -0.01742844790142287 -0.0013341946965926795 -0.03447937513388593 -0.046765172044015778 0.0025903683732315503 -0.0098815978472768223 5.4246195250977748e-05 -0.0017150679701163345 -0.0092083915721897398 -0.002687999961721455 -0.0064270491392208308 0.00091473967964593483 4.7946208130753075e-05 0.001343401238666316 -0.0044583646188141139 0.0032952914641264054 -0.0017626295058278398 -0.0025598661638914378 -0.00029711011509530878 -0.00016638433266613617 -0.0017040840022050517 0.0012777522962965234 0.0078670453287662603 0.0025107172093719256 -0.005271080234098887 -0.0043919124253350298 -0.0080345612315610975 -0.00048320515675722011 -0.0031543751199178305 0.0023531565755139914 -0.00055695761469869176 -0.00022648705119345859 -0.0042270951509699537 -0.0059914823187256728 -0.019190429875940863 -0.0060239544656537887 -0.0012317390569157817 0.00054304032940466864 -6.2469285169024721e-05 -0.0085352156803263409 -0.018572733981835801 -0.0037321002218887026 -0.045937523338645758 -0.0030275349618345835 -0.0042951499503291642 7.9301187353881316e-05 -0.024378441370005794 -0.014092906770558026 -0.0060602196738541898 -0.0013401229960105781
leaf_weight=157 3100 91 7728 634 239 652 324 50 40278 583 147 222 149 552 960 60 3080 439 70 1638 337 353 60 1260 47 721 439 4316 104 1188 1664 177 45 203 7499 192 309 166 774 722 157 788 1036 1662 647 212 642 241 128 44 48 72 848 89 82 3069 71 70 66 114 202 734
leaf_count=157 3100 91 7728 634 239 652 324 50 40278 583 147 222 149 552 960 60 3080 439 70 1638 337 353 60 1260 47 721 439 4316 104 1188 1664 177 45 203 7499 192 309 166 774 722 157 788 1036 1662 647 212 642 241 128 44 48 72 848 89 82 3069 71 70 66 114 202 734
internal_value=0.00159432 -0.00764918 0.00424704 0.000770011 -0.0111923 -0.00980764 -0.00489719 -0.00707446 0.0048897 -0.0165804 -0.00384641 -0.00820482 -0.00293435 -0.00816228 -0.0150244 -0.00186674 0.00241621 -0.0105702 -0.0090869 -0.00888537 -0.010374 -0.00610778 0.00523187 0.00117835 -0.0135474 -0.00102284 -0.00339106 0.00425192 -0.0183321 -0.00807995 -0.00106435 -0.0102038 -0.0170837 0.00268469 0.00432865 0.00302864 -0.0032749 -0.00690141 -0.0128199 -0.00257933 -0.0017191 -0.00119757 -0.00384914 8.33646e-05 -0.00525985 -0.0014112 -0.0149652 -0.0026427 -0.00664906 -0.010944 -0.0139806 -0.0160156 -0.017101 -0.00805061 -0.0116145 -0.00782229 -0.00751671 -0.0177703 -0.00959124 -0.000901849 -0.0118731 -0.000378947
internal_weight=92751 20682 72069 11243 9040 7194 11642 6002 60826 1846 2955 1161 1964 5471 1723 1815 8288 939 4038 4919 2951 500 52654 5208 759 1794 1073 12376 1607 1525 1724 627 202 8172 12316 4817 501 425 1426 5640 4271 3947 1285 2662 1369 1874 689 444 1968 249 205 1024 920 3279 248 3229 3140 1096 136 2108 330 1994
internal_count=92751 20682 72069 11243 9040 7194 11642 6002 60826 1846 2955 1161 1964 5471 1723 1815 8288 939 4038 4919 2951 500 52654 5208 759 1794 1073 12376 1607 1525 1724 627 202 8172 12316 4817 501 425 1426 5640 4271 3947 1285 2662 1369 1874 689 444 1968 249 205 1024 920 3279 248 3229 3140 1096 136 2108 330 1994
is_linear=0
shrinkage=0.03


Tree=20
num_leaves=63
num_cat=0
split_feature=9 11 11 9 9 3 9 11 10 11 21 21 27 18 10 0 27 9 27 9 7 7 27 11 26 21 25 27 7 19 27 7 21 5 21 25 25 25 3 14 21 27 11 7 25 21 21 16 13 3 27 3 7 10 15 3 17 23 14 18 2 10
split_gain=2411.15 202.123 169.576 65.5785 61.9323 56.7431 56.5176 46.4799 44.7157 36.0111 28.3058 26.0632 17.664 17.4342 17.3854 16.391 16.2703 15.6088 15.3323 15.1295 14.6742 19.0065 23.3986 13.9515 13.4691 13.3195 12.4451 11.8725 11.542 11.5681 11.5093 11.7368 13.7351 13.0828 11.3415 18.8686 11.2879 10.9895 10.4018 10.2421 10.2139 13.3385 10.9132 12.8969 9.83622 11.6819 10.1416 12.8167 9.61624 9.08063 9.51544 8.88659 8.93476 13.4252 8.84838 11.3116 8.8061 15.771 11.7421 12.0461 9.73625 10.4368
threshold=2707.5550000000007 2208.9800000000005 2916.7250000000004 2360.4250000000006 1001.8050000000001 1.0000000180025095e-35 3400.4150000000004 1944.5400000000002 2980.5050000000006 1439.2300000000002 5903.4566666666678 4021.376666666667 -0.77499999999999847 10078.250000000002 1001.6350000000001 30.500000000000004 -0.24500000000000097 2889.5750000000003 0.17500000000000074 3120.1450000000004 0.95242846126021108 0.90162119223771331 -0.77499999999999847 2814.6350000000007 5.0750000000000011 5639.8416666666672 16.675000000000004 -0.59499999999999964 0.23537774960157334 22505.350000000002 0.86500000000000032 0.84313847884979054 3265.9516666666673 -0.68322629814330782 4969.1083333333345 15.210000000000003 20.645000000000003 17.845000000000002 1.0000000180025095e-35 2580.9337712521992 5297.4666666666672 0.58000000000000018 200.84500000000003 0.96234642434711437 16.510000000000002 5107.8683333333347 1985.6000000000001 7804.8850000000011 6500.5900000000011 1.0000000180025095e-35 0.18499999999999875 1.0000000180025095e-35 -0.35041564478062465 3389.4450000000002 2100.8732812500007 1.0000000180025095e-35 1799.3200000000002 23.668750000000006 2155.2054502240558 10766.550000000001 6.5000000000000009 2260.3150000000005
decision_type=2 2 2 2 2 2 2 2 2 2 2 2 8 2 2 2 10 2 10 2 2 2 8 2 8 2 8 8 2 2 10 2 2 2 2 8 10 10 2 2 2 10 2 2 10 2 2 2 2 2 8 2 2 2 2 2 2 2 2 2 2 2
left_child=1 4 5 8 14 17 11 -7 12 16 15 -4 -3 -12 -1 -9 -6 -2 27 -17 21 22 -11 -5 -24 30 54 -16 29 38 31 33 -33 -14 -8 -36 40 44 -26 -27 41 42 -18 -44 45 46 47 -35 -48 50 -34 52 53 -13 -25 -56 60 58 -58 -60 -31 -62
right_child=2 3 6 23 9 7 34 10 -10 20 13 51 25 -15 18 19 36 -19 -20 -21 -22 -23 24 26 28 39 -28 -29 -30 56 -32 32 49 37 35 -37 -38 -39 -40 -41 -42 -43 43 -45 -46 -47 48 -49 -50 -51 -52 -53 -54 -55 55 -57 57 -59 59 -61 61 -63
leaf_value=-0.047051648712966042 0.00012244238847419127 -0.056387767986615822 0.0019357143586862375 -0.0012495821102005333 -0.01863301981760359 -0.0058334894231319417 0.0059123134908209939 0.0013401055814741092 -0.00086353965078828239 -0.054560587059570169 -0.010096432353406895 -0.00037308579572316899 -0.00010768728393959083 -0.0012825631527633736 -0.055519129125419432 -0.0016384948113466187 -0.043000521507434178 0.0019622376678224414 -0.0068194561969333253 0.00074033055045101103 -0.0058877311136253992 -3.114824575558043e-05 -1.7764025969407226e-05 0.00038092921308745037 -0.0026971799549714102 -0.0027583117163690624 -0.00019559044745996008 -0.030505179456414566 -0.0022254407086947391 -0.023229180044471623 -0.0040785182047557702 -0.00024693657662794928 -0.011410053758250587 -0.0038179279403017306 -0.0062375135369850555 0.0052573058574115093 0.0017294060836904241 -0.00055487529315752086 -0.0066606998120329513 -0.010802478419923336 -0.0071048771443697938 -0.030539876747169518 -0.00055469178155991233 -0.011391164407610156 -0.0040299229065078731 -0.0080860839990086041 -0.0058143944837095495 -0.0021413693500687801 -0.0021799906241712894 -0.015145467221118638 -0.0033537563459525503 -0.00023295028051937755 0.0019583054661932789 0.003284425736636132 -0.002874980057791284 0.00035508717406846556 -0.0009337748298096837 -0.0050188546848258892 -0.0023654163967353928 -0.0026443037689765324 -0.0050356269382996989 -0.0030352662142173496
leaf_weight=914 1971 78 8844 2805 1160 518 34441 1163 892 110 196 1527 298 215 76 1101 88 4907 128 1251 456 274 185 69 339 125 2525 530 1089 109 63 114 170 93 41 10814 45 411 183 590 286 122 351 70 516 337 41 435 1288 110 429 1349 2620 873 147 48 257 538 106 140 1219 294
leaf_count=914 1971 78 8844 2805 1160 518 34441 1163 892 110 196 1527 298 215 76 1101 88 4907 128 1251 456 274 185 69 339 125 2525 530 1089 109 63 114 170 93 41 10814 45 411 183 590 286 122 351 70 516 337 41 435 1288 110 429 1349 2620 873 147 48 257 538 106 140 1219 294
internal_value=0.00159749 -0.00743594 0.00419487 -0.00480932 -0.0107901 0.000825046 0.00482538 -0.00181687 -0.00699049 -0.00961924 -0.000701299 0.00324293 -0.00807452 -0.00814078 -0.0160534 0.000170648 -0.0129242 0.00253205 -0.0125796 -0.00126987 -0.00829359 -0.00780595 -0.00826608 -0.00247292 -0.00792511 -0.00785103 -0.000969892 -0.01457 -0.00826807 -0.00918079 -0.00721784 -0.00702522 -0.0102451 -0.00624737 0.00535678 0.00450995 -0.0100187 -0.00682063 -0.00508222 -0.011648 -0.0107386 -0.00858228 -0.00642353 -0.00439336 -0.00751383 -0.00663144 -0.00569322 -0.00920983 -0.00429023 -0.0117972 -0.01031 0.00177928 0.00236009 0.00103707 -0.00715472 -0.0104082 -0.00998198 -0.012144 -0.00829762 -0.0129717 -0.0085878 -0.00795376
internal_weight=92484 20653 71831 11584 9069 11322 60509 4444 5990 7421 3926 15213 5098 411 1648 3515 2122 6878 734 2352 5299 4843 4569 5594 4459 5020 2789 606 4274 3185 4305 4242 823 3419 45296 10855 962 3121 522 715 917 631 509 421 2710 2194 1857 528 1329 709 599 6369 5020 2400 264 195 2663 1041 503 246 1622 1513
internal_count=92484 20653 71831 11584 9069 11322 60509 4444 5990 7421 3926 15213 5098 411 1648 3515 2122 6878 734 2352 5299 4843 4569 5594 4459 5020 2789 606 4274 3185 4305 4242 823 3419 45296 10855 962 3121 522 715 917 631 509 421 2710 2194 1857 528 1329 709 599 6369 5020 2400 264 195 2663 1041 503 246 1622 1513
is_linear=0
shrinkage=0.03


Tree=21
num_leaves=63
num_cat=0
split_feature=9 9 9 10 3 4 3 6 20 9 21 10 17 3 3 0 12 21 26 17 15 14 12 20 26 21 25 5 4 21 17 12 7 7 22 26 15 3 23 25 15 9 3 22 25 17 14 22 2 25 6 17 27 23 4 21 21 4 10 14 15 0
split_gain=2178.61 186.219 160.656 67.8002 54.8274 59.7354 48.1355 57.2649 43.7044 36.87 34.8075 34.7079 32.0745 30.4098 27.3948 26.7056 23.5104 23.2779 21.8995 24.6242 20.2491 19.6498 18.1724 17.9989 17.2822 16.9545 16.2896 15.8646 14.9711 19.9948 14.3259 14.0189 17.0738 13.6826 13.3004 12.9051 12.7285 12.509 12.3588 12.3556 11.934 11.4417 11.4041 16.7517 13.5478 11.3726 11.0824 11.0451 15.0044 10.7886 10.5509 10.1629 10.0312 10.4284 9.87122 9.84247 11.8303 9.83012 9.55996 9.49085 10.3561 9.25794
threshold=2720.0450000000005 2149.4650000000006 3120.1450000000004 1001.6350000000001 1.0000000180025095e-35 1.0000000180025095e-35 1.0000000180025095e-35 -0.19509032201612839 -17207.899999999998 3693.4700000000003 4932.2700000000013 2350.1800000000007 999.98000000000013 1.0000000180025095e-35 1.0000000180025095e-35 31.500000000000004 4920.8524851190477 2285.2016666666673 6.2600000000000007 1628.0650000000003 3927.750364583334 1923.4511099885842 2777.5333705357148 -18424.799999999996 7.5600000000000014 5006.5666666666675 16.695000000000004 -0.47114434510950048 1.0000000180025095e-35 4337.6566666666677 3022.5000000000005 4358.3785267857156 0.46039464932087154 -0.86976336936302323 5728.3150539434528 11.130000000000001 5071.2422916666674 1.0000000180025095e-35 35.306250000000013 15.050000000000002 3518.7975000000006 2889.5750000000003 1.0000000180025095e-35 5123.3282279265886 17.185000000000006 1005.475 1724.5671276950168 5425.7117466517875 9.5000000000000018 18.775000000000002 -0.72947329433276253 2250.7300000000005 0.054999999999999723 31.306250000000006 1.0000000180025095e-35 3748.2233333333338 6272.4700000000012 1.0000000180025095e-35 2999.3550000000005 2478.6082446060191 2336.9796875000006 19.500000000000004
decision_type=2 2 2 2 2 2 2 2 2 2 2 2 2 2 2 2 2 2 8 2 2 2 2 2 10 2 8 2 2 2 2 2 2 2 2 10 2 2 2 8 2 2 2 2 10 2 2 2 2 10 2 2 8 2 2 2 2 2 2 2 2 2
left_child=1 3 6 12 5 11 23 25 21 10 54 27 24 17 57 -15 -16 20 -6 22 46 33 -20 -2 31 -8 -19 -5 41 -30 -18 32 37 39 52 40 50 -1 -7 -3 55 -25 43 -14 -45 -42 -10 -11 -49 -47 -24 -23 -21 -54 -4 -29 59 -12 -13 60 -57 -48
right_child=2 8 9 4 18 38 7 -9 13 47 14 58 42 15 16 -17 30 26 19 34 -22 51 36 28 -26 -27 -28 35 29 -31 -32 -33 -34 -35 -36 -37 -38 -39 -40 -41 45 -43 -44 44 -46 49 61 48 -50 -51 -52 -53 53 -55 -56 56 -58 -59 -60 -61 -62 -63
leaf_value=-0.0069056030901475159 -0.0024560787113031344 0.00035639440647749658 0.002770758270033806 -0.0016356012182290264 -0.0035107142543541045 -0.045705036419816235 -0.001714009809799126 0.00090457674310771353 -0.0010446111312000668 0.0073522420522806617 0.0022571403913401941 -0.0035531853692223011 -0.00022285493947039073 -0.00025587240206128317 0.001354720775460579 -0.00430770113099404 -0.003360044068131042 -0.0020760118215941391 0.00010861443896432443 0.00072631640931124502 -0.00041233237845651158 -0.0031134501429108132 -0.031613605125442007 0.00060408479305198027 -0.047778901912372572 -0.005501614887744124 0.00018424023939561028 -0.0034754430897766765 0.00040265695377975379 -0.008470708645056323 -0.0096519683182780223 -0.0030517113774133752 -0.043399341736261768 -0.00047715439042066572 -0.007160324416546575 -0.058360129895292115 -0.0053135409740905446 -0.072361342230754244 -0.0020197836489194683 -0.0046219021436993248 -0.0029739807665840985 0.0017553753346835669 -0.025771846576120219 -0.010494735087394135 0.0001034600897044502 -0.0043490963822470415 -0.0026390994015934427 0.0056913702470616605 -0.0059411027451080128 -0.0013445693581392584 -0.025178682083508128 -0.00052556996139577108 -0.0020117921610717637 -0.0068522515820174292 0.0010965975568371445 -0.0085358146694149498 -0.0043341241929759989 -0.0051079032847245777 0.00038561203793896129 -0.0052134596404152184 -0.00024893471845370123 -0.00081341965920977977
leaf_weight=270 177 66 13837 862 221 355 1400 1973 216 32194 3029 1166 246 710 742 1160 471 243 60 74 693 2141 800 3328 673 604 3472 617 426 148 158 90 292 859 165 93 49 66 50 172 276 6614 111 156 49 1254 232 5551 43 232 320 305 343 196 753 104 48 145 610 330 620 57
leaf_count=270 177 66 13837 862 221 355 1400 1973 216 32194 3029 1166 246 710 742 1160 471 243 60 74 693 2141 800 3328 673 604 3472 617 426 148 158 90 292 859 165 93 49 66 50 172 276 6614 111 156 49 1254 232 5551 43 232 320 305 343 196 753 104 48 145 610 330 620 57
internal_value=0.00170433 -0.00676147 0.00420228 -0.00951588 -0.00839702 -0.00702448 0.00140277 -0.00141478 -0.00388051 0.00492372 0.00385033 -0.00629454 -0.0145763 -0.00246934 0.00155741 -0.00572421 -0.00198542 -0.00122955 -0.0124684 -0.0134552 -0.00486405 -0.0065807 -0.0161024 0.00245072 -0.0170216 -0.00498554 -5.65124e-05 -0.00771332 0.00261063 -0.00209739 -0.00624762 -0.0137441 -0.0153291 -0.00324044 -0.00925802 -0.00859469 -0.0169282 -0.0106647 -0.0181773 -0.00958996 -0.00829523 0.00288263 -0.00850444 -0.00635841 -0.0126699 -0.0100329 -0.00942688 0.00546715 0.00423485 -0.011072 -0.0175825 -0.00807683 -0.00720195 -0.00862222 0.00456446 -0.0065093 -0.00480326 0.00308787 -0.00274845 -0.00412891 -0.00220138 -0.0132621
internal_weight=92717 21124 71593 10798 8845 6617 14670 3977 10326 56923 19135 6212 1953 6783 4545 1870 1371 4913 2228 2007 1198 3543 1229 10693 1391 2004 3715 4436 10516 574 629 718 628 1097 778 3574 1169 336 405 238 3481 9942 562 451 205 1762 505 37788 5594 1486 1120 2446 613 539 14590 1719 1102 3174 1776 1054 724 289
internal_count=92717 21124 71593 10798 8845 6617 14670 3977 10326 56923 19135 6212 1953 6783 4545 1870 1371 4913 2228 2007 1198 3543 1229 10693 1391 2004 3715 4436 10516 574 629 718 628 1097 778 3574 1169 336 405 238 3481 9942 562 451 205 1762 505 37788 5594 1486 1120 2446 613 539 14590 1719 1102 3174 1776 1054 724 289
is_linear=0
shrinkage=0.03


Tree=22
num_leaves=63
num_cat=0
split_feature=9 11 9 1 1 6 9 9 1 8 1 22 4 19 22 0 4 6 9 1 9 23 22 15 27 15 27 10 9 25 20 15 25 23 22 9 8 4 8 6 2 27 22 17 17 14 6 27 25 17 20 15 15 15 1 6 22 20 22 0 9 25
split_gain=2086.57 189.716 135.838 107.815 93.9089 69.9553 64.8022 61.697 45.0571 42.515 31.9719 28.7783 27.8108 27.3843 26.2328 26.0898 23.4367 22.6994 20.3897 19.5548 30.7388 32.5552 20.9895 22.0651 19.191 23.1583 19.1054 18.3928 17.8181 17.7857 17.232 16.0128 15.2917 15.0627 15.0395 14.3954 13.866 13.8644 13.1498 12.2865 13.1101 12.2541 12.3365 15.7571 15.2971 14.3926 12.3929 11.9527 11.707 14.0875 10.8318 10.1857 10.1703 10.1226 9.73217 15.1235 9.52179 9.42956 18.2319 9.19501 9.07139 8.86316
threshold=2767.2650000000003 2208.9800000000005 3469.5800000000004 5.5000000000000009 5.5000000000000009 1.0000000180025095e-35 2487.2200000000007 999.58000000000015 1.0000000180025095e-35 0.7710868207630478 1.0000000180025095e-35 3744.2359548611116 1.0000000180025095e-35 22505.350000000002 4928.4344903273823 26.500000000000004 1.0000000180025095e-35 -0.68322629814330815 1799.4150000000002 5.5000000000000009 4100.1550000000007 28.856250000000006 4615.620642361112 5628.3374479166678 -0.15999999999999923 4419.9251562500012 -0.27000000000000129 512.20000000000016 1543.2150000000004 17.485000000000003 -10429.799999999997 5153.6414062500007 18.575000000000003 41.79375000000001 4961.1051277281758 1999.3750000000002 0.99024581825578073 1.0000000180025095e-35 -0.8611288361322974 -0.70710678118654757 7.5000000000000009 -0.77499999999999847 2872.4511520337305 2029.4000000000003 1999.7450000000001 2688.0922599147389 -0.5277851165098012 0.75000000000000011 17.555000000000003 2080.1750000000006 -17799.449999999997 2396.9679687500006 2678.6853645833339 3606.1303124999999 5.5000000000000009 1.0000000180025095e-35 4903.1721719990092 -40216.649999999987 3473.2140687003971 39.500000000000007 3042.5750000000003 16.675000000000004
decision_type=2 2 2 2 2 2 2 2 2 2 2 2 2 2 2 2 2 2 2 2 2 2 2 2 10 2 10 2 2 10 2 2 8 2 2 2 2 2 2 2 2 8 2 2 2 2 2 10 8 2 2 2 2 2 2 2 2 2 2 2 2 8
left_child=1 4 3 11 7 14 8 10 15 18 27 50 30 56 29 48 35 -16 -6 -4 21 -21 -23 -24 25 26 38 -1 -10 -5 -13 51 -27 -22 -20 -17 -34 57 -15 40 -14 -30 -43 44 45 47 -47 -44 -3 -50 -2 -26 -40 -11 61 -56 -9 58 -29 -12 -52 -8
right_child=2 6 19 5 9 -7 54 13 28 53 59 12 39 24 17 16 -18 -19 34 20 33 22 23 -25 31 32 -28 37 41 -31 -32 -33 36 -35 -36 -37 -38 -39 52 -41 -42 42 43 -45 -46 46 -48 -49 49 -51 60 -53 -54 -55 55 -57 -58 -59 -60 -61 -62 -63
leaf_value=-0.041863706404542345 -0.0020306440904028062 -0.0042696512000126507 0.0060609999839039775 -0.0011009822712918123 -0.052561492108177864 0.00086802508854444524 -0.0016402098681717605 0.00072181995789857129 -0.014354294719171793 0.00026045494063578901 -0.028435284904386314 -8.8135752211194234e-05 0.0015443850120385036 -0.0015814396100674872 -0.0094336868802479875 -0.0021707901359138879 -0.013375498962019811 -0.0041755874484465131 -0.0075697333918290002 0.0016136603125656663 0.0062773009730560398 0.0015457370050887878 -0.0013900205299736752 -0.0094894088110351812 -0.0069578704510948226 -0.0057501142768526014 -0.022408430105952143 0.00071713294360785525 -0.048207120491209045 -0.0047716645475212481 0.0019368973763624769 -0.007151784669628956 -0.0015408146143866379 -0.0069604948402420758 -0.018343752009185477 0.001659508274507169 -0.0022181223441359588 -0.045368287475559453 -0.0026249683153259408 -0.00080099244674157965 -0.011258575974981616 -0.0032057322110257713 -0.0016241284136358297 -0.00081871646243247549 -0.0037990562091364771 -0.0080011117091857605 -0.0027328090261496784 -0.0039516032616505829 -0.00038655793412317057 -0.0042718731238259033 0.0012942224323219914 -0.0012570222269154827 -0.0063540376175982667 -0.0028539550345131259 -0.0045497574672188051 -0.00016839420815889099 -0.0041566052509090564 -0.00011645297567378971 -0.0092119645632097492 -0.040637051808110232 0.0024213535218857926 -0.00023703841170681118
leaf_weight=84 102 92 37815 1038 678 1576 244 304 483 159 108 1865 45 276 272 949 152 391 413 1910 5625 237 261 191 169 303 137 54 65 147 7412 174 1009 47 556 894 43 55 100 357 112 114 2036 1112 233 848 319 86 137 42 4976 1929 1404 122 223 311 324 234 77 580 6273 4499
leaf_count=84 102 92 37815 1038 678 1576 244 304 483 159 108 1865 45 276 272 949 152 391 413 1910 5625 237 261 191 169 303 137 54 65 147 7412 174 1009 47 556 894 43 55 100 357 112 114 2036 1112 233 848 319 86 137 42 4976 1929 1404 122 223 311 324 234 77 580 6273 4499
internal_value=0.0017326 -0.00630553 0.00425052 0.00244865 -0.00957043 -0.00248934 -0.00394206 -0.00802525 -0.00572233 -0.015465 -0.0142733 0.00324845 0.00205637 -0.00681646 -0.00644781 -0.00218086 -0.000991984 -0.0112229 -0.0173046 0.00521093 0.00388854 0.00118615 -0.0044 -0.00818543 -0.00748891 -0.00896059 -0.0110834 -0.00850693 -0.00723693 -0.00376897 0.00243285 -0.00536648 -0.00595133 0.00512639 -0.0144804 -5.53145e-05 -0.00423362 -0.00591449 -0.0102414 -0.0047301 -0.0116962 -0.00668301 -0.00650284 -0.00626019 -0.00724326 -0.00671307 -0.00939041 -0.00523693 -0.0108971 -0.00636667 0.00427643 -0.00463649 -0.0113462 -0.00465957 -0.0013903 -0.00522617 -0.000877583 -0.00377049 -0.0101818 -0.018479 0.0043648 -0.00095742
internal_weight=92783 22131 70652 24566 9292 3424 12839 7364 7562 1928 1192 21142 9791 6172 1848 2266 1995 663 1647 46086 8271 2599 689 452 5544 3272 1917 504 5296 1185 9277 2272 1355 5672 969 1843 1052 420 1780 514 157 4813 4748 4634 3522 3289 1167 2122 271 179 11351 2098 1504 281 5277 534 628 365 131 688 11249 4743
internal_count=92783 22131 70652 24566 9292 3424 12839 7364 7562 1928 1192 21142 9791 6172 1848 2266 1995 663 1647 46086 8271 2599 689 452 5544 3272 1917 504 5296 1185 9277 2272 1355 5672 969 1843 1052 420 1780 514 157 4813 4748 4634 3522 3289 1167 2122 271 179 11351 2098 1504 281 5277 534 628 365 131 688 11249 4743
is_linear=0
shrinkage=0.03


Tree=23
num_leaves=63
num_cat=0
split_feature=9 11 9 1 1 9 9 6 1 23 1 22 10 20 22 4 1 9 23 9 18 12 22 15 6 25 17 10 19 4 20 27 23 12 15 25 1 0 27 10 23 12 25 21 15 22 18 9 15 15 16 17 18 12 27 12 21 4 21 22 12 23
split_gain=1963.41 181.749 133.834 90.6531 86.7535 68.6325 64.8656 61.5719 39.4858 33.935 33.6989 30.6754 27.3297 24.5547 24.5086 23.298 22.1862 33.5779 32.9209 22.1846 24.0635 20.1436 18.6458 20.779 17.8159 16.6594 15.5944 15.4315 14.4919 14.3066 13.4824 13.3617 16.823 14.1995 15.9741 13.3511 12.8312 14.7598 11.98 11.6903 11.4757 11.2946 11.2039 14.5925 12.5246 10.6303 10.5741 10.3103 9.78157 14.7403 9.69096 13.1524 9.63453 9.76487 9.61482 9.37353 9.24441 10.5209 14.5374 11.6417 9.18008 8.93882
threshold=2767.2650000000003 2208.9800000000005 3400.4150000000004 5.5000000000000009 5.5000000000000009 999.58000000000015 2461.7450000000003 1.0000000180025095e-35 1.5000000000000002 25.743750000000006 1.0000000180025095e-35 3744.2359548611116 2650.1850000000004 -13698.449999999999 4928.4344903273823 1.0000000180025095e-35 5.5000000000000009 4089.4050000000002 28.781250000000004 1729.365 14022.550000000001 3531.0482366071433 4615.620642361112 5628.3374479166678 -0.70710678118654757 17.485000000000003 2029.4000000000003 512.20000000000016 18978.300000000003 1.0000000180025095e-35 -10429.799999999997 -0.15999999999999923 37.73125000000001 3768.6163913690484 2396.9679687500006 17.375000000000004 5.5000000000000009 30.500000000000004 0.72000000000000075 2879.6550000000002 41.79375000000001 5467.9171577380957 17.845000000000002 5819.3333333333339 2936.3068750000007 3058.6440749007938 9033.3500000000004 3000.7850000000003 4551.496822916667 4897.5614062500017 4129.4000000000005 1765.1300000000003 6941.2000000000016 3509.7353348214288 1.0000000180025095e-35 4624.1142782738107 5551.0593589743603 1.0000000180025095e-35 2396.3194444444448 2924.3979042658734 4941.3649032738113 34.006250000000009
decision_type=2 2 2 2 2 2 2 2 2 2 2 2 2 2 2 2 2 2 2 2 2 2 2 2 2 10 2 2 2 2 2 10 2 2 2 8 2 2 10 2 2 2 8 2 2 2 2 2 2 2 2 2 2 2 10 2 2 2 2 2 2 2
left_child=1 4 3 11 5 10 8 14 12 -6 27 47 35 31 25 30 -4 18 54 -11 52 38 -20 -24 -16 -5 28 -1 -23 -29 -13 32 42 34 -33 -3 -8 -38 -10 -17 -19 60 43 44 -7 -39 -35 -2 55 61 51 -14 -21 -54 -18 -44 57 58 59 -37 -28 -50
right_child=2 6 16 7 9 13 36 -9 21 19 -12 15 50 -15 24 39 17 40 22 20 -22 26 23 -25 -26 -27 41 29 -30 -31 -32 33 -34 46 -36 56 37 45 -40 -41 -42 -43 48 -45 -46 -47 -48 -49 49 -51 -52 -53 53 -55 -56 -57 -58 -59 -60 -61 -62 -63
leaf_value=-0.040585751029388641 0.0011482870917684741 -0.0062625919666939112 0.0055576663693143388 -0.0012352082193780971 -0.0036991802543779265 -0.0037924406496182617 -0.00030869883773695581 0.00083695794488287511 -0.0011909092727217716 -0.049873260253985523 -0.039223524174271336 -8.6232066965098109e-05 0.00014356365676583449 -0.00055099874502253414 -0.0096319586369197543 -0.009507112215174026 0.0018066474647408077 0.0059944739875465915 0.0012243663851249254 -0.0072450737978924026 0.00035752796353313355 -0.0035262199257366641 -0.00084393237258433029 -0.0088439620481620823 -0.0052328682559293158 -0.0046113183801696376 -0.0014051705986976831 -0.005164492099796289 -0.0071993352499659345 -0.042970430595346977 0.0017191152992413741 -0.0086942060251353672 -0.0011445372019136622 0.00019235749206553176 -0.0010155371534380736 -0.003397057453235478 -0.00012199211012805662 -0.00053523438793338831 -0.0040249346693928285 -0.0023414673645340881 -0.0065412286368951552 0.00096055804672094561 -0.0027334742190349608 -0.0038759208262399763 -0.030707144319289281 -0.0050358675728927552 -0.0057891832646720194 0.002201532517864859 0.00072919348348708343 -0.0027154351818262424 0.00063928026888742545 -0.0054213326531545444 -0.011532685657256693 -0.018939677810276077 -0.00094876711842436243 -0.012060418064371563 -0.0081504893069845822 -0.010285539436163964 -0.00057861619546000853 -0.0016001902422580264 -0.0040843304026144762 -0.0045163729163696176
leaf_weight=70 4374 295 39480 895 363 82 5019 1433 1088 533 706 1860 70 650 235 116 1844 5715 283 180 85 362 334 229 350 143 585 353 1621 56 6586 158 422 66 1660 44 286 81 92 340 48 102 1371 214 407 194 335 6099 216 394 1163 48 252 510 212 161 203 99 1128 262 51 46
leaf_count=70 4374 295 39480 895 363 82 5019 1433 1088 533 706 1860 70 650 235 116 1844 5715 283 180 85 362 334 229 350 143 585 353 1621 56 6586 158 422 66 1660 44 286 81 92 340 48 102 1371 214 407 194 335 6099 216 394 1163 48 252 510 212 161 203 99 1128 262 51 46
internal_value=0.00176251 -0.00604429 0.00420528 0.00229119 -0.00923797 -0.00775489 -0.00372456 -0.0025103 -0.00560327 -0.0149127 -0.0143676 0.00304862 -0.00319288 -0.0064852 -0.00650985 0.00175357 0.005097 0.00372144 0.00108922 -0.0168354 -0.0142296 -0.00764839 -0.00388902 -0.00704255 -0.0114164 -0.00373628 -0.00906833 -0.0082 -0.0104546 -0.00594146 0.00211034 -0.0071332 -0.00834098 -0.00532703 -0.00419571 -0.0053563 -0.00129547 -0.00559431 -0.00436918 -0.00484464 0.0050465 -0.00533424 -0.00915768 -0.0124602 -0.0153184 -0.0105435 -0.0104328 0.00414913 -0.00809137 -0.0050137 0.00023869 -0.00791597 -0.0156076 -0.0170878 0.00313855 -0.00940509 -0.00434888 -0.00354759 -0.0028892 -0.00867752 -0.00681947 0.000501901
internal_weight=92659 22083 70576 22431 9290 7367 12793 3056 7213 1923 1185 19375 3312 6182 1623 8902 48145 8665 2902 1560 1027 3901 846 563 585 1038 2721 479 1983 409 8446 5532 3313 2219 1818 2031 5580 561 1180 456 5763 738 2891 703 489 275 401 10473 2188 656 1281 118 942 762 2056 1532 1736 1533 1434 306 636 262
internal_count=92659 22083 70576 22431 9290 7367 12793 3056 7213 1923 1185 19375 3312 6182 1623 8902 48145 8665 2902 1560 1027 3901 846 563 585 1038 2721 479 1983 409 8446 5532 3313 2219 1818 2031 5580 561 1180 456 5763 738 2891 703 489 275 401 10473 2188 656 1281 118 942 762 2056 1532 1736 1533 1434 306 636 262
is_linear=0
shrinkage=0.03


Tree=24
num_leaves=63
num_cat=0
split_feature=9 11 9 1 9 1 0 9 1 1 22 9 24 21 4 20 26 22 26 18 20 10 25 4 10 0 9 21 27 22 20 1 20 15 15 15 19 12 18 22 20 26 21 22 7 1 22 19 12 25 1 0 25 25 9 7 18 9 16 22 26 27
split_gain=1872.66 172.263 136.578 106.172 71.0703 65.4964 63.7083 53.4822 51.1203 38.1503 38.0325 31.3869 29.7952 23.9341 24.0179 21.9246 21.3545 20.3069 18.1653 16.6955 16.687 16.4672 16.7749 16.2932 16.096 15.8077 15.0861 13.9219 13.8062 13.5415 13.4795 12.9503 25.5668 19.4848 12.4249 12.3318 13.7888 12.8468 16.8561 11.931 11.6233 11.4677 11.9342 14.3562 13.6937 12.1742 11.1212 11.0186 13.6324 10.581 10.5007 11.7376 10.3649 9.87804 9.23943 10.882 9.45649 9.04672 9.29988 9.04494 8.8731 8.86417
threshold=2767.2650000000003 2208.9800000000005 3580.8400000000006 5.5000000000000009 1001.8050000000001 5.5000000000000009 30.500000000000004 2461.7450000000003 1.0000000180025095e-35 1.0000000180025095e-35 4915.0896734457674 3000.7850000000003 1.7562499999999999 2396.3194444444448 1.0000000180025095e-35 -13698.449999999999 5.4450000000000012 4795.835047123016 9.7650000000000023 15348.400000000001 -40216.649999999987 512.20000000000016 15.095000000000001 1.0000000180025095e-35 3100.1950000000002 55.500000000000007 1543.2150000000004 4969.1083333333345 0.22500000000000145 2872.4511520337305 -17207.899999999998 5.5000000000000009 763.34999999999957 5853.4142187500011 5405.5738020833351 4359.778802083335 51894.100000000006 2974.8032217261912 6896.5500000000011 5437.5589905753977 -11004.199999999997 5.0750000000000011 3773.6850000000004 3361.6896323164688 0.15101559051660998 1.0000000180025095e-35 3744.2359548611116 17082.500000000004 4865.5407142857157 17.215000000000003 5.5000000000000009 31.500000000000004 17.695000000000004 15.315000000000003 1799.4150000000002 0.1169228398841501 7467.6500000000005 1866.7300000000002 4129.4000000000005 3058.6440749007938 10.150000000000002 0.10500000000000044
decision_type=2 2 2 2 2 2 2 2 2 2 2 2 2 2 2 2 10 2 10 2 2 2 8 2 2 2 2 2 8 2 2 2 2 2 2 2 2 2 2 2 2 8 2 2 2 2 2 2 2 8 2 2 10 8 2 2 2 2 2 2 10 10
left_child=1 4 3 11 8 15 -5 9 21 13 16 30 28 52 20 18 40 -13 25 54 -15 -1 -23 -19 -25 41 -11 -4 -7 -28 -2 53 33 -33 -12 37 -37 38 -10 -35 -8 -6 44 -44 -43 -45 -32 -31 -49 -24 -9 -52 -3 -29 -14 61 -57 -22 -59 -53 -20 -56
right_child=2 7 27 6 5 12 10 50 35 26 34 17 19 14 -16 -17 -18 23 60 -21 57 22 49 24 -26 -27 29 31 -30 47 46 32 -34 39 -36 36 -38 -39 -40 -41 -42 42 43 45 -46 -47 -48 48 -50 -51 51 59 -54 -55 55 56 -58 58 -60 -61 -62 -63
leaf_value=-0.039391839159496261 -0.0021194339247629992 -0.0032850292166594704 0.0061909871443705635 0.0013388847167039985 -4.4283848615173056e-05 -0.006465834441256587 -0.0041033280811606865 -0.00034732482565811407 -0.034061810736948681 -0.013895771761639109 -0.0047065879416631779 0.0023757267551350026 -0.038541506362259267 -0.043421126770179598 -0.0125249279531399 -0.00065534417218710288 -0.0036082752232776943 0.0019726237072880642 -0.091577085994935137 -0.00014777386943817128 -0.001999768433441778 -0.047922032398983079 0.0014189826484994779 -0.0071878718302189702 0.0014920976737166126 -0.0012856303921425811 -0.0029733417170804263 -0.0059527888232309058 -0.0015114394644737826 -0.001461433473237466 0.0011450099467534922 0.0012123165513957808 0.005291900542752497 -0.0018414234864251573 -0.0097931463137281727 0.0021073657545591642 -0.0325988282369876 -0.046917698118275994 -5.5927359559986069e-05 -0.0089279055362778501 -7.939265637830902e-05 -0.0023200001258815847 0.00013602394359634183 -0.0010768389560398572 -0.0015259789822389817 -0.0040516675691572874 0.00055647247039572825 -0.0017619003066045198 -0.0048245449673081598 -0.0056625562967821293 -0.00016416122170664641 -0.00053384418514867971 -0.00010664871153982069 0.0064630878135504511 -0.020027544605254105 -0.000306567738638024 -0.0074335652958089369 -0.0051399087956852003 0.0013639195130852109 -0.0051704385330715663 -0.012948562951989664 -0.0046753677307189937
leaf_weight=81 274 119 30769 1618 197 79 161 4977 137 475 471 11743 400 40 164 646 307 5487 105 64 715 51 159 131 179 893 108 58 276 408 4219 486 1499 136 228 52 53 777 67 132 1403 737 244 258 301 2271 3493 3156 866 275 293 75 45 7987 497 81 232 80 1035 180 322 40
leaf_count=81 274 119 30769 1618 197 79 161 4977 137 475 471 11743 400 40 164 646 307 5487 105 64 715 51 159 131 179 893 108 58 276 408 4219 486 1499 136 228 52 53 777 67 132 1403 737 244 258 301 2271 3493 3156 866 275 293 75 45 7987 497 81 232 80 1035 180 322 40
internal_value=0.00181992 -0.00581808 0.00419734 0.00264796 -0.00892319 -0.00770173 -0.00177894 -0.00355139 -0.0145662 -0.00525291 -0.00471412 0.00337431 -0.0129557 -0.00195634 -0.00106437 -0.00623197 -0.00248077 0.00408415 -0.0068647 -0.0150388 -9.62052e-05 -0.0072381 -0.00512346 0.00263056 -0.00405145 -0.00634517 -0.00669765 0.0053183 -0.00522472 -0.00616259 0.00181495 0.00436237 0.00235049 -0.00215364 -0.01068 -0.0183753 -0.00849057 -0.0194236 -0.0126146 -0.00863197 -0.00105815 -0.00714941 -0.00751417 -0.00648234 -0.0102618 -0.00715257 0.00204745 -0.00590386 -0.00638031 -0.00318621 -0.00133008 -0.00526776 -0.0129455 0.00492543 -0.0158034 -0.0139953 -0.00949682 0.00032769 0.00201613 -0.00996094 -0.0127991 -0.0165948
internal_weight=92812 22031 70781 29714 9295 7643 4188 12736 1652 7211 2570 25526 1669 2198 2034 5974 1871 17540 5328 1314 1870 566 485 5797 310 4901 5013 41067 355 4538 7986 10298 2253 754 699 1086 105 981 204 268 1564 4008 3811 2773 1038 2529 7712 4430 4022 434 5525 548 164 8045 1250 850 313 1830 1115 255 427 537
internal_count=92812 22031 70781 29714 9295 7643 4188 12736 1652 7211 2570 25526 1669 2198 2034 5974 1871 17540 5328 1314 1870 566 485 5797 310 4901 5013 41067 355 4538 7986 10298 2253 754 699 1086 105 981 204 268 1564 4008 3811 2773 1038 2529 7712 4430 4022 434 5525 548 164 8045 1250 850 313 1830 1115 255 427 537
is_linear=0
shrinkage=0.03


Tree=25
num_leaves=63
num_cat=0
split_feature=9 10 11 1 9 9 11 1 1 8 11 21 9 1 0 20 10 26 16 1 22 8 20 22 22 16 6 4 26 1 6 4 10 9 7 22 4 1 12 1 12 20 22 12 12 21 22 4 20 22 12 12 20 0 8 25 8 9 18 25 22 25
split_gain=1751.85 151.43 142.087 70.6831 69.7724 53.5459 45.334 41.0664 39.1865 36.5196 29.3169 25.8726 23.5801 21.0229 28.6741 20.3559 20.0826 19.9752 19.2072 18.2065 22.4837 18.8451 18.2037 17.5793 16.7853 14.5334 14.5006 14.4682 16.0444 13.8979 19.973 14.5555 13.4649 12.6961 12.6718 16.9298 16.9406 14.9241 13.1375 11.4434 16.744 11.2727 16.1009 11.0845 10.9497 10.781 10.4578 10.4312 10.3332 10.3292 9.96875 9.90976 9.85803 9.8423 9.80058 9.65194 13.5993 11.2008 11.0807 9.64654 9.55703 10.4491
threshold=2749.0550000000007 2165.1550000000002 2916.7250000000004 5.5000000000000009 1001.8050000000001 3693.4700000000003 2600.5500000000006 5.5000000000000009 1.0000000180025095e-35 0.7254836971458194 2208.9800000000005 4370.0233333333344 2487.2200000000007 1.0000000180025095e-35 19.500000000000004 -6315.7499999999991 512.20000000000016 5.7800000000000002 4199.8350000000009 5.5000000000000009 3667.9947098214293 0.99445195900249039 -23231.349999999995 3744.2359548611116 6496.5747743055554 5499.2400000000007 -0.47114434510950048 1.0000000180025095e-35 9.8150000000000031 5.5000000000000009 -0.68322629814330815 1.0000000180025095e-35 3040.8950000000004 3251.3300000000004 -0.36647417525074694 2918.5067311507942 1.0000000180025095e-35 1.5000000000000002 6094.9671875000013 5.5000000000000009 4865.5407142857157 -695.05000000000007 4615.620642361112 3208.0075000000002 3621.0675446428581 5026.0100000000011 4915.0896734457674 1.0000000180025095e-35 -11310.299999999997 2918.5067311507942 5163.3877306547629 5337.1365327380963 -15566.749999999998 17.500000000000004 0.18281312110578132 18.385000000000002 0.063390085881955341 1729.365 6983.6500000000005 20.555000000000003 3182.4987201427052 18.880000000000006
decision_type=2 2 2 2 2 2 2 2 2 2 2 2 2 2 2 2 2 8 2 2 2 2 2 2 2 2 2 2 10 2 2 2 2 2 2 2 2 2 2 2 2 2 2 2 2 2 2 2 2 2 2 2 2 2 2 8 2 2 2 10 2 8
left_child=1 4 3 15 8 11 12 17 16 55 33 47 19 14 -8 23 -1 -6 44 21 53 24 -15 -2 49 -14 -27 28 -18 31 46 -13 -33 -5 35 -19 48 -36 59 40 43 42 -12 -10 -16 52 -31 -4 -37 -3 -35 -44 -24 -21 -25 -9 57 -57 -59 60 -39 -62
right_child=2 6 5 10 7 -7 13 9 39 -11 41 29 25 22 18 -17 27 34 -20 20 -22 -23 45 54 -26 26 -28 -29 -30 30 -32 32 -34 50 37 36 -38 38 -40 -41 -42 -43 51 -45 -46 -47 -48 -49 -50 -51 -52 -53 -54 -55 -56 56 -58 58 -60 -61 61 -63
leaf_value=-0.038637029809380018 0.00090382254121706149 -0.0025502064512226397 0.002063855406513966 -0.0050547529665600291 -0.0002154250697020239 0.0065979517490068751 -0.0025299766702965628 -0.053640597803865299 -0.022434859596921503 0.00020504878060295439 -0.00011340750540439064 0.0019477900691956189 -0.0021792464821430192 -0.0059600501365982203 0.0013016020448804099 0.002430424521114838 -0.0020688205545146676 -0.0027675675809909614 0.0018066376482118321 0.00038693379055191891 -0.013509588386443089 -0.0025106233274964354 -0.00097927105411998333 -6.7333062968497374e-05 -0.022636007315955265 -0.0027062484732580413 0.00014524228085898065 -0.041360778414819631 -0.0092698822035145855 -0.0023306498863857228 0.00034725945661346946 -0.0067916055501496481 0.00022257953356797058 0.00056032411420935721 -0.0011960056638012635 -0.0041158694891737417 -0.085072707529873892 0.00031935273695612889 -0.038045503778612502 -0.066439649023762232 -0.04910090909627618 0.0022778280625756083 -0.0029809585575458764 -0.031221799213901329 -0.0049772965350663159 -0.0047340816931913283 -0.0074019827526563588 0.00055030562546483103 -0.0011228743555510244 -0.0015970027791794869 -0.0064753786134408298 -0.0091014415021685273 -0.00024135814237724173 -0.0048754361428051144 -0.0011795806112010507 -0.033303234989087042 -0.0085148760504968994 -0.00071834667938715843 -0.0089721540111746458 0.00027954375973950231 -0.00072481102069601121 -0.002714396181033718
leaf_weight=106 3017 98 14995 520 563 36541 194 325 369 145 1226 7023 95 104 51 2766 484 92 1775 114 408 115 1018 1817 58 933 864 74 50 74 583 92 271 217 1257 2464 125 125 149 208 90 278 304 575 126 867 77 851 232 2467 187 109 2218 188 268 163 146 79 172 155 277 1349
leaf_count=106 3017 98 14995 520 563 36541 194 325 369 145 1226 7023 95 104 51 2766 484 92 1775 114 408 115 1018 1817 58 933 864 74 50 74 583 92 271 217 1257 2464 125 125 149 208 90 278 304 575 126 867 77 851 232 2467 187 109 2218 188 268 163 146 79 172 155 277 1349
internal_value=0.00186427 -0.00564785 0.00412873 0.000943417 -0.00840368 0.00469247 -0.00334377 -0.00713416 -0.0134716 -0.0127158 -0.00311189 0.00359019 -0.00538101 -0.00163078 0.000785282 0.00240793 -0.00785455 -0.00628546 0.00188018 -0.00685764 -0.0111392 -0.0057437 -0.00286312 0.00128395 -0.00521799 -0.0026878 -0.00207898 -0.00573399 -0.00399252 0.00221278 -0.00172245 0.00260403 -0.00324725 -0.00749838 -0.00677482 -0.00821963 -0.00780085 -0.00550196 -0.00707685 -0.0166919 -0.0153681 -0.000994786 -0.00194268 -0.016546 -0.00751685 -0.00254678 -0.0114079 0.00429583 -0.00729477 -0.00485191 -0.0034963 -0.00705797 -0.00174977 -0.00491089 -0.000834132 -0.015 -0.0125668 -0.0153398 -0.0112857 -0.00639958 -0.00703425 -0.00764843
internal_weight=92683 21467 71216 10709 9774 60507 11693 7818 1956 1030 2841 23966 5340 6353 2146 7868 714 6788 1952 3448 710 2738 4207 5102 2623 1892 1797 608 534 8120 734 7386 363 924 6225 2913 2821 3312 2055 1242 1034 1917 1639 944 177 4103 151 15846 2696 2565 404 413 3236 302 2085 885 560 414 251 1906 1751 1626
internal_count=92683 21467 71216 10709 9774 60507 11693 7818 1956 1030 2841 23966 5340 6353 2146 7868 714 6788 1952 3448 710 2738 4207 5102 2623 1892 1797 608 534 8120 734 7386 363 924 6225 2913 2821 3312 2055 1242 1034 1917 1639 944 177 4103 151 15846 2696 2565 404 413 3236 302 2085 885 560 414 251 1906 1751 1626
is_linear=0
shrinkage=0.03


Tree=26
num_leaves=63
num_cat=0
split_feature=9 9 9 1 0 9 1 1 1 0 22 20 22 10 27 21 20 1 15 9 27 20 1 22 27 15 22 25 15 27 6 12 17 0 12 15 15 7 7 25 20 20 14 11 17 14 12 27 17 25 19 25 25 14 15 7 11 7 11 24 25 14
split_gain=1602.42 135.293 131.586 97.2945 63.7826 61.2744 47.9968 35.8999 34.7303 39.2711 30.9667 29.144 27.217 21.0904 18.7817 18.5234 19.4569 33.2318 20.5237 18.3652 18.1851 17.9627 17.4314 17.3551 15.6418 15.102 14.4926 14.3972 14.2606 14.2069 14.1667 13.581 14.7365 17.7418 13.3115 12.3886 12.3278 15.7116 13.7361 26.8198 12.6419 11.9935 11.4168 12.2916 11.4039 11.3953 11.3529 12.4125 11.78 11.1579 11.1274 10.7824 10.4485 11.8146 10.4345 10.3458 16.4715 10.8063 11.8986 10.3228 10.2873 10.429
threshold=2767.2650000000003 2149.4650000000006 3501.1550000000002 5.5000000000000009 30.500000000000004 1001.8050000000001 1.0000000180025095e-35 1.0000000180025095e-35 5.5000000000000009 31.500000000000004 4928.4344903273823 -18108.899999999998 4811.0018725198424 512.20000000000016 -0.13499999999999976 4969.1083333333345 -1386.2499999999989 5.5000000000000009 5628.3374479166678 3000.4250000000006 -1.0000000180025095e-35 -11629.65 5.5000000000000009 2976.4773549107149 0.019999999999998689 4248.6234375000013 3609.5002461557547 15.095000000000001 4076.789791666667 0.23999999999999935 -0.63405362205439475 4793.6742187500013 2215.7550000000006 16.500000000000004 3096.4121279761907 4215.4464583333347 3211.1236979166674 -0.36647417525074694 -0.97113884758256674 15.615000000000002 -16347.049999999997 -10299.65 1568.5376324497022 1499.8050000000001 2088.6200000000003 2647.7941811849987 3678.1891741071436 0.47500000000000148 615.69500000000016 19.175000000000004 32303.700000000001 19.075000000000003 19.085000000000004 2720.9004750483782 4340.8775520833342 -0.814291907305839 2907.7250000000004 -0.47558551945199218 2964.4150000000004 1.9875000000000027 16.695000000000004 2860.1106661458707
decision_type=2 2 2 2 2 2 2 2 2 2 2 2 2 2 10 2 2 2 2 2 10 2 2 2 10 2 2 8 2 8 2 2 2 2 2 2 2 2 2 8 2 2 2 2 2 2 2 10 2 10 2 10 10 2 2 2 2 2 2 2 8 2
left_child=1 5 3 12 -5 7 25 13 11 -10 29 45 19 -1 36 -4 17 -17 -19 -2 -16 -14 28 31 -22 35 -11 -15 34 54 -12 32 33 -13 -9 -7 40 38 39 -38 42 -31 -8 -44 51 -3 47 48 -26 -30 -36 -39 53 -29 -6 56 -40 58 -57 -23 -25 -62
right_child=2 8 15 4 10 6 14 22 9 26 30 23 21 27 20 16 -18 18 -20 -21 24 59 -24 60 46 -27 -28 52 49 41 -32 -33 -34 -35 50 -37 37 44 55 -41 -42 -43 43 -45 -46 -47 -48 -49 -50 -51 -52 -53 -54 -55 -56 57 -58 -59 -60 -61 61 -63
leaf_value=-0.037797595322894839 0.00098568166640882284 -0.0014074825413656579 0.0053969441948203741 0.0012028729699197138 -0.0045483375048250736 -0.0013816730344242206 -0.0028722350741118862 -0.023409338963175326 -0.00017355264179501966 -0.0019676412708631691 -0.0084630414806380321 -0.0026106371293701945 -0.0028793264165251535 -0.039573218232793743 0.000154681220319679 0.0030246572245256082 0.0062147164074015035 0.00013731360723355699 -0.0086279378455261842 0.0021677322118234341 -0.044913034923114201 -0.00024630167399000301 -0.064453008093324993 -0.0015384141419523712 -0.0092740165851898301 0.0014837873542760071 -0.010240310498070586 0.00066599628196292336 -0.0018434883326695849 -0.0031612786084573652 -0.0044769659913192327 -0.0029768160941067434 0.00021512930669555439 -0.00070006097414218626 -0.011597484297997526 -0.010881356220071945 -0.093340001059358829 -0.004543179110106519 -0.020385105000233401 -0.0028193276183832517 0.00040194542815906442 -0.00015262745320245447 -0.054966580401881258 -0.0027728506356493872 0.00062397972191386374 -0.0025561324388159545 -0.006161062881938551 -0.0081856339648266156 -0.00049664247260697465 -0.028687719082724543 -0.036179597530209037 -0.00034416304012427042 -0.0083384340593665035 -0.0085651336780859025 -8.2620014715594593e-05 -0.003604602521357515 -0.00027036671704309609 -0.0080391059179147281 -0.0081300300224327778 0.0017663824165325892 0.00011311040182884191 -0.0019046622107661343
leaf_weight=107 5503 1962 32848 1471 164 1461 75 275 565 344 326 234 732 56 387 2205 8261 275 201 10150 68 1155 228 356 103 329 595 263 153 244 342 67 352 317 101 42 88 1624 359 358 225 1144 123 410 85 603 313 494 880 56 510 181 55 365 78 540 47 235 111 5412 4449 1522
leaf_count=107 5503 1962 32848 1471 164 1461 75 275 565 344 326 234 732 56 387 2205 8261 275 201 10150 68 1155 228 356 103 329 595 263 153 244 342 67 352 317 101 42 88 1624 359 358 225 1144 123 410 85 603 313 494 880 56 510 181 55 365 78 540 47 235 111 5412 4449 1522
internal_value=0.00191882 -0.00513509 0.00412704 0.00246785 -0.00199894 -0.00755491 -0.00640965 -0.0120581 -0.00285511 -0.00710033 -0.00512049 -0.00220704 0.00320141 -0.00721842 -0.00758521 0.00513941 0.00406945 0.00184787 -0.00533333 0.00390686 -0.00534283 0.00168822 -0.015145 -0.00123979 -0.0065745 -0.00210475 -0.0108574 -0.0054 -0.0135493 -0.0028878 -0.0105561 -0.00497425 -0.00399558 -0.00705435 -0.0152131 -0.00337899 -0.00871224 -0.00946872 -0.0115308 -0.00696644 -0.00541007 -0.0017149 -0.00765517 -0.00608989 -0.00756742 -0.00495713 -0.00603015 -0.00492422 -0.00296951 -0.00645714 -0.0176863 -0.00807309 -0.00418421 -0.00307154 -0.00958025 -0.0130998 -0.017086 -0.0112559 -0.00923926 0.00218514 -0.000666561 -0.00037073
internal_weight=92584 22073 70511 26721 3769 10707 8538 2169 11366 1504 2298 9862 22952 846 6706 43790 10942 2681 476 15653 2245 7299 1323 7297 1858 1832 939 739 1095 1630 668 970 903 551 886 1503 4461 3628 1738 446 833 1388 608 533 1890 2565 1790 1477 983 209 611 1805 683 628 242 1292 406 886 651 6567 6327 5971
internal_count=92584 22073 70511 26721 3769 10707 8538 2169 11366 1504 2298 9862 22952 846 6706 43790 10942 2681 476 15653 2245 7299 1323 7297 1858 1832 939 739 1095 1630 668 970 903 551 886 1503 4461 3628 1738 446 833 1388 608 533 1890 2565 1790 1477 983 209 611 1805 683 628 242 1292 406 886 651 6567 6327 5971
is_linear=0
shrinkage=0.03


Tree=27
num_leaves=63
num_cat=0
split_feature=9 11 9 9 3 0 9 3 22 0 3 6 8 9 7 22 22 22 20 25 21 7 16 10 4 15 4 22 16 16 7 8 20 16 25 25 18 7 15 8 11 22 10 15 21 6 8 12 6 22 22 2 25 0 22 8 8 18 18 8 22 16
split_gain=1567.64 131.108 113.53 54.5731 42.6973 42.4732 38.945 29.8238 25.8605 25.6801 25.6286 35.7135 22.0114 21.6073 21.54 24.2437 22.1842 21.0192 19.2296 18.2585 20.5614 26.3808 20.3911 15.7566 15.4372 14.8685 13.8664 20.1078 13.5517 17.0903 21.2409 13.6197 13.5308 13.7441 13.3569 15.4346 12.6147 19.391 14.8875 13.2378 12.2798 11.8568 11.4516 11.3645 11.2814 11.2639 11.909 11.0951 11.0032 10.7747 10.7087 12.7764 10.6537 10.6275 10.5131 12.2272 10.3123 10.1091 9.93752 10.1027 12.5071 9.68951
threshold=2767.2650000000003 3126.8050000000007 2220.0700000000002 999.58000000000015 1.0000000180025095e-35 33.500000000000007 3614.9450000000002 1.0000000180025095e-35 5474.1066542658737 58.500000000000007 1.0000000180025095e-35 -0.19509032201612839 0.71353761266622884 3120.1450000000004 0.46039464932087154 4849.2593365575403 4082.0383172123015 4849.2593365575403 -11629.65 16.975000000000005 2285.2016666666673 0.46039464932087154 7000.1450000000013 2980.5050000000006 1.0000000180025095e-35 5516.393020833334 1.0000000180025095e-35 5196.5578106398816 4129.4000000000005 6258.8050000000012 -0.37447345805034543 0.99445195900249039 -11961.399999999998 9999.8600000000024 20.545000000000005 19.085000000000004 10386.550000000001 0.97875492728876534 3014.6370833333335 0.52583933546504591 1197.7900000000002 5688.8591840277786 2429.1500000000001 4642.3299479166681 3223.1933333333341 -0.63405362205439475 0.063390085881955341 3096.4121279761907 -0.5 2918.5067311507942 5501.8094450644849 9.5000000000000018 17.275000000000002 66.500000000000014 5170.2504799107146 0.3484035575467645 -0.91595872546125101 9161.4500000000025 9003.0500000000011 0.95691861501572195 2912.6258153521826 4746.7500000000009
decision_type=2 2 2 2 2 2 2 2 2 2 2 2 2 2 2 2 2 2 2 8 2 2 2 2 2 2 2 2 2 2 2 2 2 2 8 10 2 2 2 2 2 2 2 2 2 2 2 2 2 2 2 2 10 2 2 2 2 2 2 2 2 2
left_child=2 4 3 14 18 -6 17 9 13 23 19 41 36 -7 40 16 -16 24 42 53 21 22 -21 28 -3 -10 -20 -28 -5 34 49 -32 33 -22 35 61 38 -38 39 -9 47 -12 -2 -33 -41 46 -26 -1 56 -31 -8 -52 58 54 55 -4 -19 -27 -24 60 -60 -30
right_child=1 6 10 7 5 8 50 12 25 -11 11 -13 -14 -15 15 -17 -18 48 26 20 32 -23 52 -25 45 57 27 -29 29 30 31 43 -34 -35 -36 -37 37 -39 -40 44 -42 -43 -44 -45 -46 -47 -48 -49 -50 -51 51 -53 -54 -55 -56 -57 -58 -59 59 -61 -62 -63
leaf_value=-0.019697202105892816 -0.0026021409438770865 0.0022648218342853797 4.1320835610313207e-05 -0.0043864864376787068 0.0012792406155373972 -0.0015764718367573469 0.0061857565376878636 -0.0026820989505774761 -0.003257719437507153 -0.00038692871936347068 -0.0035186296185584155 -0.0002780533047625018 -0.00079761434647365997 0.00043570587422416917 -0.019258327302788463 -0.046600838732454353 0.00072167662243251664 0.0017020695190536395 0.0016153274801099734 -0.0024398950463278626 0.00062313448748182402 0.00074924773890024305 -0.0008124615510264545 -0.00071635502250540402 0.0025499677546928102 -0.019693757261674272 0.0011995813740407731 -0.0065073544565269247 -0.0055669511791827985 -0.0023738689525522093 -0.0018639706358841485 -0.0022004340402818024 0.00083835740406964815 -0.0013276518875098833 8.6807101143580217e-05 -0.01872909006612989 -0.00078988778138702558 -0.0064225674110342749 -0.019897634663125548 -0.00031093101287176563 -0.014176560158757944 -0.0069370961265376521 0.00057389430848011659 -0.0018653319063401338 -0.035881939852809304 0.0015924178806204872 -0.0085172865647747207 -0.062216338528759178 0.0019013825108310026 -0.0060503296317353074 0.0045035331750136933 -0.0061641184217464231 0.00015801252534091209 0.00015243694006622331 -0.0074373864277997442 -0.0025440589581608719 -0.001929531634996853 -0.0066155327435332206 -0.0020628359261597546 -0.0019149154366844457 -0.00021965617170213925 -0.0011057212441666681
leaf_weight=134 343 10217 175 138 2099 1413 32548 258 319 1022 1373 1251 379 2154 244 383 103 754 8271 357 978 280 506 492 71 75 309 94 143 101 2426 63 1846 1992 585 61 284 139 1380 42 779 208 1553 64 74 403 156 153 4441 1968 4525 45 365 135 136 250 818 150 48 211 206 412
leaf_count=134 343 10217 175 138 2099 1413 32548 258 319 1022 1373 1251 379 2154 244 383 103 754 8271 357 978 280 506 492 71 75 309 94 143 101 2426 63 1846 1992 585 61 284 139 1380 42 779 208 1553 64 74 403 156 153 4441 1968 4525 45 365 135 136 250 818 150 48 211 206 412
internal_value=0.00192213 0.00410221 -0.00504385 -0.00705005 0.00178595 -0.000188375 0.00482221 -0.0061866 -0.00196109 -0.00522873 -0.00274355 -0.00517402 -0.00898475 -0.00103083 -0.0118664 -0.0158413 -0.0100517 0.00362612 0.0029458 -0.0018234 -0.00134845 -0.00392705 -0.00533766 -0.00592842 0.00441482 -0.00804771 0.00354398 -0.00188614 -0.00635424 -0.00613187 -0.00696042 -0.00512608 -0.000291468 -0.00154493 -0.0029401 -0.00601945 -0.010146 -0.00547642 -0.0112684 -0.005936 -0.00913215 -0.00816941 0.000208751 -0.0146719 -0.0143077 -0.000142631 -0.00547368 -0.0144375 0.00220286 -0.00922029 0.00536539 0.0040035 -0.00363052 -0.00644763 -0.00826335 -0.00591549 4.57724e-05 -0.0139381 -0.00527161 -0.00843348 -0.00437647 -0.00442446
internal_weight=92902 70758 22144 11827 16780 6210 53978 10031 4111 7475 10317 2832 2556 3567 1796 730 347 16860 10570 7485 6789 1973 1693 6453 10847 544 8674 403 5961 5823 4622 2553 4816 2970 1201 616 2177 423 1754 374 1066 1581 1896 127 116 630 227 287 6013 2069 37118 4570 1336 696 561 425 1572 225 971 465 254 555
internal_count=92902 70758 22144 11827 16780 6210 53978 10031 4111 7475 10317 2832 2556 3567 1796 730 347 16860 10570 7485 6789 1973 1693 6453 10847 544 8674 403 5961 5823 4622 2553 4816 2970 1201 616 2177 423 1754 374 1066 1581 1896 127 116 630 227 287 6013 2069 37118 4570 1336 696 561 425 1572 225 971 465 254 555
is_linear=0
shrinkage=0.03


Tree=28
num_leaves=63
num_cat=0
split_feature=9 9 11 1 1 0 9 9 9 1 9 8 8 1 9 21 15 20 21 25 25 8 7 7 8 18 1 7 15 25 18 18 17 20 14 19 21 12 21 15 12 12 14 0 12 21 17 12 15 18 1 17 15 12 12 14 7 17 14 7 1 0
split_gain=1373.79 132.885 103.367 82.33 57.9534 56.1828 44.7936 41.4993 29.6335 35.7863 28.0486 24.7196 23.0867 20.1837 32.3203 32.6607 26.3728 16.9307 16.6488 16.2541 15.7786 17.6999 15.3641 15.0535 14.0853 14.8926 20.4932 14.5677 12.4645 12.409 12.2124 11.9334 11.5453 11.5137 11.4225 11.064 11.9677 10.5697 12.1553 10.1389 10.0236 14.4222 12.7068 12.3109 9.98188 9.88357 9.73907 13.0121 13.8274 12.4939 10.5162 14.7522 10.0363 17.4803 9.43419 8.94857 8.90888 8.84037 8.81561 8.74472 8.69575 10.2768
threshold=2767.2650000000003 3501.1550000000002 2410.8400000000006 5.5000000000000009 5.5000000000000009 29.500000000000004 1799.4150000000002 399.17500000000007 2328.2100000000005 1.0000000180025095e-35 3000.7850000000003 0.029024409397335523 -0.26037106507032781 5.5000000000000009 4477.9300000000012 4895.8033333333342 5853.4142187500011 -13698.449999999999 4574.9716666666673 18.925000000000004 17.385000000000002 0.063390085881955341 -0.99275805973510278 -0.82415615971448097 0.99445195900249039 7429.8500000000013 1.0000000180025095e-35 0.95242846126021108 3927.750364583334 17.860000000000003 10695.750000000002 7024.1500000000005 860.63000000000022 -20131.349999999995 1892.4725538743403 47127.450000000004 3605.9666666666672 5163.3877306547629 4227.8900000000003 4302.0851041666674 4255.8156250000011 3596.7135267857147 1747.9299038098211 32.500000000000007 5452.9806175595249 4386.4916666666677 2178.6900000000005 3067.6820610119053 4228.2401041666681 13892.250000000002 2.5000000000000004 900.15500000000009 4829.5138541666674 4314.57646577381 6137.2110714285727 2551.0961254224735 -0.90893996196865023 3547.4100000000003 2937.4342249091283 -0.68430824382591193 1.0000000180025095e-35 40.500000000000007
decision_type=2 2 2 2 2 2 2 2 2 2 2 2 2 2 2 2 2 2 2 8 10 2 2 2 2 2 2 2 2 10 2 2 2 2 2 2 2 2 2 2 2 2 2 2 2 2 2 2 2 2 2 2 2 2 2 2 2 2 2 2 2 2
left_child=2 3 4 10 7 -5 20 22 9 40 33 31 37 -3 15 -15 -17 24 -12 -14 -6 39 -1 -11 25 26 32 29 -28 46 -26 -8 -9 -2 -29 36 -36 -7 -39 -22 41 43 -43 -4 55 -35 47 56 49 50 -49 -52 -50 -54 -55 -30 -27 -18 -40 -47 -31 -62
right_child=1 13 8 5 6 12 11 17 -10 23 18 -13 19 14 -16 16 57 -19 -20 -21 21 -23 -24 -25 30 27 28 34 44 60 -32 -33 -34 45 35 -37 -38 38 58 -41 -42 42 -44 -45 -46 59 -48 48 52 -51 51 -53 53 54 -56 -57 -58 -59 -60 -61 61 -63
leaf_value=0.0017448984917245998 -0.0027628629654156888 0.0054464656730541568 -0.003744533287253304 0.0012311941597058778 -0.049388646317506738 -0.0037514865647839059 -0.0038161426613748644 0.0015514497263545183 -0.00046482426638159416 -0.001270769535280889 0.0019744419320517469 -0.0015144737887636882 -0.0032254885638313322 0.0015395186457888073 0.0062783741750747982 -0.00014525836829417695 -0.0086856675921840303 -0.00045662175427761096 0.001497478374101721 -0.00025559599611824139 -0.041123197075526662 0.0017413849566877649 -0.03451780413276314 -0.0030933234911021579 -0.0001995216065988421 0.00072767634429712316 -0.015944618480832395 -0.00048987656370501993 -0.0084413621191778924 0.0010053544890728109 -0.0019091750333886737 -0.011049182179307653 -0.0032799021860772317 0.00093811516366690837 -0.0041885032314728466 -0.0093431191555160709 -0.0018311627301883426 0.00092939138232511688 -0.0078206210358203916 -0.0063152564130149347 0.00088513102806486482 -0.0053233185822816713 -0.0025498598725670935 0.0017278750153381245 -0.022590529716096461 -0.0019883935399771461 -0.00016584854894524941 -0.004191421657420067 -9.0024247223918282e-06 0.00093207380409306606 -0.025723072134845093 -0.00093640540875686545 -0.0061382087720416945 0.00016167660620034136 -0.046841850933099859 -0.0011054147541492165 -0.0018364083880404258 -0.0012844972906187126 -0.0037923665746433946 0.00079225878182682865 0.00025229274335120371 -0.0015532316605580746
leaf_weight=55 86 35848 49 1415 503 588 172 277 6317 673 10356 685 290 2311 4778 593 180 827 4600 1155 77 61 502 2191 46 283 928 140 62 250 129 607 271 5495 71 192 287 44 142 53 1036 54 254 212 69 759 368 592 339 51 100 374 115 174 77 353 895 64 132 1636 341 984
leaf_count=55 86 35848 49 1415 503 588 172 277 6317 673 10356 685 290 2311 4778 593 180 827 4600 1155 77 61 502 2191 46 283 928 140 62 250 129 607 271 5495 71 192 287 44 142 53 1036 54 254 212 69 759 368 592 339 51 100 374 115 174 77 353 895 64 132 1636 341 984
internal_value=0.00199784 0.00404427 -0.00452885 0.00237604 -0.00653258 -0.00173454 -0.0109551 -0.00548869 -0.00242737 -0.00429664 0.00305115 -0.00796997 -0.00457653 0.00506166 0.00369068 0.00132995 -0.00374463 -0.00497324 0.00381734 -0.00221992 -0.0172317 -0.0098125 -0.0134194 -0.00630576 -0.00540765 -0.00521227 -0.00746558 -0.00442705 -0.0093758 -0.00385558 -0.0138068 -0.0116231 -0.00253552 0.00161414 -0.00850941 -0.0104537 -0.00730362 -0.00832856 -0.0127335 -0.0160305 -0.000709838 -0.00390526 -0.00829126 0.00128244 -0.00545567 0.00173362 -0.00488335 -0.00544818 -0.00703675 -0.0091127 -0.00980694 -0.00645474 -0.00373938 -0.00717711 -0.00271429 -0.00367788 -0.00298728 -0.0120245 -0.0150764 0.000125209 -0.00165609 -0.00262443
internal_weight=92568 70472 22096 26698 11310 3766 2158 9152 10786 4469 22932 1464 2351 43774 7926 3148 837 8595 14956 1445 694 191 557 2864 7768 7593 1960 5633 1412 4943 175 779 548 7976 690 550 358 906 318 130 1605 569 308 261 484 7890 3368 3000 1822 1117 1066 474 705 366 251 415 1178 244 274 2395 1575 1325
internal_count=92568 70472 22096 26698 11310 3766 2158 9152 10786 4469 22932 1464 2351 43774 7926 3148 837 8595 14956 1445 694 191 557 2864 7768 7593 1960 5633 1412 4943 175 779 548 7976 690 550 358 906 318 130 1605 569 308 261 484 7890 3368 3000 1822 1117 1066 474 705 366 251 415 1178 244 274 2395 1575 1325
is_linear=0
shrinkage=0.03


Tree=29
num_leaves=63
num_cat=0
split_feature=9 9 9 9 21 4 3 10 3 9 27 10 10 7 3 6 6 18 22 15 17 17 21 25 22 20 27 7 4 27 27 20 21 3 15 7 7 7 12 21 9 12 22 12 2 22 23 3 22 21 18 3 17 16 22 12 7 27 17 0 25 7
split_gain=1317.95 119.462 103.371 51.636 47.0377 37.3452 39.0545 26.0926 22.0454 18.1516 17.8899 17.2948 16.9604 18.3295 16.5835 25.2927 15.8426 18.9205 15.6125 19.8408 17.5874 16.2549 15.0279 20.0899 13.999 13.9289 13.886 13.882 13.2732 13.0623 22.5676 12.6445 12.468 12.2534 11.3355 11.3225 10.8441 14.8058 18.7002 10.8333 10.1717 10.0136 9.9214 14.1363 16.4356 13.6495 14.9484 17.4417 18.9812 9.81681 9.76065 9.59856 9.5529 10.629 8.82774 13.4339 10.1749 8.81816 9.89277 8.80782 8.66905 9.30638
threshold=2800.7550000000006 3614.9450000000002 2487.2200000000007 1001.8050000000001 4212.2701282051294 1.0000000180025095e-35 1.0000000180025095e-35 2782.6750000000006 1.0000000180025095e-35 3042.5750000000003 -0.35500000000000126 200.72500000000002 3260.6050000000005 -0.46038400545438724 1.0000000180025095e-35 -0.19509032201612839 0.44228869021900119 10041.750000000002 4903.1721719990092 3211.1236979166674 1093.3700000000001 900.15500000000009 4969.1083333333345 15.210000000000003 2872.4511520337305 763.34999999999957 0.96499999999999997 -0.60554068365937697 1.0000000180025095e-35 0.16499999999999918 -0.47000000000000058 -16922.499999999996 5529.0816666666678 1.0000000180025095e-35 3408.7076041666674 0.49065764355977465 -0.97113884758256674 -0.79384350655589164 4469.4349181547632 4304.1883333333344 3000.7850000000003 5090.2184598214299 4334.8955617559532 5211.4949032738105 4.5000000000000009 3694.9052616567465 21.506250000000005 1.0000000180025095e-35 3934.8474875992065 6107.8866666666681 9255.9500000000025 1.0000000180025095e-35 2277.6600000000003 7400.5750000000016 2970.1818607390878 4793.6742187500013 -0.35041564478062465 -0.17500000000000068 1692.6000000000001 67.500000000000014 19.275000000000002 0.15101559051660998
decision_type=2 2 2 2 2 2 2 2 2 2 10 2 2 2 2 2 2 2 2 2 2 2 2 8 2 2 10 2 2 8 10 2 2 2 2 2 2 2 2 2 2 2 2 2 2 2 2 2 2 2 2 2 2 2 2 2 2 8 2 2 10 2
left_child=2 4 3 8 9 6 40 18 11 -2 -10 -1 13 -7 31 50 17 49 24 20 21 35 -3 -24 -5 33 42 28 34 30 -13 -4 -31 -25 -21 -20 -36 -38 57 -12 -6 -35 45 -44 -45 60 -47 48 -48 52 -16 -11 -8 -54 55 56 -33 58 -39 -9 61 -26
right_child=1 22 14 7 5 12 16 59 10 51 39 29 -14 -15 15 -17 -18 -19 19 27 -22 -23 23 25 26 -27 -28 -29 -30 32 -32 54 -34 41 36 -37 37 38 -40 -41 -42 -43 43 44 -46 46 47 -49 -50 -51 -52 -53 53 -55 -56 -57 -58 -59 -60 -61 -62 -63
leaf_value=-0.033909630682808646 0.00089736906606297233 0.0055021965922100813 -0.0013012180908762105 -0.0029690300220331996 0.00062462448618134665 -0.01037127803230547 -0.0006746910846270385 -0.0020726030567167855 -0.055827950551227683 0.0022516243924911917 -0.058545274854307369 0.00015162328319236811 -0.0007733197598276889 -0.0019247141062773974 -0.0050419329956805422 -2.3878691594467568e-05 0.0021731432759598663 0.00028278849608112747 3.3103814496513995e-05 -0.017683421553448306 0.001068022152485562 -0.012056727442243526 -0.0064012510626720066 0.0037641309909227337 -0.0015630333795899455 0.006701552619686935 -0.011120285149819295 -0.0038327376357798798 -0.090043121404518714 -0.0030933251154116465 -0.022752759034751099 -0.0012410337802378837 -0.021312881552998396 0.0022128372678214257 -0.0029600031662003782 -0.015792992748577817 -0.019129197341299364 -0.013978499734724934 -0.0074495193483804199 -0.0026617693085826842 0.0020113154861410849 -0.0012243062696738886 0.00019709916173154206 -0.00089073231277658369 -0.0359635247047407 -0.00040020606869414625 -0.004140726420340227 -0.027765094477464974 -0.00097892992822963217 -0.0063165608787362909 -0.0017245432901239616 0.0010958750029660292 -0.0065744590975209943 -0.0042862893775777724 0.00025888285702540875 -0.0023161637806258231 0.00082355724047559987 0.00093281476111623158 -0.001323642202899335 0.0019204308019409721 -0.0060255575496975912 -0.00061881144599727311
leaf_weight=180 6401 29718 864 123 1900 191 724 1696 270 8707 95 157 250 121 572 1018 516 1118 327 121 299 182 45 2906 2995 5650 83 1999 64 562 627 306 152 557 393 101 397 48 94 110 5766 832 740 166 75 283 243 302 350 251 532 3193 59 407 3816 57 234 146 66 232 115 1776
leaf_count=180 6401 29718 864 123 1900 191 724 1696 270 8707 95 157 250 121 572 1018 516 1118 327 121 299 182 45 2906 2995 5650 83 1999 64 562 627 306 152 557 393 101 397 48 94 110 5766 832 740 166 75 283 243 302 350 251 532 3193 59 407 3816 57 234 146 66 232 115 1776
internal_value=0.00200616 0.00406997 -0.00422186 -0.00560925 0.00262739 0.00110563 0.00150028 -0.00491645 -0.00992201 0.00356715 -0.0156303 -0.0082978 -0.00642629 -0.0110799 -0.00130216 -0.00354122 -0.00135566 -0.00232266 -0.00545844 -0.00690609 -0.00297363 -0.00589198 0.00514538 0.00413772 -0.00461169 0.00422884 -0.00443709 -0.00797897 -0.0103579 -0.00723282 -0.00990573 -0.000401288 -0.00428811 0.00293994 -0.00966825 -0.00268531 -0.00873013 -0.0108431 -0.00635493 -0.0088835 0.00264589 0.000621583 -0.0042918 -0.00149084 -0.00778512 -0.0047446 -0.00764377 -0.00954241 -0.00653535 -0.00459362 -0.00668416 0.00426015 -0.00345088 -0.00679657 0.000248754 -0.00314047 -0.00166359 -0.00218391 -0.0084 -0.00168585 -0.0040442 -0.00384619
internal_weight=92280 69312 22968 15569 29604 11303 10741 13416 2153 18301 475 1678 562 312 7399 2122 3075 2559 11488 4237 909 610 39708 9990 7251 9945 7128 3328 1329 1498 784 5277 714 4295 1265 428 1144 751 354 205 7666 1389 7045 981 241 6064 1178 895 593 1441 1104 11900 1190 466 4413 597 540 260 114 1928 4886 4771
internal_count=92280 69312 22968 15569 29604 11303 10741 13416 2153 18301 475 1678 562 312 7399 2122 3075 2559 11488 4237 909 610 39708 9990 7251 9945 7128 3328 1329 1498 784 5277 714 4295 1265 428 1144 751 354 205 7666 1389 7045 981 241 6064 1178 895 593 1441 1104 11900 1190 466 4413 597 540 260 114 1928 4886 4771
is_linear=0
shrinkage=0.03


Tree=30
num_leaves=63
num_cat=0
split_feature=10 10 17 6 1 1 0 26 17 18 1 24 17 17 7 15 4 4 1 25 12 18 7 10 7 8 15 12 26 5 18 27 17 12 25 14 18 7 7 25 15 17 12 16 18 14 8 7 27 16 0 17 10 10 8 14 12 17 1 8 27 5
split_gain=1081.49 117.203 99.2496 75.2068 69.9939 67.3267 45.7176 44.5729 40.251 37.342 33.7457 28.2194 25.3176 25.2116 24.7265 24.9189 22.2785 21.6826 21.2846 21.1652 20.9755 19.843 18.1368 16.1547 15.7344 14.9601 16.7714 16.3292 15.9578 14.938 14.5002 14.2147 13.5805 14.9821 13.5247 13.5021 13.0216 12.643 22.8762 15.8157 16.5474 12.6042 14.6379 17.8952 17.1984 12.5773 12.5673 12.6775 12.1013 12.316 12.0351 11.9514 11.9435 11.5593 11.4173 11.2121 11.6073 12.5126 10.791 10.7415 23.0409 10.571
threshold=2810.9650000000006 3511.7150000000006 2049.2700000000004 -0.5277851165098012 5.5000000000000009 5.5000000000000009 31.500000000000004 10.600000000000001 999.98000000000013 7506.4500000000007 5.5000000000000009 8.3250000000000011 499.45500000000004 1999.9700000000003 0.46039464932087154 4228.2401041666681 1.0000000180025095e-35 1.0000000180025095e-35 1.5000000000000002 18.015000000000004 6508.7187946428576 11589.150000000003 -0.97509794945709805 4487.7650000000003 -0.96235977360714686 -0.25206183926700709 4796.8365625000015 4351.0766964285722 5.4450000000000012 -0.47114434510950048 15050.250000000002 0.13999999999999882 1989.7850000000001 5397.5390922619054 16.605000000000004 2749.669004677397 10452.250000000002 -0.88622299073327826 -0.86976336936302323 16.045000000000005 3183.39015625 2598.5500000000006 4730.0103645833342 7000.6100000000015 5769.2500000000009 1874.8736049395243 -0.98801846520836312 -0.90893996196865023 -0.57999999999999996 4824.7350000000006 20.500000000000004 1799.3200000000002 6499.1750000000011 3030.0050000000006 -0.43733099657705293 2067.916680773546 3714.3164285714292 1221.1650000000002 3.5000000000000004 0.99024581825578073 -0.71499999999999975 -0.55557023301960229
decision_type=2 2 2 2 2 2 2 10 2 2 2 2 2 2 2 2 2 2 2 8 2 2 2 2 2 2 2 2 10 2 2 10 2 2 8 2 2 2 2 10 2 2 2 2 2 2 2 2 10 2 2 2 2 2 2 2 2 2 2 2 10 2
left_child=2 5 3 4 7 9 -7 12 -6 32 -3 23 14 19 17 -16 53 -1 34 37 22 35 -18 61 -20 -8 27 28 -27 -4 -26 45 33 -2 -14 -13 51 48 -39 -40 -41 42 44 -44 -31 -15 -35 -48 -5 -50 -47 -10 -37 -11 55 56 57 -36 -19 -46 -61 -12
right_child=1 10 29 13 8 6 25 -9 36 16 11 21 18 31 15 -17 20 58 24 -21 -22 -23 -24 -25 30 26 -28 -29 -30 41 -32 -33 -34 46 54 52 -38 38 39 40 -42 -43 43 -45 59 50 47 -49 49 -51 -52 -53 -54 -55 -56 -57 -58 -59 -60 60 -62 -63
leaf_value=-0.0028692817908570322 -0.00026451305164306831 0.0053329009393023917 0.0012001039310736033 -0.0075466829731637682 -0.057928148144984933 0.0010324850346525199 -0.0048653835835229548 -0.028293761524167679 -0.020640970901870732 0.00098408082417228556 -0.00054730194983050595 -0.00064660779830607673 -0.0092563292598913452 -7.7835278027514466e-05 -0.036289420657291911 -0.0012496181193471551 -0.0059516613394314842 -0.087862233474172949 0.00051619730133805057 0.00016706876465429001 -0.0040216464226124678 0.002748725112581462 0.0013673416396729149 0.0055043918237158611 -0.0035365519447904423 0.00043378876998116618 0.00088183925524226692 -0.00417427647161872 -0.0034024533961145753 -0.002429780077392234 -0.00039283517178712734 0.0001137460886220066 0.00092922197657294245 -0.011452665324495924 -0.010295550157607556 -0.0069856555971045077 -0.0026853304063527436 -0.0055150569569170759 0.0017568059375718992 -0.0026312534607807821 -0.00044849185744911749 0.00034869296162718831 -0.0076603444311919046 -0.0015751599155922702 7.895789829916793e-05 -0.0027277493598161146 -0.0067749578699636505 -0.0003538205212986623 -0.0028755380089459941 0.0006089425458270614 -0.0020932081689680727 -0.0055722783466402425 0.00067209727278005004 0.0021984532273735501 7.1706398926189114e-05 -0.0013866770712766361 -0.0092359420405675307 0.0025564140869606786 -0.0017840351369938926 -0.0018543029233993743 0.00084354465756147803 0.0017782645054858254
leaf_weight=574 1535 35213 930 106 397 1216 769 407 442 5559 700 312 232 48 472 118 96 75 313 2651 63 381 796 4457 4400 513 336 292 215 91 510 86 2488 43 48 241 379 87 178 576 508 1837 52 1119 2522 125 76 151 104 570 54 361 44 11474 1479 1108 73 72 43 214 200 2049
leaf_count=574 1535 35213 930 106 397 1216 769 407 442 5559 700 312 232 48 472 118 96 75 313 2651 63 381 796 4457 4400 513 336 292 215 91 510 86 2488 43 48 241 379 87 178 576 508 1837 52 1119 2522 125 76 151 104 570 54 361 44 11474 1479 1108 73 72 43 214 200 2049
internal_value=0.00203562 0.00393008 -0.00351388 -0.0047752 -0.00611892 0.00232104 -0.00164991 -0.00518448 -0.0119848 0.00291652 0.00487999 0.00314404 -0.0047676 -0.00173969 -0.00868901 -0.013198 0.00351648 -0.00483117 -0.00415614 -0.00119849 -0.000941423 -0.00163636 0.0002486 0.00379298 -0.00531432 -0.00430386 -0.00240531 -0.00431929 -0.00190947 -0.000508183 -0.00572999 -0.00997452 0.000402422 -0.00157807 -0.0021467 -0.00504682 -0.00919527 -0.00342535 -0.00518222 -0.00414727 -0.00550783 -0.00105368 -0.00196047 -0.00480717 -0.000857992 -0.0138947 -0.00808118 -0.00521053 -0.000384123 0.00110222 -0.0175333 -0.0113582 -0.00975524 0.00376647 -0.00156419 -0.0036129 -0.010268 -0.00446281 -0.0164874 -0.00045761 -0.00493012 0.00198327
internal_weight=92580 69019 23561 16596 11503 25622 3341 9924 1579 22281 43397 8184 9517 5093 1282 590 17988 692 8235 4780 955 978 892 7206 5223 2125 1356 1020 728 6965 4910 313 4293 1805 3012 597 1182 2129 1349 1262 1084 6035 4198 1171 3027 227 270 227 780 674 179 803 285 17033 2780 1301 193 120 118 2936 414 2749
internal_count=92580 69019 23561 16596 11503 25622 3341 9924 1579 22281 43397 8184 9517 5093 1282 590 17988 692 8235 4780 955 978 892 7206 5223 2125 1356 1020 728 6965 4910 313 4293 1805 3012 597 1182 2129 1349 1262 1084 6035 4198 1171 3027 227 270 227 780 674 179 803 285 17033 2780 1301 193 120 118 2936 414 2749
is_linear=0
shrinkage=0.03


Tree=31
num_leaves=63
num_cat=0
split_feature=9 9 20 1 24 1 17 26 9 22 9 1 22 21 1 7 20 1 11 8 1 9 24 9 22 22 21 15 6 7 18 21 25 25 14 16 15 22 8 26 16 25 26 19 8 6 5 17 10 26 18 26 19 22 22 18 17 17 13 6 1 18
split_gain=1174.66 124.616 88.4092 80.8743 51.1519 46.2637 44.5715 33.9376 33.0678 32.5417 28.716 31.0402 27.6377 21.1274 20.9906 20.4819 19.1325 16.0423 15.2345 14.6886 14.4985 19.733 18.2852 14.2514 14.1093 13.3236 13.1277 17.3162 12.7263 12.139 12.0667 11.8948 11.8154 11.5175 11.4256 10.7559 10.6563 10.6526 11.0906 10.4151 13.1677 10.3777 10.3696 10.3078 11.2214 10.2417 9.68911 9.68059 9.4741 9.22906 9.1478 9.42221 9.12512 8.81599 8.72464 8.71367 8.70688 14.1601 11.6894 9.08489 8.53171 13.5473
threshold=2800.7550000000006 3769.5650000000005 -18731.249999999996 5.5000000000000009 5.0062499999999988 5.5000000000000009 999.98000000000013 10.600000000000001 399.17500000000007 3694.9052616567465 2487.2200000000007 1.0000000180025095e-35 3679.1617398313497 2396.3194444444448 5.5000000000000009 0.46039464932087154 -10851.4 1.5000000000000002 1197.7900000000002 0.9980355542543059 5.5000000000000009 4549.5650000000014 8.5250000000000039 3000.7850000000003 6417.9919804067467 2872.4511520337305 4895.8033333333342 5628.3374479166678 -0.097964660725097366 -0.57780908558020239 11245.500000000002 4273.2183333333342 17.485000000000003 14.745000000000003 2275.926540675388 4199.8350000000009 4187.7552083333348 5706.9721428571438 -0.8611288361322974 9.7650000000000023 4573.8600000000015 20.595000000000002 10.150000000000002 23579.800000000007 -0.99465740988130902 -0.91037613702198728 -0.72947329433276231 300.90000000000003 3452.8750000000005 7.6400000000000015 11836.150000000003 9.6800000000000015 55524.950000000004 4649.00697296627 3058.6440749007938 6418.3500000000013 1325.5050000000003 1399.8600000000004 8948.9350000000031 1.0000000180025095e-35 2.5000000000000004 8126.8500000000013
decision_type=2 2 2 2 2 2 2 10 2 2 2 2 2 2 2 2 2 2 2 2 2 2 2 2 2 2 2 2 2 2 2 2 10 10 2 2 2 2 2 8 2 10 8 2 2 2 2 2 2 8 2 10 2 2 2 2 2 2 2 2 2 2
left_child=2 3 5 9 28 7 41 8 15 23 11 13 -8 -4 -12 33 45 50 -13 24 -3 22 46 -2 39 -20 -6 -28 32 -15 -14 49 -5 -1 -9 -31 -34 -27 43 40 -19 -7 -41 44 -39 -11 -22 -36 -18 -16 51 54 56 -24 -10 -17 -42 -58 59 -59 -44 -62
right_child=1 20 10 4 26 6 12 34 17 16 14 18 30 29 31 55 48 19 25 -21 21 -23 53 -25 -26 37 27 -29 -30 35 -32 -33 36 -35 47 -37 -38 38 -40 42 52 -43 60 -45 -46 -47 -48 -49 -50 -51 -52 -53 -54 -55 -56 -57 57 58 -60 -61 61 -63
leaf_value=-0.030867445062135655 0.00098140706941588786 0.0063611089928882333 -0.0029964239537945163 -4.7060628284605501e-05 -0.0014649056828933762 -0.056250015245760093 -0.00086380144006289376 -0.022607763865568856 -0.0028903777007934246 -0.0031486928602210609 -8.3164870259158619e-05 -0.011356818784401418 -0.023719986242142544 -0.0026172089590870032 -0.0032522001505833368 -0.041345708160641495 0.0010869530179046618 -0.0095203359538005017 -0.002571386993870872 -0.0015939012802675208 -0.00052072113374478297 0.0061526948190926767 0.0020424074701855094 0.0021478797866513986 -0.0213493668798313 -0.0014352950526076518 -0.002542041276653344 -0.007906998882336343 0.00088205432249763445 -0.0041893081310303464 -0.00095312190232218466 -0.0061430383295316303 -0.0050339593447335422 -0.0021318865103375864 -0.0018938873174120907 0.001861278963216635 0.00015782130481818352 -0.0086181829616806295 -0.0053921239028789378 -0.014671770013295997 -0.00054516201630554607 -0.028437848660699865 -0.00073056090622793156 0.00061866148227214546 -0.0039261859060663613 0.00017139980555214669 0.0023723482311085774 -0.031159033995829349 0.0024872018776953653 -7.2488920321416516e-05 0.00026120289088972363 -0.0071160621640074147 -0.016072577417264287 -0.0064127306870284655 -0.00091109441440678893 -0.034165206432415697 -0.0057433364745251569 -0.0014406258039656439 -0.0011540787814385499 -0.0068601377082682649 -0.012744503054462139 -0.0015810250006743497
leaf_weight=67 3767 29256 108 1095 550 382 408 223 81 258 5936 175 450 405 113 178 7226 64 108 53 422 4605 90 11220 66 3484 584 253 2103 52 78 336 109 214 54 986 63 60 117 100 1219 53 456 97 254 1362 1558 155 4817 477 458 105 105 193 2341 112 96 51 1547 46 618 587
leaf_count=67 3767 29256 108 1095 550 382 408 223 81 258 5936 175 450 405 113 178 7226 64 108 53 422 4605 90 11220 66 3484 584 253 2103 52 78 336 109 214 54 986 63 60 117 100 1219 53 456 97 254 1362 1558 155 4817 477 458 105 105 193 2341 112 96 51 1547 46 618 587
internal_value=0.00205974 0.00400616 -0.00380525 0.00268534 -0.000936948 -0.00586111 -0.0109942 -0.00507769 -0.0046627 0.0032868 -0.00212778 -0.00367265 -0.00729349 -3.47938e-05 -0.000811307 -0.0116329 0.00222761 -0.00416337 -0.00498603 -0.00520104 0.00522752 0.00398573 0.00169081 0.0042522 -0.00503027 -0.00461538 -0.00578386 -0.00814797 0.00105903 0.000926593 -0.0118185 -0.00500971 -0.00131546 -0.00582979 -0.0132748 0.00264485 -0.00860116 -0.00433292 -0.00830246 -0.00484172 -0.00380058 -0.018922 -0.00668785 -0.00595631 -0.00859048 -0.000832819 0.00271075 -0.0183143 0.00263932 -0.00243655 -0.0024213 -0.00312816 -0.00351582 -0.00542958 -0.00274371 -0.0172165 -0.00320473 -0.00456634 -0.00390638 -0.0139592 -0.00611552 -0.00743781
internal_weight=92606 69531 23075 33407 4757 10367 1371 8996 8564 28650 12708 5846 936 1551 6862 571 13663 7993 4295 5008 36124 6868 2263 14987 4955 4120 1387 837 3370 1443 528 926 1267 281 432 1038 172 4012 528 4889 3128 435 1761 411 314 1620 1980 209 12043 590 2985 2527 3064 283 2422 290 2959 1740 1644 97 1661 1205
internal_count=92606 69531 23075 33407 4757 10367 1371 8996 8564 28650 12708 5846 936 1551 6862 571 13663 7993 4295 5008 36124 6868 2263 14987 4955 4120 1387 837 3370 1443 528 926 1267 281 432 1038 172 4012 528 4889 3128 435 1761 411 314 1620 1980 209 12043 590 2985 2527 3064 283 2422 290 2959 1740 1644 97 1661 1205
is_linear=0
shrinkage=0.03


Tree=32
num_leaves=63
num_cat=0
split_feature=9 9 9 1 9 0 1 1 22 21 21 1 0 27 15 22 15 9 22 7 4 10 20 7 8 19 4 22 18 4 7 0 10 22 14 22 8 8 1 6 22 15 17 27 27 1 12 7 27 7 12 8 9 22 14 18 14 17 27 21 18 6
split_gain=1137.85 125.478 99.6317 99.385 57.0779 50.5788 42.6012 42.4802 35.6365 33.976 29.3229 25.3171 29.0854 24.6606 20.4405 18.1996 30.5974 17.9274 17.5614 17.5369 17.2766 17.2443 16.975 16.1703 15.6334 16.2599 15.3984 14.1094 13.6204 13.4885 12.365 22.7616 12.1753 11.6523 11.6365 11.4541 15.3216 11.3592 11.3478 10.5965 10.3465 10.8985 10.3395 14.8806 15.4195 10.7535 11.3392 10.105 9.66654 9.54149 13.3697 10.3512 10.0265 11.3143 9.31445 9.62685 15.8104 9.98738 12.4511 11.8547 8.98469 8.87516
threshold=2889.5750000000003 2487.2200000000007 3950.9650000000006 5.5000000000000009 1199.3950000000002 29.500000000000004 5.5000000000000009 1.0000000180025095e-35 4795.835047123016 2342.2266666666669 5006.5666666666675 5.5000000000000009 28.500000000000004 -0.40999999999999831 5628.3374479166678 4869.2241381448421 3211.1236979166674 399.17500000000007 2872.4511520337305 0.56369777965491019 1.0000000180025095e-35 3100.1950000000002 -16922.499999999996 0.20180702842483325 -0.61236746317008228 18221.150000000005 1.0000000180025095e-35 5582.9495740327393 10041.750000000002 1.0000000180025095e-35 -0.82415615971448097 33.500000000000007 3040.8950000000004 5425.7117466517875 2155.2054502240558 5400.8806677827388 0.011826144619637555 0.097680735332368748 1.0000000180025095e-35 -0.77259657388510605 3243.364192708334 3333.323385416667 299.82000000000005 -0.1699999999999999 -0.43499999999999867 2.5000000000000004 3044.1797767857147 -0.61913973745509387 0.96499999999999997 0.94704596667653973 4994.6751785714296 0.9980355542543059 2328.2100000000005 3276.7595572916675 1978.5177870570094 11092.1 1951.4205921829769 1325.5050000000003 0.32000000000000034 4133.3983333333335 9285.3500000000004 -0.81241147629688992
decision_type=2 2 2 2 2 2 2 2 2 2 2 2 2 10 2 2 2 2 2 2 2 2 2 2 2 2 2 2 2 2 2 2 2 2 2 2 2 2 2 2 2 2 2 8 10 2 2 2 10 2 2 2 2 2 2 2 2 2 10 2 2 2
left_child=1 4 3 8 6 -5 17 9 26 40 13 22 -13 -7 -12 18 23 19 -9 27 61 47 39 37 -18 -26 32 -1 -14 -11 31 -28 -2 -25 -15 -4 -37 -17 -19 -3 -6 -42 -40 44 -44 -45 -47 -22 49 51 -51 54 53 -53 55 56 57 -20 59 -59 -60 -10
right_child=2 11 35 5 7 10 -8 15 20 29 14 12 28 34 -16 16 24 38 48 -21 21 -23 -24 33 25 -27 30 -29 -30 -31 -32 -33 -34 -35 -36 36 -38 -39 42 -41 41 -43 43 45 -46 46 -48 -49 -50 50 -52 52 -54 -55 -56 -57 -58 58 60 -61 -62 -63
leaf_value=-0.019806819963860089 0.0011788481535762421 -0.0029128399938007144 0.0064055175441758826 0.0013793116241215589 -0.002871697636249353 7.2973604160466872e-07 -0.054472027209191108 -0.0024476514538747766 0.00027292030526305237 0.0005193118897407527 -0.002913121453594954 0.0001783129938674178 -0.0056427994174991607 -0.00092929294683840561 -0.0075164955335509593 0.00067346509618420073 -0.0038987654298405119 -0.0021866056062627669 -0.00054515060770312252 -0.03789587845043127 -0.013684853051561826 0.00069950895311897724 0.00014149783921592031 -0.0012316213761060664 0.00017486741629811072 -0.017108718367349417 0.0016968084145330348 0.0007346704994396887 -0.0012144495438739583 -0.0059438996357920604 0.0015889789851036265 -0.0044279860422905696 0.0025316773150653549 -0.0237995720159195 -0.0053538463164519426 0.0051496636715430812 -0.0062920790021910554 -0.05523103707126191 -0.00087489875867917584 -0.00044698714570090255 0.00023739684036591755 -0.0019939226698797051 -0.0030464548392510255 -0.0017646062159328818 -0.035543898467835039 -0.00046703370777654153 -0.019043469730476489 -9.447044460244928e-05 -0.0074774580593643678 -0.0018013199307308789 -0.0097477672379548443 -0.0013528072175324525 0.00053232210440872288 -0.0018936972811065243 -0.00056777727304504165 -0.00049383906162504744 -0.0069689069177837886 -0.00074559743059590753 -0.007121098836257553 -0.010470672461027475 -0.0023597571825205292 0.0017900527015921057
leaf_weight=294 5082 341 26836 1760 151 1887 285 126 1480 2197 620 578 494 169 296 603 2369 593 457 241 118 344 7824 101 107 910 136 118 338 176 790 115 13941 78 188 5117 50 48 219 817 89 43 46 203 160 92 257 67 88 782 145 58 47 69 2519 847 119 712 126 128 71 7569
leaf_count=294 5082 341 26836 1760 151 1887 285 126 1480 2197 620 578 494 169 296 603 2369 593 457 241 118 344 7824 101 107 910 136 118 338 176 790 115 13941 78 188 5117 50 48 219 817 89 43 46 203 160 92 257 67 88 782 145 58 47 69 2519 847 119 712 126 128 71 7569
internal_value=0.00202777 -0.00328553 0.0041084 0.00299141 -0.00498029 -0.000957123 -0.00912794 -0.00418956 0.0036468 -0.000799398 -0.00322683 -0.000729145 -0.00446492 -0.00137906 -0.007747 -0.00504614 -0.00657197 -0.00772122 -0.00402319 -0.0118991 0.00214093 -0.00312453 -0.000142269 -0.00140794 -0.00783702 -0.0109509 0.00436551 -0.00810654 -0.00805282 0.000374052 0.0008119 -0.00497619 0.00455992 -0.00936667 -0.00859777 0.00531459 0.00401935 0.000791411 -0.00597708 -0.00353063 -0.0106056 -0.00442105 -0.00796319 -0.00962055 -0.0164928 -0.00703074 -0.0102171 -0.0104839 -0.0037951 -0.00365072 -0.00645259 -0.00314552 -0.01032 -0.0146719 -0.00289277 -0.00420561 -0.00556506 -0.00471973 -0.00634682 -0.00474435 -0.0131212 0.00244906
internal_weight=92631 26066 66565 34562 15674 4920 2508 13166 29642 2656 3160 10392 1410 2244 916 10510 4216 2223 6294 653 9578 529 8982 830 3386 1017 20064 412 832 2373 1041 251 19023 179 357 32003 5167 651 1570 1158 283 132 977 758 206 552 349 185 6168 6080 927 5153 174 127 4979 2460 1613 1494 1037 840 197 9049
internal_count=92631 26066 66565 34562 15674 4920 2508 13166 29642 2656 3160 10392 1410 2244 916 10510 4216 2223 6294 653 9578 529 8982 830 3386 1017 20064 412 832 2373 1041 251 19023 179 357 32003 5167 651 1570 1158 283 132 977 758 206 552 349 185 6168 6080 927 5153 174 127 4979 2460 1613 1494 1037 840 197 9049
is_linear=0
shrinkage=0.03


Tree=33
num_leaves=63
num_cat=0
split_feature=9 9 9 1 9 1 24 22 1 21 1 22 26 20 11 10 9 15 7 7 26 1 21 4 10 22 15 10 11 4 1 7 15 4 10 7 16 8 26 17 8 11 22 8 7 24 16 15 21 27 22 8 8 15 18 11 22 21 8 17 18 20
split_gain=1081.92 105.301 95.8706 83.2763 47.9446 45.32 41.6303 35.8764 35.8663 23.0266 21.9471 21.2813 21.025 17.412 17.2085 16.2652 17.3589 15.5666 17.1947 24.7814 26.2569 19.2233 15.1147 14.5501 13.384 13.2353 16.1646 13.0204 12.9899 12.7874 14.199 13.4683 12.7665 12.6837 14.2204 12.5027 13.6498 12.3849 18.407 12.0648 11.6883 11.9678 11.4105 13.1729 11.0048 15.6901 10.922 12.1397 10.2196 11.6823 12.6326 10.112 14.0691 13.8731 13.4961 10.1045 9.70244 11.2979 9.58452 11.0978 9.56624 9.50241
threshold=2889.5750000000003 2487.2200000000007 3999.3850000000007 5.5000000000000009 1199.3950000000002 5.5000000000000009 4.8000000000000034 4795.835047123016 1.5000000000000002 2313.8933333333339 5.5000000000000009 3186.5239818948417 10.665000000000001 -11789.249999999998 2135.3000000000006 350.65000000000003 399.17500000000007 3236.5818750000003 -0.36647417525074694 -0.43733984355855576 9.7900000000000009 5.5000000000000009 4273.2183333333342 1.0000000180025095e-35 2165.1550000000002 4615.620642361112 5853.4142187500011 3040.8950000000004 3099.3100000000009 1.0000000180025095e-35 2.5000000000000004 -0.85227431625818906 4110.1427604166674 1.0000000180025095e-35 3100.1950000000002 -0.89406062840022227 4960.1450000000013 -0.26037106507032781 7.955000000000001 99.735000000000014 0.78192542922038288 512.54000000000008 5400.8806677827388 0.011826144619637555 -0.82415615971448097 1.6562500000000002 4199.8350000000009 2844.7857812500001 2939.688333333334 -0.064999999999999489 3193.0965004960321 0.9980355542543059 0.21652257995689161 3502.3786458333338 11208.250000000002 1599.5250000000003 4884.9283205191814 3711.9483333333342 -0.90892157495189674 1666.1650000000002 11706.650000000003 -6845.6499999999987
decision_type=2 2 2 2 2 2 2 2 2 2 2 2 10 2 2 2 2 2 2 2 10 2 2 2 2 2 2 2 2 2 2 2 2 2 2 2 2 2 10 2 2 2 2 2 2 2 2 2 2 10 2 2 2 2 2 2 2 2 2 2 2 2
left_child=1 4 3 7 5 12 48 23 9 11 13 -6 15 -3 -9 16 -1 35 19 20 21 37 -12 27 56 -8 61 -2 -24 30 -17 -32 -33 -16 -35 36 -10 38 -19 -14 41 -37 -4 -44 45 -25 47 -26 -5 -50 -51 52 53 -20 -53 -23 57 -11 59 -21 -28 -27
right_child=2 10 42 6 8 -7 25 14 17 24 22 -13 39 -15 33 29 -18 18 51 58 -22 55 28 44 46 26 60 -29 -30 -31 31 32 -34 34 -36 40 -38 -39 -40 -41 -42 -43 43 -45 -46 -47 -48 -49 49 50 -52 54 -54 -55 -56 -57 -58 -59 -60 -61 -62 -63
leaf_value=-0.033329967868619768 0.0011427099814500549 -0.00055288265649812548 0.006502272610675543 0.0012483417988381302 -0.0026720998171391561 -0.052748121816895005 -0.00049447732111155933 -0.004093842696410761 -0.0049956432247678277 -0.0008869065121779548 -0.00049670093743963578 -0.00096348900311177624 -0.0022074586720899569 0.00041155937821435744 0.0016964539592236488 -0.0016126227243093863 -0.0098973931779751303 -0.0056650395197173709 -0.013105066796096057 0.00085668654795081228 -0.083413365193295078 -0.021963573464696299 -0.0069665862965394036 0.00068755326057051106 -0.00093103751945993536 -0.0057588761908917091 -0.0078140431576647559 0.0024872745017215005 0.0010414795829132256 -0.033689432023621166 -0.00075580830197883426 -0.034198044125936071 -0.0062818939864226573 -0.0054756383479603443 0.00080295876462587064 -0.029015719376521927 0.00085729378826093219 -0.0010499603148397668 0.0016650733070255534 -0.044285627260156543 0.00022166518470787482 -0.0024398301422726377 0.0051634240569883461 -0.0061029418383926433 0.0014227238180762858 -0.00448512705228667 0.00071384020481855836 -0.004666559747115535 0.00035598787715305705 -0.0052868210850711469 -0.00032533060266290133 -0.0013564638684642875 -0.00047587200370803579 -0.0027294563860409743 -0.0015336016255034053 -0.0034429637353924035 -0.0037427643714896845 0.0005266114888267914 -0.0078913648107618427 -0.003517485274937171 -0.00013606154844539615 -0.0012344469728147688
leaf_weight=167 5094 4466 26058 1171 282 271 484 361 83 425 923 381 82 4452 8968 955 191 694 242 41 98 311 403 170 161 286 188 14559 79 118 175 252 113 161 334 41 469 853 92 158 345 1264 4987 50 816 83 1878 40 1972 95 308 58 1242 2346 68 176 894 546 146 46 41 483
leaf_count=167 5094 4466 26058 1171 282 271 484 361 83 425 923 381 82 4452 8968 955 191 694 242 41 98 311 403 170 161 286 188 14559 79 118 175 252 113 161 334 41 469 853 92 158 345 1264 4987 50 816 83 1878 40 1972 95 308 58 1242 2346 68 176 894 546 146 46 41 483
internal_value=0.00207101 -0.00311618 0.00409606 0.0030323 -0.00466323 -0.00848892 -0.000545238 0.00362117 -0.00394449 -0.00180729 -0.000762495 -0.0069759 -0.00706329 -0.000213253 0.00212763 -0.00603651 -0.0118162 -0.00508705 -0.00583442 -0.00780635 -0.00682517 -0.00611848 -0.00424609 0.0043291 -0.000936882 -0.00476601 -0.00673874 0.0045145 -0.00854658 -0.00474721 -0.00399064 -0.00787431 -0.0111475 0.00237299 -0.00229839 -0.00290876 0.000998192 -0.00455854 -0.00727319 -0.0154357 -0.00421563 -0.00551302 0.0053129 0.00400397 0.000919626 -0.00453543 0.000718269 -0.00591089 0.00121962 8.83838e-05 -0.00455941 -0.00460804 -0.00433046 -0.0055898 -0.0129449 -0.0113484 -0.00278135 -0.000703704 -0.0171026 -0.00906818 -0.0137217 -0.00464416
internal_weight=92696 26027 66669 35574 15704 2482 5028 30546 13222 4607 10323 663 2211 8918 9824 1971 358 8615 6413 2457 2224 2126 1405 20722 3944 1482 998 19653 482 1613 1495 540 365 9463 495 2202 552 1639 786 240 1650 1305 31095 5037 1069 253 2079 201 3546 2375 403 3956 3830 2588 126 487 1865 971 233 87 229 769
internal_count=92696 26027 66669 35574 15704 2482 5028 30546 13222 4607 10323 663 2211 8918 9824 1971 358 8615 6413 2457 2224 2126 1405 20722 3944 1482 998 19653 482 1613 1495 540 365 9463 495 2202 552 1639 786 240 1650 1305 31095 5037 1069 253 2079 201 3546 2375 403 3956 3830 2588 126 487 1865 971 233 87 229 769
is_linear=0
shrinkage=0.03


Tree=34
num_leaves=63
num_cat=0
split_feature=9 9 9 1 0 9 22 1 0 1 22 27 1 9 20 22 8 15 26 1 22 26 2 15 22 17 27 22 26 4 11 0 1 17 20 27 4 12 20 4 20 25 17 17 18 12 18 8 15 24 4 10 22 22 27 26 21 24 12 1 12 17
split_gain=1019.11 104.696 98.9344 69.1556 42.8843 40.7094 34.177 33.2652 30.2156 25.9098 23.9698 21.0799 19.0954 21.8771 19.0348 17.2861 20.5633 19.7477 23.5595 15.6335 15.394 18.3307 18.3026 15.3212 15.3038 19.0388 15.2255 15.1674 14.9839 14.4643 13.965 13.1204 12.9227 17.383 12.6151 12.1162 12.0379 11.1271 11.063 11.0221 10.3908 10.7041 10.9675 11.5824 15.3242 13.8119 12.8522 10.5179 11.454 10.2997 10.1234 10.2841 10.0602 10.0271 9.04547 8.93862 9.82658 10.3695 13.0292 18.5678 10.2996 8.73591
threshold=2889.5750000000003 2487.2200000000007 3750.0550000000007 5.5000000000000009 30.500000000000004 899.7700000000001 4795.835047123016 1.0000000180025095e-35 22.500000000000004 5.5000000000000009 4928.4344903273823 -0.064999999999999489 5.5000000000000009 4500.1650000000009 -17501.449999999993 5150.2051847718258 -0.9292178835113839 2702.395260416667 10.105000000000002 5.5000000000000009 4849.2593365575403 7.5750000000000011 5.5000000000000009 5853.4142187500011 5437.5589905753977 3022.5000000000005 -0.13499999999999976 2872.4511520337305 10.390000000000002 1.0000000180025095e-35 2679.4350000000004 29.500000000000004 5.5000000000000009 1948.5050000000003 -28935.849999999995 0.96499999999999997 1.0000000180025095e-35 3734.1053794642862 -40216.649999999987 1.0000000180025095e-35 -47312.999999999993 18.480000000000004 2049.2700000000004 1999.9700000000003 6701.0500000000002 5056.7896279761908 11747.100000000002 -0.36648370705903521 5153.6414062500007 9.8312499999999989 1.0000000180025095e-35 3040.8950000000004 3658.5847966269844 4261.5252108134928 -0.37000000000000094 6.8450000000000015 4764.8700000000008 9.5062499999999996 4578.1155431547631 5.5000000000000009 5163.3877306547629 2117.5300000000007
decision_type=2 2 2 2 2 2 2 2 2 2 2 10 2 2 2 2 2 2 10 2 2 10 2 2 2 2 10 2 8 2 2 2 2 2 2 10 2 2 2 2 2 8 2 2 2 2 2 2 2 2 2 2 2 2 8 10 2 2 2 2 2 2
left_child=1 5 3 6 -5 9 50 8 52 20 11 -6 -4 24 -3 27 55 -18 26 -16 21 -1 34 -12 -14 -26 32 -9 -24 -8 -31 -21 39 -34 -22 40 38 -13 -10 -19 -29 47 43 45 -45 -43 -46 -42 -49 -38 51 -2 61 -33 -32 56 -17 58 59 -58 -60 -7
right_child=2 14 12 4 10 7 29 15 36 -11 23 37 13 -15 19 16 17 18 -20 31 22 -23 28 -25 25 -27 -28 35 -30 30 54 53 33 -35 -36 -37 49 -39 -40 -41 41 42 -44 44 46 -47 -48 48 -50 -51 -52 -53 -54 -55 -56 -57 57 -59 60 -61 -62 -63
leaf_value=0.00089604357184292567 0.0010888990060856981 -0.0017057890459468118 0.0057843192867229254 0.0012999195080226249 -2.3155657006370055e-05 -0.0023406095537468995 0.001400984244855027 -0.0024733047951905852 -0.0051275481601284235 -0.051281973037697992 -0.0036731012512373922 -0.0011950275648826122 0.001355945389099931 0.0055213703762481891 0.00010326692297205109 0.00070299106536333099 0.00010231349658725022 -0.0048154087794149763 -0.055415071159555275 6.1126318462049548e-05 -0.038260753982347566 -0.028333318356121975 -0.0016098759525040589 -0.0072331099614722514 -0.0004639786442263303 -0.011561118925168817 0.00047157212113310823 -0.036599086081401909 -0.027684172543871337 -0.015918106060158262 -0.012826412656333139 -0.00086962120802869009 -0.040780895117684679 -0.00032916312101459092 -0.017102695711738149 -0.0060857150497402547 -0.01020870860830524 -0.0059795951635546307 0.00040140877202188014 -0.058006112935225548 0.0010155362757483727 -0.0016925358562361835 -0.0004008116354749082 0.00058016317433083663 -0.0043242639186498802 -0.0067883620347080507 -0.00015335746211247507 -0.00091000584767208224 -0.010716136457779628 0.003075740349616884 0.00071165620803014971 0.0022004269155572976 -5.5288736581553499e-05 -0.0076239956976973606 4.8016707595810588e-05 0.00048884233908831273 -0.00023223004919925707 -0.00067713437097572933 -0.011855666670406058 -0.01595203812337587 -0.005431784238400867 -0.0035632030807537657
leaf_weight=289 4959 1063 29447 1592 1714 205 7982 127 74 145 593 197 1849 4639 8019 171 231 1564 161 524 188 186 271 133 286 67 143 116 287 54 51 443 254 63 45 97 156 86 2359 45 336 2615 1024 57 149 550 47 2324 49 50 865 11664 82 297 359 251 261 325 110 66 107 68
leaf_count=289 4959 1063 29447 1592 1714 205 7982 127 74 145 593 197 1849 4639 8019 171 231 1564 161 524 188 186 271 133 286 67 143 116 287 54 51 443 254 63 45 97 156 86 2359 45 336 2615 1024 57 149 550 47 2324 49 50 865 11664 82 297 359 251 261 325 110 66 107 68
internal_value=0.00205816 -0.00297888 0.004026 0.00275881 -0.000757646 -0.00452693 0.0033439 -0.00404467 -0.00123406 -0.00938669 -0.00304405 -0.00134535 0.0050822 0.00365332 -0.000637286 -0.00479296 -0.00645564 -0.00806418 -0.00892873 -0.000201637 -0.00799842 -0.00371849 -0.0105606 -0.00770839 0.0011902 -0.00452542 -0.00806087 -0.00395942 -0.00758855 0.00177649 -0.00336774 -0.00330119 -0.00876181 -0.0143019 -0.0176154 -0.00378086 -0.000127273 -0.00891549 0.000463435 -0.00766211 -0.00363897 -0.00349329 -0.00439973 -0.00521556 -0.0113858 -0.00471889 -0.0153503 -0.0020059 -0.00270935 -0.00707246 0.00410075 0.0042654 -0.0094382 -0.00587045 -0.00145985 -0.00338545 -0.00461095 -0.00590345 -0.00843303 -0.00462805 -0.0141193 -0.0121971
internal_weight=92531 25994 66537 30249 4315 15648 25934 14237 2994 1411 2723 1997 36288 6841 10346 11243 3752 2461 2230 9283 1266 475 791 726 2202 353 2069 7491 558 8446 464 1264 1926 317 233 7364 2639 283 2433 1609 7267 7151 4442 3418 253 3165 196 2709 2373 206 17488 16623 355 740 410 1291 1040 869 544 327 217 273
internal_count=92531 25994 66537 30249 4315 15648 25934 14237 2994 1411 2723 1997 36288 6841 10346 11243 3752 2461 2230 9283 1266 475 791 726 2202 353 2069 7491 558 8446 464 1264 1926 317 233 7364 2639 283 2433 1609 7267 7151 4442 3418 253 3165 196 2709 2373 206 17488 16623 355 740 410 1291 1040 869 544 327 217 273
is_linear=0
shrinkage=0.03


Tree=35
num_leaves=63
num_cat=0
split_feature=9 9 9 1 1 0 22 9 22 6 26 9 1 0 4 9 22 10 14 25 1 9 1 26 5 17 7 12 1 25 16 7 4 25 11 7 18 16 12 9 16 10 12 14 17 11 14 16 22 25 23 14 12 17 16 19 6 23 22 7 7 17
split_gain=966.251 118.43 80.5667 69.0314 54.125 40.5613 31.6736 26.7661 22.1441 20.063 20.0139 20.1821 19.8529 23.853 19.7157 19.4034 19.093 17.8218 17.0448 21.3017 16.9626 20.4759 16.8977 16.4507 16.1475 15.5475 15.1011 14.5651 14.2452 19.0515 19.4339 12.5333 11.8697 10.901 11.5109 10.2652 20.5886 14.7017 19.497 10.2545 10.1987 14.119 11.1851 9.96362 10.9797 9.84917 9.74203 9.67712 11.2276 11.1912 9.56778 9.38189 8.80392 14.6778 12.4258 12.2163 10.6812 10.5862 9.34724 9.50861 10.9269 8.78481
threshold=2800.7550000000006 3750.0550000000007 1543.2150000000004 5.5000000000000009 5.5000000000000009 28.500000000000004 4795.835047123016 2487.2200000000007 4615.620642361112 -0.81241147629688992 10.665000000000001 399.17500000000007 1.5000000000000002 25.500000000000004 1.0000000180025095e-35 2992.9450000000002 3186.5239818948417 3109.48 3019.2122480288917 14.745000000000003 5.5000000000000009 4500.1650000000009 5.5000000000000009 5.4450000000000012 -0.70710678118654735 99.735000000000014 -0.98214942551678475 3519.7303869047623 2.5000000000000004 18.285000000000004 7000.9800000000005 -0.61913973745509387 1.0000000180025095e-35 17.305000000000003 3114.4550000000004 -0.36647417525074694 7857.5000000000009 6500.3300000000008 3609.8408779761908 3120.1450000000004 4199.8350000000009 2165.1550000000002 4089.4544568452388 2860.1106661458707 1499.8150000000003 2526.7600000000007 1580.9862478927687 6258.8050000000012 4580.3421763392862 18.665000000000003 32.556250000000013 2128.4960414063867 4738.6454464285725 2010.1250000000002 6200.7150000000011 25065.350000000002 -0.83146961230254512 26.931250000000006 2982.3004036458337 -0.82415615971448097 -0.84315017450793706 1420.0050000000003
decision_type=2 2 2 2 2 2 2 2 2 2 10 2 2 2 2 2 2 2 2 10 2 2 2 10 2 2 2 2 2 8 2 2 2 10 2 2 2 2 2 2 2 2 2 2 2 2 2 2 2 10 2 2 2 2 2 2 2 2 2 2 2 2
left_child=2 3 4 6 10 -5 15 12 23 -10 11 18 13 16 45 -2 46 31 19 -1 -3 24 52 39 -22 -12 -6 33 32 -30 -31 -16 47 34 -14 36 37 -29 -39 -7 42 -42 -15 44 -40 -8 -4 49 -49 -13 -26 -24 53 56 57 -56 -9 -54 -58 60 -60 -45
right_child=1 20 7 5 26 8 14 22 9 -11 25 28 27 40 17 -17 -18 -19 -20 -21 21 -23 51 -25 50 -27 -28 35 29 30 -32 -33 -34 -35 -36 -37 -38 38 43 -41 41 -43 -44 61 -46 -47 -48 48 -50 -51 -52 -53 54 -55 55 -57 58 -59 59 -61 -62 -63
leaf_value=-0.028133452023277872 0.00076027052470746049 0.0055984881077319098 0.00055869289460023076 0.001139914351403292 -0.010752134798869988 -0.0012733473073754478 -0.00079460985654815103 -0.0031309709007962426 -0.0069539316571804568 -0.002678501345350416 -0.00091604890393400136 0.0017459121051091018 -0.0024793606092861041 -0.00058950911820543816 -0.010454933051425409 0.0018493725554693328 -0.00085118161604539179 0.00059364959934445549 -0.036853942682276715 -0.0010122009495636118 -0.0011850558662590454 0.005471626298543226 -0.00047918017567112083 -0.0028584406726836599 0.0019667422796548987 -0.041838677004142413 -0.048952293537034494 0.0015935889683756229 -0.0020164596395791669 -0.01908109401535138 -0.0078723223948370842 -0.00018964328304054749 -0.028786788399767029 -5.5547467329920518e-05 0.0010557569117886027 -0.0016923393958600068 -0.010174050851214207 -0.0058617392604838189 -0.010240793576523825 0.00057835307555642872 -0.00092812236939478275 0.0010697818851071136 -0.0045551834625338168 -0.0036611123661211857 0.00020375092453829991 0.0014929170593488245 -0.0025331096531637175 0.00064118161116780896 -0.0059829438304847948 -0.004934619550948257 -0.0039880729955007995 -0.0036734800012078509 -0.006419880281843024 0.0004494156081099876 -0.00049411968066232761 -0.0026312151823695996 -0.0012843587055047787 -0.0042783385428433879 -0.00085293507941547558 0.00034820092510371461 -0.0050448752462667187 -0.024778437412309794
leaf_weight=134 4298 29559 42 1661 44 534 773 323 291 730 76 524 1627 158 140 15102 551 268 180 267 580 4705 436 333 1500 189 411 126 442 177 370 70 120 1113 150 3458 556 61 134 1136 1449 1524 53 78 337 7740 245 253 589 161 106 557 44 2023 1470 178 168 40 633 1600 67 129
leaf_count=134 4298 29559 42 1661 44 534 773 323 291 730 76 524 1627 158 140 15102 551 268 180 267 580 4705 436 333 1500 189 411 126 442 177 370 70 120 1113 150 3458 556 61 134 1136 1449 1524 53 78 337 7740 245 253 589 161 106 557 44 2023 1470 178 168 40 633 1600 67 129
internal_value=0.0020832 0.00385413 -0.00320861 0.00255422 -0.00711986 -0.000819462 0.00311095 -0.00241167 -0.00288793 -0.00648141 -0.00584496 -0.00518894 -0.00330427 -0.00159284 0.00163879 0.0037931 -0.00609297 -0.00428392 -0.0102474 -0.00677612 0.00503361 0.00369211 -0.00101538 -0.00105389 0.00129218 -0.0137594 -0.0168421 -0.00418996 -0.00407053 -0.00691515 -0.0106533 -0.0108057 -0.00235922 -0.00250086 -0.00395838 -0.00518975 -0.00733755 -0.00443418 -0.00604865 0.00016158 -0.000406907 4.64022e-05 -0.00676415 -0.00456848 -0.00214831 0.00197181 -0.0123542 -0.00164136 -0.00379359 0.00100583 0.00284132 -0.00465996 -0.000461891 0.000198131 -0.00229544 -0.0017174 -0.00121203 -0.0134824 -0.00053949 -3.91134e-05 -0.00295292 -0.0100385
internal_weight=92793 69526 23267 33076 3937 4685 28391 19330 3024 1021 3482 3217 11791 4022 8991 19400 838 478 581 401 36450 6891 7539 2003 2186 265 455 7769 2636 989 547 210 1647 2890 1777 4879 1421 865 739 1670 3184 2973 211 678 471 8513 287 1527 842 685 1606 993 6546 4814 1732 1648 2791 84 2468 2300 700 207
internal_count=92793 69526 23267 33076 3937 4685 28391 19330 3024 1021 3482 3217 11791 4022 8991 19400 838 478 581 401 36450 6891 7539 2003 2186 265 455 7769 2636 989 547 210 1647 2890 1777 4879 1421 865 739 1670 3184 2973 211 678 471 8513 287 1527 842 685 1606 993 6546 4814 1732 1648 2791 84 2468 2300 700 207
is_linear=0
shrinkage=0.03


Tree=36
num_leaves=63
num_cat=0
split_feature=9 9 9 1 1 17 0 22 0 9 22 15 6 22 26 14 17 20 27 4 10 0 14 4 10 25 25 26 1 9 5 20 23 1 16 26 26 15 6 10 15 22 16 1 12 14 12 17 22 2 14 22 14 27 1 14 22 17 1 14 16 2
split_gain=940.851 99.0891 91.328 73.2441 38.599 60.8877 38.4881 36.1498 30.8289 27.2342 24.2336 27.1619 24.0439 18.9033 19.806 23.3363 17.9406 16.9296 16.1424 16.0633 16.6035 15.9272 14.1058 12.9613 14.3422 12.9068 12.8471 12.7909 12.4467 13.902 11.9453 11.4787 11.4734 11.3551 16.4382 13.2928 14.6643 12.1637 11.2183 11.2145 11.1526 11.049 16.6303 10.7191 10.1161 10.0059 9.39534 10.7562 9.26064 18.2786 9.13735 10.1018 9.43507 9.11137 14.1558 22.7373 15.2572 19.7772 14.3456 12.1083 9.03954 8.70374
threshold=2889.5750000000003 3979.8450000000007 2487.2200000000007 5.5000000000000009 5.5000000000000009 999.98000000000013 28.500000000000004 4795.835047123016 58.500000000000007 399.17500000000007 4615.620642361112 5646.5696354166676 -0.29012925520284105 2918.5067311507942 9.7650000000000023 2774.5491495503588 2733.8350000000005 -12853.249999999998 -0.75499999999999889 1.0000000180025095e-35 3100.1950000000002 32.500000000000007 2533.1360036858678 1.0000000180025095e-35 3040.8950000000004 20.605000000000004 17.385000000000002 10.150000000000002 5.5000000000000009 5400.5900000000011 -0.81241147629689037 -31191.699999999993 32.956250000000011 2.5000000000000004 4573.8600000000015 7.8850000000000007 6.120000000000001 2893.6016145833337 -0.47114434510950048 350.65000000000003 2702.395260416667 5450.5477740575407 9999.970000000003 1.0000000180025095e-35 7033.2405208333339 3386.6357569996785 3609.8408779761908 1850.2300000000002 2953.6321385168658 3.5000000000000004 2725.4721850605183 5688.8591840277786 2465.2325890193629 -0.77499999999999847 1.5000000000000002 2988.8938700237363 4961.1051277281758 2883.4750000000004 2.5000000000000004 3000.6163926188333 11891.455000000002 7.5000000000000009
decision_type=2 2 2 2 2 2 2 2 2 2 2 2 2 2 10 2 2 2 10 2 2 2 2 2 2 8 10 10 2 2 2 2 2 2 2 10 8 2 2 2 2 2 2 2 2 2 2 2 2 2 2 2 2 10 2 2 2 2 2 2 2 2
left_child=2 3 4 7 8 21 -5 23 9 18 16 -12 26 46 33 27 -8 22 -1 53 61 -6 -4 24 -2 -23 31 -16 -3 30 -30 -7 -32 -15 -35 36 -36 40 48 -20 -38 42 -27 -10 -34 -13 47 -11 -25 -50 52 -52 -33 54 -9 56 57 58 -56 -57 -51 -21
right_child=1 28 17 6 5 12 10 19 43 13 11 45 -14 14 15 -17 -18 -19 39 20 -22 25 -24 38 -26 41 -28 -29 29 -31 32 50 44 34 35 -37 37 -39 -40 -41 -42 -43 -44 -45 -46 -47 -48 -49 49 60 51 -53 -54 -55 55 59 -58 -59 -60 -61 -62 -63
leaf_value=-0.034184766691724246 0.0010437473810979039 0.0061887542315356113 -0.00031844523678259856 0.001259680842633177 -0.0004758515022278799 -0.033445301090567973 -0.00099697592161217849 0.0021768077147479126 0.0015573548828592884 -0.0012242848320620297 -0.0017304660789455564 -0.0073652621123076745 0.00044192609907522495 -0.0010289310064467746 -0.079119277063840865 -0.020633890105344728 0.0011013878842333906 0.00016340881805575365 -0.033036645594418788 -1.4589478347780275e-06 0.00049729924189916615 -0.051422690194131898 -0.0024342113532594945 0.001334211950782939 0.0022480367575284728 -0.012544874963373144 -0.0018031688371497993 -0.0021008175342152689 -0.00043206056773331962 0.0067386384759396166 0.0025079536482415852 -0.0058191023568749892 0.0014611888972338896 -0.010800582357446286 -0.00033451642626713621 0.00025073140975722064 -0.0029355936295432797 -0.0024299771653119259 0.0016683248988476941 -0.010916438647404799 -0.03236613313393194 -0.027806178283331127 0.0074920315067096869 -0.00072994141637884342 -0.002809924020989926 0.00010699738789946978 -0.0016208148904802214 -0.0018433185850166701 -0.01352445094865796 0.001015995856539913 -0.023180451834614649 -0.0050058509850703379 0.0021510286502335694 0.0019842277111910352 0.0023941622490009245 -0.0080240826255882722 0.0016928653363486644 0.0015794057312093698 -0.003699879025559369 -0.00081129224914513369 -0.004756728931143428 -0.0095154513430070389
leaf_weight=146 5109 25520 3012 1723 50 93 1376 2296 813 51 793 261 320 5483 86 172 737 6178 98 50 338 273 1137 116 14143 55 424 528 719 3272 2113 342 74 87 664 506 52 3050 620 336 98 100 56 1167 42 43 142 156 82 184 198 114 75 2066 58 71 3134 212 261 1033 50 128
leaf_count=146 5109 25520 3012 1723 50 93 1376 2296 813 51 793 261 320 5483 86 172 737 6178 98 50 338 273 1137 116 14143 55 424 528 719 3272 2113 342 74 87 664 506 52 3050 620 336 98 100 56 1167 42 43 142 156 82 184 198 114 75 2066 58 71 3134 212 261 1033 50 128
internal_value=0.00207511 0.00396554 -0.00275747 0.0028618 -0.00419611 -0.00798191 -0.000525334 0.00341967 -0.0036125 -0.00420041 -0.00246652 -0.00608197 -0.00499298 -0.00386782 -0.00364352 -0.00822618 -0.000587512 -0.000565259 -0.0105336 0.00190734 -0.00323791 -0.0167215 -0.00204723 0.00413809 0.00431528 -0.0183835 -0.0068757 -0.00547317 0.00517848 0.00397364 0.00247813 -0.00906197 0.00356233 -0.00328035 -0.00440511 -0.0041455 -0.00474411 -0.00558575 0.000894587 -0.0076 -0.0139073 -0.0127075 -0.00610714 -0.000151439 -0.00558974 -0.0136918 -0.0107314 -0.0147981 -0.00281293 -0.00547003 -0.00777534 -0.011655 -0.00485167 0.00219842 0.00168554 0.000753459 0.00189034 -0.00280827 -0.00751875 -0.003019 -0.00117447 -0.0106257
internal_weight=92686 66624 26062 34884 15735 2100 4933 29951 13635 11655 3210 1097 1566 11075 10726 786 2113 10327 580 9647 516 534 4149 20304 19252 484 1246 614 31740 6220 2948 822 2229 9940 4457 4370 3864 3200 1052 434 150 211 111 1980 116 304 349 207 432 316 729 312 417 9131 7065 4769 3665 531 319 1104 234 178
internal_count=92686 66624 26062 34884 15735 2100 4933 29951 13635 11655 3210 1097 1566 11075 10726 786 2113 10327 580 9647 516 534 4149 20304 19252 484 1246 614 31740 6220 2948 822 2229 9940 4457 4370 3864 3200 1052 434 150 211 111 1980 116 304 349 207 432 316 729 312 417 9131 7065 4769 3665 531 319 1104 234 178
is_linear=0
shrinkage=0.03


Tree=37
num_leaves=63
num_cat=0
split_feature=20 20 10 1 22 23 7 20 22 1 1 23 26 17 20 25 20 1 22 10 21 22 6 22 0 10 26 8 22 17 17 2 8 14 14 14 22 16 17 1 27 25 25 22 11 17 8 17 21 22 0 27 14 14 27 8 0 14 11 11 5 22
split_gain=892.532 93.1883 80.0326 55.4816 40.7219 39.1088 36.4529 34.0353 31.5516 31.2875 23.862 21.118 20.5393 28.9402 18.8037 17.7139 17.4724 19.783 16.0093 15.8544 14.9723 13.9544 18.6856 13.5723 12.4686 12.3258 14.7983 18.0811 16.0744 15.4403 12.039 11.7445 11.477 17.8856 15.36 11.2464 11.2241 15.2036 11.3224 11.077 11.0572 13.2148 11.0143 10.8217 10.7669 10.2632 10.1804 11.0549 9.70722 13.7971 9.67931 10.57 9.67295 10.4718 9.89224 9.61089 9.43437 9.44558 9.30642 9.08409 9.0438 9.00283
threshold=-9879.4999999999982 -852.20000000000061 2350.1800000000007 5.5000000000000009 5150.2051847718258 28.781250000000004 0.47559651477048942 -28935.849999999995 4795.835047123016 5.5000000000000009 5.5000000000000009 28.406250000000004 9.9500000000000011 300.90000000000003 -15566.749999999998 19.165000000000003 -43229.94999999999 5.5000000000000009 5688.8591840277786 3030.0050000000006 4729.1950000000006 4615.620642361112 -0.68322629814330815 5612.9974038938499 61.500000000000007 3506.0200000000004 9.3450000000000006 -0.8611288361322974 5799.6176165674615 1699.8750000000002 1999.4700000000003 6.5000000000000009 -0.78324956448884031 2343.5715089364512 2891.2263792477029 2855.9909785512978 2995.8998623511911 4129.4000000000005 1899.7000000000003 5.5000000000000009 0.21499999999999989 17.375000000000004 15.210000000000003 4869.2241381448421 3500.0650000000005 2500.0550000000007 -0.89404254237865755 2919.5000000000005 4067.7416666666672 4944.3344432043659 27.500000000000004 0.22500000000000145 3101.9253264421027 3351.7196891843473 0.86500000000000032 0.99024581825578073 24.500000000000004 2988.8938700237363 3899.1650000000004 2850.4250000000006 -0.72947329433276231 5437.5589905753977
decision_type=2 2 2 2 2 2 2 2 2 2 2 2 10 2 2 10 2 2 2 2 2 2 2 2 2 2 8 2 2 2 2 2 2 2 2 2 2 2 2 2 8 10 8 2 2 2 2 2 2 2 2 8 2 2 10 2 2 2 2 2 2 2
left_child=2 3 4 8 16 50 10 -8 19 14 12 40 61 -14 52 18 17 -1 -12 -2 36 45 35 -9 -22 26 -10 28 -28 48 -30 -17 33 -31 -35 -23 59 38 -38 42 41 -11 -3 -34 -36 -7 47 -32 -29 -50 -5 -52 54 -54 -4 -18 57 -51 60 -16 -41 -6
right_child=1 39 9 5 6 21 7 23 25 11 15 -13 13 -15 20 31 55 -19 -20 -21 24 22 -24 -25 -26 -27 27 29 30 32 46 -33 43 34 44 -37 37 -39 -40 58 -42 -43 -44 -45 -46 -47 -48 -49 49 56 51 -53 53 -55 -56 -57 -58 -59 -60 -61 -62 -63
leaf_value=-0.0092070789915831251 0.0008327846123343444 -0.0063758604910034216 -0.00065211572190137037 0.0013858310068978385 -0.004219773521741437 -0.0025711311074046129 -0.040799763637786236 -0.0010141407522726966 0.0019582028211416447 0.00014970786253928463 -0.046449270236592191 -0.005434393333098188 -0.00021289715748766815 -0.043335583406018445 -0.0011398474820125074 -0.023583594531844696 -0.0010318497107491046 -0.047987780175776179 -0.0052309215742315368 0.0023214367757284984 -0.0036759446711426905 -0.0044404807372045892 -0.0016850800242023541 -0.015337892105500748 0.0015682583235539808 0.0025453061552620729 0.0018019441486358935 0.0021140366156368762 0.0022184780568687665 0.0033619124608513552 -0.0064309334345866069 0.002241875803764145 -0.0042487057799203915 -0.0055185911864986011 -0.004213879955492046 -0.010150848515764621 -5.5456673006257676e-05 0.00058059868350947047 -0.0042054514980712377 4.6920501686013185e-05 -0.00012688771355949015 -0.0028646278160184163 0.0052783675690883606 0.0023054726370448594 0.003944421732626999 0.00095482251231635343 0.0039248601424413934 0.0015695430517150299 -0.0046975301996881073 -0.0017950641634709942 -0.0022658287565626486 0.00039285136221406814 -0.015856071946063071 -0.0007232091502253088 -0.0031615569980590601 -0.0013651067846288257 0.001109268031799715 -0.0026822697000012967 0.0052782369560922327 0.00031157592130479718 0.0020364865973359048 -0.0012527126944057599
leaf_weight=543 4910 56 3737 1586 1094 120 307 206 1045 116 270 776 139 227 470 69 6769 64 104 14403 1333 248 645 139 503 4518 1968 105 300 139 253 79 94 154 89 196 109 5045 82 876 933 169 25219 1058 105 346 88 76 198 426 225 1556 115 108 41 342 330 51 3858 440 1443 1719
leaf_count=543 4910 56 3737 1586 1094 120 307 206 1045 116 270 776 139 227 470 69 6769 64 104 14403 1333 248 645 139 503 4518 1968 105 300 139 253 79 94 154 89 196 109 5045 82 876 933 169 25219 1058 105 346 88 76 198 426 225 1556 115 108 41 342 330 51 3858 440 1443 1719
internal_value=0.00209776 0.00393723 -0.00261131 0.00287747 -0.0044006 -7.67825e-05 -0.00672072 -0.0132588 0.0033572 -0.00106582 -0.00556564 -0.00454436 -0.00458679 -0.0112643 -0.000486649 -0.0115067 -0.00309133 -0.00797368 -0.014976 0.0040876 0.000354754 -0.00401028 -0.00586789 -0.00676301 -0.00202177 0.0020742 0.00123519 0.000606072 0.00235666 -0.001104 -0.00148747 -0.00269799 0.000746341 -0.00311066 -0.00673926 -0.0105978 0.00106491 0.00159939 -0.0066875 0.00512422 -0.00207711 -0.00723776 0.00540275 0.00237814 -0.00110769 0.000334047 -0.0047799 -0.0072 -0.00383438 -0.00474155 0.0017405 0.000222222 -0.00216492 -0.00822321 -0.00180524 -0.00267351 -0.00299257 -0.00568619 0.00398381 -0.00200878 0.00248017 -0.00371429
internal_weight=92732 66684 26048 35232 12071 4922 4353 652 30310 13977 3701 1994 3179 366 11983 522 7718 607 374 19313 7982 1555 1089 345 1836 10997 6479 5434 2685 2749 717 148 1639 487 348 444 6146 5236 191 31452 1218 285 25275 1152 194 466 417 329 1110 1005 3367 1781 4001 223 3778 7111 807 477 6177 910 2319 2813
internal_count=92732 66684 26048 35232 12071 4922 4353 652 30310 13977 3701 1994 3179 366 11983 522 7718 607 374 19313 7982 1555 1089 345 1836 10997 6479 5434 2685 2749 717 148 1639 487 348 444 6146 5236 191 31452 1218 285 25275 1152 194 466 417 329 1110 1005 3367 1781 4001 223 3778 7111 807 477 6177 910 2319 2813
is_linear=0
shrinkage=0.03


Tree=38
num_leaves=63
num_cat=0
split_feature=9 9 20 1 24 1 17 26 22 21 25 9 1 21 14 24 1 9 9 14 15 7 5 17 8 22 8 20 27 24 22 14 7 8 7 15 22 21 15 1 27 20 25 25 7 17 17 24 16 1 24 15 8 18 15 5 23 15 22 1 17 7
split_gain=841.294 100.72 79.2003 70.3399 38.178 34.8507 39.2673 32.4733 32.1623 29.514 28.2642 25.8412 20.8628 22.9927 20.0572 21.9091 18.5241 15.4961 14.1112 13.4266 13.3845 13.1797 12.8718 12.4762 16.1413 11.9965 12.4557 11.0625 12.1705 10.923 15.1237 14.013 12.6205 10.8389 10.6877 10.6517 19.808 10.1008 10.996 10.8649 10.2035 9.85498 9.4393 17.8664 13.9916 19.2077 10.4152 9.34873 9.24596 9.06309 15.7406 9.05994 8.95569 14.8987 8.82404 13.1209 16.1823 12.611 8.40295 9.10396 19.6895 13.3379
threshold=2900.4950000000003 4000.4350000000004 -19752.499999999996 5.5000000000000009 4.8000000000000034 5.5000000000000009 499.24000000000007 10.600000000000001 4795.835047123016 3465.7650000000008 17.385000000000002 2511.9700000000007 1.0000000180025095e-35 2037.3550000000002 2946.72165742782 11.331249999999999 5.5000000000000009 399.17500000000007 2149.4650000000006 3043.6902451241886 3545.5795312499999 -0.59176244063315286 -0.5 300.90000000000003 0.58307701883076835 5400.8806677827388 0.011826144619637555 -11629.65 -0.60000000000000042 2.0125000000000015 5501.8094450644849 2036.0170023680821 0.85226249403558707 -0.6905596507703472 0.13398903995667991 5853.4142187500011 4615.620642361112 4694.0666666666666 2336.9796875000006 1.0000000180025095e-35 0.10000000000000055 -10151.149999999998 15.315000000000003 15.170000000000002 -0.94705910369513524 250.25500000000002 1470.9050000000004 2.4000000000000008 4199.8350000000009 5.5000000000000009 17.300000000000004 5580.4032291666681 0.95936279103287792 10801.150000000003 2765.9109895833335 -1.0000000180025095e-35 17.456250000000008 2678.6853645833339 3694.9052616567465 2.5000000000000004 997.96000000000015 -0.72101013194340913
decision_type=2 2 2 2 2 2 2 10 2 2 10 2 2 2 2 2 2 2 2 2 2 2 2 2 2 2 2 2 10 2 2 2 2 2 2 2 2 2 2 2 8 2 10 10 2 2 2 2 2 2 2 2 2 2 2 2 2 2 2 2 2 2
left_child=2 3 5 8 22 7 -7 14 54 -8 19 12 13 -4 42 17 37 -16 20 -11 -14 33 -5 -9 -25 -3 49 -10 29 30 31 -29 -31 -15 -22 41 -37 38 40 -39 -13 -6 43 44 46 -46 -1 -18 -23 -27 -51 -44 58 -54 55 -2 -57 -58 -47 -60 -61 -62
right_child=1 25 11 4 35 6 9 23 27 10 -12 16 18 21 15 -17 47 -19 -20 -21 34 48 -24 24 -26 26 -28 28 -30 32 -32 -33 -34 -35 -36 36 -38 39 -40 -41 -42 -43 51 -45 45 52 -48 -49 -50 50 -52 -53 53 -55 -56 56 57 -59 59 60 61 -63
leaf_value=0.0019396386708708851 0.0026046717853599093 0.0057919811864474676 -0.0023359433611805343 -0.00072351608769496869 -0.0050439656133644583 -0.046202278564685596 0.0011565203452264909 -0.0046033929499081951 -0.0027475528390227665 -0.029559422316469852 -0.0032881580325999694 -0.0033694930278607466 -0.00076213547285674762 -0.0055551797419565131 -0.033482323304872719 -0.0023270638877141937 -0.00030457321600024383 -0.0073978406860315407 -0.00089051834757185777 0.0014461495210088577 -0.0043968198737340267 -0.0035460451811029337 0.00078856852157370698 -0.039282484865001625 0.00085760684207984543 0.0055076983953017767 -0.0061887474637770442 -0.0019775930378988409 0.0022786875987652992 0.0014872117081835437 -0.0020608095557323584 0.0011603678363616889 -0.0037688678102785395 -0.00062800278979191059 -0.0021217614827843548 0.00044057065095677703 -0.0064022752791965173 0.0034466410907593526 0.00029871060549345257 -0.002200721372690556 0.0016894392470878025 -0.0011624062012714333 -0.00065766044105670354 -0.018127917875758581 -0.026764139938249238 -0.00030114582863799227 -0.0052919162465486285 -0.0035938317881250184 0.0016147870410595927 0.0017209413844156707 -0.0070526505419822765 -0.0053172758033277435 -5.8160008663354307e-05 -0.0013874678268328262 0.0017267185526332524 0.0025665105243014821 -0.00031047627518381461 -0.0019280563707817866 -0.0011398420723106781 -0.018067084463394653 -0.0062598786000410481 -0.00039423828209517707
leaf_weight=360 419 25374 122 703 151 202 172 150 426 435 389 69 780 51 175 620 798 723 3519 41 996 54 2816 234 41 3744 48 105 1625 6334 255 966 71 448 444 103 242 316 6402 1502 59 1009 3921 149 119 612 74 546 1241 1034 45 49 85 113 20032 111 103 104 464 108 100 222
leaf_count=360 419 25374 122 703 151 202 172 150 426 435 389 69 780 51 175 620 798 723 3519 41 996 54 2816 234 41 3744 48 105 1625 6334 255 966 71 448 444 103 242 316 6402 1502 59 1009 3921 149 119 612 74 546 1241 1034 45 49 85 113 20032 111 103 104 464 108 100 222
internal_value=0.00205994 0.00388691 -0.0024095 0.0028047 -0.000484776 -0.00460216 -0.00929516 -0.00390216 0.00334564 -0.00692486 -0.00918014 -0.00120118 -0.00250392 0.000206573 -0.00346624 -0.00656485 -0.000172083 -0.00955729 -0.00340871 -0.0140755 -0.0052814 0.0010663 0.00122557 -0.0119718 -0.0157609 0.00515969 0.00379434 0.00192702 0.00214235 0.00164589 -0.000831952 0.000733209 0.00215891 -0.003072 -0.00699514 -0.00448207 -0.00910405 0.000354294 0.000904915 -0.00162287 -0.00776744 -0.00310078 -0.00272761 -0.00421022 -0.00354207 -0.00469408 0.00129655 -0.00343941 0.00266204 0.00394652 0.00152222 -0.00182825 -0.00387449 -0.0098593 0.00401367 0.000788618 -0.00379937 -0.00874038 -0.00308162 -0.00493408 -0.00807425 -0.00432817
internal_weight=92725 65820 26905 35575 5024 9558 1239 8319 30551 1037 865 17347 7655 1916 7894 1518 9692 898 5739 476 2220 1794 3519 425 275 30245 4871 9782 9356 7731 1326 1071 6405 499 1440 1505 345 8348 6530 1818 128 1160 6376 2406 2257 1823 434 1344 1295 4823 1079 3970 1704 198 20769 737 318 207 1506 894 430 322
internal_count=92725 65820 26905 35575 5024 9558 1239 8319 30551 1037 865 17347 7655 1916 7894 1518 9692 898 5739 476 2220 1794 3519 425 275 30245 4871 9782 9356 7731 1326 1071 6405 499 1440 1505 345 8348 6530 1818 128 1160 6376 2406 2257 1823 434 1344 1295 4823 1079 3970 1704 198 20769 737 318 207 1506 894 430 322
is_linear=0
shrinkage=0.03


Tree=39
num_leaves=63
num_cat=0
split_feature=9 9 9 21 9 11 26 10 3 18 18 3 15 7 15 8 3 6 26 14 12 21 17 17 24 12 18 7 9 12 10 27 8 17 12 14 26 8 15 17 12 16 8 21 25 27 2 8 21 2 26 16 10 12 7 26 21 10 18 7 11 25
split_gain=823.587 104.753 71.7832 45.518 30.4135 26.4008 24.6574 28.1074 22.8519 21.6727 20.4321 16.7212 14.7755 14.5213 16.7503 14.5463 14.2923 24.8369 13.5643 15.01 13.3661 13.022 12.8251 12.303 12.2903 12.243 18.1571 12.078 12.0166 11.8186 11.3028 11.1679 15.3036 16.0489 11.0411 10.8684 10.616 10.5471 10.5077 10.4585 14.9997 11.2775 10.5181 10.2807 10.8248 10.0533 10.0231 9.46383 9.82507 9.24813 9.00887 8.76381 8.69849 8.67557 8.67359 13.6206 8.60638 8.57405 11.8215 17.3227 8.54332 8.54272
threshold=2889.5750000000003 4000.4350000000004 1753.4350000000002 4354.5666666666675 2528.9750000000004 2208.9800000000005 10.600000000000001 350.65000000000003 1.0000000180025095e-35 6535.6000000000013 11052.450000000003 1.0000000180025095e-35 4596.5043229166677 -0.36647417525074694 3624.9264583333338 0.88117331841669433 1.0000000180025095e-35 -0.19509032201612839 10.105000000000002 1909.0485062702589 4730.0103645833342 3238.4483333333342 300.90000000000003 2000.3000000000002 9.5062499999999996 3691.6897544642866 10175.150000000003 0.49065764355977465 3110.1850000000004 5416.4018303571438 3530.9150000000004 0.13499999999999981 0.99024581825578073 1999.9700000000003 5416.4018303571438 1530.5425208204024 10.535000000000002 -0.61236746317008228 3145.088802083334 999.98000000000013 2801.8181919642861 9999.970000000003 0.29958852271690523 4950.6900000000014 15.315000000000003 0.18499999999999875 1.5000000000000002 0.26659387353423869 4478.1616666666678 3.5000000000000004 6.455000000000001 11891.455000000002 3129.7700000000009 3581.9330505952389 -0.42180583328916638 9.3450000000000006 5711.5300000000016 2064.7450000000003 9645.9500000000025 -0.25205528343633254 1001.5800000000002 18.385000000000002
decision_type=2 2 2 2 2 2 10 2 2 2 2 2 2 2 2 2 2 2 10 2 2 2 2 2 2 2 2 2 2 2 2 8 2 2 2 2 10 2 2 2 2 2 2 2 8 8 2 2 2 2 10 2 2 2 2 8 2 2 2 2 2 10
left_child=2 3 6 11 13 34 7 9 61 -1 27 28 21 14 15 47 36 60 19 51 31 -13 -8 38 57 -21 52 39 -2 54 56 -15 45 -34 -5 -23 -6 -29 -17 40 -10 -42 -41 -3 -45 46 -33 -4 -49 -37 -11 -16 -27 -25 55 -7 -31 -22 -59 -60 -18 -9
right_child=1 43 4 5 16 29 22 8 10 50 -12 12 -14 20 18 23 17 -19 -20 25 24 35 -24 53 -26 26 -28 37 -30 30 -32 32 33 -35 -36 49 -38 -39 -40 42 41 -43 -44 44 -46 -47 -48 48 -50 -51 -52 -53 -54 -55 -56 -57 -58 58 59 -61 -62 -63
leaf_value=-0.032797913456595981 0.00095742185871632241 0.005672171062628184 0.00022643303418026954 -0.0010992982635472926 0.00021138706678243123 0.0022528050096547255 -0.011655437307910991 -0.0024433118805395437 0.0027019419314372635 0.00029678473713829558 0.00092782774850840347 0.00084578950408367216 0.0015129873723893062 0.00049652246061103196 -0.0036262191285914144 -0.002158210192841356 -0.010464457881637104 0.0001673204876270393 -0.078450247592821223 -6.50221498721695e-05 -0.0043489447619432017 0.0015436046181980109 -0.041969211370467358 -0.0050591537815937943 -0.00085653141540758377 -0.0042859514836151138 -0.0072682048196442946 -0.044817417558323171 0.0022479757000309652 -0.00051522638239035455 0.0014431677482558251 -0.0012068963120226732 0.00063245707210033818 -0.0015550646020724118 -0.005328940709635549 -0.0016175914001533335 -0.0039393278737224428 -0.026893381524860295 0.0013968348218223636 0.00057670826828419737 -0.0070866792239218518 -0.034399345208603743 -0.015377379402796671 -0.0059959305575635431 0.0047999708734736699 -0.00017447367027180531 -0.0039780788790536028 -0.00082433729640262322 -0.01137301178993671 -6.9951653232680995e-05 -0.024191745750188742 -3.941281451388742e-06 0.0011896787951664321 -0.0016620453668797362 0.0015667565195786493 0.00015727642941758545 -0.004942529735673295 -0.0010508036911488884 0.0031384145467713491 -0.0062934143259072367 -0.0022610642755437082 -0.0037088850425395668
leaf_weight=228 4597 22195 1011 844 6191 1066 115 2604 57 121 125 1676 2384 956 194 67 81 1244 42 402 284 445 199 67 955 990 109 109 12368 879 1608 149 99 198 221 400 139 211 66 225 100 155 106 49 7974 3068 68 1767 49 1273 204 40 188 40 4850 3217 309 734 46 173 1204 753
leaf_count=228 4597 22195 1011 844 6191 1066 115 2604 57 121 125 1676 2384 956 194 67 81 1244 42 402 284 445 199 67 955 990 109 109 12368 879 1608 149 99 198 221 400 139 211 66 225 100 155 106 49 7974 3068 68 1767 49 1273 204 40 188 40 4850 3217 309 734 46 173 1204 753
internal_value=0.00205494 0.00382663 -0.00247829 0.00273651 -0.00167704 0.00131543 -0.0055878 -0.00507341 -0.004278 -0.0114477 -0.0080551 0.00353431 0.00219744 -0.00267687 -0.00389589 -0.00250913 -0.000349436 -0.00225534 -0.00605799 -0.00568191 -0.00176497 0.00103399 -0.0137333 -0.00958506 -0.0036881 -0.00468994 -0.00611646 -0.00953527 0.00402098 0.00171953 1.28709e-05 -0.000835426 -0.00160424 -0.00811409 -0.00320826 -0.000529495 0.000412257 -0.0142991 -0.00344776 -0.00714596 -0.0110799 -0.0141797 -0.00341566 0.00513015 0.00420837 -0.00101339 -0.00723853 -0.00190523 -0.00319978 -0.00163799 -0.00644172 -0.0127915 -0.0050229 -0.0171111 0.00224195 0.0012577 -0.00220521 -0.00566074 -0.00428931 -0.0103909 -0.00517885 -0.00305182
internal_weight=92288 66355 25933 36137 20621 12994 5312 4998 4445 553 1088 23143 6178 11762 5032 3067 8859 2529 1965 1923 6730 3794 314 240 2192 1689 1287 963 16965 11929 2796 4538 3582 297 1065 2118 6330 320 133 643 312 255 331 30218 8023 3285 217 2827 1816 1673 325 234 1178 107 9133 4283 1188 1237 953 219 1285 3357
internal_count=92288 66355 25933 36137 20621 12994 5312 4998 4445 553 1088 23143 6178 11762 5032 3067 8859 2529 1965 1923 6730 3794 314 240 2192 1689 1287 963 16965 11929 2796 4538 3582 297 1065 2118 6330 320 133 643 312 255 331 30218 8023 3285 217 2827 1816 1673 325 234 1178 107 9133 4283 1188 1237 953 219 1285 3357
is_linear=0
shrinkage=0.03


Tree=40
num_leaves=63
num_cat=0
split_feature=9 9 1 9 0 9 1 22 22 22 7 1 21 22 1 6 22 22 11 27 1 25 8 7 16 10 1 0 17 18 22 15 11 17 15 15 22 12 12 7 22 18 1 25 15 12 14 12 16 22 25 18 18 22 8 22 6 17 26 19 12 18
split_gain=774.957 102.269 70.9694 63.0509 35.6269 34.2288 33.0092 30.1134 25.2681 22.5965 32.6334 21.299 19.641 17.5247 16.0099 15.7629 18.8034 15.7027 15.6726 15.4283 14.7446 16.2125 14.5442 13.2723 15.6993 13.2602 13.192 15.2489 12.741 16.6435 12.3655 16.5812 12.0136 11.6981 15.3623 11.6695 11.6271 11.4695 14.64 11.1777 10.7725 10.5577 10.4112 11.2673 10.3526 11.8839 12.5302 11.2516 10.1629 15.6667 13.3871 9.91872 9.88237 9.77603 9.7317 9.70693 20.239 9.6038 9.8648 9.36922 9.90094 10.7062
threshold=2889.5750000000003 4000.4350000000004 5.5000000000000009 2487.2200000000007 33.500000000000007 1001.8050000000001 5.5000000000000009 4795.835047123016 5474.1066542658737 5040.2690866815492 0.56369777965491019 1.5000000000000002 2342.2266666666669 5554.0026599702387 5.5000000000000009 -0.58216583101416131 2872.4511520337305 3998.1630530753969 3479.8750000000005 0.16499999999999918 5.5000000000000009 17.385000000000002 0.99024581825578073 -0.54939360607974019 4199.8350000000009 3030.0050000000006 5.5000000000000009 31.500000000000004 2598.5500000000006 7351.3500000000013 6092.3581026785723 4972.9696354166672 2510.6650000000004 1515.8300000000002 3247.4658854166669 5646.5696354166676 2970.1818607390878 2929.9656324404768 3464.2288392857149 -0.84315017450793706 3243.364192708334 7990.2500000000009 1.0000000180025095e-35 19.155000000000005 2844.7857812500001 4375.8903050595245 2994.5695398067796 5276.7718229166676 5999.2650000000003 5400.8806677827388 16.695000000000004 10837.950000000003 9225.0000000000018 3211.612738095238 -0.92272482904738262 5416.9166371527781 -0.44228869021900119 1999.0150000000001 11.265000000000002 23815.800000000007 4738.6454464285725 8810.2500000000018
decision_type=2 2 2 2 2 2 2 2 2 2 2 2 2 2 2 2 2 2 2 8 2 8 2 2 2 2 2 2 2 2 2 2 2 2 2 2 2 2 2 2 2 2 2 10 2 2 2 2 2 2 8 2 2 2 2 2 2 2 10 2 2 2
left_child=3 2 7 5 -4 6 9 25 28 17 13 12 37 48 -3 20 -17 19 41 42 30 -22 -18 44 -25 -2 59 -28 36 -30 -13 -32 -9 34 -23 -10 -6 -7 -39 -21 -40 -16 -1 -44 -14 46 57 -47 49 -11 -50 -24 -29 -38 -15 -20 -57 58 -46 -5 -61 -62
right_child=1 14 4 26 8 11 -8 32 35 10 -12 15 23 54 18 16 22 -19 55 39 21 33 51 24 -26 -27 27 52 29 -31 31 -33 -34 -35 -36 -37 53 38 40 -41 -42 -43 43 -45 45 47 -48 -49 50 -51 -52 -53 -54 -55 -56 56 -58 -59 -60 60 61 -63
leaf_value=-0.062719090914693673 0.00086293124201929376 0.0058551380170966758 0.0010637440316355194 0.00024217761449780417 0.00065574921321612722 -0.0026213556259718951 -0.043231614786320038 -0.0012906370745307079 -0.0031662242730900823 0.0015530046898398985 -0.031690221013624106 -0.0018444626493134639 0.00041144212603937813 -0.011516787530659416 -0.0045957992127354996 -0.0016128019868253051 -0.00020187681292622856 0.0015950482614431512 0.0045803715336587905 -0.0059828208236765955 -0.03547093211431205 0.0015314588615104882 -0.00084463413147422498 -0.0029199881583192224 0.00051985780197296263 0.0019368483180713229 0.00010197354769793341 -0.0057396990622862604 -0.0032655153432306124 0.00070823121439564851 -0.0099327080694250856 -0.0019662525602416564 0.0013390390867456707 -0.002478300272955996 -0.022598953008767582 -0.0098961655169382268 -0.0032207427624388238 0.00064686556778545715 -0.0022143344879743706 0.0013747527904381673 -0.000574375204920718 0.00093378420237975857 -0.0038212580793812101 -0.015179820761027989 -0.00097545873321571146 0.0032405827755661427 -0.011417415946278433 -0.0063229378316652565 -0.027392428991805891 -0.027423470580995941 -0.0094396136408058419 -0.0012376879069926528 -0.0011088859618592314 -0.0011322355049258287 0.0021046005397093535 -0.0048297001019471583 0.0021385514719940496 -0.0028532470044180004 -0.043780295695141823 -0.00028036368920283662 0.0012838810146852196 -0.0029970288852888406
leaf_weight=49 5162 24302 2090 5774 199 49 217 722 233 140 201 4580 504 119 80 83 2251 345 4098 40 237 84 133 151 2465 15968 582 378 131 1018 131 110 9233 701 312 153 281 107 240 219 287 1012 136 79 497 215 41 116 89 73 233 148 459 994 211 58 811 96 49 2886 74 214
leaf_count=49 5162 24302 2090 5774 199 49 217 722 233 140 201 4580 504 119 80 83 2251 345 4098 40 237 84 133 151 2465 15968 582 378 131 1018 131 110 9233 701 312 153 281 107 240 219 287 1012 136 79 497 215 41 116 89 73 233 148 459 994 211 58 811 96 49 2886 74 214
internal_value=0.00205578 0.00377423 0.00269681 -0.00232475 -0.000583529 -0.00352132 -0.00703717 0.0032349 -0.00267309 -0.00578605 -0.0087104 -0.00296423 -0.00136115 -0.00616628 0.00505816 -0.00384449 -0.0018922 -0.00218872 0.00367723 -0.00546183 -0.00467349 -0.00746517 -0.00142835 -0.000581862 0.00071303 0.00387582 -0.000508102 -0.00319437 -0.00161662 0.000751304 -0.00389963 -0.0105124 0.00187425 -0.00591803 -0.0100353 -0.00982946 -0.00346169 -0.00607018 -0.00497008 -0.000253846 -0.00702273 0.00042269 -0.0105509 -0.00763889 -0.00281238 -0.00455764 -0.00681579 0.000108434 -0.00951493 -0.00440187 -0.0128731 -0.00785106 -0.0057852 -0.00451411 -0.000725076 0.00439251 0.00151034 -0.00576672 -0.00421207 -8.17969e-05 -0.00139087 -0.00668512
internal_weight=92650 66545 36184 26105 5099 15738 2151 31085 3009 1934 1066 13587 4817 865 30361 8770 2615 868 6059 523 6155 1334 2532 4134 2616 21130 10367 1419 2623 1149 4821 241 9955 1097 396 386 1474 683 634 259 527 1092 264 215 1518 1014 683 331 535 213 322 281 837 1275 330 4967 869 642 546 8948 3174 288
internal_count=92650 66545 36184 26105 5099 15738 2151 31085 3009 1934 1066 13587 4817 865 30361 8770 2615 868 6059 523 6155 1334 2532 4134 2616 21130 10367 1419 2623 1149 4821 241 9955 1097 396 386 1474 683 634 259 527 1092 264 215 1518 1014 683 331 535 213 322 281 837 1275 330 4967 869 642 546 8948 3174 288
is_linear=0
shrinkage=0.03


Tree=41
num_leaves=63
num_cat=0
split_feature=9 9 9 1 1 20 22 24 1 21 18 22 2 11 1 9 21 22 27 26 17 27 15 22 22 27 25 5 22 11 22 17 21 26 17 22 17 24 17 12 22 15 20 14 22 21 27 22 21 1 2 25 21 20 1 16 15 6 24 6 24 24
split_gain=740.896 104.079 64.6746 61.8892 35.7824 35.4289 31.9829 31.3628 18.6858 29.1438 20.4438 17.2212 25.2873 15.3832 15.3392 17.3167 17.6571 15.013 15.3715 14.6416 13.8658 13.5836 13.4455 13.1792 12.3516 12.3361 11.6446 16.3843 14.6789 11.4533 11.4143 11.3626 11.2963 14.8671 10.9275 10.772 10.2936 14.9775 10.1919 9.92031 14.0509 12.3946 9.89853 9.85343 11.5725 9.85214 9.60806 9.56718 9.42838 11.7404 10.5107 9.42817 9.5851 9.43556 9.30877 9.05522 10.6697 9.05294 8.76884 10.6828 8.7002 8.68039
threshold=2889.5750000000003 4000.4350000000004 1199.3950000000002 5.5000000000000009 5.5000000000000009 -12853.249999999998 3694.9052616567465 4.8000000000000034 5.5000000000000009 3546.9533333333334 10452.250000000002 5012.0477914186513 5.5000000000000009 3250.3400000000006 5.5000000000000009 5400.5900000000011 4711.5950000000012 3998.1630530753969 0.16499999999999918 10.665000000000001 1692.6000000000001 0.10500000000000044 5628.3374479166678 5688.8591840277786 3430.3115910218262 0.030000000000000252 17.145000000000003 -0.47114434510950048 5515.8631963045646 399.17500000000007 3169.4702560763894 500.78500000000008 3748.2233333333338 6.8000000000000007 300.90000000000003 6578.6732403273827 1700.7600000000002 10.712500000000004 1093.3700000000001 5416.4018303571438 4615.620642361112 5646.5696354166676 -28935.849999999995 3163.3879062073406 5515.8631963045646 2939.688333333334 -0.064999999999999489 3193.0965004960321 4729.1950000000006 1.0000000180025095e-35 7.5000000000000009 19.275000000000002 2423.4767241379318 -16347.049999999997 1.0000000180025095e-35 6500.1000000000013 3647.4896354166672 -0.68322629814330815 2.1062499999999997 -0.5 3.4000000000000008 11.606250000000001
decision_type=2 2 2 2 2 2 2 2 2 2 2 2 2 2 2 2 2 2 8 10 2 10 2 2 2 10 10 2 2 2 2 2 2 10 2 2 2 2 2 2 2 2 2 2 2 2 10 2 2 2 2 10 2 2 2 2 2 2 2 2 2 2
left_child=2 3 4 6 11 8 51 45 26 -10 20 17 42 58 -3 16 -16 18 25 29 21 23 -18 -11 -23 -1 27 54 30 -14 32 -6 33 -29 60 57 37 -30 -25 -9 -41 -42 -13 -15 -45 -5 -47 -48 -7 50 -50 53 -53 -2 -4 56 -52 -28 -8 -60 -21 -46
right_child=1 14 5 7 31 48 13 39 9 10 -12 12 19 43 15 -17 22 -19 -20 34 -22 24 -24 38 -26 -27 35 28 36 -31 -32 -33 -34 -35 -36 -37 -38 -39 -40 40 41 -43 -44 44 61 46 47 -49 49 -51 55 52 -54 -55 -56 -57 -58 -59 59 -61 -62 -63
leaf_value=-0.0029226775706696177 -0.0019539922857749999 0.0056507893759504347 0.0021360006137892901 0.001020405690936833 -0.04251309191506792 0.00015436825733262705 -0.0004007330785161876 -0.0012558538590727636 5.2167360620998548e-05 -0.033653034660093104 -0.0015794230132297807 -0.030865661238066958 -0.022260363817322347 0.0017922440855943755 0.0020424141724401466 0.0058244591111579133 0.00079271755337280089 0.0010234025031579642 -0.0017498140783095818 -0.021338136339843074 -0.0035331514249881111 -0.025974781677045439 -0.0035111986937938393 -0.021883135916723133 0.0017806699711009251 -0.020666176889287437 -0.0007898025125137911 -0.0011949269066611596 -0.009206911425632484 -0.0063478417632416061 -0.00095469978666690885 -0.017829354157350444 0.0016213318829929053 -0.0025653225419445588 -0.025860676996573097 -0.011705307252828669 -0.0058251087030776255 0.0014594530181360524 0.0020690296828018511 0.00074888196690866789 -0.0013348189172371623 -0.0072525330301523886 -0.0099192945218259613 0.0015893109579021437 -0.0019658101117316449 0.00036183548859037613 -0.0049167082666997626 -0.00065143881515486977 0.0036260390930567799 -0.0024095233046432904 -0.00070108863785413496 0.001405696284149589 -0.0030811214438038956 0.0015804337658950297 -0.00082384573921943547 0.0024539957999357804 -0.0096033738544181874 0.00010005977984284649 0.00019234803592232274 0.0018714035545664481 0.00051348314924704952 0.0052528477215608412
leaf_weight=114 96 24175 420 1186 200 5594 1300 1055 638 349 467 206 43 9041 1939 3307 467 391 331 40 448 46 324 46 79 174 2702 1048 382 711 4693 84 76 115 92 70 168 161 46 105 161 201 55 413 339 2019 91 334 426 1948 55 66 73 15678 1089 120 51 2284 2482 1555 51 67
leaf_count=114 96 24175 420 1186 200 5594 1300 1055 638 349 467 206 43 9041 1939 3307 467 391 331 40 448 46 324 46 79 174 2702 1048 382 711 4693 84 76 115 92 70 168 161 46 105 161 201 55 413 339 2019 91 334 426 1948 55 66 73 15678 1089 120 51 2284 2482 1555 51 67
internal_value=0.00203261 0.00371228 -0.00225963 0.00262863 -0.00685439 -0.00177255 0.00313298 -0.000416845 -0.00262383 -0.00523868 -0.00754656 -0.00555998 -0.00799166 0.00214844 0.00501281 0.00365883 0.00188942 -0.00267062 -0.00557419 -0.00568017 -0.00993695 -0.0130582 -0.00188636 -0.0155294 -0.00428571 -0.0106298 -0.00220395 -0.00290543 -0.00354636 -0.00382252 -0.00305714 -0.0168632 -0.00561774 -0.00635052 -0.0132717 -0.00107257 -0.00761798 -0.00559191 -0.00535484 -0.0040302 -0.00766667 -0.0104628 -0.0162366 0.00285062 -0.0003 0.00109887 9.81595e-06 -0.00408451 -0.00018011 -0.00167243 0.00181011 0.00407302 -0.00368571 0.00414162 -8.34437e-05 -0.00340969 -0.00975701 -0.000907159 0.00085088 0.00154086 -0.00580435 -0.00389189
internal_weight=92487 66474 26013 36262 2492 23521 31110 5152 15327 2119 1481 2208 1198 15197 30212 6037 2730 1010 619 937 1014 566 791 441 125 288 13208 8152 6643 754 5932 284 1239 1163 183 5056 711 543 92 1522 467 362 261 9860 819 3630 2444 425 8194 2600 652 15913 139 15774 1509 226 106 4986 5337 4037 91 406
internal_count=92487 66474 26013 36262 2492 23521 31110 5152 15327 2119 1481 2208 1198 15197 30212 6037 2730 1010 619 937 1014 566 791 441 125 288 13208 8152 6643 754 5932 284 1239 1163 183 5056 711 543 92 1522 467 362 261 9860 819 3630 2444 425 8194 2600 652 15913 139 15774 1509 226 106 4986 5337 4037 91 406
is_linear=0
shrinkage=0.03


Tree=42
num_leaves=63
num_cat=0
split_feature=9 9 9 1 24 1 17 22 21 0 9 27 1 0 10 22 0 27 14 22 14 11 16 26 14 17 12 7 17 9 10 24 1 16 27 12 15 12 12 9 22 12 13 10 26 7 15 22 7 9 12 11 7 24 18 6 11 7 26 17 14 14
split_gain=711.792 97.0779 73.0595 61.8683 32.5425 32.0286 44.8892 31.6279 25.5149 23.9237 22.1811 18.1358 16.3924 17.8964 15.6793 14.8561 13.4354 13.7259 12.1932 12.0567 11.8768 11.8223 10.9405 11.8656 20.0539 17.1655 11.29 10.8232 11.4141 10.695 10.6089 10.2516 10.0669 14.3684 10.7767 13.1202 12.9629 12.3888 13.453 12.586 11.0045 22.0293 10.6261 11.152 10.4495 9.71743 9.65417 16.2796 9.42548 9.52966 12.69 10.1893 9.3796 9.1629 9.15055 9.05728 8.92618 8.70319 16.1185 8.66622 8.57545 8.5567
threshold=2926.6250000000005 4000.4350000000004 2487.2200000000007 5.5000000000000009 4.8562500000000002 5.5000000000000009 499.24000000000007 4795.835047123016 3546.9533333333334 59.500000000000007 399.17500000000007 -0.75499999999999889 5.5000000000000009 27.500000000000004 899.40000000000009 5400.8806677827388 27.500000000000004 -0.064999999999999489 3163.3879062073406 2924.3979042658734 2155.2054502240558 2135.3000000000006 4129.4000000000005 9.7900000000000009 2186.6527829983911 300.90000000000003 4043.3350818452386 -0.27694604220087021 1800.9500000000003 1328.8950000000002 3415.6850000000004 2.0125000000000015 2.5000000000000004 4573.8600000000015 0.47500000000000148 6094.9671875000013 4851.2244270833344 5518.6280729166674 4856.9378050595251 999.58000000000015 5400.8806677827388 4367.630000000001 7300.3000000000002 1431.4250000000002 7.1950000000000012 -0.082689790342551819 5853.4142187500011 4615.620642361112 -0.99940763397299126 4549.5650000000014 5481.4526562500005 3412.1050000000005 0.92922379131507438 12.706250000000002 12449.750000000002 -0.32143946530316164 1723.6600000000003 0.93544191479114935 6.9500000000000002 1948.5050000000003 762.83547630104783 2175.0707049436651
decision_type=2 2 2 2 2 2 2 2 2 2 2 10 2 2 2 2 2 10 2 2 2 2 2 10 2 2 2 2 2 2 2 2 2 2 8 2 2 2 2 2 2 2 2 2 10 2 2 2 2 2 2 2 2 2 2 2 2 2 10 2 2 2
left_child=2 3 5 7 16 9 -7 30 -8 10 11 -1 -4 -14 -10 -3 -5 -18 61 27 -15 -9 26 32 56 -26 -21 28 -12 -27 -2 -23 42 -34 40 36 37 38 39 -36 52 -42 43 -24 -43 -16 -6 -48 -17 50 -50 -52 59 -54 -22 -33 -25 -47 -59 -35 -32 -13
right_child=1 15 12 4 46 6 8 21 14 -11 19 18 13 20 45 48 17 -19 -20 22 54 31 23 24 25 29 -28 -29 -30 -31 60 55 33 34 35 -37 -38 -39 -40 -41 41 44 -44 -45 -46 57 47 -49 49 -51 51 -53 53 -55 -56 -57 -58 58 -60 -61 -62 -63
leaf_value=-0.025860826321189075 0.0010941146710218613 0.0051628857078828833 7.2233267337228361e-05 0.0012597732717295567 -0.0017991763342940356 -0.040919871458357515 0.0004112083923329794 -0.0030959170636346918 -0.042137108226167147 0.00028228621185309743 0.00037156436240934386 -0.022651819980394918 0.00015165370698036549 -0.00062055670002514492 -0.013659144001810467 -0.0061697725410792877 0.00021126962363732287 -0.0025126907884946287 -0.029207751085451039 -0.0016352280667060683 -0.0054566681835627219 -7.4945524495373994e-05 0.0020795736222544736 -0.040437272500786881 0.00048740969016879631 -0.0191168029282799 -0.021939292647535732 0.00023805676508317154 -0.0024133136660066689 -0.0085064861707819135 -0.00086522448618139879 0.00089048755245966637 -0.0071449497913260978 0.00068815988714871683 -0.030841043089227166 -0.034158535336082686 -0.0003403432606652999 0.0020651785535102094 -0.011738960716391352 -0.0017495327123339974 -0.00078993502077765853 -0.0072353549163710071 -0.00048934631140640792 -0.0036645137719478957 -0.053459749660762543 -0.00096741776866914346 0.00047491999185970474 -0.0057967366594491431 0.0030111180122796566 0.0054960968440218539 -0.0060717836681393016 -0.00032841796118167945 -0.00063362991355910751 -0.02304049017191535 0.00031944694420892316 0.0020314397217052801 0.00074078048514515139 -0.016094332037688446 -0.0011096529688448624 -0.0010299464710688147 0.0025169007036814758 -0.0011099154382771261
leaf_weight=140 10225 25432 10506 1564 1129 228 396 331 65 1643 62 129 633 421 697 47 1551 332 77 228 482 1713 41 85 90 88 97 85 217 242 106 3564 65 847 68 40 673 98 193 1616 392 84 5240 142 82 510 93 229 887 3372 66 503 172 42 91 4048 276 90 99 170 9613 250
leaf_count=140 10225 25432 10506 1564 1129 228 396 331 65 1643 62 129 633 421 697 47 1551 332 77 228 482 1713 41 85 90 88 97 85 217 242 106 3564 65 847 68 40 673 98 193 1616 392 84 5240 142 82 510 93 229 887 3372 66 503 172 42 91 4048 276 90 99 170 9613 250
internal_value=0.00204354 0.00376817 -0.0019635 0.00267973 -0.000443356 -0.00331066 -0.00677373 0.00319651 -0.00522497 -0.00278216 -0.00324584 -0.00888442 -0.000213615 -0.00301474 -0.00705472 0.00500699 0.00114327 -0.000563694 -0.00596061 -0.00295121 -0.00552362 0.00178689 -0.00277402 -0.00260947 -0.0061688 -0.0106176 -0.00819018 -0.00831781 -0.0111643 -0.0137764 0.00387887 0.00198477 -0.00232992 -0.00337178 -0.00316615 -0.00436668 -0.00410419 -0.00532895 -0.0058722 -0.00500653 -0.00136089 -0.00485152 -0.00145686 -0.00854348 -0.013976 -0.00637366 -0.00421074 -0.00878638 0.00348852 0.00361938 0.00158957 -0.00190526 0.000224026 -0.00546977 -0.00833101 0.00245659 -0.000977901 -0.00386571 -0.00934737 0.00142633 0.00458889 -0.00372632
internal_weight=92697 64805 27892 34498 4898 15759 2085 29600 1857 13674 12031 596 12133 1627 1461 30307 3447 1883 456 11435 994 9656 11071 10746 781 420 325 364 279 330 19944 9325 9965 4542 4477 2688 2648 1975 1877 1684 1789 558 5423 183 166 1396 1451 322 4875 4828 1456 569 1231 214 573 7612 361 699 189 1017 9719 379
internal_count=92697 64805 27892 34498 4898 15759 2085 29600 1857 13674 12031 596 12133 1627 1461 30307 3447 1883 456 11435 994 9656 11071 10746 781 420 325 364 279 330 19944 9325 9965 4542 4477 2688 2648 1975 1877 1684 1789 558 5423 183 166 1396 1451 322 4875 4828 1456 569 1231 214 573 7612 361 699 189 1017 9719 379
is_linear=0
shrinkage=0.03


Tree=43
num_leaves=63
num_cat=0
split_feature=9 9 1 20 22 0 22 7 20 1 1 22 26 17 11 14 4 15 10 10 20 1 22 4 6 10 11 1 16 15 27 15 18 16 25 17 15 27 9 18 7 26 22 12 22 12 14 14 22 15 26 12 7 16 12 22 15 22 18 15 14 14
split_gain=671.902 100.48 61.8328 60.7095 33.8882 31.9041 29.7044 39.7994 27.9253 23.7371 23.2266 22.2828 19.3366 35.9872 19.1141 18.8664 18.1544 16.7936 15.0787 14.849 14.7097 18.3302 14.0926 12.1627 13.8276 11.8747 11.5692 12.6032 19.3279 15.0459 11.4582 12.3404 10.9563 10.989 10.3718 12.4926 15.2598 10.9547 10.0879 9.88264 9.69325 10.4958 9.61997 9.83773 9.52375 15.0287 14.0414 11.1941 9.6198 19.9863 9.51927 9.42548 13.6387 11.3509 10.3087 9.37506 10.1186 9.31138 13.9322 9.28842 12.2575 9.2622
threshold=2889.5750000000003 4010.8450000000007 5.5000000000000009 -19033.149999999998 3759.4844109623023 30.500000000000004 5150.2051847718258 0.46039464932087154 -28935.849999999995 3.5000000000000004 5.5000000000000009 5474.1066542658737 10.105000000000002 300.90000000000003 999.35500000000013 2155.2054502240558 1.0000000180025095e-35 5646.5696354166676 2782.6750000000006 2350.1800000000007 -43229.94999999999 5.5000000000000009 5400.8806677827388 1.0000000180025095e-35 -0.58216583101416131 3442.9250000000006 2814.6350000000007 1.0000000180025095e-35 4129.4000000000005 2844.7857812500001 0.23999999999999935 4340.8775520833342 11627.85 3999.7950000000005 17.145000000000003 1298.7850000000001 2336.9796875000006 0.70500000000000018 3171.8850000000007 8530.4500000000025 0.95998215779580554 9.1250000000000018 5688.8591840277786 3704.293586309524 6052.9199280753974 5538.767805059525 3163.3879062073406 3163.3879062073406 4082.0383172123015 2893.6016145833337 7.7800000000000002 5056.7896279761908 0.26866988313759588 6500.5900000000011 5178.3211086309539 6578.6732403273827 2867.0879687500005 2872.4511520337305 5853.3500000000013 4735.8742708333339 2647.7941811849987 2941.8011871283402
decision_type=2 2 2 2 2 2 2 2 2 2 2 2 10 2 2 2 2 2 2 2 2 2 2 2 2 2 2 2 2 2 8 2 2 2 10 2 2 8 2 2 2 10 2 2 2 2 2 2 2 2 10 2 2 2 2 2 2 2 2 2 2 2
left_child=3 2 4 6 38 -4 20 10 -9 -10 12 30 32 -14 -5 -12 25 -13 -18 57 21 50 -3 26 39 44 -21 28 29 -28 31 -7 33 -8 35 36 37 -22 -2 -25 -36 -42 -17 -44 48 46 -46 -47 49 -6 -1 52 53 -37 -53 56 -35 58 -16 60 -55 -43
right_child=1 22 5 14 16 11 7 8 9 -11 15 17 13 -15 19 42 18 -19 -20 23 34 -23 -24 24 -26 -27 27 -29 -30 -31 -32 -33 -34 55 40 51 -38 -39 -40 -41 41 61 43 -45 45 47 -48 -49 -50 -51 -52 54 -54 59 -56 -57 -58 -59 -60 -61 -62 -63
leaf_value=-0.0015922167123237848 0.00088402587024460542 0.0051276549450556177 0.00102589175131112 -0.0084807520615451902 -0.0018140864291762125 -0.0036261016346860755 -0.016601992983272352 -0.033334368706930365 0.00055340293903372625 -0.047717373146948336 0.0042765518706884059 -0.0023048189438573717 0.00048273517005202214 -0.038658993794897997 -0.0023404679382959602 -0.040509015914732091 -0.0098222747233836036 -0.011075557424825383 -0.00034358907094036794 -0.00041652766832173826 -0.0055803281284148689 -0.040855430000912463 0.00395149265895806 -0.016007955092708782 0.00012060194928620648 0.0020582715740108115 0.003380541777548669 -1.2194580569461886e-05 0.0021903136622613557 -0.0040568193003642922 -0.00019182611816433097 0.00016438595197966124 -0.0056679696930932062 0.0014532196951436713 7.4730940617723912e-05 -3.2559044747571958e-05 0.00014906840156701318 0.0019274021634060935 0.0020808703611304071 -0.0015377299677436795 -0.0040881381041124546 0.00070586050593983755 -0.019148078730723325 0.00098693326241879823 0.0019258976002928211 -0.0092745553227574669 -0.006270235866130537 0.0017757491632478693 0.0011432501595535236 -3.9012550731385787e-05 -0.013310892917886268 -0.024560419318216384 -0.00044547433262157331 -0.0030526954315085613 -0.010134597574257774 -0.016382735248605586 -0.0015130403332083385 -0.00095794547623584165 5.4502963779775267e-05 0.00046856385045601336 -0.0013072680440196196 -0.0029885959755803558
leaf_weight=282 5259 24691 1964 191 46 216 106 352 151 94 64 258 147 217 45 178 88 169 713 5302 244 64 4730 147 261 6595 65 4081 1738 88 2505 137 59 362 1994 255 1241 58 11478 109 264 222 53 45 326 85 128 41 6321 722 254 62 696 834 106 41 1487 3724 45 83 59 84
leaf_count=282 5259 24691 1964 191 46 216 106 352 151 94 64 258 147 217 45 178 88 169 713 5302 244 64 4730 147 261 6595 65 4081 1738 88 2505 137 59 362 1994 255 1241 58 11478 109 264 222 53 45 326 85 128 41 6321 722 254 62 696 834 106 41 1487 3724 45 83 59 84
internal_value=0.00205661 0.0036549 0.00261541 -0.00203683 0.00311329 -0.000401143 -0.00384605 -0.0061555 -0.0131739 -0.00536585 -0.00463261 -0.00220937 -0.00359752 -0.00996164 -0.000873204 -0.0119648 0.00208084 -0.00859346 -0.00231172 -0.000757401 -0.00270587 -0.00718802 0.00496384 -0.000231004 -0.00472587 0.00232766 -2.44789e-05 0.000880964 0.00290486 -0.00728571 -0.00125289 -0.00630508 -0.00246595 -0.00208513 -0.00227116 -0.00330091 -0.0012513 -0.00728713 0.00404242 -0.00966537 -0.000809357 -0.00425569 -0.0153574 -0.00769697 0.00152464 -0.00216867 0.000382418 -0.0112913 0.00182708 -0.001342 -0.00535196 -0.00480916 -0.00421058 -0.00610714 -0.0116095 -0.00155473 -0.00123568 -0.00238427 -0.0118681 -0.0075783 -0.0084698 -0.000469055
internal_weight=92426 66472 37051 25954 31802 5249 10158 3356 597 245 2759 3285 2419 364 15796 340 15065 427 801 15605 6802 600 29421 11791 517 14264 11274 5972 1891 153 2858 353 2055 1996 6202 3638 1543 302 16737 256 2564 570 276 98 7669 580 454 126 7089 768 536 2095 1927 1231 168 1890 1849 3814 90 976 893 306
internal_count=92426 66472 37051 25954 31802 5249 10158 3356 597 245 2759 3285 2419 364 15796 340 15065 427 801 15605 6802 600 29421 11791 517 14264 11274 5972 1891 153 2858 353 2055 1996 6202 3638 1543 302 16737 256 2564 570 276 98 7669 580 454 126 7089 768 536 2095 1927 1231 168 1890 1849 3814 90 976 893 306
is_linear=0
shrinkage=0.03


Tree=44
num_leaves=63
num_cat=0
split_feature=20 20 11 1 22 4 21 15 17 7 1 14 22 8 17 8 14 17 25 11 1 14 17 25 18 15 20 1 24 8 11 18 24 14 20 12 18 11 22 1 7 22 15 24 14 16 14 17 4 11 0 26 22 11 19 6 22 20 22 7 17 16
split_gain=649.377 87.031 71.558 47.4658 40.8356 31.3882 29.715 29.0036 27.5526 29.7966 28.4925 26.6869 25.9347 16.9586 16.8629 20.0399 16.1072 19.5706 17.4636 16.3662 15.1315 34.0297 17.1137 16.4628 15.0595 17.6887 16.4306 14.8426 14.5285 14.6941 14.5154 13.8292 17.6516 13.8107 13.4069 13.1415 13.3727 12.9727 12.9327 12.2077 12.1948 12.0755 15.109 12.0387 12.0089 11.8379 10.8339 10.5589 10.4748 10.0405 9.89613 11.9027 9.83407 9.77979 9.76107 9.74182 16.6976 9.31757 9.3365 17.7557 9.8315 9.15448
threshold=-9236.5499999999975 -852.20000000000061 2410.8400000000006 5.5000000000000009 5012.0477914186513 1.0000000180025095e-35 4932.2700000000013 5628.3374479166678 1000.9650000000001 0.56369777965491019 1.0000000180025095e-35 2837.5634964055084 4795.835047123016 0.9980355542543059 2162.0150000000003 -0.36648370705903521 2161.391203688007 250.25500000000002 20.545000000000005 1326.5650000000003 5.5000000000000009 2046.4841751618239 2100.0600000000004 17.655000000000005 5929.9000000000005 3296.3787500000003 -15566.749999999998 5.5000000000000009 2.2000000000000015 -0.22700609751797865 2000.4150000000002 8291.9000000000015 0.35624999999999934 3218.8625791712007 3007.6999999999998 5416.4018303571438 9482.6500000000033 899.35500000000013 3003.5766108630955 3.5000000000000004 -0.90893996196865023 5279.9632378472234 4142.9130208333345 16.481250000000003 2465.2325890193629 4129.4000000000005 2668.8936846669185 1399.8600000000004 1.0000000180025095e-35 1326.5650000000003 25.500000000000004 5.4450000000000012 3998.1630530753969 3460.0800000000004 31485.900000000005 -0.84874750804349197 5799.6176165674615 -12303.849999999997 5416.9166371527781 0.50557357885840837 1799.6300000000003 9084.1850000000013
decision_type=2 2 2 2 2 2 2 2 2 2 2 2 2 2 2 2 2 2 8 2 2 2 2 10 2 2 2 2 2 2 2 2 2 2 2 2 2 2 2 2 2 2 2 2 2 2 2 2 2 2 2 10 2 2 2 2 2 2 2 2 2 2
left_child=2 3 4 5 13 12 50 -8 9 10 -6 24 53 14 15 -1 -12 19 -19 -18 22 47 38 30 25 52 -26 -3 29 31 -23 32 -14 -34 43 -9 -37 -16 -17 45 44 42 -10 -29 -7 -28 -20 49 -47 -22 -5 -52 -4 -2 -24 56 -30 58 -13 60 -60 -41
right_child=1 27 11 6 8 40 7 35 41 -11 16 57 28 -15 37 20 17 18 46 -21 21 23 54 -25 26 -27 39 34 55 -31 -32 -33 33 -35 -36 36 -38 -39 -40 61 -42 -43 -44 -45 -46 48 -48 -49 -50 -51 51 -53 -54 -55 -56 -57 -58 -59 59 -61 -62 -63
leaf_value=0.00065231021558194565 0.0010114045842800599 0.0043693197342127834 -0.0017194788382647746 0.0011874111531266262 -0.00046502204376609849 -0.0047355358645947802 -0.00070433852825673609 -0.001943113184954162 -0.015691695338542415 -0.027976634465453145 -0.0015427485856327351 -0.0012019385322864786 -0.0044269461512147388 -0.0010279801777738689 -0.0071166872656528036 -0.0013907441007484842 -0.038675945006583702 -0.038487443644648713 -0.023152222845096208 0.00046328065824146947 -0.018622779475266533 -0.034480665985012239 -0.00097764671812661762 -0.0023694674168546208 -0.00033253308878487332 -0.0046876089158426112 -0.0028796301254506852 0.0010469465434833824 0.0014418231444502791 0.002112736012422017 -0.0033984264842176273 0.00064416543897744688 -0.00069347946995698424 -0.0052425376249624085 0.0042845827775739665 -0.017612191750663312 -0.00078675891535942447 0.00038468342412649443 -0.00092140376063568985 -0.0014618328264420076 0.0001684075599578097 -0.0018612759733576175 -0.0041580265913811823 -0.0058868482298483106 -0.00048029128649907001 0.00099650151452059747 -0.0067916619557587049 0.00017050299415032082 -0.0019040948182841881 0.0017913217282387183 0.00027877607176848032 -0.0020059424291389199 0.0013483651460012393 0.0024894181094041955 -0.0018785265440927688 0.0020066755876609037 -0.0032846371273049868 -0.00043632254069762123 -0.0024790497391760833 -0.028303424963764111 -0.0061495954667234254 0.00016783169646564559
leaf_weight=1025 8406 25226 224 1298 425 161 837 124 229 210 165 1101 120 185 40 142 63 360 131 161 72 184 157 116 3448 489 165 2688 1243 437 102 693 738 45 3501 168 81 1206 4049 514 1149 2211 440 44 204 4344 186 428 262 45 1887 276 386 8842 44 6303 261 1545 457 213 103 2154
leaf_count=1025 8406 25226 224 1298 425 161 837 124 229 210 165 1101 120 185 40 142 63 360 131 161 72 184 157 116 3448 489 165 2688 1243 437 102 693 738 45 3501 168 81 1206 4049 514 1149 2211 440 44 204 4344 186 428 262 45 1887 276 386 8842 44 6303 261 1545 457 213 103 2154
internal_value=0.00203567 0.00368223 -0.00180095 0.00261249 -0.00349956 0.00307038 -0.000191353 -0.00423617 -0.00574727 -0.00877438 -0.0072748 -0.000436194 0.00330533 -0.00217804 -0.00195901 -0.00258382 -0.00989128 -0.0114678 -0.0140088 -0.00376 -0.00332135 -0.00675949 -0.00257865 -0.0133697 0.00023075 -0.00311455 0.000568699 0.00481354 0.00207601 -0.000182891 -0.0172265 -0.00151785 -0.00396239 -0.00231122 0.00350144 -0.0111818 -0.015144 0.00123176 -0.00216698 0.0013621 -0.00113267 -0.00395696 -0.00748657 0.00192536 -0.00590164 0.00227075 -0.00883019 -0.00186813 0.00255394 -0.00981356 0.00122357 -1.94085e-05 0.000294599 0.00400649 -0.0111089 0.00266419 0.000494352 -0.00277368 -0.0041952 -0.00672093 -0.00390374 -0.00026302
internal_weight=92513 64732 27781 33273 12376 28602 4671 1210 4581 1701 1491 15405 27088 7795 7610 6364 1066 901 677 224 5339 947 4392 402 11986 1099 10887 31459 9840 2033 286 1596 903 783 6233 373 249 1246 4191 7439 1514 2880 669 2732 365 4771 317 545 4606 117 3461 2163 610 17248 201 7807 1504 3419 1874 773 560 2668
internal_count=92513 64732 27781 33273 12376 28602 4671 1210 4581 1701 1491 15405 27088 7795 7610 6364 1066 901 677 224 5339 947 4392 402 11986 1099 10887 31459 9840 2033 286 1596 903 783 6233 373 249 1246 4191 7439 1514 2880 669 2732 365 4771 317 545 4606 117 3461 2163 610 17248 201 7807 1504 3419 1874 773 560 2668
is_linear=0
shrinkage=0.03


Tree=45
num_leaves=63
num_cat=0
split_feature=20 9 9 1 1 22 0 9 1 22 1 26 24 6 27 25 9 18 14 8 22 14 0 1 25 8 22 7 22 23 22 8 27 20 27 0 8 2 25 9 14 22 22 7 7 1 18 7 18 18 16 16 27 26 12 14 14 1 26 14 22 12
split_gain=615.263 104.158 62.6033 53.197 45.1577 34.1125 31.3884 27.093 23.4796 20.9636 18.2125 17.9292 15.9099 14.9224 14.4883 14.2505 14.0286 13.6145 12.7582 17.2145 15.6117 11.8495 11.737 15.6568 11.3628 11.9853 11.1159 11.1573 10.9955 13.7983 11.6486 14.3396 10.9201 10.4495 10.4234 10.4228 10.1915 10.8401 9.60405 9.07259 9.02086 10.493 10.8663 10.236 9.47134 9.27363 9.16766 8.85142 8.96086 8.79279 15.639 14.0844 9.40361 8.68677 8.63266 12.7693 8.59473 11.776 8.61127 12.8451 8.34555 11.9542
threshold=-9751.9499999999989 4134.8350000000009 1499.8750000000002 5.5000000000000009 5.5000000000000009 4869.2241381448421 25.500000000000004 2528.9750000000004 5.5000000000000009 5150.2051847718258 1.0000000180025095e-35 10.665000000000001 2.2000000000000015 -0.58216583101416131 -0.33499999999999991 17.145000000000003 3110.1850000000004 9871.5000000000018 3019.2122480288917 -0.23537842981696178 5408.8527132936515 2837.5634964055084 55.500000000000007 5.5000000000000009 15.095000000000001 -0.43733099657705293 5501.8094450644849 -0.99940763397299126 5728.3150539434528 35.48125000000001 4915.0896734457674 -0.80417042486635371 0.030000000000000252 -15816.249999999996 -0.40999999999999831 30.500000000000004 0.99138911339924218 3.5000000000000004 20.605000000000004 562.85500000000013 2155.2054502240558 3186.5239818948417 3173.4315612599216 0.95998215779580554 -0.38242426011641079 5.5000000000000009 10452.250000000002 0.3342611484689354 6590.9000000000005 6535.6000000000013 8481.2000000000025 5935.3400000000011 -0.61000000000000021 6.3800000000000008 4960.7161383928578 3061.9072770635107 2013.3032652217792 3.5000000000000004 10.665000000000001 2760.7034173737088 5501.8094450644849 4960.7161383928578
decision_type=2 2 2 2 2 2 2 2 2 2 2 10 2 2 10 10 2 2 2 2 2 2 2 2 8 2 2 2 2 2 2 2 8 2 10 2 2 2 8 2 2 2 2 2 2 2 2 2 2 2 2 2 8 10 2 2 2 2 10 2 2 2
left_child=2 3 4 5 10 16 -5 15 21 34 24 18 49 28 -13 22 -2 54 32 20 -20 33 36 -24 -1 47 -3 -28 30 -30 31 -14 -12 -9 -8 -10 37 -4 -6 -40 -17 42 -42 44 45 46 -43 -26 -49 50 51 -7 -51 -25 -11 -56 57 -54 60 -60 -58 -62
right_child=1 26 7 6 38 12 9 8 35 17 11 14 13 -15 -16 40 -18 -19 19 -21 -22 -23 23 53 25 -27 27 -29 29 -31 -32 -33 -34 -35 -36 -37 -38 -39 39 -41 41 43 -44 -45 -46 -47 -48 48 -50 52 -52 -53 56 -55 55 -57 58 -59 59 -61 61 -63
leaf_value=-0.056108228111560819 0.00068928323716544609 0.0053679779668583906 8.6118557061348565e-05 0.0011777356022216647 -0.037561027710528404 0.0017632189626019465 5.6010975151232618e-05 -0.00056981135338639907 -0.00010520279188346773 -0.0031518188086786182 0.00046613128179471771 -0.0093688555091590558 0.0034588416721841142 0.0017309648003407787 -0.036748283548856793 0.00016414282034252412 0.0018792267475498555 -0.00019249939575130754 -0.010240614995840149 0.0022651868849573346 -0.025484849594141806 -0.00087093973145387473 0.00017778500728421999 -0.00256774534873493 -0.0015260870393640209 0.0018097654938820096 -0.0063006457431073583 0.0039267058711500982 -0.0027490445914390795 0.0025443167470434167 0.0013531346553186509 -0.0050250192034189669 -0.0059696055432882566 0.00047909429281588065 -0.0019851182019508798 -0.002923372951297101 -0.0013137180133798228 -0.0018997666621561674 -0.037531362228969259 -0.0092196931446049298 -0.00032006713038782781 -0.00048066181819244778 -0.0036194105413742562 -0.0029006720482567783 0.00011908623135948897 -0.051121881041603388 -0.0067374615413763094 -0.019633964951771547 0.0008275830156682975 -0.004966644650820598 -0.00027769607464773452 -0.0046923816010994114 1.3221838045304311e-05 -0.046423285525193148 -0.0091734250427377585 -0.0051156035227558601 0.0016094578356799438 -0.0025198718197932011 -0.0044156233240932952 0.0026503641759231655 0.00056070774446746871 -0.0018991373709801509
leaf_weight=70 5390 23703 652 1847 219 42 2455 1295 563 222 419 120 68 5593 103 2010 17599 301 170 66 201 1613 1495 142 442 524 44 3420 427 229 2079 85 847 5858 354 928 420 5421 49 155 98 322 89 285 1596 67 57 125 63 45 320 119 78 68 229 99 1022 41 45 54 324 179
leaf_count=70 5390 23703 652 1847 219 42 2455 1295 563 222 419 120 68 5593 103 2010 17599 301 170 66 201 1613 1495 142 442 524 44 3420 427 229 2079 85 847 5858 354 928 420 5421 49 155 98 322 89 285 1596 67 57 125 63 45 320 119 78 68 229 99 1022 41 45 54 324 179
internal_value=0.0020017 0.00354486 -0.0018581 0.00255627 -0.00555176 0.00300249 -0.00017756 -0.00128355 -0.000136284 -0.0017864 -0.00431292 -0.00613077 0.00160729 0.0022042 -0.0141161 -0.00220844 0.00365481 -0.00590845 -0.00507746 -0.00949315 -0.012 0.0004558 -0.00295426 -0.00073857 -0.0014498 -0.000732468 0.00497284 0.00338355 0.000452752 -0.0029589 0.00145634 -0.00650649 -0.00354696 0.000979592 -0.000535943 -0.00361528 -0.00353588 -0.00322226 -0.0147453 -0.00998049 -0.000856575 -0.00205408 -0.00887234 -0.00150258 -0.000757709 -0.00461745 -0.00277895 -0.00351823 -0.00895238 -0.000623789 -0.00421992 -0.0118148 0.000345444 -0.00838863 -0.00871143 -0.0117994 0.000698395 -0.00705 0.00127015 -0.00726 0.00182831 -0.00133333
internal_weight=92965 66413 26552 39246 3573 33739 5507 22979 10257 3660 3150 1926 10750 8481 223 12722 22989 851 1703 437 371 8766 8198 1705 1224 1154 27167 3464 2888 656 2232 153 1266 7153 2809 1491 6493 6073 423 204 4524 2514 187 2327 2042 446 379 630 188 2269 481 161 1788 210 550 328 1743 119 1624 99 1525 503
internal_count=92965 66413 26552 39246 3573 33739 5507 22979 10257 3660 3150 1926 10750 8481 223 12722 22989 851 1703 437 371 8766 8198 1705 1224 1154 27167 3464 2888 656 2232 153 1266 7153 2809 1491 6493 6073 423 204 4524 2514 187 2327 2042 446 379 630 188 2269 481 161 1788 210 550 328 1743 119 1624 99 1525 503
is_linear=0
shrinkage=0.03


Tree=46
num_leaves=63
num_cat=0
split_feature=20 9 9 1 1 22 0 21 20 22 10 10 4 1 10 1 4 23 24 4 4 0 9 27 11 0 17 27 27 17 17 22 25 1 16 7 17 22 25 12 21 1 21 27 22 25 7 1 27 21 22 17 17 20 25 25 12 14 12 12 17 11
split_gain=593.602 97.3987 58.2832 53.4161 37.2358 35.3289 32.7364 30.2766 25.5488 23.3163 20.6988 20.4407 17.4447 17.3095 33.4291 16.7722 20.6295 28.4121 16.5264 18.6143 16.4684 14.3821 14.2713 13.1374 12.9764 12.509 12.3661 15.9819 16.52 11.9332 11.7404 11.5705 11.4894 13.0937 14.8337 11.313 11.0286 10.4909 10.3864 14.8567 13.1232 13.4366 10.6445 10.49 10.5828 10.229 10.0977 9.77381 9.6782 9.59991 9.5444 13.226 10.5218 9.27698 9.5124 14.6603 9.21144 8.99011 8.8921 9.31626 11.5825 8.85636
threshold=-9751.9499999999989 4250.795000000001 1543.2150000000004 5.5000000000000009 5.5000000000000009 4869.2241381448421 31.500000000000004 4877.2066666666678 -15312.349999999999 5474.1066542658737 3170.7200000000007 999.46000000000015 1.0000000180025095e-35 1.0000000180025095e-35 350.65000000000003 5.5000000000000009 1.0000000180025095e-35 34.501388888888897 1.9875000000000027 1.0000000180025095e-35 1.0000000180025095e-35 31.500000000000004 399.17500000000007 -0.40999999999999831 3499.3050000000007 60.500000000000007 299.82000000000005 -0.1699999999999999 -0.33499999999999991 499.76500000000004 2803.73 5501.8094450644849 19.140000000000004 2.5000000000000004 7000.9800000000005 -0.082689790342551819 2162.0150000000003 2760.2143229166672 17.790000000000003 3962.2917633928578 2011.8766666666668 1.0000000180025095e-35 4083.6783333333337 0.13499999999999981 3599.19876191499 19.165000000000003 -0.35041564478062465 5.5000000000000009 -0.60000000000000042 4510.9316666666682 4615.620642361112 3450.0750000000003 2670.3000000000006 -10851.4 20.555000000000003 20.475000000000005 5493.3860491071437 2155.2054502240558 5644.8642485119062 5715.8444345238104 2760.1900000000005 2990.6950000000002
decision_type=2 2 2 2 2 2 2 2 2 2 2 2 2 2 2 2 2 2 2 2 2 2 2 10 2 2 2 8 10 2 2 2 8 2 2 2 2 2 10 2 2 2 2 10 2 10 2 2 8 2 2 2 2 2 10 10 2 2 2 2 2 2
left_child=2 3 4 5 13 10 -5 8 36 23 -2 -6 -12 14 -1 16 25 -18 49 -20 -16 -14 -15 50 47 53 -24 28 29 -28 -11 -26 -29 -34 -35 45 38 46 40 -40 41 -4 43 44 -41 48 -10 -3 -17 -7 52 -52 -8 54 55 61 -51 -25 -39 -60 -61 -9
right_child=1 24 7 6 11 18 9 15 37 30 12 -13 21 22 20 35 17 -19 19 -21 -22 -23 26 57 31 -27 27 32 -30 -31 -32 -33 33 34 -36 -37 -38 58 39 42 -42 -43 -44 -45 -46 -47 -48 -49 -50 56 51 -53 -54 -55 -56 -57 -58 -59 59 60 -62 -63
leaf_value=-0.021370078466630821 0.00066161555041847713 0.0039982775612109949 -0.0017691822748272697 0.0011672459891043125 -0.0363933478426458 0.00077356191133887381 -0.00038720939631429899 -0.0012117212280708307 3.8051783887667056e-05 -0.0040089030043949352 0.0022045316240833354 -0.022436916982217552 0.002135776507668313 -0.022964219127770854 0.00046907980411624328 -0.054730611715946675 -0.044207771940151179 0.0043187527127093979 0.0014535520841513067 -0.0024827464941123106 -0.030379500112868409 -0.0014179909752458934 0.00071396873033198634 -0.00055205886999159571 0.0062875037649912473 0.00096385648544924354 -0.021307447170259099 -0.00013578495823053982 -0.035394218404563048 -0.0057773710252719858 -0.0064796149952272 0.0039491824354589023 -0.00076343238716578303 -0.01266098864711286 -0.0051745989564423436 -0.0024062395347441263 0.00013214447590835209 0.00028906740643121318 0.00034692127310846887 0.00051172886820690646 -0.00091913675847711323 -0.00085337249727180384 0.00011298528135408081 -0.005862913838548308 -0.0032515551252406613 0.00096344203732485112 -0.0020712822298129918 8.1660667105388468e-05 -0.012257957272876546 -0.00047818416433316534 -0.0012056557841858941 -0.0056072701777029853 0.0011025271582056602 0.00067098371521264908 0.0009791186457344626 -0.008736583639447194 -0.0036020317944952924 -0.0034338000234744089 -0.0071803132511978956 -3.1808801581756061e-05 -0.0016513330590886266 -0.0049951053905220987
leaf_weight=60 7255 1509 149 2311 170 875 1077 2297 62 256 15980 267 347 314 1128 50 192 75 8744 456 107 641 263 188 19821 1023 65 433 132 168 168 2992 277 153 332 436 1205 7548 1258 103 4362 724 225 60 101 54 64 806 417 959 538 82 1010 439 220 65 152 183 72 623 67 635
leaf_count=60 7255 1509 149 2311 170 875 1077 2297 62 256 15980 267 347 314 1128 50 192 75 8744 456 107 641 263 188 19821 1023 65 433 132 168 168 2992 277 153 332 436 1205 7548 1258 103 4362 724 225 60 101 54 64 806 417 959 538 82 1010 439 220 65 152 183 72 623 67 635
internal_value=0.00197992 0.00349369 -0.00182528 0.00259617 -0.00522636 0.00303372 -6.91434e-05 -0.00124091 -0.000585419 -0.0018978 0.00367768 -0.0134658 0.00425116 -0.00417361 -0.00143519 -0.00308638 -0.00238205 -0.0104776 0.00163905 0.00217476 -0.000364078 0.000382204 -0.00583162 -0.000987983 0.0049659 -0.00191795 -0.00480921 -0.00582319 -0.0113115 -0.00646154 -0.00848471 0.00518313 -0.0041388 -0.00635387 -0.00932099 -0.00672025 -0.00177919 0.00057319 -0.00223657 -0.00023341 -0.00290489 -0.00626087 -0.00466531 -0.00873962 -0.0054439 -0.00970115 -0.00798425 0.00282383 -0.0111282 -0.000842476 -0.000261448 -0.00352657 0.00070977 -0.00273831 -0.00329646 -0.00373849 -0.00269245 -0.00627419 0.000703886 -0.0023827 -0.00130246 -0.00342243
internal_weight=92745 66350 26395 41222 3869 35409 5813 22526 16623 3502 24223 437 16968 3432 1295 5903 4946 267 11186 9200 1235 988 2137 3078 25128 4679 1823 1560 365 233 424 22813 1195 762 485 957 8187 8436 6982 1747 5235 873 489 264 204 521 126 2315 467 1986 2707 620 2087 3656 3217 2997 1111 371 8310 762 690 2932
internal_count=92745 66350 26395 41222 3869 35409 5813 22526 16623 3502 24223 437 16968 3432 1295 5903 4946 267 11186 9200 1235 988 2137 3078 25128 4679 1823 1560 365 233 424 22813 1195 762 485 957 8187 8436 6982 1747 5235 873 489 264 204 521 126 2315 467 1986 2707 620 2087 3656 3217 2997 1111 371 8310 762 690 2932
is_linear=0
shrinkage=0.03


Tree=47
num_leaves=63
num_cat=0
split_feature=9 11 9 1 9 1 20 0 22 22 10 25 22 17 22 25 8 15 18 12 1 10 26 22 10 11 17 20 12 22 22 12 8 7 20 17 24 15 17 12 26 17 22 8 12 18 18 1 17 1 8 8 24 22 15 22 18 11 12 7 7 24
split_gain=565.015 100.786 58.8848 49.6685 36.2762 35.5874 24.2353 23.8014 23.6668 21.5513 18.5021 18.4742 16.5647 18.0806 16.3367 19.3232 16.1653 18.2363 15.512 17.9839 15.3688 36.5524 15.2611 15.3566 15.1553 13.0932 12.5133 12.3894 12.0909 15.8884 11.9456 10.9223 17.8603 16.9345 10.8556 10.0578 9.95475 9.64308 9.48316 9.17355 24.5025 12.4601 14.3976 14.0842 9.09242 8.79602 8.70682 12.7724 11.6034 8.328 15.5172 10.1045 10.6425 12.2341 9.53502 8.1584 7.97674 7.866 7.86586 13.2557 10.8431 13.4579
threshold=2889.5750000000003 3521.3200000000002 1499.8750000000002 5.5000000000000009 4500.1650000000009 5.5000000000000009 -12853.249999999998 29.500000000000004 4795.835047123016 4884.9283205191814 999.46000000000015 17.145000000000003 4615.620642361112 2670.3000000000006 5515.8631963045646 17.020000000000003 0.9980355542543059 3705.1685416666674 11589.150000000003 5178.3211086309539 1.0000000180025095e-35 350.65000000000003 10.665000000000001 5487.303098958334 3415.6850000000004 2850.4250000000006 1441.4650000000004 -2087.1999999999994 4335.7006101190482 5344.4179154265885 5647.9055890376994 5538.767805059525 -0.99864786094873803 0.21862473630160603 -20540.949999999993 1499.8150000000003 1.9500000000000013 5646.5696354166676 2000.5650000000003 3067.6820610119053 8.6250000000000018 2162.0150000000003 4704.5490414186525 -0.52765736634565841 4856.9378050595251 7789.2500000000009 7723.8500000000013 2.5000000000000004 1999.6250000000002 2.5000000000000004 -0.92272482904738262 -0.12545862287572049 4.450000000000002 5501.8094450644849 3750.7828645833338 5728.3150539434528 5668.0500000000011 999.35500000000013 3748.5261830357144 -0.38242426011641079 0.36648264796514479 9.3312499999999989
decision_type=2 2 2 2 2 2 2 2 2 2 2 10 2 2 2 10 2 2 2 2 2 2 10 2 2 2 2 2 2 2 2 2 2 2 2 2 2 2 2 2 10 2 2 2 2 2 2 2 2 2 2 2 2 2 2 2 2 2 2 2 2 2
left_child=2 3 5 8 9 20 11 45 24 38 -7 14 13 -9 15 16 25 -18 19 -14 21 -1 28 -24 -2 39 -16 31 -22 -30 -28 36 -33 -34 -31 -32 -10 -21 -3 -4 41 43 -43 -41 -11 -5 47 -45 -49 -46 -51 52 53 54 -52 -54 -12 -8 -13 -60 -61 -62
right_child=1 4 6 7 -6 10 57 12 27 44 56 58 18 -15 26 -17 17 -19 -20 37 22 -23 23 -25 -26 -27 30 -29 29 34 35 32 33 -35 -36 -37 -38 -39 -40 40 -42 42 -44 46 49 -47 -48 48 -50 50 51 -53 55 -55 -56 -57 -58 -59 59 60 61 -63
leaf_value=-0.020550076746895806 0.00078926563923433651 0.001568075671003785 -0.00011034811631249748 -0.0015457948083898083 0.006977751599245542 -0.035323748310926766 -0.012331693858920748 -0.00088013347606755328 -0.0013380675778745306 0.0019081463484454907 -0.00087847237009091889 0.00011951248585234459 -0.0019781339349296489 0.00098752492313743394 -0.0037293596355124983 -0.0028257925570729049 0.001008866671225226 -0.0011491262808353219 0.00039094406149709621 -0.0020085568175976609 -0.0049477712537628624 -0.00015842004692348207 -0.034377483185810707 0.00071166098183488729 0.002230639948643635 5.3101864157412998e-05 -0.014644123044221502 0.0018445815582297448 -0.004234631557554153 -0.025749742636688496 0.0019587235364012931 -0.013717366572061915 0.00065119212024850775 -0.0068892638682068654 -0.013384208864429046 -0.0053490129150521584 0.00082725471710640077 -0.0058249808159388378 0.0023996238446630722 -0.00022636425003259671 -0.043802681538313258 0.00022627797440504571 -0.0035125949273146113 -0.00088705892905092129 0.0019207188374970772 0.0012311286102752715 -0.0010299281242580295 -0.013029375704101618 -0.00085397797084104461 0.0019296120646217149 -0.0041680695859099134 0.0012618950441208737 -0.0015067106977621086 -0.0030895895697481616 0.00098316992784650697 0.0025028826056354499 -0.025752458268476601 5.8680534534982989e-05 -0.0043206003792497366 0.00025798459547567935 -0.0021467796297476856 0.00048410538454352991
leaf_weight=66 8989 4046 1145 234 19426 170 53 1447 488 2878 91 2870 604 937 387 187 52 151 311 177 1357 1153 166 45 4963 1918 112 1726 173 136 76 41 323 144 60 302 3229 300 10807 798 68 927 70 326 2155 1287 1744 357 95 811 59 314 326 226 195 249 152 8058 483 1257 618 289
leaf_count=66 8989 4046 1145 234 19426 170 53 1447 488 2878 91 2870 604 937 387 187 52 151 311 177 1357 1153 166 45 4963 1918 112 1726 173 136 76 41 323 144 60 302 3229 300 10807 798 68 927 70 326 2155 1287 1744 357 95 811 59 314 326 226 195 249 152 8058 483 1257 618 289
internal_value=0.00195728 0.00341793 -0.00180211 0.00192135 0.0043268 -0.00537983 -0.0012304 -0.000660249 0.00260842 0.00349418 -0.0136522 -0.00197625 -0.00193646 -0.00041761 -0.00283616 -0.00240107 -0.00216728 -0.0105 -0.00453553 -0.0062329 -0.00429332 -0.00165246 -0.00595356 -0.0135566 0.00328402 -0.00193878 -0.00671754 0.00102419 -0.00501679 -0.00982703 -0.00989817 0.000149077 -0.0039725 -0.00228205 -0.0156548 -0.00731398 0.000713287 -0.0105816 0.00414757 -0.00267944 -0.00330369 -0.00301945 -7.81563e-05 -0.00390244 0.00214832 0.00250723 -0.00500119 -0.00764056 -0.0109007 0.00127998 -2.75103e-05 -0.00197518 -0.00338068 -0.0066736 -0.00214118 -0.000625 -0.00828689 7.84024e-05 -0.000617615 -0.00179683 -0.00079261 -0.00329075
internal_weight=92604 66692 25912 25200 41492 3569 22343 5297 19903 22066 413 14232 3776 2384 8715 7838 7651 203 1392 1081 3156 1219 1937 211 13952 7448 877 5951 1726 369 490 4225 508 467 196 378 3717 477 14853 5530 4385 4317 997 3320 7213 1521 2522 778 452 4335 2180 1369 1055 480 254 575 243 8111 5517 2647 2164 907
internal_count=92604 66692 25912 25200 41492 3569 22343 5297 19903 22066 413 14232 3776 2384 8715 7838 7651 203 1392 1081 3156 1219 1937 211 13952 7448 877 5951 1726 369 490 4225 508 467 196 378 3717 477 14853 5530 4385 4317 997 3320 7213 1521 2522 778 452 4335 2180 1369 1055 480 254 575 243 8111 5517 2647 2164 907
is_linear=0
shrinkage=0.03


Tree=48
num_leaves=63
num_cat=0
split_feature=20 9 9 1 1 4 10 22 0 10 6 4 8 10 23 21 27 22 7 22 25 7 1 8 12 12 27 21 12 1 7 15 22 20 7 15 8 11 1 1 20 6 22 6 27 4 13 2 8 0 25 22 10 8 1 21 7 9 22 8 22 27
split_gain=557.981 89.4026 60.7844 43.6685 38.4091 30.1928 28.5203 25.4957 24.7751 23.8799 21.9691 20.017 18.7832 17.7184 16.846 16.1026 14.9628 14.369 40.1491 18.6831 15.3878 17.4812 16.7955 13.8093 13.9831 13.1929 13.0769 12.8175 12.2794 17.3809 23.3076 11.9336 15.9417 12.4664 11.6624 12.3803 11.4886 17.2796 11.0614 10.7846 20.6037 11.1393 10.5507 15.962 10.4261 10.281 13.7409 9.72714 16.8926 19.8049 13.3592 12.4549 14.924 9.59039 9.51041 9.66833 9.11844 9.28834 8.8082 11.3313 10.9475 11.3226
threshold=-9236.5499999999975 4150.6850000000004 1543.2150000000004 5.5000000000000009 5.5000000000000009 1.0000000180025095e-35 2810.9650000000006 4795.835047123016 31.500000000000004 999.46000000000015 -0.84874750804349197 1.0000000180025095e-35 -0.35042475891464198 3415.6850000000004 26.018750000000008 5191.1533333333346 0.86500000000000032 5040.2690866815492 0.56369777965491019 5554.0026599702387 16.865000000000006 0.46039464932087154 1.0000000180025095e-35 -0.22700609751797865 4960.7161383928578 5337.1365327380963 -0.064999999999999489 2892.5766666666673 3581.9330505952389 5.5000000000000009 -0.65882179392489248 5646.5696354166676 4615.620642361112 -1702.3000000000004 -0.84315017450793706 3783.3611458333335 0.99445195900249039 2439.7450000000003 1.5000000000000002 5.5000000000000009 2043.9500000000005 0.77259657388510627 5779.6069258432553 -0.81241147629688992 -0.61000000000000021 1.0000000180025095e-35 11659.900000000003 10.500000000000002 0.063390085881955341 31.500000000000004 18.900000000000002 4869.2241381448421 2782.6750000000006 0.28313308994381592 5.5000000000000009 5874.9833333333345 -0.99275805973510278 3347.6100000000006 3998.1630530753969 -0.71502926860092908 3731.4509102182542 0.030000000000000252
decision_type=2 2 2 2 2 2 2 2 2 2 2 2 2 2 2 2 10 2 2 2 8 2 2 2 2 2 10 2 2 2 2 2 2 2 2 2 2 2 2 2 2 2 2 2 8 2 2 2 2 2 8 2 2 2 2 2 2 2 2 2 2 8
left_child=2 3 4 5 17 7 28 13 -5 -6 11 54 25 -2 23 -3 -12 58 19 20 22 -22 -19 24 34 -10 45 -7 44 36 -31 -27 -33 -34 35 38 -30 -38 -9 -17 41 -41 -16 -44 -4 56 -47 48 51 -50 -51 -29 -53 -32 -8 -56 57 -14 60 -60 -1 -62
right_child=1 15 6 8 9 27 10 14 12 -11 16 -13 26 -15 42 39 -18 18 -20 -21 21 -23 -24 -25 -26 31 -28 47 29 30 53 32 33 -35 -36 -37 37 -39 -40 40 -42 -43 43 -45 -46 46 -48 -49 49 50 -52 52 -54 -55 55 -57 -58 -59 59 -61 61 -63
leaf_value=-0.0014620301187672231 0.00083919128054487301 0.0050741765342880614 -0.070881810094816547 0.0010001409560151937 -0.034256323179728723 0.0019743276110048297 -0.00032444290683688741 -0.002350939954028736 -0.0012288535775668769 -0.021275635027618738 0.00057947630231902256 -0.013449732888811777 -0.0037479858484420195 0.0022928686654383711 0.0017118648304252396 0.0049768463627879794 -0.0043334806821830971 -0.00011918429176969169 -0.024964929432712415 -0.00059893231725230802 -0.0023808582929019579 -0.019630501354683031 -0.018296765334481956 0.0016315065878244213 -0.0027346074352269118 -0.00071257239049654772 -0.002451434562234147 0.0013678282194121314 -0.00063149900940471018 -0.024824265413875633 -0.0047727071903079892 0.00055142641351834277 -0.014563724773267284 -0.00025739367297182678 0.00092947791206725349 -0.002835495948839683 -0.0011511842398829711 -0.00067348193212574885 0.0030014432387493453 -0.0028115877966314769 0.003011384117471171 0.0024113082145413912 -0.0031804112054186922 0.0010088716698064132 -0.0002024327120880627 -0.0060672289158222072 0.0028419361834188866 0.0028109270002015002 0.00070739373438699887 0.0017532636722229177 -0.0062859868958341772 -0.0052194554261210373 -0.00070394845861168837 -0.00026633246418280128 -0.0017389996957850558 -0.012760213541215509 0.00055946014716737943 0.0006395832343908354 -0.0050108881730787404 0.0015098906613621901 -0.00019921960892331947 -0.018921487481569379
leaf_weight=643 9542 20609 43 2143 175 289 1362 89 571 272 6038 154 42 11078 6293 4661 54 74 241 735 488 112 193 437 472 166 290 410 7915 207 685 62 191 42 686 140 216 364 134 319 1069 112 326 1798 6121 87 51 130 103 47 251 80 417 502 189 56 1634 53 66 626 78 154
leaf_count=643 9542 20609 43 2143 175 289 1362 89 571 272 6038 154 42 11078 6293 4661 54 74 241 735 488 112 193 437 472 166 290 410 7915 207 685 62 191 42 686 140 216 364 134 319 1069 112 326 1798 6121 87 51 130 103 47 251 80 417 502 189 56 1634 53 66 626 78 154
internal_value=0.00194714 0.00347125 -0.00161151 0.0025367 -0.00510575 0.00294692 -0.00104756 0.00316202 1.91262e-05 -0.0133661 0.000433919 -0.00251646 -0.00165705 0.00377237 0.00194873 0.0047996 0.00128705 -0.00401935 -0.00581453 -0.00409108 -0.00707143 -0.00439268 -0.0130522 -0.000557427 -0.00190802 -0.00498354 -6.39481e-05 -0.000913194 -0.00177227 -0.0024273 -0.00553118 -0.00875325 -0.0123649 -0.0159487 2.28571e-05 -0.00431868 -0.00191737 -0.00598967 8.03571e-05 0.00345278 0.00123917 -0.00429167 0.00253172 0.000703059 -0.000721168 0.000857602 -0.00699281 -0.00207227 -0.00285103 -0.00797015 -0.0118796 -0.000581498 -0.00377108 -0.00390404 -0.00152239 -0.00695122 0.00148786 -0.0075 -0.00190561 0.000623377 -0.00390411 -0.00947639
internal_weight=92587 64824 27763 38054 3857 32722 23906 30995 5332 447 7853 1761 3189 20620 10375 26770 6092 3410 1843 1602 867 600 267 1958 1521 1032 2157 1727 16053 9889 1394 461 295 233 1049 363 8495 580 223 6161 1500 431 8417 2124 6164 1867 138 1438 1308 401 298 907 497 1187 1607 245 1729 95 1567 692 875 232
internal_count=92587 64824 27763 38054 3857 32722 23906 30995 5332 447 7853 1761 3189 20620 10375 26770 6092 3410 1843 1602 867 600 267 1958 1521 1032 2157 1727 16053 9889 1394 461 295 233 1049 363 8495 580 223 6161 1500 431 8417 2124 6164 1867 138 1438 1308 401 298 907 497 1187 1607 245 1729 95 1567 692 875 232
is_linear=0
shrinkage=0.03


Tree=49
num_leaves=63
num_cat=0
split_feature=20 11 20 1 4 22 7 22 18 11 0 14 8 27 17 27 22 1 2 14 11 12 20 27 12 12 18 20 20 25 8 16 15 14 23 15 18 14 15 17 8 16 0 14 12 1 8 8 8 17 11 15 20 22 17 27 7 22 15 14 18 12
split_gain=516.084 87.2457 50.6903 39.0259 33.1032 30.9173 48.7972 30.2813 22.3897 20.853 19.15 17.5536 20.9085 20.5275 18.9485 25.0311 17.1041 18.8901 22.3049 16.7743 16.1379 16.1687 15.8892 14.9339 14.4654 13.4436 13.9602 12.9624 12.916 14.3816 12.9779 12.6496 14.2084 12.2312 11.2879 11.216 12.0572 11.0841 11.0656 10.8548 15.5568 15.1043 14.2586 15.99 13.0399 11.4198 11.2598 10.6695 13.1251 11.0066 12.008 10.6465 11.1599 10.6779 11.3459 10.5482 10.9204 10.2955 14.7259 18.1942 13.0318 12.9218
threshold=-9236.5499999999975 3521.3200000000002 -24427.399999999998 5.5000000000000009 1.0000000180025095e-35 5040.2690866815492 0.46039464932087154 5450.5477740575407 8398.6500000000033 2850.4250000000006 27.500000000000004 2701.0311509612852 0.097680735332368748 -0.44500000000000023 299.82000000000005 -0.14999999999999944 4682.8847774057549 5.5000000000000009 3.5000000000000004 2843.1455020710546 999.35500000000013 4025.5928943452386 -28935.849999999995 -0.77499999999999847 7837.2118005952389 3067.6820610119053 12000.900000000003 688.44999999999993 -2011.8 17.275000000000002 0.19969739736768838 4129.4000000000005 2844.7857812500001 1665.7074777539399 25.743750000000006 2844.7857812500001 11208.250000000002 2881.5500717761065 6474.4950520833345 2049.2700000000004 -0.52765736634565841 8499.8450000000012 46.500000000000007 1623.2196850034461 3500.7538764880951 3.5000000000000004 0.99981043035926087 0.92519182738459482 0.89309379682046119 1999.9700000000003 2300.8500000000008 4102.1596875000005 -12126.649999999998 5241.0379768105167 1889.5750000000003 -0.60000000000000042 -0.99866806308218525 4615.620642361112 4340.8775520833342 2225.0607473150667 9871.5000000000018 5452.9806175595249
decision_type=2 2 2 2 2 2 2 2 2 2 2 2 2 8 2 10 2 2 2 2 2 2 2 8 2 2 2 2 2 8 2 2 2 2 2 2 2 2 2 2 2 2 2 2 2 2 2 2 2 2 2 2 2 2 2 8 2 2 2 2 2 2
left_child=2 3 5 8 7 16 11 27 24 20 -5 12 55 -13 -15 -16 17 38 -19 31 21 -4 -8 -9 -2 -22 39 -3 33 -30 -31 32 -11 -6 -25 -20 -37 -17 -1 40 45 42 43 -41 -42 -27 -43 48 -46 -49 -51 -21 53 -53 -55 56 -7 58 59 -12 61 -59
right_child=1 4 9 10 28 6 22 23 -10 19 57 13 -14 14 15 37 -18 18 35 51 25 -23 -24 34 -26 26 -28 -29 29 30 -32 -33 -34 -35 -36 36 -38 -39 -40 41 44 46 -44 -45 47 -47 -48 49 -50 50 -52 52 -54 54 -56 -57 -58 60 -60 -61 -62 -63
leaf_value=-0.0012224082730526724 0.00032994082698700126 0.0023669074340398545 -0.0027460253757057929 0.00091382883691289011 -0.0042134473167635593 -0.070192502433231468 -0.028000042812886778 -0.0059080167513414494 0.0011788203252506796 -6.9456326229648161e-05 -0.00029915193955830637 -0.00037394624967082541 -0.05053684443759985 -0.002457815132280796 -0.031173924495472693 0.0033315915298544473 0.0012882751580471829 0.0014108087395360278 -0.00081258066610839547 0.00046260370930631352 0.00040003452710036451 -0.011770784895521708 -0.013854075137689792 -0.00063649209741333793 -0.0042992599117504795 0.00026512656765793663 1.8157550443103457e-05 0.0052466233383138905 -0.0065928968495513373 0.0031632534742661866 -0.00050142145438195843 0.00055326534220431376 -0.0037891765355575393 -0.00066690185585639218 0.0022084856727681056 -0.031304174438575014 -0.0073151231972183317 -0.019331776880365366 -0.0078157111573011785 2.8753590989767375e-05 -0.00059878749066918913 1.2837562581034839e-05 0.00030217358078512641 -0.0029500949380589368 -0.0042051614345604343 -0.0028683886278379903 -0.00087885805432849932 0.00040114357154923705 -0.0037137913403849773 -0.0011321039506672025 -0.00016234295600660154 -0.0011223730689967207 -0.00048687753094697436 -0.0093148773858788211 -0.0071007159820990961 0.0002839504281628873 0.0010349456143434839 -0.0020906969210153004 0.00072572874600886246 -0.0030407581718564095 -0.00024371087079949499 -0.010351685370833228
leaf_weight=2640 4489 16099 323 1326 85 60 370 66 13614 277 851 257 51 156 281 69 469 108 66 716 1335 158 138 470 46 1273 2958 16936 40 1126 536 6181 96 607 5927 214 65 55 42 71 1266 2865 153 157 1008 1101 59 241 154 65 90 335 743 237 124 791 56 448 1160 215 619 254
leaf_count=2640 4489 16099 323 1326 85 60 370 66 13614 277 851 257 51 156 281 69 469 108 66 716 1335 158 138 470 46 1273 2958 16936 40 1126 536 6181 96 607 5927 214 65 55 42 71 1266 2865 153 157 1008 1101 59 241 154 65 90 335 743 237 124 791 56 448 1160 215 619 254
internal_value=0.00193103 0.00339712 -0.00148326 0.00191339 0.00421245 -0.00395517 -0.00668534 0.00442006 0.00255339 -0.000821122 -0.00047025 -0.0043354 -0.00157664 -0.00756044 -0.0107722 -0.0141872 -0.00222358 -0.00302296 -0.00868282 0.000319633 -0.00156936 -0.00695851 -0.0148762 0.00254146 0.000727513 -0.00136626 -0.00169813 0.0047875 0.000786639 0.00219143 0.00262297 0.0010746 -0.00428342 -0.00266667 0.00268865 -0.0123988 -0.0150214 -0.002928 -0.00206411 -0.00231562 -0.00317023 -0.000970962 -0.00658115 -0.0113188 -0.00467469 -0.00137937 -0.000237949 -0.00651187 -0.00796045 -0.00225189 -0.00846154 -0.00197588 -0.0034625 -0.00618938 -0.00976243 -0.000515419 -0.00892308 -0.00162007 -0.000374495 -0.00291846 -0.0037171 -0.00651209
internal_weight=92788 64914 27874 23022 41892 5888 2284 39498 18149 21986 4873 1776 958 818 561 405 3604 3135 453 8709 13277 481 508 6463 4535 12796 11461 33035 2394 1702 1662 6554 373 692 6397 345 279 124 2682 8503 5198 3305 381 228 2824 2374 2924 1558 1162 396 155 2155 1439 696 361 907 116 3547 2226 1066 1321 702
internal_count=92788 64914 27874 23022 41892 5888 2284 39498 18149 21986 4873 1776 958 818 561 405 3604 3135 453 8709 13277 481 508 6463 4535 12796 11461 33035 2394 1702 1662 6554 373 692 6397 345 279 124 2682 8503 5198 3305 381 228 2824 2374 2924 1558 1162 396 155 2155 1439 696 361 907 116 3547 2226 1066 1321 702
is_linear=0
shrinkage=0.03


Tree=50
num_leaves=63
num_cat=0
split_feature=9 9 1 9 22 20 0 1 22 4 10 4 0 10 27 1 0 8 14 26 1 10 22 4 27 8 11 21 0 14 2 8 1 12 22 14 22 2 22 14 1 16 12 1 20 2 16 16 0 1 4 7 27 7 22 27 0 26 27 26 24 24
split_gain=488.495 90.4283 54.6037 48.3513 33.3183 29.9011 25.6193 25.2666 24.5727 18.1694 16.6313 21.3085 16.1492 15.817 15.6402 15.5643 21.8196 21.4915 22.5272 16.9229 16.3002 22.1618 19.9275 19.2085 25.3303 16.8639 15.1441 13.9655 13.7757 13.6629 13.4842 23.7798 13.2081 16.4909 12.909 12.8926 16.7663 14.7421 11.9996 11.4793 11.3486 10.9021 10.5169 10.32 18.5834 10.3112 10.1654 10.752 10.5568 10.1652 14.3967 10.0144 20.6171 9.93467 9.81176 16.6397 9.76019 8.89942 9.22193 8.88297 11.6852 8.80614
threshold=2926.6250000000005 4477.9300000000012 5.5000000000000009 562.85500000000013 4795.835047123016 -12853.249999999998 31.500000000000004 5.5000000000000009 5450.5477740575407 1.0000000180025095e-35 3415.6850000000004 1.0000000180025095e-35 31.500000000000004 350.65000000000003 0.23999999999999935 1.5000000000000002 31.500000000000004 0.99681593486783593 2349.8521001807644 11.265000000000002 5.5000000000000009 999.46000000000015 6092.3581026785723 1.0000000180025095e-35 -0.37000000000000094 0.18281312110578132 2879.8600000000001 5191.1533333333346 19.500000000000004 2988.8938700237363 10.500000000000002 0.063390085881955341 1.5000000000000002 4874.2855952380969 3186.5239818948417 3006.9363391013421 5501.8094450644849 5.5000000000000009 3178.6777876984129 2470.5463331354408 1.5000000000000002 9850.4300000000021 4568.5622470238104 5.5000000000000009 3007.6999999999998 10.500000000000002 8610.4800000000014 6285.5650000000014 22.500000000000004 1.0000000180025095e-35 1.0000000180025095e-35 -0.37447345805034543 -0.60000000000000042 0.31799963745711152 5416.9166371527781 0.049999999999998941 35.500000000000007 10.600000000000001 -0.33499999999999991 10.665000000000001 6.0500000000000034 2.2000000000000015
decision_type=2 2 2 2 2 2 2 2 2 2 2 2 2 2 8 2 2 2 2 10 2 2 2 2 8 2 2 2 2 2 2 2 2 2 2 2 2 2 2 2 2 2 2 2 2 2 2 2 2 2 2 2 8 2 2 8 2 8 10 10 2 2
left_child=3 2 4 7 10 15 -4 13 14 29 -2 -12 -13 40 -8 19 17 38 -19 28 22 -22 23 57 -25 -26 -11 -3 34 61 31 -14 46 -34 41 -35 -37 -38 -17 -28 -1 -5 -24 -29 56 -27 47 -31 -49 50 -15 52 -23 -10 55 -54 -45 -18 -59 60 -51 -6
right_child=1 27 6 5 9 -7 8 -9 53 26 11 12 30 49 -16 16 20 18 -20 -21 21 51 42 24 25 45 39 43 -30 32 -32 -33 33 35 -36 36 37 -39 -40 -41 -42 -43 -44 44 -46 -47 -48 48 -50 59 -52 -53 54 -55 -56 -57 -58 58 -60 -61 -62 -63
leaf_value=-0.018523524480357705 0.00087196554109196989 0.0061164053351250693 0.00097549730703026794 -0.0017792586134058801 0.00029823105026470596 6.629349973087552e-05 -0.0022050737677704866 -0.032418416463185197 -0.0027492293488318486 -0.010279740937146129 0.0023232220003895224 0.0019322492498792165 0.0012046143891906965 0.00109801085944831 4.3467505344833954e-05 -0.00062462402241132264 -0.00037825347773433261 0.0013271381111619805 -0.0014306798516643261 -0.023187047027260866 -0.03235338485814606 -0.052804675748285027 0.0024787370441548308 -0.067972082780649687 0.00030095287394195635 -0.025787240966938286 -0.0043371297364910083 0.0060588308443931685 0.00016960198296942731 0.0021783331287925649 0.0029599377284080684 -0.0042594032165413362 0.0016283710737060096 -0.0049768253845193493 -0.00033410983805382487 0.0016803807251032936 -0.0059389142872137233 -0.0015431319593567682 0.0002947638581992355 0.00010242668301466807 -0.018786549968140678 -0.00066666763345466591 -0.0080861698424391486 0.0036456385429873132 0.003403416991958729 -0.0015292621774964578 0.002104888995694127 -0.0018229718357404678 -5.8517855691305819e-05 0.0020106716703311837 -0.030241511171398148 -0.0019765207407770971 -0.026373627675614623 -0.010281049338859326 0.00097889762090316878 -0.0053333606409750383 -0.0016522574489552134 -0.0015690348477287556 -0.012278425664718623 -0.018995562084810229 -0.022583895018948617 0.0016729856983825214
leaf_weight=145 10476 16858 2368 130 1733 9611 396 100 390 85 13402 328 163 362 2890 824 3438 81 188 105 99 65 42 80 187 76 58 3897 4270 111 119 261 338 139 752 403 47 663 1840 482 99 184 193 160 894 49 915 54 52 98 44 950 81 95 152 451 320 2701 119 45 162 6562
leaf_count=145 10476 16858 2368 130 1733 9611 396 100 390 85 13402 328 163 362 2890 824 3438 81 188 105 99 65 42 80 187 76 58 3897 4270 111 119 261 338 139 752 403 47 663 1840 482 99 184 193 160 894 49 915 54 52 98 44 950 81 95 152 451 320 2701 119 45 162 6562
internal_value=0.00192873 0.00335716 0.00254779 -0.00140283 0.00298928 -0.00115347 -6.93811e-05 -0.00769886 -0.00160498 0.00166555 0.00361188 0.00427827 -0.000268349 -0.00618201 -0.000673563 -0.00190749 -0.00252767 -0.000290389 -0.00835556 -0.000583241 -0.00328328 -0.00582657 -0.00261836 -0.00231394 -0.00874809 -0.00484984 -0.00330671 0.00491252 -0.000347386 0.0019479 -0.00344118 -0.00594353 0.000103562 -0.00165933 -0.00339644 -0.00324661 -0.00216517 -0.00493671 0.000526829 -0.00144177 -0.0127592 -0.00849524 -0.0111864 0.00356335 0.00132655 -0.0133333 0.00257899 -0.00324771 -0.0100374 -0.00391011 -0.000796069 -0.00501529 -0.007608 -0.00790123 -0.00605255 -0.00796998 -0.00343035 -0.00190957 -0.00315845 -0.00803922 -0.00586207 0.00255304
internal_weight=92382 64659 42530 27723 36391 26668 6139 1055 3771 11642 24749 14273 871 955 3286 17057 11616 2933 269 5441 8683 1798 6885 6650 392 312 625 22129 5336 11017 543 424 2722 1590 1066 1252 1113 710 2664 540 244 314 235 5271 1374 125 1132 217 106 711 406 1699 749 485 684 532 480 6258 2820 305 260 8295
internal_count=92382 64659 42530 27723 36391 26668 6139 1055 3771 11642 24749 14273 871 955 3286 17057 11616 2933 269 5441 8683 1798 6885 6650 392 312 625 22129 5336 11017 543 424 2722 1590 1066 1252 1113 710 2664 540 244 314 235 5271 1374 125 1132 217 106 711 406 1699 749 485 684 532 480 6258 2820 305 260 8295
is_linear=0
shrinkage=0.03


Tree=51
num_leaves=63
num_cat=0
split_feature=9 11 9 22 22 9 7 9 12 11 8 19 8 26 12 17 17 0 26 11 27 17 17 26 15 14 25 17 22 2 24 22 26 8 14 12 7 14 22 14 18 10 15 22 22 12 17 14 15 26 26 12 23 22 12 12 18 14 15 20 27 27
split_gain=482.765 74.3098 64.1685 35.8579 34.8884 33.896 24.7368 23.1958 22.7194 24.1049 20.216 16.2298 15.1912 14.895 21.4612 24.3474 14.4881 14.1782 13.5019 13.0207 11.686 11.3294 12.9238 13.1118 11.0248 15.008 12.8557 12.224 10.7414 23.3173 11.7783 10.039 13.9429 9.94823 9.52579 9.47371 16.0595 9.33332 9.89735 9.30673 9.06577 8.98047 8.74069 8.65236 9.39949 9.52276 8.63809 12.2297 8.53305 8.33387 8.39075 13.5542 8.24193 9.0023 8.1931 8.57404 14.2438 9.59967 12.514 8.03726 7.97598 8.27793
threshold=3100.4250000000006 2485.4950000000003 4500.7650000000012 5012.0477914186513 4811.0018725198424 562.85500000000013 0.46039464932087154 2707.5550000000007 5467.9171577380957 3056.3100000000004 -0.36648370705903521 55524.950000000004 0.9980355542543059 9.6800000000000015 2777.5333705357148 300.90000000000003 2162.0150000000003 60.500000000000007 10.270000000000001 3501.8450000000007 0.21499999999999989 1298.7850000000001 1499.575 5.7350000000000003 4419.9251562500012 2186.6527829983911 18.665000000000003 2100.0600000000004 5501.8094450644849 5.5000000000000009 2.1062499999999997 5408.8527132936515 10.075000000000001 0.99958851518450398 2730.3909646903644 3170.1865773809532 -0.42180583328916638 2843.1455020710546 2760.2143229166672 1598.6856463827296 6701.0500000000002 3550.6750000000006 5495.4339062500012 3707.0638603670645 3998.1630530753969 4994.6751785714296 2000.3000000000002 762.83547630104783 4049.8129687500004 5.7800000000000002 6.1550000000000002 4748.1743005952385 27.231250000000006 5303.4112282297183 4306.191703869049 4793.6742187500013 5350.6500000000005 2612.9121666667356 4609.8743229166676 -25739.449999999993 -0.85999999999999932 0.030000000000000252
decision_type=2 2 2 2 2 2 2 2 2 2 2 2 2 10 2 2 2 2 10 2 10 2 2 10 2 2 8 2 2 2 2 2 10 2 2 2 2 2 2 2 2 2 2 2 2 2 2 2 2 8 8 2 2 2 2 2 2 2 2 2 8 10
left_child=1 3 4 10 19 6 18 17 -6 -10 -1 12 16 49 -15 -16 20 37 -5 39 21 60 23 -23 25 35 -26 -27 29 34 -30 -4 -33 -14 -11 -24 -37 38 -3 -2 -13 -32 -22 -9 45 -45 47 -21 -46 -7 51 -51 53 -52 -40 -56 -57 58 -58 -39 -12 -62
right_child=2 7 31 5 8 13 -8 43 9 28 11 40 33 14 15 -17 -18 -19 -20 46 42 22 24 -25 26 27 -28 -29 30 -31 41 32 -34 -35 -36 36 -38 59 54 -41 -42 -43 -44 44 48 -47 -48 -49 -50 50 52 -53 -54 -55 55 56 57 -59 -60 -61 61 -63
leaf_value=0.00094418841660903123 0.0016696808391837242 -0.0018570664337179286 0.006249492912600161 -0.0044291467956098854 0.001132482515962455 0.0011329711310871815 -0.022705959302146396 0.00049844401795721635 -0.0033508969829965586 -0.0046739782141936555 -0.019240090122494665 0.00078730141797733744 -0.0012036242373666759 0.0037801472342703056 0.00088871648846030379 -0.042233809965629164 0.00026146557356425079 0.00058234855838921605 -0.018933976347044176 -0.0017328550732716068 -0.0001372260703787042 -0.011528412562002387 0.001224320802345463 -0.00065567419527110178 -0.0031291291707182928 -0.00218421096119555 0.00017250888512552556 -0.002049999228852828 -0.004701754786919211 0.0027627399245642769 -0.0024655378030965171 0.0041385523482104719 -0.0065734702515749888 -0.00023069442440589089 -0.00049463487524065326 -0.0026410103293698327 6.7077406560119943e-05 -0.023303324946350373 -0.00051608826282889075 0.00082662013924024338 -0.012753376899219059 0.00063385128407333739 -0.0039517268045250941 -0.0013163698204333367 0.00083794812479493408 0.00068370594886391577 0.0022061152931246416 0.001515701602695281 -0.0002975372683341037 -0.0015263384939874609 -0.011753769746554886 -0.0091800489157818875 -0.0022636840537954418 -0.0049575793250364675 0.00056705117502572097 -0.0055805191034321907 0.00084008204587813454 0.0018507473717632578 -0.0031044343586053061 -0.0019804526687310889 0.0010005259862123309 -0.0069614641811800776
leaf_weight=1376 2367 67 17727 215 8685 161 296 6642 508 67 45 52 106 77 70 268 1498 1744 99 68 2393 118 150 94 44 339 614 79 130 1110 321 3317 48 90 57 530 326 83 3387 8567 188 747 62 465 2450 208 10591 3426 2226 92 51 58 3419 101 1180 108 113 395 76 1946 754 251
leaf_count=1376 2367 67 17727 215 8685 161 296 6642 508 67 45 52 106 77 70 268 1498 1744 99 68 2393 118 150 94 44 339 614 79 130 1110 321 3317 48 90 57 530 326 83 3387 8567 188 747 62 465 2450 208 10591 3426 2226 92 51 58 3419 101 1180 108 113 395 76 1946 754 251
internal_value=0.00190367 -0.000870596 0.00359052 -0.0025636 0.0028316 -0.00463081 -0.0112439 0.000254611 0.00147342 -0.000805848 -0.00144962 -0.00204577 -0.00179904 -0.00368962 -0.00908654 -0.0123363 -0.00157687 -0.000887473 -0.00535238 0.00346259 -0.00225621 -0.00340987 -0.00459085 -0.0116338 -0.00386846 -0.00535158 -0.000655539 -0.0101241 0.000436498 0.0024 -0.00158632 0.00490883 0.00340463 -0.0100203 -0.009888 -0.00336048 -0.00457876 -0.00146411 -0.000804205 0.00268532 -0.00970954 -0.000544434 -0.000684039 0.00112125 0.000223178 -0.00308902 0.00406574 0.00277082 0.000700449 -0.00311048 -0.00339979 -0.0103311 -0.00310582 -0.00992157 -0.000657034 0.000935398 -0.00171429 0.00014359 -0.0054 -0.00319507 -0.000827783 -0.00026839
internal_weight=92842 35106 57736 14016 36644 4907 610 21090 11625 2940 9109 7733 7493 4297 415 338 7297 9099 314 25019 5799 3344 2294 212 2082 1424 658 418 2432 1234 1198 21092 3365 196 124 1006 856 7355 5326 10934 240 1068 2455 11991 5349 673 14085 3494 4676 3882 3721 150 3571 152 5259 1872 692 584 189 2029 1050 1005
internal_count=92842 35106 57736 14016 36644 4907 610 21090 11625 2940 9109 7733 7493 4297 415 338 7297 9099 314 25019 5799 3344 2294 212 2082 1424 658 418 2432 1234 1198 21092 3365 196 124 1006 856 7355 5326 10934 240 1068 2455 11991 5349 673 14085 3494 4676 3882 3721 150 3571 152 5259 1872 692 584 189 2029 1050 1005
is_linear=0
shrinkage=0.03


Tree=52
num_leaves=63
num_cat=0
split_feature=9 11 9 1 1 10 22 8 0 22 22 10 9 12 21 25 7 1 23 26 26 16 7 9 21 22 22 12 23 6 22 25 26 22 26 25 10 1 22 0 6 22 16 14 25 6 26 8 16 5 14 21 22 26 26 7 22 21 8 12 16 0
split_gain=467.997 72.426 61.0699 43.4017 33.3718 51.7713 30.2464 23.9952 20.8057 21.5398 20.5884 20.4904 20.0084 19.0434 17.9613 16.0541 15.878 14.4209 15.639 14.104 13.9957 15.4782 13.9099 13.2693 12.0927 11.9277 23.6959 11.5028 11.4003 11.9017 11.303 12.1324 10.4254 19.7355 15.0056 10.3432 10.3219 10.1103 15.5683 12.9702 12.9449 12.9719 10.0078 13.0806 16.9664 12.784 12.5757 9.72532 9.71764 9.69597 9.50005 15.3709 11.0942 9.48684 13.7214 9.4445 9.17825 9.20328 10.5043 8.97891 8.94382 15.3272
threshold=3110.1850000000004 2439.7450000000003 4549.5650000000014 5.5000000000000009 5.5000000000000009 999.46000000000015 4795.835047123016 0.99611390731392835 33.500000000000007 5140.340906498016 4903.1721719990092 2768.8200000000002 399.17500000000007 4730.0103645833342 3558.6800000000007 17.385000000000002 0.46039464932087154 5.5000000000000009 41.212500000000013 5.4450000000000012 10.105000000000002 9999.970000000003 0.85673801594079257 5555.2100000000009 4642.7366666666676 3998.1630530753969 3934.8474875992065 7567.5339434523821 26.018750000000008 -0.77259657388510605 5450.5477740575407 16.885000000000002 7.955000000000001 4928.4344903273823 7.5600000000000014 18.625000000000004 3599.9250000000006 1.5000000000000002 3716.0145138888893 19.500000000000004 -0.63405362205439475 5706.9721428571438 8999.0450000000019 1874.8736049395243 14.745000000000003 -0.84874750804349197 5.8200000000000012 -0.9292178835113839 10498.065000000001 -0.84874750804349186 2604.383552703363 5064.6533333333346 3270.6310391865086 9.1450000000000014 8.5100000000000016 0.46039464932087154 5311.1309362599213 4642.7366666666676 -0.091258822863740666 4166.0683556547629 4404.7200000000003 32.500000000000007
decision_type=2 2 2 2 2 2 2 2 2 2 2 2 2 2 2 8 2 2 2 10 10 2 2 2 2 2 2 2 2 2 2 10 10 2 10 8 2 2 2 2 2 2 2 2 10 2 8 2 2 2 2 2 2 10 10 2 2 2 2 2 2 2
left_child=1 4 3 6 7 -6 36 10 -5 19 25 13 16 -3 -7 53 -12 -4 23 -10 32 -22 28 24 49 26 42 -26 30 -30 56 59 33 -14 -35 -15 60 39 -39 55 41 47 43 -1 45 -45 -44 -40 -49 -19 -37 52 -52 54 -16 -13 57 -8 -59 -32 61 -2
right_child=2 11 17 8 5 14 22 -9 9 -11 12 37 20 35 15 -17 -18 18 -20 -21 21 -23 -24 -25 27 -27 -28 -29 29 -31 31 -33 -34 34 -36 50 -38 38 40 -41 -42 -43 46 44 -46 -47 -48 48 -50 -51 51 -53 -54 -55 -56 -57 -58 58 -60 -61 -62 -63
leaf_value=-0.00029876567444138554 -0.0022877994274058001 -1.4341220885188096e-05 0.0066925359280451124 0.0011143551416516243 -0.030751198308770846 0.0002460079395647787 0.00078918133993352915 -0.00096253362308859538 0.00021753114551607971 -0.0034193196113749239 -0.0063368452736746288 -0.00046734026932080948 -0.01028601480158196 -0.030886118841622238 -0.022867294554537808 -0.0029533494016760566 -0.019557877080640735 -0.00063148926233493508 -0.0045009853524418568 -0.0020987158168394378 0.0017158000344274144 -0.029875742139539509 -0.0037270955687355731 0.00485706944259602 -0.00024954890177604413 0.00084321590813275533 -0.0094653704119372246 -0.004553601930455304 -5.2888986691002061e-06 0.0017000562108576173 -0.0036477536869382004 0.00080287052235770116 0.0010805977147414958 -0.0014450480938407435 -0.032955872582838053 -0.0025733091966441139 0.0024994047719777332 0.00041473124319412049 0.001900950154705825 0.0016421203070894261 0.00013963963288634939 -0.0043137724964775245 0.00099982601095612651 -0.0027844175959790122 -0.0011312047464314382 -0.0031462466571668883 -0.00025859367113091061 -0.0012520302132224008 -0.0045026375795279988 0.0027561778345623674 -0.0018601081212671414 -0.0045650686110050012 0.00038142305397288311 -0.052897269132299779 0.0034558809235451624 0.00095680360551954281 0.0025582438669074351 -0.0021466888904261025 0.0014349383673003641 -0.0020860872631195868 0.0012071547425813488 0.0043409882183614891
leaf_weight=814 49 6833 15877 2144 193 467 630 200 2231 598 185 942 48 76 167 1773 177 224 41 301 66 219 79 3044 430 1639 76 49 1395 6873 48 176 479 2678 80 249 11407 4254 228 3386 2388 240 445 66 400 118 2953 790 102 793 278 772 1078 83 64 369 368 286 114 229 10038 50
leaf_count=814 49 6833 15877 2144 193 467 630 200 2231 598 185 942 48 76 167 1773 177 224 41 301 66 219 79 3044 430 1639 76 49 1395 6873 48 176 479 2678 80 249 11407 4254 228 3386 2388 240 445 66 400 118 2953 790 102 793 278 772 1078 83 64 369 368 286 114 229 10038 50
internal_value=0.00187102 -0.000843792 0.00354196 0.00281481 -0.00258308 -0.00553057 0.00323353 -0.00182187 0.000294597 -0.00126477 -0.00162409 0.000215592 -0.00333791 -0.000855389 -0.00439374 -0.00558333 -0.0100496 0.00485742 0.0033732 -5.44809e-05 -0.00265472 -0.00902098 0.00188724 0.00354107 0.00122645 -0.000588759 -0.00133347 -0.0027 0.00198557 0.00246197 -0.000142549 -0.00425551 -0.00209982 -0.00279801 -0.00246176 -0.00312225 0.00387069 0.00099874 0.000350119 0.00210345 -0.00105948 -0.00339456 -0.00106817 -0.00320372 -0.00662564 -0.0141405 -0.000188879 -0.0020339 -0.00344681 0.00307662 -0.0027704 -0.0021193 -0.000194547 -0.0118286 -0.00863793 -0.000429878 0.00119228 -0.000261882 -0.00381546 -0.00815827 0.00317341 -0.00576
internal_weight=92849 35375 57474 37016 13390 2747 31742 10643 5274 3130 10443 21985 3932 9286 2554 2087 362 20458 4581 2532 3570 285 10198 4540 1496 6511 4872 479 10119 8268 1851 453 3285 2806 2758 2453 21544 12699 8002 4697 3748 1360 4796 1398 584 184 3398 1120 892 1017 2377 2128 1356 314 231 1311 1398 1030 400 277 10137 99
internal_count=92849 35375 57474 37016 13390 2747 31742 10643 5274 3130 10443 21985 3932 9286 2554 2087 362 20458 4581 2532 3570 285 10198 4540 1496 6511 4872 479 10119 8268 1851 453 3285 2806 2758 2453 21544 12699 8002 4697 3748 1360 4796 1398 584 184 3398 1120 892 1017 2377 2128 1356 314 231 1311 1398 1030 400 277 10137 99
is_linear=0
shrinkage=0.03


Tree=53
num_leaves=63
num_cat=0
split_feature=9 20 9 1 22 1 10 22 17 5 4 20 21 25 9 27 14 10 21 17 4 4 22 22 26 17 1 1 6 7 23 22 23 26 12 7 9 0 25 23 22 22 14 2 10 17 4 12 1 27 22 22 27 12 17 18 14 12 5 0 17 22
split_gain=446.503 66.8483 62.3233 53.2837 32.071 28.238 43.5514 24.5923 26.7617 23.6991 22.1054 21.797 21.5767 25.0804 19.3539 18.6129 16.5513 16.1901 14.8546 13.8608 13.4775 13.224 33.0197 12.8302 12.2406 12.9654 13.6654 12.1471 15.5067 13.387 13.7569 11.6835 11.4488 11.085 12.0995 12.4416 11.6239 10.9567 10.937 10.7429 21.3052 15.1101 10.5459 10.5098 10.1222 10.0132 9.91871 13.5428 9.47713 13.4348 11.2799 10.9471 9.13447 9.03654 9.37256 11.7549 8.71756 8.60295 11.6579 8.5546 12.1504 9.26604
threshold=3100.4250000000006 -19033.149999999998 4998.045000000001 5.5000000000000009 4795.835047123016 5.5000000000000009 999.46000000000015 5425.7117466517875 3022.5000000000005 -0.8814490726585632 1.0000000180025095e-35 -10851.4 3501.0766666666673 17.385000000000002 399.17500000000007 -0.75499999999999889 3116.8500022572011 3599.9250000000006 4858.2033333333338 2277.6600000000003 1.0000000180025095e-35 1.0000000180025095e-35 5416.9166371527781 2760.2143229166672 10.600000000000001 300.90000000000003 1.0000000180025095e-35 4.5000000000000009 -0.77259657388510605 -0.41398024697495356 9.1687500000000028 4462.5864236111129 26.306250000000006 9.1450000000000014 4025.5928943452386 -0.89406062840022227 1753.4350000000002 30.500000000000004 20.605000000000004 28.406250000000004 5529.280383184524 6092.3581026785723 3163.3879062073406 10.500000000000002 2729.1850000000004 2371.9100000000003 1.0000000180025095e-35 4184.3287500000015 1.5000000000000002 0.46999999999999981 3058.6440749007938 6417.9919804067467 0.86500000000000032 4343.59824404762 2194.6400000000003 9581.9000000000015 3241.6271932857799 5760.6164583333348 0.58216583101416164 59.500000000000007 1999.2800000000002 6417.9919804067467
decision_type=2 2 2 2 2 2 2 2 2 2 2 2 2 10 2 10 2 2 2 2 2 2 2 2 10 2 2 2 2 2 2 2 2 10 2 2 2 2 10 2 2 2 2 2 2 2 2 2 2 8 2 2 10 2 2 2 2 2 2 2 2 2
left_child=1 5 3 4 17 14 -7 9 -9 -5 16 18 -8 33 15 -1 32 -2 23 59 -19 24 31 -3 48 -26 -27 29 53 46 -31 -23 -6 34 35 -14 -37 -22 -4 40 -18 -42 -17 -39 -12 -21 -13 -48 50 51 -16 -50 -25 -29 -55 -56 -43 -46 -59 60 -20 -62
right_child=2 11 38 7 10 6 12 8 -10 -11 44 27 13 -15 21 42 39 20 19 45 37 22 -24 52 25 26 -28 28 -30 30 -32 -33 -34 -35 -36 36 -38 43 -40 -41 41 56 -44 -45 57 -47 47 -49 49 -51 -52 -53 -54 54 55 -57 -58 58 -60 -61 61 -63
leaf_value=-0.01847334924038559 0.0011292239344010044 -0.0018158548802609841 0.0064240009745465086 -0.0013975439921280375 0.00031230404696471007 -0.029858595611411951 0.000863095050540338 -0.00090086959832621865 -0.0073634994602772468 0.00070962643692845445 -0.0055842799890634589 0.00019281055404578103 0.0016097600922802806 -0.0009490208593457602 -0.0019041857099617091 -0.0058178033473291766 0.0002655672431435574 0.0028179062112275409 -0.0040242580645314021 -0.014702651525681291 0.0020143080691857663 -0.0032092821935269544 -0.063345981622121669 -3.0284950133664925e-05 0.0017508370999155521 0.0015655784750950262 -0.024152945203159793 -0.00026192534841098944 0.00015905144084472022 -0.00083839361898501406 0.00091408994583149731 0.0040083850012707627 0.0018222316372579947 -0.05082936017844427 -0.019249608794626488 -0.032048960947375416 -0.0046524444235022501 -0.0023632161026530532 -0.0053891750424405948 0.00066298301476568815 -0.0048942728118630324 0.0035978125538115376 -0.021465862568563046 0.0033658562485575903 -0.00041972276385700849 -0.0023160787945023585 -0.00016029434323533702 -0.0060540171942547946 -0.00013830569312991845 -0.0018225067803307824 0.00014952433083630125 -0.010710588015639263 -0.0034127084423609664 -0.0014116981157833758 -0.0052085100522855548 -0.0008030962481873872 -0.0016223340363928339 -0.0034188950578532811 0.0014291695492966382 0.00017556246027862306 0.0010939544045768823 -0.0044189056327800002
leaf_weight=152 10383 66 16325 721 1986 178 228 804 141 4336 41 3475 122 416 76 411 291 12731 1376 46 328 289 102 9304 83 44 234 374 2250 387 4858 109 7153 71 180 83 91 410 46 844 120 64 87 123 498 244 189 99 2593 2010 2680 60 68 157 187 98 67 56 41 888 586 86
leaf_count=152 10383 66 16325 721 1986 178 228 804 141 4336 41 3475 122 416 76 411 291 12731 1376 46 328 289 102 9304 83 44 234 374 2250 387 4858 109 7153 71 180 83 91 410 46 844 120 64 87 123 498 244 189 99 2593 2010 2680 60 68 157 187 98 67 56 41 888 586 86
internal_value=0.00183092 -0.000838747 0.00345738 0.00283424 0.00328047 -0.00286951 -0.00688029 0.000221889 -0.00421776 0.00105219 0.0019518 6.7909e-06 -0.00480201 -0.00676556 -0.00225395 -0.00723502 0.00228007 0.0038989 -0.000862692 -0.00261977 0.00458045 -0.00186209 -0.00658683 -0.000261892 -0.00155764 -0.00694475 -0.010043 0.000918758 -0.000712097 0.00147386 0.0024533 -0.00266165 0.00274333 -0.0109818 -0.0092956 -0.00553535 -0.0106629 0.000946636 0.00502297 -0.000774333 -0.0040663 -0.0104524 -0.00441283 -0.00170787 -0.00347567 -0.00886598 0.000108395 -0.00523183 -0.00129461 -0.00211878 0.000100109 -0.000716654 -0.000168356 -0.00425214 -0.00715124 -0.0103846 -0.00336364 -0.00246644 -0.0105918 -0.002 -0.00306589 0.000240713
internal_weight=92546 35037 57509 41138 35136 10299 1369 6002 945 5057 11161 24738 1191 963 8930 650 10525 23975 12664 3226 13592 8280 500 9438 7780 361 278 12074 3066 9008 5245 398 9139 547 476 296 174 861 16371 1386 542 251 498 533 636 290 3763 288 7419 4663 2756 2653 9372 816 442 285 131 595 97 2936 2048 672
internal_count=92546 35037 57509 41138 35136 10299 1369 6002 945 5057 11161 24738 1191 963 8930 650 10525 23975 12664 3226 13592 8280 500 9438 7780 361 278 12074 3066 9008 5245 398 9139 547 476 296 174 861 16371 1386 542 251 498 533 636 290 3763 288 7419 4663 2756 2653 9372 816 442 285 131 595 97 2936 2048 672
is_linear=0
shrinkage=0.03


Tree=54
num_leaves=63
num_cat=0
split_feature=9 20 9 1 9 22 1 1 10 9 20 5 1 23 0 22 15 1 0 9 21 4 10 0 1 22 25 27 8 2 25 23 4 22 21 1 15 15 4 12 1 22 27 18 7 21 26 4 23 7 8 23 1 12 20 11 27 25 12 22 12 7
split_gain=416.042 66.4125 59.953 38.3519 30.3886 25.4279 22.0298 20.345 20.123 19.7483 17.4969 17.2248 16.1305 18.342 15.6274 14.9643 15.0493 14.6123 14.0563 13.9061 13.4944 12.5174 14.5751 13.2094 12.452 14.67 12.7063 12.6576 12.3701 24.2889 11.356 10.8596 12.6859 9.88008 11.5231 18.6196 10.5974 10.3898 10.3342 12.4716 11.3661 10.2034 9.83477 9.67138 10.0905 9.4913 9.42974 9.36136 15.0019 15.7509 9.12035 10.8 13.7321 19.0346 12.5898 9.1839 11.2718 8.85583 12.0296 8.65749 11.7066 8.63395
threshold=3120.1450000000004 -17501.449999999993 4500.7650000000012 5.5000000000000009 562.85500000000013 4795.835047123016 4.5000000000000009 5.5000000000000009 350.65000000000003 2707.5550000000007 -47312.999999999993 -0.9103761370219875 5.5000000000000009 41.212500000000013 27.500000000000004 5437.5589905753977 5853.4142187500011 1.5000000000000002 56.500000000000007 5999.7750000000005 5191.1533333333346 1.0000000180025095e-35 3500.7350000000001 30.500000000000004 1.5000000000000002 6578.6732403273827 17.595000000000002 -0.71499999999999975 0.063390085881955341 10.500000000000002 15.095000000000001 26.306250000000006 1.0000000180025095e-35 5754.691605902779 2226.0733333333333 1.0000000180025095e-35 3942.2595312500002 3624.9264583333338 1.0000000180025095e-35 5107.642075892858 1.0000000180025095e-35 6007.0668613591288 -0.35500000000000126 10589.250000000002 -0.98214942551678475 5213.4483333333346 11.290000000000001 1.0000000180025095e-35 23.318750000000005 -0.61913973745509387 0.9980355542543059 15.193750000000003 5.5000000000000009 3067.6820610119053 -26498.949999999993 1999.595 0.8249999999999994 17.965000000000003 3991.9668080357146 3058.6440749007938 3241.8373958333336 0.21862473630160603
decision_type=2 2 2 2 2 2 2 2 2 2 2 2 2 2 2 2 2 2 2 2 2 2 2 2 2 2 10 8 2 2 8 2 2 2 2 2 2 2 2 2 2 2 10 2 2 2 10 2 2 2 2 2 2 2 2 2 10 8 2 2 2 2
left_child=1 4 3 5 6 21 8 9 17 18 -6 -5 -4 19 -9 -13 -17 -1 33 20 -14 22 -2 -23 30 26 27 -26 -25 -30 -12 43 45 34 35 -3 37 -37 -36 40 -40 -35 -8 44 -7 -33 -10 -11 -49 -50 51 -29 55 -54 -55 -53 -57 -16 -59 60 -32 -34
right_child=2 7 12 11 10 31 42 14 46 47 24 15 13 -15 57 16 -18 -19 -20 -21 -22 23 -24 28 25 -27 -28 50 29 -31 59 32 61 41 38 36 -38 -39 39 -41 -42 -43 -44 -45 -46 -47 -48 48 49 -51 -52 52 53 54 -56 56 -58 58 -60 -61 -62 -63
leaf_value=-0.016688226603578226 0.0010260783899309438 -0.0018437676086192273 0.0061652957888853593 -0.0017294342576774059 -0.016613573288751234 0.0013882837723865344 -0.02890875932097936 0.00022046562187361045 -0.0013659877367485716 0.00049696320714889114 -0.025731674058336967 0.0005585976042116837 0.0015548819789812107 -0.0054108707174202455 -0.00365386784460413 -0.00025242205339452424 -0.0037744125088041949 -0.01631250445607221 0.00062007504104863225 0.0047450305122336122 -0.00086630909078380376 0.0018368080924974349 0.0022765278945219357 0.0011286693352693705 -0.03587419128462295 -0.011133980865086844 -0.00025393972969847391 0.00023549698478350157 -0.0044153430427970822 0.0025130727341600746 -0.0020242576072675342 0.0019539921778773915 -0.0023911096035271638 -0.0047873480903806451 8.8061252874543282e-05 -0.00063636511681753661 4.3143215765582e-05 -0.0011328168251346147 -0.015302285559655871 -0.024647621183479636 0.00045551686510036672 -0.0022339920031939188 -0.01232730590118643 0.0016339788680793685 -0.00089383280811336659 0.0010316846725598346 -0.01533093252568238 0.0012527879577753115 -0.0064557300034150189 6.5550600529257338e-05 -0.0005720893780910793 -0.00087228551615370342 0.00053312049914085429 -0.028230393740996795 -0.0074512303762696566 -0.0025083367261026991 -0.002621260443119818 0.00025259845987248009 -0.0025365488147364719 6.1631574617734911e-05 -0.00039209181207833108 0.0046066602298024013
leaf_weight=148 7800 207 16459 648 147 352 150 1145 523 11841 137 3873 1496 40 205 453 177 106 1809 2735 423 388 11937 287 43 47 2335 530 281 129 41 3149 318 125 3793 286 858 147 54 41 99 428 77 572 1256 4132 72 189 206 244 83 1795 202 169 441 1659 61 599 1244 3126 101 98
leaf_count=148 7800 207 16459 648 147 352 150 1145 523 11841 137 3873 1496 40 205 453 177 106 1809 2735 423 388 11937 287 43 47 2335 530 281 129 41 3149 318 125 3793 286 858 147 54 41 99 428 77 572 1256 4132 72 189 206 244 83 1795 202 169 441 1659 61 599 1244 3126 101 98
internal_value=0.00185324 -0.000695557 0.00344113 0.00269365 -0.00251226 0.00309557 -0.00732033 0.000230858 -0.00508941 0.000580579 -0.00203774 0.000298137 0.00470776 0.00315527 -0.00199499 0.000956483 -0.00332805 -0.0121412 -0.000598624 0.00333061 0.00137188 0.00369025 0.0038627 0.000552486 -0.00189676 -0.00259028 -0.00248149 -0.00333708 -0.00191691 -0.00525547 -0.000396359 0.00184167 0.00237101 -0.00129359 -0.000907765 -0.0031501 -0.0018065 -0.00562673 -6.46941e-05 -0.0068 -0.00280519 -0.00511191 -0.0156053 -2.75103e-05 -0.00121939 0.00266218 -0.00206376 0.00132201 -0.0022125 -0.00518847 -0.00319369 -0.00302347 -0.00351848 -0.00703321 -0.00967267 -0.00270478 -0.00427077 -0.00356369 -0.00290239 -4.03793e-05 -0.00725874 -0.00271942
internal_weight=92516 35513 57003 35850 11993 30699 1076 23520 849 20327 10917 5151 21153 4694 3193 4503 630 254 7847 4654 1919 20822 19737 1085 10770 7365 7318 4983 697 410 3405 9877 7697 6038 5485 1498 1291 433 3987 194 153 553 227 2180 1608 7281 595 12480 639 450 4940 4857 4327 812 610 3515 1720 2048 1843 3268 142 416
internal_count=92516 35513 57003 35850 11993 30699 1076 23520 849 20327 10917 5151 21153 4694 3193 4503 630 254 7847 4654 1919 20822 19737 1085 10770 7365 7318 4983 697 410 3405 9877 7697 6038 5485 1498 1291 433 3987 194 153 553 227 2180 1608 7281 595 12480 639 450 4940 4857 4327 812 610 3515 1720 2048 1843 3268 142 416
is_linear=0
shrinkage=0.03


Tree=55
num_leaves=63
num_cat=0
split_feature=9 9 9 21 9 3 3 20 12 22 15 14 3 6 23 11 11 12 23 14 6 10 12 14 27 26 10 17 17 15 25 26 8 16 8 17 22 16 14 16 12 7 7 3 10 27 15 16 21 9 14 9 17 11 21 26 21 15 7 23 22 20
split_gain=418.049 63.7486 58.506 42.1656 29.9149 23.8949 23.5937 19.0268 16.5933 14.8951 14.1486 15.5346 13.7916 26.4405 13.4134 13.3702 12.912 13.0287 12.5253 12.5813 11.5368 11.4419 14.1928 11.0805 10.8045 10.4159 10.3001 12.654 10.2224 10.0668 14.5032 19.459 18.9194 14.0003 12.0945 11.7294 10.8549 9.73744 13.3776 9.62887 11.6051 9.4853 22.8051 15.0213 20.3645 14.1201 11.2384 15.8778 10.7198 10.1102 10.0177 9.65145 9.39545 9.79751 9.38234 10.1599 9.37746 10.9682 9.32503 11.2631 9.59798 9.97577
threshold=3100.4250000000006 4799.1750000000011 2511.9700000000007 4642.7366666666676 562.85500000000013 1.0000000180025095e-35 1.0000000180025095e-35 -47312.999999999993 4920.8524851190477 4795.835047123016 4584.0350520833344 1392.0139287212253 1.0000000180025095e-35 -0.3520614488341256 30.256250000000005 3254.8800000000006 3624.6200000000003 4329.0766369047624 18.856250000000006 2604.383552703363 -0.32143946530316164 350.65000000000003 3829.7097767857144 2932.0268953215814 -0.39499999999999952 11.290000000000001 3040.8950000000004 3500.1550000000002 2400.1800000000003 2997.6737500000004 16.750000000000004 9.6800000000000015 -0.22700609751797865 4590.4300000000012 0.99138911339924218 860.63000000000022 6417.9919804067467 9999.970000000003 2422.8618518063972 6999.8350000000009 3067.6820610119053 -0.42180583328916638 -0.43733984355855576 1.0000000180025095e-35 899.40000000000009 -0.20500000000000182 3545.5795312499999 7400.2150000000011 3427.0433333333335 2328.2100000000005 1996.2068272364488 1999.9650000000004 1912.0000000000002 2337.6700000000005 5045.3250000000007 10.075000000000001 3786.105 3183.39015625 -0.35041564478062465 9.4937500000000021 6331.8132217261918 -10429.799999999997
decision_type=2 2 2 2 2 2 2 2 2 2 2 2 2 2 2 2 2 2 2 2 2 2 2 2 10 10 2 2 2 2 8 10 2 2 2 2 2 2 2 2 2 2 2 2 2 8 2 2 2 2 2 2 2 2 2 10 2 2 2 2 2 2
left_child=2 3 4 5 6 26 21 -6 -5 -10 11 -7 58 -14 20 -16 17 -13 -19 -20 23 22 -1 -11 -8 -23 27 -2 -22 36 31 32 -31 -32 41 -33 -9 -36 -39 40 -15 42 46 -43 -45 -46 56 -48 -47 -50 51 -49 -40 -54 -3 -56 57 -35 -4 -60 61 -61
right_child=1 54 12 8 7 10 24 29 9 14 -12 16 13 39 15 -17 -18 18 19 -21 28 25 -24 -25 -26 -27 -28 -29 -30 30 33 35 -34 34 37 -37 -38 38 52 -41 -42 43 -44 44 45 48 47 50 49 -51 -52 -53 53 -55 55 -57 -58 -59 59 60 -62 -63
leaf_value=-0.013574517924939765 0.00072888588355101368 0.0061607674351542427 -1.6881902895082844e-06 0.0012662258803051993 -0.017465257171315526 0.0019431473621508448 -0.028043307570163201 3.3195483740211526e-06 0.0015115700014477706 -0.0049769109074696604 0.0012836014941638005 -2.652933068675355e-05 -0.0015190042690749689 0.0010842685291642807 -0.0016662905409280029 0.0014749929320167217 0.00062383798310033153 0.00038182129086280733 -0.0023538534555389212 0.0015118916660085142 -0.0013912531255342285 -0.0023547894073527925 -0.018331761722437792 -0.0013358762213076592 -0.0104918815001475 -0.016501246744058784 0.0019903743055503399 -0.0034606703049023103 0.00084600082651683898 -0.018767080081447046 -0.0029552263277826049 -0.060897804731571394 -0.002232597221844337 -0.001778089862700061 -0.0032171545970321922 -0.004057055857025183 -0.010211297163274442 0.00088032386302723249 0.0010437909416596647 0.00036848633669284863 -0.0063587653957137627 1.3513615825634764e-05 -0.037118253783610382 -0.018525507725283354 0.0019692517369236553 0.00010648084334668795 -0.0066058618000727157 -0.0099040488899582221 -0.0020049994265858777 -0.0031937345428854364 -0.0014693445352493702 -0.00092891871282784258 -0.00087588793832437989 -0.0010535643608809756 0.0049154183776814932 -0.0060667644891713567 0.00084777896881351323 0.00044083125037844929 -0.00050345437011111544 0.00030846361238024876 -0.003931585595529169 0.00093901416609283898
leaf_weight=158 2222 12952 5506 5743 157 773 153 3515 847 220 3511 1399 2399 67 897 2116 1582 161 317 83 994 537 92 264 82 70 18068 48 575 81 73 84 532 220 45 102 70 89 56 2450 108 5136 103 45 221 344 116 103 981 293 1759 295 119 143 4893 67 744 244 755 3032 226 3523
leaf_count=158 2222 12952 5506 5743 157 773 153 3515 847 220 3511 1399 2399 67 897 2116 1582 161 317 83 994 537 92 264 82 70 18068 48 575 81 73 84 532 220 45 102 70 89 56 2450 108 5136 103 45 221 344 116 103 981 293 1759 295 119 143 4893 67 744 244 755 3032 226 3523
internal_value=0.00182021 0.00338614 -0.000775561 0.00271741 -0.00205202 0.00334543 -0.00685087 -0.00171718 0.00119979 8.4207e-05 0.00193637 0.00078545 0.000408812 -0.000926567 -0.000531676 0.000742535 -5.58848e-05 -0.00168281 -0.00554093 -0.00837905 -0.00240117 -0.00453147 -0.00992032 -0.00644536 -0.0152542 -0.00229934 0.00388751 0.00198151 -0.00115032 -0.00161158 -0.00203051 -0.0059325 -0.00334202 -0.00174987 -0.00166266 -0.0144064 -0.000217513 -0.00646358 -0.00497059 0.00115385 -0.005625 -0.00145743 -0.00271297 -0.000816123 -0.00310663 -0.00261196 -0.00229868 -0.0035409 -0.00358369 -0.00485176 -0.00295551 -0.00724812 -0.00784326 -0.0102205 0.00487255 0.00376134 3.97022e-05 -0.00330323 0.000923254 0.00160886 0.00199587 0.00220561
internal_weight=92560 57732 34828 39820 16762 28164 1092 15670 11656 5913 7826 4315 18066 5024 5066 3013 3542 1960 561 400 2053 857 250 484 235 607 20338 2270 1569 15513 11928 799 613 11129 11056 186 3585 452 407 2625 175 10604 3584 7020 1884 1839 3481 2273 1618 1274 2157 398 318 262 17912 4960 1208 464 13042 7536 6781 6555
internal_count=92560 57732 34828 39820 16762 28164 1092 15670 11656 5913 7826 4315 18066 5024 5066 3013 3542 1960 561 400 2053 857 250 484 235 607 20338 2270 1569 15513 11928 799 613 11129 11056 186 3585 452 407 2625 175 10604 3584 7020 1884 1839 3481 2273 1618 1274 2157 398 318 262 17912 4960 1208 464 13042 7536 6781 6555
is_linear=0
shrinkage=0.03


Tree=56
num_leaves=63
num_cat=0
split_feature=9 11 9 1 22 9 1 5 1 0 25 1 13 16 17 12 22 9 15 4 14 4 8 2 0 22 25 0 12 14 4 27 0 7 15 22 12 8 11 17 20 8 22 16 27 9 1 24 25 12 27 9 24 14 14 17 17 17 27 2 14 15
split_gain=390.603 69.1172 50.1806 44.008 30.0931 29.8348 22.6231 21.9678 20.9792 22.9988 22.2354 16.3571 27.205 19.5521 16.0087 15.1751 14.7278 14.5692 13.8458 13.7368 15.725 13.7233 14.2024 14.4235 25.4836 12.161 11.699 11.6246 11.5361 11.2715 11.0002 29.5636 12.8921 16.1278 13.1819 12.0098 15.4247 11.7456 12.068 12.634 10.9627 11.1948 10.8841 12.6963 10.5615 10.4586 10.4105 14.8324 10.3516 10.2052 10.1868 10.1407 9.97848 9.9544 10.1471 9.60524 22.4593 9.615 9.08955 11.7491 9.08136 8.99757
threshold=3250.0750000000003 2814.6350000000007 4998.045000000001 5.5000000000000009 4795.835047123016 899.7700000000001 4.5000000000000009 -0.79335334029123528 5.5000000000000009 28.500000000000004 17.670000000000005 1.0000000180025095e-35 9005.1950000000015 4129.4000000000005 1343.7450000000001 3067.6820610119053 5425.7117466517875 2800.7550000000006 5853.4142187500011 1.0000000180025095e-35 3116.8500022572011 1.0000000180025095e-35 0.063390085881955341 10.500000000000002 30.500000000000004 3609.5002461557547 18.900000000000002 22.500000000000004 4557.9675446428582 1610.587480992602 1.0000000180025095e-35 -0.37000000000000094 32.500000000000007 -0.82415615971448097 3766.1624479166671 6182.1379675099215 5163.3877306547629 0.98899263613956456 2229.4050000000002 1999.6250000000002 -3784.3499999999999 0.21652257995689161 3003.5766108630955 9999.970000000003 -0.39499999999999952 1999.3750000000002 5.5000000000000009 14.975 20.595000000000002 4105.5833333333348 0.8249999999999994 3769.5650000000005 2.2562499999999983 2263.800100239202 2790.0159283677176 2010.1250000000002 2000.3000000000002 1999.3950000000002 -0.14499999999999955 7.5000000000000009 2868.8736732389202 2867.0879687500005
decision_type=2 2 2 2 2 2 2 2 2 2 8 2 2 2 2 2 2 2 2 2 2 2 2 2 2 2 8 2 2 2 2 8 2 2 2 2 2 2 2 2 2 2 2 2 10 2 2 2 10 2 10 2 2 2 2 2 2 2 10 2 2 2
left_child=1 5 3 4 21 6 -1 -5 30 -10 14 12 -3 29 -11 -16 -9 28 -18 20 52 51 -23 24 -24 -12 -26 -15 -13 49 35 -32 -33 34 -34 37 -37 55 39 -39 41 -19 -40 -44 -8 -29 -4 48 -48 -14 -43 61 -6 -28 -55 56 57 -7 -17 -60 -31 -2
right_child=2 11 46 7 19 8 44 16 9 10 25 17 13 27 15 58 18 40 -20 -21 -22 22 23 -25 26 -27 53 45 -30 60 31 32 33 -35 -36 36 -38 38 42 -41 -42 50 43 -45 -46 -47 47 -49 -50 -51 -52 -53 -54 54 -56 -57 -58 -59 59 -61 -62 -63
leaf_value=-0.0097674918577209096 -0.00045294550283967892 -0.0099543305524312769 0.0073600915002700823 -0.0012127338658714897 0.00032121798844202739 -0.000402391334322203 -0.027203215694401039 0.00084898443537669227 0.00036754760410573475 -0.032920177769644017 -7.2726714453958839e-05 7.3532853305837841e-05 -0.00016397691730454689 -3.4845016769538831e-05 0.0013171922131299872 -0.00082245574849729099 -1.3055175881525194e-05 0.0001311579489151815 -0.0035031981677835465 -0.0012882097220707862 -0.00034355874004882956 0.0021447949562937133 0.00095242522235276632 0.002656177242218229 0.0022894477598336418 -0.0039244824232206 -0.0094094983892837099 0.00030505092781936015 -0.0017888927106881726 0.0011417734744261425 -0.060016151581014671 0.00065342397417540526 -0.0056160503533429582 -0.00077431831892509344 -0.025845360497720359 -0.0082930659345847122 -0.0023511654684347993 0.00021561020790598738 -0.0018628391543253334 -0.0011146898909246783 -0.00041723307424304783 0.00060747310807749203 -0.0020983177766364211 0.00012207427800845776 -0.0089441677231841318 0.0026538967180232006 0.0032007852522430817 -0.0028362053540331106 -0.0057591347794771954 -0.0038963003680254392 -0.0036880535216009167 0.0027534911106051733 0.0018482411530142051 -0.0003828551703580749 -0.0034308997256419617 0.00019811770964398264 -0.0035518018673993223 0.001821319551363159 -0.00051483042730621209 -0.017706716313497139 -0.0057204754478862897 0.0014803608645588716
leaf_weight=1011 418 71 12547 1128 1641 8729 172 3601 728 170 767 2899 43 660 139 62 484 3884 188 590 1283 512 192 198 43 1658 118 559 1871 158 70 173 40 400 67 127 239 47 41 110 983 4909 85 511 116 2602 3813 61 42 63 48 10894 6318 96 53 4344 179 496 57 141 44 8927
leaf_count=1011 418 71 12547 1128 1641 8729 172 3601 728 170 767 2899 43 660 139 62 484 3884 188 590 1283 512 192 198 43 1658 118 559 1871 158 70 173 40 400 67 127 239 47 41 110 983 4909 85 511 116 2602 3813 61 42 63 48 10894 6318 96 53 4344 179 496 57 141 44 8927
internal_value=0.00182939 -0.000431221 0.00350835 0.00289066 0.0033224 -0.00162795 -0.00602769 0.000389856 -0.00133275 -0.00335697 -0.00451953 0.000885555 0.00253511 0.00285327 -0.00985263 -0.00654 0.00137295 0.000410689 -0.00270134 0.00194773 0.00223109 0.00395236 0.000850783 -0.00192582 -0.00462823 -0.00326463 -0.00993569 0.00343956 -0.000949486 -0.00440777 -0.000851395 -0.00439414 -0.00246696 -0.00487795 -0.0151667 -0.000672882 -0.0060327 -0.000537578 -0.00408302 -0.0115063 0.00107115 0.00140534 -0.00223824 -0.00119598 -0.0134325 0.00419545 0.00488448 0.0035323 0.00376556 -0.0122804 0.00235014 0.00413804 0.00272789 -0.0122687 -0.00704 -0.000332533 -0.000871451 -0.000666594 -0.0108046 -0.0139296 -0.000236453 0.00341215
internal_weight=92620 39473 53147 36684 31283 20679 1299 5401 19380 3722 2994 18794 4200 4129 569 399 4273 14594 672 9832 9242 21451 1212 700 502 2425 310 3821 4770 308 15658 750 680 507 107 14908 366 14542 794 157 9824 8841 637 596 288 3161 16463 3916 3855 106 4957 20239 7959 267 149 13748 9404 9225 260 198 202 9345
internal_count=92620 39473 53147 36684 31283 20679 1299 5401 19380 3722 2994 18794 4200 4129 569 399 4273 14594 672 9832 9242 21451 1212 700 502 2425 310 3821 4770 308 15658 750 680 507 107 14908 366 14542 794 157 9824 8841 637 596 288 3161 16463 3916 3855 106 4957 20239 7959 267 149 13748 9404 9225 260 198 202 9345
is_linear=0
shrinkage=0.03


Tree=57
num_leaves=63
num_cat=0
split_feature=20 11 9 9 1 4 1 10 12 21 10 1 10 4 10 0 1 26 12 9 8 21 1 21 16 8 4 6 18 12 1 12 12 23 25 8 7 8 8 8 12 7 11 27 12 8 7 4 21 20 12 1 26 27 8 18 1 27 1 6 9 8
split_gain=375.003 83.9827 41.9961 34.891 33.6924 32.6237 31.3865 27.8416 26.2936 25.8434 19.1556 16.5758 28.5427 16.8328 16.1718 15.9197 13.9079 13.0383 13.4599 18.5074 12.7371 15.1352 12.4671 11.918 11.3358 10.6078 10.5474 16.4299 11.8861 10.4669 10.3455 11.2848 11.259 15.8777 10.041 9.31224 9.24215 11.0831 19.7859 13.6943 10.1782 9.21228 13.4186 9.19386 9.77826 9.06555 8.83316 14.3783 16.1288 10.7352 11.1949 14.8637 9.83935 9.15671 15.8398 12.7319 12.3359 9.36156 9.31331 13.0028 9.292 12.4641
threshold=-9236.5499999999975 3500.0650000000005 1543.2150000000004 4998.045000000001 5.5000000000000009 1.0000000180025095e-35 5.5000000000000009 999.46000000000015 7837.2118005952389 4659.3033333333342 2710.3250000000003 1.0000000180025095e-35 350.65000000000003 1.0000000180025095e-35 3233.0250000000001 28.500000000000004 5.5000000000000009 11.130000000000001 3734.1053794642862 399.17500000000007 0.19969739736768838 3210.4250000000006 2.5000000000000004 5903.4566666666678 9909.4450000000015 -0.99938741687870725 1.0000000180025095e-35 -0.88144907265856332 8059.7000000000016 5025.6062425595255 5.5000000000000009 7033.2405208333339 4833.1293005952384 28.706250000000008 19.155000000000005 -0.091258822863740666 0.95998215779580554 -0.48313741114591585 -0.8611288361322974 0.98770287048522643 5739.0881324404772 0.85226249403558707 2990.6950000000002 0.86500000000000032 5437.4294717261919 0.51113019672828186 -0.37447345805034543 1.0000000180025095e-35 4431.6316666666671 -15566.749999999998 3341.4103125000006 5.5000000000000009 7.2550000000000008 0.12500000000000003 0.99024581825578073 10732.650000000003 5.5000000000000009 0.18499999999999875 4.5000000000000009 -0.32143946530316164 2328.2100000000005 -0.97111920233974802
decision_type=2 2 2 2 2 2 2 2 2 2 2 2 2 2 2 2 2 10 2 2 2 2 2 2 2 2 2 2 2 2 2 2 2 2 10 2 2 2 2 2 2 2 2 10 2 2 2 2 2 2 2 2 10 8 2 2 2 8 2 2 2 2
left_child=2 6 4 5 11 9 8 -6 14 -3 29 12 -1 -14 -2 -8 26 18 45 -20 -7 -22 -19 -18 -23 -16 43 28 -28 46 32 -32 -11 35 -21 -34 37 38 -31 -39 -41 42 -40 44 -12 -13 47 49 -49 50 -4 -52 -53 -48 57 -56 -57 -55 -59 60 -60 -62
right_child=1 3 10 -5 7 20 15 -9 -10 30 16 17 13 -15 25 -17 23 22 19 34 21 24 -24 -25 -26 -27 27 -29 -30 36 31 -33 33 -35 -36 -37 -38 39 41 40 -42 -43 -44 -45 -46 -47 53 48 -50 -51 51 52 -54 54 55 56 -58 58 59 -61 61 -63
leaf_value=-0.015315262261195549 0.00036698551009257084 0.0019509152304840799 -0.00043792046269001294 0.0060391927534872748 -0.02639966131368876 0.00034088176179959348 0.00076292941894481577 -0.017042300410051447 -0.0038029159713331919 0.0019648258795642412 0.00056454169038170677 -0.0017039527569707234 0.00086956697899122381 -0.024534721522836922 -0.013085624845379911 -0.00071206944633249111 -0.00042415545077957665 -0.027479095891059683 -0.018770463291475581 -0.0040632198983187257 0.00027577237978422314 0.0024131748655735253 -0.030633906948460854 -0.0082391289391196987 -0.0037036623086601876 0.0013575235736987715 -0.023087455353506481 -0.00021252087843210926 -0.0040688169401054885 -0.0012595005310768817 -0.0001338638628788907 -0.0051349286941806743 -0.00090619335347335954 0.0019376031695138708 -0.0085963238229686562 0.0016294175156886224 -0.0037290319497412338 0.000570397137027691 -0.0015647843241004392 -0.003089459626949443 -0.00014382945078347673 -0.034255700297358138 -0.0078043053701819572 -0.0025100338175572516 -0.00083712291486459211 -0.0063431408652334566 0.00036265443052853151 6.1191583889090863e-05 -0.045794128307238224 6.2983693217838875e-05 -0.0015738195545670804 -0.001270268633951503 -0.038147448259603436 -0.0013737759034909828 0.00069986626447609136 -0.0010131241828009324 0.00072762702252471029 0.00020016656301189101 -0.00068844658510399672 0.00020315647702400668 -0.010579556350052401 -0.0018128224760893107
leaf_weight=61 8062 18420 2082 15424 170 1099 1341 299 50 2470 6589 928 1143 113 53 3397 1197 88 134 636 234 50 70 149 267 8900 54 336 57 487 633 64 1265 2719 123 208 113 739 221 126 129 77 112 48 1158 153 1578 71 92 1681 1393 107 138 334 86 242 41 3287 462 385 58 258
leaf_count=61 8062 18420 2082 15424 170 1099 1341 299 50 2470 6589 928 1143 113 53 3397 1197 88 134 636 234 50 70 149 267 8900 54 336 57 487 633 64 1265 2719 123 208 113 739 221 126 129 77 112 48 1158 153 1578 71 92 1681 1393 107 138 334 86 242 41 3287 462 385 58 258
internal_value=0.00176219 0.00301508 -0.00115119 0.0037863 -0.0040296 0.00314415 0.00149917 -0.011566 0.00209891 0.0034059 -0.000678918 -0.00300174 -0.000355083 0.000625298 0.00216326 -0.000660899 0.000358536 -0.00463572 -0.00396759 -0.00669128 -0.000944882 -0.00466304 -0.0129057 -0.00246771 -0.00892453 0.00304088 0.000820332 -0.00365625 -0.0136071 -0.00137455 0.00190272 -0.00157307 0.00226655 0.00131934 -0.00486316 -0.0011886 -0.00338454 -0.00288266 -0.00529844 -0.000699497 -0.00667969 -0.010146 -0.00794012 0.00107748 0.00115927 -0.00171349 -0.00104668 -0.001931 -0.0106829 -0.00166494 -0.00256383 -0.00441855 -0.0112195 -0.000315508 -0.000927823 -0.00690811 -0.00997183 -0.000465204 -0.000101101 -0.00240722 -0.00463671 -0.00859306
internal_weight=92461 64656 27805 42853 3918 27429 21803 469 17065 25779 23887 3449 1317 1256 17015 4738 9588 2132 1974 893 1650 551 158 1346 317 8953 8242 447 111 14299 7359 697 6662 4192 759 1473 2004 1891 897 994 255 410 333 7795 7747 1081 12295 5564 163 5401 3720 1638 245 6731 5153 369 283 4784 4450 1163 778 316
internal_count=92461 64656 27805 42853 3918 27429 21803 469 17065 25779 23887 3449 1317 1256 17015 4738 9588 2132 1974 893 1650 551 158 1346 317 8953 8242 447 111 14299 7359 697 6662 4192 759 1473 2004 1891 897 994 255 410 333 7795 7747 1081 12295 5564 163 5401 3720 1638 245 6731 5153 369 283 4784 4450 1163 778 316
is_linear=0
shrinkage=0.03


Tree=58
num_leaves=63
num_cat=0
split_feature=9 11 9 1 20 22 18 1 1 17 17 1 5 10 21 9 24 14 24 5 15 18 1 13 0 14 26 1 7 20 4 23 15 15 4 2 5 10 4 0 15 22 15 26 0 22 22 27 4 17 23 22 20 15 26 18 14 14 7 15 17 1
split_gain=359.249 63.5595 47.6098 35.442 29.9022 23.6101 23.3657 19.1722 18.5423 17.8424 22.0857 17.4825 16.362 16.1536 16.5352 15.3198 15.4793 14.4292 13.9924 13.5913 12.7051 12.3562 12.2437 13.0673 13.4063 11.8053 22.375 16.2305 21.8963 11.4124 10.3146 10.3669 10.1084 11.9682 12.2937 16.3488 10.0938 10.0031 9.82681 11.4142 9.51864 16.6382 10.5092 9.99689 9.39945 11.6586 9.39123 10.2965 10.0089 9.12142 8.95399 10.5642 9.03468 8.81393 8.59937 8.58983 10.432 8.58886 8.536 14.6999 15.1083 8.88553
threshold=3266.6850000000004 2814.6350000000007 4500.1650000000009 5.5000000000000009 -47312.999999999993 4795.835047123016 7650.8500000000013 4.5000000000000009 5.5000000000000009 499.24000000000007 199.87500000000003 5.5000000000000009 -0.8814490726585632 2850.3250000000003 5107.8683333333347 5499.8550000000005 6.0062500000000005 3417.5068228327432 14.975 -0.84874750804349186 3099.661822916667 5567.5500000000002 1.0000000180025095e-35 9005.1950000000015 22.500000000000004 2181.4176758477702 10.600000000000001 5.5000000000000009 -0.31799228562170639 -3784.3499999999999 1.0000000180025095e-35 26.231250000000006 4248.6234375000013 4203.6208333333334 1.0000000180025095e-35 9.5000000000000018 0.72947329433276253 512.20000000000016 1.0000000180025095e-35 30.500000000000004 5628.3374479166678 4550.8730406746045 4203.6208333333334 7.6400000000000015 28.500000000000004 3068.1927554563495 3707.0638603670645 0.8249999999999994 1.0000000180025095e-35 1999.0150000000001 28.106250000000006 6242.4950173611114 -26498.949999999993 4662.6776562500008 8.1000000000000014 10245.150000000003 3218.8625791712007 2790.0159283677176 0.534952257794027 5495.4339062500012 2277.6600000000003 3.5000000000000004
decision_type=2 2 2 2 2 2 2 2 2 2 2 2 2 2 2 2 2 2 2 2 2 2 2 2 2 2 10 2 2 2 2 2 2 2 2 2 2 2 2 2 2 2 2 8 2 2 2 10 2 2 2 2 2 2 8 2 2 2 2 2 2 2
left_child=1 4 3 5 8 38 7 32 17 10 -9 -4 -5 14 -3 16 19 -1 -17 -13 -16 -11 23 -15 -25 -8 27 -27 36 46 31 55 33 34 50 -36 54 -23 49 -40 42 -42 43 -14 -45 -46 47 48 -24 -2 -6 52 -52 -50 -29 56 -7 -41 -33 60 61 -60
right_child=2 13 11 12 6 30 25 9 -10 21 -12 15 40 22 20 18 -18 -19 -20 -21 -22 37 29 24 -26 26 -28 28 -30 -31 -32 58 -34 -35 35 -37 -38 -39 39 57 41 -43 -44 44 45 -47 -48 -49 53 -51 51 -53 -54 -55 -56 -57 -58 -59 59 -61 -62 -63
leaf_value=-0.0066762085321376936 0.0012221545491520793 0.0001168730952893459 0.0055633966846841297 -0.0017321812049325529 -0.0018484919275733034 -0.00019839193557457801 6.3134924756612116e-05 0.0038163483940728501 -0.027430026036025203 0.0011362939986322431 -0.027925072913778149 -0.0015267344684684284 -0.0016968366985690069 -0.012849886885189631 0.0019053462213143521 0.0038569514717891242 -0.0014639077878401997 -0.019021730999817545 -0.0026808264215431778 0.0016720267576454126 -0.0036825204809964201 -0.027665700367974076 0.00064264817820185042 -0.00020227081157892554 0.0025195125238254598 -0.00022932565969560178 -0.0094523941529995187 -0.022488790658093557 -0.00087416615645877639 -0.00045540357715212931 -0.0013177935478442596 0.0015807260259726038 0.00013995131473072046 -0.0049123154932535305 -0.0020583423367308562 -0.05633803525139966 0.00031667370262668005 -0.0033115003943772442 0.0016178837867738796 -0.00018212795046511061 0.00082284998498060083 -0.0030866904566263578 0.0011883717547103787 0.0011493891838734247 0.00092249168033076774 -0.0011175526617815763 0.00013332608540201331 -0.0030040493375967803 -0.003300474203153794 0.0017930673445289392 -0.0032655182378408475 -0.0092329072947744846 0.00090198311640309167 0.0011840756151645915 -0.015207714034110979 0.0013906185069988077 -0.0026629867341975357 -0.0021611264689347072 0.0016456817521748018 0.0025475228690595756 -0.0041804814108701415 -0.0046229643864215044
leaf_weight=246 3260 5390 16709 707 879 1027 6870 56 71 257 153 231 171 43 187 3157 269 50 48 1010 1053 50 4159 623 2762 6261 87 120 1174 981 483 5606 1180 71 116 92 64 1144 370 524 418 368 1773 506 211 328 3973 59 101 13862 821 59 872 53 220 534 89 98 228 269 128 62
leaf_count=246 3260 5390 16709 707 879 1027 6870 56 71 257 153 231 171 43 187 3157 269 50 48 1010 1053 50 4159 623 2762 6261 87 120 1174 981 483 5606 1180 71 116 92 64 1144 370 524 418 368 1773 506 211 328 3973 59 101 13862 821 59 872 53 220 534 89 98 228 269 128 62
internal_value=0.00175891 -0.000371185 0.00339554 0.00264423 -0.00151822 0.00306092 -0.00136633 -0.00298905 -0.00999457 -0.00570741 -0.0138857 0.00448327 0.000176667 0.00086634 -0.000334791 0.00286896 0.000377234 -0.00664646 0.00404242 0.00179227 -0.00345689 -0.00452066 0.00149071 0.00302362 0.0032339 -0.000735555 -0.00152441 -0.00135536 -0.00407346 0.000926986 0.00174867 0.00200755 -0.00188462 -0.00283408 -0.00252676 -0.0095311 -0.0100889 -0.00580418 0.00367121 0.000767372 0.000961335 -0.00197459 0.00173378 -0.000414133 0.000688337 -0.00206667 0.00128684 0.00224606 0.00241725 0.0038394 -0.0019696 -0.000729036 -0.000290437 -0.00507097 -0.0121408 -0.000109025 -0.00160609 -0.00171429 0.00256244 -0.000593023 -0.00410979 -0.000309278
internal_weight=92743 40297 52446 31022 20913 26540 20546 5750 367 1660 209 21424 4482 19384 6630 4715 1510 296 3205 1241 1240 1451 12754 3428 3385 14796 7926 7839 1578 9326 8426 7943 4090 2910 2839 208 404 1194 18114 992 3775 786 2989 1216 1045 539 8345 4372 4313 17122 2631 1752 1693 154 340 1650 1116 622 6293 687 418 290
internal_count=92743 40297 52446 31022 20913 26540 20546 5750 367 1660 209 21424 4482 19384 6630 4715 1510 296 3205 1241 1240 1451 12754 3428 3385 14796 7926 7839 1578 9326 8426 7943 4090 2910 2839 208 404 1194 18114 992 3775 786 2989 1216 1045 539 8345 4372 4313 17122 2631 1752 1693 154 340 1650 1116 622 6293 687 418 290
is_linear=0
shrinkage=0.03


Tree=59
num_leaves=63
num_cat=0
split_feature=9 20 9 1 22 1 10 9 5 27 24 7 1 6 14 14 4 22 26 11 27 1 8 24 24 4 14 10 16 26 9 12 25 4 20 20 5 1 22 6 14 16 7 15 6 5 10 14 8 22 25 8 9 24 1 6 2 24 10 7 7 22
split_gain=334.222 67.6469 52.0094 41.5432 26.4942 24.0092 41.945 21.6147 19.3425 16.9769 15.6422 14.6938 13.9889 14.0756 13.7914 15.431 13.593 28.4792 13.3756 17.703 13.0663 12.6513 12.5339 12.9101 12.0043 11.4007 11.1849 10.4962 13.9554 10.1785 9.64055 24.1957 12.0449 9.64053 9.57884 9.24814 9.2075 13.0874 9.13553 10.7506 8.89462 9.88726 11.2539 22.3232 9.04224 9.74402 8.80942 8.74983 8.55823 8.5572 8.45425 8.20504 7.87747 9.45688 7.58267 7.55548 9.54557 7.55023 7.23079 7.19078 15.6958 7.14351
threshold=3266.6850000000004 -18731.249999999996 4799.1750000000011 5.5000000000000009 4795.835047123016 5.5000000000000009 999.46000000000015 2840.3300000000004 -0.58216583101416164 -0.60000000000000042 15.550000000000002 0.85673801594079257 3.5000000000000004 -0.72947329433276253 2760.7034173737088 3043.6902451241886 1.0000000180025095e-35 5416.9166371527781 10.925000000000002 1799.2250000000001 -0.33499999999999991 5.5000000000000009 0.18281312110578132 1.5250000000000006 11.925000000000002 1.0000000180025095e-35 2988.8938700237363 3599.9250000000006 4404.7200000000003 8.3550000000000022 399.17500000000007 3843.3731175595244 18.250000000000004 1.0000000180025095e-35 -4101.1499999999987 3481.900000000001 -0.5 4.5000000000000009 4615.620642361112 -0.58216583101416131 2843.1455020710546 7804.8850000000011 -0.27694604220087021 3647.4896354166672 0.55557023301960229 -1.0000000180025095e-35 2964.9100000000003 3000.6163926188333 -0.59867820553660911 3000.2780394345241 17.670000000000005 -0.065537083312030994 5999.7750000000005 6.1062500000000002 1.0000000180025095e-35 -0.44228869021900119 3.5000000000000004 2.2562499999999983 3685.6750000000006 -0.90893996196865023 -0.92274349529687905 6578.6732403273827
decision_type=2 2 2 2 2 2 2 2 2 8 2 2 2 2 2 2 2 2 10 2 10 2 2 2 2 2 2 2 2 10 2 2 10 2 2 2 2 2 2 2 2 2 2 2 2 2 2 2 2 2 8 2 2 2 2 2 2 2 2 2 2 2
left_child=1 5 3 4 27 16 -7 36 29 -8 38 25 -9 -14 -11 51 18 22 30 20 -20 -4 -18 -24 52 26 57 28 -2 -5 31 -1 -33 -29 -15 -26 37 -3 -10 -40 41 42 43 44 -38 -46 -27 48 -28 -42 -44 -16 53 -23 -43 56 -35 -6 -51 60 -30 -32
right_child=2 7 21 8 11 6 9 12 10 14 -12 -13 13 34 15 -17 17 -19 19 -21 -22 24 23 -25 35 46 47 33 59 -31 61 32 -34 55 -36 -37 40 -39 39 -41 49 54 50 -45 45 -47 -48 -49 -50 58 -52 -53 -54 -55 -56 -57 -58 -59 -60 -61 -62 -63
leaf_value=-0.0017853871670574987 -0.0021075082201568434 0.0011971167602876024 0.0063363358997715344 -0.00080145405997928863 0.00035102167207342932 -0.024825697629511961 -0.042938221560262987 0.00063889542557237476 0.00097594915047307675 -0.0010100411548268282 -0.0045151659469471654 -0.0048225809701191967 -0.00079177522416259472 0.00043720613569925228 -0.020114372386666263 0.0034258244191415965 0.00054433399259314617 -0.052269404811541791 -0.002542890283606037 -0.0008599663118247432 -0.033289551665982062 0.0014592755223584301 -0.00084097994250993528 -0.028302196980748925 -0.0027202415434956738 -0.0064098208184294571 -0.0047764883717168445 0.0023365186911702188 0.001156756829350832 -0.0026049689585482629 -0.0004060025344204598 -0.017156333207816701 0.0016265697141713833 -0.0042281970990101919 -0.00058199845322102746 1.5171320123705811e-05 -0.00019431186611680251 -0.0013969516794782074 -0.0023372610073675495 0.00057780246284568266 -0.0015488830201315848 0.0023671197724434655 -0.0016671449539786426 -0.0040820577320873743 0.00042973205356475663 -0.0020149347410490506 -0.00037227855695734578 0.0003511899791893827 0.0016632801301455647 -0.0012774537305721507 0.00051929367202259782 -0.0058341647130843236 0.0044054854832007353 -0.001622545582909274 2.5139416395381901e-05 0.00093902136831419973 0.00023872747823973741 0.0018194361738975145 0.0031425303660305649 0.0012408633994157633 -0.0035369413892006297 -0.0093146278744696519
leaf_weight=338 62 1976 13799 1429 1371 193 81 9521 2246 901 53 84 1765 4001 119 73 273 114 54 190 119 1177 88 91 52 41 99 11536 768 93 7758 157 44 63 581 57 814 541 270 946 51 394 86 169 116 370 492 1894 41 2689 1023 71 2649 176 5437 591 102 5266 112 6781 80 46
leaf_count=338 62 1976 13799 1429 1371 193 81 9521 2246 901 53 84 1765 4001 119 73 273 114 54 190 119 1177 88 91 52 41 99 11536 768 93 7758 157 44 63 581 57 814 541 270 946 51 394 86 169 116 370 492 1894 41 2689 1023 71 2649 176 5437 591 102 5266 112 6781 80 46
internal_value=0.00174954 -0.000300914 0.00333419 0.00264998 0.00308301 -0.00234432 -0.00594997 0.000437346 0.000133386 -0.00392456 0.00135666 0.00175885 0.00119214 0.000101134 -0.00299227 -0.00902273 -0.00178454 -0.00628571 -0.00149121 -0.00712088 -0.0140345 0.00464463 -0.00288742 -0.00903333 0.00318239 0.00187333 0.00213515 0.00369836 0.00282839 -0.00269074 -0.00124545 -0.00512222 -0.0133366 0.00424241 0.000977962 -0.0066 -0.000431962 0.0012081 0.00160612 -0.000488085 -0.000798615 -0.000307491 -0.00185421 -0.00357551 -0.00223674 -0.00547023 -0.00238202 0.000188698 -0.00702128 -0.00224606 0.000427027 -0.0135079 0.00345041 0.00158641 0.000376543 0.000959049 -0.0046988 0.00273155 -0.00202141 0.00294417 0.000339223 -0.000977066
internal_weight=92574 40356 52218 34308 29271 10710 1438 29646 5037 1245 3515 9288 15868 6347 1164 263 9272 566 8706 363 173 17910 452 179 4111 9204 8671 19983 7691 1522 8343 539 201 12292 4582 109 13778 2517 3462 1216 11261 8409 2578 1469 1300 486 533 2034 140 2852 1109 190 4002 1353 5831 756 165 6637 2801 7629 848 7804
internal_count=92574 40356 52218 34308 29271 10710 1438 29646 5037 1245 3515 9288 15868 6347 1164 263 9272 566 8706 363 173 17910 452 179 4111 9204 8671 19983 7691 1522 8343 539 201 12292 4582 109 13778 2517 3462 1216 11261 8409 2578 1469 1300 486 533 2034 140 2852 1109 190 4002 1353 5831 756 165 6637 2801 7629 848 7804
is_linear=0
shrinkage=0.03


Tree=60
num_leaves=63
num_cat=0
split_feature=9 11 9 1 1 11 4 22 10 9 5 6 10 8 1 10 26 17 4 12 9 12 27 18 17 27 17 24 14 12 22 1 25 1 13 22 14 12 22 8 8 26 4 8 22 8 11 17 17 12 6 22 7 7 18 7 7 1 17 17 24 1
split_gain=334.815 57.6824 49.4476 37.0743 33.4549 26.4372 25.809 26.5046 21.588 16.8724 14.4832 14.301 14.0799 15.8097 13.0385 30.0206 14.9676 19.4197 14.1662 13.7555 19.6276 12.6039 17.8687 12.4751 20.7303 12.009 11.9928 11.9751 15.9795 18.192 10.9893 12.0102 10.9854 10.8403 21.6064 10.2411 10.1992 27.3944 14.6723 10.0694 11.3386 10.4372 9.53951 14.1966 13.1178 12.1638 14.7208 11.8019 10.2985 12.5331 9.53737 10.5311 13.3227 9.20913 9.17726 8.98176 8.97886 8.90989 8.79022 16.7143 8.64716 12.158
threshold=3130.5750000000003 3960.5850000000005 1543.2150000000004 5.5000000000000009 5.5000000000000009 2814.6350000000007 1.0000000180025095e-35 5501.8094450644849 999.46000000000015 4234.1350000000011 -0.8814490726585632 -0.44228869021900119 3079.3050000000007 -0.99938741687870725 1.0000000180025095e-35 350.65000000000003 10.925000000000002 99.735000000000014 1.0000000180025095e-35 3734.1053794642862 399.17500000000007 3631.4386755952382 -0.60000000000000042 7275.3000000000002 3150.4950000000003 0.86500000000000032 2499.3650000000002 4.5062499999999988 3116.8500022572011 7454.7222395833332 2885.563682415675 5.5000000000000009 17.145000000000003 1.0000000180025095e-35 9005.1950000000015 3707.0638603670645 1623.2196850034461 4058.0556473214288 3156.045239335318 -0.99864786094873803 -0.97507822412530132 5.6750000000000016 1.0000000180025095e-35 -0.96687281075841669 4830.9618340773823 0.99445195900249039 2337.6700000000005 1999.6250000000002 1999.2800000000002 3802.6456250000006 -0.58216583101416131 3998.1630530753969 -0.83377653105606597 -0.97509794945709805 10487.650000000003 -0.99866806308218525 -0.99763297024448894 1.5000000000000002 1325.5050000000003 1399.8600000000004 1.7562499999999999 1.0000000180025095e-35
decision_type=2 2 2 2 2 2 2 2 2 2 2 2 2 2 2 2 10 2 2 2 2 2 8 2 2 10 2 2 2 2 2 2 8 2 2 2 2 2 2 2 2 8 2 2 2 2 2 2 2 2 2 2 2 2 2 2 2 2 2 2 2 2
left_child=2 4 3 14 12 21 7 9 -5 -3 -6 -8 55 -14 15 -1 19 -18 -17 -16 -21 22 -4 24 -12 33 30 28 60 54 -23 39 -33 34 -7 -35 37 -36 -39 -32 -41 -42 43 -43 -44 48 47 -47 58 -50 56 52 -52 -22 -30 -2 -37 -48 -45 -60 61 -9
right_child=1 6 5 8 10 25 11 27 -10 -11 23 -13 13 -15 16 18 17 -19 -20 20 53 26 -24 -25 -26 -27 -28 -29 29 -31 31 32 -34 35 36 50 -38 38 -40 40 41 42 44 45 -46 46 57 -49 49 -51 51 -53 -54 -55 -56 -57 -58 -59 59 -61 -62 -63
leaf_value=-0.014243148843829111 -0.0034889324715822196 0.0018163189450756706 -0.045346658033527776 -0.024078520575665029 -0.0012154514303211919 -0.011501389857266068 -0.0019695534128726854 -0.011440408241567269 -0.015833556599638574 0.0050225576693182982 0.00074524989471998085 0.001050836833673491 -0.012671629470389103 0.0013152835317792595 -0.0017005916557553669 0.00078258484863423798 0.0030781747265676619 -0.030619154370728565 -0.02293314215272332 -0.01793102179309838 0.0029178388528958948 -0.0026594319200068427 4.9484194920446668e-05 0.0004778102053878131 -0.0048213618575830442 -0.0023647351056913894 7.35975136439637e-05 0.0029900692317344334 -0.0044987417129463128 0.0055332864066385814 -0.0071536024147809459 -0.01852660375845697 -0.0021096887230389601 0.00030876129284591858 0.0013094336715039833 0.0021814536315272813 0.0015225162426900248 -0.00026107229918026281 -0.0039263488915664592 0.0021538871556828904 0.0012151831083713396 -0.0085517419443815242 -0.0011653474489516627 0.00035201155629846102 -0.033449022484159679 -5.8774960807089417e-05 -0.002252285071422232 -0.00085035113831254258 -0.0013050456185063368 0.00030437545403267855 -0.0017919492032597052 0.00059565415897672104 6.1201830428336108e-05 -0.005303109744561425 -0.00034306654497540595 0.00045817732599671144 -0.0012346670066511469 0.00042846323055920299 -0.0037227205069294942 -0.0011036558779263545 0.0015419567007070901 0.00026638123231603744
leaf_weight=61 82 8534 85 174 1068 64 265 60 278 16124 186 1581 63 17181 1087 1143 46 111 103 125 90 74 6706 3955 112 102 2165 2371 207 104 54 80 1569 5716 255 171 2939 76 79 331 210 69 204 587 85 44 70 119 274 1818 170 3053 290 696 91 3265 2421 125 51 1945 1172 139
leaf_count=61 82 8534 85 174 1068 64 265 60 278 16124 186 1581 63 17181 1087 1143 46 111 103 125 90 74 6706 3955 112 102 2165 2371 207 104 54 80 1569 5716 255 171 2939 76 79 331 210 69 204 587 85 44 70 119 274 1818 170 3053 290 696 91 3265 2421 125 51 1945 1172 139
internal_value=0.00169147 0.0031299 -0.000573839 -0.00375632 0.00208783 -0.000184488 0.00401083 0.00423123 -0.0118278 0.00460432 -3.26945e-05 0.000571738 0.00263578 0.00298139 -0.00269939 -0.000334862 -0.00413265 -0.0130253 0.000678428 -0.00342771 -0.00614474 -0.00101164 -1.67845e-05 0.000751763 -0.00515719 0.000714351 -0.0016958 0.00201062 0.000145434 -0.0051067 -0.00224981 -0.00213724 -0.00440364 0.000783328 0.00227241 0.00035324 0.00260418 -0.00182482 -0.0117308 -0.00151228 -0.00139356 -0.0017126 -0.00196847 -0.00166725 -0.00726207 -0.00148033 -0.00680223 -0.0134268 -0.00107143 0.000493072 -0.000501146 0.000517359 -0.00370933 -0.00437611 -0.00886957 0.000854839 -0.00188122 -0.00122449 -0.00233824 -0.00328693 0.00168805 -0.00408
internal_weight=92475 56560 35915 3914 25912 32001 30648 28802 452 24658 5321 1846 20591 17244 3462 1307 2155 157 1246 1998 911 16665 6791 4253 298 15336 9874 4144 1773 402 7709 7635 1649 15234 3413 11821 3349 410 155 5986 5932 5601 5391 5102 289 5033 358 163 4675 2092 6105 3513 460 786 298 3347 2592 195 2583 1996 1371 199
internal_count=92475 56560 35915 3914 25912 32001 30648 28802 452 24658 5321 1846 20591 17244 3462 1307 2155 157 1246 1998 911 16665 6791 4253 298 15336 9874 4144 1773 402 7709 7635 1649 15234 3413 11821 3349 410 155 5986 5932 5601 5391 5102 289 5033 358 163 4675 2092 6105 3513 460 786 298 3347 2592 195 2583 1996 1371 199
is_linear=0
shrinkage=0.03


Tree=61
num_leaves=63
num_cat=0
split_feature=9 20 9 1 9 22 1 1 4 7 5 23 1 20 0 22 0 8 1 1 4 10 22 22 8 1 26 7 21 10 22 17 4 0 8 2 15 0 21 15 4 24 26 9 24 21 8 16 26 2 10 5 10 15 0 8 21 23 7 11 20 26
split_gain=324.267 60.1906 48.4996 38.3433 23.6437 23.1838 20.2415 17.8029 20.9844 25.0531 17.7869 14.873 14.5216 16.8164 16.2557 14.6437 13.6717 16.634 13.3518 12.2025 16.9759 16.5831 16.3256 15.4518 12.9046 12.1237 14.0773 25.6679 11.9601 11.4125 14.0814 11.1338 10.9491 12.6578 11.0852 22.1082 10.738 10.4917 10.4447 14.0526 10.3278 10.7213 10.325 10.2795 11.0885 10.1581 15.2044 9.58792 18.6287 9.55318 9.47295 9.35286 9.25005 11.4807 19.9039 8.99638 10.2328 8.98684 11.9519 8.64697 8.5002 8.40241
threshold=3302.0450000000005 -12853.249999999998 4719.1350000000011 5.5000000000000009 562.85500000000013 4795.835047123016 4.5000000000000009 3.5000000000000004 1.0000000180025095e-35 -0.55657520495441892 -0.79335334029123528 23.906250000000004 1.5000000000000002 -47312.999999999993 19.500000000000004 3186.5239818948417 31.500000000000004 0.9980355542543059 5.5000000000000009 5.5000000000000009 1.0000000180025095e-35 899.40000000000009 6092.3581026785723 5416.9166371527781 0.18281312110578132 3.5000000000000004 6.9500000000000002 -0.64578423485557612 3238.4483333333342 350.65000000000003 5400.8806677827388 499.24000000000007 1.0000000180025095e-35 30.500000000000004 0.063390085881955341 10.500000000000002 3070.0632291666675 72.500000000000014 4858.2033333333338 5628.3374479166678 1.0000000180025095e-35 2.4000000000000008 5.1300000000000008 5999.7750000000005 6.1062500000000002 5213.4483333333346 -0.99938741687870725 9983.5300000000007 10.600000000000001 10.500000000000002 3030.0050000000006 0.58216583101416164 3698.9200000000005 2844.7857812500001 24.500000000000004 -0.98521978256641018 5593.7233333333343 9.1687500000000028 0.06553689391773225 3500.0650000000005 -2254.6999999999989 10.065000000000003
decision_type=2 2 2 2 2 2 2 2 2 2 2 2 2 2 2 2 2 2 2 2 2 2 2 2 2 2 10 2 2 2 2 2 2 2 2 2 2 2 2 2 2 2 8 2 2 2 2 2 10 2 2 2 2 2 2 2 2 2 2 2 2 8
left_child=1 4 3 5 6 32 29 8 50 11 -5 -10 14 -14 15 36 17 25 -4 20 22 -21 -18 24 -22 26 27 -15 -9 30 -1 -23 52 -34 -35 61 -6 40 -12 -40 41 -7 -19 44 -20 -43 -47 -16 -49 -26 55 -42 53 54 -2 -3 57 58 -57 -11 -41 -36
right_child=2 7 18 10 12 37 -8 28 9 59 38 -13 13 16 47 -17 19 42 43 21 23 31 -24 -25 49 -27 -28 -29 -30 -31 -32 -33 33 34 35 -37 -38 -39 39 60 51 45 -44 -45 -46 46 -48 48 -50 -51 -52 -53 -54 -55 -56 56 -58 -59 -60 -61 -62 -63
leaf_value=-0.012783607004453143 -0.0024225375505061574 0.0015270023864788268 0.0059435510154105305 -0.0012694228483672478 -0.0016019876032050294 -0.0001391585429154645 -0.023281799188042091 0.00023013940522851413 0.002062841677397956 0.0014059083829897655 0.00069620451671544719 -0.0054975843039637082 -0.025299185616441955 -0.0029765631449429645 0.00072062456089028951 -0.00026145554101507341 -0.00057297744562967564 0.00046154777836527401 0.0014000899219361962 -0.026125208221676108 0.00013736812623687199 -0.033158381499143207 -0.0056149551242168066 -0.053484257960826759 -0.02219363638270723 0.00041705001744224743 0.00050747415611830215 -0.00025857585344670565 -0.00046227889850853038 -0.0033583340871999479 -0.013561582364220878 -0.0028318108936331078 0.0016248992288491945 0.00142867740430747 0.0016541036063597284 0.0025343605217310401 -0.00062962689317981775 0.0034250336174314992 0.00060871234464742623 -0.0046388366626718058 -0.0028119134183234164 0.0018675304464925734 -0.0010524066769547666 0.0038414815302819116 -0.00091442434787749553 -0.01196533343745638 0.00083477414990040452 -6.3182403453148422e-06 -0.024319264295982679 -0.00042083815311210219 0.00095491448751100657 0.00098146605046764098 0.0023611255634260553 0.0012509502058015783 0.0012799569839719459 -0.002948391006554411 -0.0024537852432827013 0.00047426868167462053 0.00016909394084514744 -0.0048487782288071631 -0.00050857611376018644 -0.0042308467952296468
leaf_weight=125 80 442 14290 1024 149 1744 214 2820 58 240 2794 260 117 151 2465 801 6547 54 1297 61 192 94 235 86 85 1684 340 715 5793 581 119 1723 402 277 40 119 189 979 583 171 231 2518 140 2701 275 58 3094 1983 96 52 5996 235 10013 7787 119 144 507 5716 272 106 154 236
leaf_count=125 80 442 14290 1024 149 1744 214 2820 58 240 2794 260 117 151 2465 801 6547 54 1297 61 192 94 235 86 85 1684 340 715 5793 581 119 1723 402 277 40 119 189 979 583 171 231 2518 140 2701 275 58 3094 1983 96 52 5996 235 10013 7787 119 144 507 5716 272 106 154 236
internal_value=0.00169635 -0.000279738 0.00329167 0.00259555 -0.00152124 0.00301837 -0.00591923 0.000775397 0.00144564 -0.00375338 9.64671e-05 -0.00981818 -0.00126648 -0.00184687 -1.26671e-05 -0.00321579 -0.00173734 -1.16694e-05 0.00451616 -0.00232371 -0.00176132 -0.00447685 -0.00140027 -0.00764423 -0.00465455 0.00056036 -0.00173488 -0.00376471 -0.00029394 -0.00377724 -0.00920816 -0.0039538 0.00360742 0.000664186 -0.00185438 -0.00507576 -0.00844248 0.00174989 0.00106454 -0.00172937 0.00138561 0.00165799 -0.00849231 0.00304352 0.0011138 0.0022906 0.00115509 0.000790759 -0.000709615 -0.0116522 0.00170989 -0.00294218 0.003783 0.00302066 -0.00408 0.000966676 0.000690361 0.00102919 -0.00322302 0.00183285 -0.00671779 -0.00972563
internal_weight=92573 41352 51221 32658 18998 27932 1039 22354 13741 664 4726 318 17959 12276 5683 1139 12159 3084 18563 9075 7197 1878 6782 415 329 2890 1206 866 8613 825 244 1817 19073 1074 672 395 338 8859 3702 908 7880 7414 194 4273 1572 5670 3152 4544 2079 137 13077 466 17999 7986 199 7081 6639 6132 416 346 325 276
internal_count=92573 41352 51221 32658 18998 27932 1039 22354 13741 664 4726 318 17959 12276 5683 1139 12159 3084 18563 9075 7197 1878 6782 415 329 2890 1206 866 8613 825 244 1817 19073 1074 672 395 338 8859 3702 908 7880 7414 194 4273 1572 5670 3152 4544 2079 137 13077 466 17999 7986 199 7081 6639 6132 416 346 325 276
is_linear=0
shrinkage=0.03


Tree=62
num_leaves=63
num_cat=0
split_feature=9 9 9 1 22 10 1 0 1 22 6 22 14 1 21 9 4 2 12 9 0 14 18 15 25 22 22 23 15 17 2 22 17 15 10 25 27 12 12 15 4 8 8 17 12 23 12 18 15 18 0 25 17 16 23 15 17 8 22 22 22 8
split_gain=314.351 57.0303 51.9553 45.0563 26.6391 21.5022 42.7807 19.32 18.5685 18.3359 16.9685 19.3901 14.4032 14.1954 17.4419 15.8531 14.5493 13.3812 12.8624 12.4758 12.4303 12.3344 12.3343 12.3319 11.6356 20.2348 11.1069 11.0254 10.8937 10.8662 10.6391 11.2092 19.6136 10.9832 10.0412 9.87578 10.7597 10.2794 9.84596 9.48663 9.45031 9.36353 9.35762 9.56387 8.79066 9.68465 8.67403 8.49459 8.41543 9.10239 8.27971 8.25766 8.27606 10.4369 8.72118 8.18943 11.007 8.12616 8.12532 16.0884 9.16749 12.5457
threshold=3266.6850000000004 2511.9700000000007 5484.7000000000016 5.5000000000000009 3759.4844109623023 999.46000000000015 5.5000000000000009 32.500000000000007 3.5000000000000004 2965.0449441964292 -0.72947329433276253 5754.691605902779 3386.6357569996785 1.5000000000000002 2342.2266666666669 999.58000000000015 1.0000000180025095e-35 9.5000000000000018 7941.3221205357158 4150.6850000000004 71.500000000000014 3218.8625791712007 5350.6500000000005 3014.6370833333335 15.615000000000002 3707.0638603670645 3243.364192708334 34.256250000000009 2844.7857812500001 1799.6300000000003 11.500000000000002 4580.3421763392862 2543.7900000000004 5628.3374479166678 3030.0050000000006 17.305000000000003 -0.37000000000000094 5225.7461979166683 5416.4018303571438 3918.631770833334 1.0000000180025095e-35 -0.98801846520836312 0.98770287048522643 1545.5150000000001 4856.9378050595251 36.256250000000009 4865.5407142857157 9285.3500000000004 6722.4502604166673 8715.6500000000033 49.500000000000007 17.385000000000002 2088.6200000000003 7000.6100000000015 38.35625000000001 4036.6136979166672 99.735000000000014 -0.87810534180523914 5400.8806677827388 5437.5589905753977 5728.3150539434528 -0.82413948779581736
decision_type=2 2 2 2 2 2 2 2 2 2 2 2 2 2 2 2 2 2 2 2 2 2 2 2 8 2 2 2 2 2 2 2 2 2 2 8 10 2 2 2 2 2 2 2 2 2 2 2 2 2 2 10 2 2 2 2 2 2 2 2 2 2
left_child=1 5 3 4 19 6 12 -5 34 -9 11 29 58 14 26 27 -16 22 30 -2 21 28 -18 46 25 -25 42 55 -6 -10 31 32 40 -33 35 36 39 -37 -35 -3 -11 -12 43 -7 -23 -46 -17 -30 -40 -50 -36 52 54 -54 -26 56 -15 -13 -1 -60 -61 -62
right_child=2 8 -4 7 20 13 -8 9 10 18 41 57 -14 15 16 23 17 -19 -20 -21 -22 44 -24 24 51 -27 -28 -29 47 -31 -32 33 -34 38 50 37 -38 -39 48 -41 -42 -43 -44 -45 45 -47 -48 -49 49 -51 -52 -53 53 -55 -56 -57 -58 -59 59 60 61 -63
leaf_value=-0.0012244982259385006 0.0012944259577545194 -0.004318600291403343 0.0062822485093941439 0.001167414094812717 -0.0010918819005403782 -0.0020447493195744661 -0.022661324457618866 0.00084359595537892521 -0.0059462555561195342 -0.00056651337361733362 -0.0023435547309256081 -0.0064913461885698449 -0.016487543803785122 0.0030672419782209934 0.00049742776936147399 0.00036432612644316382 -0.017948308081948961 -0.048689907988784316 -0.0054314066314647526 0.0033465295629361573 0.002746169477021756 0.002218548373562103 0.00051488196040320804 -0.00062591654918257465 -0.0020802658972747146 -0.049740568813725614 -8.4239310638380054e-05 -0.026441617766919404 0.00075952423348848335 -0.00043875952664087982 -0.0025697381968489657 -0.00045072647878388307 0.0010220553343203156 -0.00024164570186823957 0.00044271352502697617 0.00044350134210310383 -0.0003697577997760875 -0.00071604078178845855 -0.0060468017917646617 0.00027915676147611341 -0.0049740503752089748 0.00018980585261772686 -0.0042513719569204486 -0.00043601578694008047 -0.0015642069052435434 0.002104455626052919 -0.0082709160497790868 0.0014399949948954798 -0.013152176565073049 -0.00025597282216809075 0.0013774295192597456 -0.00021424581238017868 -0.0064998217239380495 8.1534138092055622e-05 0.00089834155971771866 0.0051734542793436837 -0.011026137053982787 -4.0218584112944597e-05 -0.023702599826590277 0.0009181008246454069 -0.0012961351716977009 -0.01958874047988507
leaf_weight=1014 11566 85 12139 2304 261 80 199 706 93 787 298 173 112 70 4238 1497 41 63 54 6474 2672 134 177 99 3784 92 351 77 4949 2568 152 597 862 126 3180 6504 524 1123 136 42 99 6434 40 290 587 103 41 7425 40 133 2515 2506 72 1018 287 49 211 52 76 200 84 46
leaf_count=1014 11566 85 12139 2304 261 80 199 706 93 787 298 173 112 70 4238 1497 41 63 54 6474 2672 134 177 99 3784 92 351 77 4949 2568 152 597 862 126 3180 6504 524 1123 136 42 99 6434 40 290 587 103 41 7425 40 133 2515 2506 72 1018 287 49 211 52 76 200 84 46
internal_value=0.0016594 -0.000328169 0.00319472 0.00267482 0.00309569 -0.00166316 -0.0048291 0.000276138 0.000623347 -0.00106905 -0.000391101 -0.00231521 -0.00312329 -0.00129952 -4.54459e-05 -0.00197491 0.000662389 -0.00593617 -0.00209709 0.00388781 0.00220965 0.00183834 -0.00238356 -0.00172332 -0.0022041 -0.0095 -0.00424409 -0.00776471 0.00207028 -0.00159805 -0.0018268 -0.00140237 6.17496e-05 -0.00387996 0.0013216 0.000654427 -0.00288957 0.000957263 -0.0075 -0.0106875 -0.00307103 0.000433982 -0.00759124 -0.00606469 -0.00171636 -0.00308249 0.000732943 0.0021983 -0.0103742 -0.00593103 0.00229108 -0.00202113 -0.00270709 -0.000384968 -0.00332859 -0.00534743 -0.00731915 -0.0107522 -0.0023012 -0.00588206 -0.00299094 -0.00916031
internal_weight=92711 40405 52306 40167 34171 16814 1731 5996 23591 3692 9618 2886 1532 15083 5280 9803 4519 281 2986 18040 16131 13459 218 9396 7858 191 761 407 12635 2661 2932 2780 1748 1032 13973 8278 651 7627 435 127 886 6732 410 370 824 690 1538 12374 309 173 5695 7667 5161 1090 4071 330 281 225 1420 406 330 130
internal_count=92711 40405 52306 40167 34171 16814 1731 5996 23591 3692 9618 2886 1532 15083 5280 9803 4519 281 2986 18040 16131 13459 218 9396 7858 191 761 407 12635 2661 2932 2780 1748 1032 13973 8278 651 7627 435 127 886 6732 410 370 824 690 1538 12374 309 173 5695 7667 5161 1090 4071 330 281 225 1420 406 330 130
is_linear=0
shrinkage=0.03


Tree=63
num_leaves=63
num_cat=0
split_feature=10 9 11 4 19 21 22 21 4 9 27 12 18 12 9 23 6 26 21 26 22 14 26 11 27 15 22 27 12 22 9 12 14 15 4 27 2 6 12 15 21 15 16 23 19 14 27 12 21 12 27 25 22 18 15 11 10 15 11 23 18 14
split_gain=286.655 68.8088 44.1695 22.3784 21.3874 20.6049 20.3237 17.203 21.4938 16.6715 15.3497 14.6258 14.0796 13.6276 13.3627 12.2623 12.0887 11.9602 11.9272 11.3417 11.2284 10.8848 12.2325 15.7095 11.7946 16.3281 11.16 10.7054 10.6808 20.5549 10.3464 10.0329 9.79352 9.63134 9.47718 12.6238 9.46373 9.27552 8.92161 8.89366 14.2722 8.70972 8.47524 9.18429 9.37514 17.0744 12.5597 9.55349 8.99737 8.388 8.29185 9.60908 10.0572 7.81338 11.962 9.15989 7.79685 9.49818 7.79217 7.96076 8.92587 7.75466
threshold=3415.6850000000004 2707.5550000000007 4000.9350000000004 1.0000000180025095e-35 55524.950000000004 3390.4900000000002 5501.8094450644849 4320.3833333333341 1.0000000180025095e-35 399.17500000000007 -0.75499999999999889 3991.9668080357146 5457.1500000000005 7941.3221205357158 4234.1350000000011 26.081250000000008 -0.44228869021900119 10.105000000000002 4083.6783333333337 10.235000000000001 5779.6069258432553 2682.4622471830062 7.1500000000000012 899.35500000000013 -0.59499999999999964 3492.784114583334 6578.6732403273827 -0.51499999999999868 5380.5178497023817 5799.6176165674615 399.17500000000007 3208.0075000000002 1568.5376324497022 5071.2422916666674 1.0000000180025095e-35 -0.37000000000000094 6.5000000000000009 -0.81241147629688992 6008.5861681547622 3145.088802083334 2476.7544444444447 3813.6906770833334 7158.6600000000008 38.006250000000009 31485.900000000005 3061.9072770635107 -0.094999999999998849 5276.7718229166676 5616.2789080459779 5538.767805059525 -0.015000000000000567 14.840000000000002 3759.4844109623023 8530.4500000000025 7426.5256250000011 3250.3400000000006 1807.9900000000002 4841.228593750001 1897.1700000000003 25.956250000000008 7544.6500000000005 1951.4205921829769
decision_type=2 2 2 2 2 2 2 2 2 2 10 2 2 2 2 2 2 10 2 10 2 2 8 2 8 2 2 8 2 2 2 2 2 2 2 8 2 2 2 2 2 2 2 2 2 2 10 2 2 2 8 8 2 2 2 2 2 2 2 2 2 2
left_child=1 4 5 6 9 39 14 32 28 10 12 30 -1 17 -4 33 18 53 -5 -19 37 24 26 27 25 -11 -23 -24 58 -30 -6 -18 -3 -8 42 -36 -37 -10 49 40 -2 -39 -25 44 47 46 -46 48 -44 -31 56 52 -52 54 55 -7 57 61 -9 60 -60 -26
right_child=2 7 3 16 11 13 15 8 20 21 -12 -13 -14 -15 -16 -17 31 19 -20 -21 -22 22 23 34 50 -27 -28 -29 29 38 -32 -33 -34 -35 35 36 -38 41 -40 -41 -42 -43 43 -45 45 -47 -48 -49 -50 -51 51 -53 -54 -55 -56 -57 -58 -59 59 -61 -62 -63
leaf_value=-0.016842144078103603 -0.0030592494952637792 0.00080634450083462818 0.0018560406000431855 -0.003369687086774216 0.0023249051797882545 -0.00076406350433682246 -0.00240682365001685 -0.0033763842899897155 -0.0062094329521817856 -0.030283722762825458 -0.0076859993795501411 -0.021880471905685442 -0.0073333141818441262 -0.0034960119363116465 0.0048755129300923688 0.0024629185239971128 -0.0078254103036114343 -0.0039793551112218056 0.00046049245345692518 -9.175845170262299e-05 0.0028190207084194219 0.00064316212551435506 0.0021927704085625715 0.00061068158964584394 -0.031493836774007196 -0.0032664663407603379 -0.0065132652405884344 -0.0094268768043097965 2.5238791222160393e-05 -0.0035348336701280453 -0.010345873237071243 0.0012795112114994825 0.00035398479686176858 0.0032245624921474888 -0.040482821061407388 -0.00044693282747409769 -0.017546800076337705 -0.0058557435217181496 0.005425333047369715 0.0015461790868424186 0.0011356512645888785 -0.00018966165677620383 0.0002760562285187843 0.00088342985555555059 -0.010210059657179171 8.1789396853881868e-05 0.0016254675974020914 -0.0024692687072322261 -0.0030595086714727119 -0.007188032081333188 -0.01510255236410603 -0.00020272139473821152 0.0001185381517801785 0.00097088051164998955 -0.013180299639331939 0.0010853204161874427 0.0010028928355077758 -0.012452859467122025 -0.0018824670835868639 0.00070936351396328802 7.467488545310703e-06 0.0006560556312946639
leaf_weight=116 68 3191 6928 125 85 1191 296 312 134 86 389 68 78 61 15249 3370 46 75 83 164 63 786 67 599 72 165 73 246 1044 131 208 1391 13147 127 44 160 79 90 46 5833 290 139 1204 498 485 300 84 1309 581 183 108 10830 73 10499 48 1731 836 41 229 5287 1001 373
leaf_count=116 68 3191 6928 125 85 1191 296 312 134 86 389 68 78 61 15249 3370 46 75 83 164 63 786 67 599 72 165 73 246 1044 131 208 1391 13147 127 44 160 79 90 46 5833 290 139 1204 498 485 300 84 1309 581 183 108 10830 73 10499 48 1731 836 41 229 5287 1001 373
internal_value=0.00164874 -6.6606e-05 0.00327266 0.00404983 -0.00137607 0.00219728 0.00426476 0.000983359 -9.76905e-05 -0.0012431 -0.0062363 -0.00860221 -0.0131077 0.00155076 0.00461187 0.00223458 0.000656136 0.00161412 -0.00608612 -0.005025 -0.00666042 -0.00109037 -0.00208564 -0.00259219 -0.00057497 -0.007 0.00124884 -0.00911465 0.000242652 -0.0021395 -0.00565306 0.00163561 0.00155628 -0.00257547 -0.00220846 -0.00754225 -0.004775 -0.00868681 -0.00831025 0.00363469 -0.000952646 -0.00498261 -0.00190871 -0.00235858 -0.00284107 -0.0055931 -0.00864211 -0.00206656 -0.000638298 -0.0101143 -0.000443652 -0.000713222 -0.00754945 0.00173229 0.000373612 0.000619911 0.00180045 -0.00121971 0.00073265 0.000954587 -0.00121852 6.72646e-05
internal_weight=92615 45040 47575 27615 20043 19960 25970 24997 8659 19682 583 361 194 13769 22177 3793 1645 13708 208 239 426 19099 6515 5656 12584 251 859 313 8233 1404 293 1437 16338 423 5343 283 239 363 360 6191 358 229 5060 4461 3963 869 569 3094 1785 314 12333 11011 181 13469 2970 2922 1322 486 6829 6517 1230 445
internal_count=92615 45040 47575 27615 20043 19960 25970 24997 8659 19682 583 361 194 13769 22177 3793 1645 13708 208 239 426 19099 6515 5656 12584 251 859 313 8233 1404 293 1437 16338 423 5343 283 239 363 360 6191 358 229 5060 4461 3963 869 569 3094 1785 314 12333 11011 181 13469 2970 2922 1322 486 6829 6517 1230 445
is_linear=0
shrinkage=0.03


Tree=64
num_leaves=63
num_cat=0
split_feature=10 11 9 9 22 15 20 20 12 17 4 8 8 13 18 12 4 11 16 22 12 15 19 4 16 8 22 18 14 8 14 21 15 26 9 26 7 26 26 26 17 12 25 15 21 14 22 7 23 12 7 25 14 11 14 12 12 4 8 8 24 16
split_gain=282.536 69.8667 40.474 25.8771 21.5659 16.8281 16.7747 14.6843 15.0761 17.4717 14.6817 17.632 22.0992 18.5573 14.1828 12.9699 17.8325 12.3141 12.0347 12.4869 11.7507 21.5 17.8183 11.3153 13.7144 16.0551 11.2177 10.9128 10.6659 10.6347 10.3513 9.6784 13.8723 14.601 9.58974 9.58633 13.3787 9.44279 13.1755 9.42531 11.5341 9.42241 11.0661 9.39174 9.35485 9.15719 12.4978 9.15104 9.58541 10.84 16.427 9.50508 9.17981 9.14596 10.8195 9.50392 9.04293 9.0062 8.92774 11.5093 8.67427 13.5168
threshold=3016.2250000000004 4000.9350000000004 1543.2150000000004 4500.7650000000012 4811.0018725198424 4616.2836979166677 -11163.499999999998 -47312.999999999993 3991.9668080357146 300.90000000000003 1.0000000180025095e-35 0.21652257995689161 0.18281312110578132 11659.900000000003 7467.6500000000005 5467.9171577380957 1.0000000180025095e-35 1326.5650000000003 6377.8450000000012 6182.1379675099215 3786.2981994047623 3122.846250000001 20222.650000000005 1.0000000180025095e-35 9999.970000000003 0.063390085881955341 2760.2143229166672 13704.400000000003 2161.391203688007 -0.99938741687870725 2506.2489176263612 4402.5397222222227 2936.3068750000007 9.6450000000000014 399.17500000000007 11.130000000000001 0.47559651477048942 6.9850000000000012 6.995000000000001 8.2500000000000018 2550.7700000000004 3009.0462723214291 16.675000000000004 4203.6208333333334 2939.688333333334 2659.4616894770511 5056.542674231152 -0.97876850416056738 38.006250000000009 4343.59824404762 -0.67166439702596292 18.665000000000003 3000.6163926188333 2208.9800000000005 2860.1106661458707 7941.3221205357158 4139.9372842261919 1.0000000180025095e-35 -0.30164489695395946 -0.28519997588938989 1.9875000000000027 6798.755000000001
decision_type=2 2 2 2 2 2 2 2 2 2 2 2 2 2 2 2 2 2 2 2 2 2 2 2 2 2 2 2 2 2 2 2 2 10 2 10 2 8 8 8 2 2 8 2 2 2 2 2 2 2 2 10 2 2 2 2 2 2 2 2 2 2
left_child=2 4 7 10 5 20 26 8 9 -1 11 12 30 -14 17 43 29 35 19 -19 -2 22 28 27 56 -26 -4 -23 -22 -17 -3 -28 -33 37 -20 36 -9 -34 -39 40 -29 -8 -43 -6 -27 -45 -47 -40 49 58 52 -52 -51 54 -31 -55 -25 -5 -49 -60 61 -32
right_child=1 3 6 57 15 -7 41 14 -10 -11 -12 -13 13 -15 -16 16 -18 18 34 -21 21 23 -24 24 25 44 31 39 -30 53 60 32 33 -35 -36 -37 -38 38 47 -41 -42 42 -44 45 -46 46 -48 48 -50 50 51 -53 -54 55 -56 -57 -58 -59 59 -61 -62 -63
leaf_value=0.0015901990943563327 0.00094872672268803701 0.0021729544436031064 -0.0015088526311263319 0.005113719949864556 -0.00010172387209907716 0.0011804967028254357 0.0017792801952333252 -0.0063799283938403241 -0.015853719739276677 -0.016931997196139609 -0.00049776331143260217 0.002291403021972711 0.00071197243412056432 -0.004427484037070069 -0.0003941869006161667 -0.012525084539482964 -0.0042253746945695629 0.00060674151367052815 -0.01360303549493604 -0.0097402259308031584 -0.0036951673299135132 0.00070760276447794611 0.0006772881621161719 -0.0073693010328311223 0.0046265701392817944 -7.7012609802448013e-05 -6.8434371152771144e-05 -0.00388090679949844 -0.00014125944105733228 -0.0040364405254723415 -0.0023844539437119536 0.00096552191090946613 0.00017044528955088378 -0.014323432420263857 -0.0042983333603516249 -0.023014703398320586 -0.023275620315551634 -0.0097122305526487866 0.0012713991290132227 0.00020969571826612041 0.00046049080982917196 -0.0035838393121344746 0.00016716047781446417 0.0024708169044545744 -0.011172668469381083 -0.00090289758091407406 0.00085086020099628553 -0.00031848337015034998 0.00013720644167489757 -0.025867153512344986 -0.0038233273126077249 0.0019885874370962307 -0.0060155223094799396 0.00044660008757297232 -0.0023961462358109299 -0.0034484762646821666 0.0022690851687808124 0.0015697701322444108 -0.013361734951557921 -0.0026737741460174176 0.0014251083627184091 0.0005770180841095468
leaf_weight=139 5564 2329 45 15515 2439 9383 389 331 68 158 762 4725 69 84 1246 66 119 705 152 48 169 4619 168 96 52 49 10777 147 65 50 264 533 1198 225 765 78 131 46 374 964 99 143 10854 1818 122 277 2608 1175 645 106 1158 82 70 1881 167 60 186 985 55 394 3533 1054
leaf_count=139 5564 2329 45 15515 2439 9383 389 331 68 158 762 4725 69 84 1246 66 119 705 152 48 169 4619 168 96 52 49 10777 147 65 50 264 533 1198 225 765 78 131 46 374 964 99 143 10854 1818 122 277 2608 1175 645 106 1158 82 70 1881 167 60 186 985 55 394 3533 1054
internal_value=0.00162659 0.00283371 -0.00064878 0.00388493 0.00184472 0.00236663 -0.000257022 -0.00354631 -0.0092623 -0.00630201 0.00287341 0.00312862 0.00220725 -0.00903896 -0.00294012 0.000651486 -0.00128498 -0.00438263 -0.00310592 -0.00029443 0.00163645 0.000793528 -0.00592556 0.00122084 -0.003083 -0.008625 -0.000857143 0.00159417 -0.0112596 -0.000676854 0.00244813 -0.000816676 -0.00177565 -0.00222138 -0.00541176 -0.00831793 -0.00664795 -0.00190271 -0.00258646 -0.000941371 -0.00617004 0.000632827 0.000470267 0.00128685 -0.0130465 0.00207015 0.00101871 -0.00240296 -0.00285676 -0.00356133 -0.00547918 -0.00425463 -0.0140339 -0.000311255 -0.00613761 0.000342945 0.00131449 0.00467063 -0.00188677 -0.00548 0.00165829 -0.000418499
internal_weight=92578 60488 32090 29320 31168 21683 28269 3821 365 297 12820 12058 7333 153 3456 9485 2343 2210 1670 753 12300 6736 402 6334 505 223 16883 5829 234 2224 7180 16838 6061 5528 917 540 462 5303 4105 1210 246 11386 10997 7142 171 4703 2885 4059 3685 3040 1416 1240 176 2158 217 1941 282 16500 1624 449 4851 1318
internal_count=92578 60488 32090 29320 31168 21683 28269 3821 365 297 12820 12058 7333 153 3456 9485 2343 2210 1670 753 12300 6736 402 6334 505 223 16883 5829 234 2224 7180 16838 6061 5528 917 540 462 5303 4105 1210 246 11386 10997 7142 171 4703 2885 4059 3685 3040 1416 1240 176 2158 217 1941 282 16500 1624 449 4851 1318
is_linear=0
shrinkage=0.03


Tree=65
num_leaves=63
num_cat=0
split_feature=10 9 9 1 20 0 16 0 1 9 21 2 14 12 21 21 1 16 7 12 1 21 6 18 1 27 10 24 7 18 25 15 14 12 1 0 1 0 18 20 17 12 7 10 7 9 14 25 12 1 23 16 12 25 12 18 27 2 16 16 12 7
split_gain=264.92 62.0627 43.866 48.2241 22.1717 21.3018 20.9858 19.7409 18.8934 17.0039 16.9883 16.3559 16.1141 15.1393 19.5377 13.3905 12.4967 16.2463 14.7405 12.8919 10.7251 25.1342 19.4669 12.6756 16.3302 19.4934 15.4165 10.1973 10.0145 16.0188 9.97485 14.7248 9.78321 9.41817 9.57471 9.32909 9.23712 9.2247 9.65597 9.11956 8.88945 9.77513 16.2232 9.75972 8.81938 8.42796 8.3585 13.0871 9.09529 8.35237 11.8473 8.33375 23.9911 10.7362 10.5429 8.3398 8.2997 8.29456 14.6116 8.15023 8.11565 18.0794
threshold=3452.8750000000005 2767.2650000000003 5484.7000000000016 5.5000000000000009 -47312.999999999993 21.500000000000004 4590.4300000000012 34.500000000000007 5.5000000000000009 399.17500000000007 3811.0033333333336 3.5000000000000004 3417.5068228327432 5518.6280729166674 5639.8416666666672 3329.2000000000007 4.5000000000000009 6999.8350000000009 -0.40614700388750385 4343.59824404762 1.5000000000000002 2342.2266666666669 -0.44228869021900119 9255.9500000000025 5.5000000000000009 -0.60000000000000042 999.46000000000015 2.4500000000000015 0.47559651477048942 5567.5500000000002 17.275000000000002 2646.4134375000008 3187.6562207192151 5934.0171279761917 2.5000000000000004 73.500000000000014 4.5000000000000009 35.500000000000007 13892.250000000002 -11310.299999999997 2870.4150000000004 5025.6062425595255 -0.94705910369513524 7000.8950000000013 0.23537774960157334 3501.1550000000002 2175.0707049436651 20.555000000000003 4818.3413392857155 5.5000000000000009 38.006250000000009 4129.4000000000005 4089.4544568452388 16.675000000000004 5293.2001041666672 6088.7500000000009 1.0000000180025095e-35 10.500000000000002 4199.8350000000009 9999.970000000003 4865.5407142857157 0.97696484778429815
decision_type=2 2 2 2 2 2 2 2 2 2 2 2 2 2 2 2 2 2 2 2 2 2 2 2 2 8 2 2 2 2 10 2 2 2 2 2 2 2 2 2 2 2 2 2 2 2 2 8 2 2 2 2 2 8 2 2 10 2 2 2 2 2
left_child=1 4 3 5 8 6 11 -5 12 28 59 -2 -1 16 39 -9 18 19 -3 -18 21 30 23 24 33 -26 -27 40 -6 -30 44 -32 -16 -22 -35 36 57 -19 -39 -15 41 -12 -43 -44 -11 -38 48 -48 -20 -4 -51 52 -23 -53 -55 -56 -17 -7 -59 60 -8 -62
right_child=2 13 49 7 9 35 10 15 -10 20 27 -13 -14 14 32 56 17 37 46 -21 22 51 -24 -25 25 26 -28 -29 29 -31 31 -33 -34 34 -36 -37 45 38 -40 -41 -42 42 43 -45 -46 -47 47 -49 -50 50 -52 53 -54 54 55 -57 -58 58 -60 -61 61 -63
leaf_value=-0.0039935042422877204 -0.0030703744061162351 0.00025260323199981422 0.0070209793630158042 0.0011167742837346684 -0.0067649782983592831 0.0016588790601074527 0.0012776354754740077 0.00053692972315520543 -0.021909892588267123 -0.0012314371194538042 6.1167596201305114e-05 -0.0010928438763459804 -0.015364066246255213 -0.0057638059370963644 -0.0059570476587086666 -0.00065906142744037071 -0.00034057943505953802 0.00057219862912023518 0.0010649153240102523 -0.0055363323287784929 -0.0013796972466108728 0.00045641273789838314 5.2652811342931936e-05 -0.000378600211481417 -0.041067234076581478 -0.024202660463162141 -0.0040674100595512359 0.0013402128160944155 -0.017219652030505201 -0.0068928537254356655 -0.001922984512140849 0.00041674280328368968 0.00015069231330126242 0.00057523858452702557 -0.029841708029711631 0.0025485760130473144 -0.00060644271359246355 4.7954562005071612e-05 -0.00093448683179754555 0.00013296649825882592 0.0017696354580911838 0.00034760454639994303 -0.0036306375096490603 0.0026539248444199552 -1.0138988706920076e-06 0.00097687815201310678 -0.00035315036426818212 0.0007389597130621592 -0.00082939142450300974 0.0029703051170100634 -0.0018764983005385716 -0.0014474601846784611 -0.013877997727913795 0.0008728388535863879 -0.0045544872650424666 9.5182098100560984e-05 -0.0023972026953419804 -0.0030436515670115398 0.0026264015949862924 0.002085883296828715 0.00082361367255621499 -0.0053508577695227039
leaf_weight=254 50 6679 8861 2152 309 10358 620 639 64 626 742 165 48 118 255 2334 173 2463 3579 163 3998 313 4354 3862 69 71 1112 2114 113 110 71 294 106 53 89 6150 447 2482 537 2094 363 220 315 52 184 2328 1030 4882 119 3198 58 603 94 4216 158 424 272 42 2545 2070 168 65
leaf_count=254 50 6679 8861 2152 309 10358 620 639 64 626 742 165 48 118 255 2334 173 2463 3579 163 3998 313 4354 3862 69 71 1112 2114 113 110 71 294 106 53 89 6150 447 2482 537 2094 363 220 315 52 184 2328 1030 4882 119 3198 58 603 94 4216 158 424 272 42 2545 2070 168 65
internal_value=0.00161271 4.41845e-06 0.00321544 0.00266591 -0.00117431 0.00315336 0.0017054 6.33568e-05 -0.00848501 -0.00104724 0.00200059 -0.0075 -0.00530693 0.00103075 -0.00114685 -0.00141405 0.00128424 9.07372e-05 0.0017105 -0.00630267 -0.000910256 4.55326e-05 -0.00140069 -0.00217893 -0.00311849 -0.00611971 -0.00520439 0.000679275 -0.00633771 -0.0111696 -0.00395408 0.000163934 -0.00760773 -0.00220961 -0.00977622 0.003613 0.00322499 0.000483677 -0.000627815 -8.94713e-05 -0.00105611 -0.00219248 -0.00508163 -0.00893478 -0.00580764 0.00165346 0.0024628 0.00176256 0.00358151 0.00476663 0.00346515 0.000855225 -0.00327941 0.00116735 0.00164159 -0.00214065 -0.00236824 0.00356172 0.00508192 0.00372025 0.00125059 -0.00351282
internal_weight=92497 46169 46328 34211 21489 28814 6944 5397 366 21123 6729 215 302 24680 2573 3245 22107 5818 16289 336 20591 6983 13608 9254 5392 1252 1183 3806 532 223 1175 365 361 4140 142 21870 15720 5482 3019 2212 1692 1329 587 367 810 2775 9610 5912 3698 12117 3256 5808 407 5401 4798 582 2606 12945 2587 2923 853 233
internal_count=92497 46169 46328 34211 21489 28814 6944 5397 366 21123 6729 215 302 24680 2573 3245 22107 5818 16289 336 20591 6983 13608 9254 5392 1252 1183 3806 532 223 1175 365 361 4140 142 21870 15720 5482 3019 2212 1692 1329 587 367 810 2775 9610 5912 3698 12117 3256 5808 407 5401 4798 582 2606 12945 2587 2923 853 233
is_linear=0
shrinkage=0.03


Tree=66
num_leaves=63
num_cat=0
split_feature=9 10 9 21 9 1 1 10 1 1 6 4 1 23 0 23 12 14 12 14 8 2 7 15 8 4 23 21 12 25 1 10 4 15 18 7 15 4 0 15 8 2 0 18 15 2 1 8 6 18 0 1 14 8 18 20 14 4 7 23 7 7
split_gain=261.635 49.1493 48.7602 34.5845 23.3693 26.8624 17.9398 17.6031 17.2832 16.1404 14.7369 14.0441 12.2097 14.5448 10.678 10.4711 12.8603 12.8207 10.3129 13.5793 10.2568 19.2812 10.1969 10.1434 12.3924 10.0046 13.9141 9.7432 9.60966 18.3252 10.8839 14.3888 14.0368 16.1368 13.2669 10.6309 16.3363 9.52977 11.8586 29.7121 11.7095 13.3804 20.4853 9.66745 18.8666 12.8802 9.54973 9.17838 11.7839 10.0444 8.82783 13.4098 8.75037 8.72508 8.60577 8.46707 8.53638 8.45704 8.85282 10.1095 8.22961 8.15486
threshold=3313.5500000000006 2782.6750000000006 5100.3550000000005 4354.5666666666675 1543.2150000000004 5.5000000000000009 4.5000000000000009 999.46000000000015 3.5000000000000004 5.5000000000000009 -0.70710678118654757 1.0000000180025095e-35 5.5000000000000009 38.73125000000001 73.500000000000014 32.35625000000001 4920.8524851190477 3218.8625791712007 5813.7301413690484 2239.4475221736966 -0.99864786094873803 6.5000000000000009 0.78325454425165997 4609.8743229166676 0.48126256173783166 1.0000000180025095e-35 22.856250000000006 5168.2816666666677 5260.9753199404777 17.485000000000003 1.0000000180025095e-35 350.65000000000003 1.0000000180025095e-35 2396.9679687500006 6983.6500000000005 0.1849296026015865 3211.1236979166674 1.0000000180025095e-35 23.500000000000004 2844.7857812500001 0.097680735332368748 10.500000000000002 31.500000000000004 10386.550000000001 3502.3786458333338 9.5000000000000018 3.5000000000000004 0.063390085881955341 0.63405362205439486 8942.4500000000025 56.500000000000007 1.0000000180025095e-35 2181.4176758477702 0.080547328232315238 11913.35 -9879.4999999999982 2937.4342249091283 1.0000000180025095e-35 -0.58482361983252518 18.743750000000006 0.97875492728876534 -0.38242426011641079
decision_type=2 2 2 2 2 2 2 2 2 2 2 2 2 2 2 2 2 2 2 2 2 2 2 2 2 2 2 2 2 8 2 2 2 2 2 2 2 2 2 2 2 2 2 2 2 2 2 2 2 2 2 2 2 2 2 2 2 2 2 2 2 2
left_child=1 4 3 6 5 28 37 -7 25 11 61 14 -4 -14 15 16 -5 20 19 -13 21 -18 52 24 -8 50 -27 55 30 -30 31 -1 -33 -34 35 -32 -37 38 39 53 -39 42 -42 44 45 -41 54 -28 49 -49 -3 -52 -22 -2 -44 56 -6 58 -26 -60 -58 -10
right_child=2 8 12 9 27 7 23 -9 10 -11 -12 18 13 -15 -16 -17 17 -19 -20 -21 22 -23 -24 -25 57 26 47 -29 29 -31 34 32 33 -35 -36 36 -38 40 -40 43 41 -43 46 -45 -46 -47 -48 48 -50 -51 51 -53 -54 -55 -56 -57 60 -59 59 -61 -62 -63
leaf_value=-0.0092529654615559741 -0.00081390669332727535 0.00037644884511753285 0.0064816802383531776 0.0010278821811591863 -9.2814327005094304e-05 -0.020378142264892141 0.00088634775097504149 -0.01408009173746482 -0.0018324660952095287 -0.00054486109962772187 0.00021897713746497032 -0.0063624719013911056 0.002412040441536156 -0.0042370644560853947 0.0036834026943267199 0.001591890179758038 -0.011875357282933036 -0.0023245085131706508 -0.0022635987046618969 0.00049557701131298568 -0.0024608084148541464 0.0008337986856187269 -0.003063902215224026 0.0012480301397392402 0.00098215591111276571 0.001243587766967215 -0.00070236240584301175 -0.0013384094158386073 -0.025103455511435856 -0.0035688971504956868 -0.0059326060186711662 0.0012525088578096159 -0.047486091144470638 0.0033115099448207128 -0.0012982538694581737 -0.014897473710981792 0.0051559556483272038 0.0018442915251049531 0.0018938269180848806 -5.7121788804786244e-05 0.0011636388543133686 0.0020119416465943507 -0.0034923984460136603 0.0021812900284038607 0.0012140220595322879 -0.0035452508400561555 -0.012900241672313077 -0.013380710376159446 0.0011444141789469584 -0.0042564185041941011 0.0029568880161008294 0.00041257839832053582 0.00059857849935430313 -0.002832006170503555 0.0010984690029592946 0.0003736260356864732 -0.00098450404951156865 -0.0042445616321920513 2.647382907554595e-05 -0.0011364232495366324 -0.005702808887703914 -0.0004330704714467849
leaf_weight=40 57 7626 10733 3613 10255 167 1986 263 752 2129 5475 51 3545 53 1178 2793 86 312 103 440 78 86 54 3024 452 230 220 3844 55 233 653 885 56 56 1083 137 42 573 11646 104 149 177 143 1890 1616 82 42 71 40 83 1775 2007 2504 71 53 2471 1297 58 619 419 78 1768
leaf_count=40 57 7626 10733 3613 10255 167 1986 263 752 2129 5475 51 3545 53 1178 2793 86 312 103 440 78 86 54 3024 452 230 220 3844 55 233 653 885 56 56 1083 137 42 573 11646 104 149 177 143 1890 1616 82 42 71 40 83 1775 2007 2504 71 53 2471 1297 58 619 419 78 1768
internal_value=0.0016021 -0.000161006 0.00304466 0.00246353 -0.00115331 -0.00333424 0.00316579 -0.0103712 0.000908919 0.00125201 -0.000172586 0.00170351 0.00452805 0.00301417 0.00195273 0.00161919 0.000978319 -0.000432554 -0.00278319 -0.000963415 0.000209327 -0.00686705 0.000673493 0.00183687 0.00074512 0.00162632 -0.0020093 -0.000707121 -0.00239741 -0.00761938 -0.00188554 0.000589595 0.00130461 -0.00865487 -0.00322547 -0.00607203 -0.0125333 0.00369056 0.00388543 0.00243392 0.00103866 -0.00202832 -0.00514948 0.0029277 0.00135441 -0.00766845 -0.0105941 -0.00529157 -0.0100308 -0.0137806 0.00183171 0.00301665 0.000945412 -0.0117209 -0.00773604 -0.000342079 -0.000680939 -0.00126662 -0.00082495 -0.00235034 -0.00289971 -0.00207061
internal_weight=92581 41662 50919 36588 21615 3670 23161 430 20047 13427 7995 11298 14331 3598 10704 9526 6733 3120 594 491 2808 172 2636 6558 3534 12052 644 17945 3240 288 2952 1037 997 112 1915 832 179 16603 15466 3820 1137 564 387 3692 1802 186 238 414 194 154 11408 3782 2582 128 196 14101 11630 1548 1490 1038 1375 2520
internal_count=92581 41662 50919 36588 21615 3670 23161 430 20047 13427 7995 11298 14331 3598 10704 9526 6733 3120 594 491 2808 172 2636 6558 3534 12052 644 17945 3240 288 2952 1037 997 112 1915 832 179 16603 15466 3820 1137 564 387 3692 1802 186 238 414 194 154 11408 3782 2582 128 196 14101 11630 1548 1490 1038 1375 2520
is_linear=0
shrinkage=0.03


Tree=67
num_leaves=63
num_cat=0
split_feature=11 10 9 1 21 4 20 12 0 9 1 14 21 18 1 16 27 18 16 12 0 23 12 17 17 7 16 7 22 22 0 21 1 4 27 17 18 25 12 21 18 12 12 23 20 10 14 17 12 18 17 12 12 16 7 21 4 0 22 21 1 11
split_gain=248.544 70.5172 42.0674 29.8789 29.8692 26.7049 26.7012 17.1968 16.7305 15.6323 15.0733 17.836 14.8311 13.295 11.0075 11.005 10.9214 13.8222 10.7554 11.7774 10.5522 11.6186 12.8622 12.451 12.6773 11.6263 10.1165 13.0241 13.8125 13.5534 9.7291 9.39639 14.7917 19.2621 24.0665 18.3591 15.9092 10.7641 11.2543 9.23213 12.419 12.669 8.83788 8.74181 8.6309 8.52708 8.29764 8.17211 9.06232 8.05403 10.1101 8.04832 9.60171 7.96003 8.46397 13.9161 9.08145 8.34767 8.26466 7.89726 7.82685 9.58082
threshold=3500.0650000000005 2768.8200000000002 5179.4000000000005 5.5000000000000009 4642.7366666666676 1.0000000180025095e-35 -47312.999999999993 7837.2118005952389 29.500000000000004 399.17500000000007 5.5000000000000009 3417.5068228327432 2939.688333333334 8398.6500000000033 3.5000000000000004 7835.1050000000005 -0.75499999999999889 5457.1500000000005 3800.2950000000005 4118.9805059523815 71.500000000000014 29.231250000000006 4920.8524851190477 1999.7450000000001 1499.2000000000003 -0.35041564478062465 9909.4450000000015 0.95752911693909493 3011.0975062003977 3361.6896323164688 57.500000000000007 4402.5397222222227 5.5000000000000009 1.0000000180025095e-35 -0.37000000000000094 1999.1750000000004 5350.6500000000005 16.750000000000004 3748.5261830357144 5934.8316666666669 11283.800000000001 5467.9171577380957 5260.9753199404777 28.781250000000004 -22217.199999999993 3790.1600000000003 2790.0159283677176 1399.8600000000004 4177.2361086309529 6535.6000000000013 1999.4700000000003 5644.8642485119062 5978.7746130952391 4685.045000000001 -0.8781231054254196 2342.2266666666669 1.0000000180025095e-35 39.500000000000007 5515.8631963045646 5255.0750000000007 3.5000000000000004 1439.2300000000002
decision_type=2 2 2 2 2 2 2 2 2 2 2 2 2 2 2 2 10 2 2 2 2 2 2 2 2 2 2 2 2 2 2 2 2 2 8 2 2 8 2 2 2 2 2 2 2 2 2 2 2 2 2 2 2 2 2 2 2 2 2 2 2 2
left_child=1 6 4 7 5 18 10 13 -7 16 11 -1 -5 30 44 47 17 -8 19 -2 21 22 -6 24 -24 49 -10 28 -28 -30 51 -11 33 43 -35 36 -36 38 -34 -14 41 -41 -27 60 -15 -20 -31 -16 -49 -26 -51 53 -53 -3 55 -55 -57 -58 -56 -18 61 -33
right_child=2 3 -4 12 20 8 9 -9 26 31 -12 -13 39 14 15 -17 59 -19 45 -21 -22 -23 23 -25 25 42 27 -29 29 46 -32 32 37 34 35 -37 -38 -39 -40 40 -42 -43 -44 -45 -46 -47 -48 48 -50 50 -52 52 -54 54 58 56 57 -59 -60 -61 -62 -63
leaf_value=-0.0049310350587488732 0.0015118448959600846 -0.0034293181411449978 0.0053565444678271724 0.0005837306139075876 0.00063319947297936659 0.0011488410017640254 -0.019539454525536459 -0.003086132891774515 0.00041463977463041066 -0.00010783252352475569 -0.022637087650957663 -0.01445592250112477 -0.00033431866129336475 -0.0019097851396150866 -0.0026072858276600906 0.00042957049305028782 -0.0097255327747766164 -0.0058050840652348152 0.0010238122382847637 -0.0032287915512588892 0.002290045385696173 0.0011669230666264095 9.4968023567104109e-05 -4.8124859563672947e-05 -0.0056691563377995885 -0.002059560863091431 0.001131747295889935 0.0024229077249811686 -0.0051015665603464698 1.8832941348658317e-05 0.0010323878324708883 -0.021743121606298706 -0.029531407295847297 -0.050188042511068155 -0.018150125953303495 -0.021666317152274857 0.0019687195400075056 -0.0035779268877612529 -0.010048214421342638 -0.0028900973678777312 0.00096470656143986017 -0.012549487680155994 0.00063722509134691164 -0.0002060940857895267 0.0008814866729979832 0.0021824796709589592 -0.002391404083048112 0.0029904829021728781 -0.001288019618687161 -0.0012166429681855844 -0.0028287851459015156 -0.0047104169303294821 0.00016220025888140168 -0.0036816925797005986 0.00058785348611976624 -2.3435656937567257e-05 -0.00058826210532082507 -0.018872108538526333 -0.00081184111860343544 0.0024668170251989706 -0.0035091593585044761 -0.00027179409983032701
leaf_weight=246 48 162 13156 1105 1859 552 111 55 332 11561 62 54 4007 46 47 5445 202 77 8918 43 1717 3749 283 1076 97 102 111 81 158 103 1248 80 82 84 42 45 181 1041 68 294 163 132 187 5451 9477 11995 55 70 83 147 58 316 288 53 2395 1143 48 53 385 139 329 773
leaf_count=246 48 162 13156 1105 1859 552 111 55 332 11561 62 54 4007 46 47 5445 202 77 8918 43 1717 3749 283 1076 97 102 111 81 158 103 1248 80 82 84 42 45 181 1041 68 294 163 132 187 5451 9477 11995 55 70 83 147 58 316 288 53 2395 1143 48 53 385 139 329 773
internal_value=0.00158839 7.97162e-05 0.0031918 0.00108824 0.00259933 0.00319221 -0.00124107 0.00160422 -0.000831299 -0.00109656 -0.00930579 -0.00647841 -0.000840758 0.00164788 0.00212328 0.00107333 -0.00618113 -0.0119683 0.00345889 -0.00678261 0.00116753 0.000685011 -0.00048189 -0.0021835 -0.00484114 -0.00733784 -0.00349584 -0.00615324 -0.00824299 -0.0114322 0.000463887 -0.000959976 -0.00173829 -0.00121099 -0.00803966 -0.00361338 -5.35714e-05 -0.00482718 -0.0123179 -0.00159104 -0.00509492 -0.00778454 -0.00302069 -0.000847453 0.00274549 0.00350378 -0.00516981 -0.0058209 -0.00241558 -0.0114455 -0.00800971 -0.000144922 -0.00338182 0.000316981 0.000576753 -0.00142373 -0.000775904 -0.00935294 0.00151025 -0.00296491 -0.00318512 -0.00166511
internal_weight=92470 47643 44827 27015 31671 22396 20628 21314 1392 20266 362 300 5701 21259 15168 5645 529 188 21004 91 9275 7558 3809 1950 874 591 840 508 427 316 6091 19737 8176 6985 352 268 223 1191 150 4596 589 426 289 6633 9523 20913 158 200 153 302 205 4843 604 4239 4077 1297 1244 101 2780 341 1182 853
internal_count=92470 47643 44827 27015 31671 22396 20628 21314 1392 20266 362 300 5701 21259 15168 5645 529 188 21004 91 9275 7558 3809 1950 874 591 840 508 427 316 6091 19737 8176 6985 352 268 223 1191 150 4596 589 426 289 6633 9523 20913 158 200 153 302 205 4843 604 4239 4077 1297 1244 101 2780 341 1182 853
is_linear=0
shrinkage=0.03


Tree=68
num_leaves=63
num_cat=0
split_feature=11 10 10 1 20 22 4 22 4 1 22 7 22 11 14 16 14 27 4 1 14 24 22 1 6 0 22 1 27 7 4 7 7 12 10 26 4 24 6 16 12 12 22 22 15 0 15 20 0 11 22 14 1 19 6 26 16 7 27 26 20 14
split_gain=236.252 56.1994 39.7604 29.3883 24.122 18.8468 17.0934 15.7949 19.3601 16.5651 19.2942 17.478 25.2042 20.8225 15.6227 19.3829 15.308 15.1604 14.7542 14.1867 17.7827 12.7889 12.1184 12.1081 15.9147 11.8571 11.9278 13.2627 11.0377 12.2422 10.9014 14.0994 10.8325 13.1136 12.273 10.8164 10.4426 19.2628 14.2257 13.543 13.8742 10.4361 15.6265 11.7471 11.7296 10.4088 10.393 15.3463 12.1069 10.3828 10.1987 10.3936 9.96155 9.90843 9.41169 9.16653 8.82743 12.8549 13.1275 13.6404 13.1953 11.718
threshold=3460.0800000000004 2782.6750000000006 3790.1600000000003 3.5000000000000004 -47312.999999999993 5425.7117466517875 1.0000000180025095e-35 5150.2051847718258 1.0000000180025095e-35 5.5000000000000009 5295.8529079861119 0.47559651477048942 5612.9974038938499 999.35500000000013 1568.5376324497022 6999.8350000000009 2046.4841751618239 -0.71499999999999975 1.0000000180025095e-35 5.5000000000000009 3417.5068228327432 4.0062499999999988 3098.2116592954339 5.5000000000000009 -0.19509032201612839 31.500000000000004 5474.1066542658737 4.5000000000000009 -0.37000000000000094 -0.082689790342551819 1.0000000180025095e-35 -0.97876850416056738 -0.41398024697495356 5416.4018303571438 3550.6750000000006 10.175000000000002 1.0000000180025095e-35 1.9875000000000027 0.52778511650980109 8000.505000000001 3569.0320312500007 5056.7896279761908 4300.8460255456357 4178.4633705357146 6176.4288541666683 21.500000000000004 5071.2422916666674 -2728.8499999999999 4.5000000000000009 4385.9350000000004 2868.8164880952386 1769.4121038945525 5.5000000000000009 29524.700000000001 -0.83146961230254512 9.7650000000000023 9999.970000000003 -0.50556189049999822 -0.44500000000000023 7.3850000000000007 -32413.25 2837.5634964055084
decision_type=2 2 2 2 2 2 2 2 2 2 2 2 2 2 2 2 2 8 2 2 2 2 2 2 2 2 2 2 8 2 2 2 2 2 2 10 2 2 2 2 2 2 2 2 2 2 2 2 2 2 2 2 2 2 2 10 2 2 8 8 2 2
left_child=1 4 18 32 19 6 49 41 9 11 -11 56 13 -13 -5 16 -16 -12 22 20 -1 45 -2 -23 -25 50 27 -27 -10 -30 35 -32 34 -34 36 -29 38 -38 -3 40 -40 42 43 -6 -43 46 47 -7 -49 52 51 -17 -4 -45 -20 -56 -9 58 -58 -60 -61 -62
right_child=2 3 5 14 7 21 -8 8 28 10 17 12 -14 -15 15 25 -18 -19 54 -21 -22 23 -24 24 -26 26 -28 30 29 -31 31 -33 33 -35 -36 -37 37 -39 39 -41 -42 44 -44 53 -46 -47 -48 48 -50 -51 -52 -53 -54 -55 55 -57 57 -59 59 60 61 -63
leaf_value=-0.0043476472752435654 0.0011945060793066714 0.00062347774605697531 0.0021472197381745281 0.00081259045737719804 -0.00013131058975941618 0.0013261296178316262 0.00047397651455007261 0.00066263474230112578 -0.047977250692602252 -0.021066526751283562 -0.039694893830084517 -0.026482224158344812 -0.017594155979211011 0.00085695887495819477 -0.0036398492803083782 0.0011431418081703601 -0.0011241934295509743 -0.0025865043104372387 -0.0056585188108391393 -0.02154921971713606 -0.01402283991887332 0.0034134432523868575 0.00068658491157845179 -0.0039125801883119447 0.00069820340566074046 0.00065129416139513951 -0.002707323516399531 -0.00020615908761363635 -0.015101469183502015 0.0025586045130035055 0.0014033591034291137 -0.0071530525705532089 0.00093370758185963403 9.8478381948791484e-06 0.0017747012121819502 -0.0017010845861439045 0.00071343936690875399 -0.0053582539693965477 -0.00040378713197351612 4.7664488654301277e-05 -0.0033280992142337685 -0.002093922524462053 0.00084714608439581944 -0.00021125616449280241 0.00032174327989538143 0.0017297736793599305 0.0020758779071755116 -0.0005357945678178145 -0.0044277669942285941 0.0038139140367956163 0.00048513683282235421 -0.00068437401694695552 0.00065085682443011457 -0.010776246123364306 0.00012864817910328898 -0.0076016221400112237 0.00067105983839781656 0.00019676162660626855 -0.012839642966417006 -0.026408614624790456 -0.00061025049773554961 -0.0066593003202698123
leaf_weight=254 3480 2334 7132 1474 10170 148 1580 1276 87 140 41 64 185 303 154 50 307 669 103 62 52 2607 11026 95 534 1611 932 4033 69 57 53 107 6645 1398 1223 165 143 116 224 703 178 1170 2160 72 550 895 326 162 240 15588 3266 114 2035 67 680 59 425 1693 135 59 738 178
leaf_count=254 3480 2334 7132 1474 10170 148 1580 1276 87 140 41 64 185 303 154 50 307 669 103 62 52 2607 11026 95 534 1611 932 4033 69 57 53 107 6645 1398 1223 165 143 116 224 703 178 1170 2160 72 550 895 326 162 240 15588 3266 114 2035 67 680 59 425 1693 135 59 738 178
internal_value=0.00155778 2.9538e-05 0.00306033 0.000979747 -0.00112995 0.00367297 0.00399377 -0.000991777 -0.00226569 -0.00194413 -0.00581669 -0.00129207 -0.0063255 -0.00176087 -7.28785e-05 -0.000468637 -0.00648052 -0.00379747 0.00180911 -0.00873171 -0.00603909 0.00198522 0.00203323 0.00310658 -0.000628571 -0.000199768 -0.000916256 -0.000423116 -0.0111308 -0.00538583 -0.00128286 -0.0089441 0.00197563 0.0026539 0.000866721 -0.000988807 4.86618e-06 -0.00579231 0.000443023 -0.00235986 -0.00674442 -0.000442283 -0.000140016 -0.000626188 -0.00263219 -6.43341e-05 -0.00238769 -0.00490018 -0.00793548 0.00418686 0.00124162 -0.00603636 0.00338482 -0.00925714 -0.00204982 -0.000859459 -0.000673918 -0.00150883 -0.00349609 -0.00521152 -0.00396516 -0.0030687
internal_weight=92596 45906 46690 25230 20676 31342 26335 20308 6119 5906 850 5056 552 367 12266 10792 461 710 15348 368 306 5007 14506 3236 629 10331 6901 5969 213 126 4358 160 12964 8043 4921 4198 3698 259 3439 1105 402 14189 12469 10309 1720 1771 876 550 402 24755 3430 164 9167 139 842 739 4504 3228 1535 1110 975 916
internal_count=92596 45906 46690 25230 20676 31342 26335 20308 6119 5906 850 5056 552 367 12266 10792 461 710 15348 368 306 5007 14506 3236 629 10331 6901 5969 213 126 4358 160 12964 8043 4921 4198 3698 259 3439 1105 402 14189 12469 10309 1720 1771 876 550 402 24755 3430 164 9167 139 842 739 4504 3228 1535 1110 975 916
is_linear=0
shrinkage=0.03


Tree=69
num_leaves=63
num_cat=0
split_feature=10 9 9 21 20 4 8 11 14 7 4 7 14 17 9 26 0 15 21 12 12 7 21 7 12 0 17 21 15 11 12 25 12 18 11 12 14 19 7 7 12 15 4 8 21 20 15 18 14 17 17 26 14 8 15 15 12 25 14 14 25 17
split_gain=231.636 60.5476 40.8132 24.7753 19.3884 17.6809 18.6954 15.7104 13.7583 20.1613 16.6019 14.5502 12.9698 19.4501 12.8851 12.3534 12.0333 11.1036 13.2175 10.0737 11.736 16.2488 10.2053 9.73996 9.57078 12.0292 9.57047 9.44129 11.172 9.25797 9.11317 13.1219 8.94855 8.57077 9.41604 11.9199 11.2749 10.9097 8.50446 16.3874 11.9005 9.35206 16.533 10.8378 14.0089 10.5826 9.11378 9.49265 8.86943 10.1959 9.1601 8.40026 8.37568 9.53536 8.19705 9.84471 8.77663 8.03987 7.9272 7.84658 7.78689 7.77244
threshold=3452.8750000000005 2528.9750000000004 5484.7000000000016 3390.4900000000002 -47312.999999999993 1.0000000180025095e-35 0.063390085881955341 3300.1550000000002 2708.8530989947026 0.97696484778429815 1.0000000180025095e-35 -0.99866806308218525 3417.5068228327432 300.90000000000003 562.85500000000013 8.7650000000000023 23.500000000000004 3145.088802083334 2529.2541025641026 3748.5261830357144 5416.4018303571438 -0.95754239937548935 5848.4116666666678 0.99939377080793557 4612.6460267857155 13.500000000000002 3000.3100000000009 5639.8416666666672 7426.5256250000011 899.35500000000013 5056.7896279761908 17.485000000000003 5070.8265922619057 5929.9000000000005 3624.6200000000003 5225.7461979166683 2373.0882476996326 15047.35 -0.38242426011641079 -0.45274443793211405 3500.7538764880951 3611.0264062500005 1.0000000180025095e-35 0.097680735332368748 4542.1866666666674 -17501.449999999993 4161.3992187500007 6896.5500000000011 1996.2068272364488 500.78500000000008 1800.1150000000002 11.325000000000001 3187.6562207192151 -0.83375966452616657 4203.6208333333334 4102.1596875000005 5416.4018303571438 18.285000000000004 2955.3593467312257 2422.8618518063972 20.445000000000004 99.315000000000012
decision_type=2 2 2 2 2 2 2 2 2 2 2 2 2 2 2 8 2 2 2 2 2 2 2 2 2 2 2 2 2 2 2 8 2 2 2 2 2 2 2 2 2 2 2 2 2 2 2 2 2 2 2 8 2 2 2 2 2 8 2 2 10 2
left_child=1 4 3 17 12 7 -7 54 11 10 19 24 13 -1 29 -8 60 18 -2 51 -21 -22 -23 27 25 -3 33 -18 -29 -6 38 -32 -33 -13 35 -35 -37 -38 39 41 -41 43 48 59 -45 -44 47 -42 50 -50 -43 -10 53 -24 55 -5 -56 -34 -12 -16 -9 -31
right_child=2 8 -4 5 14 6 15 16 9 -11 58 26 -14 -15 30 -17 23 -19 -20 20 21 22 52 -25 -26 -27 -28 28 -30 61 31 32 57 34 -36 36 37 -39 -40 40 46 42 45 44 -46 -47 -48 -49 49 -51 -52 -53 -54 -55 56 -57 -58 -59 -60 -61 -62 -63
leaf_value=0.0019640493559961135 -0.0022904440843635903 0.00066436062892270896 0.005204651905859321 -0.00025652422614594745 -0.018857594088282151 0.00037495926097562274 0.0030652345277552319 0.0007076900583595459 0.00042353999978382947 -0.00516689863260453 -0.0036783940499865251 -0.00147617859552278 -0.018237161345561786 -0.0160408859401685 0.0021066339223082512 -0.0028938017297343989 0.0016193774605459189 0.0017022444713687703 0.00076510475974534537 0.00056537763436441391 -0.0054486029941712222 -8.4579946433446453e-06 -0.0073938201622489258 -0.00095061885014027575 0.00040648106219832303 -0.0067143340908982956 0.0011744788661645559 0.001069176013074093 -0.011328925877954336 0.0041933720982996409 -0.0248919681417831 -0.0050563945013485856 0.0027543558305774467 0.00027998071461327262 0.0010961029415511793 -0.0024326056715747403 -0.0018748210133845778 0.0015151076542805121 -6.5950974000227213e-06 0.00038881148008381258 -0.00068833444743182767 -0.01074072911306471 -0.049401979827898783 -0.00033829608488402773 -0.011263899487733795 -0.0085294358742069587 -0.0006004586246781264 -0.0052841086292725438 -0.021245501016274104 -0.00047189806576267981 -0.00073877922127061398 -0.0024353569021141165 0.00019552457533741934 0.0026825586419482635 0.0011392127814579928 -0.0024487351450145937 -0.00055418917939308824 -0.001880580432136575 0.0010054740909853678 -0.00030021469387669914 -0.0012333175866922094 -0.0081355433852698476
leaf_weight=140 124 41 12116 1029 151 880 63 4196 81 94 314 453 53 167 619 393 11154 10528 721 4336 66 2742 166 95 114 85 1444 1948 73 125 51 64 142 15908 3008 57 60 96 6766 62 44 92 57 2585 124 44 65 145 76 1558 243 110 124 50 2193 152 816 1940 85 825 97 563
leaf_count=140 124 41 12116 1029 151 880 63 4196 81 94 314 453 53 167 619 393 11154 10528 721 4336 66 2742 166 95 114 85 1444 1948 73 125 51 64 142 15908 3008 57 60 96 6766 62 44 92 57 2585 124 44 65 145 76 1558 243 110 124 50 2193 152 816 1940 85 825 97 563
internal_value=0.00151647 9.75377e-06 0.00300882 0.00248214 -0.001433 0.00191745 -0.00143156 0.0021232 0.000828402 -0.000218142 -5.64706e-05 0.00123036 -0.00831025 -0.0059026 -0.00128099 -0.00635449 0.00251697 0.00362828 0.000319149 0.000254039 0.000428056 -0.000966021 -0.00064807 0.0029636 -0.00609959 -0.0117638 0.00131431 0.00303279 0.0011454 -0.0049 -0.00108482 -0.00287443 -0.00251234 0.00114038 0.00123701 0.000949386 -0.00608411 -0.00187261 -0.000789118 -0.00156055 -0.00821451 -0.0012214 -0.00286818 -0.000400096 -0.00151882 -0.0146471 -0.0110824 -0.0144 -0.00225685 -0.00134312 -0.00669643 -0.00653125 -0.00554252 -0.00909677 0.000472441 -0.00164467 0.00130365 -0.00216899 -0.006015 0.00169827 0.001136 -0.00341364
internal_weight=92713 46135 46578 34462 16701 23089 1336 21753 29434 8168 8074 21266 360 307 16341 456 17563 11373 845 7675 7484 3148 3082 13270 240 126 21026 13175 2021 839 15502 2197 2146 19582 19129 16121 213 156 13305 6539 316 6223 2070 4153 2709 101 254 189 1969 1634 335 191 340 216 4190 1181 3009 2082 399 1444 4293 688
internal_count=92713 46135 46578 34462 16701 23089 1336 21753 29434 8168 8074 21266 360 307 16341 456 17563 11373 845 7675 7484 3148 3082 13270 240 126 21026 13175 2021 839 15502 2197 2146 19582 19129 16121 213 156 13305 6539 316 6223 2070 4153 2709 101 254 189 1969 1634 335 191 340 216 4190 1181 3009 2082 399 1444 4293 688
is_linear=0
shrinkage=0.03


Tree=70
num_leaves=63
num_cat=0
split_feature=11 20 9 1 4 19 18 11 22 26 21 22 18 15 8 22 7 9 7 8 24 22 4 8 1 16 27 16 1 17 21 22 7 24 24 22 1 8 8 15 17 11 8 7 21 4 20 22 22 22 18 7 7 15 15 18 15 7 15 15 8 16
split_gain=219.336 53.2518 45.5731 21.9831 19.8561 17.9622 17.7538 17.5597 17.5085 15.9165 15.1499 14.9945 16.3748 17.2675 14.9222 13.6636 27.4393 13.1335 13.1007 12.8878 18.2043 12.7963 11.9197 11.5707 11.5353 11.4054 12.1721 11.357 10.9404 11.9507 10.7629 13.5 10.7299 10.6916 10.3913 10.2311 9.87779 14.8266 12.9712 10.1082 19.1614 9.86911 9.78882 9.31263 11.8247 10.0505 9.89147 13.2675 9.48647 14.0061 8.97737 8.80731 16.8115 9.0781 10.6852 11.0446 10.4284 13.7848 11.2295 20.8367 9.30054 8.79685
threshold=3460.0800000000004 -17207.899999999998 4369.7200000000012 3.5000000000000004 1.0000000180025095e-35 55524.950000000004 7389.7500000000009 1439.2300000000002 5501.8094450644849 11.130000000000001 4915.0366666666678 5515.8631963045646 9907.4500000000025 5646.5696354166676 0.063390085881955341 5631.0266071428587 0.1849296026015865 3197.2600000000007 -0.99940763397299126 -0.98212955754013376 8.9937500000000039 5253.7215538194459 1.0000000180025095e-35 -0.99864786094873803 5.5000000000000009 7599.6250000000009 -0.33499999999999991 3800.2950000000005 1.0000000180025095e-35 1999.1750000000004 3251.855 3361.6896323164688 0.95752911693909493 8.5250000000000039 7.0000000000000027 3259.346030505953 2.5000000000000004 -0.93543596745397617 -0.75013812021657655 5580.4032291666681 2277.6600000000003 4199.755000000001 -0.59867820553660911 -0.41398024697495356 2423.4767241379318 1.0000000180025095e-35 -10851.4 2760.2143229166672 5150.2051847718258 5322.0353391617073 9033.3500000000004 0.98213580174693105 0.99053107487289871 4735.8742708333339 5628.3374479166678 7990.2500000000009 3725.6590104166671 -0.97509794945709805 2804.9316145833336 2678.6853645833339 0.80290535434334509 10000.005000000003
decision_type=2 2 2 2 2 2 2 2 2 10 2 2 2 2 2 2 2 2 2 2 2 2 2 2 2 2 8 2 2 2 2 2 2 2 2 2 2 2 2 2 2 2 2 2 2 2 2 2 2 2 2 2 2 2 2 2 2 2 2 2 2 2
left_child=1 5 4 17 10 6 7 9 22 25 27 19 13 -13 -6 -9 -17 43 -10 20 -5 24 41 -14 -7 33 -27 -2 -29 42 -16 -32 -24 -1 -18 -19 -12 -38 39 40 -39 -4 -30 44 -3 48 47 -45 -46 50 -50 53 -53 56 -55 -56 58 -58 59 -21 -60 -59
right_child=2 3 8 11 14 21 -8 15 18 -11 36 12 23 -15 30 16 34 35 -20 51 -22 -23 32 -25 -26 26 -28 28 29 -31 31 -33 -34 -35 -36 -37 37 38 -40 -41 -42 -43 -44 46 45 -47 -48 -49 49 -51 -52 52 -54 54 55 -57 57 61 60 -61 -62 -63
leaf_value=-0.0065070549739720531 -0.0022538939139218309 -0.00064440230334188609 0.0019162927369072644 -0.0044604662181530266 0.00085457391650087093 -0.0034409044119405349 -0.00026586843259766385 -0.00073209646618711051 -0.0085138700453118651 -0.028272390853089337 0.001417871524771351 -0.0016479721833183754 -0.0061433871928267877 -0.012218264762257751 -1.9105925363424e-05 -0.0003885389191287364 -0.010088575897380008 0.0011523842452720681 0.0016535659035041709 0.00082676084228186487 0.0019744361105254564 -0.016750385029935807 -0.00041486623160669032 0.00092910683412996081 -0.021812923299803593 -0.020760601551339991 -0.00085271770544663211 0.0024789535864135491 0.0014879592937497147 0.0010581928899377477 -0.0073862774014785432 -0.00072660739248096937 0.0038073343483472554 -0.021710986128993394 -0.012075583355570354 0.00073935469213583347 0.0013296438621888779 -0.0020587819789494263 0.00022281761300447129 0.00095390449411639048 -0.0034275290289183845 0.004762725723551642 9.5649314472488962e-05 -0.0015219765171824576 0.00063435799137179845 -0.0028797705425222691 0.00064488987456744293 0.00010744323408530743 -0.0021418554535448113 0.00051117642123051999 -0.0074856074781464357 -0.0025863430674160589 -0.00016531826513477095 0.00094832111232325586 -0.0011523547789826197 0.00028353815265823047 -0.0026959655719543097 -0.0002980535831748694 0.00086079930518648197 -0.0040855906395031701 -0.0002773751342363769 0.0011708350626639457
leaf_weight=131 105 817 4183 315 713 258 8269 2281 41 119 2636 732 44 213 274 285 65 2399 2808 132 125 52 742 660 55 112 417 3210 801 10689 169 230 364 98 148 4154 954 646 1139 162 110 13474 3135 47 2202 232 3689 3489 386 758 47 141 517 2735 545 2071 291 3959 1870 129 696 368
leaf_count=131 105 817 4183 315 713 258 8269 2281 41 119 2636 732 44 213 274 285 65 2399 2808 132 125 52 742 660 55 112 417 3210 801 10689 169 230 364 98 148 4154 954 646 1139 162 110 13474 3135 47 2202 232 3689 3489 386 758 47 141 517 2735 545 2071 291 3959 1870 129 696 368
internal_value=0.00150895 4.07782e-05 0.00296033 0.000656261 0.00208729 -0.00164999 -0.00144894 -0.0031895 0.003969 -0.00688838 0.00229235 -0.000172542 -0.00287636 -0.00545455 -0.00140159 -0.00202014 -0.00651703 0.00136326 0.00177684 0.000148543 -0.00489796 -0.00819672 0.00430175 0.000587234 -0.00586624 -0.00527273 -0.00284151 0.00271891 0.00277697 0.00242855 -0.00460237 -0.00774 0.00127913 -0.0108522 -0.0146355 0.0024379 0.000936969 -0.000237052 -0.00167055 -0.00432209 -0.00577807 0.004491 0.00101499 0.000759513 -0.000321404 0.000413679 0.00142402 0.000290076 0.000827342 -0.00132886 -0.00562673 0.000313935 -0.00306829 0.000488083 0.00143049 5.96102e-05 -0.000189363 -0.00106776 0.0012454 -0.00467176 0.00184885 -0.000641867
internal_weight=92638 46053 46585 33763 24973 12290 11925 3656 21612 877 23587 15543 1649 945 1386 2779 498 18220 2849 13894 440 365 18763 704 313 758 529 17940 17835 14625 673 399 1106 229 213 6553 5647 3011 2057 918 756 17657 3936 11667 4442 3625 7225 3536 3393 1191 433 13454 658 12796 5351 2616 7445 4618 2827 261 2566 4327
internal_count=92638 46053 46585 33763 24973 12290 11925 3656 21612 877 23587 15543 1649 945 1386 2779 498 18220 2849 13894 440 365 18763 704 313 758 529 17940 17835 14625 673 399 1106 229 213 6553 5647 3011 2057 918 756 17657 3936 11667 4442 3625 7225 3536 3393 1191 433 13454 658 12796 5351 2616 7445 4618 2827 261 2566 4327
is_linear=0
shrinkage=0.03


Tree=71
num_leaves=63
num_cat=0
split_feature=9 9 1 20 22 5 22 9 7 15 25 9 7 26 20 1 7 4 0 24 15 2 24 7 7 4 1 1 14 15 13 7 7 14 14 1 22 20 27 11 10 18 1 14 22 14 24 25 18 19 7 0 22 15 14 18 19 25 25 26 1 0
split_gain=211.758 48.027 45.0816 44.6366 24.8973 22.8469 19.7757 21.7716 21.5977 14.491 20.3081 14.1243 14.0475 15.0818 13.8449 13.0179 15.0593 14.0088 11.7083 10.7227 10.414 11.4123 10.1821 9.96437 14.7327 17.769 12.549 9.62361 9.38396 11.6121 9.2461 9.07718 15.2326 8.92984 8.8711 8.73984 19.1405 15.318 10.2303 8.72589 8.6976 9.59404 8.67815 11.3526 14.7194 10.1151 8.42077 8.25376 8.21208 8.19983 8.1923 9.40237 14.209 13.1098 8.37298 8.18385 8.14671 10.8301 9.93216 8.02828 7.95956 8.32757
threshold=3313.5500000000006 5484.7000000000016 5.5000000000000009 -12126.649999999998 3759.4844109623023 -0.79335334029123528 5012.0477914186513 999.58000000000015 0.47559651477048942 2936.3068750000007 15.615000000000002 4150.6850000000004 0.98213580174693105 8.5250000000000004 -28935.849999999995 3.5000000000000004 -0.41398024697495356 1.0000000180025095e-35 72.500000000000014 1.0000000180025095e-35 5818.0890104166674 4.5000000000000009 6.3000000000000034 -0.98214942551678475 -0.68430824382591193 1.0000000180025095e-35 5.5000000000000009 5.5000000000000009 3218.8625791712007 2844.7857812500001 11221.550000000001 -0.74441730022405961 -0.73282214301478099 2850.0453789278413 3061.9072770635107 1.5000000000000002 3901.9759151785715 -47312.999999999993 0.45000000000000112 3012.1250000000005 3604.2600000000007 5769.2500000000009 4.5000000000000009 1757.6689926724259 3046.6450124007943 2229.9714185948469 12.362500000000002 15.315000000000003 6590.9000000000005 12909.200000000003 -0.89406062840022227 19.500000000000004 3186.5239818948417 3070.0632291666675 2902.2695665934839 8810.2500000000018 35895.000000000007 16.165000000000003 16.855000000000004 6.3350000000000009 3.5000000000000004 33.500000000000007
decision_type=2 2 2 2 2 2 2 2 2 2 8 2 2 10 2 2 2 2 2 2 2 2 2 2 2 2 2 2 2 2 2 2 2 2 2 2 2 2 8 2 2 2 2 2 2 2 2 8 2 2 2 2 2 2 2 2 2 8 8 8 2 2
left_child=3 2 4 6 11 30 35 8 27 -9 -11 42 18 -14 22 16 17 31 28 -19 -7 -22 -10 -12 25 26 -25 -8 29 -6 -4 34 -33 -18 -5 36 50 -37 -39 -17 41 -34 -2 -44 45 -45 -30 -40 -28 -41 -1 52 53 -52 -53 -31 57 -49 -59 -35 -58 -62
right_child=1 -3 5 15 12 20 7 9 14 10 23 -13 13 -15 -16 39 33 19 -20 -21 21 -23 -24 24 -26 -27 48 -29 46 55 -32 32 40 59 -36 37 -38 38 47 49 -42 -43 43 44 -46 -47 -48 56 -50 -51 51 54 -54 -55 -56 -57 60 58 -60 -61 61 -63
leaf_value=-0.0022776899131685853 0.0011526973589595477 0.0050235872126642234 -0.0015775967963247094 0.00094531863069283813 -0.0013041547114051866 0.00061628476407234688 -0.0040773635381366781 0.00073594853344584061 -0.012556113191562579 -0.039894230357146336 0.0015695037267053904 0.002752042023871928 -0.0021837817569682633 0.001350047731683344 -0.0001135930288944673 -0.00024060027697314857 0.00082017974575529452 0.0013679864545835391 0.0023645521378562991 -0.003571393715807857 0.00069114249495344309 -0.001851296301569872 -0.017688787846866141 -0.0033004739072775365 -0.0010294253623941247 -0.033136866687919667 -0.0028935357953760133 -0.020829998012437026 -0.00097931916840849481 0.00038185878644035858 0.0012992530246943371 -0.0020469174260548855 -0.004269525951056681 -0.001671051513006208 -0.004133989708258401 -0.016994802235027997 0.001973862499783703 9.4686944267039852e-05 -0.0030422079514847563 -0.00048260633508334714 0.0024982598852660008 -4.240030012279985e-05 0.0016289670832244133 -0.0019830243195888748 0.00045480603655187945 0.00080776066145112643 0.0022376381716864408 0.0020115878983266301 -0.016854643206319055 0.00041202452566977332 -0.0015197959784518851 0.00049141024919761454 1.5182339520522495e-05 -0.00046581900698655453 -0.0022334894433622562 0.0011908336762433509 0.00047052573463391659 -0.0023406871606412465 -0.0004026542949186821 0.00036946635738406081 0.00095993164364296067 -0.0069963850612911587
leaf_weight=302 9069 12215 1083 2597 211 3576 625 885 105 123 453 6398 94 57 67 4459 5532 107 2368 245 321 570 177 790 3082 53 50 52 657 3903 216 88 146 92 50 169 1112 3801 128 761 247 1794 619 303 810 77 125 240 107 3008 140 1969 708 235 105 8295 156 57 4498 2206 55 307
leaf_count=302 9069 12215 1083 2597 211 3576 625 885 105 123 453 6398 94 57 67 4459 5532 107 2368 245 321 570 177 790 3082 53 50 52 657 3903 216 88 146 92 50 169 1112 3801 128 761 247 1794 619 303 810 77 125 240 107 3008 140 1969 708 235 105 8295 156 57 4498 2206 55 307
internal_value=0.00146913 0.00276785 0.00225072 -0.000111307 0.00267851 -0.000196636 -0.00110909 -0.00246667 -0.00647907 -0.00172294 -0.0023915 0.00346449 0.00181402 -0.00726316 -0.0125314 0.000849951 0.00143716 0.000197915 0.00190257 -0.00557507 0.000821844 -0.00207848 -0.0154346 -0.00206349 -0.00253196 -0.00569431 -0.00473418 -0.00334513 0.00155367 0.00175455 -0.00369692 0.000611822 -0.00077768 0.00227174 0.00180589 -0.000471144 0.000604987 -0.000993838 -0.000829601 -8.53081e-05 -0.00028245 -0.000958269 0.00280614 0.000908287 -0.000806045 -0.00566929 -0.00163218 -0.00166373 -0.0124557 0.000977188 -0.000495954 -4.36985e-05 -0.00230812 -0.00702128 0.00113928 0.0018754 -0.00148137 -0.00109466 -0.0014223 0.000699435 -0.00505202 -0.0074876
internal_weight=92850 50967 38752 41883 32986 5766 20551 6569 1026 5543 4658 17276 15710 151 349 21332 13104 5274 15559 352 4467 891 282 4535 4082 1000 947 677 13191 12409 1299 4922 2275 7830 2647 13982 4571 9411 9242 8228 2187 1940 10878 1809 1190 380 782 5441 157 3769 3459 3157 1083 375 2074 12198 5313 4795 4555 2298 518 362
internal_count=92850 50967 38752 41883 32986 5766 20551 6569 1026 5543 4658 17276 15710 151 349 21332 13104 5274 15559 352 4467 891 282 4535 4082 1000 947 677 13191 12409 1299 4922 2275 7830 2647 13982 4571 9411 9242 8228 2187 1940 10878 1809 1190 380 782 5441 157 3769 3459 3157 1083 375 2074 12198 5313 4795 4555 2298 518 362
is_linear=0
shrinkage=0.03


Tree=72
num_leaves=63
num_cat=0
split_feature=10 20 1 11 9 9 0 4 1 12 2 26 8 15 21 26 16 0 1 10 1 16 12 15 15 15 1 6 21 12 27 15 15 4 27 8 16 15 8 18 1 10 4 27 8 21 21 12 8 26 8 12 16 8 20 12 8 18 19 21 15 15
split_gain=205.19 54.1465 38.7809 25.93 25.2836 18.3622 15.7185 16.0056 14.9941 15.5813 14.8614 15.2842 18.2788 15.2984 20.3816 17.1612 14.7996 14.5902 14.1039 25.711 12.778 12.114 15.6717 12.2903 12.0211 11.1577 11.0162 20.5566 15.46 17.8973 11.2322 12.9825 10.9846 10.7577 10.3287 10.2072 14.9985 18.4057 12.2067 9.99813 9.76981 19.6466 16.6232 17.6736 13.4552 9.74348 9.70208 9.63966 11.2655 14.5655 9.49753 11.1443 9.4077 12.2551 9.29094 10.8117 8.76625 8.68393 8.65061 8.49665 10.2433 8.14104
threshold=3599.9250000000006 -11629.65 5.5000000000000009 4264.9850000000015 4579.5900000000011 899.7700000000001 20.500000000000004 1.0000000180025095e-35 4.5000000000000009 5225.7461979166683 7.5000000000000009 9.3750000000000018 -0.24372464231556024 3927.750364583334 2449.7400000000002 10.135000000000003 9358.2000000000025 34.500000000000007 1.0000000180025095e-35 350.65000000000003 1.0000000180025095e-35 6999.8350000000009 4335.7006101190482 3447.1775000000002 6212.9392187500016 2336.9796875000006 1.5000000000000002 -0.44228869021900119 2584.2766666666671 2824.272827380953 0.8249999999999994 3014.6370833333335 3737.5730208333339 1.0000000180025095e-35 1.0000000180025095e-35 0.81304046271159414 8400.6450000000023 3333.323385416667 0.95936279103287792 13526.450000000003 5.5000000000000009 899.40000000000009 1.0000000180025095e-35 -0.37000000000000094 0.18281312110578132 3951.9316666666668 4052.1383333333338 4497.7359598214298 -0.48313741114591585 6.1850000000000014 0.18281312110578132 4612.6460267857155 6377.8450000000012 -0.42179730054635828 -30098.599999999995 3208.0075000000002 0.9980355542543059 7070.9500000000007 33184.750000000007 5213.4483333333346 6094.0457812500017 4897.5614062500017
decision_type=2 2 2 2 2 2 2 2 2 2 2 8 2 2 2 8 2 2 2 2 2 2 2 2 2 2 2 2 2 2 10 2 2 2 10 2 2 2 2 2 2 2 2 8 2 2 2 2 2 10 2 2 2 2 2 2 2 2 2 2 2 2
left_child=1 5 4 17 6 18 16 20 9 10 39 -12 25 14 -14 -16 50 -4 19 -1 -8 22 -10 -24 59 -13 28 40 29 -7 56 -32 -17 -21 -19 -31 37 38 58 -3 42 -42 47 -44 -45 -18 -46 -28 49 61 -2 -52 -27 -54 55 57 -29 -20 -37 -11 -61 -49
right_child=2 8 3 -5 -6 26 7 -9 21 24 11 12 13 -15 15 32 45 34 54 33 -22 -23 23 -25 -26 52 27 30 -30 35 31 -33 -34 -35 -36 36 -38 -39 -40 -41 41 -43 43 44 46 -47 -48 48 -50 -51 51 -53 53 -55 -56 -57 -58 -59 -60 60 -62 -63
leaf_value=-0.0078739974589529891 -0.00023174181643321231 0.0010009581849415954 0.00093416000845749823 0.0020820637228881897 0.0044602290577159028 -0.0019258406657996332 0.0035133322665503422 -0.00030234273764313607 0.00056456497870498157 -4.3998095832156231e-05 0.001273834876874886 -0.0044440437473211546 -0.001134435352968209 0.00067340610212357672 -0.0033551158800514433 0.0006950556814783543 0.0017584038292967812 -0.00032541582790408525 -0.01738949833559672 0.0025317092249242056 0.0012705203367769187 7.8916493472374699e-05 -0.00045181862871758048 -0.00548438460988544 0.0008238499948445007 0.0021887378008044415 -0.00020566014502297248 0.00023798209623289744 0.00046503540512710697 0.00072139418456197571 0.00025298823870030176 -0.0020029802314024529 -0.00057030203596925792 -0.019029786589481068 -0.0024147037806826767 -0.0012433260365398941 1.9119318819829333e-05 -0.0020970356868938783 0.00044572747098907108 0.00030828233088529014 -0.01914363389052863 -0.0028527961290867789 -0.044146451881288275 0.00016264530671050107 -0.0032568454904468996 0.00035884565314276947 -0.022039401178335347 -0.006177393291396242 -5.6134670683892248e-05 0.00091852548502110662 -0.00033526616926492659 -0.0043651546158129046 -0.00095042633947275057 -0.0020889597837856289 -0.0013905216141065556 -0.012905993117677508 -0.00071063558038026104 0.0035939942567010338 0.00050369764286178897 -0.0014592193758066639 -0.0051771990215629306 -0.0022052856082072163
leaf_weight=60 952 7135 1577 3260 15024 63 3409 770 253 2568 1356 79 705 2741 117 2039 1309 2653 202 476 9395 7405 110 175 1086 241 4683 4162 4953 280 57 77 336 62 337 180 538 96 120 2119 72 1862 76 229 90 1743 46 532 893 235 108 82 1283 145 217 315 264 82 50 775 61 398
leaf_count=60 952 7135 1577 3260 15024 63 3409 770 253 2568 1356 79 705 2741 117 2039 1309 2653 202 476 9395 7405 110 175 1086 241 4683 4162 4953 280 57 77 336 62 337 180 538 96 120 2119 72 1862 76 229 90 1743 46 532 893 235 108 82 1283 145 217 315 264 82 50 775 61 398
internal_value=0.001485 0.000238848 0.00308331 0.00118574 0.00353618 -0.000920874 0.00276988 0.00326586 0.00104536 0.00143661 0.00182522 0.00096008 0.000441785 0.00123556 -0.000174484 0.00109988 0.00116424 -0.000273205 -0.00422332 -0.000721202 0.00351847 -7.70393e-05 -0.0044193 -0.00923077 -0.000146961 -0.00225386 -0.000686676 -0.00116429 0.000353447 -0.00252108 0.000480158 -0.00804444 0.00165404 0.0013692 -0.00150451 -0.00173597 -0.0031736 -0.0072349 -0.00401709 0.00267034 -0.00198684 -0.00387907 -0.00147682 -0.00711312 -0.00434426 0.00225418 -0.011781 -0.00110709 -0.00281787 -0.00475986 -0.00174803 -0.0078534 -0.00172814 -0.0026536 -0.0067858 -0.00871 0.000740005 -0.00444211 -0.00805195 -0.00102379 -0.00364875 -0.00644468
internal_weight=92718 52099 40619 7827 32792 21370 17768 13574 30729 22786 18296 9042 7686 5938 3197 2492 4194 4567 1414 598 12804 7943 538 285 4490 1748 19956 13676 6280 1327 4560 134 2375 538 2990 1264 984 446 350 9254 9116 1934 7182 441 365 3052 136 6741 2058 1165 1142 190 1669 1428 816 599 4426 284 230 3404 836 930
internal_count=92718 52099 40619 7827 32792 21370 17768 13574 30729 22786 18296 9042 7686 5938 3197 2492 4194 4567 1414 598 12804 7943 538 285 4490 1748 19956 13676 6280 1327 4560 134 2375 538 2990 1264 984 446 350 9254 9116 1934 7182 441 365 3052 136 6741 2058 1165 1142 190 1669 1428 816 599 4426 284 230 3404 836 930
is_linear=0
shrinkage=0.03


Tree=73
num_leaves=63
num_cat=0
split_feature=10 9 1 9 9 0 13 9 0 4 16 1 14 1 10 4 1 16 12 15 23 22 16 12 22 7 22 23 16 22 14 6 19 12 15 4 23 15 8 2 1 12 1 0 6 22 22 27 14 22 22 1 25 11 4 7 11 19 12 8 15 19
split_gain=200.542 47.0987 38.221 26.0784 22.5297 24.078 25.1305 20.4889 17.7264 22.8283 21.3375 15.7204 14.4377 14.2662 22.9933 14.7475 13.4948 26.8437 13.2598 12.362 13.6589 12.1561 15.6122 12.0679 28.4978 14.8472 11.1306 14.6011 11.4094 11.1128 10.4445 10.2634 9.90182 13.8688 19.4505 11.1952 12.4945 10.0598 9.77482 24.2235 8.98265 9.52141 8.97906 19.0443 13.3924 12.2772 10.7047 12.2006 10.6077 9.8276 8.96452 8.93339 18.193 11.5725 13.0495 13.1268 11.2121 8.86964 8.71907 8.68579 9.98787 8.59079
threshold=3506.0200000000004 2689.6300000000006 5.5000000000000009 5100.3550000000005 8000.1750000000011 34.500000000000007 10999.570000000002 899.7700000000001 22.500000000000004 1.0000000180025095e-35 3994.5750000000003 1.0000000180025095e-35 1568.5376324497022 1.0000000180025095e-35 350.65000000000003 1.0000000180025095e-35 4.5000000000000009 6999.8350000000009 7941.3221205357158 2678.6853645833339 25.956250000000008 2839.16918030754 11264.345000000003 5538.767805059525 5799.6176165674615 -0.40614700388750385 5567.2871651785726 27.381250000000005 9999.4550000000017 4682.8847774057549 1432.8303893950367 0.06540312923014284 14752.200000000003 4170.5909077380966 5134.6309895833338 1.0000000180025095e-35 27.956250000000008 3927.750364583334 0.063390085881955341 10.500000000000002 1.0000000180025095e-35 4856.9378050595251 1.5000000000000002 25.500000000000004 -0.47114434510950048 3243.364192708334 3679.1617398313497 0.49000000000000027 1197.712642889991 3402.1791623263889 3293.6527008928574 5.5000000000000009 17.385000000000002 1679.2350000000004 1.0000000180025095e-35 -0.97509794945709805 2699.5100000000007 20516.550000000007 3009.0462723214291 0.99138911339924218 3070.0632291666675 36589.350000000013
decision_type=2 2 2 2 2 2 2 2 2 2 2 2 2 2 2 2 2 2 2 2 2 2 2 2 2 2 2 2 2 2 2 2 2 2 2 2 2 2 2 2 2 2 2 2 2 2 2 10 2 2 2 2 8 2 2 2 2 2 2 2 2 2
left_child=1 7 3 8 5 -4 18 13 10 11 -2 -10 -3 14 -1 -16 23 19 30 -18 -21 22 -19 25 -25 32 28 -28 -12 -8 -7 -23 33 34 37 -34 -37 -14 -11 50 41 -30 43 45 46 59 47 -44 -48 -46 -40 53 -53 -50 55 -55 -56 -27 -49 60 -9 -15
right_child=2 12 4 -5 -6 6 29 42 9 38 26 -13 16 61 15 -17 17 21 -20 20 -22 31 -24 24 -26 57 27 -29 40 -31 -32 -33 35 -35 -36 36 -38 -39 39 -41 -42 -43 44 -45 49 -47 48 58 51 -51 -52 52 -54 54 56 -57 -58 -59 -60 -61 -62 -63
leaf_value=-0.0076276500764123128 -0.0035665572111613919 0.00066516501121033822 0.0011970121062877183 0.0056565698093744158 0.0037657422728657507 0.00086209815607532784 0.0018770963193226087 -0.0014360530483660749 0.0035566696366451751 0.00097065648208778297 -5.4474594083334536e-05 0.0013214290756801621 -0.0010949804174713606 -0.0021592136098318245 0.0024757446537934944 -0.018684203954311938 0.0010458915700746556 -0.0011039458895826461 -0.0064187824605767942 -0.0062454834492077626 -0.0021213258405804046 -0.00038660410056268202 0.002609783960444651 1.5667369686566537e-05 -0.0060195667003129357 0.00074214367292446605 -0.0013799977323151684 0.0013632281987138685 0.0021681138607766649 -0.0016115972580431001 -0.0010263515293599897 0.00039615823379507442 0.00052605910057765184 0.00036082261344256363 -0.0051065249346968246 4.4207567198928659e-05 -0.0094296086765768578 0.00078107912097564666 -0.0042602290812843524 0.0023140621603633055 0.0016362432815997441 -0.0013632075861654868 0.00017345840459260311 0.00042625745179626022 -0.00024294162415050558 -0.00016477384737361564 -0.0024868773203850854 -0.0020749023324956408 0.00035648764265319 0.00032444272521401729 -0.00055517539907363653 -0.020074983322254037 -0.0029823190190329378 0.0019716611322592114 -0.03134939991183007 -0.0019468867107535282 0.0012167403453379059 0.00016585449313952721 -0.015869687580781455 -0.0027430091294093776 -0.00026941593992070242 -0.013992261878715197
leaf_weight=61 47 3865 2577 10535 1945 311 812 199 4049 493 1492 13361 939 248 483 62 59 86 56 105 160 3611 41 2043 212 7263 407 502 111 310 2258 2555 3397 1445 79 172 93 346 191 179 3575 204 2292 4817 1887 745 43 287 1127 1806 168 225 1007 289 107 2847 42 2945 95 53 277 585
leaf_count=61 47 3865 2577 10535 1945 311 812 199 4049 493 1492 13361 939 248 483 62 59 86 56 105 160 3611 41 2043 212 7263 407 502 111 310 2258 2555 3397 1445 79 172 93 346 191 179 3575 204 2292 4817 1887 745 43 287 1127 1806 168 225 1007 289 107 2847 42 2945 95 53 277 585
internal_value=0.00141783 0.000101018 0.00289827 0.00332816 0.00106215 0.000193518 -0.00134152 -0.00103886 0.00279637 0.00326678 0.00142735 0.00352363 0.000859911 -0.00448333 -0.000978583 0.000989011 0.000601362 -0.000564823 -0.00294745 -0.00897231 -0.0117293 -0.000130601 -0.00928125 0.00100893 -0.00105053 0.00128741 0.00157915 -0.00149011 0.00209772 0.00241496 -0.00262879 5.93481e-05 0.000163164 -0.00117651 -0.00334505 0.00119083 -0.00473684 -0.00244946 -0.00106977 -0.00386271 0.00295297 -0.00189873 -0.000765458 0.000173342 -0.00123982 -0.00308706 -0.00190433 -0.000338692 -0.0026403 0.000264754 -0.00835 -0.00252542 -0.00478346 -0.00189395 -0.00279367 -0.00237934 -0.01144 0.002 -0.00529504 -0.00657736 -0.00527044 -0.00702878
internal_weight=92583 49000 43583 35314 8269 6324 3747 19584 24779 18441 6338 17410 29416 1439 606 545 25551 6617 2625 324 265 6293 127 18934 2255 16679 6291 909 5382 1122 2569 6166 6471 2809 1364 3662 265 1285 1031 538 3890 315 18145 6091 12054 1274 8361 2674 5687 3693 359 5644 1232 4412 3285 3136 149 10208 382 529 476 833
internal_count=92583 49000 43583 35314 8269 6324 3747 19584 24779 18441 6338 17410 29416 1439 606 545 25551 6617 2625 324 265 6293 127 18934 2255 16679 6291 909 5382 1122 2569 6166 6471 2809 1364 3662 265 1285 1031 538 3890 315 18145 6091 12054 1274 8361 2674 5687 3693 359 5644 1232 4412 3285 3136 149 10208 382 529 476 833
is_linear=0
shrinkage=0.03


Tree=74
num_leaves=63
num_cat=0
split_feature=10 9 1 20 0 4 15 1 18 27 1 0 27 13 20 0 12 7 1 12 12 22 12 8 22 1 12 15 18 12 8 23 15 8 19 22 0 8 8 22 15 9 27 23 27 0 15 7 0 8 4 8 27 15 1 22 23 15 0 27 22 25
split_gain=196.475 51.321 40.9919 27.1891 22.0665 25.9346 24.5314 19.3544 17.9873 19.3711 16.2109 14.68 15.8087 13.5986 13.2142 13.5539 18.2735 13.0518 12.8167 12.4263 11.7496 15.6215 12.9103 11.6727 11.1093 12.4513 10.7332 16.2827 16.1194 11.7716 10.4265 11.4214 10.2118 12.7848 10.1002 10.0461 9.82436 9.71587 29.5629 11.1658 9.66337 9.64597 9.59503 9.59296 9.57525 9.4018 12.7663 9.23793 8.714 14.2423 11.2674 15.6781 11.4037 8.37396 9.82177 12.7531 12.1196 13.62 8.29528 8.23878 8.11703 7.91633
threshold=3100.1950000000002 4477.9300000000012 4.5000000000000009 -17501.449999999993 22.500000000000004 1.0000000180025095e-35 3122.846250000001 5.5000000000000009 7389.7500000000009 -0.77499999999999847 1.0000000180025095e-35 34.500000000000007 1.0000000180025095e-35 10000.695000000002 6407.3500000000013 32.500000000000007 7941.3221205357158 0.81925054981890411 3.5000000000000004 6402.2179836309542 5518.6280729166674 5799.6176165674615 6008.5861681547622 0.52583933546504591 3293.6527008928574 1.0000000180025095e-35 4281.6470535714298 4596.5043229166677 7687.3500000000013 4624.1142782738107 -0.71502926860092908 34.806250000000006 3035.4768229166671 0.28313308994381592 55524.950000000004 6496.5747743055554 27.500000000000004 0.063390085881955341 0.55478649335567887 3352.2574317956355 5951.9572395833347 2500.7150000000006 -0.32499999999999923 16.856250000000006 0.25499999999999906 72.500000000000014 4259.4218229166681 -0.99866806308218525 71.500000000000014 -0.99938741687870725 1.0000000180025095e-35 0.19969739736768838 -0.37000000000000094 3831.6968229166669 1.0000000180025095e-35 5567.2871651785726 28.028125000000006 4102.1596875000005 79.500000000000014 0.054999999999999723 5647.9055890376994 15.560000000000002
decision_type=2 2 2 2 2 2 2 2 2 8 2 2 10 2 2 2 2 2 2 2 2 2 2 2 2 2 2 2 2 2 2 2 2 2 2 2 2 2 2 2 2 2 10 2 10 2 2 2 2 2 2 2 8 2 2 2 2 2 2 8 2 10
left_child=3 2 4 8 6 10 24 23 9 -1 -6 32 26 14 15 -9 58 53 36 37 41 -22 -23 48 25 -2 -13 29 -29 45 31 -20 33 -4 47 -12 -11 -7 39 -39 -37 -5 61 -19 -14 46 -28 -10 49 -3 -50 52 -52 59 -55 -56 57 -57 -17 -8 -59 -32
right_child=1 7 11 20 5 19 17 13 34 18 35 12 44 -15 -16 16 -18 43 30 -21 21 22 -24 -25 -26 -27 27 28 -30 -31 42 -33 -34 -35 -36 40 -38 38 -40 -41 -42 -43 -44 -45 -46 -47 -48 -49 50 -51 51 -53 -54 54 55 56 -58 60 -60 -61 -62 -63
leaf_value=-0.019503363944934033 1.7204002444178997e-05 -0.011377731987518 0.00096628343564899959 -0.00027759582711917589 0.0030289241359058041 0.0014849911056374235 0.0020528056596027244 0.0018112544284802645 -0.04191524701759887 -0.0030095134578970425 0.0010039408932076999 0.00073883950906811528 -0.0021916131105035397 0.0033194644751894683 0.0024311696740806328 -0.0011823113589757926 -0.0052315619405399047 -8.136660118872399e-06 -0.0053231534598115254 -0.0026282828661182596 -0.00023624641003277711 -0.0056074303136010419 0.0027398668846232992 0.004487721131659449 -0.00058061967932233351 -0.0034337950468747987 -0.0017370948688869817 -0.0028159466429576448 0.0003596874292393457 -3.0977532666703909e-05 -0.0036819322881731951 -0.027565088626695582 0.00075753633807989574 -0.0027785229821346005 -0.0070345085532825318 -0.0035289016953626426 -0.0011507277078826076 -0.011228005558720403 0.0015417866508312277 -0.0014837960998516175 0.00099407682603640073 0.00022641192642566224 0.0007842364306225874 0.0018963238492862005 -0.0001023341216519275 -0.00029525866831587574 -0.0037409660948240346 -0.00020603135039011554 0.0053754234895330936 0.0025647657146482122 -0.0077768249937573333 -0.0038287775374555894 0.0060961901177277672 -0.00065247754863516198 0.0011237386845943094 0.0022317829319498227 0.0030002175028499547 -0.0035978063729393715 0.00035327250587657844 -0.0012262177533768897 -0.001340996199239425 -0.016835021885564742
leaf_weight=52 47 74 96 3975 4773 490 150 690 44 86 12588 1563 369 1508 1199 746 50 360 163 108 2165 252 81 5341 730 79 301 439 2567 378 674 59 4068 81 247 82 2363 136 272 106 133 16406 212 1098 222 229 123 7991 3889 7448 41 77 314 505 2503 69 172 49 564 657 199 125
leaf_count=52 47 74 96 3975 4773 490 150 690 44 86 12588 1563 369 1508 1199 746 50 360 163 108 2165 252 81 5341 730 79 301 439 2567 378 674 59 4068 81 247 82 2363 136 272 106 133 16406 212 1098 222 229 123 7991 3889 7448 41 77 314 505 2503 69 172 49 564 657 199 125
internal_value=0.00139003 0.00246495 0.00176376 -0.000386864 0.00241617 0.00294334 0.00092733 0.00360706 -0.00154232 -0.00327068 0.00322444 0.000181661 -0.00075 0.00191299 0.000819692 -0.000643589 -0.0023806 0.00163144 -0.00301059 -0.00149865 0.000220017 -0.00172149 -0.00776048 0.00407588 -0.00380863 -0.012 -0.000257097 -0.00107429 4.19022e-05 -0.00432558 -0.00550405 -0.0113812 0.00154027 -0.00549438 -0.000762767 0.00266776 -0.00175347 -0.000453731 -0.00333204 -0.0109383 -0.00375 0.000458051 -0.00420356 0.00408362 -0.00541216 -0.00676147 -0.00940235 -0.000578646 0.00355015 0.00293261 0.00462425 2.77136e-05 0.00269663 0.0008 0.00143568 0.00208887 -0.00233878 -0.00581132 -0.00169336 -0.00195297 -0.00908434 -0.0057075
internal_weight=92578 57683 35742 34895 25306 18688 6618 21941 12016 3734 17576 10436 6191 4757 3249 2050 1360 5762 3682 1112 22879 2498 333 17184 856 126 5600 4037 3006 1031 1233 222 4245 177 8282 12803 2449 1004 514 242 215 20381 1011 1458 591 653 424 8035 11843 7522 4321 432 355 4304 3497 2992 489 317 1310 807 248 799
internal_count=92578 57683 35742 34895 25306 18688 6618 21941 12016 3734 17576 10436 6191 4757 3249 2050 1360 5762 3682 1112 22879 2498 333 17184 856 126 5600 4037 3006 1031 1233 222 4245 177 8282 12803 2449 1004 514 242 215 20381 1011 1458 591 653 424 8035 11843 7522 4321 432 355 4304 3497 2992 489 317 1310 807 248 799
is_linear=0
shrinkage=0.03


Tree=75
num_leaves=63
num_cat=0
split_feature=9 9 1 11 14 4 14 9 0 5 15 0 14 12 0 1 15 16 8 2 2 14 16 0 12 7 0 1 17 0 25 14 12 19 27 11 16 1 23 15 15 8 2 15 14 19 7 14 17 0 26 17 16 14 17 8 16 27 4 27 17 17
split_gain=186.673 41.4267 38.7251 31.9197 25.7731 20.4169 26.7932 19.8271 19.7016 18.4584 16.7902 18.0171 13.3666 13.3333 13.283 19.6064 13.1407 12.2223 11.9312 16.3611 11.6373 11.4062 11.3702 14.4024 11.7731 25.7188 10.7098 9.85525 15.4913 12.375 10.7729 10.6849 12.0867 10.2431 9.78665 9.32371 10.8003 9.26846 10.5361 9.09746 8.87596 8.73568 8.32709 8.15491 7.86399 18.2541 7.75774 8.05246 7.7003 8.97733 7.5597 7.41093 7.22144 6.98222 6.95958 7.77364 6.88615 6.88597 6.74158 26.4207 11.1594 16.3914
threshold=3313.5500000000006 5499.8550000000005 5.5000000000000009 2600.5500000000006 1923.4511099885842 1.0000000180025095e-35 2233.856027306982 899.7700000000001 73.500000000000014 -0.70710678118654735 3122.846250000001 23.500000000000004 3702.6297854367776 5493.3860491071437 56.500000000000007 1.0000000180025095e-35 5853.4142187500011 4129.4000000000005 -0.99938741687870725 6.5000000000000009 4.5000000000000009 2155.2054502240558 4129.4000000000005 29.500000000000004 5189.5593154761909 0.97696484778429815 32.500000000000007 5.5000000000000009 499.24000000000007 31.500000000000004 14.745000000000003 2715.2790292735303 4663.3534002976194 24561.900000000005 0.23999999999999935 899.35500000000013 7201.9400000000014 5.5000000000000009 38.73125000000001 2844.7857812500001 6789.382604166668 0.99932962452255414 11.500000000000002 4302.0851041666674 2974.5507159859421 20376.250000000004 -0.01397611846945947 3052.8643720934492 500.78500000000008 23.500000000000004 10.390000000000002 200.88500000000002 4199.8350000000009 1580.9862478927687 2529.3000000000006 0.43540432083943431 4044.7300000000005 -0.77499999999999847 1.0000000180025095e-35 -0.37000000000000094 1850.9600000000003 1999.8050000000001
decision_type=2 2 2 2 2 2 2 2 2 2 2 2 2 2 2 2 2 2 2 2 2 2 2 2 2 2 2 2 2 2 8 2 2 2 8 2 2 2 2 2 2 2 2 2 2 2 2 2 2 2 10 2 2 2 2 2 2 8 2 8 2 2
left_child=3 2 4 7 22 8 26 12 10 34 11 21 35 -8 17 52 54 39 19 -12 -18 -6 23 -2 -24 -26 -7 41 -29 -30 -31 -32 33 -33 43 36 -1 -3 -39 48 -20 58 -43 -4 -19 -46 -47 -48 49 -5 -23 -38 56 -41 55 -11 -16 -17 -9 -60 -61 -62
right_child=1 37 9 14 5 6 13 27 -10 16 18 -13 -14 -15 15 57 20 44 40 -21 -22 50 24 -25 25 -27 -28 28 29 30 31 32 -34 -35 -36 -37 51 38 -40 53 -42 42 -44 -45 45 46 47 -49 -50 -51 -52 -53 -54 -55 -56 -57 -58 -59 59 60 61 -63
leaf_value=-0.017894434079195082 -0.001663624156299448 0.0056055243292691221 -0.0030941756689465759 -0.0044779212447812362 -0.0033486833576598925 -0.00048936180251733579 0.00085532588816866284 -6.3905417259483454e-05 0.0019472683263505939 0.00072834717399858893 -0.012123858648023553 0.001493933033612588 -0.011346923898694098 -0.0016206950254699383 0.0013085213612892604 -0.0048290742414272064 0.00065652091626402511 0.00013535927456190559 0.00079107952741214595 0.00044823424243835275 -0.002054035094809259 -0.00051426839609544433 0.0016918548211154137 0.0010762016777975851 0.0012071498051585447 -0.0050917164000259928 -0.0077196250543565322 -0.030522211154843458 0.00062792558289502076 -0.027434419891531593 -0.00045244464936452117 -0.00025061443935712449 -0.00319065752314343 -0.015652949466992062 -0.00070503424905990085 -0.0040635385678126643 0.0026163441974561682 0.0019866329219765098 -0.0023692559021528934 -0.00411963986992333 0.0025055310666985118 -0.0024128248182939886 0.00018382262692156814 -0.00014316321908454467 -6.6204485298855758e-06 -0.010240358706633822 0.00070042274173911102 -0.0042128479564943425 0.00048660955354190219 0.0017570190251917899 -0.0029369960167485607 -0.013129539043862106 0.0025107327857381016 -0.00071914523021895222 0.0014120014849268721 -0.00058530274035311258 -0.0027046860801622189 0.00021899518846702374 -0.040830209685113875 0.00063817294083737166 -0.020665525829459928 -0.00045124329572170043
leaf_weight=73 71 8723 143 105 73 50 865 11715 3802 1540 59 299 77 313 142 63 304 14597 16148 86 497 335 9257 79 285 90 88 105 539 56 1625 72 614 222 1342 959 69 3095 46 55 1381 62 49 75 1826 106 111 216 186 57 41 88 1835 41 1436 419 61 5514 72 358 52 120
leaf_count=73 71 8723 143 105 73 50 865 11715 3802 1540 59 299 77 313 142 63 304 14597 16148 86 497 335 9257 79 285 90 88 105 539 56 1625 72 614 222 1342 959 69 3095 46 55 1381 62 49 75 1826 106 111 216 186 57 41 88 1835 41 1436 419 61 5514 72 358 52 120
internal_value=0.00136891 0.00258842 0.00211694 -0.000115862 0.00250944 0.00197145 -0.00165831 -0.0011211 0.00218646 -0.000155289 0.00178049 -0.00261949 -0.00473086 -0.000188295 0.000567105 0.00161108 0.000880629 0.000107508 0.00196685 -0.00657534 -0.00257357 -0.00641333 0.00380374 -0.00437086 0.00393149 -0.0012766 -0.0141151 -0.000829013 -0.00230427 -0.00192138 -0.00278224 -0.00249092 -0.00509571 -0.0100881 -0.00294042 -0.00393782 -0.00935065 0.00414109 0.0027422 -0.0048 0.00203788 -0.000445088 -0.00878571 -0.00882192 0.000237053 -0.00140973 -0.00694009 -0.00462805 -0.00252722 -0.00728834 -0.00428117 -0.00486076 0.00412849 -0.0129278 0.00169611 0.000532653 -0.00123529 0.00069057 -0.000369216 -0.00346269 -0.00112994 -0.00738728
internal_weight=92784 50942 39078 41842 33322 23540 1316 16927 22224 5756 18422 748 1266 1178 24915 7615 4196 17300 17674 145 801 449 9782 150 9632 375 138 15661 3233 3128 2589 2533 908 294 1560 1189 230 11864 3141 444 17529 12428 111 218 16856 2259 433 327 348 162 376 157 2038 96 3395 1959 203 5577 12317 602 530 172
internal_count=92784 50942 39078 41842 33322 23540 1316 16927 22224 5756 18422 748 1266 1178 24915 7615 4196 17300 17674 145 801 449 9782 150 9632 375 138 15661 3233 3128 2589 2533 908 294 1560 1189 230 11864 3141 444 17529 12428 111 218 16856 2259 433 327 348 162 376 157 2038 96 3395 1959 203 5577 12317 602 530 172
is_linear=0
shrinkage=0.03


Tree=76
num_leaves=63
num_cat=0
split_feature=11 10 9 1 21 9 14 25 1 17 16 14 14 19 21 21 1 5 25 15 14 25 15 15 17 17 22 14 21 8 8 8 1 25 22 17 1 17 15 22 15 22 15 22 24 14 17 25 14 10 7 26 21 14 8 22 24 17 6 5 17 14
split_gain=178.247 46.2787 34.0012 25.5094 24.9789 18.8876 20.5175 14.8907 13.764 12.2248 12.1688 13.0325 11.6857 9.9827 9.92175 9.58676 9.00754 8.13629 12.5941 8.1015 15.6587 17.8185 8.51599 16.038 8.03075 18.8421 8.01671 10.4771 7.90221 7.89172 13.8754 7.51424 9.17486 7.32746 8.17584 8.25194 13.6042 8.51184 7.40404 7.2369 14.6569 6.91705 11.5331 6.88673 6.82136 8.91593 8.81527 11.5721 7.45006 6.8036 9.09513 15.9496 8.93452 9.79827 7.04304 8.97842 11.1429 10.2248 8.09682 8.04672 6.91279 12.0095
threshold=3549.8550000000005 2840.9250000000006 5499.8550000000005 5.5000000000000009 4642.7366666666676 399.17500000000007 3386.6357569996785 15.095000000000001 2.5000000000000004 2000.5650000000003 4129.4000000000005 1590.6746046670585 762.83547630104783 55524.950000000004 2939.688333333334 5340.6100000000015 4.5000000000000009 -1.0000000180025095e-35 20.445000000000004 4203.6208333333334 2145.6655826879855 17.595000000000002 5628.3374479166678 5664.0127604166673 3022.5000000000005 3454.0150000000003 3156.045239335318 2233.856027306982 3278.771666666667 0.81800285027139286 0.82777578779003613 -0.8611288361322974 3.5000000000000004 20.635000000000002 5150.2051847718258 1000.9650000000001 4.5000000000000009 1325.5050000000003 2702.395260416667 5582.9495740327393 3318.3531770833338 5706.9721428571438 2618.3751041666669 5647.9055890376994 8.6312499999999996 2946.72165742782 2249.3250000000003 17.365000000000006 2725.4721850605183 3790.1600000000003 -0.35041564478062465 10.055000000000001 2396.3194444444448 1731.3443219574312 -0.96687281075841669 5123.3282279265886 3.7000000000000015 2529.3000000000006 -0.70710678118654757 0.84874750804349197 2769.7550000000006 3563.4467932206494
decision_type=2 2 2 2 2 2 2 10 2 2 2 2 2 2 2 2 2 2 10 2 2 10 2 2 2 2 2 2 2 2 2 2 2 10 2 2 2 2 2 2 2 2 2 2 2 2 2 8 2 2 2 8 2 2 2 2 2 2 2 2 2 2
left_child=1 5 4 10 9 6 7 41 17 12 26 -12 -2 15 29 31 -11 -6 -19 20 -16 -22 -21 -24 -25 -26 -3 -28 -18 -5 -31 32 -7 34 -17 36 -36 -37 -38 -33 -41 42 -1 -34 45 46 47 -39 -48 50 51 -13 53 -53 55 -51 57 59 -58 -57 -52 -62
right_child=2 3 -4 14 8 13 -8 -9 -10 16 11 49 -14 -15 19 33 28 18 -20 22 21 -23 23 24 25 -27 27 -29 -30 30 -32 39 43 -35 35 37 38 44 -40 40 -42 -43 -44 -45 -46 -47 48 -49 -50 54 60 52 -54 -55 -56 56 58 -59 -60 -61 61 -63
leaf_value=-0.01593293152715199 -0.0030890418425705657 0.0012698647347156398 0.0048169842307015237 0.0009627564896471021 0.0024987572537139196 0.0012128074013192124 -0.014999046511868777 0.0022047857284604021 -3.6944634391266167e-05 0.0016036964286306977 0.00092454205667131791 0.0010944386604210337 0.0008604414252659701 -0.0073957362699371559 -0.00019911606916709653 0.0004202388480849519 0.0013038295442962665 0.00066186421954211752 -0.0016132890423383697 0.00028739567299345818 -0.0015090453472156101 -0.0046497960572910229 -0.013734611843153543 0.00058437312184839347 -0.0027657205301356144 0.00026248793942055545 -0.0033637426923056732 0.00021380184958892757 0.00022822211949886763 -0.0041773768209495627 9.870088647347919e-05 -0.00010779759667353797 -0.0019773711936374575 0.0016309027863730923 -0.0034357023812534903 0.0011488270800655521 0.0015141871899348289 -0.015310330704859019 -0.017324301689285792 0.0015274753419343855 -0.0090568132340417551 -0.0060830859278561081 0.0033378453422528882 0.0019152339890472706 -0.00057771284319730102 -0.0052553677590879803 -0.009326363470635507 -1.1169923881990667e-05 -0.00094418067933537179 0.004684249187210953 0.00064126291029997144 4.1606861263905837e-05 -0.00022362855574666336 -0.0013896311843981351 0.0013918568458184154 -0.0015228327443918036 -0.010318139620778337 -0.0041525446884616733 0.003191062934856556 0.0009140928654866328 0.00014300280317296795 -0.00096417660897067843
leaf_weight=134 106 44 11174 637 2222 1018 129 310 5091 11631 3164 1345 6511 236 953 625 1689 1865 51 1902 489 175 118 476 232 305 77 52 2117 45 353 15815 235 125 710 386 40 130 247 129 198 53 84 147 1083 214 47 630 47 111 6848 146 3711 194 2867 45 40 44 119 41 2888 57
leaf_count=134 106 44 11174 637 2222 1018 129 310 5091 11631 3164 1345 6511 236 953 625 1689 1865 51 1902 489 175 118 476 232 305 77 52 2117 45 353 15815 235 125 710 386 40 130 247 129 198 53 84 147 1083 214 47 630 47 111 6848 146 3711 194 2867 45 40 44 119 41 2888 57
internal_value=0.00136797 0.000158803 0.00279905 0.000987591 0.00229152 -0.000841259 -0.00565401 -0.00323711 0.000980932 0.0028399 0.00145444 0.00151797 0.00176065 -0.000686126 -0.00080197 -0.0006196 0.00330237 0.00226576 0.000832551 -0.00139325 -0.00310754 -0.0066406 -0.000478576 -0.00253887 -0.00131361 -0.00382528 -0.00644828 -0.0102 0.00203467 0.00185328 -0.00145865 -0.000308841 0.00179872 -0.00189172 -0.00210721 -0.00266648 -0.00497796 -0.0017565 -0.0104792 -0.00049173 -0.00490244 -0.00836029 -0.00594521 -0.00216188 -0.00249257 -0.0041927 -0.00281404 -0.00173456 -0.0114316 0.00121287 0.000945622 -4.33574e-05 -0.000983218 -0.0056305 0.00245471 -0.00127182 -0.00405517 -0.0105344 0.001275 -0.00441379 0.0014905 0.000274949
internal_weight=92707 50250 42457 27478 31283 22772 710 581 9229 22054 21793 21620 6617 22062 5685 21826 15437 4138 1916 4650 1617 664 3033 1131 1013 537 173 129 3806 1035 398 17542 1400 4284 4159 3534 997 2537 287 16142 327 271 218 382 2151 1068 854 760 94 18456 15189 5396 4051 340 3267 400 289 130 159 86 9793 2945
internal_count=92707 50250 42457 27478 31283 22772 710 581 9229 22054 21793 21620 6617 22062 5685 21826 15437 4138 1916 4650 1617 664 3033 1131 1013 537 173 129 3806 1035 398 17542 1400 4284 4159 3534 997 2537 287 16142 327 271 218 382 2151 1068 854 760 94 18456 15189 5396 4051 340 3267 400 289 130 159 86 9793 2945
is_linear=0
shrinkage=0.03


end of trees

feature_importances:
dow=396
load_roll7d_mean=391
p_lag_1d=350
p_roll7d_mean=249
bidgap_lag_1d=246
p_prevday_mean=230
p_prevday_min=226
doy_sin=220
p_roll7d_std=206
doy_cos=197
load_lag_2d=195
p_lag_2d=187
block=173
coal_days_of_stock=168
coal_stock_trend_7d=160
is_holiday=156
p_lag_7d=150
coal_critical_pct=134
pb_lag_1d=133
p_prevday_max=126
hour_cos=104
temp_c=90
sb_lag_1d=66
cdh=65
month=51
is_weekend=51
hour_sin=39
p_roll7d_max=15

parameters:
[boosting: gbdt]
[objective: quantile]
[metric: quantile]
[tree_learner: serial]
[device_type: cpu]
[data_sample_strategy: bagging]
[data: ]
[valid: ]
[num_iterations: 2000]
[learning_rate: 0.03]
[num_leaves: 63]
[num_threads: 16]
[seed: 42]
[deterministic: 0]
[force_col_wise: 0]
[force_row_wise: 0]
[histogram_pool_size: -1]
[max_depth: -1]
[min_data_in_leaf: 40]
[min_sum_hessian_in_leaf: 0.001]
[bagging_fraction: 0.8]
[pos_bagging_fraction: 1]
[neg_bagging_fraction: 1]
[bagging_freq: 1]
[bagging_seed: 400]
[bagging_by_query: 0]
[feature_fraction: 0.8]
[feature_fraction_bynode: 1]
[feature_fraction_seed: 30056]
[extra_trees: 0]
[extra_seed: 12879]
[early_stopping_round: 0]
[early_stopping_min_delta: 0]
[first_metric_only: 0]
[max_delta_step: 0]
[lambda_l1: 0]
[lambda_l2: 1]
[linear_lambda: 0]
[min_gain_to_split: 0]
[drop_rate: 0.1]
[max_drop: 50]
[skip_drop: 0.5]
[xgboost_dart_mode: 0]
[uniform_drop: 0]
[drop_seed: 17869]
[top_rate: 0.2]
[other_rate: 0.1]
[min_data_per_group: 100]
[max_cat_threshold: 32]
[cat_l2: 10]
[cat_smooth: 10]
[max_cat_to_onehot: 4]
[top_k: 20]
[monotone_constraints: ]
[monotone_constraints_method: basic]
[monotone_penalty: 0]
[feature_contri: ]
[forcedsplits_filename: ]
[refit_decay_rate: 0.9]
[cegb_tradeoff: 1]
[cegb_penalty_split: 0]
[cegb_penalty_feature_lazy: ]
[cegb_penalty_feature_coupled: ]
[path_smooth: 0]
[interaction_constraints: ]
[verbosity: -1]
[saved_feature_importance_type: 0]
[use_quantized_grad: 0]
[num_grad_quant_bins: 4]
[quant_train_renew_leaf: 0]
[stochastic_rounding: 1]
[linear_tree: 0]
[max_bin: 255]
[max_bin_by_feature: ]
[min_data_in_bin: 3]
[bin_construct_sample_cnt: 200000]
[data_random_seed: 175]
[is_enable_sparse: 1]
[enable_bundle: 1]
[use_missing: 1]
[zero_as_missing: 0]
[feature_pre_filter: 1]
[pre_partition: 0]
[two_round: 0]
[header: 0]
[label_column: ]
[weight_column: ]
[group_column: ]
[ignore_column: ]
[categorical_feature: ]
[forcedbins_filename: ]
[precise_float_parser: 0]
[parser_config_file: ]
[objective_seed: 16083]
[num_class: 1]
[is_unbalance: 0]
[scale_pos_weight: 1]
[sigmoid: 1]
[boost_from_average: 1]
[reg_sqrt: 0]
[alpha: 0.2]
[fair_c: 1]
[poisson_max_delta_step: 0.7]
[tweedie_variance_power: 1.5]
[lambdarank_truncation_level: 30]
[lambdarank_norm: 1]
[label_gain: ]
[lambdarank_position_bias_regularization: 0]
[eval_at: ]
[multi_error_top_k: 1]
[auc_mu_weights: ]
[num_machines: 1]
[local_listen_port: 12400]
[time_out: 120]
[machine_list_filename: ]
[machines: ]
[gpu_platform_id: -1]
[gpu_device_id: -1]
[gpu_use_dp: 0]
[num_gpu: 1]

end of parameters

pandas_categorical:[]
