tree
version=v4
num_class=1
num_tree_per_iteration=1
label_index=0
max_feature_idx=34
objective=regression
feature_names=block dow month is_weekend is_holiday hour_sin hour_cos doy_sin doy_cos r_lag_1d r_lag_2d r_lag_7d r_roll7d_mean r_roll7d_std r_block7d_mean r_prevday_mean r_prevday_max r_prevday_min d_lag_1d d_lag_7d d_prevday_mean d_prevday_max spread_lag_1d spread_block7d_mean ratio_block7d_mean rbid_lag_1d sbid_lag_1d rbidgap_lag_1d load_lag_2d temp_c cdh dam_now dam_day_mean dam_day_max dam_rank_in_day
feature_infos=[0:95] [0:6] [1:12] [0:1] [0:1] [-1:1] [-1:1] [-0.9999994220246925:0.99998555065071859] [-0.83966463461813268:0.9999907524084426] [0:10000] [0:10000] [0:10000] [2201.0644791666668:6371.9388095238091] [1041.3818280359974:3792.7750439018496] [95.387142857142848:10000] [1411.6477083333332:6804.6373958333324] [3093.7199999999998:10000] [0:2700.2600000000002] [49.509999999999998:10000] [49.509999999999998:10000] [1516.4342708333334:7244.1147916666669] [2829.5799999999999:10000] [-9195.3099999999995:6520.9099999999999] [-5349.4457142857145:3826.9414285714292] [0.22786386403489758:3.5141676795876586] [0:81869.699999999997] [0:51470.199999999997] [-44002.200000000004:80953.5] [1635.0666666666666:7023.5500000000002] [4.5:42.049999999999997] [0:18.049999999999997] [49.509999999999998:10000] [1516.4342708333334:7244.1147916666669] [2829.5799999999999:10000] [0.010416666666666666:1]
tree_sizes=5270 5659 5669 5685 5656 5679 5656 5651 5659 5636 5648 5665 5643 5657 5677 5655 5688 5685 5689 5677 5676 5680 5665 5680 5678 5659 5677 5705 5686 5685 5701 5686 5709 5727 5677 5710 5682 5669 5718 5711 5683 5707 5725 5734 5704 5714 5715 5735 5688 5697 5697 5749 5721 5726 5719 5725 5721 5741 5722 5739 5723 5716 5735 5712 5703 5722 5732 5745 5745 5743 5721 5751 5739 5749 5720 5721 5731 5716

Tree=0
num_leaves=63
num_cat=0
split_feature=14 31 14 33 15 9 33 17 9 7 14 6 33 16 31 24 11 31 8 17 31 10 31 13 34 31 32 16 31 10 31 16 13 18 28 14 28 16 21 1 8 23 9 23 22 18 20 9 22 9 5 10 20 7 13 22 31 17 18 8 21 7
split_gain=3319.46 1570.44 754.188 351.165 220.654 200.094 185.14 112.574 112.048 105.792 90.4501 88.5131 68.5928 52.6985 49.3357 48.0199 41.3805 38.5183 38.294 37.9468 34.2671 27.025 25.3177 23.6453 22.4118 21.4469 21.3548 20.1851 19.7952 18.7141 16.5057 16.279 15.1605 14.459 14.036 13.6803 13.5205 12.0773 14.0822 11.8679 14.7396 11.3697 10.7284 10.4088 10.1839 16.0604 18.4038 9.97785 9.64353 9.24357 9.20477 11.6074 8.97927 9.39754 8.78733 8.77401 8.23548 8.04106 7.1324 6.58701 6.5458 6.4264
threshold=2479.4235714285719 5000.0850000000009 1580.6907142857146 5474.9750000000013 1939.7336979166669 3375.5150000000008 5500.5800000000008 193.64000000000001 5468.5100000000011 -0.8821812062722818 944.81857142857154 -0.68322629814330815 4466.2650000000003 3848.1550000000002 2754.1450000000004 0.68648301289510505 99.905000000000015 4063.0700000000006 0.18281312110578132 99.095000000000013 2000.5150000000001 399.86500000000007 9999.9950000000008 1678.9824797221636 0.41145833333333343 1001.6650000000001 2957.5646875000002 3362.7800000000002 9999.9950000000008 1885.8050000000001 983.40500000000009 4429.5550000000012 2347.3107883455627 1890.7850000000001 5965.7766666666676 3014.0042857142862 6223.1458333333348 6886.3250000000007 9499.2650000000012 5.5000000000000009 0.61067742788105683 -79.914285714285612 3677.4850000000001 233.75714285714284 59.049999999999734 1929.0500000000002 3571.8685416666672 2319.0950000000007 -2573.8099999999999 999.66000000000008 0.16280825711809011 1448.2950000000003 6913.9380729166669 0.99374995976406788 2656.5918640042214 1277.1500000000001 3107.8750000000005 274.08000000000004 1499.7500000000002 0.34033495509342487 5396.4750000000013 -0.80924678377697201
decision_type=2 2 2 2 2 2 2 2 2 2 2 2 2 2 2 2 2 2 2 2 2 2 2 2 2 2 2 2 2 2 2 2 2 2 2 2 2 2 2 2 2 2 2 2 2 2 2 2 2 2 2 2 2 2 2 2 2 2 2 2 2 2
left_child=2 5 3 12 9 14 7 11 28 23 15 19 -1 26 31 21 -14 56 29 -4 37 -6 -10 -5 -13 50 -8 -16 42 -9 -21 32 60 -31 -30 -29 52 38 -15 -39 -41 -18 61 -40 45 46 -27 54 -37 57 51 -12 53 -24 -22 59 -7 -17 -20 -19 -2 -3
right_child=1 8 6 4 10 17 13 18 22 -11 25 24 16 20 27 49 41 55 58 30 47 -23 36 -25 -26 44 -28 35 34 33 -32 -33 -34 -35 -36 48 -38 39 43 40 -42 -43 -44 -45 -46 -47 -48 -49 -50 -51 -52 -53 -54 -55 -56 -57 -58 -59 -60 -61 -62 -63
leaf_value=7.8662366842293752 7.9585696412217715 7.965299244214866 7.8874608988429387 7.9355099728946028 7.8957597419984724 7.9655826792944024 7.9455925009631772 7.9466026521434827 7.9871548955888096 7.865955758966833 7.921401172251012 7.9290035335056794 7.8830701988509224 7.949547448225772 7.9441622267599348 7.9350460616975802 7.9049581968177645 7.9712720380927937 7.9411716218377588 7.9061397373214799 7.9548357623749482 7.9271511762200069 7.9973569204827326 7.9052836262399344 7.9565347156875088 7.9424461550793328 7.9178233808332497 7.9623206084685849 7.9893795166795893 7.9116187131862858 7.9332674978251916 7.9599027065617856 7.9385764850851679 7.9375943058008929 7.9760089175942284 7.9545208436611015 7.9824281906684469 7.9528127962396429 7.9441366852350779 7.9286719608886163 7.9542670079697517 7.9247918054241238 7.981649940505136 7.9242528499974823 7.9481661955706917 7.9497037416165783 7.9213412296194061 7.9581839230133733 7.9661556165202576 7.9397923142093054 7.9413474374642412 7.9412646144863475 7.984272141523455 7.9820000116626151 7.9423860040938301 7.9812814856862468 7.9693522726835813 7.9163641930128144 7.9542707652547753 7.9754722257307264 7.9504546734807731 7.9769704673910509
leaf_weight=62 247 60 61 45 69 694 55 59 403 55 78 56 61 220 44 52 64 624 44 44 1121 45 1345 56 51 107 48 1713 435 42 45 1878 53 42 88 65 70 924 64 42 40 62 590 41 388 108 60 1165 2318 95 99 46 59 41 53 149 2123 45 247 756 141 148
leaf_count=62 247 60 61 45 69 694 55 59 403 55 78 56 61 220 44 52 64 624 44 44 1121 45 1345 56 51 107 48 1713 435 42 45 1878 53 42 88 65 70 924 64 42 40 62 590 41 388 108 60 1165 2318 95 99 46 59 41 53 149 2123 45 247 756 141 148
internal_value=7.96302 7.97103 7.94446 7.92678 7.93286 7.96553 7.9508 7.93653 7.98935 7.89938 7.9373 7.92081 7.89407 7.95342 7.96218 7.92323 7.90377 7.97051 7.94591 7.90598 7.95402 7.90773 7.99398 7.91835 7.94194 7.9422 7.93234 7.96415 7.98259 7.93324 7.91937 7.95868 7.9535 7.92415 7.98716 7.96437 7.99578 7.95017 7.94513 7.95182 7.9409 7.91434 7.97958 7.93608 7.94496 7.9405 7.93466 7.95621 7.96583 7.93266 7.9341 7.92854 7.99642 7.99692 7.95426 7.97434 7.96842 7.92599 7.95222 7.97358 7.9556 7.97363
internal_weight=20105 14044 6061 1597 1348 10805 4464 691 3239 156 1192 257 249 3773 6459 306 187 4346 434 150 3670 114 1918 101 107 886 103 4140 1321 143 89 2319 441 84 523 4096 1515 1331 325 1006 82 126 798 105 663 275 167 2339 2383 192 223 124 1445 1386 1174 1529 2817 97 291 1380 388 208
internal_count=20105 14044 6061 1597 1348 10805 4464 691 3239 156 1192 257 249 3773 6459 306 187 4346 434 150 3670 114 1918 101 107 886 103 4140 1321 143 89 2319 441 84 523 4096 1515 1331 325 1006 82 126 798 105 663 275 167 2339 2383 192 223 124 1445 1386 1174 1529 2817 97 291 1380 388 208
is_linear=0
shrinkage=1


Tree=1
num_leaves=63
num_cat=0
split_feature=9 9 9 1 6 15 19 11 17 34 9 24 32 12 1 20 32 7 6 16 1 9 32 34 12 13 25 0 12 7 15 34 1 7 7 33 8 34 32 16 12 34 28 11 13 17 32 7 32 9 19 24 33 32 33 0 16 12 32 6 8 25
split_gain=2973.26 983.729 861.569 349.891 174.678 327.874 130.518 127.705 117.403 113.173 111.043 100.384 81.0899 66.7613 62.4917 53.7807 36.3156 36.1292 35.7942 71.6197 35.0346 35.0036 30.6349 29.8537 28.4276 26.5525 25.8511 24.6311 18.3437 17.9984 17.1231 16.8564 16.2244 39.6901 17.5498 16.1166 17.195 15.3997 17.4696 14.7489 13.6048 12.8239 12.4389 12.0436 10.5859 10.3954 10.1713 8.96762 8.86077 8.65997 8.21139 8.1633 8.03714 7.86986 7.80593 7.51658 7.40703 7.3692 7.16081 7.03558 6.60195 6.55758
threshold=2849.9350000000004 4543.1900000000014 1819.7250000000001 5.5000000000000009 -0.83146961230254512 2197.0835416666673 1999.6850000000002 1192.6750000000002 22.185000000000006 0.71354166666666685 9999.9850000000024 0.55037518267569985 2559.1267187500002 2643.1717931547623 5.5000000000000009 2546.3523437500003 4018.8450520833335 0.98372640911059162 -0.41248606129204529 3615.7600000000007 5.5000000000000009 3414.8150000000005 3691.0873437500004 0.41927083333333343 2848.4135342261911 2179.4365469150875 7568.5500000000011 49.500000000000007 2523.8042485119054 0.99552231814189451 1939.7336979166669 0.95052083333333337 5.5000000000000009 0.95242846126021108 -0.99763297024448894 4764.3650000000007 0.31595530242620651 0.85677083333333337 5534.1035416666673 3362.7800000000002 5329.2672470238103 0.89843750000000011 6223.1458333333348 2680.6750000000006 1943.7260888756246 399.14500000000004 2962.4200000000005 0.97508442350096236 3044.23 2499.9250000000006 4249.0750000000016 0.93923099764249274 6000.880000000001 4058.0471354166671 8845.595000000003 49.500000000000007 4598.6950000000006 3398.9169866071434 3691.0873437500004 0.956427977892087 -0.39233249306308043 15222.700000000003
decision_type=2 2 2 2 2 2 2 2 2 2 2 2 2 2 2 2 2 2 2 2 2 2 2 2 2 2 2 2 2 2 2 2 2 2 2 2 2 2 2 2 2 2 2 2 2 2 2 2 2 2 2 2 2 2 2 2 2 2 2 2 2 2
left_child=2 9 3 4 5 8 12 17 24 21 20 -7 13 -4 29 -10 31 45 19 -6 37 43 25 35 -1 28 -9 -27 55 42 -21 46 34 -34 -14 36 -8 38 -3 -25 -16 -18 61 -2 -15 -5 -11 -24 59 -37 56 -49 -33 -39 -23 -13 -20 -46 -32 -41 -36 -12
right_child=1 10 6 7 18 11 23 26 15 16 14 22 32 44 40 -17 41 -19 50 30 -22 54 47 39 -26 27 -28 -29 -30 -31 58 52 33 -35 60 49 -38 53 -40 48 -42 -43 -44 -45 57 -47 -48 51 -50 -51 -52 -53 -54 -55 -56 -57 -58 -59 -60 -61 -62 -63
leaf_value=-0.057585838873719063 -0.0021819477161860528 0.014651222268585114 -0.060262935650798502 -0.054697232329183151 -0.052322120699539502 -0.065907617873128724 -0.028734650213066169 -0.020308083832081009 -0.064405527656015593 0.0040480459827727973 0.030470367783742833 -0.026924294484289069 -0.025451359375464645 -0.013950363246893339 0.012165275268256665 -0.10890830688178539 0.013838390871272262 -0.10044005480347847 -0.014328686487835298 -0.029976446393393693 0.0080433959618178164 0.0012695348437952894 -0.014186533959952627 -0.019043715617486408 -0.022625164020320644 -0.027821814160089237 -0.048874001287497006 -0.055851996085223024 -0.020419972872497357 0.013251214199604427 -0.016538422044020059 0.0077916594065027302 -0.01226096511637906 -0.045207440069941582 -0.015614011644707127 -0.0073101498447808158 -0.0074233793889704565 0.020879572198549405 0.027234532659903408 -0.0018832270075178953 0.031238352874430213 0.024556210449134763 0.016758197574895252 0.0015701385920925601 -0.038468966366989266 -0.076893000428018901 0.0086518744047454493 -0.034598499896914464 0.00094270584185752299 -0.0037459501853398585 0.0030414816996723903 -0.01544883876107633 0.02170656033469872 0.028042440694682768 0.006261929201783761 -0.044745982229709623 -0.0050505576626337888 -0.021236906626051471 -0.008596062187645687 -0.0087207224128923976 -0.0086696769791019101 0.034988138561838127
leaf_weight=42 1113 547 52 53 52 50 58 55 56 681 657 56 65 87 209 55 463 48 135 64 256 342 341 41 45 73 64 50 359 48 257 59 146 42 141 1595 83 394 123 628 40 131 48 2492 41 57 1194 42 929 1003 60 43 109 238 1618 44 184 61 176 172 1049 711
leaf_count=42 1113 547 52 53 52 50 58 55 56 681 657 56 65 87 209 55 463 48 135 64 256 342 341 41 45 73 64 50 359 48 257 59 146 42 141 1595 83 394 123 628 40 131 48 2492 41 57 1194 42 929 1003 60 43 109 238 1618 44 184 61 176 172 1049 711
internal_value=0.00012768 0.0101416 -0.0131478 -0.0281603 -0.0241106 -0.0314035 -0.00717849 -0.0598887 -0.0667685 0.00459278 0.0240494 -0.0247283 -0.0143029 -0.0303882 0.0293273 -0.087232 0.00971092 -0.0775787 -0.0142169 -0.019109 0.0182314 0.00216622 -0.0226224 -0.00451512 -0.0399653 -0.0271127 -0.0359505 -0.0395747 -0.0236944 0.0316939 -0.0155359 0.00780576 -0.0115972 -0.0198216 -0.0103504 -0.00647695 -0.0163303 0.0202268 0.0169984 -0.00147733 0.0153419 0.0162394 0.0323093 0.000411444 -0.0218948 -0.0667878 0.00698281 -0.0164386 -0.00105001 -0.0059361 -0.00709875 -0.0252033 0.0168948 0.023617 0.0053919 -0.0351312 -0.00900955 -0.0284698 -0.0133374 -0.00336234 -0.00950491 0.0328423
internal_weight=20127 11473 8654 2461 2184 1256 6193 277 198 8202 3271 1058 1684 241 1713 111 2637 158 928 549 1558 5565 1008 4509 87 582 119 123 459 1464 497 2043 1443 188 1255 2739 141 1302 670 1770 249 594 1416 3605 189 110 1875 426 1729 2598 379 85 168 632 1960 100 319 102 433 800 1190 1368
internal_count=20127 11473 8654 2461 2184 1256 6193 277 198 8202 3271 1058 1684 241 1713 111 2637 158 928 549 1558 5565 1008 4509 87 582 119 123 459 1464 497 2043 1443 188 1255 2739 141 1302 670 1770 249 594 1416 3605 189 110 1875 426 1729 2598 379 85 168 632 1960 100 319 102 433 800 1190 1368
is_linear=0
shrinkage=0.03


Tree=2
num_leaves=63
num_cat=0
split_feature=14 31 27 1 15 27 8 24 31 31 21 26 14 16 32 31 31 31 27 12 27 8 13 1 32 16 24 27 10 15 15 0 32 26 25 16 28 14 23 32 20 2 32 14 31 28 24 0 13 27 30 12 20 8 23 21 13 28 29 28 8 2
split_gain=2972.53 1373.1 742.825 340.138 348.711 160.91 137.181 122.663 114.746 103.605 72.5451 59.8936 46.3617 39.3998 38.0938 37.6463 37.072 36.4214 31.5507 30.8364 29.2707 28.4966 28.3661 25.761 25.0407 21.4228 20.9331 18.0075 17.9135 14.4312 25.5154 13.9791 18.7485 14.7953 13.3803 13.119 12.7369 12.1078 11.9574 11.6408 27.6107 12.5228 11.1971 10.9814 10.3039 10.2689 10.0391 9.72311 9.3122 8.43199 8.25912 9.74105 6.90199 6.65137 5.99136 5.78252 5.59058 5.57301 5.55688 5.30648 5.24667 5.13498
threshold=2491.1814285714295 5000.0850000000009 -18614.950000000001 5.5000000000000009 2197.0835416666673 -3932.5499999999997 -0.46989712924132493 0.69447979185523845 1400.1200000000001 9999.9950000000008 6451.7750000000005 36429.200000000004 1379.4228571428573 3816.5150000000008 3251.0708854166674 4360.6600000000008 2780.3950000000004 2188.9400000000001 3808.6500000000005 2601.21709077381 -24833.649999999998 0.11478523713130605 1678.9824797221636 1.5000000000000002 6466.1892708333335 3362.7800000000002 0.55037518267569985 585.9000000000002 1335.1900000000003 3291.6371354166672 3173.76125 55.500000000000007 2604.2039062500003 23929.300000000007 6921.8500000000013 5421.3750000000009 5965.7766666666676 3051.7442857142864 -167.06071428571423 2559.1267187500002 3002.9783333333339 8.5000000000000018 6481.8408333333346 1343.4850000000004 3116.3100000000009 6223.1458333333348 0.98962895388298822 49.500000000000007 2198.3153126176762 -8076.4999999999991 7.5437500000000002 3644.057261904763 6913.9380729166669 0.97648852793709995 506.00285714285729 4750.5100000000011 2415.6233987789033 5159.1833333333352 28.306250000000002 6184.1533333333346 0.30778899014954286 6.0000000000000009
decision_type=2 2 2 2 2 2 2 2 2 2 2 2 2 2 2 2 2 2 2 2 2 2 2 2 2 2 2 2 2 2 2 2 2 2 2 2 2 2 2 2 2 2 2 2 2 2 2 2 2 2 2 2 2 2 2 2 2 2 2 2 2 2
left_child=2 5 3 4 6 16 -1 26 14 27 22 12 -5 34 21 44 35 24 36 -12 23 31 -8 -9 39 -18 -6 61 -25 30 43 32 33 -4 -10 38 42 55 56 40 -15 50 -11 -22 -7 52 57 -14 -30 -19 51 -41 -20 -17 -37 -27 -2 -46 -38 -57 -29 -3
right_child=1 9 8 11 7 15 10 20 13 18 19 -13 47 17 -16 53 25 49 45 -21 29 -23 -24 28 -26 37 -28 60 48 -31 -32 -33 -34 -35 -36 54 58 -39 -40 41 -42 -43 -44 -45 46 -47 -48 -49 -50 -51 -52 -53 -54 -55 -56 59 -58 -59 -60 -61 -62 -63
leaf_value=-0.095802791904319409 -0.010718640929524185 0.015685139302194541 -0.038040323684258116 -0.076973850484247555 -0.065277424681072047 0.0012942101483395163 -0.020400778230234798 -0.016675702587287455 -0.017253595799688371 0.026877611410111638 -0.045339159537916597 -0.10097116104581139 -0.053591321007563517 -0.0090346055629197519 -0.01197765849062196 0.01064000256333068 -0.01849107869064473 -0.006563573674706856 0.032801725683929424 -0.080543576393087027 -0.023992766865218677 -0.018404203303731406 -0.047638264053384768 -0.044944073039072531 -0.034549347874043242 -0.0090572783996520391 -0.038846329462689323 0.017383508820086716 -0.016911911712638263 -0.011367178121266381 -0.038885273685057953 -0.021617055752751777 -0.024761642717811113 -0.062049132199449963 -0.039369996382233999 -0.0030003175555025799 0.0055946721250145891 0.0030385289343602445 -0.0051858659269118845 -0.012557227636259832 -0.039661657659869114 -0.0075380449544141604 0.013192135544848584 -0.013978634454291613 0.0053512667360222201 0.017873400695183696 0.0079257138802558986 -0.031973653446610385 -0.036145793391125537 -0.0017484418685300301 -0.0073894999898171092 -0.021931438477927421 0.019716872463256797 0.017165926222853803 0.001376842481483306 0.00026731047425801897 -0.024588037010814461 0.0011640017765170531 0.019390076760606594 -0.010172895005904138 0.023007674779280691 0.0093821602436208029
leaf_weight=65 78 311 69 80 51 503 82 134 61 635 45 43 51 74 163 930 48 1707 1156 58 143 129 62 80 41 65 73 269 57 359 53 48 50 43 44 1442 40 2056 549 403 41 747 62 342 1174 50 1279 40 41 406 175 136 43 169 349 1664 41 379 82 44 410 196
leaf_count=65 78 311 69 80 51 503 82 134 61 635 45 43 51 74 163 930 48 1707 1156 58 143 129 62 80 41 65 73 269 57 359 53 48 50 43 44 1442 40 2056 549 403 41 747 62 342 1174 50 1279 40 41 406 175 136 43 169 349 1664 41 379 82 44 410 196
internal_value=-2.40493e-05 0.00762155 -0.0173275 -0.0331891 -0.0285276 0.00246084 -0.0570451 -0.0218151 -0.0105225 0.0246963 -0.0465006 -0.0687222 -0.060073 -0.00875255 -0.0239999 0.00684359 -0.000606842 -0.00823731 0.0287553 -0.0657468 -0.0188697 -0.0297283 -0.0323757 -0.0268074 -0.0116262 0.00122066 -0.0501524 0.0176005 -0.0342988 -0.016082 -0.0192012 -0.0365643 -0.0408333 -0.0477255 -0.0268054 -0.0034875 0.0241025 0.00147252 -0.00707279 -0.0110083 -0.0202016 -0.0102714 0.0256809 -0.0169745 0.00525397 0.0317845 0.00595657 -0.0445399 -0.0252426 -0.00563964 -0.0131165 -0.0149588 0.0323493 0.0116582 -0.00214708 -0.000344131 -0.0156623 0.0043308 0.0149493 -7.43612e-06 0.0208084 0.0132718
internal_weight=20220 14024 6196 1859 1645 10770 312 1333 4337 3254 247 214 171 3835 502 4434 6336 3730 2068 103 1209 339 144 312 1617 3877 124 1186 178 897 538 210 162 112 105 2459 819 3829 668 1576 115 1461 697 485 3335 1249 2832 91 98 2113 714 539 1199 1099 1791 1773 119 1553 122 1708 679 507
internal_count=20220 14024 6196 1859 1645 10770 312 1333 4337 3254 247 214 171 3835 502 4434 6336 3730 2068 103 1209 339 144 312 1617 3877 124 1186 178 897 538 210 162 112 105 2459 819 3829 668 1576 115 1461 697 485 3335 1249 2832 91 98 2113 714 539 1199 1099 1791 1773 119 1553 122 1708 679 507
is_linear=0
shrinkage=0.03


Tree=3
num_leaves=63
num_cat=0
split_feature=14 31 27 31 33 8 31 31 33 15 29 24 14 20 15 31 31 23 31 22 27 7 12 7 27 22 13 29 17 33 14 14 28 21 26 0 20 22 18 31 20 32 26 28 22 31 8 24 13 33 14 23 22 7 15 19 8 22 8 7 20 18
split_gain=2853.2 1282.53 687.368 247.716 174.417 185.983 148.615 102.483 93.0357 90.5128 83.0271 71.7142 64.2943 57.5225 48.2886 47.3742 46.1409 42.6151 39.269 31.8363 25.8881 25.7198 19.7854 17.9751 17.787 17.6505 21.1959 16.822 16.6265 16.0127 15.2698 15.2629 14.4552 13.4241 12.8525 12.841 12.7866 11.9354 11.6982 11.428 11.0334 22.1263 21.8886 10.0566 9.55013 10.5175 9.3501 9.09929 8.41158 8.33821 8.06494 7.78205 7.6143 7.52236 7.5081 7.28502 7.24924 7.02656 6.60483 6.27661 6.13552 5.83787
threshold=2501.0321428571433 5000.0850000000009 -23700.149999999994 1500.1150000000002 5499.3350000000009 -0.45464412999974241 3500.5550000000007 9999.9950000000008 4764.3650000000007 2197.0835416666673 26.731250000000006 0.55037518267569985 1580.6907142857146 3115.6510416666674 1839.3738541666669 2080.3700000000003 983.40500000000009 -51.977142857142837 2691.2750000000001 -5.50999999999999 -2428.8999999999992 -0.95995996396290595 2438.0818452380959 -0.99630266176052629 1.0000000180025095e-35 76.529999999999873 2651.6063810485211 24.006250000000005 49.745000000000012 4750.5100000000011 3062.809285714286 1301.592142857143 4160.1783333333342 4339.8900000000003 36429.200000000004 85.500000000000014 2546.3523437500003 -534.64499999999987 1238.3100000000002 4569.7050000000008 3596.0298958333337 4235.1539062500005 29087.700000000001 6223.1458333333348 -1920.1499999999999 2420.4650000000006 -0.39233249306308043 1.0500527489507916 1937.7209575125573 4750.5100000000011 1609.9785714285717 368.45285714285711 -1370.0449999999996 0.97696484778429815 2483.2945833333338 983.08500000000015 0.3484035575467645 -2358.6899999999991 0.30778899014954286 0.98522604642031408 6913.9380729166669 1999.1850000000002
decision_type=2 2 2 2 2 2 2 2 2 2 2 2 2 2 2 2 2 2 2 2 2 2 2 2 2 2 2 2 2 2 2 2 2 2 2 2 2 2 2 2 2 2 2 2 2 2 2 2 2 2 2 2 2 2 2 2 2 2 2 2 2 2
left_child=2 6 4 8 13 -6 18 24 12 10 27 -7 -4 17 -10 23 47 -1 37 35 57 50 -23 -11 52 26 28 -5 -25 -17 33 38 -14 -20 -15 -9 -29 56 -18 49 -24 42 -42 59 -31 -46 48 -13 -27 -22 -16 -48 -3 -39 -32 -43 -2 -8 -26 60 -21 -30
right_child=1 7 3 9 5 11 20 19 14 15 -12 16 32 34 21 29 31 -19 30 43 39 22 40 25 58 46 -28 36 61 44 54 -33 -34 -35 -36 -37 -38 53 -40 -41 41 55 -44 -45 45 -47 51 -49 -50 -51 -52 -53 -54 -55 -56 -57 -58 -59 -60 -61 -62 -63
leaf_value=-0.07089277978454317 -0.01530800267281991 0.0071596381021338355 -0.071613679023112276 -0.0077604808551259329 -0.091420912377688346 -0.06722564622759819 -0.0050651644624304026 0.024659475063284239 -0.045467767518473 -0.026700800686608999 -0.061194522664618667 -0.050187841014315684 -0.017327505724459159 -0.068686008819124914 -0.01823287692320134 -0.024656973002212385 -0.022420873786211014 -0.026831219834940773 -0.014934170103809135 0.031916879497539255 -0.0015509050019318238 -0.04133428771335345 -0.016718182989813105 -0.030168394943078356 0.016180041930424945 -0.028323941811374046 -0.033693693971727043 -0.016782765377202403 -0.016059926025205094 -0.018336057752286167 -0.0011977589234313064 -0.015962947248755133 -0.040155092625159629 -5.1881556735771993e-05 -0.096347855394536802 0.014128297826518183 -0.038927161192418576 -0.0024389384495247359 -0.038941205557315582 0.012846822232874158 -0.02598102241968937 -0.023407395679731758 -0.051101682477219156 0.017608107406842079 -0.0078019382530707965 -0.0038322733810841206 -0.010899769369216245 -0.032635055757680179 -0.011791319425392429 0.0084113000984108021 -0.0075617300118019266 -0.0050942927429624687 0.01545633277429783 -0.014853371005505323 0.0037207526748312385 -0.0076772090808428341 -0.0047703641846962271 0.0046625616290778367 0.021913268353113424 0.019034998550672422 0.020165809335339131 -0.0096179049636621848
leaf_weight=41 113 178 58 79 48 43 69 512 72 79 52 71 40 43 111 41 124 41 55 1262 79 51 238 53 321 40 55 58 238 54 323 203 78 2106 54 137 42 1932 61 578 138 48 42 56 1119 1304 474 58 95 1626 154 375 234 44 2045 61 124 1573 478 43 48 286
leaf_count=41 113 178 58 79 48 43 69 512 72 79 52 71 40 43 111 41 124 41 55 1262 79 51 238 53 321 40 55 58 238 54 323 203 78 2106 54 137 42 1932 61 578 138 48 42 56 1119 1304 474 58 95 1626 154 375 234 44 2045 61 124 1573 478 43 48 286
internal_value=-5.64132e-05 0.00752666 -0.0167708 -0.0130358 -0.0429894 -0.0352216 0.00248767 0.0239635 -0.0258406 -0.00988714 -0.0281388 -0.0302501 -0.0458073 -0.0690318 -0.0219542 -0.00887995 -0.027051 -0.0494507 -0.000214344 0.0280429 0.0071278 -0.0198944 -0.0234486 -0.0127575 0.0170134 -0.0120598 -0.0159788 -0.0182494 -0.0142349 -0.00626573 0.00138608 -0.0217825 -0.0326276 -0.000437386 -0.0849114 0.0224616 -0.0263767 -0.00348883 -0.0280482 0.00919414 -0.0216427 -0.0256265 -0.0320925 0.030596 -0.00595148 -0.00566802 -0.00952903 -0.0426076 -0.0168621 0.00794907 -0.0120833 -0.00834452 0.0118979 -0.00272275 0.00304964 -0.0147541 -0.00983785 0.00425095 0.019633 0.0311202 0.031502 -0.0125689
internal_weight=20258 13936 6322 5535 787 608 10667 3269 1091 4444 231 560 176 179 915 4213 517 82 6742 2058 3925 843 578 1695 1211 1616 632 179 577 2518 4529 388 118 2161 97 649 100 2213 185 2283 527 289 180 1409 2477 2423 984 129 135 1705 265 849 412 1976 2368 109 237 1642 799 1353 1310 524
internal_count=20258 13936 6322 5535 787 608 10667 3269 1091 4444 231 560 176 179 915 4213 517 82 6742 2058 3925 843 578 1695 1211 1616 632 179 577 2518 4529 388 118 2161 97 649 100 2213 185 2283 527 289 180 1409 2477 2423 984 129 135 1705 265 849 412 1976 2368 109 237 1642 799 1353 1310 524
is_linear=0
shrinkage=0.03


Tree=4
num_leaves=63
num_cat=0
split_feature=31 31 27 33 15 9 31 24 7 11 20 9 31 33 8 18 31 16 31 17 9 16 6 24 9 11 23 13 30 8 31 8 30 30 28 31 30 28 28 17 3 9 31 27 27 20 9 28 24 27 11 7 30 23 7 27 7 7 12 12 24 31
split_gain=2639.22 1103.66 801.717 360.399 220.643 123.773 112.86 110.626 108.228 98.1602 85.1419 71.8838 45.5077 40.3853 53.7304 40.3651 39.1626 36.9375 36.7794 33.6727 31.0022 25.299 24.3362 19.7104 19.3042 18.4864 15.7296 15.0861 21.6316 14.8704 14.6918 13.8269 16.392 13.7931 13.7066 15.4747 12.9972 23.3165 12.431 10.6626 17.3148 10.9361 10.2317 8.71762 8.12426 8.09755 7.88422 7.83326 7.71474 7.44152 7.01926 6.99333 6.80414 6.74852 6.05964 6.17923 5.95759 5.54268 5.26475 8.72772 5.15193 5.12124
threshold=2691.2750000000001 5150.505000000001 -18614.950000000001 5474.9750000000013 1939.7336979166669 3375.5150000000008 2000.5150000000001 0.68648301289510505 -0.8821812062722818 1192.6750000000002 3489.9323437500002 5468.5100000000011 897.41000000000008 4764.3650000000007 0.31595530242620651 1965.0400000000002 4360.6600000000008 3362.7800000000002 1164.1800000000001 99.050000000000011 2370.3250000000003 3662.3850000000007 -0.81241147629688992 0.55037518267569985 2539.8550000000005 1819.825 506.00285714285729 2692.1841111005619 6.2750000000000012 -0.46989712924132493 9999.9950000000008 -0.39233249306308043 7.9562500000000016 2.9000000000000008 5999.9966666666669 9999.9950000000008 1.6062499999999995 3488.9966666666674 6223.1458333333348 99.320000000000007 1.0000000180025095e-35 399.86500000000007 3200.3850000000007 -15568.449999999999 -24253.449999999997 6913.9380729166669 4082.7700000000004 5965.7766666666676 0.82747845071763693 -14487.999999999998 3198.1000000000004 -0.99763297024448894 4.3249999999999984 233.75714285714284 0.94978112945126536 -12630.799999999997 0.9916835347852474 -0.77786766366919291 3334.2057068452382 3090.0605208333341 1.2347019723864665 3499.8850000000007
decision_type=2 2 2 2 2 2 2 2 2 2 2 2 2 2 2 2 2 2 2 2 2 2 2 2 2 2 2 2 2 2 2 2 2 2 2 2 2 2 2 2 2 2 2 2 2 2 2 2 2 2 2 2 2 2 2 2 2 2 2 2 2 2
left_child=2 5 3 9 8 17 13 23 21 12 25 34 -1 14 15 -4 50 -2 39 22 29 -5 -15 -6 47 -11 27 43 -29 33 -13 32 -20 -8 35 46 37 -24 45 44 41 -41 -26 -21 -9 56 57 61 -33 -16 -7 -50 -36 -22 -31 -56 -32 -3 59 -43 -18 -19
right_child=1 11 6 4 7 16 20 18 -10 10 -12 30 -14 19 49 -17 60 24 31 26 53 -23 36 -25 42 -27 -28 28 -30 54 38 48 -34 -35 52 -37 -38 -39 -40 40 -42 58 -44 -45 -46 -47 -48 -49 51 -51 -52 -53 -54 -55 55 -57 -58 -59 -60 -61 -62 -63
leaf_value=-0.055668187867249211 -0.022700224471308532 0.0031537865143146295 -0.057692489420710986 -0.019704991115127191 -0.062756805717945091 0.0034034949368797244 -0.032029523631291731 -0.026600452484119505 -0.089716143757104877 -0.042114453241229061 -0.077290354388264509 0.022329774847168804 -0.091736566140208128 -0.038711963851022747 -0.021782389392978267 -0.022422631716444378 0.011306014744714524 -0.0032826427550616045 -0.036626676936756891 -0.015094925182712327 -0.0042656722266215955 -0.050494306917701445 -0.0093201136812567711 -0.036780315406725439 0.0002219064543686117 -0.020154199114312297 -0.0062059034750851462 -0.038822407251659863 -0.012381052548474032 -0.0069715623634808797 0.030666509924528341 -0.022898704948169844 -0.01116064668936265 -0.011842072131978116 -0.0015738047282325058 0.023522228689216246 -0.007456394877149968 -0.041042878233441493 0.017130223112180827 -0.037822646848533467 -0.043549865674777109 -0.017136237191803315 0.0033594473446959356 -0.0086338341589318589 -0.011647447640076278 0.019238450640413376 0.019146530613553051 -0.015043220492700736 -0.023059917929259918 -0.0080782725436010332 0.006434537389609544 -0.011509911116443733 0.013676232548283511 -0.0009188262618532488 -0.0082277458730958784 -0.0236795079445597 0.018249794489571026 0.014242975745487919 -0.011341475437670438 -0.035295622726766077 0.019872436183302301 0.0017703526376038831
leaf_weight=61 61 52 58 42 50 1019 41 62 59 77 51 370 85 64 56 62 1145 901 52 331 1532 62 44 70 2064 68 485 46 72 1303 1350 69 42 120 40 465 75 40 78 45 60 67 1710 449 74 69 327 44 51 101 2140 682 75 840 58 40 41 195 43 40 68 225
leaf_count=61 61 52 58 42 50 1019 41 62 59 77 51 370 85 64 56 62 1145 901 52 331 1532 62 44 70 2064 68 485 46 72 1303 1350 69 42 120 40 465 75 40 78 45 60 67 1710 449 74 69 327 44 51 101 2140 682 75 840 58 40 41 195 43 40 68 225
internal_value=8.66132e-05 0.00864093 -0.01368 -0.0305282 -0.0244208 0.00353347 -0.00813782 -0.0205636 -0.0573867 -0.0584124 -0.0441354 0.0242757 -0.0771481 -0.0141765 -0.0247556 -0.0398056 0.00722063 0.000311835 -0.0179671 -0.0123375 -0.00524456 -0.0383662 -0.0231479 -0.0480331 0.000600296 -0.0320244 -0.010579 -0.0129313 -0.0229283 -0.00852549 0.0278582 -0.0145869 -0.0254855 -0.017149 0.0183334 0.0194233 -0.0166803 -0.0247313 0.0291728 -0.0256561 -0.0293273 -0.0247513 0.00164404 -0.0113915 -0.0186087 0.029804 0.0160675 -0.00276498 -0.0132793 -0.0130733 0.0054582 -0.0123438 0.00840403 -0.00308134 -0.00752298 -0.0147101 0.0303139 0.0119305 -0.0206054 -0.0241887 0.0118022 -0.00227227
internal_weight=20168 12439 7729 1912 1570 9377 5817 1407 163 342 196 3062 146 1883 277 120 4372 5005 1287 1606 3934 104 223 120 4944 145 1383 898 118 1562 1908 896 94 161 1154 1039 159 84 1538 391 255 195 3774 780 136 1460 574 1170 802 157 3159 733 115 2372 1401 98 1391 247 150 107 1213 1126
internal_count=20168 12439 7729 1912 1570 9377 5817 1407 163 342 196 3062 146 1883 277 120 4372 5005 1287 1606 3934 104 223 120 4944 145 1383 898 118 1562 1908 896 94 161 1154 1039 159 84 1538 391 255 195 3774 780 136 1460 574 1170 802 157 3159 733 115 2372 1401 98 1391 247 150 107 1213 1126
is_linear=0
shrinkage=0.03


Tree=5
num_leaves=63
num_cat=0
split_feature=14 14 9 33 15 9 27 13 33 27 24 33 16 14 26 17 33 3 7 33 8 14 33 15 34 6 34 9 21 33 9 8 15 16 33 34 7 14 27 13 16 22 32 13 28 8 29 33 13 33 34 29 13 32 26 26 27 32 32 27 29 14
split_gain=2493.51 891.146 685.626 294.562 188.768 142.452 95.7198 91.7931 87.9832 79.0632 76.816 72.3405 55.4571 48.682 44.7062 42.1692 38.4834 32.9478 69.8744 31.8333 29.8328 26.4501 23.3831 29.2315 21.4134 20.4484 19.4248 18.9442 16.726 16.411 13.8763 13.4178 31.4861 13.3488 13.1909 19.619 11.7914 11.4814 11.2195 10.1005 10.0728 9.9447 9.40137 9.38171 8.96185 8.87495 8.84882 8.4821 8.00259 7.92859 7.90831 7.43314 7.40644 7.35876 9.43716 6.67019 6.35476 6.32847 8.09404 13.8136 6.25245 6.09725
threshold=2923.8442857142868 1660.9350000000002 4543.1900000000014 5474.9750000000013 2122.5288020833336 1899.9150000000002 4107.0000000000009 1678.9824797221636 4500.8550000000005 -2428.8999999999992 0.5858346065557013 4466.2650000000003 3816.5150000000008 2297.5428571428574 32652.750000000004 109.65500000000002 5923.6350000000011 1.0000000180025095e-35 0.9550229469509578 5604.2650000000003 -0.46989712924132493 1111.9421428571429 5474.9750000000013 3755.0821875000006 0.89843750000000011 -0.63405362205439475 0.88802083333333337 1453.7150000000004 5500.0250000000005 4830.1600000000008 2835.7000000000003 -0.46989712924132493 2241.8728125000002 5054.2600000000011 5923.6350000000011 0.92968750000000011 0.9550229469509578 3244.9778571428578 -25405.649999999994 1945.5396572327209 3848.1550000000002 -2899.6249999999991 2957.5646875000002 3057.8382860253264 6223.1458333333348 -0.29342786347392819 27.181250000000006 8650.345000000003 2612.8569198096543 6000.880000000001 0.080729166666666671 30.343750000000004 2198.3153126176762 4235.1539062500005 22460.450000000004 7138.4500000000016 6507.8000000000002 3736.0138020833342 3183.39015625 -21739.599999999995 32.23125000000001 3516.2392857142863
decision_type=2 2 2 2 2 2 2 2 2 2 2 2 2 2 2 2 2 2 2 2 2 2 2 2 2 2 2 2 2 2 2 2 2 2 2 2 2 2 2 2 2 2 2 2 2 2 2 2 2 2 2 2 2 2 2 2 2 2 2 2 2 2
left_child=1 3 9 11 7 8 19 -5 15 34 38 -1 25 22 45 -3 -8 31 52 -4 -9 27 23 46 43 -7 47 33 -28 -16 36 32 -10 -12 41 37 -15 40 -6 -35 -36 -2 -27 -21 56 -13 -14 -11 -24 -30 60 -50 -19 54 -34 -49 -18 58 -52 -60 -23 -57
right_child=2 5 6 4 10 12 16 20 17 26 21 14 13 30 29 -17 44 18 -20 24 -22 50 48 -25 -26 42 28 -29 49 -31 -32 -33 53 39 35 -37 -38 -39 -40 -41 -42 -43 -44 -45 -46 -47 -48 55 51 -51 57 -53 -54 -55 -56 61 -58 -59 59 -61 -62 -63
leaf_value=-0.084463095757323248 -0.014500365234196707 -0.064031121252995468 0.005017438934894744 -0.023994869870298047 -0.059366515285589477 -0.038830432772289876 0.008378069737670012 -0.085437074108557262 -0.037213950714978732 0.003908416121797458 -0.015118646816067073 -0.045890967280700287 -0.0070135830923169842 -0.0035969428651637203 -0.047791317084005899 -0.024672534922780147 0.02444990453361013 -0.0090054290651761255 -0.057870656321446098 0.014330319473518663 -0.053483215870601793 -0.022808612574375622 -0.0061877759958946857 -0.040013239703527312 0.022507693530592534 -0.010737582763885858 0.023268652050052401 -0.016825070843781129 -0.00061604525544680657 -0.075842584821262521 -0.00043448302933365599 -0.0095406326179295342 -0.0070827979533824807 -0.03971344319525464 -0.0089027340229736948 0.018368311711381393 -0.015783827447275807 0.0047266221008424401 -0.035782651469111436 -0.025513569933672747 0.0018565630108556561 0.00021695677175230437 -0.027345687658634297 0.026735419671982525 0.013989941031982501 -0.028851586425056062 -0.019907368336804208 0.011877473587076691 -0.019921350320065884 0.012670142912747045 -0.011690373074316553 -0.0082904807498369402 -0.024573841224690633 -0.0052106540582503788 -0.026979696347337701 0.0047604917911607978 0.029422199236152028 -0.0096001713734265373 -0.035421915233135218 -0.01549164880693344 -0.013288950707991512 0.0090505180044596015
leaf_weight=70 42 45 199 67 43 42 99 54 56 418 45 57 124 2170 41 57 348 86 44 925 69 205 1600 40 559 117 138 155 47 55 1747 778 42 115 81 76 73 1853 44 89 1748 1058 42 59 44 71 79 442 75 284 174 150 41 88 45 454 1075 217 44 115 97 891
leaf_count=70 42 45 199 67 43 42 99 54 56 418 45 57 124 2170 41 57 348 86 44 925 69 205 1600 40 559 117 138 155 47 55 1747 778 42 115 81 76 73 1853 44 89 1748 1058 42 59 44 71 79 442 75 284 174 150 41 88 45 454 1075 217 44 115 97 891
internal_value=1.80287e-05 -0.0113172 0.00981418 -0.0301099 -0.0248048 -0.00676085 0.0211969 -0.0527462 -0.0158682 0.00481283 -0.0208155 -0.0575942 -0.00489319 -0.00437676 -0.0488596 -0.0424897 0.026585 -0.013533 -0.0256962 0.0163407 -0.0680876 -0.0188971 -0.00811133 -0.0168436 0.0177968 -0.0203594 0.00895484 -0.0252423 0.0145016 -0.0644786 -0.0024396 -0.0114482 -0.0178042 -0.0303938 0.00253156 0.00337713 -0.00400043 0.00306279 -0.0479812 -0.0336731 0.00137547 -0.000357637 -0.0152681 0.0151005 0.0278071 -0.0367364 -0.0121043 0.00776901 -0.00694004 0.0107874 -0.0158623 -0.0122384 -0.0141842 -0.0114169 -0.0175639 0.00866935 0.0282242 -0.0136655 -0.0162779 -0.0211939 -0.0198049 0.00760705
internal_weight=20208 9368 10840 1827 1533 7541 3308 190 1282 7532 1343 294 6259 6058 224 102 1566 1180 171 1742 123 1256 2068 243 1543 201 2674 404 469 96 3990 1009 231 249 4858 3758 2243 3682 87 204 1829 1100 159 984 1467 128 203 2205 1825 331 852 225 127 175 87 1787 1423 550 333 159 302 1345
internal_count=20208 9368 10840 1827 1533 7541 3308 190 1282 7532 1343 294 6259 6058 224 102 1566 1180 171 1742 123 1256 2068 243 1543 201 2674 404 469 96 3990 1009 231 249 4858 3758 2243 3682 87 204 1829 1100 159 984 1467 128 203 2205 1825 331 852 225 127 175 87 1787 1423 550 333 159 302 1345
is_linear=0
shrinkage=0.03


Tree=6
num_leaves=63
num_cat=0
split_feature=14 31 14 33 15 31 13 9 31 33 27 16 33 17 20 24 26 17 31 31 11 22 33 9 16 20 31 31 20 28 9 14 10 28 32 22 32 28 32 15 15 28 29 13 32 31 22 9 9 13 17 9 23 14 9 9 27 17 22 31 20 9
split_gain=2427.92 982.055 703.41 293.345 181.645 123.959 95.0985 92.521 78.8673 70.6835 64.3432 59.0093 58.1588 82.279 53.5922 49.2658 45.1698 39.0757 31.5036 27.8547 26.2553 24.4021 22.2992 18.5383 18.4849 18.0131 17.7412 17.5716 15.7104 14.8742 13.8381 11.7256 11.5281 9.66871 8.9199 8.86423 8.24803 12.6779 10.9129 7.97388 12.3102 16.7846 7.20951 7.09287 7.02404 6.9291 6.76603 6.56359 6.38056 6.35529 6.30335 5.70672 5.62875 5.46178 5.35344 5.14556 5.13509 4.80378 4.77054 4.76628 4.69074 4.38976
threshold=2714.366428571429 5000.0850000000009 1660.9350000000002 5474.9750000000013 2122.5288020833336 1586.4950000000001 1678.9824797221636 3386.2100000000005 9999.9950000000008 4466.2650000000003 -24253.449999999997 3816.5150000000008 5520.3700000000008 99.845000000000013 6538.5306250000003 0.82747845071763693 32060.450000000001 22.185000000000006 2459.8450000000007 4259.4850000000015 2000.9200000000003 -1602.8499999999997 4830.1600000000008 4082.7700000000004 3816.5150000000008 4388.5488541666682 983.40500000000009 499.23500000000007 3053.4320833333336 4107.9766666666683 1994.615 3014.0042857142862 1799.3200000000002 6260.7450000000008 2957.5646875000002 -2573.8099999999999 4434.0681770833344 4780.6583333333338 3408.4284375000002 3291.6371354166672 3107.1363541666669 4660.3633333333337 26.056250000000002 2082.2337405230533 3676.3158854166672 3220.3850000000007 -2573.8099999999999 2713.7150000000006 3945.1350000000007 1696.8162691549944 1262.9850000000004 2844.5750000000003 244.93857142857146 5838.7042857142869 1866.5800000000002 1949.1200000000001 -21739.599999999995 1819.5150000000001 562.97000000000037 3570.2450000000003 4463.9920312500008 3433.9150000000004
decision_type=2 2 2 2 2 2 2 2 2 2 2 2 2 2 2 2 2 2 2 2 2 2 2 2 2 2 2 2 2 2 2 2 2 2 2 2 2 2 2 2 2 2 2 2 2 2 2 2 2 2 2 2 2 2 2 2 2 2 2 2 2 2
left_child=2 7 3 9 6 12 -5 24 23 -1 15 20 13 -4 18 28 29 -8 30 45 -7 48 -18 35 34 54 -17 -12 -6 -11 36 55 -31 53 -2 61 37 -13 -39 40 56 -42 -14 -40 -30 -9 -33 -32 -10 -22 60 -20 -47 57 -15 -26 -29 -23 -44 -48 -21 -3
right_child=1 8 5 4 10 11 17 19 21 16 27 14 42 25 -16 26 22 -19 51 50 49 33 -24 -25 31 -27 -28 39 44 32 47 46 -34 -35 -36 -37 -38 38 43 -41 41 -43 58 -45 -46 52 59 -49 -50 -51 -52 -53 -54 -55 -56 -57 -58 -59 -60 -61 -62 -63
leaf_value=-0.082204217533134435 -0.0037163134511782351 -0.0044870658229689961 -0.05543848910977249 -0.021011253998360849 -0.028593389502847972 -0.037142451329399709 -0.04943196197420778 0.0026334494820936093 0.012102632225442089 -0.0199078849030704 -0.032560290634632109 -0.010190597425071665 -0.023838292952717801 -0.022761870382293579 -0.037735134911663984 -0.034136292131970059 -0.044700673853242119 -0.084273884013295178 -0.0039080369322422636 0.0091142115716379094 -0.0089418039027300174 0.025698525227245781 -0.075895362504083533 0.018592711756683207 -0.0080676075515757791 -0.033115620915274563 -0.016126354878178293 -0.020554351908820014 -0.058778747258515195 -0.054941181434052334 -0.0072780461607397243 -0.007634628169358738 -0.032602705387719748 0.012950970516884064 -0.015212114809453487 0.013314645680081562 -0.0035415557953529055 -0.033548722449326655 -0.023196435400538822 -0.012176899456485011 -0.012612433798459111 -0.036315240837972274 -0.013251475478270245 -0.0062509926149505188 -0.039776124264611752 0.0049761923142109402 0.0015629038207254165 -0.0032645344242892777 0.021222819242134896 -0.021523538452865025 0.012175144501057602 -0.00063775882477536822 0.0085757484951899682 0.028573740212583368 -0.011760774716713059 -0.00059856975359672319 -0.012426498697863685 0.015138983157904523 -0.0061285995441681613 0.0044297269858533973 0.0011885002113533494 0.0080418373485569086
leaf_weight=72 326 42 79 65 45 68 70 873 94 40 54 584 40 61 46 73 42 59 1452 312 84 185 57 824 86 73 160 104 57 41 1451 61 57 43 74 267 119 40 43 472 48 65 215 47 42 1758 1790 494 323 66 702 718 506 1379 127 1818 242 56 144 737 86 60
leaf_count=72 326 42 79 65 45 68 70 873 94 40 54 584 40 61 46 73 42 59 1452 312 84 185 57 824 86 73 160 104 57 41 1451 61 57 43 74 267 119 40 43 472 48 65 215 47 42 1758 1790 494 323 66 702 718 506 1379 127 1818 242 56 144 737 86 60
internal_value=-9.02084e-05 0.00816265 -0.0131848 -0.0292567 -0.0239263 -0.00814388 -0.0510402 0.00310691 0.0222588 -0.0559344 -0.0200297 -0.00651099 -0.0196359 -0.0287456 -0.00584121 -0.0305748 -0.0476419 -0.0658931 -0.00553713 0.00635157 -0.0217578 0.0257907 -0.0632406 0.0160845 0.000295959 -0.0204854 -0.0218907 -0.0159667 -0.0443782 -0.036077 -0.00765252 0.000846711 -0.042409 0.0274306 -0.00587567 0.0104485 -0.0108905 -0.0121087 -0.0205816 -0.0149703 -0.0178101 -0.0264457 -0.0118208 -0.0145131 -0.0511954 0.00490843 0.00216105 -0.00626088 0.0192008 -0.0145836 0.0104589 -0.00282677 0.00578412 0.0278067 -0.0154318 -0.00093999 -0.0149217 0.0233176 -0.0104193 0.00240043 0.00740889 0.0028894
internal_weight=20218 12402 7816 1865 1556 5951 194 9129 3273 309 1362 5212 739 340 4994 377 237 129 4948 4237 218 2080 99 1193 4892 261 233 985 144 138 2778 4492 98 1663 400 369 833 714 130 931 459 113 399 90 99 3137 2588 1945 417 150 1100 2170 2264 1620 188 1904 346 241 359 2527 398 102
internal_count=20218 12402 7816 1865 1556 5951 194 9129 3273 309 1362 5212 739 340 4994 377 237 129 4948 4237 218 2080 99 1193 4892 261 233 985 144 138 2778 4492 98 1663 400 369 833 714 130 931 459 113 399 90 99 3137 2588 1945 417 150 1100 2170 2264 1620 188 1904 346 241 359 2527 398 102
is_linear=0
shrinkage=0.03


Tree=7
num_leaves=63
num_cat=0
split_feature=31 31 27 33 15 7 24 9 31 31 21 8 33 33 9 1 10 16 1 8 31 13 10 22 8 23 27 1 9 19 9 28 33 16 7 9 33 0 31 9 31 17 22 7 22 28 7 8 31 23 15 9 23 15 13 10 31 13 18 13 6 17
split_gain=2180.02 904.789 675.773 288.858 168.526 122.097 107.461 93.399 84.743 79.2419 72.8915 67.8831 61.0936 48.7372 47.7659 30.0901 28.313 27.2663 26.0631 60.8689 25.1963 24.9587 24.2483 23.3247 23.2303 21.3772 18.3952 25.1356 18.0232 15.4243 13.3467 13.832 12.837 11.1322 9.96205 9.66263 9.4805 9.04092 7.89803 7.52306 7.11773 10.6135 6.56862 6.50657 6.34666 6.27123 6.1959 5.94875 6.18028 5.7745 5.77307 5.714 5.70091 5.65527 5.44563 5.0028 4.88775 4.73955 4.71214 4.65775 4.61993 4.57034
threshold=2691.2750000000001 5000.0850000000009 -18614.950000000001 5474.9750000000013 1939.7336979166669 -0.8821812062722818 0.67527330910542349 3375.5150000000008 1400.1200000000001 9999.9950000000008 4962.5200000000013 0.47369649395226454 4500.7050000000008 4665.0650000000014 2395.3400000000006 5.5000000000000009 299.14000000000004 3362.7800000000002 5.5000000000000009 0.40418040343369133 4360.6600000000008 1686.4221029720063 1524.2250000000001 -5.50999999999999 -0.065537083312030994 376.42571428571426 -24833.649999999998 1.5000000000000002 3677.4850000000001 1300.9650000000004 2510.4800000000005 6033.6300000000019 5115.630000000001 3615.7600000000007 -0.99630266176052629 2844.5750000000003 4900.505000000001 86.500000000000014 3499.4050000000002 1899.9150000000002 1999.7950000000003 399.42000000000007 234.46500000000029 0.9916835347852474 63.675000000000075 6223.1458333333348 -0.50462962837920111 -0.39233249306308043 1620.8350000000003 244.93857142857146 2429.7274479166672 2081.1450000000004 -248.55428571428578 5258.7205208333344 2485.2354778152489 2610.7200000000003 3499.4050000000002 1855.2883960108752 1902.7350000000004 2253.6839008812026 -0.91037613702198728 99.170000000000016
decision_type=2 2 2 2 2 2 2 2 2 2 2 2 2 2 2 2 2 2 2 2 2 2 2 2 2 2 2 2 2 2 2 2 2 2 2 2 2 2 2 2 2 2 2 2 2 2 2 2 2 2 2 2 2 2 2 2 2 2 2 2 2 2
left_child=2 7 3 10 5 21 16 17 25 28 -1 12 -12 -14 18 22 -6 -2 33 24 49 -5 26 37 -20 29 27 50 46 60 31 56 -15 55 -24 40 -31 -11 53 52 41 -16 -30 45 -22 -25 -3 48 -28 59 -8 -27 54 -32 58 -10 -19 -29 -35 -9 -4 -38
right_child=1 9 8 4 6 -7 15 20 14 23 11 -13 13 32 35 -17 -18 30 19 -21 44 -23 34 43 -26 51 47 57 42 36 38 -33 -34 39 -36 -37 61 -39 -40 -41 -42 -43 -44 -45 -46 -47 -48 -49 -50 -51 -52 -53 -54 -55 -56 -57 -58 -59 -60 -61 -62 -63
leaf_value=-0.022511628191918136 -0.020382911662914251 0.0013444716205982411 -0.040157249016421183 -0.020074287379426615 -0.063271744483047052 -0.085552681285445978 -0.024538054515918093 0.005072408203844264 -0.024829963206499817 0.022021993720137072 -0.089959709435314325 -0.032019180427090475 -0.027843524891544472 -0.054207139322534202 -0.022517978798205149 -0.041085965118624945 -0.031794291889487666 -0.0027699153318043171 -0.02200438983823088 -0.0075128640170792583 0.0086980035728852472 -0.048618388797859756 -0.026064854157698707 0.028087851797952836 -0.053714714247733358 -0.017694542029367245 -0.028909268747886706 -0.030384908217064879 0.015323306694674604 -0.030399100754875692 0.00072651744812107278 -0.019504996315780572 -0.080667486272074956 -0.020116004478640672 -0.011044167249953817 -0.001692905094782117 -0.022314188228024601 0.012727875572683662 0.0036676555273902241 -0.0065345575319521801 -0.0042204721746859249 -0.0067607402536679516 0.020723463276952722 0.01477877824907986 0.013706261873155373 0.017162524046808746 0.011818007358634877 -0.01346889888940939 -0.014059913950757338 0.0071621946294628839 -0.010457142883617626 -0.0082724432758577351 -0.0083913105660624286 -0.008660910415573644 -0.02223586454405449 -0.01063009117631262 0.0022555360804018499 -0.045721032023429864 -0.008065286928152178 0.0021295352170145315 -0.026346852020961382 -0.011219067619857165
leaf_weight=59 56 91 48 69 53 58 53 1679 49 523 76 64 43 47 47 43 57 853 43 165 720 48 42 1300 44 93 57 46 681 47 2747 40 43 40 660 1395 51 121 971 1520 1166 203 308 40 341 55 115 245 51 811 56 161 422 58 59 45 218 50 112 683 61 108
leaf_count=59 56 91 48 69 53 58 53 1679 49 523 76 64 43 47 47 43 57 853 43 165 720 48 42 1300 44 93 57 46 681 47 2747 40 43 40 660 1395 51 121 971 1520 1166 203 308 40 341 55 115 245 51 811 56 161 422 58 59 45 218 50 112 683 61 108
internal_value=4.65506e-05 0.00785694 -0.012382 -0.0278303 -0.0224838 -0.0501995 -0.0190182 0.00304752 -0.00733291 0.0214993 -0.0532591 -0.0597977 -0.0681111 -0.055048 -0.00615148 -0.0165881 -0.0473941 0.00024623 -0.00916874 -0.0183102 0.00631706 -0.0320975 -0.0157202 0.0250988 -0.0384699 -0.0183281 -0.0203975 -0.0275776 0.0153417 -0.0235556 0.00048674 -0.0024022 -0.0675968 -0.00813583 -0.0119786 -0.0034668 -0.0185622 0.0202982 0.00133716 -0.0076875 -0.00521196 -0.00980101 0.0170243 0.0272989 0.010319 0.0276574 0.00722019 -0.0161616 -0.0220904 0.00497604 -0.0174647 -0.0117781 -0.0104413 0.000529393 -0.0144825 -0.0182156 -0.00174584 -0.0387615 -0.0113473 0.0042227 -0.0327383 -0.0148951
internal_weight=20210 12411 7799 1920 1588 175 1413 9177 5879 3234 332 273 209 133 5310 1303 110 4943 2499 252 4234 117 1260 2039 87 569 558 205 1195 315 4887 1111 90 2247 702 2811 206 644 3776 2153 1416 250 989 1395 1061 1355 206 353 108 3173 109 254 633 2805 211 94 1071 96 152 2362 109 159
internal_count=20210 12411 7799 1920 1588 175 1413 9177 5879 3234 332 273 209 133 5310 1303 110 4943 2499 252 4234 117 1260 2039 87 569 558 205 1195 315 4887 1111 90 2247 702 2811 206 644 3776 2153 1416 250 989 1395 1061 1355 206 353 108 3173 109 254 633 2805 211 94 1071 96 152 2362 109 159
is_linear=0
shrinkage=0.03


Tree=8
num_leaves=63
num_cat=0
split_feature=31 31 27 33 15 31 8 24 27 31 11 33 17 27 31 33 16 33 28 18 19 27 31 17 11 23 22 17 23 27 28 16 25 1 8 24 24 21 18 31 23 13 13 12 32 22 24 33 8 29 28 22 11 31 19 32 8 6 31 22 32 24
split_gain=2035.61 839.684 610.721 224.908 148.902 116.332 100.6 93.9333 81.1274 70.8457 66.4483 74.6383 42.8564 38.606 30.2518 30.1351 28.5347 27.0011 35.5454 26.9649 26.1961 24.7302 22.9479 22.5282 22.2326 18.5378 16.7727 16.064 14.9413 13.8944 12.7621 11.707 19.2451 11.219 12.4677 10.6307 9.83764 9.69596 9.80666 9.50432 9.46472 14.5756 9.27281 9.60532 8.81264 8.79866 7.94705 7.55164 8.43938 7.4971 7.49294 7.46618 7.17522 7.00223 6.93425 6.7803 6.34722 6.01397 5.76342 5.64604 5.54584 5.41148
threshold=2691.2750000000001 5000.0850000000009 -19778.049999999996 5499.3350000000009 1939.7336979166669 1430.0900000000004 -0.46989712924132493 0.5858346065557013 -4074.8999999999996 9999.9950000000008 599.8950000000001 4466.2650000000003 99.290000000000006 -13136.799999999997 1099.5350000000001 4466.2650000000003 3362.7800000000002 4764.3650000000007 4397.1900000000014 1890.7850000000001 1411.5900000000004 5869.1000000000013 4259.4850000000015 49.665000000000013 1700.45 -285.70285714285717 -2155.0849999999996 22.185000000000006 -254.55714285714285 585.9000000000002 5999.9966666666669 3816.5150000000008 7592.0500000000011 5.5000000000000009 0.61067742788105683 0.88243818998895007 0.98810057275373653 9999.6750000000011 1789.325 3200.3850000000007 534.87785714285724 2692.1841111005619 2445.8137958378161 3761.321004464286 6481.8408333333346 -6089.1449999999986 1.2262707984460433 4535.4800000000005 -0.11692317777808843 28.156250000000004 6184.1533333333346 83.420000000000087 2105.7300000000005 3504.1400000000008 1384.7550000000003 2621.4678125000005 -0.082691941062253513 -0.91037613702198728 2250.8050000000007 -2573.8099999999999 4500.4713020833342 0.98546570938127664
decision_type=2 2 2 2 2 2 2 2 2 2 2 2 2 2 2 2 2 2 2 2 2 2 2 2 2 2 2 2 2 2 2 2 2 2 2 2 2 2 2 2 2 2 2 2 2 2 2 2 2 2 2 2 2 2 2 2 2 2 2 2 2 2
left_child=2 8 3 10 6 17 -5 -6 16 29 12 -12 -1 15 28 -7 -2 18 -4 -20 -8 30 36 27 -13 42 56 -19 -9 59 44 32 -17 58 -35 37 47 -16 -39 61 41 52 -15 -44 45 -11 54 48 -10 -32 -23 -24 55 -38 -25 -27 -18 -30 -33 -3 -47 -28
right_child=1 9 5 4 7 13 20 14 22 21 11 24 -14 25 35 31 26 23 19 -21 -22 50 51 46 -26 40 39 -29 57 -31 49 33 -34 34 -36 -37 53 38 -40 -41 -42 -43 43 -45 -46 60 -48 -49 -50 -51 -52 -53 -54 -55 -56 -57 -58 -59 -60 -61 -62 -63
leaf_value=-0.093842324668422655 -0.019390231513164258 0.0056953859184233641 -0.012329688021418405 -0.084749691188335419 -0.053296628986352255 -0.031180719446979067 -0.050512419778176332 -0.036819530041334599 -0.015076864593928412 0.008967327142997486 -0.075394529242848229 -0.046047243727965557 -0.053723624651902356 -0.0071689050074457538 -0.011051514498889446 -0.0075800035482174472 -0.020980984793476213 -0.016792984625578603 -0.057674907385371621 -0.024770026495680213 -0.019121581633286228 0.027880956050716787 0.0077997219789004008 -0.029312483647535012 -0.019846414012921063 -0.018352909543801373 -0.001865152030751758 -0.043528052575087968 -0.024371445411419931 0.017696563347027225 0.0013243718596911709 -0.0089230327149997912 -0.034811857906056613 -0.030733413983668596 -0.0082225076624192293 -0.01194040498118226 0.0042177682463025654 -0.036138912624120709 -0.016298254555130891 0.0025574752773747096 0.00059344989212616842 -0.016763002981173485 -0.023887656041382193 -0.0078028712692585862 0.01261709091613864 0.021585998926233304 -0.010543778255887445 0.0035073410928447464 0.0011975047983399305 0.016654779778631487 0.015219452691654084 0.012936885280942875 -0.0028211526710780152 0.0082512628676475117 -0.014865365547006714 -0.0056910166186972507 -0.0050620035780483928 -0.014480311990800228 -0.0048963361247348061 0.012958190398590872 0.02718765851040866 0.00078303462792239144
leaf_weight=46 65 131 63 52 69 56 43 73 41 40 42 46 63 382 59 56 40 43 47 47 57 1001 878 42 85 40 1178 41 187 686 42 1201 40 41 49 576 780 49 46 1640 443 79 71 65 86 474 319 1552 90 91 48 364 1888 777 118 587 52 87 442 390 281 1689
leaf_count=46 65 131 63 52 69 56 43 73 41 40 42 46 63 382 59 56 40 43 47 47 57 1001 878 42 85 40 1178 41 187 686 42 1201 40 41 49 576 780 49 46 1640 443 79 71 65 86 474 319 1552 90 91 48 364 1888 777 118 587 52 87 442 390 281 1689
internal_value=0.000104266 0.00763149 -0.0119698 -0.0286037 -0.0232952 -0.00769943 -0.0511329 -0.0195616 0.00296567 0.0206766 -0.0528688 -0.0408792 -0.0713536 -0.00619725 -0.0173529 -0.00966762 0.000195685 -0.0190249 -0.0300409 -0.0416564 -0.0329861 0.0240588 0.00584745 -0.0159051 -0.0293258 -0.00435492 0.000476658 -0.0302008 -0.0246573 0.0148808 0.0206648 -0.00899226 -0.0191685 -0.00841781 -0.0187025 -0.0138518 0.00451595 -0.0208778 -0.0268017 0.000736719 -0.00345803 -0.0041499 -0.00959652 -0.0163131 0.0219792 0.0229748 -0.0133405 0.00292319 -0.00397163 0.0118596 0.0273166 0.0093145 -0.0037472 0.00623463 -0.0188162 -0.00652673 -0.0121345 -0.0212949 -0.00784341 0.0111464 0.0237041 -0.00030533
internal_weight=20156 12416 7740 1580 1298 6160 152 1146 9146 3270 282 173 109 5440 1077 1885 4664 720 157 94 100 2063 4482 563 131 3555 4599 84 347 1207 1014 1829 96 1733 90 730 3240 154 95 4507 3037 2594 518 136 881 795 479 1683 131 133 1049 1242 2515 1557 160 627 92 274 1643 521 755 2867
internal_count=20156 12416 7740 1580 1298 6160 152 1146 9146 3270 282 173 109 5440 1077 1885 4664 720 157 94 100 2063 4482 563 131 3555 4599 84 347 1207 1014 1829 96 1733 90 730 3240 154 95 4507 3037 2594 518 136 881 795 479 1683 131 133 1049 1242 2515 1557 160 627 92 274 1643 521 755 2867
is_linear=0
shrinkage=0.03


Tree=9
num_leaves=63
num_cat=0
split_feature=14 31 14 33 31 9 9 33 17 9 7 16 25 8 27 14 16 17 14 31 14 16 9 32 22 31 10 28 31 22 13 24 5 29 8 14 31 7 13 28 8 34 28 13 29 24 28 9 24 9 17 16 26 22 20 22 34 10 6 7 16 31
split_gain=1982.46 818.809 585.064 228.47 121.611 116.266 81.8162 75.6602 72.9864 64.5967 60.4049 51.294 47.8415 43.8835 70.9258 38.5657 37.1468 29.8675 29.0172 19.8989 17.9804 17.3201 17.2929 16.9078 16.379 15.9993 15.2195 15.1177 14.5774 14.3863 14.3098 12.8083 12.7885 14.4803 12.2301 12.0066 11.1182 10.8967 11.9323 10.6879 10.5911 10.113 9.88477 10.7955 14.3702 14.4615 8.592 8.50248 8.10482 8.06466 7.62006 7.10564 6.79434 6.51919 6.31436 5.63014 5.45287 5.3886 5.41999 5.20495 5.10171 5.01239
threshold=2691.2700000000004 5000.0850000000009 1580.6907142857146 5474.9750000000013 2000.5150000000001 499.78500000000003 3433.9150000000004 5500.5800000000008 193.64000000000001 5300.1900000000005 0.98372640911059162 4035.2800000000002 9260.5500000000011 -0.45464412999974241 -23101.349999999999 779.81714285714293 3362.7800000000002 49.455000000000005 1111.9421428571429 4063.0700000000006 1892.5414285714289 4429.5550000000012 2470.2800000000002 3700.7111458333334 21.60000000000014 9999.9950000000008 299.14000000000004 5490.1250000000009 1099.5350000000001 48.839999999999925 2692.1841111005619 0.9640068765637263 0.16280825711809011 30.756250000000005 0.14037931941357643 3003.9392857142861 9999.9950000000008 -0.77245553105869302 1983.3059507395017 5965.7766666666676 0.18281312110578132 0.14843750000000003 4286.6050000000005 2445.8137958378161 31.856250000000006 0.92309764488370949 6260.7450000000008 2680.3950000000004 1.36044834475331 3247.1850000000004 10.020000000000001 9999.8700000000008 27645.200000000001 749.66999999999973 6913.9380729166669 -2155.0849999999996 0.10156250000000001 299.14000000000004 -0.91037613702198728 0.99552231814189451 3816.5150000000008 1010.3350000000002
decision_type=2 2 2 2 2 2 2 2 2 2 2 2 2 2 2 2 2 2 2 2 2 2 2 2 2 2 2 2 2 2 2 2 2 2 2 2 2 2 2 2 2 2 2 2 2 2 2 2 2 2 2 2 2 2 2 2 2 2 2 2 2 2
left_child=2 6 3 11 7 13 21 8 10 36 17 -1 18 14 -5 26 -6 -4 -13 -8 -19 37 42 24 31 -11 -15 -10 57 30 50 41 33 34 -17 -23 49 38 60 55 -20 -7 -18 -44 45 51 54 -40 -22 -3 -9 -45 -31 -21 59 -38 -25 -26 -59 -27 -2 -54
right_child=1 9 4 5 16 23 19 29 27 25 -12 12 -14 15 -16 32 22 20 40 53 48 35 -24 56 28 46 -28 -29 -30 52 -32 -33 -34 -35 -36 -37 39 -39 47 -41 -42 -43 43 44 -46 -47 -48 -49 -50 -51 -52 -53 61 -55 -56 -57 -58 58 -60 -61 -62 -63
leaf_value=-0.079223861290236647 -0.0055997623216891999 0.0037724844823657931 -0.0060175533989054513 -0.076379327140071174 -0.029731326658204021 -0.044128444149809057 0.0043897548969789174 -0.025040063343306138 -0.011415835859244401 0.018472121719518123 -0.067985379858450462 -0.055624944528236103 -0.070913515769773047 -0.058416773596379375 -0.030907735774753156 -0.046768626981392135 -0.0051127706585447595 -0.04956785126000314 -0.038486271000334193 0.0079362650547519249 -0.018346436507999896 -0.00061810146106355943 -0.0023254103853777566 -0.014647633767309222 -0.014754121211946618 0.026304401379374863 -0.034547799069147837 -0.028194201886653898 -0.012037354863955775 -0.00650534358024836 -0.03030073965433985 -0.016264610830863765 -0.012105623784364292 -0.013059701291722773 -0.023730049250790707 0.0025392212741201996 0.016220436093378997 0.00054679339341176872 -0.021879338264059755 0.0079768222349966989 -0.017819314343588692 -0.023664812763100083 -0.006774615001521188 -0.022747914845687011 -0.00058529347094685527 -0.035160334231440236 0.013217687127670567 -0.0067744740904550748 -0.036746393770112518 0.013732621464344962 -0.011161358672532781 -0.0059499968350043191 -0.021678443398060541 0.013481098727559008 0.015890416188308824 0.02320634503050574 -0.0066998480606042512 -0.034281717929989096 -0.020412587726213894 0.014702370523406965 0.001498439807483912 -0.010308373823077307
leaf_weight=58 301 83 42 54 52 52 2442 40 290 433 43 50 53 41 76 40 1572 50 41 1271 53 1915 1852 184 48 1376 77 58 245 701 47 54 81 45 51 2496 201 397 61 78 55 45 346 42 42 42 56 76 41 680 327 50 41 227 64 251 139 55 60 40 130 251
leaf_count=58 301 83 42 54 52 52 2442 40 290 433 43 50 53 41 76 40 1572 50 41 1271 53 1915 1852 184 48 1376 77 58 245 701 47 54 81 45 51 2496 201 397 61 78 55 45 346 42 42 42 56 76 41 680 327 50 41 227 64 251 139 55 60 40 130 251
internal_value=4.24821e-06 0.00730934 -0.0121074 -0.0281915 -0.0077906 -0.0232142 0.00277918 -0.0138612 -0.0230062 0.0202423 -0.0361397 -0.054088 -0.0464025 -0.0353517 -0.0502348 -0.0294438 -0.00477534 -0.0284533 -0.0370828 0.00606262 -0.0349105 0.000372102 -0.00443903 -0.0167824 -0.0199483 0.0236686 -0.0432625 -0.014285 -0.0167459 -0.0100973 -0.0148 -0.0284338 -0.0217655 -0.0273885 -0.0342552 0.00116867 0.0150104 -0.00326642 -0.00592792 0.0183704 -0.0269516 -0.0349734 -0.00630637 -0.00988425 -0.0159247 -0.0206926 0.0251205 -0.0136098 -0.0266743 0.0126555 -0.012738 -0.0137808 -0.0081237 0.00878494 0.0255617 0.0201424 -0.0112586 -0.0237067 -0.027284 0.0259873 -0.00346026 -0.0119734
internal_weight=20164 12578 7586 1604 5982 1347 9316 1984 577 3262 229 257 199 465 130 335 3998 186 146 3940 144 5376 3946 882 559 1969 118 348 408 1407 414 151 217 136 91 4411 1293 965 568 530 96 97 2094 522 176 134 1536 137 94 763 367 92 993 1498 1480 452 323 163 115 1416 431 292
internal_count=20164 12578 7586 1604 5982 1347 9316 1984 577 3262 229 257 199 465 130 335 3998 186 146 3940 144 5376 3946 882 559 1969 118 348 408 1407 414 151 217 136 91 4411 1293 965 568 530 96 97 2094 522 176 134 1536 137 94 763 367 92 993 1498 1480 452 323 163 115 1416 431 292
is_linear=0
shrinkage=0.03


Tree=10
num_leaves=63
num_cat=0
split_feature=14 9 27 33 33 8 14 13 27 20 14 29 14 15 15 1 1 1 24 27 14 15 16 20 26 26 14 20 15 1 9 1 8 14 27 32 25 7 33 14 12 14 28 33 13 14 20 16 29 13 25 13 13 13 2 21 9 7 28 15 17 12
split_gain=1891.99 719.258 484.364 158.963 147.711 141.41 111.221 86.3933 83.0443 82.4714 69.8387 53.3587 46.5918 44.5549 37.2041 39.4323 34.9144 31.7833 28.7032 28.4543 27.3297 26.6432 25.7043 22.8521 20.7903 17.5702 17.4766 16.9007 26.9128 18.559 13.808 30.0157 11.4437 11.3315 11.1939 10.7326 10.6087 10.3675 9.91584 9.43095 8.63477 8.26662 9.32649 7.86174 7.6268 9.11225 6.80646 6.63791 6.15656 12.9028 9.44242 5.65434 5.532 8.0991 13.4129 5.4822 5.26226 6.73095 5.23961 5.22187 8.77829 4.95838
threshold=2491.1814285714295 4395.3250000000007 -22142.349999999995 4535.4800000000005 5499.3350000000009 -0.43925659424557273 3171.661428571429 1818.5644335311038 4107.0000000000009 3115.6510416666674 1892.5414285714289 29.443750000000005 1301.592142857143 2241.8728125000002 1839.3738541666669 5.5000000000000009 5.5000000000000009 5.5000000000000009 0.55037518267569985 -2428.8999999999992 1486.1142857142861 1839.3738541666669 3816.5150000000008 2546.3523437500003 25805.600000000002 35671.250000000007 5838.7042857142869 2516.3329687500004 3065.511614583334 4.5000000000000009 1994.615 5.5000000000000009 0.70747208174348741 7760.0271428571432 -9389.7499999999982 2957.5646875000002 8601.0500000000011 -0.99275805973510278 5923.6350000000011 4961.3750000000009 5329.2672470238103 1058.8421428571432 5333.2050000000008 4784.0700000000006 2253.6839008812026 5737.6721428571445 5009.9263020833341 6002.8900000000003 32.581250000000011 2608.1978081208813 8464.0000000000018 2459.372871970098 2681.7941131009761 2855.2381298880427 8.5000000000000018 5396.4750000000013 2604.7700000000004 0.94978112945126536 6223.1458333333348 2478.7048958333339 274.08000000000004 2742.8088392857148
decision_type=2 2 2 2 2 2 2 2 2 2 2 2 2 2 2 2 2 2 2 2 2 2 2 2 2 2 2 2 2 2 2 2 2 2 2 2 2 2 2 2 2 2 2 2 2 2 2 2 2 2 2 2 2 2 2 2 2 2 2 2 2 2
left_child=2 6 4 7 9 13 22 -4 17 20 14 32 18 -6 -5 37 58 26 -7 38 -1 23 35 -12 -17 -11 46 -20 59 -30 31 -23 -9 44 -24 -2 -26 -16 -8 -40 -18 42 -39 -32 45 -21 61 -46 49 -43 -51 -41 -36 54 -54 -47 57 -45 -10 -29 -61 -3
right_child=1 8 3 10 5 12 19 11 16 25 21 -13 -14 -15 15 24 40 -19 27 33 -22 30 34 -25 36 -27 -28 28 29 -31 43 -33 -34 -35 52 -37 -38 41 39 51 -42 48 -44 56 47 55 -48 -49 -50 50 -52 -53 53 -55 -56 -57 -58 -59 -60 60 -62 -63
leaf_value=-0.048893608872186051 -0.0065192256380009889 0.021350445750241094 -0.068611963527167544 -0.035810525455060138 -0.076983971887157637 -0.052040408974470091 0.00016928296137077507 -0.023651891437308122 0.025148529165157116 -0.055353160517036232 -0.0060152837302949692 -0.052211197262748761 -0.013184993362116914 -0.035907305336516836 -0.023601976271987086 -0.016168740303762773 0.0087472217618211542 0.0052577079912201922 -0.011068254874478423 0.0076214004130500763 -0.016810729398351647 -0.0079381959143983282 -0.0026953594922205846 -0.032981489651175519 -0.047235597858882761 -0.083537872731685642 0.019512944273762777 -0.044733863223057523 -0.013611633028471614 -0.035393845246118653 -0.017275784450272717 -0.033012983401346459 -0.0067244398281783666 0.018065429352796994 0.00068861199377340916 -0.020181988503561534 -0.025495171609800308 -0.010971948273794411 0.0036002625893535485 0.015540510667205758 0.02386707223865182 -0.0097323699807613327 -0.027630728170767706 -0.0051438875960883113 -0.0026091697084936719 0.022640067383646961 0.019692830342733426 0.0057675806437991559 -0.0055109192648087621 -0.03220827137718775 -0.012657052034266153 0.0052667243993242399 -0.023314261361956596 0.00316772732976824 0.00051010127666152334 0.010208136457643522 -0.0026308207852956764 -0.014090046731042092 0.013829034734048628 -0.022796134559218497 -0.042231341011144896 0.011669618858589378
leaf_weight=54 236 51 50 67 58 42 728 72 1276 43 53 46 311 45 58 100 176 337 61 1431 45 685 1505 61 43 66 597 64 122 50 44 45 73 90 3154 66 47 76 2138 98 42 819 52 1552 102 59 126 499 239 41 52 97 41 59 43 75 817 79 42 50 43 914
leaf_count=54 236 51 50 67 58 42 728 72 1276 43 53 46 311 45 58 100 176 337 61 1431 45 685 1505 61 43 66 597 64 122 50 44 45 73 90 3154 66 47 76 2138 98 42 819 52 1552 102 59 126 499 239 41 52 97 41 59 43 75 817 79 42 50 43 914
internal_value=-7.10251e-05 0.00605407 -0.0138274 -0.0100455 -0.0323548 -0.0267288 0.00207595 -0.0337906 0.0176919 -0.0550001 -0.00887807 -0.0243652 -0.0221041 -0.0595557 -0.0140431 -0.0130652 0.0229563 0.0136894 -0.0284798 0.00511209 -0.0346244 -0.00640664 -0.00108728 -0.0206059 -0.0258386 -0.0730234 0.0153687 -0.0258159 -0.0285085 -0.0201117 -0.00589801 -0.00952695 -0.0152342 0.00766817 -0.000552432 -0.00956188 -0.0362872 -0.0112321 0.00322633 0.00417978 0.0117559 -0.0106531 -0.0179013 -0.00483156 0.00722802 0.0083321 0.0130851 0.00434393 -0.00983224 -0.0109574 -0.0215274 0.0104829 0.000426283 -0.00532424 -0.0112559 0.0158091 -0.00460093 -0.00558558 0.0247986 -0.037522 -0.032136 0.0122028
internal_weight=20207 13982 6225 5171 1054 846 10421 241 3561 208 4930 191 743 103 1594 1527 1536 2025 432 5317 99 3336 5104 114 190 109 1688 390 329 172 3222 730 145 2256 4802 302 90 1337 3061 2333 218 1279 128 2492 2166 1565 1091 601 1151 912 93 195 3297 143 84 134 2448 1631 1318 157 93 965
internal_count=20207 13982 6225 5171 1054 846 10421 241 3561 208 4930 191 743 103 1594 1527 1536 2025 432 5317 99 3336 5104 114 190 109 1688 390 329 172 3222 730 145 2256 4802 302 90 1337 3061 2333 218 1279 128 2492 2166 1565 1091 601 1151 912 93 195 3297 143 84 134 2448 1631 1318 157 93 965
is_linear=0
shrinkage=0.03


Tree=11
num_leaves=63
num_cat=0
split_feature=14 31 14 33 15 31 7 33 24 26 9 33 26 21 6 9 15 7 20 17 28 31 29 31 31 20 33 28 6 15 21 28 31 13 24 23 16 25 31 31 23 16 31 13 17 29 20 9 22 28 17 13 28 20 22 21 29 17 7 9 5 9
split_gain=1743.54 813.393 450.248 237.312 122.419 110.074 81.6502 76.2293 57.381 55.1863 53.7505 53.1811 37.489 41.1018 36.394 33.0937 27.8211 26.1426 24.2716 24.0384 27.3521 20.678 19.5917 18.6269 17.6992 13.071 12.5631 12.1392 12.0997 13.4036 21.5512 15.2555 11.5389 11.287 11.5756 11.2476 10.978 10.6874 10.5671 10.2183 9.25874 8.82684 8.72269 11.1651 16.763 8.23251 7.93904 7.88965 6.63611 6.3638 6.23127 5.97335 9.72262 5.78952 5.4765 5.04436 5.42906 4.88108 6.24266 4.65789 4.52009 4.5032
threshold=2491.1814285714295 5150.505000000001 1660.9350000000002 5474.9750000000013 1939.7336979166669 3504.1400000000008 -0.8821812062722818 5500.5800000000008 0.5858346065557013 32652.750000000004 6000.6650000000009 4466.2650000000003 26539.100000000002 6451.7750000000005 1.0000000180025095e-35 2789.8500000000008 1839.3738541666669 -0.8821812062722818 2550.7788541666673 99.095000000000013 5159.1833333333352 4500.2300000000005 28.381250000000005 993.18500000000006 2348.6700000000005 6474.4950520833345 4900.505000000001 5965.7766666666676 -0.91037613702198728 3324.1733333333336 9499.2650000000012 4560.6583333333338 2831.9000000000001 2396.9757490800407 0.82747845071763693 -68.006428571428557 3362.7800000000002 8735.3000000000011 9999.9950000000008 9999.9950000000008 -156.81500000000003 9653.2300000000014 2459.8450000000007 2280.6883605377161 387.56000000000006 28.156250000000004 4132.9653125000013 3860.4300000000007 -2358.6899999999991 6260.7450000000008 398.87500000000006 2253.6839008812026 6112.8550000000014 6913.9380729166669 1549.9100000000001 9999.6750000000011 27.693750000000005 99.830000000000013 -0.85227431625818906 1049.4750000000001 -0.1628082571180898 2650.1250000000005
decision_type=2 2 2 2 2 2 2 2 2 2 2 2 2 2 2 2 2 2 2 2 2 2 2 2 2 2 2 2 2 2 2 2 2 2 2 2 2 2 2 2 2 2 2 2 2 2 2 2 2 2 2 2 2 2 2 2 2 2 2 2 2 2
left_child=2 5 3 11 6 15 18 9 22 14 27 -1 -13 -14 19 36 17 -9 -5 -4 -21 35 -6 33 25 41 -15 38 29 30 -25 40 -17 34 -10 51 -2 -22 47 -12 -32 46 43 -38 -45 -29 -18 48 -3 53 -23 -7 -53 -41 -52 -40 -57 -36 -59 -26 -31 -43
right_child=1 10 7 4 8 21 -8 16 23 -11 39 12 13 26 -16 32 24 -19 -20 20 37 50 -24 28 59 -27 -28 45 -30 60 31 -33 -34 -35 57 -37 42 -39 55 49 -42 61 -44 44 -46 -47 -48 -49 -50 -51 54 52 -54 -55 -56 56 -58 58 -60 -61 -62 -63
leaf_value=-0.072210951056331393 -0.018426871766704458 -0.00048612245583328699 -0.036115864630342581 -0.016855085192964629 -0.023621269890629664 0.0044996527460649458 -0.073251451721414923 -0.00402499836931626 -0.041044680273958613 -0.051271444886195949 0.017559650865154815 -0.026082646453862681 -0.026385968672958286 -0.048461494422022335 -0.0042323790770146599 -0.00097332887473701403 -0.009421301738957482 -0.034571824653074144 -0.045358888744091497 -0.010980273643987378 -0.04009456462642931 0.0053048784955779102 -0.052249306402634831 -0.012110310895710854 -0.012263321122108027 -0.022215949316612547 -0.072811402456302729 -0.0029981436519525371 -0.010007935669436847 -0.016224363891279878 -0.029913274923769325 -0.039365092506227287 0.0021526068952136554 -0.012338492856627062 -0.016461717387040456 0.0071041827593073597 -0.0040732755143403909 -0.020824622327461836 0.022710397391509044 0.02481391822742051 -0.011888745286102806 -0.0068131588415338536 -0.0017572222152975117 -0.028691966489578287 -0.005602915750203441 0.011894593265495801 -0.022802653424441814 0.01543535196039956 0.01185714517146349 0.01221368241377852 0.0097908356026340636 0.0020341138214305453 -0.011112451256252825 0.015600367730172973 0.017894454681314526 0.013708063281265092 0.023272653055878785 -0.018276301810771903 -0.0346144648670004 -0.0029244189860277731 -0.0084970438362592278 -0.0025478524026526241
leaf_weight=75 42 57 70 64 40 1191 59 44 41 40 276 84 43 46 189 1604 511 59 48 240 46 265 54 135 49 53 55 51 383 130 51 68 3146 69 71 1039 545 69 222 1355 55 1318 1402 44 78 94 43 470 124 43 791 637 54 71 84 202 77 43 51 1329 152 270
leaf_count=75 42 57 70 64 40 1191 59 44 41 40 276 84 43 46 189 1604 511 59 48 240 46 265 54 135 49 53 55 51 383 130 51 68 3146 69 71 1039 545 69 222 1355 55 1318 1402 44 78 94 43 470 124 43 791 637 54 71 84 202 77 43 51 1329 152 270
internal_value=-1.3565e-05 0.00584707 -0.0133258 -0.0258561 -0.0209804 0.00202522 -0.0448445 -0.00806297 -0.0179108 -0.0174945 0.0195639 -0.0500696 -0.0425028 -0.0518353 -0.0152143 -0.000291964 -0.00638069 -0.0216869 -0.0293643 -0.0200766 -0.0168214 0.00593919 -0.040444 -0.0161839 -0.00593351 -0.00760642 -0.0623052 0.0149156 -0.0142081 -0.0169086 -0.0212402 -0.028214 0.00109705 -0.0231048 -0.026634 0.00459908 -0.00341644 -0.0288118 0.0159466 0.0230082 -0.0207594 -0.00723474 -0.00310298 -0.00592482 -0.0140957 0.0066718 -0.0104991 0.0133804 0.00798873 0.0240193 0.00936588 0.00321305 0.000992167 0.0243664 0.0105883 0.0192479 0.0164214 -0.0228274 -0.0274117 -0.00326515 -0.012104 -0.00609001
internal_weight=20111 13964 6147 1817 1514 10922 171 4330 1343 654 3042 303 228 144 614 6861 3676 103 112 425 355 4061 94 1249 3573 2195 101 1297 974 591 309 174 4750 275 206 2921 2111 115 1152 1745 106 2142 2069 667 122 145 554 651 181 1469 1140 1882 691 1426 875 501 279 165 94 1378 282 1588
internal_count=20111 13964 6147 1817 1514 10922 171 4330 1343 654 3042 303 228 144 614 6861 3676 103 112 425 355 4061 94 1249 3573 2195 101 1297 974 591 309 174 4750 275 206 2921 2111 115 1152 1745 106 2142 2069 667 122 145 554 651 181 1469 1140 1882 691 1426 875 501 279 165 94 1378 282 1588
is_linear=0
shrinkage=0.03


Tree=12
num_leaves=63
num_cat=0
split_feature=14 31 14 33 15 31 7 9 33 17 28 9 27 33 16 11 24 31 28 13 22 7 1 9 31 31 28 18 30 31 28 31 15 20 17 1 27 16 17 13 13 8 28 9 18 32 28 17 12 32 28 16 20 33 31 10 30 15 18 8 7 23
split_gain=1649.07 674.603 498.994 198.315 110.834 96.4836 86.2297 70.058 66.6961 74.5025 82.8188 49.4894 46.1947 38.9115 34.0487 29.5611 25.2513 20.8883 20.2169 19.2441 18.243 17.109 15.6175 14.881 12.7306 12.2921 12.0073 10.4714 10.383 10.1946 9.40179 9.70506 9.29804 13.0185 8.9742 8.76899 9.20223 8.5687 8.34165 8.22412 13.158 8.20503 15.1766 7.58407 6.38729 6.16552 8.78927 6.01278 5.98621 5.58105 5.49671 5.42876 6.09414 5.17614 5.17597 5.14924 4.75973 4.74409 4.44624 4.29542 4.11268 4.09664
threshold=2736.1528571428576 5150.505000000001 1580.6907142857146 5474.9750000000013 1939.7336979166669 1999.7950000000003 -0.8821812062722818 3433.9150000000004 5474.9750000000013 99.845000000000013 3818.0416666666674 5468.5100000000011 -24833.649999999998 4466.2650000000003 3562.2000000000003 399.95500000000004 0.77795300990275196 4063.0700000000006 5490.1250000000009 1678.9824797221636 36.585000000000043 -0.87395131947920313 5.5000000000000009 2370.3250000000003 499.23500000000007 3000.4650000000006 6033.6300000000019 1700.2900000000002 0.6062499999999994 983.40500000000009 5965.7766666666676 9999.9950000000008 3291.6371354166672 3648.7222916666674 398.87500000000006 5.5000000000000009 7311.2000000000007 3562.2000000000003 1215.7500000000002 2656.5918640042214 2926.6249049097519 -0.586545147510938 6112.8550000000014 3303.7500000000005 1799.5850000000003 4235.1539062500005 5465.4700000000012 1262.9850000000004 2501.8138764880955 3361.6802083333337 3576.0483333333336 6886.3250000000007 3007.1436458333337 4579.3100000000004 2459.8450000000007 4850.7500000000009 4.200000000000002 3173.76125 983.3950000000001 0.41202506375868281 0.99552231814189451 -36.000714285714345
decision_type=2 2 2 2 2 2 2 2 2 2 2 2 2 2 2 2 2 2 2 2 2 2 2 2 2 2 2 2 2 2 2 2 2 2 2 2 2 2 2 2 2 2 2 2 2 2 2 2 2 2 2 2 2 2 2 2 2 2 2 2 2 2
left_child=2 7 3 13 6 8 19 25 9 10 28 30 16 -1 21 -15 -6 -9 59 -5 22 -7 45 39 -14 37 -20 -17 -4 -18 31 43 33 34 -26 36 60 -2 -37 54 -41 42 57 -3 -35 46 -10 55 -25 -36 -33 52 -22 -50 -16 -19 -32 -27 -34 -11 -13 -31
right_child=1 11 5 4 12 14 -8 17 20 18 -12 35 24 15 23 27 29 47 26 -21 51 -23 -24 48 32 41 -28 -29 -30 61 56 50 58 44 49 38 -38 -39 -40 40 -42 -43 -44 -45 -46 -47 -48 -49 53 -51 -52 -53 -54 -55 -56 -57 -58 -59 -60 -61 -62 -63
leaf_value=-0.070579348536504605 -0.0088179135193023825 0.0015139288007158715 -0.0075188417726788359 -0.015274136521253048 -0.041019642093489246 -0.010736030968631474 -0.073745655928706286 0.0039980446163789046 -0.012050715850210246 -0.014068586788699029 -0.063984887868522064 0.020788575223238751 -0.027384813608535164 -0.058338019294930356 -0.0067878334571874251 -0.040884952113556208 -0.03137448222873962 0.0077784138999731911 -0.038743874941553388 -0.041064660456389755 -0.0084951789244010652 -0.035136137721749644 -0.031975886185267352 0.001941378721057285 -0.010674589928973861 -0.0048061818239225652 -0.016061484905658289 -0.021559102272056044 -0.029256688397840548 -0.021567212548428052 -0.0017070768820897986 0.01096967832173539 -0.017825881001588544 -0.03451854522399446 -0.013850804243872805 0.0046454492434321974 0.024666675329524077 -0.00072676012711075846 0.02066406337491853 -0.025068818009644746 -0.0019321564391962388 0.0023849349017131742 -0.019192639270602444 0.013548970122552909 -0.017456267912472994 -0.0053594232857770594 -0.026302982896158938 0.0097809937361462949 -0.012956690800531455 -0.030253121531909195 0.019985018909412799 -0.0056980302408645919 -0.02144735502079129 -0.0026641676781536776 -0.0034418108626732514 0.0017415806308429872 0.01062739600826587 0.0027592495645149028 -0.0086771091173471673 -0.0066856779958265767 0.011699561178332792 -0.011075542585984352
leaf_weight=65 124 52 40 56 92 64 57 2366 238 149 67 815 62 69 1074 63 72 438 41 51 163 44 40 259 244 121 47 49 40 86 44 78 56 46 40 51 943 2050 70 49 40 2549 42 531 41 89 47 1044 44 40 367 807 41 2093 685 180 76 191 348 141 52 61
leaf_count=65 124 52 40 56 92 64 57 2366 238 149 67 815 62 69 1074 63 72 438 41 51 163 44 40 259 244 121 47 49 40 86 44 78 56 46 40 51 943 2050 70 49 40 2549 42 531 41 89 47 1044 44 40 367 807 41 2093 685 180 76 191 348 141 52 61
internal_value=4.16171e-05 0.00696347 -0.0106333 -0.0256014 -0.0210644 -0.00683442 -0.0441408 0.00285761 -0.0123786 -0.0215145 -0.0395863 0.0191002 -0.0178443 -0.0503502 -0.00434796 -0.0427377 -0.0277827 0.00581148 -0.0144007 -0.0278332 -0.00900002 -0.020908 -0.0143037 -0.00392172 -0.0142924 0.000513371 -0.026946 -0.0326955 -0.0186148 -0.0220608 0.0141435 0.0150723 -0.013264 -0.0164541 -0.0136109 0.0220381 0.022567 -0.0011921 0.0140058 -0.00594411 -0.0148073 0.00179054 -0.00248412 0.0124799 -0.0267674 -0.0123334 -0.0144848 0.00838911 -0.00236006 -0.0223242 0.0184329 -0.00681621 -0.0111902 -0.00288205 -0.0054875 0.00602577 0.00612803 -0.000180761 -0.00998614 -0.0105143 0.0202576 -0.0173178
internal_weight=20084 12184 7900 1598 1352 6302 164 9105 1950 525 147 3079 1188 246 4352 181 311 4028 378 107 1425 108 414 4244 877 5077 88 112 80 219 1148 1028 815 411 324 1931 1810 2174 121 1848 89 2903 354 583 87 374 285 1662 2396 80 445 1011 204 2137 1759 618 120 312 404 290 867 147
internal_count=20084 12184 7900 1598 1352 6302 164 9105 1950 525 147 3079 1188 246 4352 181 311 4028 378 107 1425 108 414 4244 877 5077 88 112 80 219 1148 1028 815 411 324 1931 1810 2174 121 1848 89 2903 354 583 87 374 285 1662 2396 80 445 1011 204 2137 1759 618 120 312 404 290 867 147
is_linear=0
shrinkage=0.03


Tree=13
num_leaves=63
num_cat=0
split_feature=14 31 26 33 33 8 31 14 9 31 14 11 30 7 28 31 9 33 24 9 21 17 16 9 25 26 31 16 14 14 17 9 13 30 11 26 31 7 13 28 28 32 16 16 34 8 7 19 5 8 2 31 7 8 14 26 14 8 28 17 30 17
split_gain=1560.71 644.427 448.546 150.635 137.882 83.726 82.0898 73.874 66.8812 55.7366 52.2117 45.4036 40.6876 35.6008 32.0408 26.6406 23.7022 19.6949 17.8605 16.9876 16.7551 16.6027 19.0199 15.6224 15.3274 14.8239 13.9511 13.5337 14.7923 13.0431 12.4467 12.2908 12.1383 21.9206 13.4399 12.3474 10.2722 10.0318 9.871 9.30816 8.52385 7.45864 7.38608 7.04311 6.74794 6.74373 11.0993 9.65812 11.5007 6.50204 6.50126 6.31916 6.31214 5.98831 5.93514 5.69478 5.68442 5.70413 5.63986 4.80893 6.04896 4.77024
threshold=2691.2700000000004 5000.0850000000009 30851.100000000002 5520.3700000000008 4535.4800000000005 -0.45464412999974241 2019.1900000000003 1911.9142857142858 3499.9150000000004 9999.9950000000008 1206.3957142857146 1192.6750000000002 5.0562500000000012 -0.86546281643016554 3958.0783333333334 499.23500000000007 1453.7150000000004 4230.1650000000009 1.1575506437478 2370.3250000000003 6150.6500000000005 99.050000000000011 3816.5150000000008 2539.8550000000005 10609.300000000001 36429.200000000004 4259.4850000000015 9999.3350000000009 672.0100000000001 1254.9950000000001 0.94000000000000006 3677.4850000000001 2651.6063810485211 8.1500000000000039 1867.6800000000003 24864.250000000004 2767.6100000000001 -0.99763297024448894 2656.5918640042214 5965.7766666666676 6033.6300000000019 5785.1868229166676 5148.670000000001 3662.3850000000007 0.61197916666666685 -0.39233249306308043 -0.77786766366919291 3195.9900000000002 0.41248606129204562 0.82293497932636273 8.5000000000000018 1000.8250000000002 0.99966190462023474 0.30778899014954286 1580.6907142857146 12018.35 2912.8835714285715 0.080547328232315238 6223.1458333333348 274.08000000000004 1.0062499999999999 1457.8650000000002
decision_type=2 2 2 2 2 2 2 2 2 2 2 2 2 2 2 2 2 2 2 2 2 2 2 2 2 2 2 2 2 2 2 2 2 2 2 2 2 2 2 2 2 2 2 2 2 2 2 2 2 2 2 2 2 2 2 2 2 2 2 2 2 2
left_child=2 8 4 11 7 12 15 13 23 31 16 25 -5 -1 -13 18 20 -9 -6 38 -7 22 -17 40 39 -4 -10 -22 -29 -24 -12 50 35 34 -34 -23 -25 -37 45 52 42 -38 55 -21 -45 46 47 48 -8 -39 -3 -32 59 -33 -20 -2 57 -57 -26 60 -11 -28
right_child=1 9 3 5 6 10 19 17 26 24 30 14 -14 -15 -16 21 -18 -19 54 43 27 32 29 36 58 -27 61 28 -30 -31 51 53 33 -35 -36 37 41 49 -40 -41 -42 -43 -44 44 -46 -47 -48 -49 -50 -51 -52 -53 -54 -55 -56 56 -58 -59 -60 -61 -62 -63
leaf_value=-0.069004340752959248 -0.015600055615756477 0.0098483359208330502 -0.054195134509955681 -0.059442701987922189 -0.03660335403361261 -0.019656032578053848 -0.010076527220662683 -0.007295995389814583 0.0044972796348203455 0.009639741841695337 -0.027896895677578155 -0.017586071394034661 -0.026162180423450008 -0.032163465500263305 -0.050869311459717292 -0.035159458838911216 -0.013665911813577016 -0.027951558221672737 -0.023482186333699657 -0.014605775534518903 -0.050228246371535695 -0.0054346122359698922 -0.023576656676097107 -0.0013298133888005315 0.023745512365018328 -0.080887955310868051 0.0063018123815790352 -0.041565075470462544 -0.022128586741078093 -0.0092442124934639137 -0.021118429660797119 0.011293122492600255 -0.037074884904329392 -0.0076041118728921468 -0.014804788443188254 -0.022531973774800255 0.0021276898553116248 -0.0090453575406017356 -0.017305374424738278 0.010860455138283176 -0.015931280650263436 -0.0099027829534037298 -0.00010705028285037221 -0.0025906089943313732 0.0032287957726018219 -0.004933669079577054 -0.002839884494080252 -0.0070429402911856695 -0.031411504953795549 -0.020361785256117582 -0.0013057273868996072 -0.0090846991907316665 0.0096049559502862387 0.016080791228157868 -0.0083845940177244213 -0.018015382469382654 -0.0011739574685745424 -0.0047446937536526667 0.011815457164945944 0.021716794241513016 0.019730553102718124 0.010377886210497589
leaf_weight=44 43 141 61 74 57 80 45 97 2458 83 40 47 64 57 62 43 89 73 43 40 50 731 83 1093 1066 40 465 70 80 187 44 408 50 136 51 61 3681 654 69 142 42 46 579 1915 197 1432 119 81 48 49 70 361 59 603 54 42 223 94 40 523 168 602
leaf_count=44 43 141 61 74 57 80 45 97 2458 83 40 47 64 57 62 43 89 73 43 40 50 731 83 1093 1066 40 465 70 80 187 44 408 50 136 51 61 3681 654 69 142 42 46 579 1915 197 1432 119 81 48 49 70 361 59 603 54 42 223 94 40 523 168 602
internal_value=5.82719e-05 0.00649912 -0.0107108 -0.027854 -0.00760209 -0.0227374 -0.00667565 -0.0285077 0.00248109 0.0178909 -0.0190307 -0.0508313 -0.0443075 -0.0487321 -0.0368082 -0.0113196 -0.0273709 -0.0162773 -0.0233378 -0.0040855 -0.031663 -0.0104036 -0.0167687 0.000511978 0.0208809 -0.0654559 0.00574399 -0.0363442 -0.0314141 -0.0137209 -0.012069 0.0127861 -0.00924429 -0.0155564 -0.026085 -0.0082339 0.0012267 -0.0109017 -0.00624084 0.0180872 -0.00285343 0.00197659 -0.00227787 -0.00228664 -0.00204652 -0.00578849 -0.00993534 -0.014744 -0.0213051 -0.00986193 0.00615923 -0.0104409 0.0193047 0.0141617 -0.0152487 -0.00539647 -0.00413437 -0.00894458 0.0233251 0.0200307 0.0164452 0.00860909
internal_weight=20249 12671 7578 1162 6416 952 6145 271 9368 3303 814 210 138 101 109 2199 369 170 154 3946 280 2045 313 5843 2081 101 3525 200 150 270 445 1222 1732 237 101 1495 4820 764 1794 975 1023 3727 981 2152 2112 1725 293 174 93 703 211 405 833 1011 97 402 359 136 1106 774 251 1067
internal_count=20249 12671 7578 1162 6416 952 6145 271 9368 3303 814 210 138 101 109 2199 369 170 154 3946 280 2045 313 5843 2081 101 3525 200 150 270 445 1222 1732 237 101 1495 4820 764 1794 975 1023 3727 981 2152 2112 1725 293 174 93 703 211 405 833 1011 97 402 359 136 1106 774 251 1067
is_linear=0
shrinkage=0.03


Tree=14
num_leaves=63
num_cat=0
split_feature=14 31 14 33 16 9 33 31 9 9 14 33 20 31 16 8 29 26 20 28 0 31 31 20 11 34 31 31 9 9 8 8 28 31 8 1 32 16 12 24 30 22 16 32 28 32 17 12 28 2 8 9 26 27 8 5 12 28 1 1 17 34
split_gain=1487.7 612.098 442.116 164.924 93.1003 80.6653 76.7017 58.7314 58.6734 48.7204 45.7253 41.6752 34.0616 30.8242 27.3841 35.4704 24.2214 23.4763 23.0527 20.9435 17.3591 15.8221 15.1606 14.7867 26.3034 13.9596 13.2507 11.0238 10.2112 10.0426 9.94373 17.4662 8.81907 10.9066 8.46009 24.5691 8.38962 8.00948 7.81629 7.64739 7.36206 8.16888 7.31176 7.09802 14.6198 8.56403 5.75717 5.36451 5.34683 5.67667 12.1155 5.17743 5.15275 5.86077 5.14396 8.863 8.87796 5.12277 5.07128 5.00016 4.93421 4.85976
threshold=2714.366428571429 5000.0850000000009 1580.6907142857146 5474.9750000000013 4035.2800000000002 999.66000000000008 4466.2650000000003 993.18500000000006 3621.3100000000009 5300.1900000000005 779.81714285714293 4466.2650000000003 4388.5488541666682 2442.8100000000004 4512.1450000000013 -0.13398942717002907 30.343750000000004 31650.750000000004 6481.8408333333346 3834.711666666667 48.500000000000007 499.23500000000007 3000.0250000000005 2546.3523437500003 2750.6600000000003 0.054687500000000007 9999.9950000000008 4211.9400000000014 2713.7150000000006 1815.6950000000004 -0.586545147510938 -0.62754092052422605 5965.7766666666676 9999.9950000000008 0.097680735332368748 5.5000000000000009 4434.0681770833344 3562.2000000000003 2513.1384747023812 1.424313837035216 7.7062500000000016 836.5200000000001 4985.1350000000011 3730.3277604166674 5385.3416666666681 3436.2423958333338 54.335000000000001 3627.8128422619052 6112.8550000000014 3.5000000000000004 0.30778899014954286 3700.0850000000005 30465.400000000005 -26135.349999999999 0.16587474750015932 0.72947329433276253 3157.5056919642866 5609.6600000000017 4.5000000000000009 3.5000000000000004 1391.7450000000001 0.080729166666666671
decision_type=2 2 2 2 2 2 2 2 2 2 2 2 2 2 2 2 2 2 2 2 2 2 2 2 2 2 2 2 2 2 2 2 2 2 2 2 2 2 2 2 2 2 2 2 2 2 2 2 2 2 2 2 2 2 2 2 2 2 2 2 2 2
left_child=2 8 3 11 6 10 -4 12 22 32 16 -1 29 18 15 -12 25 39 28 -8 -17 -7 37 -21 -25 -5 -11 -10 34 -6 31 -24 33 51 35 40 52 -2 -15 -13 41 57 -19 44 45 46 -23 -36 49 50 -28 -3 -16 -54 55 58 -57 -9 -40 -50 -37 -45
right_child=1 9 4 5 7 21 19 13 27 26 14 17 -14 38 36 20 -18 42 -20 23 -22 43 30 24 -26 -27 48 -29 -30 -31 -32 -33 -34 -35 47 60 -38 -39 54 -41 -42 -43 -44 61 -46 -47 -48 -49 59 -51 -52 -53 53 -55 -56 56 -58 -59 -60 -61 -62 -63
leaf_value=-0.066953334947352977 -0.0083547884769737714 0.0069318237967478736 -0.054969874598798062 -0.065243139529357785 -0.021954265136707139 -0.028405237697583973 -0.0084184081663762622 -0.0074959555731495906 0.0046094749596284944 0.015759724557215402 -0.052968638320970866 -0.037310568813234565 -0.037828927942636342 0.0025747263191595645 -0.013033236443394949 -0.0093516639897599819 -0.029303773343921279 -0.040195339136734239 -0.027478174006100742 -0.011940165961910363 -0.035423534058034417 -0.019736376754939555 0.00057650827804929571 -0.042909978479146953 -0.011902641566104483 -0.038613710207864638 0.0072447328894475558 0.008444673509032101 -0.0025961299495052869 -0.008453345632997853 0.0025974114436690043 -0.014946719715563297 0.0051853058920776256 0.017462363365173931 -0.0051103985254627874 -0.029151128182187677 -0.0062801890150229961 -0.00055834813252877773 -0.00016496290192453866 -0.021024496226914619 -0.0051863363273101249 -0.021334376140529736 -0.061369751835378211 -0.013032644887403506 -0.029599728154651117 -0.023708873927593233 -0.0089981074904352028 -0.0089954148878517732 0.023472390583027962 0.023510945953831842 0.021389155322054432 0.012912234359631852 -0.014180712435475508 -0.028115950722713022 -0.0020168847500528762 -0.018941482727712636 -0.0057155461279439906 -0.018829609634257002 -0.009581573790955273 0.010734641034272499 -0.015040877979075494 -0.0048406132717234455
leaf_weight=66 124 179 50 45 76 60 184 279 1794 436 53 59 65 265 71 49 77 40 47 68 44 54 374 60 43 40 66 1086 507 146 3473 78 121 443 1363 59 53 2318 234 56 440 57 40 117 52 54 278 421 45 1041 353 522 45 85 1493 70 132 41 65 79 42 150
leaf_count=66 124 179 50 45 76 60 184 279 1794 436 53 59 65 265 71 49 77 40 47 68 44 54 374 60 43 40 66 1086 507 146 3473 78 121 443 1363 59 53 2318 234 56 440 57 40 117 52 54 278 421 45 1041 353 522 45 85 1493 70 132 41 65 79 42 150
internal_value=5.74989e-05 0.00645821 -0.0102324 -0.0243531 -0.00661644 -0.0200377 -0.0205073 -0.00564344 0.00250573 0.01758 -0.0286675 -0.0461339 -0.0188536 -0.00495269 -0.0231166 -0.0334826 -0.0421475 -0.0387816 -0.00682055 -0.0155126 -0.0219324 -0.0136687 0.000898186 -0.0230529 -0.0302041 -0.0533064 0.0204755 0.00605809 -0.00650953 -0.013153 0.00205268 -0.00212936 0.0129437 0.0137591 -0.0072426 -0.00958662 -0.0170502 -0.000957494 -0.00225863 -0.0296296 -0.00784142 -0.0109183 -0.0514095 -0.0123761 -0.0147352 -0.0126614 -0.0107987 -0.00603174 0.0217628 0.0222831 0.0191837 0.0113972 -0.0198449 -0.0234373 -0.00290195 -0.00553021 -0.0103695 -0.00900222 -0.00223717 0.015508 -0.0234885 -0.00846561
internal_weight=20327 12532 7795 1588 6207 1327 405 5802 9247 3285 562 261 287 5515 400 146 162 195 3256 355 93 765 6367 171 103 85 2020 2880 3209 222 3925 452 1265 1144 2702 918 254 2442 2259 115 817 377 80 705 438 386 332 1784 1584 1460 419 701 201 130 1994 501 202 320 299 124 101 267
internal_count=20327 12532 7795 1588 6207 1327 405 5802 9247 3285 562 261 287 5515 400 146 162 195 3256 355 93 765 6367 171 103 85 2020 2880 3209 222 3925 452 1265 1144 2702 918 254 2442 2259 115 817 377 80 705 438 386 332 1784 1584 1460 419 701 201 130 1994 501 202 320 299 124 101 267
is_linear=0
shrinkage=0.03


Tree=15
num_leaves=63
num_cat=0
split_feature=14 27 31 33 15 24 31 11 13 31 33 32 32 14 12 9 14 11 28 9 20 28 16 12 11 16 23 23 12 11 9 16 9 20 34 26 28 14 31 13 30 33 1 20 16 15 33 22 20 20 16 16 24 31 14 20 20 28 30 22 32 5
split_gain=1400.41 528.846 494.561 173.391 131.015 98.8025 76.3575 66.8402 56.3207 55.9496 53.1765 33.3329 31.2182 41.606 46.1398 30.1375 28.6002 26.0683 23.6112 22.502 18.9529 15.5981 15.1706 13.1569 12.7683 12.4559 11.2137 11.1286 11.1353 18.1957 10.5856 8.85399 8.2422 8.35402 8.19862 7.88251 7.79775 7.17351 7.06515 7.96608 15.4912 6.82971 6.67135 12.0574 6.43269 16.265 6.4048 6.05549 6.01219 5.7591 5.73375 4.73723 4.66128 4.60991 4.59329 4.05862 5.58651 3.93247 4.434 3.92296 4.51772 4.16771
threshold=2923.8442857142868 -18614.950000000001 5573.2850000000008 5474.9750000000013 1939.7336979166669 0.55037518267569985 2019.1900000000003 1192.6750000000002 1678.9824797221636 4063.0700000000006 4466.2650000000003 2191.0721354166672 2604.2039062500003 2131.247142857143 2612.3685119047623 5468.5100000000011 1254.9950000000001 1848.8000000000002 5490.1250000000009 2370.3250000000003 3361.6802083333337 6184.1533333333346 4429.5550000000012 2523.8042485119054 1700.45 3745.2700000000004 -285.70285714285717 506.00285714285729 3874.2060044642863 1848.8000000000002 3945.1350000000007 3485.3350000000005 1453.7150000000004 2635.0830729166669 0.53906250000000011 3680.0500000000006 6342.7016666666668 3268.315714285714 2430.2600000000007 2485.2354778152489 3.0499999999999994 4579.3100000000004 4.5000000000000009 3571.8685416666672 6560.5200000000013 2877.9341145833337 5474.9750000000013 -2155.0849999999996 6913.9380729166669 6474.4950520833345 6560.5200000000013 4068.2050000000004 1.2347019723864665 1010.3350000000002 1636.3614285714289 5009.9263020833341 4840.2518229166681 4461.7333333333345 7.4000000000000012 -5399.7749999999987 3028.3356250000002 -0.72947329433276231
decision_type=2 2 2 2 2 2 2 2 2 2 2 2 2 2 2 2 2 2 2 2 2 2 2 2 2 2 2 2 2 2 2 2 2 2 2 2 2 2 2 2 2 2 2 2 2 2 2 2 2 2 2 2 2 2 2 2 2 2 2 2 2 2
left_child=1 3 9 7 8 -6 12 11 -5 22 -9 -1 13 14 -3 36 23 -10 -16 21 -13 31 47 26 -12 -21 -7 28 54 -30 -11 -8 33 -25 41 -17 49 -24 39 -33 -41 -27 44 -44 45 51 -32 -2 55 59 -35 -18 -48 -52 -14 56 -37 -29 -59 -4 -61 -62
right_child=2 6 15 4 5 16 19 10 17 30 24 20 27 -15 18 35 42 -19 -20 25 -22 -23 37 32 -26 34 -28 57 29 -31 46 38 -34 50 -36 48 -38 -39 -40 40 -42 -43 43 -45 -46 -47 52 -49 -50 -51 53 -53 -54 -55 -56 -57 -58 58 -60 60 61 -63
leaf_value=-0.03813457665278723 -0.012768786653706973 -0.049222618883814323 0.00954154778455003 -0.015402249502664318 -0.053707995274072065 -0.040920560018026401 -0.015978315611613322 -0.05702796972071638 -0.066661977061758859 0.0052974791746060049 -0.033495208821866823 -0.083219766033456669 -0.011696036361014298 -0.0063558356849980372 -0.011965922839144341 0.023575304390686863 -0.015519262448896801 -0.036997882499587985 -0.035196236349228353 -0.012879707017848484 -0.052270108576525344 -0.022852113738898998 0.0013584069050305086 -0.0084609683115116265 -0.013929393188045652 -0.012437972956655097 -0.02091056717789502 -0.00071315929217606166 -0.033169676168200865 -0.010356011993654475 0.0042021376225091708 -0.0056218404823204678 -0.011333726307167103 -0.033250782271581035 0.0015259331997806932 0.019127719847599929 0.0011070774149063022 0.0036463326250347804 -0.0028821666584882026 -0.028485755856548039 -0.0046344288885898765 -0.0018496608876325011 -0.0064994343136521903 -0.025976587306885492 -0.0066564986219676556 -0.025712850747037341 0.0096574753068441096 -0.0012923623287772626 0.010592511128447951 0.0051917484598234297 -0.023882070402614773 -0.0066776168960538031 0.017063218943610348 -0.012043217798428875 -0.0067123175340876445 0.022678573714464762 0.0086779757171797627 -0.0135233581289649 -0.0041614040071948381 0.0060734700229625365 0.018852498918271333 0.014003154622747116
leaf_weight=56 43 54 109 48 57 41 65 48 68 1058 45 46 241 195 153 529 75 52 53 85 43 45 2245 45 95 55 76 195 44 110 187 886 163 41 721 914 42 2741 917 41 60 2705 54 62 401 65 1009 702 74 59 95 206 84 48 561 320 51 59 196 42 334 348
leaf_count=56 43 54 109 48 57 41 65 48 68 1058 45 46 241 195 153 529 75 52 53 85 43 45 2245 45 95 55 76 195 44 110 187 886 163 41 721 914 42 2741 917 41 60 2705 54 62 401 65 1009 702 74 59 95 206 84 48 561 320 51 59 196 42 334 348
internal_value=8.23511e-05 -0.0084197 0.00739792 -0.0224093 -0.0182823 -0.0153145 -0.00478865 -0.0420876 -0.0432856 0.00361627 -0.0300125 -0.0574307 -0.0100495 -0.0168779 -0.0247149 0.0182057 -0.0136815 -0.0542195 -0.0180838 -0.00303259 -0.0690135 -0.00556688 0.00202004 -0.0193256 -0.0204114 -0.00160012 -0.02821 -0.00782935 -0.00966031 -0.0170461 0.00752649 -0.00516044 -0.0166088 -0.020298 -0.00132108 0.020393 0.0137674 0.00261665 -0.00478294 -0.0065442 -0.014501 -0.00206509 -0.0103341 -0.0170427 -0.00927098 -0.0122731 0.00936333 -0.00197099 0.0191378 0.0143616 -0.0231315 -0.00908415 0.0102417 -0.0200194 -0.00822262 0.0196213 0.018585 -0.00392678 -0.00637187 0.0150041 0.0158122 0.0164022
internal_weight=20262 9371 10891 1930 1597 1429 7441 333 168 8069 188 145 1861 455 260 2822 1372 120 206 5580 89 2014 5731 509 140 3566 117 1406 956 154 2338 1969 392 229 3481 1888 934 4986 1904 987 101 2760 863 116 747 346 1280 745 1359 892 184 281 1093 143 802 1285 965 450 255 833 724 682
internal_count=20262 9371 10891 1930 1597 1429 7441 333 168 8069 188 145 1861 455 260 2822 1372 120 206 5580 89 2014 5731 509 140 3566 117 1406 956 154 2338 1969 392 229 3481 1888 934 4986 1904 987 101 2760 863 116 747 346 1280 745 1359 892 184 281 1093 143 802 1285 965 450 255 833 724 682
is_linear=0
shrinkage=0.03


Tree=16
num_leaves=63
num_cat=0
split_feature=14 31 27 33 33 8 9 8 31 20 31 12 8 16 12 31 20 6 20 27 16 31 31 26 25 14 14 14 0 25 20 9 28 27 18 31 8 9 28 11 23 17 17 20 17 10 34 7 7 10 0 8 28 9 7 11 27 8 30 8 27 12
split_gain=1296.63 608.184 349.428 113.314 99.6666 77.172 73.3072 62.6755 52.3269 52.1687 47.0982 43.5368 42.6447 33.2578 30.2424 23.5631 22.246 21.9746 17.8861 17.5032 17.3849 17.3699 17.2531 16.5403 16.1178 15.2848 15.1125 14.3279 13.9426 13.4877 11.4642 10.9794 10.6545 10.2642 8.43108 14.4043 8.25407 7.3384 6.99651 6.8742 6.5484 5.7987 5.78289 4.93151 4.80148 12.3971 4.71408 4.68605 4.57782 4.53775 4.35418 5.0944 5.1224 4.34387 4.17514 4.38446 4.08274 4.08271 4.04394 8.45772 5.7089 3.93711
threshold=2501.0321428571433 5000.0850000000009 -22142.349999999995 5499.3350000000009 4764.3650000000007 -0.45464412999974241 3263.7300000000005 0.41202506375868281 1459.8350000000003 3115.6510416666674 9999.9950000000008 2742.8088392857148 0.011826144619637555 3816.5150000000008 3014.966510416667 983.40500000000009 2382.424010416667 -0.84874750804349197 6474.4950520833345 -24833.649999999998 3362.7800000000002 4300.0350000000008 2767.6100000000001 35671.250000000007 6205.2000000000007 2180.3057142857147 1892.5414285714289 1486.1142857142861 51.500000000000007 10220.150000000001 4399.5113541666678 4082.7700000000004 6402.1216666666687 -15568.449999999999 1150.4900000000002 999.94500000000016 -0.46989712924132493 2150.8350000000005 5999.9966666666669 3229.6400000000008 -68.006428571428557 966.24000000000012 1499.2500000000002 6913.9380729166669 29.590000000000003 2280.9750000000004 0.58593750000000011 0.85392600138668617 -0.50462962837920111 7319.3350000000009 55.500000000000007 0.82293497932636273 5878.2333333333345 3303.7500000000005 -0.8821812062722818 2177.0350000000003 -1384.2499999999998 0.99855310097228334 2.1562499999999987 0.56901594657981336 -88.750000000000441 2848.4135342261911
decision_type=2 2 2 2 2 2 2 2 2 2 2 2 2 2 2 2 2 2 2 2 2 2 2 2 2 2 2 2 2 2 2 2 2 2 2 2 2 2 2 2 2 2 2 2 2 2 2 2 2 2 2 2 2 2 2 2 2 2 2 2 2 2
left_child=2 6 3 9 7 -5 20 12 27 14 31 16 17 24 -1 -13 -7 -4 26 28 -2 39 36 -11 -10 -26 50 34 -18 38 54 48 -24 -32 61 -36 -22 44 58 -8 41 -17 -41 -31 45 -28 -39 -38 53 -33 51 52 -15 -3 -29 -56 -44 -23 59 60 -12 -6
right_child=1 10 4 5 8 11 21 -9 13 23 29 15 -14 18 -16 40 19 -19 -20 -21 22 57 32 -25 25 -27 37 30 -30 43 33 49 -34 -35 35 -37 47 46 -40 42 -42 -43 56 -45 -46 -47 -48 -49 -50 -51 -52 -53 -54 -55 55 -57 -58 -59 -60 -61 -62 -63
leaf_value=-0.049496609261042844 -0.015944290002529865 -0.0040515382377466613 -0.040486012042321738 -0.050961460812924131 -0.010855768679689123 -0.0093336501297876968 0.0017335172056542258 -0.0077170645374627332 -0.0045838653841721155 -0.044488573909756989 0.00054078652295918965 -0.030611347678576168 -0.053688077303043133 -0.0079566184021177006 -0.015987759023904799 -0.012134019972554979 -0.031395108191024382 -0.014264601247035897 -0.024162917035321394 -0.020532547925044716 -0.012553725300381917 0.0071597903460463835 0.00091470622655928624 -0.070136223662112446 -0.038000293681573753 -0.013295055343877782 -0.0028131463001237105 -0.0058227305571404344 -0.051870531305256817 0.021711355835913417 -0.031486674052929244 0.014868984182318449 -0.013619660111144185 -0.010023791690223983 -0.034914785716134829 -0.01492258407473427 -0.0019275524974736269 -0.0032592130343858734 0.0096201103273917728 0.0029352195232173668 -0.0084330159593234526 -0.024273477395375567 0.004426386205045164 0.011296152692644836 -0.0053273445734856551 -0.024150541147047823 0.0031780726102996755 -0.0072480759265427302 0.0097696502582923055 0.0098007678565676364 -0.0047324069077777 -0.018011447301391384 -0.017811461901292205 0.0071244005076115642 -0.0078689908868922239 -0.018412638106383383 0.0081961385646038554 0.016266948193153167 0.020001465112496716 0.018682897799433423 0.013252592771881963 -0.020187874235585331
leaf_weight=42 66 51 46 75 101 43 1555 125 41 46 43 66 70 667 59 118 88 79 44 70 73 1051 3449 69 52 42 56 212 53 1113 41 626 45 41 67 67 1884 1742 125 1292 267 53 668 46 1067 43 108 161 234 225 240 57 51 78 86 63 427 46 328 272 122 74
leaf_count=42 66 51 46 75 101 43 1555 125 41 46 43 66 70 667 59 118 88 79 44 70 73 1051 3449 69 52 42 56 212 53 1113 41 626 45 41 67 67 1884 1742 125 1292 267 53 668 46 1067 43 108 161 234 225 240 57 51 78 86 63 427 46 328 272 122 74
internal_value=-6.31058e-05 0.00503776 -0.0113258 -0.0271339 -0.00818174 -0.0220653 0.00158451 -0.024387 -0.00713196 -0.046489 0.0163757 -0.0191428 -0.0349789 -0.00582734 -0.0302708 -0.0139915 -0.0292693 -0.0241588 -0.00533874 -0.0332688 -0.000752885 0.00421794 -0.000571418 -0.0603491 -0.0204281 -0.0272179 -0.00512732 -0.0144183 -0.0394026 0.0191533 -0.010916 0.0116756 0.000723672 -0.0210053 -0.0193881 -0.0251033 -0.00270722 -0.00405932 0.0163265 0.00328729 -0.0114232 -0.0160158 0.00429834 0.0213081 -0.00592337 -0.0122297 -0.0028819 -0.00234977 0.00727477 0.0135421 -0.00829369 -0.00938902 -0.00868041 0.00270883 -0.00857252 -0.0124201 0.00590255 0.00755614 0.0174083 0.0154208 0.00996303 -0.0148942
internal_weight=20311 13980 6331 1049 5282 833 10717 320 4962 216 3263 758 195 4210 101 504 254 125 4075 211 5678 5039 5612 115 135 94 4031 752 141 2049 443 1214 3494 82 309 134 2118 3016 890 3942 438 171 2387 1159 1166 99 1850 2045 363 851 1015 775 718 129 361 149 1095 1097 765 437 165 175
internal_count=20311 13980 6331 1049 5282 833 10717 320 4962 216 3263 758 195 4210 101 504 254 125 4075 211 5678 5039 5612 115 135 94 4031 752 141 2049 443 1214 3494 82 309 134 2118 3016 890 3942 438 171 2387 1159 1166 99 1850 2045 363 851 1015 775 718 129 361 149 1095 1097 765 437 165 175
is_linear=0
shrinkage=0.03


Tree=17
num_leaves=63
num_cat=0
split_feature=14 14 31 33 15 31 7 33 27 14 16 17 1 27 27 11 16 24 10 6 7 31 20 21 31 1 22 22 8 32 15 6 8 25 32 22 28 31 20 17 28 31 20 18 31 14 26 1 28 28 25 26 1 16 1 17 14 17 28 23 17 29
split_gain=1222.13 440.141 425.551 145.212 97.9639 71.0014 64.4045 49.9875 47.0306 43.9617 37.0298 36.7771 114.778 32.6077 27.7658 26.1367 25.8 24.804 19.2299 18.8051 17.1009 17.0187 16.5528 14.5284 13.1238 11.9086 10.1031 9.94525 9.77057 9.14773 9.00704 10.3056 8.97191 8.6508 8.56966 8.24658 8.08333 8.05973 7.98553 7.46326 7.40627 7.28466 6.78011 6.29332 6.2894 5.91432 5.83902 7.22118 11.3691 5.65465 5.48792 5.45419 5.35338 5.30093 5.11199 4.9716 4.83761 4.61509 4.78691 4.42458 4.31671 4.20112
threshold=2923.8442857142868 1660.9350000000002 5573.2850000000008 5474.9750000000013 1939.7336979166669 2000.5150000000001 -0.8821812062722818 4466.2650000000003 -2287.4499999999998 1000.8657142857143 3562.2000000000003 99.845000000000013 5.5000000000000009 -23700.149999999994 3315.3000000000006 1192.6750000000002 3816.5150000000008 0.72919722901071393 299.14000000000004 -0.84874750804349197 -0.87395131947920313 4532.3450000000012 6538.5306250000003 6451.7750000000005 2691.2750000000001 5.5000000000000009 -2358.6899999999991 -6089.1449999999986 -0.38243420677835349 4235.1539062500005 3291.6371354166672 -0.93540483100319605 0.04621408538533487 10760.650000000003 6481.8408333333346 -1133.48 6260.7450000000008 3200.3850000000007 4297.4610937500011 1399.6750000000004 5965.7766666666676 9999.9950000000008 3020.3678125000001 983.3950000000001 399.89500000000004 2059.7921428571435 26049.650000000005 4.5000000000000009 4527.4400000000014 6184.1533333333346 5598.0500000000011 30465.400000000005 4.5000000000000009 3590.2500000000005 5.5000000000000009 1849.4450000000004 2491.1814285714295 1254.7450000000001 5159.1833333333352 506.00285714285729 300.02500000000003 30.056250000000002
decision_type=2 2 2 2 2 2 2 2 2 2 2 2 2 2 2 2 2 2 2 2 2 2 2 2 2 2 2 2 2 2 2 2 2 2 2 2 2 2 2 2 2 2 2 2 2 2 2 2 2 2 2 2 2 2 2 2 2 2 2 2 2 2
left_child=1 3 8 7 6 11 19 -1 26 17 20 12 16 15 27 -9 23 18 -6 -5 -7 57 24 -3 35 30 50 -4 29 38 31 42 -15 -18 40 -12 45 53 -13 -23 41 -29 -11 -20 -30 -26 59 -48 -49 54 -2 -44 -19 -28 -16 -56 -37 58 -10 -46 -33 -32
right_child=2 5 14 4 9 10 -8 13 21 25 22 28 -14 32 49 -17 33 52 43 -21 -22 39 -24 -25 36 -27 37 34 44 -31 61 60 -34 -35 -36 56 -38 -39 -40 -41 -42 -43 51 -45 46 -47 47 48 -50 -51 -52 -53 -54 -55 55 -57 -58 -59 -60 -61 -62 -63
leaf_value=-0.062810267267197795 -0.015522321858919642 -0.01355211603031917 0.0025324631227246885 -0.035709102224691633 -0.048113014658706051 -0.0096814698914369189 -0.06417281687891091 -0.059364050670430574 0.0039445067007333337 -0.013564870137311518 -0.012176802114957096 -0.0090670466188087391 -0.065045659192588312 -0.031124190936649313 0.020605293966310709 -0.027772417711498944 -0.0046868835702908278 -0.014484088052850888 -0.032812277776787857 -0.01157359330146134 -0.031212995190040341 0.0061209362485328761 -0.020461958106805352 -0.038563320022076367 -0.0093652743641148076 -0.027444633674841918 -0.0060510608631354273 0.012908057580041066 -0.015444413701770828 -0.0066768812896866028 -0.011692614455469975 -0.0077112663098270404 -0.014262377665290841 -0.01968868504744023 0.0041884401038748348 -0.0044695297310235194 -0.013428887248039244 0.002841345308695059 -0.025755319909625492 0.011348941043793017 0.0072950573268163706 0.018115228465073654 -0.015405755704934042 -0.015656637349362259 -0.0067872579220253628 -0.00031536196603170738 -0.0068691231384179685 -0.0079959333479157919 -0.028235769076045691 0.011000898872481901 -0.0022363890106775032 -0.03042669893595679 -0.025894791479580678 0.00070492052261582707 0.0055572125713030497 0.01943357183597982 -0.0020223589505915566 0.0056465079169161041 -0.001994307125227586 -0.0022102266660382233 -0.016157423886092932 -0.0055048408330845419
leaf_weight=70 43 43 69 69 53 85 58 57 580 124 102 43 41 56 1345 45 203 160 41 52 55 408 46 43 66 40 109 464 71 91 152 226 63 41 72 1915 44 2564 70 635 106 544 41 42 409 2172 364 67 40 68 78 57 51 2100 44 51 1176 1383 154 357 73 290
leaf_count=70 43 43 69 69 53 85 58 57 580 124 102 43 41 56 1345 45 203 160 41 52 55 408 46 43 66 40 109 464 71 91 152 226 63 41 72 1915 44 2564 70 635 106 544 41 42 409 2172 364 67 40 68 78 57 51 2100 44 51 1176 1383 154 357 73 290
internal_value=-5.99617e-05 -0.00799421 0.00680862 -0.0212322 -0.0175142 -0.00479814 -0.0383291 -0.0406406 0.00332248 -0.014728 -0.00311859 -0.00984318 -0.0183012 -0.0333672 0.0169656 -0.0458315 -0.0123146 -0.0239308 -0.0339376 -0.0255167 -0.0183017 0.00617488 -0.00273034 -0.0263572 -0.00257765 -0.0115235 0.00147984 0.0136454 -0.00775711 -0.0138627 -0.0108344 -0.0135125 -0.0223906 -0.00727775 0.0142893 -0.00381908 -0.000839709 0.00169742 -0.0195402 0.00931168 0.0149378 0.0157334 -0.0184188 -0.0244208 -0.006795 -0.000586313 -0.00628648 -0.00891657 -0.0157536 0.019718 -0.00704637 -0.0243615 -0.0173513 0.000368969 0.0201217 0.0131315 -0.00353944 0.00462578 0.00269747 -0.00465976 -0.00982036 -0.00765435
internal_weight=20181 9364 10817 1820 1529 7544 179 291 8054 1350 5661 1883 371 221 2763 102 330 347 136 121 140 3160 5521 86 5475 1003 4894 1255 1512 204 963 521 119 244 1186 3193 2282 4773 113 1043 1114 1008 222 83 1308 2238 1237 471 107 1508 121 98 211 2209 1440 95 3091 2117 734 766 299 442
internal_count=20181 9364 10817 1820 1529 7544 179 291 8054 1350 5661 1883 371 221 2763 102 330 347 136 121 140 3160 5521 86 5475 1003 4894 1255 1512 204 963 521 119 244 1186 3193 2282 4773 113 1043 1114 1008 222 83 1308 2238 1237 471 107 1508 121 98 211 2209 1440 95 3091 2117 734 766 299 442
is_linear=0
shrinkage=0.03


Tree=18
num_leaves=63
num_cat=0
split_feature=14 27 9 1 15 17 14 29 24 32 23 27 8 27 28 32 1 32 25 1 1 9 5 1 7 1 8 15 15 9 15 14 14 18 14 14 13 29 13 20 34 32 25 22 14 16 28 27 17 34 7 34 16 1 16 5 13 7 20 20 30 24
split_gain=1173.24 421.501 322.777 133.148 155.734 99.8203 61.0322 56.0512 55.1271 52.0567 46.3183 45.063 34.962 29.4714 27.0051 29.1686 22.7805 22.3412 20.5779 19.2738 19.1714 17.8054 16.7003 14.8812 14.5089 29.2244 15.6702 14.4155 26.1137 13.2562 11.1753 10.8505 10.5745 10.4711 10.4229 10.3891 10.3876 38.778 8.00337 7.29588 7.16065 9.80131 6.27341 5.96328 6.47366 7.13768 5.83705 5.81846 5.48635 5.38846 5.36599 5.26927 5.03321 4.91272 4.61342 4.58521 4.57321 4.53882 4.64331 4.35613 4.33893 4.1398
threshold=2923.8442857142868 -18614.950000000001 4500.2050000000008 5.5000000000000009 2197.0835416666673 22.185000000000006 2156.4585714285718 26.506250000000005 0.82190811594653923 2604.2039062500003 -266.33285714285711 4939.9000000000005 0.18281312110578132 -2977.2999999999993 4107.9766666666683 2550.7788541666673 5.5000000000000009 2549.374895833334 6606.9500000000007 2.5000000000000004 5.5000000000000009 2604.7700000000004 0.13052619222005182 1.5000000000000002 0.9550229469509578 4.5000000000000009 -0.46989712924132493 3291.6371354166672 3173.76125 401.79000000000002 2241.8728125000002 1513.3957142857146 8186.1635714285721 1750.2950000000003 1580.6907142857146 5838.7042857142869 2478.005846258126 28.156250000000004 2179.4365469150875 4734.7300520833342 0.71354166666666685 4406.3650520833335 31808.950000000001 -3579.8449999999993 3488.6471428571435 3615.7600000000007 6112.8550000000014 -15772.749999999998 29.220000000000002 0.90885416666666685 -0.77786766366919291 0.60677083333333337 5421.3750000000009 3.5000000000000004 3816.5150000000008 -0.72947329433276231 1804.0505770258894 -0.98930078251469888 3020.3678125000001 4527.6185416666676 1.1062499999999995 1.1315941500067985
decision_type=2 2 2 2 2 2 2 2 2 2 2 2 2 2 2 2 2 2 2 2 2 2 2 2 2 2 2 2 2 2 2 2 2 2 2 2 2 2 2 2 2 2 2 2 2 2 2 2 2 2 2 2 2 2 2 2 2 2 2 2 2 2
left_child=1 3 13 4 5 19 9 -7 18 12 -5 16 17 43 -12 -16 35 31 -6 22 46 24 -1 -20 26 -26 30 28 34 -25 -8 -3 40 -9 38 48 47 -38 57 61 -15 -42 -22 -2 45 -45 -13 -11 -4 50 -50 52 -23 -14 -28 -18 -56 -10 -59 -43 -52 -32
right_child=2 6 11 10 8 7 21 33 27 36 14 20 53 32 15 -17 55 -19 23 -21 42 51 -24 29 25 -27 54 -29 -30 -31 39 -33 -34 -35 -36 -37 37 -39 -40 -41 41 59 -44 44 -46 -47 -48 -49 49 -51 60 -53 -54 -55 56 -57 -58 58 -60 -61 -62 -63
leaf_value=-0.034861855486673962 -0.0076907364711104355 -0.032358457754415121 0.021882848248976034 -0.063572447584433991 -0.044684569685841377 -0.025066454620973674 -0.023317824369385981 -0.072744705777772714 -0.022059689162344465 -0.0084557636073698036 -0.014418103389222831 0.020371549193630649 -0.01773725995228493 0.0035280932218411405 -0.022205407755138972 -0.054953543457292739 0.00055916900498414177 -0.046995340705160864 -0.01060570994450245 -0.0023635984463617203 0.0063040330015957866 -0.006110206429396331 -0.010589815406778525 -0.041388869861761726 -0.0016753026552803075 -0.031674823219207331 -0.0085765208985765264 -0.0059936912676518067 -0.031170026662257998 -0.020004692705450196 -0.0021021474805771748 -0.014756122280053699 0.01669130481103108 -0.050046187144305018 -0.0075152682285938091 0.015863074804825638 -0.032416673672600427 -0.0064893110299827318 -0.02517068391413254 -0.016891725581837817 0.0056120483786600197 0.017092261420572085 0.018223158669258867 -0.0049334104730383065 0.00369617883799031 0.0014002856199947101 0.012013073118387497 -0.0043995730900028493 0.0024077333670494885 0.015308825820504341 0.0089350236261747044 0.0022742837873814567 -0.0011711755064260974 -0.0055515803988817908 -0.00055039377967305348 0.0075543826333596374 -0.0037176114690933484 -0.0079216463959202975 -0.017302147815159211 0.0083303832682577184 0.014035163904663245 -0.012928284181814109
leaf_weight=69 60 56 40 65 45 47 51 70 40 475 50 1132 41 1303 44 61 159 45 69 44 144 203 42 44 67 51 136 424 64 72 133 78 73 41 344 638 64 262 58 59 1419 100 55 168 1143 3062 86 978 86 180 565 363 2082 108 556 179 1569 151 71 111 211 41
leaf_count=69 60 56 40 65 45 47 51 70 40 475 50 1132 41 1303 44 61 159 45 69 44 144 203 42 44 67 51 136 424 64 72 133 78 73 41 344 638 64 262 58 59 1419 100 55 168 1143 3062 86 978 86 180 565 363 2082 108 556 179 1569 151 71 111 211 41
internal_value=3.17916e-05 -0.00777714 0.00670962 -0.0203214 -0.0174518 -0.0365352 -0.00453647 -0.0532705 -0.0131065 -0.00885576 -0.042251 0.0142568 -0.0198238 0.00318264 -0.0329595 -0.0415695 0.0114114 -0.0287331 -0.0264967 -0.0192439 0.0183785 -0.00282156 -0.0258544 -0.0218561 -0.00455327 -0.0147984 -0.00407263 -0.0104124 -0.0129742 -0.0284004 -0.0107042 -0.0222975 0.0054753 -0.0648823 -0.0111761 0.0128104 -0.00682354 -0.0116629 -0.0150759 -0.00785547 0.00519055 0.00651651 0.00967291 0.00162711 0.00175669 0.00106943 0.0197917 -0.00573049 0.0109975 0.010559 0.00955058 -0.00107897 -0.00161244 -0.00900058 -0.00323528 0.00427509 -0.00288957 -0.012754 -0.0109859 0.012544 0.0103381 -0.00471243
internal_weight=20247 9333 10914 1915 1695 313 7418 158 1382 2107 220 3475 328 7439 155 105 2058 179 230 155 1417 5311 111 185 2663 118 2545 1152 728 116 284 134 3006 111 664 1720 1779 326 320 233 2933 1630 199 4433 4373 3230 1218 1453 1082 1042 862 2648 2285 149 2261 338 2125 262 222 211 776 174
internal_count=20247 9333 10914 1915 1695 313 7418 158 1382 2107 220 3475 328 7439 155 105 2058 179 230 155 1417 5311 111 185 2663 118 2545 1152 728 116 284 134 3006 111 664 1720 1779 326 320 233 2933 1630 199 4433 4373 3230 1218 1453 1082 1042 862 2648 2285 149 2261 338 2125 262 222 211 776 174
is_linear=0
shrinkage=0.03


Tree=19
num_leaves=63
num_cat=0
split_feature=31 31 26 33 31 7 7 33 12 9 31 9 16 20 29 26 26 16 0 12 20 24 20 9 9 20 12 16 11 16 21 13 34 31 21 9 32 13 28 19 30 7 34 34 11 31 20 33 20 5 1 23 13 19 16 24 22 18 7 7 7 32
split_gain=1097.64 452.184 350.734 102.093 82.6536 59.722 78.5576 57.9362 53.1102 49.2683 33.6398 32.7637 27.632 26.0439 25.1611 24.428 19.5402 17.3054 16.6745 20.2512 21.3829 16.534 16.2468 15.3543 14.3379 11.8443 11.436 11.166 10.2104 10.1018 26.3104 9.8424 13.8457 9.39617 8.77764 11.8215 8.60759 8.8353 7.69488 7.16049 6.89046 8.23032 7.45152 8.44616 6.22015 6.03885 6.01178 5.8966 5.63032 5.7086 5.34747 5.10539 5.07779 5.07311 4.92022 4.53029 4.50824 4.39961 4.16246 4.04953 5.49028 3.99206
threshold=2691.2750000000001 5150.505000000001 31242.350000000002 5520.3700000000008 2000.5150000000001 -0.77245553105869302 -0.89015004145349408 4764.3650000000007 2780.6485342261908 3580.98 983.40500000000009 5468.5100000000011 6002.8900000000003 3115.6510416666674 28.231250000000006 20123.050000000003 36429.200000000004 4180.8950000000013 57.500000000000007 2612.3685119047623 2957.5646875000002 0.67527330910542349 3736.0138020833342 2849.5300000000002 2354.0800000000004 6333.9771875000015 3313.2954166666673 3362.7800000000002 499.45500000000004 6886.3250000000007 9499.2650000000012 2432.912865338737 0.30989583333333343 4259.4850000000015 7799.0350000000008 3700.0850000000005 4477.732500000001 1915.3531512054417 6112.8550000000014 1005.0350000000001 3.8625000000000029 -0.98046803196378884 0.90364583333333337 0.78385416666666685 2319.9650000000006 4428.4900000000007 6333.9771875000015 5474.9750000000013 4775.3026562500008 -0.22695468355932472 2.5000000000000004 548.32857142857154 2287.0556599241499 1870.1450000000002 4103.4550000000008 0.93022427966556365 63.675000000000075 1750.2950000000003 -0.33323705862247266 0.99374995976406788 0.99818282439137029 3436.2423958333338
decision_type=2 2 2 2 2 2 2 2 2 2 2 2 2 2 2 2 2 2 2 2 2 2 2 2 2 2 2 2 2 2 2 2 2 2 2 2 2 2 2 2 2 2 2 2 2 2 2 2 2 2 2 2 2 2 2 2 2 2 2 2 2 2
left_child=2 9 4 13 7 6 14 8 -1 23 26 34 -8 -4 -5 -10 -15 -17 19 20 50 -14 -19 27 31 29 -7 -2 -22 30 -21 53 44 55 54 58 37 -12 59 -16 42 -42 43 -13 -33 46 -25 52 -45 -50 -9 -26 -31 -6 -3 -11 -35 -32 -36 -29 -61 -39
right_child=1 11 3 5 24 10 12 18 15 33 36 40 21 16 39 17 -18 22 -20 25 28 -23 -24 45 51 -27 -28 38 -30 47 57 32 -34 56 35 -37 -38 61 -40 -41 41 -43 -44 48 -46 -47 -48 -49 49 -51 -52 -53 -54 -55 -56 -57 -58 -59 -60 60 -62 -63
leaf_value=-0.051832101536995689 -0.016032802950155557 0.0085213248019751445 -0.030368705323979825 -0.031931109966307172 -0.0094360279861711339 -0.036267400847556176 -0.062377840914463592 -0.019010041881261801 -0.005545066602543048 0.0015843647304316494 -0.0091118596050364428 0.017649352098516095 -0.048827160947956146 -0.040014036392214999 -0.019989806935542594 -0.039182316865772004 -0.066681840027633471 -0.01189633607524573 -0.0032844141714454232 -0.0072538254021663169 -0.014445098051272162 -0.023096939860491682 -0.033679200504821809 0.0015932940683728196 -0.0026059331315513396 -0.024314254970023673 -0.015427951489052757 -0.00048187494784328897 -0.033116950853989691 -0.0086888460893565882 -0.033196892307272977 -0.013362605096468978 -0.021270583118198485 0.00602586140371918 -0.0028711150685478358 0.011571620199048704 -0.0038266162905789963 -0.014259255312633915 -0.012158900832588023 -0.0063155737147406821 0.0079175420606043181 0.021123779824959624 0.018366425714616233 0.014209425228244039 -0.0020289598819546641 0.0066730430544209053 -0.0099587796717064397 -0.0060673430167990771 -0.0009557201470369878 0.011965856586050774 -0.0062084958873487809 0.0015146730680256734 -0.021676553450524806 -0.0039829339710761172 0.017249415407680269 0.0048265103403857543 0.0099574610996152977 -0.019647430659782503 0.0067536778382158704 -0.012745871512513411 0.0017146459739746116 -0.027222722445254803
leaf_weight=45 45 77 78 78 176 67 58 40 108 523 191 217 44 57 52 47 56 110 430 246 43 52 43 3779 2098 41 40 1918 79 88 41 70 81 789 72 641 142 51 54 103 47 677 730 112 114 211 40 1076 68 55 110 310 40 1201 284 1515 400 61 90 56 40 43
leaf_count=45 45 77 78 78 176 67 58 40 108 523 191 217 44 57 52 47 56 110 430 246 43 52 43 3779 2098 41 40 1918 79 88 41 70 81 789 72 641 142 51 54 103 47 677 730 112 114 211 40 1076 68 55 110 310 40 1201 284 1515 400 61 90 56 40 43
internal_value=-2.46485e-05 0.00550939 -0.00883901 -0.0244349 -0.00624653 -0.0202551 -0.0292281 -0.0103672 -0.0216718 0.00223481 -0.0137097 0.0154998 -0.0458171 -0.0443792 -0.0181147 -0.0171118 -0.0536989 -0.0232992 -0.00861975 -0.00984747 -0.0174121 -0.0352718 -0.0181973 0.000657853 -0.00355041 -0.00854572 -0.0286919 -0.00141305 -0.0267068 -0.00811377 -0.0126192 -0.00571146 -0.011001 0.00523562 0.0115148 0.00974375 -0.00989711 -0.0128978 -0.00108732 -0.0110018 0.0179262 0.0202786 0.0164693 0.0133717 -0.0063896 0.00174374 0.00146972 -0.00680214 0.00936359 0.00487212 -0.00972553 -0.00207505 -0.0128841 -0.00468626 0.0154164 0.00399568 0.00735578 -0.0253632 0.00248462 -0.000784582 -0.00676509 -0.0204135
internal_weight=20250 12440 7810 1112 6698 921 387 2648 353 9370 534 3070 154 191 233 308 113 200 2295 1865 272 96 153 6143 4050 1593 107 2113 122 1552 348 1642 265 3227 1164 803 427 285 2068 155 1906 724 1182 452 184 4030 3819 1204 235 123 150 2408 128 1377 361 2038 1189 102 162 2014 96 94
internal_count=20250 12440 7810 1112 6698 921 387 2648 353 9370 534 3070 154 191 233 308 113 200 2295 1865 272 96 153 6143 4050 1593 107 2113 122 1552 348 1642 265 3227 1164 803 427 285 2068 155 1906 724 1182 452 184 4030 3819 1204 235 123 150 2408 128 1377 361 2038 1189 102 162 2014 96 94
is_linear=0
shrinkage=0.03


Tree=20
num_leaves=63
num_cat=0
split_feature=14 31 27 33 33 8 31 7 16 31 31 9 20 24 1 26 30 7 24 9 31 15 16 28 31 16 18 26 22 14 14 26 7 16 31 6 22 24 15 19 30 30 22 13 33 7 32 5 22 7 8 13 32 8 32 15 32 24 19 13 19 18
split_gain=1030.54 481.49 257.006 97.1245 70.4743 86.2722 63.2505 61.6514 60.5946 58.0144 49.0878 47.61 36.8148 36.7623 21.4112 34.4976 21.1069 19.6098 19.3202 17.1021 16.3425 15.1931 14.2954 13.7726 13.7254 12.515 12.4222 15.7747 11.1852 10.419 10.1318 10.0987 9.50395 9.12094 8.36782 8.23602 7.30402 8.46726 6.79213 6.51779 6.35532 6.23077 6.13095 13.7456 5.92015 5.55113 5.49545 5.13866 5.16524 5.07965 5.59422 6.00185 5.07239 5.0586 5.04255 6.98548 5.03019 4.69874 4.6913 4.6895 4.48319 4.32468
threshold=2446.3607142857149 4569.7050000000008 -23700.149999999994 4764.3650000000007 5499.3350000000009 -0.43925659424557273 9999.9950000000008 -0.90893996196865023 3816.5150000000008 1010.3350000000002 1459.8350000000003 3220.98 3115.6510416666674 0.68648301289510505 5.5000000000000009 26539.100000000002 3.7999999999999994 -0.88622299073327826 1.0649050445494488 1499.0250000000003 983.40500000000009 3789.0197916666671 4429.5550000000012 6223.1458333333348 2188.9400000000001 4241.3600000000015 897.05500000000018 30465.400000000005 59.049999999999734 6600.0892857142862 2902.5207142857148 36429.200000000004 -0.77245553105869302 3362.7800000000002 3599.4700000000003 0.68322629814330826 -1201.1199999999999 0.82747845071763693 3065.511614583334 1799.2950000000003 1.0062499999999999 3.7999999999999994 59.049999999999734 2651.6063810485211 4750.5100000000011 0.9550229469509578 4140.0930208333348 -0.70710678118654735 -1530.7199999999996 -0.99763297024448894 -0.39233249306308043 1934.6503744270203 5374.7572395833349 -0.022575793296316496 5785.1868229166676 4999.2996875000008 3700.7111458333334 1.0719653414169608 2519.8200000000002 2394.1969015506279 1830.2550000000003 2029.1850000000002
decision_type=2 2 2 2 2 2 2 2 2 2 2 2 2 2 2 2 2 2 2 2 2 2 2 2 2 2 2 2 2 2 2 2 2 2 2 2 2 2 2 2 2 2 2 2 2 2 2 2 2 2 2 2 2 2 2 2 2 2 2 2 2 2
left_child=2 11 4 7 12 -6 28 9 17 -4 14 22 18 -7 19 -16 58 -5 -1 26 38 -17 25 29 42 33 39 -28 32 40 45 -14 -3 -2 -13 -27 -22 -38 -15 -10 -8 -25 43 46 -36 -24 53 -26 -49 -44 51 -51 59 -12 55 -34 60 -46 -9 -42 -21 -55
right_child=1 6 3 8 5 13 23 16 10 -11 24 34 31 20 15 21 -18 -19 -20 56 36 -23 30 41 47 35 27 -29 -30 -31 -32 -33 54 -35 44 -37 37 -39 -40 -41 52 -43 49 -45 57 -47 -48 48 -50 50 -52 -53 -54 61 -56 -57 -58 -59 -60 -61 -62 -63
leaf_value=-0.041848139365225336 -0.013644862900812016 0.002532232967835358 -0.01982589367823134 -0.015099135417393734 -0.060672176664179941 -0.037313000942710076 0.0098662662100545643 -0.005573764639236381 -0.015528909152853885 -0.069511546288927403 -0.015085133063647553 0.0019397219924090618 -0.042594930709085675 -0.032843407091537588 -0.011569293974139524 -0.023158284702803938 -0.027877452212002347 -0.036460273000970482 -0.012622243481289062 -0.0069601802622941741 -0.023149406744205223 -0.049420186470194555 -0.0012953844273058796 -0.0021206265163015233 0.0015280554108672761 -0.0064458243644241091 -0.015386083063765845 -0.038368165886438474 0.01289626005643746 0.01889498428553258 0.0012749576199247831 -0.064882183496247636 0.0086804476275598418 -0.0022510800758414008 -0.0026111591923023191 -0.024447875695606303 -0.021804889552194465 -0.0085514591681204715 -0.016907705005095339 0.0008478363721472461 0.01601168821337633 0.011935419078132637 -0.014290137832784759 -0.022464187072229479 0.0040670166060914467 -0.0095258071703382911 -0.0029495882657972878 -0.012273970966773169 -0.0033707285556510125 -0.01998855499485724 -0.0042298831928767157 -0.0064686772841752718 0.022255492462393115 -0.011136003325890122 -0.00072326215915381905 0.017811949969415205 -0.0025843944663072023 0.0075465355910141058 -0.017621018726424107 0.0050459105726331473 -0.017248152337749213 -0.0048846070352480666
leaf_weight=42 68 254 42 85 46 78 217 106 47 44 105 2550 43 56 137 45 84 74 41 164 48 40 2534 43 188 51 86 40 541 1374 2069 54 969 767 101 42 51 286 49 40 199 81 55 61 1665 75 169 60 1643 42 1025 100 101 180 46 82 177 444 40 44 50 228
leaf_count=42 68 254 42 85 46 78 217 106 47 44 105 2550 43 56 137 45 84 74 41 164 48 40 2534 43 188 51 86 40 541 1374 2069 54 969 767 101 42 51 286 49 40 199 81 55 61 1665 75 169 60 1643 42 1025 100 101 180 46 82 177 444 40 44 50 228
internal_value=-5.8571e-05 0.00430274 -0.01055 -0.00810048 -0.0264296 -0.0215272 0.0132126 -0.0241923 -0.00704529 -0.0457533 -0.00642329 0.000905796 -0.0429409 -0.0182559 -0.0130574 -0.0210227 -0.0159673 -0.0252065 -0.0277334 -0.0100999 -0.0151526 -0.0359478 -0.000967606 0.0168526 -0.00499916 -0.00436681 -0.0169267 -0.0229266 0.00924455 0.0174746 -0.000292498 -0.0555377 0.00777378 -0.00319417 0.0031119 -0.0147494 -0.0122343 -0.0106157 -0.0256364 -0.0080753 0.0139685 0.00708317 -0.00675502 -0.00890783 0.00446292 -0.00153554 -0.0076642 -0.00317198 -0.00369143 -0.00543986 -0.00501088 -0.0105793 0.0165202 -0.00920859 0.008984 0.00940915 -0.00634721 0.00480278 -0.0089718 0.0140549 -0.00943296 -0.00766306
internal_weight=20268 14317 5951 5157 794 614 3951 316 4841 86 4682 10366 180 568 826 222 230 159 83 604 490 85 5606 2059 3856 928 213 126 1892 1935 4678 97 1351 835 4760 93 385 337 105 87 561 124 1965 743 2210 2609 682 1891 1703 1222 1167 142 344 513 1097 1051 391 2109 146 243 214 408
internal_count=20268 14317 5951 5157 794 614 3951 316 4841 86 4682 10366 180 568 826 222 230 159 83 604 490 85 5606 2059 3856 928 213 126 1892 1935 4678 97 1351 835 4760 93 385 337 105 87 561 124 1965 743 2210 2609 682 1891 1703 1222 1167 142 344 513 1097 1051 391 2109 146 243 214 408
is_linear=0
shrinkage=0.03


Tree=21
num_leaves=63
num_cat=0
split_feature=14 9 27 1 16 14 11 27 17 14 20 27 14 32 30 27 13 1 25 25 1 32 14 17 13 29 0 16 16 13 21 9 32 16 14 21 20 25 7 7 22 14 34 32 10 34 34 32 29 34 9 20 13 32 27 21 11 18 29 10 7 10
split_gain=973.682 323.1 315.248 144.07 98.4208 48.9565 46.381 42.9841 41.3034 52.6207 37.8891 37.1803 34.3392 33.8195 32.9627 30.5438 28.5749 21.3013 19.3814 19.2572 16.2383 15.1016 12.3746 12.3475 11.1292 24.8803 10.1184 9.3456 9.01875 9.41788 8.99857 9.38451 8.99546 8.97993 8.63405 8.33531 7.22788 6.83334 8.06979 6.60069 6.39674 7.55912 6.31785 6.1982 6.17229 6.15228 5.46192 6.17041 5.45525 5.444 5.33326 5.01221 5.00616 5.15944 5.00503 5.0034 4.91028 4.53146 4.43725 5.229 4.41026 5.66817
threshold=2714.366428571429 4395.3250000000007 -18614.950000000001 5.5000000000000009 3937.2600000000007 1254.9950000000001 455.96000000000009 3808.6500000000005 99.290000000000006 1379.4228571428573 2546.3523437500003 -2428.8999999999992 2156.4585714285718 2604.2039062500003 4.481250000000002 -24253.449999999997 2187.3191394212449 5.5000000000000009 7902.5500000000011 6205.2000000000007 5.5000000000000009 2516.3329687500004 3131.5971428571434 400.01000000000005 2478.005846258126 26.993750000000002 51.500000000000007 4429.5550000000012 5421.3750000000009 2374.0618396116483 8999.5600000000031 399.19000000000005 2567.7196354166672 3414.7450000000003 7272.0442857142871 5000.255000000001 6463.2028645833334 8569.2500000000018 -0.83847110675477843 0.99552231814189451 -2573.8099999999999 5093.397142857144 0.82031250000000011 4058.0471354166671 933.78000000000009 0.88802083333333337 0.79687500000000011 3829.0866666666675 31.256250000000005 0.75781250000000011 2814.5550000000007 3127.8019791666675 1788.0095484857131 4109.6463541666672 -15943.499999999998 5396.4750000000013 1934.2150000000004 2000.4950000000001 24.706250000000008 1999.5600000000002 -0.76694339346796603 9999.9850000000024
decision_type=2 2 2 2 2 2 2 2 2 2 2 2 2 2 2 2 2 2 2 2 2 2 2 2 2 2 2 2 2 2 2 2 2 2 2 2 2 2 2 2 2 2 2 2 2 2 2 2 2 2 2 2 2 2 2 2 2 2 2 2 2 2
left_child=2 11 3 4 6 15 -1 20 -5 23 33 22 13 18 26 16 19 39 58 -6 34 56 27 -10 57 -26 -12 -2 29 55 -21 -32 -7 -8 42 45 50 38 -27 -9 41 -24 -3 -44 51 -13 -42 -48 -11 -19 52 -17 -30 54 -54 -14 -20 -15 -4 -60 -37 -62
right_child=1 7 12 8 5 32 10 17 9 48 14 35 28 24 -16 44 -18 49 21 30 -22 -23 40 -25 25 37 -28 -29 36 -31 31 -33 -34 -35 -36 60 -38 -39 -40 -41 46 -43 43 -45 -46 -47 47 -49 -50 -51 -52 -53 53 -55 -56 -57 -58 -59 59 -61 61 -63
leaf_value=-0.062139720275271225 -0.0050402154476647375 0.0078926027029880084 -0.0026431489442216441 -0.06865999444254807 -0.039218625616022317 -0.02126828420060602 -0.00046200421381010007 0.018074638063186328 -0.038771931862888423 -0.0095973659127314634 -0.018600899867181265 0.0059590900060446823 -0.0026644225877025746 -0.0068335256757212593 -0.059246385969766752 -0.011121722834261286 -0.043569216635634199 0.015939977598122577 -0.0227314861320192 -0.0045084907054181462 0.0035013931719777825 -0.035191024745328592 -0.012544748433681793 -0.062398123721713605 -0.033261759770443523 -0.0058817060213101173 -0.037710119707787294 0.00012832626520651778 -0.00060094422937417803 -0.014387319528700216 -0.030896161620877681 -0.014425202190285881 -0.0072753534237269884 -0.020329043905977614 0.016143890304917859 0.0025480983572785101 -0.014309886416997462 -0.0039338375419040155 -0.020901143774099181 0.0056867519721605008 0.0018381811898062926 0.003001223451013045 0.0097262550674519204 0.015539643291659834 -0.0070477659244875396 0.017619181173376554 0.003769911528655872 0.012591838503389486 -0.024777970625197186 0.0050239279883374502 -0.00058965197711535679 -0.022027295588209511 -0.012973225610330701 -0.0016158411920531726 -0.0046273995331688042 -0.0094151182577449314 -0.0079797087376937276 -0.0034595090511851763 -0.020854222627822307 -0.0079121939186006778 0.0051308323767385771 0.012660873622080543
leaf_weight=40 355 666 53 41 42 43 41 1375 51 40 62 84 319 757 40 88 66 54 44 43 315 68 56 45 40 67 46 2724 500 114 49 93 788 40 247 593 46 156 63 41 2654 55 437 275 120 81 488 83 50 170 968 72 68 558 1134 143 40 687 47 73 1583 95
leaf_count=40 355 666 53 41 42 43 41 1375 51 40 62 84 319 757 40 88 66 54 44 43 315 68 56 45 40 67 46 2724 500 114 49 93 788 40 247 593 46 156 63 41 2654 55 437 275 120 81 488 83 50 170 968 72 68 558 1134 143 40 687 47 73 1583 95
internal_value=-4.49353e-05 0.00517748 -0.00831985 -0.0189546 -0.0158933 -0.0126914 -0.0324961 0.012781 -0.041348 -0.0349926 -0.0270706 0.00210094 -0.00491841 -0.00800879 -0.0360626 -0.0194343 -0.0262064 0.0163591 -0.0168942 -0.0209893 0.00974937 -0.0246945 0.000902426 -0.0503758 -0.00636868 -0.011373 -0.0270113 -0.000469035 -0.00323512 -0.00669486 -0.0166621 -0.0202852 -0.00802411 -0.0104012 0.0109576 0.00525546 -0.00262459 -0.00820642 -0.0132643 0.0177202 0.00216799 -0.00488377 0.010017 0.0119902 -0.0122797 0.0117548 0.00241214 0.00507203 -0.0182106 0.00771462 -0.00245369 -0.0161356 -0.00325147 -0.00400369 -0.00510993 -0.00476975 -0.0158834 -0.0052318 -0.00993813 -0.0131116 0.00477828 0.00556443
internal_weight=20276 12431 7845 1900 1673 1404 269 3580 227 186 229 8851 5945 2095 148 573 293 1640 325 227 1940 152 6415 96 1770 326 108 3079 3850 576 185 142 831 81 1625 2436 3274 286 130 1416 3336 111 1378 712 280 165 3225 571 90 224 3228 160 2260 1760 1202 462 84 1444 173 120 2271 1678
internal_count=20276 12431 7845 1900 1673 1404 269 3580 227 186 229 8851 5945 2095 148 573 293 1640 325 227 1940 152 6415 96 1770 326 108 3079 3850 576 185 142 831 81 1625 2436 3274 286 130 1416 3336 111 1378 712 280 165 3225 571 90 224 3228 160 2260 1760 1202 462 84 1444 173 120 2271 1678
is_linear=0
shrinkage=0.03


Tree=22
num_leaves=63
num_cat=0
split_feature=31 31 26 1 15 17 14 32 9 7 14 9 30 8 7 1 26 1 27 15 13 30 6 17 14 22 16 31 13 16 6 14 20 22 14 7 14 28 31 25 30 7 2 22 14 32 7 22 15 32 28 13 28 22 8 13 1 7 30 13 14 8
split_gain=935.876 369.183 296.654 87.1464 97.9667 81.1318 78.5146 65.2872 44.4319 41.352 33.7724 28.7212 24.2757 19.6238 21.6908 34.8982 18.3937 16.8272 15.1042 14.9559 14.5949 13.5398 12.406 12.885 12.0567 16.7415 11.5076 10.7286 10.5819 8.98873 18.7711 8.47133 8.45324 7.5965 7.33277 7.14773 7.12617 6.86387 7.47506 6.70999 6.65232 9.55095 6.57177 5.76103 5.59543 5.40304 5.21758 5.13347 5.07947 9.42342 4.86101 4.70592 4.37467 4.31297 4.15359 5.27717 3.9026 3.81586 5.27492 10.1003 3.79753 3.77259
threshold=2691.2750000000001 5150.505000000001 30851.100000000002 5.5000000000000009 2197.0835416666673 22.185000000000006 1892.5414285714289 2618.3751041666669 3409.2550000000006 -0.98664820696349753 672.0100000000001 5468.5100000000011 3.3250000000000015 -0.46989712924132493 0.95242846126021108 5.5000000000000009 36429.200000000004 5.5000000000000009 -17860.099999999995 2877.9341145833337 1678.9824797221636 4.200000000000002 -0.84874750804349197 99.095000000000013 1452.5157142857145 -0.61500000000023636 3362.7800000000002 4428.4900000000007 2287.0556599241499 3816.5150000000008 -0.58216583101416131 2882.1321428571432 3489.9323437500002 -79.814999999999813 2547.0328571428577 -0.99372698525316483 1379.4228571428573 6342.7016666666668 9999.9950000000008 8735.3000000000011 3.8625000000000029 -0.98046803196378884 9.5000000000000018 -173.04999999999993 2059.7921428571435 3742.051145833334 -0.50462962837920111 -2573.8099999999999 6096.4086979166677 6481.8408333333346 5844.815833333334 2105.0603368542666 6184.1533333333346 -2573.8099999999999 0.97648852793709995 2242.0645793035351 2.5000000000000004 -0.91246704667116951 8.6125000000000025 2608.1978081208813 3516.2392857142863 0.94636490295939868
decision_type=2 2 2 2 2 2 2 2 2 2 2 2 2 2 2 2 2 2 2 2 2 2 2 2 2 2 2 2 2 2 2 2 2 2 2 2 2 2 2 2 2 2 2 2 2 2 2 2 2 2 2 2 2 2 2 2 2 2 2 2 2 2
left_child=2 8 6 4 5 20 7 9 26 -1 33 37 -7 19 29 45 36 35 -19 39 -4 -22 23 -11 25 32 -2 60 -25 30 -15 44 -12 -6 -31 -9 -5 38 46 -8 42 -42 48 -24 -28 56 53 51 49 50 -13 -33 -46 -3 55 -29 -16 -37 59 -59 -10 -40
right_child=1 11 3 16 10 12 13 17 27 22 24 40 -14 14 15 -17 -18 18 -20 -21 21 -23 43 28 -26 -27 31 54 -30 34 -32 47 -34 -35 -36 57 -38 -39 61 -41 41 -43 -44 -45 52 -47 -48 -49 -50 -51 -52 -53 -54 -55 -56 -57 -58 58 -60 -61 -62 -63
leaf_value=-0.051436604144441525 -0.012841028385446407 -0.0035690971431048477 -0.0059228336569332679 -0.045617142139774997 -0.035930428312514612 -0.037819229223678121 -0.0248220881447196 -0.017429314574401358 0.002321969333221837 -0.038489576302468777 -0.016619038718917796 0.013983713629273956 -0.065909511951299807 -0.026371178814794779 -0.0035159999259361408 -0.029066998491156845 -0.061312993440939031 -0.033165002350654942 -0.0089734662752598525 -0.0057958901042888021 -0.038684734477262409 -0.014061708547808445 -0.01976942203231951 -0.01234041933937428 -0.0072450472037906017 -0.009494643639265974 -0.0087077591797501686 0.0074004729628815765 -0.031371738354542426 -0.0035888028420034638 -0.0047487079756194425 0.0012440723505277808 -0.031322820158037799 -0.019406054687201597 -0.0010134397228476306 -0.0039266064398308358 -0.02644949097966039 -0.0012058762542943914 0.012278180888762777 -0.011474367806416315 0.0057397132035454405 0.019456188088282943 0.01797118864680269 -0.0051069008826368275 -0.00062124907833412428 -0.00034593741085258458 0.01006127474353726 0.0015231800849037425 0.01856281817642351 0.00027801609916710537 0.0040148353482771194 -0.012608142485376447 -0.010530110270795753 0.0071687742286361752 0.011431605553617301 0.0017732228022209545 -0.01643962829090331 -0.0078872086478356269 -0.0027051517698408801 -0.019772025389635624 0.004453407929190533 0.019589959637029093
leaf_weight=42 59 50 50 40 65 59 70 63 1379 44 92 539 64 42 40 74 45 45 49 229 41 42 40 77 326 201 84 697 41 2456 231 43 62 48 1674 268 42 45 408 71 50 694 408 61 1840 106 457 3124 134 56 49 44 40 99 162 192 45 661 141 71 1666 79
leaf_count=42 59 50 50 40 65 59 70 63 1379 44 92 539 64 42 40 74 45 45 49 229 41 42 40 77 326 201 84 697 41 2456 231 43 62 48 1674 268 42 45 408 71 50 694 408 61 1840 106 457 3124 134 56 49 44 40 99 162 192 45 661 141 71 1666 79
internal_value=-0.000102953 0.00502264 -0.00823086 -0.0221061 -0.0192322 -0.0353492 -0.00576875 -0.01155 0.00205342 -0.0240233 -0.0139978 0.0140486 -0.052849 -0.00392734 -0.00339865 -0.0117196 -0.0455315 -0.00860281 -0.0207817 -0.0105703 -0.0188916 -0.0265406 -0.0194673 -0.0246147 -0.0114457 -0.015272 0.000221821 0.00439328 -0.0191611 -0.00289529 -0.00815935 0.000373203 -0.0227026 -0.029143 -0.00254544 -0.0076355 -0.0362365 0.0102515 0.0107238 -0.018229 0.0162811 0.0185433 0.0148475 -0.0110507 -0.00117843 -0.00488226 0.00847268 0.00132233 0.0131884 0.0120431 0.0131612 -0.00582531 -0.000837562 0.00356569 0.00700676 0.0061885 -0.0104695 -0.00707995 -0.00804239 -0.00906537 0.00348921 0.013502
internal_weight=20216 12398 7818 1177 1050 256 6641 1603 9330 305 794 3068 123 5038 4668 265 127 1298 94 370 133 83 263 162 681 355 5234 4096 118 4403 273 5175 154 113 4130 1204 82 1138 1093 141 1930 744 1186 101 1964 191 606 3211 778 644 588 87 1880 149 1051 889 85 1141 873 732 3045 487
internal_count=20216 12398 7818 1177 1050 256 6641 1603 9330 305 794 3068 123 5038 4668 265 127 1298 94 370 133 83 263 162 681 355 5234 4096 118 4403 273 5175 154 113 4130 1204 82 1138 1093 141 1930 744 1186 101 1964 191 606 3211 778 644 588 87 1880 149 1051 889 85 1141 873 732 3045 487
is_linear=0
shrinkage=0.03


Tree=23
num_leaves=63
num_cat=0
split_feature=14 31 31 16 11 22 9 7 14 9 19 13 18 10 14 7 11 31 20 16 31 25 13 20 31 11 23 9 33 31 31 20 6 29 28 14 3 7 28 22 17 11 25 31 7 13 29 14 12 3 28 17 7 10 9 20 12 23 22 13 12 30
split_gain=872.723 439.164 188.781 140.272 99.4671 88.6339 68.6897 41.7907 29.5954 27.754 20.2232 19.9821 29.9252 19.7649 39.4378 17.7978 16.7548 14.9662 14.3032 14.1747 13.813 12.8278 12.0847 11.4457 11.2836 10.1392 9.43379 9.10643 8.38981 8.19107 7.96577 7.90284 7.52967 8.16867 8.95891 7.50421 7.42524 7.09859 6.57791 6.57025 6.44799 5.87309 5.58689 4.8943 4.85265 4.73669 4.69659 4.59749 4.32057 4.27747 10.2834 6.21904 4.35757 4.1912 4.09258 4.77482 3.84751 3.67455 3.55944 3.31959 3.16959 3.94995
threshold=2345.6078571428575 5075.7000000000007 983.40500000000009 4031.0200000000004 455.96000000000009 59.049999999999734 3263.7300000000005 -0.99630266176052629 1254.9950000000001 5468.5100000000011 1819.8850000000004 1686.4221029720063 1823.4850000000004 1497.6050000000002 1873.0292857142861 -0.8821812062722818 1885.8750000000002 2767.6100000000001 3056.9828645833336 3362.7800000000002 4300.0350000000008 6102.7500000000009 1655.8840031680804 6481.8408333333346 199.96500000000003 799.52500000000009 -285.70285714285717 2395.3400000000006 4865.0250000000005 9999.9950000000008 1459.8350000000003 2550.7788541666673 0.22695468355932433 24.706250000000008 5965.7766666666676 1513.3957142857146 1.0000000180025095e-35 0.97508442350096236 6402.1216666666687 -195.88999999999984 109.47500000000001 599.8950000000001 8417.4500000000025 3107.8750000000005 0.9550229469509578 2445.8137958378161 28.031250000000004 8357.544285714288 3761.321004464286 1.0000000180025095e-35 6070.6400000000012 1025.1300000000003 0.99374995976406788 2085.4750000000004 2500.7550000000006 5534.1035416666673 3358.4202976190477 343.13285714285718 63.675000000000075 1548.4465780000332 2903.1053348214291 9.1312500000000032
decision_type=2 2 2 2 2 2 2 2 2 2 2 2 2 2 2 2 2 2 2 2 2 2 2 2 2 2 2 2 2 2 2 2 2 2 2 2 2 2 2 2 2 2 2 2 2 2 2 2 2 2 2 2 2 2 2 2 2 2 2 2 2 2
left_child=2 6 5 4 -4 10 17 13 21 32 15 31 16 -5 -15 28 -13 26 -17 -19 43 -9 -7 27 35 -20 45 30 -1 -11 41 -6 47 40 -35 -24 39 53 54 42 -34 -10 -23 -8 -28 -2 -36 -3 -46 52 51 56 -31 -26 -21 -56 -51 59 -22 -45 -32 -62
right_child=1 9 3 7 11 22 20 8 23 29 -12 12 -14 14 -16 18 -18 19 25 38 58 36 24 -25 37 -27 44 -29 -30 49 60 -33 33 34 46 -37 -38 -39 -40 -41 -42 -43 -44 57 48 -47 -48 -49 -50 50 -52 -53 -54 -55 55 -57 -58 -59 -60 -61 61 -63
leaf_value=-0.041072166862643575 -0.0056683187691395041 0.011661950451011101 -0.059849076667292549 -0.0083664255097974094 -0.0041905169111744658 -0.030667145490646364 0.00089561513044729164 -0.028702857259350519 -0.019617158555327197 0.011793568274463066 -0.019892127022945457 -0.049673516670160962 -0.008575644564912898 -0.052854515235961935 -0.013319310969155696 -0.062197042340817653 -0.023642924808458806 -0.014487781647657011 -0.050260659398224487 -0.0013313397706232744 0.0052391415105567402 -0.020973474700850519 -0.031079487083852293 -0.019471502572484315 -0.0054933876233782012 -0.030028144451877417 -0.0019020689311190035 -0.002442374211576379 -0.023094115779126206 0.01790299040519688 -0.002932150115131843 -0.019428935140371324 -0.0041667570119075801 0.012593165328076994 -0.005233157046548113 -0.014278886046453889 -0.019608991075157758 -0.019933507971450565 -0.011489680845563005 -0.0061274254043298722 0.0065384384393473733 -0.0085198569985595728 -0.0077399160623211755 0.0055955347293114074 -0.0022840544903968891 -0.015124024011250308 0.0073781510598736966 0.020272970992147421 -0.016209050719853402 0.014512495464928771 -0.00065061075118847376 0.018254922953654183 0.0079169677588453672 -0.014393605052978849 0.0012760566493846602 -0.0085756057171771909 0.00182319347347532 0.0057790170825901439 0.0087408917830778567 0.0024175665089631337 -0.0064658265675027688 -0.0025010893341117133
leaf_weight=43 174 432 65 59 81 44 1014 44 51 394 55 45 56 40 53 45 50 57 51 779 854 65 49 49 152 52 2637 920 64 1178 422 49 68 372 40 52 84 61 40 198 191 276 54 343 40 66 75 66 40 45 40 215 43 70 2807 44 41 459 382 2153 1449 270
leaf_count=43 174 432 65 59 81 44 1014 44 51 394 55 45 56 40 53 45 50 57 51 779 854 65 49 49 152 52 2637 920 64 1178 422 49 68 372 40 52 84 61 40 198 191 276 54 343 40 66 75 66 40 45 40 215 43 70 2807 44 41 459 382 2153 1449 270
internal_value=-3.61859e-07 0.00363071 -0.0107042 -0.00833538 -0.0266418 -0.0247327 0.000975041 -0.00675901 -0.006151 0.013494 -0.0369401 -0.0187754 -0.0261815 -0.0221455 -0.0307051 -0.040525 -0.0363622 -0.0010372 -0.0474236 0.000227321 0.00355876 -0.0134253 -0.0158254 -0.00520554 -0.0140495 -0.0404331 -0.00263054 -0.00499353 -0.0306323 0.0157256 -0.00594315 -0.0100387 0.00997528 0.00804726 0.0103349 -0.0226545 -0.0116818 -0.0109095 0.00045975 -0.00952611 0.00372259 -0.0103052 -0.0150829 0.00269514 -0.00212505 -0.0083206 0.00298431 0.0128415 -0.00936071 0.0167092 0.0136273 0.0155206 0.0175581 -0.00835172 0.000594552 0.00112106 0.00855344 0.00331213 0.00632759 0.00285635 -0.00527243 -0.00584491
internal_weight=20207 15089 5118 4380 346 738 11889 4034 3882 3200 310 281 151 152 93 255 95 6684 148 3727 5205 445 428 3437 384 103 2957 3388 107 1956 2468 130 1244 746 487 101 401 283 3670 317 259 327 119 3969 2717 240 115 498 80 1562 341 301 1221 222 3630 2851 86 2955 1236 2496 2141 1719
internal_count=20207 15089 5118 4380 346 738 11889 4034 3882 3200 310 281 151 152 93 255 95 6684 148 3727 5205 445 428 3437 384 103 2957 3388 107 1956 2468 130 1244 746 487 101 401 283 3670 317 259 327 119 3969 2717 240 115 498 80 1562 341 301 1221 222 3630 2851 86 2955 1236 2496 2141 1719
is_linear=0
shrinkage=0.03


Tree=24
num_leaves=63
num_cat=0
split_feature=31 31 27 33 31 31 31 8 20 11 32 33 9 33 11 18 27 23 7 8 29 0 17 1 9 8 8 25 32 8 13 20 27 31 23 13 29 30 34 7 8 7 0 28 24 20 5 7 30 28 6 27 7 17 1 29 26 19 22 27 22 26
split_gain=796.856 321.623 245.523 88.2263 55.0505 39.7447 37.1421 34.6257 47.1282 26.4191 28.0412 27.5248 23.7537 17.8471 19.8633 17.1094 16.8 13.3962 13.38 11.8825 12.5142 11.5525 13.0042 32.7467 11.3977 11.2947 10.0423 9.84288 16.1751 9.76996 9.55771 8.89107 8.81164 8.79583 7.49194 9.94603 11.7875 6.86361 7.76801 7.48265 6.76813 11.811 7.62502 6.53778 6.43915 6.47153 7.65621 6.22935 5.78009 5.60407 5.39135 5.30337 9.86065 4.81212 6.04145 7.3361 4.69248 4.63903 3.95597 4.31553 3.80327 4.1318
threshold=2700.2450000000003 5150.505000000001 -19480.099999999995 5499.3350000000009 499.23500000000007 2019.1900000000003 3599.4700000000003 -0.48501107836244667 2588.6312500000004 1500.1450000000002 2191.0721354166672 4500.7050000000008 5129.8350000000009 4764.3650000000007 1250.8050000000001 1000.7850000000001 -24833.649999999998 34.992857142857183 -0.77245553105869302 -0.46989712924132493 25.781250000000004 56.500000000000007 904.7650000000001 5.5000000000000009 2849.5300000000002 0.063390085881955341 -0.031174269516803289 7635.2000000000016 2701.387552083334 -0.51480397887112972 1864.165660750931 3676.3158854166672 -24833.649999999998 4532.3450000000012 534.87785714285724 2759.733230522133 29.506250000000005 3.8625000000000029 0.90364583333333337 -0.57780908558020239 -0.54398756934031889 -0.77786766366919291 19.500000000000004 6342.7016666666668 0.88717496946520547 4734.7300520833342 -0.41248606129204551 -0.98046803196378884 0.95625000000000082 6070.6400000000012 0.52778511650980109 -14487.999999999998 -0.90893996196865023 19.710000000000004 4.5000000000000009 31.156250000000004 23929.300000000007 2173.9550000000004 -2155.0849999999996 -2064.9499999999989 259.90000000000026 26320.500000000004
decision_type=2 2 2 2 2 2 2 2 2 2 2 2 2 2 2 2 2 2 2 2 2 2 2 2 2 2 2 2 2 2 2 2 2 2 2 2 2 2 2 2 2 2 2 2 2 2 2 2 2 2 2 2 2 2 2 2 2 2 2 2 2 2
left_child=2 6 3 9 15 13 24 8 -6 10 -1 -11 43 14 -4 32 17 18 30 20 -7 22 23 27 40 -12 -20 -15 -29 -16 -9 -10 -5 44 35 57 -37 38 39 -14 41 42 -2 58 45 -8 -47 -39 50 56 -41 52 -31 -18 -55 -56 -24 -21 59 -3 61 -23
right_child=1 12 5 4 7 19 33 16 31 11 25 -13 37 21 29 -17 53 -19 26 34 -22 60 49 -25 -26 -27 -28 28 -30 51 -32 -33 -34 -35 -36 36 -38 47 -40 48 -42 -43 -44 -45 -46 46 -48 -49 -50 -51 -52 -53 -54 54 55 -57 -58 -59 -60 -61 -62 -63
leaf_value=-0.026088895373236894 -0.0059246554180252837 0.00074986714360420587 -0.033935264588466706 -0.03299154050174085 -0.052649685310762979 -0.020852287359791055 0.0023837096846068932 -0.034880834358363325 -0.0041459705743283511 -0.039601074265512196 -0.040550525354390791 -0.012785819115790376 -0.0015410577552393079 -0.0050707805586879748 -0.025079673369551393 -0.04828859738399123 -0.01577452601459358 -0.0080516769225420105 -0.025653902882794764 -0.004835502426696889 -0.0054412643504194698 -0.0030722302524771052 -0.0026227070724424645 -0.032616495323367412 0.0013740491005346262 -0.065252817677470251 -0.0084569427831600007 -0.030622565778985294 -0.01011303552769823 -0.024789138515056534 -0.016183356876174608 -0.022455556547808411 -0.0144124356743802 0.0067382430789361359 0.0017725929917780006 -0.024618083816475983 -0.0022052518203466509 0.0066493607573508418 0.015650626940584143 0.01151914871404737 -0.00081309520737163875 -0.0014730695999956138 -0.024422489802486132 -0.0020627059797490282 0.004484607230505905 -0.015376467727058168 0.00043582311387311803 0.018239106688340254 0.016457929463985447 -0.014435618064961716 0.0014715879826376645 -0.0052550133489592766 -0.0043414198338638903 -0.0057932462957101666 -0.0059571100656497979 -0.023586363762208237 -0.007465649040030972 -0.002079543544587652 0.011576720369229059 0.0091213333197900422 -0.0010137998725004184 -0.013146997463497285
leaf_weight=65 40 67 41 54 42 61 853 65 42 56 43 91 41 267 40 42 61 144 43 692 207 105 379 59 3689 40 106 40 239 43 44 56 44 980 338 40 44 46 773 196 1533 161 41 41 1824 41 80 694 155 60 64 135 42 554 46 40 345 2679 637 325 328 56
leaf_count=65 40 67 41 54 42 61 853 65 42 56 43 91 41 267 40 42 61 144 43 692 207 105 379 59 3689 40 106 40 239 43 44 56 44 980 338 40 44 46 773 196 1533 161 41 41 1824 41 80 694 155 60 64 135 42 554 46 40 345 2679 637 325 328 56
internal_value=5.49988e-06 0.00478988 -0.00741484 -0.0175989 -0.0144028 -0.00467387 0.00200535 -0.0123746 -0.0263984 -0.0324831 -0.0414863 -0.0231997 0.0132545 -0.00794181 -0.0147206 -0.0321951 -0.0105723 -0.0154629 -0.0195523 -0.00291888 -0.00901348 -0.00684806 -0.00824383 -0.0115489 0.000423726 -0.0530903 -0.0135578 -0.00921686 -0.0131523 -0.0115722 -0.027549 -0.0147297 -0.0248797 0.00429209 -0.00248599 -0.002903 -0.0130421 0.0152132 0.0138059 0.0106513 -0.001551 -0.00620285 -0.0154714 0.00963946 0.00343322 0.00146172 -0.00500418 0.0175286 0.0118566 -0.00568193 0.00906102 -0.00901396 -0.0148535 -0.00774971 -0.00696143 -0.0143336 -0.00493758 -0.00264655 0.0101073 0.00769604 -0.00287464 -0.00663602
internal_weight=20199 12281 7918 1678 1383 6240 9242 1243 140 295 148 147 3039 2179 301 140 1103 402 258 4061 268 1878 1389 605 5464 83 149 546 279 260 109 98 98 3778 3793 3455 84 1969 1229 456 1775 242 81 1070 2798 974 121 740 415 784 260 220 85 701 640 86 724 3371 1029 392 489 161
internal_count=20199 12281 7918 1678 1383 6240 9242 1243 140 295 148 147 3039 2179 301 140 1103 402 258 4061 268 1878 1389 605 5464 83 149 546 279 260 109 98 98 3778 3793 3455 84 1969 1229 456 1775 242 81 1070 2798 974 121 740 415 784 260 220 85 701 640 86 724 3371 1029 392 489 161
is_linear=0
shrinkage=0.03


Tree=25
num_leaves=63
num_cat=0
split_feature=31 31 9 1 15 11 28 14 33 18 14 9 17 31 12 6 8 17 12 22 31 18 10 11 31 28 10 9 7 1 21 18 7 14 33 17 29 20 8 7 29 8 14 28 22 20 20 15 14 29 8 7 11 7 1 23 15 10 23 9 13 29
split_gain=759.146 313.411 234.551 99.1108 64.1831 62.237 42.6125 32.4296 36.091 31.002 30.2074 29.903 29.7829 29.447 26.5907 25.3161 22.9416 20.55 28.1841 11.2102 10.9619 10.7344 9.17208 8.83638 8.43705 8.38898 8.10608 7.54814 7.46639 11.5625 7.35026 12.8965 6.4139 6.11261 6.21848 6.69713 7.91135 6.8513 9.616 5.78073 5.5578 5.43095 5.35178 4.96093 4.59675 4.364 4.67756 4.31368 3.94726 4.062 3.89249 4.31609 3.86762 3.76885 3.89896 3.73277 3.72916 3.70719 3.69424 3.63902 3.52866 14.298
threshold=2691.2750000000001 4954.9700000000012 1799.2000000000003 5.5000000000000009 2197.0835416666673 455.96000000000009 4931.3433333333342 2236.7757142857149 5474.9750000000013 1096.7500000000002 1000.8657142857143 3212.6500000000001 99.290000000000006 9999.9950000000008 2903.1053348214291 -0.81241147629688992 0.18281312110578132 99.845000000000013 2793.9232961309531 -1499.415 499.23500000000007 1965.0400000000002 1819.7650000000001 1335.6300000000003 4360.6600000000008 6402.1216666666687 399.19000000000005 4082.7700000000004 0.9550229469509578 5.5000000000000009 4339.8900000000003 2908.7000000000003 -0.84772008488809492 1873.0292857142861 5474.9750000000013 300.02500000000003 27.443750000000005 4520.7144270833351 0.12332734741173625 -0.99763297024448894 26.781250000000004 -0.38243420677835349 2059.7921428571435 6184.1533333333346 -2573.8099999999999 3596.0298958333337 4109.6463541666672 2357.3191666666671 6600.0892857142862 26.781250000000004 0.34033495509342487 0.93237596376505805 3150.8750000000005 0.99552231814189451 5.5000000000000009 -613.81857142857132 3665.6719791666669 5468.880000000001 -285.70285714285717 3118.3300000000004 2608.1978081208813 30.343750000000004
decision_type=2 2 2 2 2 2 2 2 2 2 2 2 2 2 2 2 2 2 2 2 2 2 2 2 2 2 2 2 2 2 2 2 2 2 2 2 2 2 2 2 2 2 2 2 2 2 2 2 2 2 2 2 2 2 2 2 2 2 2 2 2 2
left_child=2 11 3 4 5 -1 9 8 12 -7 23 25 -4 27 -8 17 21 -5 -19 48 -10 22 -14 26 52 30 58 44 41 -30 31 -2 -25 34 -12 45 -37 38 -38 -22 -11 56 -32 53 -3 -36 -47 -41 -15 -50 -29 57 -13 54 -21 -54 -9 -52 -6 -43 -49 -62
right_child=1 13 7 15 10 6 14 28 20 40 33 24 16 19 -16 -17 -18 18 -20 43 39 -23 -24 32 -26 -27 -28 50 29 -31 42 -33 -34 -35 35 36 37 -39 -40 47 -42 59 -44 -45 -46 46 -48 60 49 -51 51 -53 55 -55 -56 -57 -58 -59 -60 -61 61 -63
leaf_value=-0.051802152758231385 0.0008923740641330368 -0.00013892495826513943 -0.039551477211061864 -0.055899471646318068 -0.026926284228068063 -0.028338665037124882 -0.018246286941492666 -0.010654701875389687 -0.020471416328634532 -0.0033894342735199434 -0.019424474148028011 0.001353769341747343 -0.015231320898092236 0.007704187707003941 -0.047222598555345031 -0.016015143358197651 -0.00324797841377885 -0.046463397871702908 -0.018269860595464708 0.016731871152318278 -0.013925136015528724 -0.0094475777144543815 -0.033505508254282175 -0.016167263306145159 0.0058262090980170109 -0.013370765367046344 -0.0090328969059960268 0.0078962331743575344 -0.0027457002836924331 -0.022510605170277923 -0.0074119086410953765 -0.016139756656535293 -0.032256940802879878 -0.0048158793858066205 -0.0048556147776787351 -0.02180697708763182 -0.024297360819467203 -0.0021285843092257086 -0.0055204100617104101 -0.013479666943110678 -0.014850899764500996 -0.0021756361758827692 0.00038227391130098837 0.0083139157453896821 0.007268443350780399 -0.018041227263294986 -0.0048792729760579606 -0.0039095097496488042 0.0090259882107035713 0.017614383875259331 0.01351698124984667 0.020982251567361145 0.00089371929637667154 0.0076283506702451136 0.0091589308813538241 0.0038569646990111233 -0.0009347146153450012 0.0082403309277004066 -0.014582239619630854 0.00043536597918605765 -0.019294214534573254 -0.0034844883275571082
leaf_weight=59 95 97 41 51 50 79 55 104 41 154 53 1320 47 242 63 56 135 66 65 1453 62 59 59 41 953 42 106 339 77 40 80 68 60 374 334 64 46 70 53 48 50 2487 3749 80 337 53 46 1624 102 104 280 45 464 48 68 2199 54 222 47 595 69 197
leaf_count=59 95 97 41 51 50 79 55 104 41 154 53 1320 47 242 63 56 135 66 65 1453 62 59 59 41 953 42 106 339 77 40 80 68 60 374 334 64 46 70 53 48 50 2487 3749 80 337 53 46 1624 102 104 280 45 464 48 68 2199 54 222 47 595 69 197
internal_value=4.85391e-05 0.00467107 -0.0072602 -0.0158495 -0.0134995 -0.0232148 -0.0188903 -0.00412247 -0.00679909 -0.0124995 -0.0102862 0.0017253 -0.0158222 0.0124013 -0.0339835 -0.0340523 -0.0124585 -0.0394843 -0.0327186 0.0146133 -0.00528456 -0.0199294 -0.0256209 -0.018644 0.00329095 -0.00019077 -0.0149005 0.00887879 -0.00222179 -0.00963644 -4.87886e-05 -0.00626814 -0.025948 -0.00794673 -0.00956634 -0.00875389 -0.0128575 -0.00936004 -0.0144008 -0.00496315 -0.00625736 -0.00195114 0.000217536 0.015762 0.00561637 -0.00652116 -0.0120355 -0.00466941 0.0103593 0.013426 0.0104687 0.0120457 0.00268304 0.0161362 0.0163995 0.00334118 -0.00735945 0.0112045 -0.021155 -0.00167159 -0.00443864 -0.00764241
internal_weight=20221 12387 7834 2095 1857 460 401 5739 2382 283 1397 8970 341 3417 118 238 300 182 131 2097 2041 165 106 304 4936 4034 203 1320 3357 117 3992 163 101 1093 719 666 233 169 99 2000 204 3240 3829 1649 434 433 99 1938 448 206 886 547 3983 1569 1521 2663 158 502 97 3082 1890 266
internal_count=20221 12387 7834 2095 1857 460 401 5739 2382 283 1397 8970 341 3417 118 238 300 182 131 2097 2041 165 106 304 4936 4034 203 1320 3357 117 3992 163 101 1093 719 666 233 169 99 2000 204 3240 3829 1649 434 433 99 1938 448 206 886 547 3983 1569 1521 2663 158 502 97 3082 1890 266
is_linear=0
shrinkage=0.03


Tree=26
num_leaves=63
num_cat=0
split_feature=14 31 27 33 1 31 8 8 16 8 31 31 15 24 25 9 22 1 26 11 18 30 0 17 17 9 6 1 16 8 1 31 20 25 19 22 31 34 28 6 22 26 34 6 15 29 15 9 17 20 15 15 28 28 24 31 11 23 28 34 23 0
split_gain=721.154 351.469 167.351 77.9691 72.2719 56.7737 49.1021 44.6362 42.8297 41.2305 34.498 32.9349 29.9694 25.0018 19.0791 16.8721 16.4995 16.4994 22.7436 15.3699 12.1215 11.9402 14.6105 19.1449 11.6854 11.5937 10.6454 9.4909 9.43679 10.1958 9.11063 8.99723 7.96086 7.53504 7.29344 6.63742 6.60806 6.37431 6.65128 5.85372 5.64897 5.21467 5.14954 5.09086 4.9828 4.71716 8.64242 4.51267 4.37697 4.66151 4.90189 4.56985 4.11791 4.07712 5.07264 3.85464 3.71772 3.5734 4.45393 3.01305 2.94239 2.87932
threshold=2446.3607142857149 5573.2850000000008 -23101.349999999999 4764.3650000000007 5.5000000000000009 3504.1400000000008 0.41202506375868281 -0.46989712924132493 3816.5150000000008 0.063390085881955341 1400.1200000000001 982.46500000000003 2915.7094270833336 1.0719653414169608 6962.8000000000002 2710.0050000000006 -1.0000000180025095e-35 5.5000000000000009 26539.100000000002 299.21500000000009 399.89500000000004 6.8062500000000012 48.500000000000007 26.765000000000004 1254.7450000000001 1994.615 -0.88144907265856332 5.5000000000000009 4429.5550000000012 -0.13398942717002907 2.5000000000000004 4569.7050000000008 4734.7300520833342 9025.9500000000025 1999.1050000000002 -6089.1449999999986 2800.3950000000004 0.044270833333333336 4446.8116666666674 0.38268343236508956 542.34000000000026 12947.700000000003 0.10677083333333336 0.29012925520284116 4239.6330729166675 31.056250000000002 2491.5403645833339 599.5350000000002 2000.7050000000002 6481.8408333333346 4999.2996875000008 4501.2699479166677 3090.9700000000007 3592.4900000000002 0.87808133958483137 2265.9100000000003 2650.2850000000003 506.00285714285729 6070.6400000000012 0.87760416666666685 43.448571428571427 52.500000000000007
decision_type=2 2 2 2 2 2 2 2 2 2 2 2 2 2 2 2 2 2 2 2 2 2 2 2 2 2 2 2 2 2 2 2 2 2 2 2 2 2 2 2 2 2 2 2 2 2 2 2 2 2 2 2 2 2 2 2 2 2 2 2 2 2
left_child=2 5 4 6 7 15 9 -1 14 26 17 12 20 -6 -5 28 35 40 61 -13 -9 22 47 -24 32 27 -4 37 29 39 -25 60 44 -28 -16 -3 -17 38 -12 -2 45 -31 -20 -33 56 46 -10 -21 49 50 51 -37 -18 -34 -55 57 59 58 -27 -7 -26 -19
right_child=1 16 3 8 13 24 -8 11 10 -11 25 19 -14 -15 34 36 52 18 42 21 -22 -23 23 30 31 55 33 -29 -30 41 -32 43 53 -35 -36 48 -38 -39 -40 -41 -42 -43 -44 -45 -46 -47 -48 -49 -50 -51 -52 -53 -54 54 -56 -57 -58 -59 -60 -61 -62 -63
leaf_value=-0.047823459289169735 -0.0083916279127255883 0.0012782293658237904 -0.032684976127816408 -0.0086574149593202903 -0.054899922998055163 0.00074067266210668561 -0.0052720832105922523 -0.024222358840322773 -0.017705908181844279 -0.049078073760228491 -0.0080488258712029248 -0.02802864348139757 -0.0095479116847531666 -0.025186259653419255 -0.037698677127751018 -0.00098258940034362942 0.005964305311360437 -0.013540841650992003 -0.037991759109056805 -0.0014857441478913339 -0.046310410919736644 -0.0049275272627844688 -0.036959170669317247 -0.0071635743454456901 0.0031710643496737421 -0.004632852221053179 -0.022018598104199476 -0.020271372117620721 -0.0014723009543163058 -0.013676542721881084 -0.022621943748963529 0.01046121917653715 0.0018551338668507727 -0.0040903861323235233 -0.01966119152016756 0.011639627329705814 0.0013177361510091818 -0.0051962055841970152 -0.022044345076968209 -0.023621896874364012 -0.0049491711617380765 -0.0029593882625109499 -0.022015367058907134 0.0053823618087547155 0.010695548245151128 -0.017709347097418057 -0.0033901295888694527 -0.012789275786710966 0.0011627062824668317 0.0030894048318732526 0.017809832350799946 0.0028352187921971837 0.015341499563758725 -0.015809043971424148 -0.0023297549975313135 -0.0018578776788634125 0.0029694886365907534 -0.0014096078775267793 -0.014756290818928035 -0.0084329629465937622 0.0057387735220782755 -0.0038581882410852067
leaf_weight=41 55 69 40 65 68 113 108 42 59 69 130 51 53 45 51 1668 45 82 43 71 60 194 44 77 1040 984 45 43 1550 45 63 396 68 40 40 734 3441 1075 40 40 226 377 42 329 69 77 105 57 40 59 111 58 1628 40 66 1244 1538 321 40 44 660 43
leaf_count=41 55 69 40 65 68 113 108 42 59 69 130 51 53 45 51 1668 45 82 43 71 60 194 44 77 1040 984 45 43 1550 45 63 396 68 40 40 734 3441 1075 40 40 226 377 42 329 69 77 105 57 40 59 111 58 1628 40 66 1244 1538 321 40 44 660 43
internal_value=-6.22676e-05 0.00357759 -0.0089059 -0.00679905 -0.0210775 0.00128224 -0.0215537 -0.0176757 -0.00584862 -0.0305442 -0.00531614 -0.0158751 -0.0280903 -0.0433918 -0.0212601 -0.00035865 0.013226 -0.0115611 -0.01854 -0.0124316 -0.0375388 -0.0108074 -0.014436 -0.0198364 0.00398055 -0.00422295 -0.0200051 -0.0065487 -0.00264494 -0.00615096 -0.0142309 0.00536838 0.0022421 -0.0137275 -0.03007 0.0102981 0.000566674 -0.00605885 -0.0114515 -0.0149836 -0.00838996 -0.00413184 -0.0304453 0.00816706 0.00284628 -0.0115828 -0.00861641 -0.00657947 0.0109174 0.0113214 0.0118552 0.0109992 0.015093 -0.00386434 -0.00751649 -0.00306383 0.00252063 -0.00417701 -0.00504231 -0.00186738 0.00417073 -0.0102671
internal_weight=20161 14283 5878 5012 866 11539 302 753 4710 194 4554 712 155 113 156 7176 2744 677 210 557 102 506 312 184 4363 3877 125 1288 2067 517 140 2425 1938 85 91 1071 5109 1245 170 95 467 422 85 725 1764 241 164 128 1002 962 903 792 1673 174 106 2589 1695 1345 1024 157 1700 125
internal_count=20161 14283 5878 5012 866 11539 302 753 4710 194 4554 712 155 113 156 7176 2744 677 210 557 102 506 312 184 4363 3877 125 1288 2067 517 140 2425 1938 85 91 1071 5109 1245 170 95 467 422 85 725 1764 241 164 128 1002 962 903 792 1673 174 106 2589 1695 1345 1024 157 1700 125
is_linear=0
shrinkage=0.03


Tree=27
num_leaves=63
num_cat=0
split_feature=9 31 27 33 31 8 31 33 33 24 27 20 12 31 1 17 15 20 26 25 25 28 12 8 10 11 15 29 28 8 29 32 32 8 13 11 22 8 32 29 12 13 17 17 29 31 13 20 11 1 29 32 9 18 31 21 32 24 32 26 17 33
split_gain=686.585 281.801 219.95 66.7389 58.5085 47.8138 36.6612 32.1551 47.2392 29.9045 27.3323 26.7709 22.5265 22.2427 16.6547 24.9277 16.2606 19.4162 14.6246 13.8874 12.9956 12.9511 12.8625 21.7728 10.3655 9.60256 13.2139 9.1627 9.07713 7.79913 7.58061 7.50465 8.44064 8.52778 7.33443 9.54523 6.89595 6.79339 10.0673 6.70873 6.15744 5.72958 5.56387 5.31711 5.30045 5.25195 5.07337 5.02992 4.54724 4.40113 9.01089 4.76991 4.84603 4.15536 7.03591 4.48885 4.08192 4.04609 4.02376 3.7484 3.45811 3.3431
threshold=2710.0050000000006 4569.7050000000008 -21407.499999999996 5499.3350000000009 2019.1900000000003 -0.43925659424557273 9999.9950000000008 4466.2650000000003 4289.7250000000013 0.8302899564834737 -24253.449999999997 3115.6510416666674 3014.966510416667 3200.3850000000007 5.5000000000000009 99.845000000000013 1939.7336979166669 2550.7788541666673 35671.250000000007 6563.5000000000009 8710.2500000000018 6260.7450000000008 2682.0625000000005 0.14888728888808328 1448.2950000000003 2766.7200000000007 1731.1739583333335 27.381250000000005 6223.1458333333348 0.30778899014954286 26.281250000000004 2701.387552083334 3730.3277604166674 0.063390085881955341 2299.6100100448516 2233.0300000000002 -1530.7199999999996 -0.52947411406010902 4235.1539062500005 30.156250000000004 4177.8929241071437 1725.7864360088049 1439.5150000000001 22.185000000000006 27.756250000000005 983.40500000000009 2253.6839008812026 3014.0405208333336 2680.6750000000006 5.5000000000000009 25.706250000000008 4235.1539062500005 934.15500000000009 4769.6900000000014 3849.9450000000002 4339.8900000000003 4173.4790104166668 1.310801921850189 4831.3049479166684 30851.100000000002 1819.6400000000001 4764.3650000000007
decision_type=2 2 2 2 2 2 2 2 2 2 2 2 2 2 2 2 2 2 2 2 2 2 2 2 2 2 2 2 2 2 2 2 2 2 2 2 2 2 2 2 2 2 2 2 2 2 2 2 2 2 2 2 2 2 2 2 2 2 2 2 2 2
left_child=2 13 3 11 7 10 29 8 30 19 -5 12 -1 45 16 -16 17 -9 -13 -7 -21 25 23 27 -17 26 -6 -11 36 43 -4 -24 33 -33 -15 -36 -8 38 39 -18 -26 -22 -37 -3 -30 -2 60 -35 61 51 -51 52 -28 54 55 -27 -54 -39 -31 -49 -45 -47
right_child=1 6 4 5 21 9 28 14 -10 22 -12 18 -14 34 15 24 37 -19 -20 20 41 -23 31 -25 40 53 49 -29 44 58 -32 32 -34 47 35 42 -38 57 -40 -41 -42 -43 -44 46 -46 48 -48 59 -50 50 -52 -53 56 -55 -56 -57 -58 -59 -60 -61 -62 -63
leaf_value=-0.038040073498645251 -0.008834419443082879 0.01457300443172624 -0.0030548874497199887 -0.051753970767060911 -0.017398869610042309 -0.037591719704166963 0.010315817415442628 -0.0061812024976825343 -0.044737399348782167 -0.037139325713583575 -0.022096676191992508 -0.031514334657561982 -0.011059033924292843 0.0035162408106745053 -0.034198812544147701 -0.024802336805122449 -0.0076675038477385105 -0.030234539113672718 -0.054677494667470447 -0.0064178051907443799 -0.017418353316529342 -0.014852870931921643 0.002174064752638984 -0.005929748453368174 -0.0064864805867925852 -0.00886953045401777 -0.013466207422898151 -0.017261025158020304 -0.002961094921255218 0.0090878167907825942 -0.018848385977668358 -0.021059131456882155 -0.0042599792396739271 -0.0043569452446186917 -0.013393386443565804 -0.0010035825428677016 0.015095291493034822 -0.0064768413788284908 -0.0041669369682799592 -0.021450525130386706 -0.018588516825465889 -0.033669376731308737 0.0029669816784855933 0.0074513344819296503 0.010111972560161067 -0.0081872278569744585 0.0013708916210271127 -0.0076469327427628559 0.00055654248678201621 -0.0034396588193066416 -0.017803630985897677 -0.00085257575476247751 -0.0034485521331067766 -0.0092060904022461428 0.0056203630497887519 -0.00098952446443683608 -0.012458965141484712 -0.0031329662676703764 0.017390169293472639 -0.020783653361722824 -0.0017266304716013555 -0.0011830261830568743
leaf_weight=50 63 54 60 44 63 48 341 67 53 44 82 52 64 3090 46 40 55 55 59 51 44 79 61 82 229 67 47 45 41 977 50 75 194 99 40 545 1561 719 128 80 45 42 759 435 84 63 247 40 2751 124 57 578 1353 53 142 1520 46 601 56 41 40 1495
leaf_count=50 63 54 60 44 63 48 341 67 53 44 82 52 64 3090 46 40 55 55 59 51 44 79 61 82 229 67 47 45 41 977 50 75 194 99 40 545 1561 719 128 80 45 42 759 435 84 63 247 40 2751 124 57 578 1353 53 142 1520 46 601 56 41 40 1495
internal_value=-0.000107792 0.00417144 -0.00725001 -0.0189294 -0.00501144 -0.0155551 0.0109566 -0.00892861 -0.0217283 -0.0130142 -0.0327792 -0.0336716 -0.0231207 0.00121482 -0.00790825 -0.0137706 -0.00666309 -0.0171826 -0.0442045 -0.0236953 -0.0185894 -0.00289609 -0.0100821 -0.0171945 -0.0106789 -0.00265925 -0.00395374 -0.027392 0.0137288 0.00784454 -0.0103389 -0.00766836 -0.00900738 -0.0125884 0.00271173 0.000860834 0.0142443 -0.00584203 -0.010244 -0.0159329 -0.00853441 -0.0256507 0.00130801 0.00555918 0.00583454 -0.000303587 0.0048658 -0.00896206 -0.000176841 -0.00356188 -0.00803609 -0.00315799 -0.00407829 -0.00101044 -0.000754036 -0.00132758 -0.00375351 -0.00495789 0.00955428 -0.0144688 0.00667645 -0.00147132
internal_weight=20216 12642 7574 1217 6357 992 3836 2228 163 866 126 225 114 8806 2065 360 1705 122 111 185 137 4129 681 171 314 4050 2268 89 2027 1809 110 510 449 255 4434 1344 1902 1583 263 135 274 86 1304 776 125 4372 722 180 4309 2205 181 2024 1446 1782 1729 1587 1399 1320 1033 81 475 1558
internal_count=20216 12642 7574 1217 6357 992 3836 2228 163 866 126 225 114 8806 2065 360 1705 122 111 185 137 4129 681 171 314 4050 2268 89 2027 1809 110 510 449 255 4434 1344 1902 1583 263 135 274 86 1304 776 125 4372 722 180 4309 2205 181 2024 1446 1782 1729 1587 1399 1320 1033 81 475 1558
is_linear=0
shrinkage=0.03


Tree=28
num_leaves=63
num_cat=0
split_feature=31 31 27 33 31 24 32 11 9 31 16 32 20 9 33 30 3 16 11 26 12 32 23 24 27 11 27 17 22 31 25 22 19 20 9 16 11 9 34 16 22 31 7 19 12 20 12 12 32 7 32 0 2 11 7 23 0 31 12 9 22 7
split_gain=629.772 253.42 201.123 48.3817 45.9126 33.835 27.7113 27.3559 27.2144 24.9138 21.6517 51.2356 20.5502 20.0761 19.1211 40.1171 13.8069 13.5882 12.1548 15.0819 11.8561 11.0841 18.4954 10.703 9.39205 7.91331 7.61395 7.60522 7.49819 7.14432 10.4829 6.81362 6.02327 6.64317 5.83651 5.8039 8.0439 5.28265 5.15605 5.06595 5.04871 4.95826 4.81271 4.39471 4.17999 4.1041 4.02774 3.93137 3.85302 4.63726 4.30233 4.14313 3.71535 3.62116 4.24486 3.78561 3.59455 3.48684 5.34471 6.65194 3.84023 3.42862
threshold=2691.2750000000001 5000.0850000000009 -21407.499999999996 5499.3350000000009 1430.0900000000004 0.55037518267569985 2621.4678125000005 799.52500000000009 3375.5150000000008 9999.9950000000008 3937.2600000000007 2957.5646875000002 3115.6510416666674 2340.3600000000001 4466.2650000000003 3.0062500000000001 1.0000000180025095e-35 3362.7800000000002 799.52500000000009 27051.250000000004 2519.5437797619052 5785.1868229166676 149.20857142857145 1.0401499027687171 8258.3000000000011 3212.2750000000001 -19778.049999999996 300.02500000000003 -2899.6249999999991 399.89500000000004 8794.2500000000018 -173.04999999999993 1890.3650000000002 3053.4320833333336 3677.4850000000001 3816.5150000000008 2499.9050000000002 4007.8350000000005 0.16406250000000003 3485.3350000000005 -6089.1449999999986 3499.4050000000002 0.96904697354198299 1449.3150000000003 3250.4151934523811 4904.6143750000001 4405.6745089285723 3457.9098288690479 6481.8408333333346 0.9550229469509578 4500.4713020833342 83.500000000000014 9.5000000000000018 2800.2850000000003 -0.99630266176052629 534.87785714285724 54.500000000000007 2442.8100000000004 3886.7346800595246 1750.3350000000003 -1750.3799999999997 -0.9905448150984083
decision_type=2 2 2 2 2 2 2 2 2 2 2 2 2 2 2 2 2 2 2 2 2 2 2 2 2 2 2 2 2 2 2 2 2 2 2 2 2 2 2 2 2 2 2 2 2 2 2 2 2 2 2 2 2 2 2 2 2 2 2 2 2 2
left_child=2 8 3 7 18 -5 -7 23 17 34 11 -8 43 14 15 -6 20 -2 19 38 -12 39 -23 -1 40 45 -21 -18 -19 30 -20 -31 -22 -34 52 36 -15 -27 -4 -16 -11 -30 53 -9 -33 -10 -36 -35 50 -50 51 61 -3 54 -37 -56 -44 58 60 -60 -41 -42
right_child=1 9 4 5 13 6 10 12 25 24 16 -13 -14 35 21 -17 27 28 29 26 32 22 -24 -25 -26 37 -28 -29 41 31 -32 44 33 47 46 42 -38 -39 -40 57 48 -43 56 -45 -46 -47 -48 -49 49 -51 -52 -53 -54 -55 55 -57 -58 -59 59 -61 -62 -63
leaf_value=-0.05147669555087174 -0.013861735111004823 0.0054370632279224316 -0.0167063734333627 -0.039645854311529546 -0.0049872520602574303 -0.031378843232555118 -0.0029932909968192691 -0.019032587584887822 0.0017565839281913976 0.0025463782308453864 -0.020916196345745656 -0.046688669398427009 -0.036173826190379427 -0.018953623885243406 -0.012669314836384728 -0.041331507485450766 -0.011866349579089067 -0.0087808768364980271 -0.023210750977889123 -0.018115658616571096 -0.005273562551612849 -0.030079097737353747 -0.0013701500217771021 -0.029657732152513092 0.015688899856108739 0.0031733757347336554 -0.036522143812986407 -0.027960859901810946 -0.00012310628239101758 -0.014360997633654886 -0.0061190819184506135 -0.0089441852457595328 -0.006584713442223819 -0.024903909548458347 0.0094142659319936591 -0.011148933100791529 -0.0036130152751167308 0.0057634631038048605 -0.0041223455136341434 -0.013120534909345831 0.0042708910732193192 0.0021153298841945704 -0.012619253929215864 -0.005374115530401468 -0.0030338839312354809 -0.0059930022132869522 0.0025821192267928912 -0.011334363979363252 0.01305539366343747 -7.9389254656584497e-05 0.015093799334277548 0.0061153617803938682 -0.0041363588004605838 3.3546648384205311e-06 -0.0027145565832369409 0.00099926107695041044 -0.0023159059824510698 -0.0018705086895071605 -0.0018952860412675711 -0.014083950306551577 -0.004226562376059945 0.012971402989673191
leaf_weight=55 61 153 57 47 83 73 47 42 1153 54 64 49 52 40 68 40 54 80 70 48 399 40 40 41 888 1761 40 56 3650 105 61 205 100 40 898 46 126 1192 61 44 46 1177 60 44 229 64 86 42 45 51 381 129 47 1046 1271 306 62 409 62 116 1867 469
leaf_count=55 61 153 57 47 83 73 47 42 1153 54 64 49 52 40 68 40 54 80 70 48 399 40 40 41 888 1761 40 56 3650 105 61 205 100 40 898 46 126 1192 61 44 46 1177 60 44 229 64 86 42 45 51 381 129 47 1046 1271 306 62 409 62 116 1867 469
internal_value=-5.28439e-05 0.00415351 -0.00672547 -0.0179915 -0.00466677 -0.0150124 -0.0137179 -0.0302373 0.00159499 0.0113512 -0.0121678 -0.0255475 -0.0214205 -0.00368695 -0.00552235 -0.0170445 -0.010435 9.49324e-05 -0.0110599 -0.0174378 -0.00873448 -0.0049805 -0.0159188 -0.04256 0.013344 0.00338165 -0.0267986 -0.020238 0.00027122 -0.00907587 -0.0153587 -0.00752326 -0.00735897 -0.011877 0.00787074 -0.00196696 -0.00740091 0.00422048 -0.0102904 -0.00463341 0.01156 0.000423032 -0.00164123 -0.0121866 -0.00583976 0.00134446 0.00882038 -0.018174 0.0119916 0.00614866 0.0125323 0.0109958 0.00317792 -0.00137327 -0.00225994 -0.00199375 -0.00744452 -0.00440967 -0.00490568 -0.00987277 -0.0044381 0.0122041
internal_weight=20192 12385 7807 1205 6602 971 924 234 9138 3247 851 96 138 5726 2769 123 755 4968 876 206 645 2646 80 96 2063 4170 88 110 4907 670 131 539 581 182 1184 2957 166 2953 118 2566 1175 4827 2791 86 434 1217 984 82 1121 96 1025 644 200 2669 1623 1577 122 2498 2089 178 1911 515
internal_count=20192 12385 7807 1205 6602 971 924 234 9138 3247 851 96 138 5726 2769 123 755 4968 876 206 645 2646 80 96 2063 4170 88 110 4907 670 131 539 581 182 1184 2957 166 2953 118 2566 1175 4827 2791 86 434 1217 984 82 1121 96 1025 644 200 2669 1623 1577 122 2498 2089 178 1911 515
is_linear=0
shrinkage=0.03


Tree=29
num_leaves=63
num_cat=0
split_feature=14 31 27 8 33 16 31 9 20 31 31 14 24 32 33 24 13 33 25 21 8 0 32 30 14 1 14 31 28 15 0 31 31 27 9 13 24 24 28 32 20 16 19 13 17 2 30 28 8 24 15 28 13 21 2 30 15 17 34 13 32 22
split_gain=606.862 273.452 168.598 64.5339 70.0221 55.2338 50.053 39.8969 26.1171 23.4339 23.3923 19.2532 17.0671 17.0648 16.492 15.7564 12.5256 12.0127 17.5424 11.604 9.95059 12.5276 14.2703 9.97967 9.66447 9.51883 9.0439 8.78628 8.74815 8.70899 8.46832 8.30262 7.8103 7.67844 7.61862 7.57869 7.40915 5.96177 5.92664 5.60108 5.48319 4.90692 4.69419 4.6893 4.96851 3.88092 3.69547 7.44488 3.8924 3.57945 3.55415 7.40336 8.47377 5.26788 4.38311 5.30877 4.24455 3.46719 3.38061 3.29525 3.15891 3.12273
threshold=2446.3607142857149 5000.0850000000009 -23101.349999999999 -0.45464412999974241 5499.3350000000009 3816.5150000000008 1430.0900000000004 3263.7300000000005 3115.6510416666674 9999.9950000000008 983.40500000000009 1343.4850000000004 0.72919722901071393 2382.424010416667 4500.7050000000008 0.88517857269804534 1694.6790013011807 4579.3100000000004 6796.3500000000013 9999.6750000000011 -0.28519997588938989 55.500000000000007 3127.8019791666675 6.5062500000000005 1853.6921428571429 5.5000000000000009 6600.0892857142862 2767.6100000000001 6402.1216666666687 2915.7094270833336 50.500000000000007 3661.2900000000004 2265.9100000000003 -28679.999999999996 3610.5250000000001 2396.9757490800407 0.88006895151565878 1.0736819274808211 3844.0483333333336 6481.8408333333346 4125.6800000000012 3362.7800000000002 3199.8300000000004 2253.6839008812026 473.68500000000006 9.5000000000000018 0.95625000000000082 5333.2050000000008 -0.64084011774027638 2.055334027661202 3291.6371354166672 4953.3816666666671 1934.6503744270203 9999.6750000000011 6.0000000000000009 0.056250000000000362 3568.6983333333342 109.65500000000002 0.10677083333333336 1919.9316615115354 5785.1868229166676 170.87500000000003
decision_type=2 2 2 2 2 2 2 2 2 2 2 2 2 2 2 2 2 2 2 2 2 2 2 2 2 2 2 2 2 2 2 2 2 2 2 2 2 2 2 2 2 2 2 2 2 2 2 2 2 2 2 2 2 2 2 2 2 2 2 2 2 2
left_child=2 7 3 -1 8 13 12 27 11 34 29 -5 -7 -4 -14 19 -15 18 -8 -12 21 22 25 -24 -18 -16 46 36 41 30 -6 -9 39 -10 45 40 42 43 -21 50 49 -29 -2 -33 57 -3 -11 -48 -49 58 51 -19 53 -53 55 56 -52 -45 -22 -38 -43 -36
right_child=1 9 5 4 10 6 17 31 33 26 15 -13 14 16 20 -17 24 32 -20 38 35 -23 23 -25 -26 -27 -28 28 -30 -31 -32 37 -34 -35 61 -37 59 -39 -40 -41 -42 60 -44 44 -46 -47 47 48 -50 -51 54 52 -54 -55 -56 -57 -58 -59 -60 -61 -62 -63
leaf_value=-0.050589202431551475 -0.017225037193010474 0.0041961292297393081 -0.039409377940067249 -0.035676292283127881 -0.019852227669801902 -0.030413333861980328 -0.0033046269576114257 0.001703676252282545 -0.053984455927698446 0.0065429350452465753 -0.0078318027360364788 -0.0073770902721964297 -0.026424636745440034 -0.0062250947048177272 -0.035958760396266977 -0.0062266768584993745 -0.034574657928111936 -0.0046105713253283198 -0.029021056928405804 -0.033087774814021857 -0.013450425023763356 -0.0039556449937151253 -0.00041425750125199555 -0.019873299249664467 -0.01390988884890579 -0.017891714055975897 0.014193000717723215 -0.0088878041887655839 -0.013171368008696062 -0.015522752406924396 -0.039867638195069825 0.0043800525941063359 -0.0020996410368347893 -0.035860967446556861 0.0073731172317887742 0.00029329007242340596 -0.00040809473378076999 0.0070312386781069929 -0.016428236002767722 -0.015351872558395069 -0.019167331509985203 0.00068042036910658486 -0.0046562268662576874 -0.00055706884630490091 0.0029710373012808823 -0.0063481342436612718 0.014825455257914176 0.01253602604032494 0.003188381352763925 -0.0021668209358425127 -0.0050858459853666965 -0.0096584553049447446 -0.0048605698037448679 -0.023308463984742827 -0.0019861474063871416 -0.0042234549711093463 -0.018399157208805261 -0.01018377009308262 -0.006465329058761648 -0.0027039812581573738 -0.0075024852997536738 0.0110024698514119
leaf_weight=58 43 124 40 41 43 42 56 2457 43 211 60 46 57 58 44 336 42 791 41 43 109 80 53 42 43 74 1421 49 42 78 40 1429 1584 67 701 99 1001 514 41 44 42 3402 71 144 462 41 246 63 110 81 41 51 106 55 698 415 47 43 153 1285 42 317
leaf_count=58 43 124 40 41 43 42 56 2457 43 211 60 46 57 58 44 336 42 791 41 43 109 80 53 42 43 74 1421 49 42 78 40 1429 1584 67 701 99 1001 514 41 44 42 3402 71 144 462 41 246 63 110 81 41 51 106 55 698 415 47 43 153 1285 42 317
internal_value=-0.000101115 0.00325212 -0.008203 -0.0201785 -0.0180159 -0.00604821 -0.0054292 0.000994233 -0.0336313 0.0109182 -0.0131719 -0.0209674 -0.0119105 -0.0221838 -0.0109434 -0.009817 -0.0171252 -0.00398148 -0.0143597 -0.0180937 -0.0097752 -0.0141407 -0.0179296 -0.0091346 -0.024404 -0.0248741 0.0128595 -0.000673396 0.000277745 -0.0230517 -0.029858 0.00295424 -0.0037151 -0.0433681 0.00754443 -0.00710877 -0.00207388 0.00413856 -0.0252453 -0.00485195 -0.00900798 0.000443181 -0.00950565 0.00342001 0.00130266 0.00155358 0.00983392 0.0114717 0.00664492 -0.00771188 -0.00463547 -0.00595535 -0.0109277 -0.0168927 -0.00352915 -0.00566215 -0.0123232 -0.00281309 -0.00941144 -0.00169927 0.00057848 0.00851297
internal_weight=20102 14218 5884 896 838 4988 4805 10984 197 3234 641 87 876 183 834 480 143 3929 97 144 777 293 213 95 85 118 2051 5935 3535 161 83 5049 3832 110 1183 484 2400 2592 84 2248 385 3493 114 2078 649 165 630 419 173 343 2204 1003 212 106 1201 503 88 187 262 2286 3444 1018
internal_count=20102 14218 5884 896 838 4988 4805 10984 197 3234 641 87 876 183 834 480 143 3929 97 144 777 293 213 95 85 118 2051 5935 3535 161 83 5049 3832 110 1183 484 2400 2592 84 2248 385 3493 114 2078 649 165 630 419 173 343 2204 1003 212 106 1201 503 88 187 262 2286 3444 1018
is_linear=0
shrinkage=0.03


Tree=30
num_leaves=63
num_cat=0
split_feature=14 31 27 33 8 33 29 24 31 26 31 14 1 15 20 14 33 31 10 8 16 15 22 22 32 22 22 16 28 8 26 12 20 32 28 5 24 29 8 0 29 31 29 8 28 12 33 0 14 29 25 8 10 28 32 12 33 21 21 28 23 15
split_gain=559.968 255.617 143.988 57.8518 51.8322 61.1128 43.6226 30.5307 30.1067 25.3513 24.3997 23.8301 21.8959 24.7205 17.1253 20.1648 17.1215 16.2752 14.3737 11.8152 11.4827 9.07932 8.69032 8.46836 8.17798 10.1125 8.14985 7.94816 7.85162 7.39009 7.16278 6.83075 6.5916 6.45301 5.85267 5.60624 5.49638 5.42951 5.67283 7.73524 7.1643 5.26711 5.17952 5.05469 7.3621 8.1324 4.85572 4.76421 4.63291 4.62762 4.58366 4.51749 4.81803 4.26073 3.91296 3.70626 6.13213 3.69367 4.0331 9.68601 3.65643 3.55425
threshold=2501.0321428571433 4648.3000000000002 -23101.349999999999 4764.3650000000007 -0.46989712924132493 5499.3350000000009 29.443750000000005 0.55037518267569985 9999.9950000000008 24864.250000000004 1010.3350000000002 3110.6371428571433 5.5000000000000009 1839.3738541666669 3115.6510416666674 1343.4850000000004 9999.6750000000011 983.40500000000009 1730.6850000000002 0.31595530242620651 3816.5150000000008 2491.5403645833339 -2899.6249999999991 -5399.7749999999987 4190.670364583334 1.5099999999999911 316.21999999999997 3562.2000000000003 5278.2016666666677 0.04621408538533487 36429.200000000004 3442.2419122023816 6538.5306250000003 2957.5646875000002 6260.7450000000008 -0.70710678118654735 1.0367597408239786 30.581250000000004 0.63089349388778826 43.500000000000007 26.656250000000004 3661.2900000000004 19.906250000000004 -0.46989712924132493 4461.7333333333345 3965.0136235119053 5474.9750000000013 50.500000000000007 5838.7042857142869 25.093750000000004 5324.6500000000005 0.34033495509342487 4585.0950000000003 5333.2050000000008 3103.2558854166668 3809.5961904761907 9704.6550000000007 4875.6650000000009 9999.6750000000011 4067.2516666666675 61.1842857142857 5258.7205208333344
decision_type=2 2 2 2 2 2 2 2 2 2 2 2 2 2 2 2 2 2 2 2 2 2 2 2 2 2 2 2 2 2 2 2 2 2 2 2 2 2 2 2 2 2 2 2 2 2 2 2 2 2 2 2 2 2 2 2 2 2 2 2 2 2
left_child=2 11 4 6 -1 14 19 -7 26 27 -8 20 13 18 15 -6 29 36 -11 31 33 22 -13 -10 25 28 50 -5 42 -14 -16 -4 46 -2 48 -29 -9 38 39 -19 -41 -23 -15 44 -37 -46 -22 -30 49 -25 -3 52 -52 -51 -42 -48 -57 -27 59 -59 -43 -45
right_child=1 8 3 9 5 7 10 17 23 12 -12 21 16 24 30 -17 -18 37 -20 -21 32 41 -24 34 -26 57 -28 35 47 -31 -32 -33 -34 -35 -36 43 -38 -39 -40 40 54 60 -44 61 45 -47 55 -49 -50 53 51 -53 -54 -55 -56 56 -58 58 -60 -61 -62 -63
leaf_value=-0.048208191427094038 -0.0043222738870627017 -0.0012767032150326199 -0.026403403936865483 -0.014343482445336373 -0.0369763779515467 -0.037287890586469856 -0.021657777592990896 -0.025775567095945862 0.0042067208886461182 -0.0093642643047496671 -0.051839877467469445 -0.013765443210800487 -0.018397639597145219 -0.016659717789213907 -0.031151468679308889 -0.0078485881288171445 -0.033997872347633039 -0.0024863356464034452 -0.032865468654211381 -0.0040739114615617588 -0.0027491210708156331 0.0016637365517127637 -0.00015363772362608687 0.0051285352751509602 -0.0022871390988703669 0.00060460854748574388 0.01082992350505925 0.00087862267961968162 -0.010835791298120123 -0.003475198284986446 -0.049252169569132517 -0.0093007887061685307 -0.011970810645434539 -0.015590038250942351 0.0049825791532228537 -0.016788282458270763 -0.013813403938957646 -0.0042990176512917692 -0.0031302954333114028 -0.027398570835547045 -0.0050187998971470242 0.0028202510218420904 -0.0063495463683434263 -0.0028594484178191141 -0.0025721980941434677 -0.017164707795103512 0.00069934603936232286 -0.025129439208437417 0.013848088723026408 0.015434900731683292 0.0065461666059417629 0.0081043999738994472 0.0011925846636640252 0.0060536148869009179 -0.017521138308231127 -0.011817637030795521 -0.00091979933095126347 -0.0052584749078519195 -0.0046276682070967535 -0.022705790271937119 0.0053973291692329707 -0.0082810733714952789
leaf_weight=50 210 75 46 57 41 41 63 67 110 47 41 44 71 56 47 45 44 43 48 122 620 2556 682 121 439 89 393 286 40 52 50 41 43 58 84 57 81 208 63 42 40 1552 203 2565 216 40 2654 50 1553 144 405 650 242 65 54 48 906 98 491 40 731 113
leaf_count=50 210 75 46 57 41 41 63 67 110 47 41 44 71 56 47 45 44 43 48 122 620 2556 682 121 439 89 393 286 40 52 50 41 43 58 84 57 81 208 63 42 40 1552 203 2565 216 40 2654 50 1553 144 405 650 242 65 54 48 906 98 491 40 731 113
internal_value=-3.08532e-05 0.00332009 -0.00746336 -0.00563931 -0.018771 -0.0169241 -0.0181403 -0.0125115 0.00990558 -0.00486899 -0.0339369 0.00081526 -0.00777256 -0.00668598 -0.0321803 -0.0220005 -0.0180876 -0.0107533 -0.0214572 -0.0101556 -0.000797861 0.00213088 -0.000996395 0.012355 -0.00574057 -0.00715796 0.00701782 -0.00332737 -0.0113451 -0.0121679 -0.0408891 -0.0185408 -0.000419119 -0.00680971 0.0128083 -0.00313144 -0.0193654 -0.00788427 -0.0109354 -0.0136498 -0.0171356 0.00260018 -0.00863427 -0.00351505 -0.00711987 -0.00491019 -0.000298833 -0.0189656 0.0131546 0.00985885 0.00591877 0.00633552 0.00454868 0.01256 -0.0123098 0.000122871 -0.00147992 -0.00510977 -0.005918 -0.0104426 0.00364741 -0.00309122
internal_weight=20233 13946 6287 5415 872 822 313 639 3842 5102 104 10104 1768 1601 183 86 167 598 95 209 4539 5565 726 2077 1506 1067 1765 3334 349 123 97 87 4271 268 1967 3277 148 450 242 179 136 4839 259 2991 313 256 4228 90 1883 330 1372 1297 647 209 94 3608 954 718 629 138 2283 2678
internal_count=20233 13946 6287 5415 872 822 313 639 3842 5102 104 10104 1768 1601 183 86 167 598 95 209 4539 5565 726 2077 1506 1067 1765 3334 349 123 97 87 4271 268 1967 3277 148 450 242 179 136 4839 259 2991 313 256 4228 90 1883 330 1372 1297 647 209 94 3608 954 718 629 138 2283 2678
is_linear=0
shrinkage=0.03


Tree=31
num_leaves=63
num_cat=0
split_feature=14 31 27 33 15 24 11 13 3 27 31 31 13 9 7 17 11 14 16 13 13 12 33 29 14 19 34 16 21 9 12 9 33 25 31 8 30 7 8 32 17 12 27 16 21 8 16 15 16 13 13 34 7 24 16 31 13 7 12 2 5 7
split_gain=541.886 211.526 173.027 83.1069 66.6728 53.2708 41.9831 33.2005 31.3175 25.6754 24.5926 23.8591 21.8245 16.9967 13.1311 12.7429 16.2021 20.195 10.7867 9.76133 9.40903 9.27671 9.08821 12.8491 10.0961 8.94886 8.77289 8.71144 7.1928 7.13473 6.88601 6.80984 6.60602 6.32905 6.21589 6.06017 5.99151 7.02881 6.22478 7.42126 6.06692 5.9516 5.53059 5.4559 7.79104 5.30115 6.13722 10.3467 5.13143 4.6268 8.0017 4.52068 4.48819 4.41862 4.24146 4.21281 4.14518 3.88607 4.5339 3.73279 3.72069 4.05976
threshold=2691.2700000000004 5150.505000000001 -18614.950000000001 4466.2650000000003 1939.7336979166669 0.69447979185523845 455.96000000000009 1686.4221029720063 1.0000000180025095e-35 -24253.449999999997 3504.1400000000008 2064.8350000000005 1851.4908077302996 4917.2750000000005 -0.77245553105869302 99.830000000000013 1919.0650000000003 1835.9100000000001 3362.7800000000002 1884.7025022646787 1876.0746139002924 2861.239479166667 4764.3650000000007 27.556250000000006 1952.2621428571431 1449.3150000000003 0.14322916666666671 3590.2500000000005 6850.3900000000003 3700.0850000000005 2519.5437797619052 3700.0850000000005 4535.4800000000005 6274.7500000000009 1430.0900000000004 -0.056951011027366626 3.8625000000000029 -0.98046803196378884 0.30778899014954286 6481.8408333333346 1856.3100000000002 2501.8138764880955 -21407.499999999996 6886.3250000000007 9499.2650000000012 -0.65394968005536136 6500.7000000000007 2899.7708854166672 4429.5550000000012 2692.1841111005619 2855.2381298880427 0.29427083333333343 -0.99275805973510278 1.2347019723864665 4103.4550000000008 1543.7750000000003 2472.6052289630084 0.34537287020513602 2501.8138764880955 8.5000000000000018 -0.81241147629689037 0.95242846126021108
decision_type=2 2 2 2 2 2 2 2 2 2 2 2 2 2 2 2 2 2 2 2 2 2 2 2 2 2 2 2 2 2 2 2 2 2 2 2 2 2 2 2 2 2 2 2 2 2 2 2 2 2 2 2 2 2 2 2 2 2 2 2 2 2
left_child=2 10 3 12 6 14 -5 52 30 20 18 15 -1 28 19 16 17 26 -2 -6 -10 -9 23 -17 -25 35 -4 33 56 -12 42 59 -29 -13 -18 -11 38 -38 39 40 -15 -34 -7 44 -24 -32 47 54 -20 57 -51 -50 -8 -31 -47 -27 -3 58 -45 -30 -43 -62
right_child=1 13 11 4 5 8 7 21 9 25 29 27 -14 36 -16 22 34 -19 48 -21 -22 -23 43 24 -26 55 -28 32 31 53 45 -33 41 -35 -36 -37 37 -39 -40 -41 -42 60 -44 49 -46 46 -48 -49 51 50 -52 -53 -54 -55 -56 -57 -58 -59 -60 -61 61 -63
leaf_value=-0.054091461665100517 -0.014171204207991452 0.01288506454901317 -0.020580098168179392 -0.052237156625179679 -0.046565564471047094 -0.019723603195419197 0.00025323568252710307 -0.023561471715245558 -0.020125438684639944 -0.023406400974021264 0.0020601364361454849 -0.0039210731791788521 -0.024436131040988997 0.011259813525987107 -0.016317092827521265 -0.003471273081737196 -0.012486924336100106 -0.036053678252423803 -0.0019643382684669136 -0.0250472636865047 -0.038993259517103432 -0.044471843131795155 -0.0045682802978154174 -0.027342594715966177 -0.0077683627180522305 0.0013257767609759885 -0.002831325462432757 -0.011736810383431258 0.0035309626592890074 0.0042445763695569761 -0.014967102653398696 0.0074082988721323982 0.0018398634187112542 -0.019871921153674116 -0.001969313500082399 -0.0098633935522021987 0.0037752868131630951 0.015187798844556264 0.012449585799439443 -0.001158893761663314 9.7077590628312174e-05 0.0012511459806571817 -0.0053051322394977824 -0.01104766381783006 -0.016872895794610182 -0.010886688463050066 -0.0032452384857277875 -0.019055794050433457 -0.0016114789193716426 -0.016103055582715391 -0.00079695050488226115 0.0011351476468016511 -0.013781912012158759 0.010210674240130601 -0.0038022789850842252 -0.010727506227009983 0.0051657291138865824 -0.0062344922881136279 -0.0013388915927174793 -0.0057511651682493796 -0.0023541138307278456 -0.0073269759304205838
leaf_weight=53 45 250 49 50 40 60 40 45 54 61 1936 48 43 311 55 96 84 44 707 45 49 40 133 55 43 52 51 62 114 1998 53 448 340 42 126 62 53 704 879 67 51 242 41 45 71 110 571 64 620 66 57 4104 41 118 248 51 86 244 745 58 2895 155
leaf_count=53 45 250 49 50 40 60 40 45 54 61 1936 48 43 311 55 96 84 44 707 45 49 40 133 55 43 52 51 62 114 1998 53 448 340 42 126 62 53 704 879 67 51 242 41 45 71 110 571 64 620 66 57 4104 41 118 248 51 86 244 745 58 2895 155
internal_value=-3.19174e-05 0.00379998 -0.00634132 -0.0141068 -0.0126655 -0.0105604 -0.0282937 -0.0208122 -0.00887 -0.0170204 0.00160635 -0.00370944 -0.0411972 0.0107157 -0.0281923 -0.00644316 -0.0115779 -0.019301 0.00029513 -0.0355972 -0.02939 -0.0338043 -0.00526754 -0.0113318 -0.0189191 -0.0112782 -0.0116459 -0.00232897 0.00739461 0.00337786 -0.0065194 0.00546388 -0.00210244 -0.0115014 -0.0062156 -0.0167144 0.0122489 0.0143948 0.0109969 0.00799838 0.00969176 -0.00193479 -0.01398 -0.00439543 -0.00891219 -0.00578636 -0.00528178 -0.00802321 0.000417581 -0.00359204 -0.00907361 0.000774403 -0.00693241 0.00458195 -0.00600331 -0.00468812 0.0109305 -0.00293184 -0.00190519 0.000385792 -0.00232508 -0.00260915
internal_weight=20170 12549 7621 1928 1832 1616 216 166 1476 329 9528 5693 96 3021 140 1909 354 144 5476 85 103 85 1555 194 98 226 100 3784 956 4052 1147 620 3694 90 210 123 2065 757 1308 429 362 3632 101 1361 204 1046 993 422 5431 1157 123 4724 81 2116 358 103 336 1034 790 172 3292 3050
internal_count=20170 12549 7621 1928 1832 1616 216 166 1476 329 9528 5693 96 3021 140 1909 354 144 5476 85 103 85 1555 194 98 226 100 3784 956 4052 1147 620 3694 90 210 123 2065 757 1308 429 362 3632 101 1361 204 1046 993 422 5431 1157 123 4724 81 2116 358 103 336 1034 790 172 3292 3050
is_linear=0
shrinkage=0.03


Tree=32
num_leaves=63
num_cat=0
split_feature=14 31 14 33 33 8 15 14 31 8 24 1 15 20 6 31 20 26 26 20 15 1 19 23 1 7 7 15 12 1 12 32 15 27 20 31 15 12 8 7 22 31 12 33 5 7 15 15 7 10 9 0 24 23 7 19 6 32 22 32 5 12
split_gain=526.012 263.768 121.3 57.266 49.2331 39.6958 36.4087 36.0079 33.3316 28.6145 26.4264 21.6116 19.4699 34.5175 24.4015 13.5916 22.9023 13.5239 11.4677 11.3228 10.2267 9.71409 17.8379 15.1434 9.42964 8.29734 8.11703 6.80117 6.6941 15.8519 7.93831 6.88336 6.79413 6.18405 6.16344 6.14786 9.95879 5.8231 6.16283 5.56256 5.51497 5.33704 5.1128 5.10575 5.53393 4.9336 4.89989 4.75763 4.67202 4.35054 4.19096 4.13437 3.99137 3.80256 3.75424 3.69107 3.67742 3.4277 4.62418 5.01322 3.37144 3.33713
threshold=2272.1942857142863 4569.7050000000008 1301.592142857143 4579.3100000000004 5474.9750000000013 0.70747208174348741 2122.5288020833336 3024.2614285714294 9999.9950000000008 0.011826144619637555 0.55037518267569985 1.5000000000000002 1939.7336979166669 2546.3523437500003 -0.70710678118654757 993.18500000000006 4388.5488541666682 27051.250000000004 28793.300000000007 6538.5306250000003 2197.0835416666673 4.5000000000000009 1700.7900000000002 -139.55357142857136 1.5000000000000002 -0.77245553105869302 -0.99763297024448894 2491.5403645833339 4129.5419791666673 5.5000000000000009 4437.5245014880957 5785.1868229166676 3885.8255729166672 7311.2000000000007 6538.5306250000003 983.40500000000009 3065.511614583334 4437.5245014880957 0.96849880583763492 -0.84315017450793706 -2899.6249999999991 3661.2900000000004 2803.604501488096 4759.5900000000011 -0.81241147629689037 -0.85227431625818906 5140.7918750000017 3789.0197916666671 -0.82897401153126982 1170.9350000000002 3677.4850000000001 90.500000000000014 1.9086006007825238 61.1842857142857 -0.9905448150984083 1740.4200000000003 0.68322629814330826 4388.5488541666682 -99.110000000000113 3150.8146875000007 -0.9733555533461492 3520.1455877976191
decision_type=2 2 2 2 2 2 2 2 2 2 2 2 2 2 2 2 2 2 2 2 2 2 2 2 2 2 2 2 2 2 2 2 2 2 2 2 2 2 2 2 2 2 2 2 2 2 2 2 2 2 2 2 2 2 2 2 2 2 2 2 2 2
left_child=2 7 4 5 18 9 11 19 25 -4 -8 -6 13 -5 -15 16 -14 -11 -1 20 24 35 23 -23 56 50 49 40 31 30 -30 32 39 51 41 36 -12 38 42 55 -9 -29 -27 44 -22 -45 61 48 -41 -17 -3 54 -50 -43 -10 -28 -2 58 59 -37 -52 -44
right_child=1 8 3 12 6 -7 10 27 33 17 21 -13 15 14 -16 26 -18 -19 -20 -21 43 22 -24 -25 -26 37 28 34 29 -31 -32 -33 -34 -35 -36 57 -38 -39 -40 47 -42 53 46 45 -46 -47 -48 -49 52 -51 60 -53 -54 -55 -56 -57 -58 -59 -60 -61 -62 -63
leaf_value=-0.022378320009447634 -0.0076340208539622837 -0.0025111778038006054 -0.015081400867355496 -0.0024105931702797533 -0.040761128352652935 -0.0001783751829061657 -0.03015651678985783 -0.010649580262561744 0.0031833294300096372 -0.027692991744896225 -0.026147711983482751 -0.015868931590832011 -0.0061931118465453593 -0.044749728150145954 -0.012912501291708742 -0.006378295924081282 -0.025481745935417712 -0.052745386483994391 -0.040917180246931126 -0.016330823541983314 -0.014049426117260008 -0.037930819868694905 -0.0014040547100206216 -0.014109947209246456 -0.0016056686714045081 0.014895945042122287 -0.0042163430786330402 0.0015597131194347786 -0.014046413465858559 -0.025581812652360113 -0.0019029495797956107 -0.015740551078425986 -0.00073001784809410668 0.013676668420971637 -0.0088023610077798357 -0.0066271050767973067 -0.0079442862780005844 0.0016687401539335646 0.012354095106004086 -0.012886292749927157 -6.7938918222441589e-05 0.0026680630089885261 0.0075887517670950415 0.0011807352209308071 -0.0029694453693032935 -0.0012697063036532777 0.014667133930848822 -0.013077566224470068 -0.0041917186192670956 -0.019941613490382828 0.0097447678692039255 0.0040434605172793431 -0.012686205105318758 0.005433614845602037 0.011309238362603641 0.00076120627942139157 -0.016632794025759009 -0.0015557654842088652 -0.0052125082522333187 -0.021339978598324316 0.0016717212731534087 0.0042365613653776507
leaf_weight=51 109 118 75 95 73 59 69 46 55 43 41 58 216 42 46 43 74 43 93 45 49 42 44 59 195 69 262 3099 68 41 164 41 619 950 44 44 80 152 231 62 780 1467 575 919 220 3770 62 66 1345 44 72 88 51 646 975 273 68 96 161 41 130 509
leaf_count=51 109 118 75 95 73 59 69 46 55 43 41 58 216 42 46 43 74 43 93 45 49 42 44 59 195 69 262 3099 68 41 164 41 619 950 44 44 80 152 231 62 780 1467 575 919 220 3770 62 66 1345 44 72 88 51 646 975 273 68 96 161 41 130 509
internal_value=-8.73244e-05 0.00259245 -0.00884634 -0.0064281 -0.0184111 -0.0212497 -0.0154955 0.000279616 0.00923852 -0.0289227 -0.0126597 -0.0299439 -0.00550437 -0.0150138 -0.0284396 -0.00498353 -0.0111857 -0.0406815 -0.0345509 -0.00150927 -0.0013811 -0.0106278 -0.0174028 -0.0242904 -0.00617189 0.00638432 -0.00439593 0.00186054 -0.00413012 -0.00860447 -0.00550725 -0.00367787 -0.00348739 0.0118813 0.00225818 -0.00847312 -0.0142762 0.00726703 0.00785395 -0.00431558 -0.000669396 0.00235323 0.00698891 -0.00102047 -0.00503229 -0.000789293 0.00650026 -0.00523919 -0.00487565 -0.0133866 0.00196739 0.0103449 -0.00451091 0.00351574 0.0108788 -0.00167972 -0.0111652 -0.00638436 -0.00825476 -0.0138895 0.00458307 0.00602006
internal_weight=20167 15443 4724 3772 952 220 808 11457 3986 161 677 131 3552 183 88 3369 290 86 144 5375 5330 608 145 101 372 1918 3079 6082 2992 273 232 2719 2678 2068 5256 463 121 1598 1446 2059 826 5212 1215 4958 269 4689 1146 1524 1458 87 320 1118 1396 2113 1030 535 177 342 246 85 202 1084
internal_count=20167 15443 4724 3772 952 220 808 11457 3986 161 677 131 3552 183 88 3369 290 86 144 5375 5330 608 145 101 372 1918 3079 6082 2992 273 232 2719 2678 2068 5256 463 121 1598 1446 2059 826 5212 1215 4958 269 4689 1146 1524 1458 87 320 1118 1396 2113 1030 535 177 342 246 85 202 1084
is_linear=0
shrinkage=0.03


Tree=33
num_leaves=63
num_cat=0
split_feature=14 31 27 32 14 8 1 32 12 31 14 24 27 1 17 16 25 28 16 23 13 13 28 24 16 32 20 22 21 15 15 8 27 30 28 8 32 6 15 13 22 32 15 5 17 13 10 31 24 15 17 13 16 11 27 31 15 23 15 1 13 16
split_gain=498.168 214.343 129.659 45.4731 40.5538 36.4411 33.4283 37.0982 30.4116 25.5626 22.9989 22.769 20.549 31.3601 18.8505 17.4672 15.4359 12.1553 11.201 11.1675 11.0238 34.5304 9.56662 9.34379 14.5397 13.81 8.11877 7.58425 6.9662 7.62753 12.9515 14.5533 8.7485 6.22271 7.33161 7.27035 6.42343 6.21672 6.04195 6.01765 5.88748 5.73201 5.13999 5.08743 5.97053 10.0692 4.90214 4.79164 4.62378 4.49244 7.0715 4.4129 4.92501 4.19973 4.14379 4.08856 4.1876 4.03457 3.56002 3.34252 3.33579 4.03154
threshold=2491.1814285714295 4648.3000000000002 -23700.149999999994 2559.1267187500002 1580.6907142857146 -0.45464412999974241 4.5000000000000009 2621.4678125000005 3307.9316964285722 9999.9950000000008 3171.661428571429 0.67527330910542349 -15208.449999999999 5.5000000000000009 999.8950000000001 3848.1550000000002 9414.0000000000018 4839.2466666666669 3745.2700000000004 -181.54428571428565 2692.1841111005619 2879.9963294980412 6402.1216666666687 1.0837079913924406 3816.5150000000008 2425.6474479166668 6538.5306250000003 -6089.1449999999986 6150.6500000000005 3291.6371354166672 3107.1363541666669 0.16587474750015932 -18886.399999999998 4.3249999999999984 4036.4116666666673 -0.031174269516803289 4205.6587500000014 -0.032701564615071448 2447.8790104166674 2388.4587264619913 -1602.8499999999997 2957.5646875000002 3036.9081250000004 -0.77259657388510594 99.270000000000024 2478.005846258126 5468.880000000001 4063.0700000000006 0.89157248132674849 2955.1737500000004 309.9550000000001 1908.2665856712363 9999.3350000000009 1664.7450000000001 103.90000000000011 993.18500000000006 3013.4581770833342 115.44285714285721 3272.2467187500001 5.5000000000000009 1876.0746139002924 7470.8850000000011
decision_type=2 2 2 2 2 2 2 2 2 2 2 2 2 2 2 2 2 2 2 2 2 2 2 2 2 2 2 2 2 2 2 2 2 2 2 2 2 2 2 2 2 2 2 2 2 2 2 2 2 2 2 2 2 2 2 2 2 2 2 2 2 2
left_child=2 10 5 4 16 -1 7 -7 19 37 18 -9 13 15 -15 17 38 -5 41 -8 43 -22 40 39 -25 -26 51 -12 -17 30 49 32 -32 34 48 36 -35 42 -4 -6 -11 -2 -3 -14 45 -45 54 60 -13 50 -30 -20 -53 -36 -39 -46 -57 -31 -40 -42 -29 -62
right_child=1 9 3 12 23 6 8 11 -10 22 27 33 20 14 -16 28 -18 -19 26 -21 21 -23 -24 24 25 -27 -28 47 29 57 31 -33 -34 35 53 -37 -38 46 58 -41 59 -43 -44 44 55 -47 -48 -49 -50 -51 -52 52 -54 -55 -56 56 -58 -59 -60 -61 61 -63
leaf_value=-0.043195721277594565 -0.0039955728040313001 0.0028145991816917169 -0.028234736383324716 -0.0072460385480691203 -0.0010539189131409561 -0.032452542040249492 -0.031113622458472562 -0.027582071977133141 -0.049413722494374146 0.0084703203891705776 -0.0094164629777893413 -0.015532910161674386 0.002272161123931389 -0.031405530152809613 -0.0092777307075120399 -0.00065130764777066681 -0.037325902928248979 -0.030591605193912984 0.00091103886105879531 -0.012550013459555498 -0.02642438755932796 0.00098270228228477001 -0.00050103925028815869 -0.026820184795223936 -0.0031545182935694945 -0.020795165103321012 -0.012576622542110271 0.0031635231984855064 -0.0051913079202308187 -0.0061328501867705873 -0.031657883609704514 -0.0040701509211212399 -0.014492623806753997 -0.019856343865827766 -0.025639699554469968 -0.00064726700816352507 -0.004612565123607055 0.0042845576466751661 -0.0074455321529372171 -0.012854759690165519 0.01284399459015044 -0.014020895202765645 0.010169526634589058 -0.0044151796918141641 -0.011394480305485601 -0.020267620281976928 0.001783818258404655 0.0039646594124113782 -0.0032136933517176655 -0.0015260726094019669 -0.016637486509156359 -0.0035045551971089636 -0.00032376832962898008 -0.011526381777281441 0.008452744363230914 -0.0048396128156780729 -0.0014362830273424128 -0.0018110021681925603 -0.019668949452486442 0.0054390195729210966 -0.00062537457402544766 0.0019568952566535853
leaf_weight=49 206 104 40 40 176 78 51 60 45 404 49 40 196 70 70 267 59 41 1969 72 69 101 59 48 135 56 47 1142 209 387 46 69 70 42 41 151 61 450 43 49 1534 68 506 230 42 42 290 1222 85 158 63 543 2252 40 417 396 1814 392 46 59 758 1924
leaf_count=49 206 104 40 40 176 78 51 60 45 404 49 40 196 70 70 267 59 41 1969 72 69 101 59 48 135 56 47 1142 209 387 46 69 70 42 41 151 61 450 43 49 1534 68 506 230 42 42 290 1222 85 158 63 543 2252 40 417 396 1814 392 46 59 758 1924
internal_value=-7.62163e-05 0.00306522 -0.0071263 -0.00544777 -0.0128745 -0.018277 -0.0166287 -0.0132673 -0.0284443 0.00912093 0.000790378 -0.0103328 -0.00443057 -0.00686973 -0.0204859 -0.0057643 -0.0245991 -0.0192919 -0.000636922 -0.020436 -0.00284034 -0.0102308 0.0113963 -0.00808131 -0.0122022 -0.00840802 -0.000300262 0.00221472 -0.00509341 -0.00594315 -0.00844063 -0.0150635 -0.0215119 -0.0080279 -0.011897 -0.00485563 -0.0109596 0.00646841 -0.0185359 -0.00366939 0.0117479 -0.00652555 0.00892223 -0.00237484 -0.00273646 -0.00692826 0.00516811 0.00232951 -0.00724783 -0.00556292 -0.00789368 -0.000176533 -0.00094275 -0.0188957 0.00629675 -0.00222732 -0.00204802 -0.00396317 -0.0139116 0.0125733 0.00180608 0.00122712
internal_weight=20242 14003 6239 5424 652 815 766 598 168 3823 10180 520 4772 1882 140 1742 188 81 5085 123 2890 170 2056 464 239 191 4811 5095 1661 1394 615 185 116 460 206 254 103 1767 129 225 1997 274 610 2720 2524 272 1157 5046 125 430 272 4764 2795 81 867 2252 2210 779 89 1593 3824 2682
internal_count=20242 14003 6239 5424 652 815 766 598 168 3823 10180 520 4772 1882 140 1742 188 81 5085 123 2890 170 2056 464 239 191 4811 5095 1661 1394 615 185 116 460 206 254 103 1767 129 225 1997 274 610 2720 2524 272 1157 5046 125 430 272 4764 2795 81 867 2252 2210 779 89 1593 3824 2682
is_linear=0
shrinkage=0.03


Tree=34
num_leaves=63
num_cat=0
split_feature=14 27 14 32 27 33 13 14 27 24 20 16 1 20 29 18 32 11 13 33 16 8 29 1 14 18 8 17 17 1 20 13 20 30 8 30 7 34 5 30 16 24 5 13 7 8 32 7 29 12 16 20 13 5 13 13 13 14 13 8 7 32
split_gain=442.63 169.564 121.027 58.8439 36.5659 36.0219 28.4068 26.673 21.5278 21.3981 12.8477 13.3152 12.6803 12.0714 12.3309 11.3887 11.0748 10.3949 11.6681 9.27997 9.23613 9.14571 8.4062 9.39202 8.24372 8.15116 7.19926 7.01767 15.9218 6.98104 6.83662 6.7881 6.61664 6.24301 6.18506 7.92954 7.31504 7.26153 5.49661 5.26613 4.99107 4.85761 4.7271 4.67686 4.67647 4.92589 8.49161 4.55081 7.39069 4.53152 4.46057 4.27691 4.27206 4.1942 5.0754 4.1535 4.66302 4.09943 3.96756 5.31982 3.96041 4.7865
threshold=2501.0321428571433 211.29999999999976 1486.1142857142861 2567.7196354166672 -24833.649999999998 4500.8550000000005 1876.0746139002924 3171.661428571429 7311.2000000000007 0.83670604239064861 6481.8408333333346 3816.5150000000008 5.5000000000000009 2382.424010416667 24.006250000000005 1501.0300000000002 2425.6474479166668 399.24500000000006 2153.2674147959851 5923.6350000000011 4429.5550000000012 0.70747208174348741 25.706250000000008 1.5000000000000002 6352.6592857142869 2000.4950000000001 -0.39233249306308043 29.590000000000003 19.710000000000004 5.5000000000000009 6538.5306250000003 1818.5644335311038 2588.6312500000004 6.700000000000002 0.94636490295939868 0.55625000000000047 0.89546819317495652 0.96093750000000011 -0.84874750804349186 7.7062500000000016 4241.3600000000015 1.2971499517938843 -0.5 2527.0049522549307 -0.99763297024448894 -0.52947411406010902 3596.0298958333337 0.96904697354198299 29.118750000000002 2501.8138764880955 3816.5150000000008 2618.3751041666669 2340.1691463807042 -0.72947329433276231 2119.3300008554529 2540.9147687368145 3057.8382860253264 3616.0500000000002 1548.4465780000332 0.39629089145655322 -0.99630266176052629 4618.702916666668
decision_type=2 2 2 2 2 2 2 2 2 2 2 2 2 2 2 2 2 2 2 2 2 2 2 2 2 2 2 2 2 2 2 2 2 2 2 2 2 2 2 2 2 2 2 2 2 2 2 2 2 2 2 2 2 2 2 2 2 2 2 2 2 2
left_child=2 7 3 15 9 6 -4 20 12 17 11 13 34 -7 -15 16 41 -5 -19 -9 40 -8 -11 -24 55 27 32 28 -13 -10 49 -17 -6 -34 35 37 60 -3 -26 -35 50 -1 -29 -36 -44 46 -46 -27 52 -22 -2 -28 -49 -14 -55 57 -57 -21 59 -53 -37 -62
right_child=1 8 5 4 26 10 21 19 29 22 -12 25 53 14 -16 31 -18 18 -20 24 30 -23 23 -25 38 47 51 42 -30 -31 -32 -33 33 39 43 36 -38 -39 -40 -41 -42 -43 44 -45 45 -47 -48 48 -50 -51 -52 58 -54 54 -56 56 -58 -59 -60 -61 61 -63
leaf_value=-0.03499530500755077 -0.0054847219800977804 0.0039545956813602408 -0.033018003076314924 -0.040109618283808227 -0.023074996722862125 -7.1516923489980407e-05 -0.016369194940817129 -8.6266808722628799e-05 0.0130566903360145 -0.025460868966197821 -0.01831895559854721 -0.0017818435826789467 -0.001128900966461982 -0.0059646797175844047 -0.027485873401887587 -0.026259645283350654 -0.045044826185878586 -0.014593204979319124 -0.034524558007717136 0.0022600680311442487 0.0043087391833602599 -0.0017169515620671996 -0.0022339357604057742 -0.01595373766051943 0.012305617829945555 -0.0020408643221309802 0.00062138087944024138 -0.0013635622279798553 -0.024407454993432529 0.0057935263986333401 -0.01228910778961485 -0.0098202957858036215 -0.0029896198869682851 -0.020416557691220579 0.014329097908180715 -0.0010380836192948313 0.01240667063968196 0.012222022963089968 0.003998247959287638 -0.0062600677379212061 -0.012774321032349359 -0.020340761290530539 -0.012784904539273579 0.0073519390735367774 -0.020752446182410823 -0.0040222574279470159 -0.0059985939697858679 -0.0066652852605203284 0.0030002652108669283 -0.00019539671541848199 0.00029950011638288625 -0.0046621573121832091 -0.018915201754114309 0.010409584846501086 0.0011321390228248526 -0.00026843632039775958 0.0090293856532717084 0.0043744171434892424 -0.005489786044257843 -0.019850025534940259 0.0091585753874131176 0.0014722424365866641
leaf_weight=40 308 709 64 44 41 47 78 1012 941 40 54 61 186 42 57 57 50 71 44 1925 210 75 77 108 138 2472 80 351 51 139 40 40 74 57 219 51 371 110 151 42 54 55 70 149 43 1100 182 68 44 4254 196 40 42 90 128 577 52 1450 352 44 393 90
leaf_count=40 308 709 64 44 41 47 78 1012 941 40 54 61 186 42 57 57 50 71 44 1925 210 75 77 108 138 2472 80 351 51 139 40 40 74 57 219 51 371 110 151 42 54 55 70 149 43 1100 182 68 44 4254 196 40 42 90 128 577 52 1450 352 44 393 90
internal_value=-1.97716e-05 0.0029551 -0.00664835 -0.0145777 -0.0116458 -0.00445196 -0.0163753 0.00101176 0.0085871 -0.0191334 -0.00389619 -0.00372406 0.00705069 -0.0126129 -0.0185066 -0.0279706 -0.0333642 -0.0275578 -0.022451 0.002498 -0.000546018 -0.00924451 -0.0130845 -0.010286 0.00310708 -0.00343189 -0.00768629 -0.00495251 -0.0122094 0.0121281 -9.45888e-05 -0.0196499 -0.0123103 -0.00964118 0.00799014 0.00722792 0.00916529 0.00507855 0.00799384 -0.0145334 -0.00418312 -0.0268114 -0.00448028 0.0115317 -0.00526295 -0.00485623 -0.00889757 -0.00235451 -0.00734353 1.74089e-05 -0.00323916 -0.00574848 -0.0114708 0.00217831 0.00499232 0.00275245 0.000513335 0.00316948 -0.006916 -0.0127576 0.00689434 0.00773234
internal_weight=20200 13943 6257 1356 1114 4901 217 10367 3576 384 4684 4630 2496 146 99 242 145 159 115 5305 5062 153 225 185 4293 4484 730 1858 112 1080 4504 97 214 173 2092 1724 905 819 289 99 558 95 1746 368 1395 1325 225 2626 154 4464 504 516 110 404 218 4004 629 3375 436 84 534 483
internal_count=20200 13943 6257 1356 1114 4901 217 10367 3576 384 4684 4630 2496 146 99 242 145 159 115 5305 5062 153 225 185 4293 4484 730 1858 112 1080 4504 97 214 173 2092 1724 905 819 289 99 558 95 1746 368 1395 1325 225 2626 154 4464 504 516 110 404 218 4004 629 3375 436 84 534 483
is_linear=0
shrinkage=0.03


Tree=35
num_leaves=63
num_cat=0
split_feature=14 31 26 33 33 33 8 31 14 14 24 20 15 27 16 17 13 31 20 34 7 20 20 7 16 34 1 7 24 1 24 31 22 1 25 27 15 20 27 31 30 13 8 30 13 21 15 20 12 20 17 12 15 20 30 8 15 17 27 30 22 1
split_gain=430.759 199.102 114.922 43.2113 38.2102 54.7012 36.1581 34.0538 28.7979 22.156 17.3514 17.1081 13.0383 10.8643 9.73757 8.47929 10.2292 8.47523 17.7998 8.30693 10.6784 7.86025 7.80899 7.69733 7.55074 7.29231 8.78458 6.35896 10.9804 6.4134 6.17628 5.71291 5.70021 5.6317 4.87674 4.80676 4.20031 6.6192 4.16085 4.14453 4.03575 3.91974 4.67833 5.10415 6.467 5.40981 4.21924 4.72352 4.0891 4.32103 3.9131 3.74761 6.97265 4.70882 3.98685 4.85151 3.69801 3.66268 3.49267 3.47681 3.34397 3.17561
threshold=2446.3607142857149 5573.2850000000008 32652.750000000004 5520.3700000000008 4466.2650000000003 4289.7250000000013 -0.46989712924132493 3500.5550000000007 1714.0314285714287 779.81714285714293 0.55037518267569985 3115.6510416666674 1839.3738541666669 7311.2000000000007 4429.5550000000012 1262.9850000000004 2253.6839008812026 1340.1450000000002 4388.5488541666682 0.065104166666666671 -0.79384350655589164 6538.5306250000003 6474.4950520833345 -0.70291267844185523 3816.5150000000008 0.085937500000000014 5.5000000000000009 -0.77245553105869302 0.93773421647742861 1.5000000000000002 0.81561558664466627 2900.2250000000004 -5672.1449999999995 4.5000000000000009 7271.5500000000011 -1304.1999999999996 3911.7951562500002 4096.9770312500004 -28679.999999999996 983.40500000000009 0.8000000000000026 3057.8382860253264 0.94636490295939868 4.200000000000002 2445.8137958378161 5012.3750000000009 4999.2996875000008 4810.7252083333342 3358.4202976190477 4093.1218229166675 109.65500000000002 2907.8408407738102 3665.6719791666669 3927.315364583334 2.9000000000000008 -0.586545147510938 4239.6330729166675 0.94000000000000006 -19207.399999999994 2.9437499999999983 99.019999999999996 5.5000000000000009
decision_type=2 2 2 2 2 2 2 2 2 2 2 2 2 2 2 2 2 2 2 2 2 2 2 2 2 2 2 2 2 2 2 2 2 2 2 2 2 2 2 2 2 2 2 2 2 2 2 2 2 2 2 2 2 2 2 2 2 2 2 2 2 2
left_child=2 7 4 11 5 23 -5 14 10 19 -6 -4 -12 32 27 16 56 18 59 20 -8 31 24 -1 34 26 36 28 29 40 -11 -16 -3 -18 -19 -17 37 58 -13 60 -2 42 43 44 45 -34 47 -47 -45 -50 -35 -26 53 -53 -55 -56 -9 -41 -14 -10 -32 -15
right_child=1 13 3 6 8 -7 9 15 17 30 12 38 25 61 21 35 33 22 -20 -21 -22 -23 -24 -25 51 -27 -28 -29 -30 -31 39 -33 41 50 -36 -37 -38 -39 -40 57 -42 -43 -44 48 -46 46 -48 -49 49 -51 -52 52 -54 54 55 -57 -58 -59 -60 -61 -62 -63
leaf_value=-0.016782653081823477 -0.023625050083395431 0.0022406406479325795 -0.018482528759495302 -0.034438063733430356 -0.025463746303173065 -0.045778399476287313 -0.038912314128662855 0.0026296515196484881 -0.012407116856335139 -0.016083106169502977 -0.022175893011606402 -0.046204129663606486 -0.0055141876527098543 0.013018411046291135 -0.00063800401071655358 0.0028151795996331727 7.7615453130994473e-05 -0.004186958322866953 -0.022330993055966832 -0.012523309549109803 -0.016666803942727189 -0.012590892931966241 -0.015048029973657557 -0.0018478011626316463 -0.00044794455446364425 -0.0052595431673610757 -0.021924425150979969 0.00012763359761780506 -0.0023773709466481437 -0.0052734918681326907 -0.0067051518474049356 0.0011895423799714653 0.014254571223760594 -0.0034326850666143906 -0.01716795807594762 0.0054935707253512649 -0.0033992170715438468 -0.021549799339679467 -0.031743297438536371 -0.013269617918958055 -0.010348494719713925 0.015260192821310326 0.012324887787638064 0.014493059298314619 0.00083872528181392183 0.0069508344985305072 0.014034392413038473 -0.0011407377398572861 0.00396965627415249 0.011901611059797954 -0.013791603421486798 -0.0035724730246370841 -0.0011413476645262483 -0.014039339929819107 -0.010902854164208595 0.00014689230597772016 0.0094801365502178662 -0.0042116203559273988 -0.013082432242277401 -0.0028522124980406138 -0.018714567782695996 0.0067935896499308427
leaf_weight=54 43 120 67 67 51 48 41 1370 40 80 53 44 143 916 3063 1096 398 55 61 53 41 42 45 72 733 747 50 340 407 80 43 3093 100 107 50 1351 104 41 55 46 44 87 266 159 145 514 64 74 116 135 47 1093 1105 74 71 71 74 294 91 216 43 84
leaf_count=54 43 120 67 67 51 48 41 1370 40 80 53 44 143 916 3063 1096 398 55 61 53 41 42 45 72 733 747 50 340 407 80 43 3093 100 107 50 1351 104 41 55 46 44 87 266 159 145 514 64 74 116 135 47 1093 1105 74 71 71 74 294 91 216 43 84
internal_value=-2.87515e-05 0.00278642 -0.00681963 -0.0168609 -0.00508498 -0.0188633 -0.0135961 0.00105188 -0.00459136 -0.0113674 -0.00845709 -0.0306205 -0.00773123 0.00999302 -0.000235427 0.00311208 0.00165974 -0.00322024 -0.00789982 -0.0221366 -0.0281244 0.000191029 -0.00276805 -0.0083302 -0.00259355 -0.00706195 -0.0101809 -0.00312435 -0.00504749 -0.011502 -0.00845621 0.000280266 0.00857678 -0.0018115 -0.010472 0.00429557 -0.00857799 -0.0105171 -0.0385681 -0.00698962 -0.0171044 0.00903319 0.00867931 0.0079285 0.00664646 0.00776371 0.00674787 0.0059323 0.0107104 0.00826615 -0.00666275 -0.00232744 -0.00289772 -0.00437837 -0.0084211 -0.00541559 0.00298703 -0.00547243 -0.00850054 -0.00438763 -0.012856 0.0125028
internal_weight=20277 14335 5942 874 5068 174 708 11555 4894 641 1280 166 1229 2780 7112 4443 1996 3614 317 135 82 6198 3297 126 3252 1176 429 914 574 167 506 6156 1780 552 105 2447 379 275 99 426 87 1660 1573 1307 897 752 652 588 410 251 154 3147 2414 1309 216 142 1444 340 234 256 86 1000
internal_count=20277 14335 5942 874 5068 174 708 11555 4894 641 1280 166 1229 2780 7112 4443 1996 3614 317 135 82 6198 3297 126 3252 1176 429 914 574 167 506 6156 1780 552 105 2447 379 275 99 426 87 1660 1573 1307 897 752 652 588 410 251 154 3147 2414 1309 216 142 1444 340 234 256 86 1000
is_linear=0
shrinkage=0.03


Tree=36
num_leaves=63
num_cat=0
split_feature=9 31 27 31 8 33 1 17 12 12 20 31 33 31 31 6 15 6 11 24 26 17 1 28 30 11 15 28 7 30 34 22 24 20 8 9 6 20 30 2 7 12 9 31 7 5 30 30 32 20 25 15 21 24 17 17 17 20 30 21 8 20
split_gain=407.996 156.419 123.581 40.1674 36.256 33.3057 21.0196 33.9763 33.7002 19.4692 16.6441 15.6701 14.3603 13.3057 13.0416 11.868 11.5607 18.2924 8.97321 8.82987 8.49813 7.93996 8.30707 7.75899 10.4073 7.93127 10.1448 7.60678 7.31159 8.77117 7.18638 6.34493 5.82319 5.66256 5.34797 5.14135 4.76065 7.36419 9.30536 4.67897 10.4887 4.34574 3.84877 3.78553 4.04435 5.83667 3.92486 3.77587 3.76308 6.08844 3.5607 3.35242 3.15149 3.11691 3.10557 3.09216 3.09063 4.00449 3.13558 3.05774 2.9329 4.08063
threshold=2789.8500000000008 4769.5700000000006 -22142.349999999995 2064.8350000000005 -0.46989712924132493 5499.3350000000009 5.5000000000000009 99.845000000000013 2612.3685119047623 2523.8042485119054 3115.6510416666674 9999.9950000000008 4939.9950000000017 3199.8150000000005 983.40500000000009 -0.83146961230254512 1839.3738541666669 -0.68322629814330815 948.0150000000001 1.1285040425433648 35671.250000000007 0.94000000000000006 4.5000000000000009 6260.7450000000008 6.950000000000002 2766.7200000000007 1731.1739583333335 6223.1458333333348 0.96904697354198299 4.3562500000000002 0.17447916666666671 90.049999999999969 0.99831550686393944 6538.5306250000003 0.30778899014954286 3750.6400000000008 -0.93540483100319605 4520.7144270833351 7.1062500000000002 3.5000000000000004 0.9550229469509578 2803.604501488096 3999.9450000000002 3868.8300000000004 0.98802474685579866 0.72947329433276253 1.4000000000000006 3.9625000000000008 4061.805052083334 3937.8582291666676 6149.3000000000002 3399.6739062500001 4339.8900000000003 1.2347019723864665 1996.9900000000002 99.095000000000013 1800.5700000000004 2671.2570312500006 2.7000000000000015 8425.6950000000015 1.0000000180025095e-35 5582.3527083333338
decision_type=2 2 2 2 2 2 2 2 2 2 2 2 2 2 2 2 2 2 2 2 2 2 2 2 2 2 2 2 2 2 2 2 2 2 2 2 2 2 2 2 2 2 2 2 2 2 2 2 2 2 2 2 2 2 2 2 2 2 2 2 2 2
left_child=2 13 4 6 -1 10 12 -8 -9 32 19 34 15 -2 28 -4 17 -14 30 -6 -12 -16 50 25 -25 26 -5 39 29 -11 -10 36 -7 35 41 -15 37 38 -18 40 48 51 -41 44 52 -46 -45 -29 49 -13 -23 -3 -27 -37 -33 -52 57 -36 -59 -43 61 -61
right_child=1 11 3 23 5 9 7 8 18 14 20 27 16 33 21 -17 31 -19 -20 -21 -22 22 -24 24 -26 43 -28 47 -30 -31 -32 54 -34 -35 56 53 -38 -39 -40 42 -42 59 -44 46 45 -47 -48 -49 -50 -51 55 -53 -54 -55 -56 -57 -58 58 -60 60 -62 -63
leaf_value=-0.035021240796148774 -2.9936696250783521e-05 0.0040677525557111949 -0.028539224002553626 -0.014784316959468505 -0.023783809895483919 -0.031491279236972335 -0.034117331183270407 -0.033863084910680422 -0.020872689317010584 -0.020246187636761791 -0.022764384533656992 0.011310642244845993 -0.027351492745801804 0.0016514796727016719 -0.016733535057189122 -0.0071413262162564528 -0.0086282088414300229 -0.0043699601021362474 -0.0041275414238674023 -0.0056838932266691702 -0.041288322673903574 -0.011734389509656466 -0.01743695059315423 -0.021449665833741076 -0.00044269349404372447 -0.006546025133896986 -0.0027595219637526324 -0.0044274266886456717 -0.024171326684934848 -0.00083705203261139776 -0.0048791538965888325 -0.0026558874215925712 -0.015439046318332353 -0.0086349683320648702 0.015033251670037589 0.0033457313836218637 -0.0046774224126025629 -0.0016275326872710139 -0.023880949267976969 0.0070644379850572847 0.00042391167578866408 0.0083302387328034154 0.012497928874531964 -0.00064924216582977143 -0.00094658940741994778 -0.014984432507137007 0.0077764829678926613 0.0069917151910097643 0.012313974305123562 -0.003115579095820701 0.0018075794577157218 0.01500713860812156 -0.00029151606966168806 0.0081808966844468013 -0.0090880921861389661 -0.0045114489359102602 0.010057483274075006 0.0042898023117450062 0.01244787762668554 0.0025331652998398695 -0.0006317706311643489 0.011545151089271063
leaf_weight=74 3902 47 42 64 51 44 56 45 61 41 47 68 51 2887 61 53 119 79 306 47 53 47 45 42 42 75 2294 40 65 42 44 1155 44 41 42 1662 386 67 52 135 112 94 1200 103 68 43 95 71 330 42 90 56 1580 129 71 301 384 339 48 240 177 55
leaf_count=74 3902 47 42 64 51 44 56 45 61 41 47 68 51 2887 61 53 119 79 306 47 53 47 45 42 42 75 2294 40 65 42 44 1155 44 41 42 1662 386 67 52 135 112 94 1200 103 68 43 95 71 330 42 90 56 1580 129 71 301 384 339 48 240 177 55
internal_value=-4.72795e-05 0.00343365 -0.00528294 -0.00383955 -0.0148649 -0.0133056 -0.00680617 -0.012248 -0.00949349 -0.0104921 -0.0242806 0.00880109 -0.00545817 0.00126623 -0.00877697 -0.0168002 -0.00490577 -0.0135258 -0.00674957 -0.0152483 -0.0328937 -0.00660697 -0.00529611 -0.00209654 -0.011075 -0.00191952 -0.00309202 0.0105367 -0.0166553 -0.0105516 -0.0142799 -0.00429306 -0.0237288 0.00233777 0.00645559 0.00243576 -0.00675506 -0.010091 -0.0133783 0.0109857 0.00862621 0.00445761 0.0119542 -0.000510938 -0.00095247 -0.00646991 0.00341217 0.00287392 0.0107084 0.005824 -0.00401189 0.0101025 -0.000578735 0.00369836 -0.00303549 -0.00305604 0.00809219 0.00631374 0.00533113 0.00341435 0.0024198 0.00424669
internal_weight=20146 12101 8045 6993 1052 978 2587 512 456 780 198 3480 2075 8621 692 95 1980 130 411 98 100 544 483 4406 84 4322 2358 1998 148 83 105 1850 88 4719 1482 4678 624 238 171 1887 552 669 1335 1964 1766 111 198 111 440 110 438 103 1655 1791 1226 391 813 429 387 566 472 295
internal_count=20146 12101 8045 6993 1052 978 2587 512 456 780 198 3480 2075 8621 692 95 1980 130 411 98 100 544 483 4406 84 4322 2358 1998 148 83 105 1850 88 4719 1482 4678 624 238 171 1887 552 669 1335 1964 1766 111 198 111 440 110 438 103 1655 1791 1226 391 813 429 387 566 472 295
is_linear=0
shrinkage=0.03


Tree=37
num_leaves=63
num_cat=0
split_feature=9 31 14 32 16 13 31 7 31 0 31 26 7 3 34 16 14 22 20 8 7 19 31 13 32 32 9 14 20 11 10 8 8 26 16 31 24 20 22 8 22 34 0 7 21 16 16 20 24 32 15 13 9 32 22 5 9 32 22 13 19 23
split_gain=384.636 146.482 126.421 43.4817 24.122 41.5286 23.5709 20.1353 18.6434 17.9174 17.1428 16.9462 13.3779 33.8769 28.3881 14.0737 13.025 10.7679 10.1466 9.33805 8.64546 23.3792 8.5012 7.9948 7.11111 14.3266 10.6764 9.19082 6.54165 6.35026 8.74322 5.66651 13.9358 5.56651 5.55213 5.54475 7.2356 5.39943 5.08801 5.0232 4.78224 4.3537 4.26829 4.04721 3.99528 3.82034 4.45601 5.06726 5.95499 3.67534 4.03531 3.86301 3.62911 3.59551 3.24362 3.18992 3.18985 3.14209 3.13951 3.12605 2.93157 2.8483
threshold=2844.5750000000003 4569.7050000000008 1660.9350000000002 2567.7196354166672 4031.0200000000004 1678.9824797221636 2210.5700000000002 -0.98214942551678475 983.40500000000009 50.500000000000007 9999.9950000000008 32060.450000000001 0.95242846126021108 1.0000000180025095e-35 0.23177083333333334 3816.5150000000008 2345.6078571428575 21.60000000000014 2835.13234375 -0.46989712924132493 -0.77786766366919291 3195.9900000000002 2969.2000000000003 2415.6233987789033 4471.6952083333335 3141.651770833334 1599.845 1343.4850000000004 3571.8685416666672 1192.6750000000002 1750.5100000000002 0.063390085881955341 0.11478523713130605 16109.400000000003 3590.2500000000005 500.77000000000004 1.2347019723864665 6538.5306250000003 316.21999999999997 -0.38243420677835349 -1830.3949999999998 0.091145833333333356 35.500000000000007 -0.25101255527900046 9999.6750000000011 4241.3600000000015 9653.2300000000014 3167.192239583334 0.99687518974797695 5785.1868229166676 4999.2996875000008 2656.5918640042214 3750.6400000000008 3579.5239062500004 688.23000000000013 -0.5 3700.0850000000005 3596.0298958333337 316.21999999999997 2651.6063810485211 2736.7300000000005 640.86428571428576
decision_type=2 2 2 2 2 2 2 2 2 2 2 2 2 2 2 2 2 2 2 2 2 2 2 2 2 2 2 2 2 2 2 2 2 2 2 2 2 2 2 2 2 2 2 2 2 2 2 2 2 2 2 2 2 2 2 2 2 2 2 2 2 2
left_child=2 22 3 7 5 -5 12 -1 9 54 38 29 15 -14 -15 16 -4 -11 -13 20 21 42 -2 -23 25 -10 27 28 41 30 -9 -21 33 -33 -34 36 -17 39 43 -24 56 -27 -8 -3 -28 -37 47 55 -49 50 51 -45 -41 -29 -6 -47 -12 -25 -48 -22 -36 -38
right_child=1 10 6 4 8 -7 19 11 24 17 40 18 13 14 -16 35 -18 -19 -20 31 59 23 37 57 -26 26 44 53 -30 -31 -32 32 34 -35 60 45 61 -39 -40 52 -42 -43 -44 49 -46 46 58 48 -50 -51 -52 -53 -54 -55 -56 -57 -58 -59 -60 -61 -62 -63
leaf_value=-0.037125668105436486 -0.00026051914444452683 0.0028643658249162089 -0.022720926666332939 -0.00070191818015540345 -0.010878031498916144 -0.035653636696567174 -0.028523612771691246 -0.027564766592411107 -0.0029370589034972499 -0.0314208484884404 -0.00040087794403503223 -0.018047011168890219 -0.0038766991067159446 -0.038052856795734065 -0.007852770283611284 -0.019363747669461494 -0.0041406148617320199 -0.014058251816349534 -0.039707131981849671 0.0016950686694846289 8.7128442509062796e-05 -0.013022369769215583 -0.00037545590436054502 -0.0037669434501523416 -0.0026648683957675276 -0.022000119334609224 -0.015375001370673999 -0.01508954769999879 -0.02860288316314898 -0.005419784392899191 -0.0093114237536333112 -0.021372322117178034 -0.0089853578023030411 -0.0055470803391370104 -0.0017929780278418176 0.0012105335318260964 -0.00059580944921033168 -0.0080319614636198584 0.0090718543159159296 0.001751961386126498 0.011026891365840168 -0.0078713445538388816 -0.014607398198296626 0.0068384203100368716 -0.0055204305809328641 0.0016067501710241904 -0.0040845419191741488 -0.0038320380351391666 -0.016416045357123946 -0.0019929647364964088 0.013268501155344658 -0.0004769561821012758 0.0035290696266650724 -0.0030792160415932393 -0.0010627431410018266 -0.0058534070038549716 0.00824435723860578 0.0055016192481043219 -0.0011152032235866806 -0.0085153181779036372 0.00011422854862803755 -0.010528734809233118
leaf_weight=63 2381 414 69 50 110 78 43 42 297 70 43 42 218 60 53 44 67 64 41 587 219 49 711 62 289 40 44 40 58 70 56 41 79 40 1690 156 60 48 440 3194 1621 41 44 748 226 68 755 60 79 44 80 71 1532 51 42 208 352 68 558 45 1270 45
leaf_count=63 2381 414 69 50 110 78 43 42 297 70 43 42 218 60 53 44 67 64 41 587 219 49 711 62 289 40 44 40 58 70 56 41 79 40 1690 156 60 48 440 3194 1621 41 44 748 226 68 755 60 79 44 80 71 1532 51 42 208 352 68 558 45 1270 45
internal_value=3.64184e-05 0.0035759 -0.00479767 -0.0118253 -0.0096884 -0.0221119 -0.00290395 -0.0219702 -0.0085141 -0.0153234 0.00840072 -0.018034 -0.00521356 -0.0108261 -0.0240813 -0.00435247 -0.0136644 -0.0232938 -0.0290919 -0.00154027 -0.00526127 -0.00906815 0.00123632 -0.0028268 -0.0067084 -0.00816945 -0.0112654 -0.0160128 -0.0208584 -0.012431 -0.0173337 -0.00100699 -0.00151574 -0.0137203 -0.00118604 -0.00372312 -0.00928023 0.00188602 0.00626368 0.00197504 0.0103016 -0.0150317 -0.0217315 0.00534714 -0.00717717 -0.00327894 -0.0036847 -0.00639311 -0.0110503 0.00643295 0.00684709 0.00620443 0.00232866 -0.00846512 -0.00819058 -0.00401623 0.00730459 0.00108622 -0.00282444 -0.0014058 -0.000974921 -0.00491195
internal_weight=20230 11679 8551 1814 1500 128 6737 314 1372 286 3813 251 2500 331 113 2169 136 134 83 4237 530 266 7866 179 1086 797 500 230 139 168 98 3707 3120 81 3039 2033 149 5485 1797 5437 2016 81 87 1357 270 1884 1728 415 139 943 899 819 4726 91 152 276 395 130 1313 264 2960 105
internal_count=20230 11679 8551 1814 1500 128 6737 314 1372 286 3813 251 2500 331 113 2169 136 134 83 4237 530 266 7866 179 1086 797 500 230 139 168 98 3707 3120 81 3039 2033 149 5485 1797 5437 2016 81 87 1357 270 1884 1728 415 139 943 899 819 4726 91 152 276 395 130 1313 264 2960 105
is_linear=0
shrinkage=0.03


Tree=38
num_leaves=63
num_cat=0
split_feature=31 31 14 32 1 9 9 1 8 29 27 16 22 14 16 23 34 20 26 32 8 13 15 28 9 13 20 17 31 11 31 16 13 13 29 25 32 28 8 13 15 15 13 31 10 20 8 14 15 23 5 20 19 13 32 13 32 7 7 1 7 20
split_gain=374.119 164.904 107.721 49.5731 27.3829 23.7384 22.4384 25.4404 38.4745 21.2155 18.1543 16.21 12.5175 12.0928 12.0891 12.0431 11.7197 12.5048 21.3812 11.1821 10.0674 10.5082 8.60045 7.03813 6.10279 6.01727 6.00624 9.96891 7.38048 5.32903 5.23119 5.12613 4.67246 5.19114 4.62125 4.22282 4.22169 5.85216 4.10518 4.08357 4.03687 4.03605 4.02073 3.7666 3.63776 3.61534 3.58285 3.53228 3.47081 3.25018 4.33351 6.53358 3.2319 3.19471 3.19436 4.02809 4.37272 3.11739 3.0992 3.0875 3.06087 3.22291
threshold=2459.8450000000007 5150.505000000001 1486.1142857142861 2567.7196354166672 5.5000000000000009 3276.1700000000005 1994.615 5.5000000000000009 0.29958852271690523 28.443750000000005 -24833.649999999998 3816.5150000000008 -25.82000000000016 1853.6921428571429 3214.5800000000004 -234.31785714285715 0.070312500000000014 2682.1178125000001 27051.250000000004 3115.6510416666674 -0.39233249306308043 2523.9895313599932 2747.545833333334 6402.1216666666687 2781.0750000000003 2031.3463024221585 4266.4748958333339 399.36000000000007 1099.5350000000001 3212.2750000000001 3107.8750000000005 3590.2500000000005 3057.8382860253264 2656.5918640042214 26.656250000000004 8569.2500000000018 4050.4395312500005 5439.1933333333336 -0.031174269516803289 2360.9269484146703 1675.6098437500002 3911.7951562500002 1778.6962466879131 1848.7750000000003 4450.6650000000009 3927.315364583334 -0.74008833158500409 6711.3271428571443 1839.3738541666669 -330.72928571428571 0.81241147629689026 3596.0298958333337 4999.505000000001 1788.0095484857131 4434.0681770833344 1877.5276456143031 3095.3279166666671 0.53038584004487344 0.99552231814189451 3.5000000000000004 0.88768027107944258 4734.7300520833342
decision_type=2 2 2 2 2 2 2 2 2 2 2 2 2 2 2 2 2 2 2 2 2 2 2 2 2 2 2 2 2 2 2 2 2 2 2 2 2 2 2 2 2 2 2 2 2 2 2 2 2 2 2 2 2 2 2 2 2 2 2 2 2 2
left_child=2 5 3 16 10 14 7 11 9 -9 15 13 32 -4 -2 19 -1 -18 -19 -5 21 25 -21 30 26 -12 48 -28 -29 39 31 -16 33 36 -17 -20 37 45 -36 -7 -13 42 -31 -15 -41 52 -30 -38 -8 50 -33 -52 -3 -32 55 56 -42 -58 -14 -27 61 -44
right_child=1 12 6 4 -6 29 24 8 -10 -11 20 40 58 43 23 34 17 18 35 22 -22 -23 -24 -25 -26 59 27 28 46 41 53 49 -34 -35 38 -37 47 -39 -40 44 54 -43 60 -45 -46 -47 -48 -49 -50 -51 51 -53 -54 -55 -56 -57 57 -59 -60 -61 -62 -63
leaf_value=-0.036679523273156239 -0.016599041324154268 0.0018742416040683902 -0.026415731028636109 -0.012653469776845736 -0.029284366935710696 0.0017385145719611707 -0.0094067503851838416 -0.043314218232606318 -0.00081113928238894925 -0.017372409665656476 -0.017716199386319735 -0.012721827383536626 0.010607803311933941 -0.015454650541722048 -0.008622956531122326 -0.017378763851164929 -0.0096346253024066891 -0.010301739411056041 -0.02722228822298348 -0.038700840774832705 -0.004200497581318091 -0.0227681693774648 -0.018950168792148454 -0.01047328858426772 -0.00073712371711011566 -0.0098251120481989349 -0.017783552856417372 -0.015604562452062964 -0.010060132338688708 0.0043713176971864193 0.0030232381031668936 -0.0013178965677808831 0.015398166067898272 0.0012325039730210338 -0.012654900946940646 -0.042177522328996062 0.0072931049716182953 -0.0028140497759782841 -0.0022006282188857976 -0.00049676962550964298 0.00060089485757470107 0.0046796488942973278 0.0024666162644477697 -0.0034929383905225641 -0.0087684414926916358 -0.0008082476184752427 -0.0011527312616447241 0.012960703707461182 -0.0025937866813752521 -0.00029848046427245929 -0.0013578265549411708 -0.014870363336987793 0.0089546282586060177 0.00035761910244941174 -0.0009172213525893405 -0.0064561914262367672 -0.00984742290339056 -0.0025978081927797926 0.0038104611953434725 0.00012252439293437281 -0.0013485824866757655 -0.0050094161785414646
leaf_weight=64 40 75 52 80 67 1269 69 46 82 78 40 50 1768 40 74 52 58 49 43 40 465 59 46 59 1024 49 63 47 49 686 530 412 50 171 60 45 424 76 77 237 202 1033 1391 58 59 56 219 132 1867 2919 70 59 265 1702 233 576 88 136 64 64 259 53
leaf_count=64 40 75 52 80 67 1269 69 46 82 78 40 50 1768 40 74 52 58 49 43 40 465 59 46 59 1024 49 63 47 49 686 530 412 50 171 60 45 424 76 77 237 202 1033 1391 58 59 56 219 132 1867 2919 70 59 265 1702 233 576 88 136 64 64 259 53
internal_value=-8.12617e-05 0.00266737 -0.00612408 -0.0136109 -0.0108105 0.00092804 -0.00407977 -0.00695145 -0.0167899 -0.0272655 -0.0095839 -0.00552839 0.00879142 -0.0148328 -0.000365802 -0.0150758 -0.0254063 -0.0215381 -0.0264713 -0.020972 -0.0066861 -0.0120927 -0.0284758 -0.000251499 -0.00266636 -0.00785491 -0.00351941 -0.00697566 -0.00476464 0.00244944 -0.000145108 -0.000863141 0.00646581 0.0060808 -0.00981407 -0.0352578 0.00688529 0.00478144 -0.00683767 0.000998452 -0.00443157 0.00311255 0.00243326 -0.00848206 -0.00216949 0.00624258 -0.00281267 0.0086595 -0.00284134 -0.000694736 -0.00282826 -0.00760483 0.00740285 0.000991655 -0.00408592 -0.0048211 -0.00260032 -0.00547698 0.0103725 -0.0042394 0.00165046 0.00218894
internal_weight=20270 13933 6337 1358 1099 10852 4979 1641 206 124 1032 1435 3081 150 5865 355 259 195 137 166 677 212 86 5825 3338 153 2314 378 315 4987 5766 3534 1249 1199 189 88 1028 472 137 1565 1285 3422 2389 98 296 396 268 556 1936 3460 541 129 340 2232 1235 1002 426 224 1832 113 1703 1444
internal_count=20270 13933 6337 1358 1099 10852 4979 1641 206 124 1032 1435 3081 150 5865 355 259 195 137 166 677 212 86 5825 3338 153 2314 378 315 4987 5766 3534 1249 1199 189 88 1028 472 137 1565 1285 3422 2389 98 296 396 268 556 1936 3460 541 129 340 2232 1235 1002 426 224 1832 113 1703 1444
is_linear=0
shrinkage=0.03


Tree=39
num_leaves=63
num_cat=0
split_feature=14 31 33 14 33 7 14 14 15 31 16 1 22 32 8 15 1 12 13 20 0 32 16 23 16 20 0 28 12 14 7 25 0 28 1 19 31 13 2 22 31 32 20 32 28 31 12 7 29 0 0 23 13 20 15 0 29 7 29 7 12 5
split_gain=351.36 186.82 75.6544 45.9349 40.184 49.0004 32.0091 27.4767 23.5882 15.7058 14.2621 14.1814 13.7078 15.9176 11.9979 10.5408 10.6889 20.4593 10.6317 10.3405 9.5118 9.31313 8.31247 7.82751 6.37523 6.88111 6.57042 6.11845 6.65571 6.01598 5.31625 7.94725 5.18825 5.5695 4.91923 4.94157 4.89947 5.38022 5.27937 4.82392 8.10087 4.82112 6.84069 5.05224 4.77549 4.42381 4.38532 4.42684 3.88693 5.19115 3.77982 3.60846 3.47676 3.392 4.89864 4.44073 6.29647 4.51359 3.29909 6.01941 6.28719 3.17873
threshold=2156.4585714285718 4769.5700000000006 5474.9750000000013 1301.592142857143 5115.630000000001 -0.98664820696349753 3003.9392857142861 1301.592142857143 2122.5288020833336 9249.7600000000002 4035.2800000000002 1.5000000000000002 -0.61500000000023636 4471.6952083333335 -0.40809616534112375 1839.3738541666669 5.5000000000000009 4177.8929241071437 2394.1969015506279 6538.5306250000003 51.500000000000007 3183.39015625 4031.0200000000004 -76.367857142857147 5421.3750000000009 3927.315364583334 30.500000000000004 3834.711666666667 3341.1740327380953 6600.0892857142862 -0.50462962837920111 5702.1000000000013 60.500000000000007 6184.1533333333346 1.5000000000000002 1799.2950000000003 2420.4650000000006 1884.7025022646787 8.5000000000000018 521.26499999999999 1546.5650000000003 4235.1539062500005 4132.9653125000013 3235.2362500000004 6260.7450000000008 3661.2900000000004 4500.6841517857147 0.99552231814189451 30.056250000000002 49.500000000000007 36.500000000000007 941.94714285714292 1818.5644335311038 5582.3527083333338 5028.9013541666673 49.500000000000007 20.131250000000005 -0.98803845231459242 24.806250000000006 -0.76694339346796603 2924.4133705357149 -0.70710678118654735
decision_type=2 2 2 2 2 2 2 2 2 2 2 2 2 2 2 2 2 2 2 2 2 2 2 2 2 2 2 2 2 2 2 2 2 2 2 2 2 2 2 2 2 2 2 2 2 2 2 2 2 2 2 2 2 2 2 2 2 2 2 2 2 2
left_child=2 6 4 8 5 -1 19 23 11 30 -9 -4 13 20 -12 18 32 -18 -5 22 -10 -22 27 -7 25 -8 -27 -2 61 58 31 -3 33 53 -14 39 37 -24 41 40 -36 42 -39 -44 -38 -26 47 -32 -16 -50 -40 52 -47 54 55 -17 -57 -58 -11 60 -60 -29
right_child=1 9 3 15 -6 7 24 10 12 29 14 -13 34 -15 48 16 17 -19 -20 -21 21 -23 36 -25 45 26 -28 28 -30 -31 46 -33 -34 -35 35 -37 44 38 50 -41 -42 -43 43 -45 -46 51 -48 -49 49 -51 -52 -53 -54 -55 -56 56 57 -59 59 -61 -62 -63
leaf_value=-0.039358975840732453 -0.0022848440953338123 -0.010119002260631177 -0.032836171243712305 -0.0033873057088186572 -0.043134027705169643 -0.032034334666453869 0.00047473259082336593 -0.021823530986991916 -0.012433026918110305 0.004173658635470044 -0.017736541159817428 -0.011324198487601144 -0.0010203751198215676 -0.0028595984983887223 -0.00028799354691075893 -0.0025932058495917016 -0.0042027184022731239 -0.029829338351037443 -0.024251059230932213 -0.014601846738665733 -0.014925188680645077 -0.032153621470231722 -0.00014166224334116555 -0.015464431478128747 0.0013160766804232204 -0.0012032386958992607 -0.015633053758356254 0.00048232243529387878 -0.020153435837737349 0.010680118175431014 0.0080202677119385508 0.003945847047748371 0.0012510366850138571 -0.013778016992640913 -0.020905742118269052 0.00016009590194123436 -0.00022458547922529445 -0.0051635988280194578 -0.0042409843964623687 -0.0062628673141648505 -0.004367975126846101 -0.00036297100658815062 -0.0069022981588484052 -0.021256049075117332 -0.0087577952453866594 0.0048590992289777035 0.00032847090671334338 0.0026409171682030999 -0.015373370819195934 -0.0010830502888681936 2.0135953660415363e-05 0.0093940969256247984 0.0021587352365284884 0.00053308059655678424 -0.013783192424414057 -0.01352872048202833 -0.01385900194629688 -0.0038523578837597943 0.01159389095410945 0.011513774223884948 -0.00058343702459305851 -0.0098015120916976287
leaf_weight=67 217 40 74 42 51 64 1334 58 111 221 60 46 104 73 172 1135 90 40 46 52 53 68 696 48 2831 70 47 41 42 1463 844 307 194 49 72 48 3638 249 344 127 43 103 42 49 59 580 93 166 43 48 410 78 1657 162 44 80 43 556 61 263 99 78
leaf_count=67 217 40 74 42 51 64 1334 58 111 221 60 46 104 73 172 1135 90 40 46 52 53 68 696 48 2831 70 47 41 42 1463 844 307 194 49 72 48 3638 249 344 127 43 103 42 49 59 580 93 166 43 48 410 78 1657 162 44 80 43 556 61 263 99 78
internal_value=-6.53898e-05 0.00188588 -0.00813332 -0.00633425 -0.0178239 -0.0154461 0.000173743 -0.0121231 -0.0124913 0.00795723 -0.00824303 -0.0247517 -0.0103542 -0.0151264 -0.0057446 -0.00429753 -0.00391855 -0.0122553 -0.0144433 -0.00140795 -0.0189573 -0.0247915 -0.00129056 -0.0251326 0.00161709 -0.000139152 -0.00708319 -0.00559038 -0.0100041 0.00961212 0.00554754 0.00230012 -0.00343444 -0.00387416 -0.00663102 -0.00863269 -0.000998853 -0.00223963 -0.00345836 -0.0103702 -0.014813 -0.00605462 -0.00777273 -0.0147783 -0.000363097 0.00211222 0.00656616 0.00713962 -0.00295197 -0.00792932 -0.00192697 0.00308482 0.00286073 -0.00362722 -0.00399005 -0.00374505 -0.0056638 -0.0045926 0.00717313 0.00872668 0.00410234 -0.00628385
internal_weight=20085 16174 3911 3300 611 560 12617 493 819 3557 381 120 699 305 323 2481 2393 130 88 6020 232 121 5968 112 6597 1451 117 378 161 2107 1450 347 2263 2069 394 290 5590 1893 1197 242 115 443 340 91 3697 5146 1103 1010 263 91 754 2315 2237 2020 1858 1814 679 599 644 423 160 119
internal_count=20085 16174 3911 3300 611 560 12617 493 819 3557 381 120 699 305 323 2481 2393 130 88 6020 232 121 5968 112 6597 1451 117 378 161 2107 1450 347 2263 2069 394 290 5590 1893 1197 242 115 443 340 91 3697 5146 1103 1010 263 91 754 2315 2237 2020 1858 1814 679 599 644 423 160 119
is_linear=0
shrinkage=0.03


Tree=40
num_leaves=63
num_cat=0
split_feature=14 31 33 14 7 33 31 14 22 32 0 15 1 22 9 14 6 17 28 17 13 28 34 15 14 6 7 1 29 34 27 15 1 22 15 1 17 12 1 21 13 28 29 6 7 30 15 12 18 22 17 2 28 9 32 27 13 13 32 13 26 29
split_gain=336.273 164.203 69.3801 47.1885 39.9973 46.4405 37.51 27.3577 20.6483 21.0698 12.4213 11.6782 13.6732 13.0822 8.75879 8.37979 8.17226 11.1267 8.83885 8.00134 9.40028 7.44518 7.41536 7.22028 6.90747 6.25923 7.6225 8.05711 8.64545 9.08784 5.8388 5.1508 7.0968 7.47833 4.61705 4.53472 4.37106 8.7466 7.58044 4.53445 4.52882 4.15106 7.20631 5.80649 4.59268 4.07248 8.15688 4.06724 4.08563 3.59863 3.3236 6.32736 3.22603 3.02988 3.02263 2.87374 3.49925 2.70271 2.67767 2.65229 3.05251 2.55393
threshold=2236.7757142857149 5999.8400000000011 5474.9750000000013 1301.592142857143 -0.98664820696349753 5115.630000000001 3199.8150000000005 1301.592142857143 -86.819999999999922 4447.1884375000018 51.500000000000007 2197.0835416666673 1.5000000000000002 -987.07499999999993 2620.3850000000007 779.81714285714293 -0.84874750804349197 109.65500000000002 5490.1250000000009 1254.7450000000001 2253.6839008812026 6070.6400000000012 0.15885416666666671 1731.1739583333335 6600.0892857142862 -0.88144907265856332 -0.99763297024448894 5.5000000000000009 20.256250000000005 0.10156250000000001 -804.79999999999961 2122.5288020833336 4.5000000000000009 802.90999999999997 4239.6330729166675 1.5000000000000002 199.45500000000001 3341.1740327380953 5.5000000000000009 5500.0250000000005 2485.2354778152489 5412.1933333333336 24.606250000000006 0.22695468355932433 -0.76694339346796603 7.0062499999999988 5140.7918750000017 2903.1053348214291 989.94500000000005 -583.49999999999989 299.43000000000006 3.5000000000000004 4560.6583333333338 2500.7550000000006 2962.4200000000005 3808.6500000000005 2445.8137958378161 2634.8829879030704 5374.7572395833349 1548.4465780000332 7212.8500000000013 27.906250000000004
decision_type=2 2 2 2 2 2 2 2 2 2 2 2 2 2 2 2 2 2 2 2 2 2 2 2 2 2 2 2 2 2 2 2 2 2 2 2 2 2 2 2 2 2 2 2 2 2 2 2 2 2 2 2 2 2 2 2 2 2 2 2 2 2
left_child=2 6 4 8 -1 7 14 22 9 10 35 12 13 -5 36 -12 17 -9 -19 20 34 -22 -6 -15 41 26 -13 28 29 -28 57 -10 47 -34 -8 -4 37 40 39 -39 53 42 43 -3 61 46 -27 54 -49 -18 51 -26 -36 -2 -33 56 -53 -21 -44 60 -32 -43
right_child=1 24 3 11 5 -7 19 16 31 -11 15 25 -14 23 -16 -17 49 18 -20 30 21 -23 -24 -25 50 45 27 -29 -30 -31 59 32 33 -35 52 -37 -38 38 -40 -41 -42 44 58 -45 -46 -47 -48 48 -50 -51 -52 55 -54 -55 -56 -57 -58 -59 -60 -61 -62 -63
leaf_value=-0.036657729338273985 -0.00074465286411656037 0.0084683838827347944 -0.022327558306547313 -0.0042170910652855349 -0.029552693980167039 -0.039357741406481517 0.0018638847829358189 -0.02367879664963659 -0.01648640671463095 -0.0019525411676328914 -0.03654250414335522 -0.017789058476420386 0.0036136653702917763 -0.031694934508481688 -7.5489831676257263e-05 -0.02083098515868187 -0.011069936782913851 -0.0026530644606073935 -0.017918396960198878 0.0026677011770827566 -0.00079458796221401314 -0.011320184998555553 -0.012989336585671436 -0.014118860178568865 -0.0028934651871249839 -0.0026499034790481942 -0.023153590916522911 -0.0147424987699453 -0.0032174906021844546 -0.003325532475529715 0.011162593012358333 -0.0074414481358745918 -0.018485185780132619 -0.0025884665402450733 0.013784332043107817 -0.011184277059196923 -0.0014353846588288583 -0.011764150424038661 -0.018954285700001159 -0.001455831955303438 -0.0099376084644436126 -0.0063369359715249049 0.0087359535554830531 0.0014201044463054817 0.0087718995682035499 0.00053514809660370349 -0.015799463012425057 -0.014316492243669926 -0.0035161452039028517 -0.0011704022376973053 0.010659034631105131 0.010235078103511253 0.0025562659294122237 -0.0080911229883453683 0.0011683401231933385 0.012216686692182756 -0.0014542669031236853 -0.00055018268423413644 0.013800229638173884 0.0042689667876444756 0.0026870339963352306 0.0025674813967198132
leaf_weight=76 520 215 51 57 73 56 1944 50 56 64 57 41 43 42 4209 79 40 109 49 1836 726 65 40 47 48 1256 41 67 926 42 112 51 77 41 50 103 1766 67 54 89 62 43 271 206 77 353 43 57 71 172 1340 51 43 55 124 118 41 269 153 1201 59 84
leaf_count=76 520 215 51 57 73 56 1944 50 56 64 57 41 43 42 4209 79 40 109 49 1836 726 65 40 47 48 1256 41 67 926 42 112 51 77 41 50 103 1766 67 54 89 62 43 271 206 77 353 43 57 71 172 1340 51 43 55 124 118 41 269 153 1201 59 84
internal_value=-6.16613e-05 0.0019938 -0.00733996 -0.00576842 -0.0162721 -0.013584 0.000619066 -0.0108075 -0.0120815 -0.0175692 -0.0209971 -0.00399139 -0.0111904 -0.0155454 -0.000922577 -0.0276346 -0.00724875 -0.0114611 -0.00747017 0.002287 0.00110143 -0.00167272 -0.0238549 -0.0226732 0.00880857 -0.00349616 -0.00523049 -0.00473589 -0.00405749 -0.0132792 0.00325069 -0.00798058 -0.00681278 -0.0130299 0.00217897 -0.0149948 -0.00228651 -0.00405732 -0.00935295 -0.00592985 -0.00229959 0.00690302 0.00783043 0.00503112 0.00304204 -0.00232103 -0.003097 -0.00435668 -0.00839937 -0.00308144 0.0100544 0.00688475 0.00867528 -0.00146019 -0.00136882 0.00912289 0.00506607 0.00225642 0.0105916 0.00477341 0.0082709 -0.000473354
internal_weight=20228 15774 4454 3789 665 589 13127 533 831 354 290 2958 189 146 6822 136 420 208 158 6305 2828 791 113 89 2647 2769 1117 1076 1009 83 3477 477 421 118 2037 154 2613 847 210 156 637 1049 845 421 204 1652 1299 303 128 212 1598 258 93 575 175 210 92 2105 424 1372 171 127
internal_count=20228 15774 4454 3789 665 589 13127 533 831 354 290 2958 189 146 6822 136 420 208 158 6305 2828 791 113 89 2647 2769 1117 1076 1009 83 3477 477 421 118 2037 154 2613 847 210 156 637 1049 845 421 204 1652 1299 303 128 212 1598 258 93 575 175 210 92 2105 424 1372 171 127
is_linear=0
shrinkage=0.03


Tree=41
num_leaves=63
num_cat=0
split_feature=14 14 9 33 16 20 27 6 13 23 20 15 14 9 15 1 1 8 27 34 1 30 34 19 33 15 22 33 0 24 8 12 30 28 34 27 21 5 17 27 16 1 8 24 8 12 20 20 15 12 12 12 16 13 16 28 15 0 22 5 17 17
split_gain=307.058 116.993 86.4408 44.8717 25.7171 24.9079 23.6904 17.791 16.4309 18.7209 16.1847 18.7451 18.4655 15.8395 14.139 13.8424 13.7351 15.2942 9.51349 7.7885 7.69823 7.54421 6.73382 5.5965 6.4957 5.94662 5.32156 5.24786 4.99567 4.98312 4.74461 5.21363 4.6664 7.79085 4.9187 4.63581 4.57471 4.32733 4.02667 6.05752 3.98587 3.98339 4.69978 3.9588 7.57798 3.9115 3.83286 3.45335 3.44961 8.78554 6.66205 3.76295 6.06649 4.57964 3.44093 3.42022 3.38934 3.37717 3.34172 3.25647 3.48086 3.15455
threshold=2923.8442857142868 1580.6907142857146 4500.2050000000008 5474.9750000000013 3816.5150000000008 6913.9380729166669 -24833.649999999998 -0.68322629814330815 1610.3534326864358 -223.16857142857137 2077.3942187500006 3045.4947395833337 1000.8657142857143 1999.4550000000002 1839.3738541666669 5.5000000000000009 5.5000000000000009 0.18281312110578132 7311.2000000000007 0.22656250000000003 5.5000000000000009 7.6062500000000002 0.71354166666666685 2250.9250000000006 5474.9750000000013 3755.0821875000006 -271.46499999999997 5923.6350000000011 51.500000000000007 0.88517857269804534 0.97263757644091875 4405.6745089285723 0.45000000000000112 5333.2050000000008 0.92447916666666685 -9147.4499999999971 8199.3100000000031 -0.84874750804349186 99.470000000000013 -8076.4999999999991 5421.3750000000009 4.5000000000000009 -0.14250536273956091 1.9086006007825238 -0.43925659424557273 2501.8138764880955 6538.5306250000003 5582.3527083333338 3911.7951562500002 3090.0605208333341 3187.2551116071436 2519.5437797619052 9999.8700000000008 1737.3573913285638 8000.5350000000008 4117.9300000000012 3093.6736979166667 75.500000000000014 -2899.6249999999991 -0.72947329433276231 399.14500000000004 2071.2800000000002
decision_type=2 2 2 2 2 2 2 2 2 2 2 2 2 2 2 2 2 2 2 2 2 2 2 2 2 2 2 2 2 2 2 2 2 2 2 2 2 2 2 2 2 2 2 2 2 2 2 2 2 2 2 2 2 2 2 2 2 2 2 2 2 2
left_child=1 3 22 8 7 13 10 19 -1 -10 -5 12 28 16 -8 18 43 21 30 -3 48 -18 40 24 25 35 -14 58 -12 -13 32 -32 34 -34 -4 -15 37 -29 39 -9 -2 42 -35 -6 -45 -25 47 -42 49 51 -51 52 -16 -54 56 -11 -26 -38 -24 61 -61 -17
right_child=2 4 15 6 5 -7 14 38 9 55 11 29 26 23 20 59 17 -19 -20 -21 -22 -23 27 45 54 -27 -28 36 -30 -31 31 -33 33 41 -36 -37 57 -39 -40 -41 46 -43 -44 44 -46 -47 -48 -49 -50 50 -52 -53 53 -55 -56 -57 -58 -59 -60 60 -62 -63
leaf_value=-0.036317989443029677 -0.00085591265365031293 -0.01327657269253193 0.0028032090280115567 -0.00095673449482524501 -0.0031221015468492178 -0.025169048185593314 -0.020178674290655181 -0.0010119436372032153 -0.029694136911537498 -0.0045609885390847918 -0.023768887843259354 -0.016886875338765768 -0.0094072339418803299 -0.0026219263649833765 -0.00046702802697293905 -0.00092936818767869927 -0.025247797826704169 -0.0014230366055024404 0.01071649266478735 -0.031878327612833282 -0.017788139927222137 -0.0089768183984878392 -0.0053833414981781973 0.0027451707577212485 -0.0033961645670428954 -0.015809560939311407 -0.0232786688850284 0.0085096797939381158 -0.038604788429151146 -0.0042276024616772438 0.01239640263675028 0.0040447156175356753 0.0099724123634959139 0.0078824956500186377 0.0077846495721159764 -0.013201079428393351 0.0039525683261807014 0.0035271121348987616 -0.012019028123634468 -0.013770570500584488 0.0013036904524151324 -0.0042677126135095018 -0.0028040208775854231 -0.018739410415133037 -0.0034097109266440382 -0.00082120976831350824 -0.0070002998864012109 0.0074620029952244035 -0.0014662232022477873 -0.019693417133221373 -0.006716907175038667 -0.0019844544691331261 -0.0052217729689971529 -0.01805430256177417 -0.0013090086591505418 -0.014993668975780756 -0.012681268786157791 0.0011204425646937168 0.0011730293247639702 -0.0002433964251395082 0.0075910934002154113 0.0071560749264770289
leaf_weight=62 943 45 491 60 1405 41 63 141 79 49 43 42 70 201 66 221 69 72 934 40 43 43 79 301 172 51 40 264 58 83 255 93 533 155 281 45 761 391 83 43 3456 47 48 43 87 3316 48 83 202 63 84 305 48 54 1596 70 44 756 557 71 180 53
leaf_count=62 943 45 491 60 1405 41 63 141 79 49 43 42 70 201 66 221 69 72 934 40 43 43 79 301 172 51 40 264 58 83 255 93 533 155 281 45 761 391 83 43 3456 47 48 43 87 3316 48 83 202 63 84 305 48 54 1596 70 44 756 557 71 180 53
internal_value=-5.70278e-05 -0.00400607 0.00342039 -0.0114398 -0.0025025 -0.00212904 -0.00918938 -0.0104162 -0.0228206 -0.0184328 -0.0153286 -0.0178846 -0.0233295 -0.0019988 -0.00655593 0.00740331 -0.00452353 -0.0122498 0.00823141 -0.0222992 -0.0055416 -0.0191356 0.00159481 -0.00124019 -0.00246808 -0.00657374 -0.0146157 0.00274888 -0.0325835 -0.00858138 0.00700673 0.0101825 0.00628994 0.00792435 0.00462413 -0.00460275 0.0034504 0.00554526 -0.00656418 -0.0040519 0.000878983 0.00353555 0.00535428 -0.00359002 -0.00858465 -0.000523746 0.00133519 0.00145019 -0.00488013 -0.00598825 -0.0123738 -0.00398183 -0.00757482 -0.0121248 -0.00179188 -0.0107717 -0.0053373 0.00254284 0.000351465 0.00292124 0.00538279 0.000654939
internal_weight=20122 9422 10700 1584 7838 7486 1324 352 260 198 396 336 211 7445 928 3362 1719 184 2837 85 865 112 7338 5726 2109 297 110 2808 101 125 1903 348 1555 783 772 246 2172 655 267 184 4530 250 203 1535 130 3617 3587 3539 822 620 147 473 168 102 1812 119 216 1517 636 525 251 274
internal_count=20122 9422 10700 1584 7838 7486 1324 352 260 198 396 336 211 7445 928 3362 1719 184 2837 85 865 112 7338 5726 2109 297 110 2808 101 125 1903 348 1555 783 772 246 2172 655 267 184 4530 250 203 1535 130 3617 3587 3539 822 620 147 473 168 102 1812 119 216 1517 636 525 251 274
is_linear=0
shrinkage=0.03


Tree=42
num_leaves=63
num_cat=0
split_feature=9 31 14 33 24 31 16 0 32 1 17 34 31 28 16 14 20 7 32 31 28 31 1 13 8 0 34 1 8 19 7 13 2 7 33 17 28 30 7 14 21 7 5 20 16 8 24 20 24 17 16 2 16 29 28 13 32 25 30 7 12 7
split_gain=278.917 113.986 88.9866 35.2953 22.3826 17.1418 19.1825 18.3713 21.7336 16.2758 43.5521 36.8393 13.0615 11.3728 11.3065 21.8112 9.0952 8.62726 8.6373 7.79886 7.71797 6.97142 6.39564 5.59825 5.58181 5.49846 5.01945 6.43427 11.0697 5.12376 6.15069 4.97908 4.50911 9.45073 4.50364 4.37102 4.34647 11.2649 4.56365 4.34556 4.70161 4.3013 6.09189 4.09515 3.72727 3.70552 3.57753 3.4358 3.30671 3.25808 3.22383 5.349 6.00255 3.19472 3.86006 3.1807 5.01855 4.73935 3.93214 3.10794 3.09052 2.93037
threshold=2789.8500000000008 4600.2750000000005 1580.6907142857146 4466.2650000000003 0.55037518267569985 983.40500000000009 4068.2050000000004 47.500000000000007 2957.5646875000002 5.5000000000000009 99.845000000000013 0.23177083333333334 6001.0850000000009 5305.0516666666672 3816.5150000000008 1931.1507142857142 4734.7300520833342 -0.91936887716170002 2635.0830729166669 3107.8750000000005 6342.7016666666668 2420.4650000000006 3.5000000000000004 1818.5644335311038 -0.15101602693478741 43.500000000000007 0.12760416666666671 4.5000000000000009 0.16587474750015932 1750.0850000000003 0.57340843044527534 2328.159666908185 3.5000000000000004 0.9550229469509578 4535.4800000000005 299.43000000000006 5412.1933333333336 3.4812499999999997 -0.98046803196378884 3062.809285714286 4339.8900000000003 0.99374995976406788 0.72947329433276253 5582.3527083333338 9999.8700000000008 0.99855310097228334 1.36044834475331 6538.5306250000003 0.89543781795968036 99.320000000000007 4217.0950000000012 8.5000000000000018 4512.1450000000013 32.48125000000001 5999.9966666666669 2584.1438818994088 4235.1539062500005 9916.3000000000011 6.1812500000000012 -0.99630266176052629 2501.8138764880955 -0.98664820696349753
decision_type=2 2 2 2 2 2 2 2 2 2 2 2 2 2 2 2 2 2 2 2 2 2 2 2 2 2 2 2 2 2 2 2 2 2 2 2 2 2 2 2 2 2 2 2 2 2 2 2 2 2 2 2 2 2 2 2 2 2 2 2 2 2
left_child=2 19 3 -1 -5 13 7 -7 -9 14 11 -11 45 17 15 -4 61 35 -19 48 32 23 39 -16 -20 -18 27 29 -29 -8 -31 -21 33 -14 -33 -6 -34 -38 -39 40 -17 53 -43 50 -35 -3 -42 -36 -2 -15 -25 55 -53 54 60 56 58 -57 -52 -54 -23 -12
right_child=1 12 9 4 5 6 26 8 -10 10 16 -13 20 49 21 22 25 18 24 31 -22 41 -24 43 -26 -27 -28 28 -30 30 -32 34 36 44 47 -37 37 38 -40 -41 46 42 -44 -45 -46 -47 -48 -49 -50 -51 51 52 59 -55 -56 57 -58 -59 -60 -61 -62 -63
leaf_value=-0.033833729938456888 -0.0033239009583352465 0.004394049986155178 -0.022587019558709402 -0.025237757299211808 -0.014206855727160081 -0.0029692392306910316 -0.0029671733306813109 -0.011435405544607955 -0.041037059782871178 -0.044892443262405046 -0.0095208044534430217 -0.0091401267841818828 0.008528801397034309 0.0012839564253041083 -0.00053087834148485952 -0.016175789260615903 -0.0035390023118816315 -0.030978459676978393 -0.011455547044119474 0.0023377350240018756 -0.00086591288399666573 0.0039117101855149451 0.0073035940591518467 -0.00019347777082778824 -0.022951859749105928 -0.017850151804245276 -0.0026883383888958228 -0.022361945806187576 -0.0037360861218583424 -0.016577963924712755 -0.0026457869522542189 -0.0083526982680261833 0.010588763153639455 0.007369218504581442 0.00083375442884145001 -0.0025535460073581855 -0.0068477240997426051 0.0020353779150777823 0.010213558772738249 -0.00092215905729681245 -0.0036147134443300956 -0.00057982312632662086 -0.015000097139590335 0.0010152136481296763 -0.0026969126307916924 0.01259913011203305 -0.012263703912030905 -0.0077842111286685568 0.00014856910605564786 -0.01032177871314627 -0.0056523527821822376 -0.012623523819243667 -0.0097921926403418194 0.0047568524519738279 -0.0094283167126204079 -0.018610860001619742 -0.0014607609809466164 -0.0046146050544286317 -0.012504897572766613 -0.0020988924924416107 -0.00065213500250906964 -0.0016747886375516475
leaf_weight=56 266 1216 64 79 83 54 264 50 41 45 46 61 614 46 729 44 41 51 91 3514 77 142 40 179 70 60 404 59 56 65 51 52 1218 46 1315 45 46 76 332 149 193 66 43 158 111 51 55 42 3263 40 257 55 49 107 42 45 170 43 108 898 2019 495
leaf_count=56 266 1216 64 79 83 54 264 50 41 45 46 61 614 46 729 44 41 51 91 3514 77 142 40 179 70 60 404 59 56 65 51 52 1218 46 1315 45 46 76 332 149 193 66 43 158 111 51 55 42 3263 40 257 55 49 107 42 45 170 43 108 898 2019 495
internal_value=5.2456e-05 0.00290055 -0.00430024 -0.0106147 -0.00975395 -0.00890524 -0.00682445 -0.0169183 -0.0250735 -0.00271604 -0.00687238 -0.0245957 0.00722502 -0.0139767 -0.00216515 -0.00626917 -0.0039124 -0.0164376 -0.0201614 0.000962308 0.00847508 -0.0017263 -0.00405562 -0.00277662 -0.0165648 -0.0121323 -0.00517942 -0.00720303 -0.0134024 -0.00529666 -0.0105276 0.00173374 0.00876973 0.0068517 0.000226813 -0.0101615 0.00964955 0.00711208 0.00869887 -0.00510013 -0.00722161 -0.000557218 -0.0063532 -0.00361035 0.000280374 0.004734 -0.00557438 0.000561487 -0.000114037 -0.00417065 -0.00401581 -0.00443647 -0.00307421 -0.000281097 -0.000527838 -0.00661903 -0.00572972 -0.0119005 -0.00770858 -0.00250687 -0.000350573 -0.00235825
internal_weight=20247 12239 8008 1605 1549 1470 1044 145 91 6403 748 106 3787 426 5655 545 642 340 212 8452 2520 5110 481 2691 161 101 899 495 115 380 116 4923 2443 771 1409 128 1672 454 408 441 292 2419 109 1962 157 1267 248 1357 3529 86 1804 1625 1002 2310 2203 623 535 88 365 947 2161 541
internal_count=20247 12239 8008 1605 1549 1470 1044 145 91 6403 748 106 3787 426 5655 545 642 340 212 8452 2520 5110 481 2691 161 101 899 495 115 380 116 4923 2443 771 1409 128 1672 454 408 441 292 2419 109 1962 157 1267 248 1357 3529 86 1804 1625 1002 2310 2203 623 535 88 365 947 2161 541
is_linear=0
shrinkage=0.03


Tree=43
num_leaves=63
num_cat=0
split_feature=31 31 9 33 31 13 9 27 0 15 31 5 15 13 21 13 31 15 15 9 29 20 7 20 1 21 11 8 21 7 8 8 7 15 7 15 2 22 7 12 13 7 32 11 5 1 8 7 7 12 27 11 12 11 23 29 32 8 33 1 26 32
split_gain=288.011 121.149 78.6179 48.2137 34.1463 22.1493 14.9847 13.1588 12.8576 17.8531 12.7084 10.0954 8.58724 9.36589 8.45515 12.1397 8.14302 7.1987 7.00401 6.20754 5.73245 16.2055 5.57236 5.56999 5.49392 5.43974 5.38505 5.10466 4.74574 4.94867 5.0904 4.69129 5.7686 4.50607 5.3525 7.05885 4.48129 4.45728 4.1936 4.17322 6.16841 9.98114 3.9343 3.86922 3.59892 12.2145 3.37396 3.26689 4.40167 3.16613 3.12379 3.08614 3.19645 3.05885 3.00731 2.97025 3.34966 2.96393 3.79686 2.90996 2.89622 2.86877
threshold=2459.8450000000007 4648.3000000000002 1885.5400000000002 4466.2650000000003 983.40500000000009 1851.4908077302996 5129.8350000000009 -24833.649999999998 50.500000000000007 1939.7336979166669 3200.3850000000007 -0.32143946530316164 3755.0821875000006 2427.5554444107815 6150.6500000000005 2179.4365469150875 499.23500000000007 2915.7094270833336 3726.9302083333337 2713.7150000000006 28.806250000000006 3489.9323437500002 -0.64578423485557612 3014.0405208333336 5.5000000000000009 4339.8900000000003 299.21500000000009 -0.40809616534112375 6850.3900000000003 -0.76694339346796603 -0.065537083312030994 -0.39233249306308043 -0.73282214301478099 1839.3738541666669 -0.99630266176052629 3198.0472395833335 3.5000000000000004 -25.82000000000016 0.94978112945126536 3901.4953571428578 2855.2381298880427 0.87962967011031401 3014.0405208333336 2540.3650000000002 -0.72947329433276231 4.5000000000000009 -0.35846086284744721 0.99374995976406788 0.99865421017599998 3644.057261904763 8258.3000000000011 2414.3450000000007 4129.5419791666673 2680.6750000000006 -346.89142857142855 30.668750000000006 4822.9528125000006 -0.39233249306308043 6850.3900000000003 1.5000000000000002 25805.600000000002 3870.2372916666668
decision_type=2 2 2 2 2 2 2 2 2 2 2 2 2 2 2 2 2 2 2 2 2 2 2 2 2 2 2 2 2 2 2 2 2 2 2 2 2 2 2 2 2 2 2 2 2 2 2 2 2 2 2 2 2 2 2 2 2 2 2 2 2 2
left_child=2 10 3 5 7 -1 28 14 26 -10 25 20 13 42 -5 17 18 -16 -4 33 21 -11 23 -13 50 37 -6 44 57 -30 -31 32 59 -18 35 -35 -21 -2 61 -36 41 51 -9 -22 45 -12 -29 53 -49 -24 -8 52 -41 55 -48 56 -27 -3 -59 -28 -61 -32
right_child=1 6 16 4 8 -7 24 12 9 11 27 22 -14 -15 15 -17 19 -19 -20 36 43 -23 49 -25 -26 47 31 46 29 30 38 -33 -34 34 39 -37 -38 -39 -40 40 -42 -43 -44 -45 -46 -47 54 48 -50 -51 -52 -53 -54 -55 -56 -57 -58 58 -60 60 -62 -63
leaf_value=-0.039326006900241121 -0.014235543596320028 0.0028601510703721842 -0.0047759505831213162 -0.0097623440628871305 -0.01329265410956842 -0.015013940528558234 0.0079534941557064844 -0.0073489554005541965 -0.023143314699847976 -0.003749014718377461 0.00093214250916221798 -0.0098828961220482053 -0.022726354706101119 -0.0205527266828207 -0.027006057536318188 -0.038246893764928333 -0.010339504501137596 -0.012812325524770327 -0.017897153001145593 -0.0039029475792186031 -0.00084723312563368799 -0.023625577606189135 -0.0054668514903834352 -0.023376057864865289 0.0039105607350394117 -0.0012062041107478441 -0.016228827791669492 0.0091589210393121009 -1.2449824639753136e-05 0.0093906515231356024 0.0024767202407323255 -0.0022954974137676474 0.00013510358206985984 0.00018723414158043655 -0.0022150991756019977 -0.014838055510818958 0.00056505138851389131 -0.0026658361609203413 0.00054692466780579705 -0.003702445223536144 -0.00078638077178738892 -0.022370527569749735 0.0035428568547857657 -0.0089435688880241844 0.00048488961593682364 -0.017970219471442925 0.000916467608068987 -0.012977781594797436 0.00031443171454973665 -0.013713147589133107 0.010374811223429009 -0.00096376709103859748 -0.015056087529907622 0.00045623425637330585 0.0026192125197405714 0.0032027264409275214 -0.0083769731872073826 0.0029413338434616369 0.010291942208394174 -0.0016990244633052498 -0.012296943497098981 0.00707526454752435
leaf_weight=66 42 105 109 49 54 72 1105 104 76 129 102 52 43 40 62 42 77 73 55 267 232 51 104 64 210 1536 54 60 248 173 204 635 63 45 2120 74 820 101 255 46 132 40 41 68 610 43 1408 41 48 72 890 70 44 3045 2778 131 60 83 279 44 49 309
leaf_count=66 42 105 109 49 54 72 1105 104 76 129 102 52 43 40 62 42 77 73 55 267 232 51 104 64 210 1536 54 60 248 173 204 635 63 45 2120 74 820 101 255 46 132 40 41 68 610 43 1408 41 48 72 890 70 44 3045 2778 131 60 83 279 44 49 309
internal_value=9.83924e-06 0.00241824 -0.00534316 -0.00969042 -0.00860342 -0.0268407 0.00693153 -0.015929 -0.00669167 -0.0093413 0.000676014 -0.00795437 -0.0107662 -0.00787904 -0.0210671 -0.0241242 -0.00273343 -0.0194816 -0.00925815 -0.00244453 -0.00526073 -0.00948012 -0.0123492 -0.0174636 0.00855197 -0.000392844 -0.00418475 0.00174538 0.00477003 0.00375794 0.00475058 -0.00358768 -0.0074656 -0.0032279 -0.00301097 -0.00920201 -0.000535003 -0.00613919 0.0036945 -0.00270688 -0.00583107 -0.00914009 -0.00426603 -0.00270602 -0.000526999 -0.00475808 0.00214947 -0.000222571 -0.00588511 -0.00889875 0.00903834 -0.00571408 -0.00935757 -0.000115751 0.00204683 -0.00112394 -0.00148086 0.00733332 0.00861933 -0.010702 -0.00735429 0.00525498
internal_weight=20104 13866 6238 2339 2201 138 3861 454 1747 848 10005 772 228 185 226 177 3899 135 164 3735 480 180 292 116 2205 5004 899 5001 1656 1189 941 845 210 2648 2571 119 1087 143 768 2452 332 200 145 300 755 145 4246 4861 89 176 1995 160 90 4772 4186 1727 1596 467 362 147 93 513
internal_count=20104 13866 6238 2339 2201 138 3861 454 1747 848 10005 772 228 185 226 177 3899 135 164 3735 480 180 292 116 2205 5004 899 5001 1656 1189 941 845 210 2648 2571 119 1087 143 768 2452 332 200 145 300 755 145 4246 4861 89 176 1995 160 90 4772 4186 1727 1596 467 362 147 93 513
is_linear=0
shrinkage=0.03


Tree=44
num_leaves=63
num_cat=0
split_feature=14 9 16 14 0 1 14 21 22 32 10 24 1 1 20 7 9 34 16 20 16 5 9 7 0 23 16 16 13 20 28 16 13 1 15 0 13 5 8 32 26 18 32 2 7 13 8 13 15 22 15 13 7 14 29 29 7 32 20 28 21 9
split_gain=257.213 125.943 52.44 35.4276 30.2675 24.4401 23.3942 20.4984 17.9871 16.3462 14.5445 13.8401 12.9735 12.1051 19.8139 15.0342 11.4951 11.1859 10.3583 10.1991 9.577 7.54324 6.21234 6.16807 9.71581 10.6497 5.67186 8.26607 8.04219 11.9234 7.18321 4.64726 4.42016 6.691 4.15117 5.86737 4.02974 3.99147 3.77146 10.0968 4.0076 3.76424 3.72769 3.69173 3.65538 3.61277 3.56991 4.17831 3.55723 6.32689 3.51732 4.31782 3.50576 3.49385 3.449 3.44897 3.32473 3.26674 5.98854 3.18149 3.16059 3.86452
threshold=2143.5250000000005 4135.6550000000016 4035.2800000000002 1301.592142857143 46.500000000000007 5.5000000000000009 3171.661428571429 5396.4750000000013 -86.819999999999922 4235.1539062500005 1699.7550000000003 0.55037518267569985 5.5000000000000009 5.5000000000000009 4463.9920312500008 -0.98214942551678475 6520.5550000000012 0.091145833333333356 3590.2500000000005 6913.9380729166669 6000.3950000000013 -0.68322629814330782 2789.8500000000008 0.96904697354198299 58.500000000000007 -473.73785714285708 4217.0950000000012 6560.5200000000013 2106.9578775648774 2903.6303125000009 4421.1983333333346 3362.7800000000002 2037.8862111653323 3.5000000000000004 4982.2499479166681 26.500000000000004 1833.4369572747426 -0.68322629814330782 -0.52947411406010902 4235.1539062500005 25094.100000000002 5553.1350000000011 4121.7918750000008 2.5000000000000004 0.99552231814189451 2323.9508112716153 0.97648852793709995 2626.0918983363072 2491.5403645833339 -3579.8449999999993 3953.9343750000003 1778.6962466879131 -0.98046803196378884 8186.1635714285721 20.618750000000002 23.156250000000004 0.95242846126021108 3545.5795312499999 4145.119218750001 5965.7766666666676 5000.255000000001 999.66000000000008
decision_type=2 2 2 2 2 2 2 2 2 2 2 2 2 2 2 2 2 2 2 2 2 2 2 2 2 2 2 2 2 2 2 2 2 2 2 2 2 2 2 2 2 2 2 2 2 2 2 2 2 2 2 2 2 2 2 2 2 2 2 2 2 2
left_child=2 6 4 5 7 8 19 -1 9 11 18 -4 16 21 15 -15 34 -7 -6 22 -13 -5 23 31 25 -25 -23 28 30 -30 -28 -2 33 -22 35 -3 -8 -14 39 40 -29 -36 -32 54 52 -24 -37 -48 49 -38 51 -33 -18 -50 -40 -39 -57 58 -47 -41 -10 -62
right_child=1 12 3 13 10 17 36 -9 60 -11 -12 20 37 14 -16 -17 44 -19 -20 -21 32 26 45 24 -26 -27 27 38 29 -31 42 50 -34 -35 41 46 48 55 43 59 -42 -43 -44 -45 -46 57 47 -49 53 -51 -52 -53 -54 -55 -56 56 -58 -59 -60 -61 61 -63
leaf_value=-0.0018472491939738392 -0.0092555618589160154 0.0006340004107319038 -0.032601556483423333 0.0022901548753301239 -0.0094202558941354885 -0.035144321018076956 0.0031060516094542972 -0.024009618911271291 0.0027374072965573181 -0.0013892085580965098 -0.036508074244356724 -0.026895741560623389 -6.6434441976958797e-05 -0.021567753619970157 -0.02451084119356459 -0.0030843159517371533 0.0015878699923103504 -0.016213050391932483 -0.026874872443343821 -0.015494266952777844 -0.023421473856394488 0.0034935313464490346 0.00054216361860224172 -0.0035168604461885081 -0.0002135048686326373 -0.0252483690689717 -0.0019508404943266596 -0.021437638351737065 -0.0028625877537180053 -0.022708624260472682 -0.016125920549608194 8.3228068570746476e-05 -0.0047089888141132316 -0.0071826523982919752 0.005515520526950958 0.0049653853288138174 -0.012055347817841658 0.0022383292322310905 -0.012397852505848277 0.0016411048681553705 -0.0079292316373619359 0.014409208974471633 -0.0045157265107872956 -0.0018807020564228802 0.00079254900498781358 -0.014789612690067809 0.011823240062982148 0.00086463335038321773 0.0014657872888656938 -7.7772157041167261e-05 0.00089207424834665148 -0.0024130492288719474 0.0094000011284359163 0.0090327496242909016 -0.0035533725300452624 0.0032670075481739612 0.013768377058207989 -0.00083729307420770261 -0.0016268665591796516 -0.0082249164663318712 -0.012463208634836168 -0.0043699103776381493
leaf_weight=124 66 253 47 198 56 46 1385 53 43 68 72 43 314 46 62 255 54 79 71 42 44 90 2848 40 85 41 198 42 46 67 64 880 64 49 94 1058 42 181 59 88 40 81 42 1112 49 45 146 40 2963 516 565 2139 1507 55 121 51 59 616 97 43 64 305
leaf_count=124 66 253 47 198 56 46 1385 53 43 68 72 43 314 46 62 255 54 79 71 42 44 90 2848 40 85 41 198 42 46 67 64 880 64 49 94 1058 42 181 59 88 40 81 42 1112 49 45 146 40 2963 516 565 2139 1507 55 121 51 59 616 97 43 64 305
internal_value=-2.71911e-05 0.00161056 -0.00705416 -0.00588309 -0.0176776 -0.0111829 0.000136008 -0.00858104 -0.00905245 -0.0144409 -0.0256852 -0.018014 0.00632278 -0.0041245 -0.0091963 -0.00597109 0.00706687 -0.0234034 -0.0193121 -0.000925223 -0.0144408 -0.00328766 -0.000840703 -0.00168425 -0.00732326 -0.0146905 -0.00383743 -0.00418235 -0.007917 -0.0147257 -0.00534616 -0.00142586 -0.0108809 -0.015033 0.00531881 0.00480163 0.00173253 0.00228125 -0.003143 -0.0068353 -0.0150231 0.00969051 -0.0116109 -0.00252947 0.00887782 5.21927e-05 0.00564804 0.00948378 0.00119984 -0.000999263 -0.00127913 -0.00168563 0.00913094 0.00160663 -0.00650488 0.00480604 0.00897286 -0.00178704 -0.00587241 -0.00163514 -0.00490764 -0.00580352
internal_weight=20113 16312 3801 3425 376 852 12425 177 727 315 199 247 3887 2573 363 301 3282 125 127 7464 200 2210 7422 3816 166 81 2012 1922 417 113 304 3650 157 93 1672 1497 4961 605 1505 213 82 175 106 1292 1610 3606 1244 186 3576 558 3584 3019 1561 3018 180 291 110 758 142 131 412 369
internal_count=20113 16312 3801 3425 376 852 12425 177 727 315 199 247 3887 2573 363 301 3282 125 127 7464 200 2210 7422 3816 166 81 2012 1922 417 113 304 3650 157 93 1672 1497 4961 605 1505 213 82 175 106 1292 1610 3606 1244 186 3576 558 3584 3019 1561 3018 180 291 110 758 142 131 412 369
is_linear=0
shrinkage=0.03


Tree=45
num_leaves=63
num_cat=0
split_feature=14 14 27 15 1 11 20 20 33 30 13 8 24 13 26 1 34 27 27 22 12 16 34 0 1 32 14 20 12 12 19 30 8 1 20 8 30 32 6 20 33 15 8 32 23 13 18 22 0 13 12 19 20 11 8 12 13 13 13 15 32 12
split_gain=236.414 100.874 64.4151 40.6675 30.385 23.4426 24.624 22.9359 15.4695 14.3456 15.6259 13.4869 12.5471 11.485 10.3736 9.64211 7.42038 6.72725 6.35589 6.5134 6.14938 6.04679 6.58475 5.90289 4.90276 9.17588 4.84687 4.0615 5.48817 4.55904 5.07391 3.9246 6.35113 4.44885 5.82328 3.73119 5.7804 4.94599 4.31814 3.55279 4.00155 3.47255 3.47103 8.6628 7.2149 6.82028 3.40544 4.28679 3.89777 3.37967 3.21979 3.2057 3.19391 3.11961 4.09548 3.61151 2.96178 2.85288 2.84076 2.80877 2.72438 4.91673
threshold=3003.9392857142861 1763.7164285714289 787.85000000000048 2197.0835416666673 5.5000000000000009 599.8950000000001 2546.3523437500003 6913.9380729166669 4500.7050000000008 1.6062499999999995 1527.5737535644328 0.097680735332368748 0.55037518267569985 1815.6231406704812 35671.250000000007 5.5000000000000009 0.039062500000000007 7311.2000000000007 -2225.3499999999999 -3579.8449999999993 3505.040186011905 3816.5150000000008 0.33593750000000006 55.500000000000007 5.5000000000000009 3235.2362500000004 2074.3850000000007 5582.3527083333338 3090.0605208333341 3187.2551116071436 1753.3350000000003 8.8250000000000011 -0.031174269516803289 1.5000000000000002 3225.0865104166674 0.96849880583763492 0.6062499999999994 5198.4445833333348 0.25881904510252057 6913.9380729166669 5923.6350000000011 3198.0472395833335 -0.39233249306308043 4235.1539062500005 209.72785714285715 2651.6063810485211 1724.9050000000004 -910.31499999999971 35.500000000000007 1644.5538641803835 4421.3623214285717 1300.9650000000004 3736.0138020833342 3749.8400000000006 0.97832380634958016 4405.6745089285723 2102.2405820131612 1731.4353719422654 2527.0049522549307 4501.2699479166677 4050.4395312500005 3574.0404538690482
decision_type=2 2 2 2 2 2 2 2 2 2 2 2 2 2 2 2 2 2 2 2 2 2 2 2 2 2 2 2 2 2 2 2 2 2 2 2 2 2 2 2 2 2 2 2 2 2 2 2 2 2 2 2 2 2 2 2 2 2 2 2 2 2
left_child=1 3 18 5 12 -1 51 8 13 -6 -11 -8 -5 -3 23 17 31 35 19 20 -2 46 24 52 42 -26 -15 28 -18 30 -30 32 -14 -34 -35 36 38 41 -4 40 -17 -38 43 44 -23 -45 -10 -48 49 -49 -37 -7 -12 -20 56 -56 -55 -24 -21 -58 61 -44
right_child=2 7 15 4 9 6 11 -9 21 10 14 -13 16 26 -16 39 27 -19 53 58 -22 22 57 -25 25 -27 -28 -29 29 -31 -32 -33 33 34 -36 50 37 -39 -40 -41 -42 -43 60 45 -46 -47 47 48 -50 -51 -52 -53 -54 54 55 -57 59 -59 -60 -61 -62 -63
leaf_value=-0.034640429837363103 -0.015444547482100982 -0.020540385651883892 0.0052401239911248751 -0.018616469444778676 -0.00073915416840463876 -0.0099482590033737727 -0.031155071751071281 -0.023276481009300121 0.002612465117581007 -0.034550819706488795 -0.01072718327289055 -0.009413731596659777 -0.020833880939664175 -0.014283533892485984 -0.028881690104196708 0.0011841137928990419 -0.0030323194458619779 0.0094829302820673162 0.0017143779370120773 0.0013968184383899998 0.00059106704095999399 -0.0045048498620849043 0.0012814911642743383 -0.0020532875547055588 -0.0030603879339031856 -0.014910051527676051 -0.0029016762833052778 0.002062602448329497 -0.0051078917740544827 -0.0056399110435348251 -0.019328403781805292 -0.0039215679166539168 -0.00061392708236108649 -0.018354366249103773 -0.0043466797502612915 0.011596514977798655 0.0099778158498113768 0.012016027825081656 1.2858925505470186e-05 -0.0047314203186426314 0.0069913117390273038 0.0047690814681438289 -0.0009128287534436269 0.00094855029478518784 -0.019705101088061928 -0.012265378111042082 -0.0009449541153972624 -0.0025565535876210309 -0.016886443466798441 -0.012210159708598727 0.0039825251710967026 0.00077226591586578085 -0.020480494537439786 0.0044314407908457431 0.011830458313004673 0.0018956002209554702 0.00065846122536411956 -0.00069158813424428315 -0.00085543979211571898 0.0088769829793969475 -0.00020451859887511638 -0.0041601367015617488
leaf_weight=69 41 57 504 64 47 42 77 43 40 46 75 40 51 42 40 245 735 963 1219 3860 44 66 945 42 405 68 159 88 41 328 52 83 45 57 51 195 160 173 198 49 189 422 1301 215 49 41 80 78 45 56 69 60 56 722 98 50 432 2177 579 40 1355 619
leaf_count=69 41 57 504 64 47 42 77 43 40 46 75 40 51 42 40 245 735 963 1219 3860 44 66 945 42 405 68 159 88 41 328 52 83 45 57 51 195 160 173 198 49 189 422 1301 215 49 41 80 78 45 56 69 60 56 722 98 50 432 2177 579 40 1355 619
internal_value=7.92533e-06 -0.0032665 0.00321145 -0.00895907 -0.00736005 -0.0194517 -0.0145306 -0.00167634 -0.00155426 -0.016008 -0.0187653 -0.0238649 -0.00569195 -0.00876372 -0.0152107 0.00676757 -0.00513987 0.00746987 0.00162113 0.000944727 -0.00723341 -0.00130645 -0.00113335 -0.011902 -0.00192082 -0.0047918 -0.00533891 -0.00413067 -0.0046035 -0.00733286 -0.0131802 -0.0094847 -0.011718 -0.00856377 -0.0118402 0.00633859 0.00573619 0.00755891 0.00376788 0.00285758 0.00372331 0.00621569 -0.00154715 -0.00429392 -0.0110955 -0.00120723 -0.00548051 -0.00673563 -0.00930402 -0.00665146 0.00962903 -0.0036958 -0.0150201 0.00281516 0.00381303 0.00850934 0.00322427 -9.41365e-05 0.00110292 0.00137224 -0.00123477 -0.00196137
internal_weight=20282 10030 10252 2189 1901 288 219 7841 7798 306 259 117 1595 258 213 3167 1531 2684 7085 4524 85 7540 7241 173 4119 473 201 1244 1156 421 93 287 204 153 108 1721 1457 755 702 483 434 582 3646 371 115 256 299 259 179 134 264 102 131 2561 1342 148 1194 3122 4439 472 3275 1920
internal_count=20282 10030 10252 2189 1901 288 219 7841 7798 306 259 117 1595 258 213 3167 1531 2684 7085 4524 85 7540 7241 173 4119 473 201 1244 1156 421 93 287 204 153 108 1721 1457 755 702 483 434 582 3646 371 115 256 299 259 179 134 264 102 131 2561 1342 148 1194 3122 4439 472 3275 1920
is_linear=0
shrinkage=0.03


Tree=46
num_leaves=63
num_cat=0
split_feature=9 31 14 33 33 27 15 8 8 24 31 16 31 34 20 34 11 17 34 11 31 24 15 16 28 20 29 18 12 27 29 8 2 28 7 15 22 22 29 12 7 14 31 30 8 17 20 8 12 13 8 15 12 12 8 0 13 12 12 16 33 9
split_gain=230.691 94.009 72.6198 37.4214 17.6355 18.1752 17.2255 18.9175 14.9231 13.961 12.7982 12.5213 10.9905 10.3275 9.59941 8.51408 8.34008 9.20393 7.75353 7.364 5.93001 7.37459 5.59425 5.07155 4.75314 4.53009 4.51009 4.20904 4.73838 9.96786 3.95562 6.62367 6.09044 5.26148 4.61879 3.79317 3.72467 3.70611 3.6798 3.51178 4.8012 5.45833 4.44251 3.48465 4.77708 3.79471 11.3327 3.91312 3.72704 3.40357 4.04207 3.23995 2.9333 3.00637 3.92729 4.94969 2.87415 2.82875 2.79886 2.79666 4.16087 3.04251
threshold=2713.7150000000006 4532.3450000000012 1486.1142857142861 5474.9750000000013 4466.2650000000003 -15377.35 2122.5288020833336 -0.46989712924132493 0.31595530242620651 0.49541412977816429 2360.4250000000006 4035.2800000000002 6001.0850000000009 0.091145833333333356 6481.8408333333346 0.18489583333333334 399.95500000000004 499.14000000000004 0.60156250000000011 499.45500000000004 499.23500000000007 0.93022427966556365 1580.1790625000001 3362.7800000000002 6298.0283333333346 6538.5306250000003 26.431250000000002 1965.0400000000002 2523.8042485119054 -21407.499999999996 28.156250000000004 0.30778899014954286 3.5000000000000004 5357.6250000000009 -0.98046803196378884 1675.6098437500002 -2000.6899999999994 -2899.6249999999991 26.993750000000002 3097.2922247023816 -0.99763297024448894 1911.9142857142858 399.89500000000004 8.1500000000000039 -0.031174269516803289 399.36000000000007 4297.4610937500011 -0.60038941812636415 3715.3809151785722 2299.6100100448516 0.96849880583763492 3281.1235937500001 2798.2370014880958 3460.9036755952388 0.080547328232315238 49.500000000000007 2374.0618396116483 3886.7346800595246 3654.0433854166672 9873.0000000000018 4535.4800000000005 3209.5200000000009
decision_type=2 2 2 2 2 2 2 2 2 2 2 2 2 2 2 2 2 2 2 2 2 2 2 2 2 2 2 2 2 2 2 2 2 2 2 2 2 2 2 2 2 2 2 2 2 2 2 2 2 2 2 2 2 2 2 2 2 2 2 2 2 2
left_child=2 18 3 11 5 8 7 -5 -4 -8 14 -1 49 -9 16 19 17 -6 25 -13 21 -11 -18 -12 30 59 -15 28 29 -22 31 32 51 -34 -32 -25 -33 -37 -7 -24 41 -41 -42 44 45 46 47 -44 -49 50 -3 -14 -30 54 55 -54 58 -47 -45 -2 -61 -62
right_child=1 12 4 6 10 38 9 13 -10 20 23 15 24 26 -16 -17 22 -19 -20 -21 27 -23 39 35 -26 -27 -28 -29 52 -31 34 36 33 -35 -36 37 -38 -39 -40 40 42 -43 43 56 -46 57 -48 48 -50 -51 -52 -53 53 -55 -56 -57 -58 -59 -60 60 61 -63
leaf_value=-0.034944964099961978 -0.0013649401240023366 0.0045517103114301287 -0.032646884588485067 -0.031065855849730342 -0.0224903287245827 -0.0020971530532031984 -0.022281249908122178 -0.022225197578081862 -0.0089665638108272095 -0.022575818088087368 -0.008579086465016008 -0.028790776919286984 0.0056076128699351097 -0.011108422212575266 -0.017408256687534353 -0.0072008522920420058 -0.013940782505629022 -0.0031054549971397251 0.0017727869038154077 -0.012198956333923825 -0.018436026456262411 -0.0055572062771428715 -0.0015784749812294086 0.0063264046751839269 0.00049566541031441271 -0.0086820337332109265 0.0026727319881320001 0.0012461413731216452 -0.0013462364961460774 -0.0035234649809054034 0.0022642203193697099 0.0041074329935509015 0.0077948942011357557 -0.00022819222674328593 0.010092071663048974 -0.0082213882021605952 0.0091518780125762443 -0.0006802775627307335 -0.011105612387549819 -0.0184278458197202 -0.012993788118744918 -0.0029540971267436231 0.0008870916865192927 -0.000643962446891237 -0.0028917015370372523 -0.001241102888611042 -0.019365022969132822 -0.013379132769478018 -0.001760617873303338 0.0018025787850694996 0.01136123934596896 -0.0038020745313011241 -0.0029450725276131246 -0.00086358868868234725 -0.0038930207687423233 -0.013967184943367579 0.00085872037282839803 -0.010258300963224184 -0.0069757517888210715 -0.0071587894372351002 -0.0002112698528333946 0.0015116525467076581
leaf_weight=51 988 972 46 56 42 146 48 41 51 40 74 64 47 40 44 50 42 46 3773 42 73 54 1007 67 84 53 44 86 185 90 75 159 350 93 783 59 842 2637 56 41 42 41 64 139 994 134 69 59 43 383 85 104 55 86 169 113 289 40 114 63 2071 1662
leaf_count=51 988 972 46 56 42 146 48 41 51 40 74 64 47 40 44 50 42 46 3773 42 73 54 1007 67 84 53 44 86 185 90 75 159 350 93 783 59 842 2637 56 41 42 41 64 139 994 134 69 59 43 383 85 104 55 86 169 113 289 40 114 63 2071 1662
internal_value=6.55676e-06 0.00251596 -0.00405678 -0.0102765 -0.0027045 -0.00980655 -0.00819935 -0.0166999 -0.0204149 -0.00664405 -0.00235408 -0.0220209 0.00633011 -0.0100685 -0.00363906 -0.0176 -0.00344471 -0.0125061 0.000753653 -0.0223921 -0.00583222 -0.0129606 -0.00318505 -0.000881287 0.00751896 -4.15029e-05 -0.0039432 -0.00503615 -0.0057376 -0.0102738 0.00775917 0.00686512 0.00434371 0.00611387 0.00941125 -0.000672091 0.00835551 -0.000848296 -0.00463695 -0.0030337 -0.00374087 -0.0108198 -0.00344344 -0.00323064 -0.00401958 -0.00674694 -0.00922926 -0.00492547 -0.00854578 0.00423183 0.00510953 -0.000855608 -0.00450662 -0.00588238 -0.00715679 -0.0103975 -0.00118478 -0.0033608 -0.00351325 5.60165e-05 0.000426117 0.000556006
internal_weight=20360 12587 7773 1387 6386 299 1180 181 97 999 6087 207 3977 125 3250 156 3206 88 8610 106 951 94 3118 2837 2537 4837 84 857 771 163 2453 1595 594 443 858 2763 1001 2696 202 3076 2069 82 1987 1945 1403 409 235 166 102 1440 1057 151 608 423 337 168 542 174 253 4784 3796 3733
internal_count=20360 12587 7773 1387 6386 299 1180 181 97 999 6087 207 3977 125 3250 156 3206 88 8610 106 951 94 3118 2837 2537 4837 84 857 771 163 2453 1595 594 443 858 2763 1001 2696 202 3076 2069 82 1987 1945 1403 409 235 166 102 1440 1057 151 608 423 337 168 542 174 253 4784 3796 3733
is_linear=0
shrinkage=0.03


Tree=47
num_leaves=63
num_cat=0
split_feature=14 9 33 13 14 32 9 24 14 15 20 6 1 20 29 33 34 33 5 20 16 30 7 15 1 34 33 7 13 29 7 7 9 11 26 7 30 13 2 10 15 12 7 12 15 20 8 34 8 11 16 12 12 27 19 33 19 8 28 12 14 1
split_gain=212.764 103.787 42.9735 42.1361 39.2964 18.1751 15.0583 14.59 14.4209 14.2714 21.2768 10.286 12.7689 30.175 9.99961 9.6741 8.31567 7.72099 7.05034 6.15622 5.95464 5.72877 5.72442 5.51195 6.90875 7.06605 5.09615 4.9343 4.83941 4.6528 4.28883 6.00303 4.21695 4.01851 3.81387 3.97014 4.91932 3.78055 4.21523 4.68421 3.77531 3.70344 3.56639 4.88119 7.09941 3.7107 3.29365 3.23369 3.23369 3.20302 3.07188 3.04395 4.56874 3.53949 2.97971 2.96691 3.13875 2.9245 4.24077 5.0864 2.81291 2.90555
threshold=2156.4585714285718 3839.7050000000004 4466.2650000000003 1876.0746139002924 1111.9421428571429 2548.2455729166672 5129.8350000000009 0.55037518267569985 2974.8471428571434 1839.3738541666669 2546.3523437500003 -0.84874750804349197 5.5000000000000009 4463.9920312500008 28.956250000000008 5474.9750000000013 0.091145833333333356 5012.3750000000009 -0.19509032201612828 6538.5306250000003 3745.2700000000004 7.0062499999999988 0.97696484778429815 2122.5288020833336 4.5000000000000009 0.12239583333333336 4784.0700000000006 -0.99763297024448894 1804.0505770258894 20.031250000000004 0.96904697354198299 0.9893236546938301 1403.6050000000002 2556.6400000000008 3504.4500000000003 -0.98046803196378884 4.0500000000000034 1833.4369572747426 9.5000000000000018 3999.9450000000002 3862.0491145833339 4421.3623214285717 0.37744852145085445 3637.4897023809531 3281.1235937500001 4779.0956250000008 0.95936279103287792 0.57552083333333337 0.29958852271690523 3749.8400000000006 9873.0000000000018 3105.8277083333337 2519.5437797619052 -23700.149999999994 1700.7900000000002 9349.7650000000012 6787.0400000000009 0.93769647993491489 4047.5016666666675 3465.8345238095244 4164.0357142857147 1.5000000000000002
decision_type=2 2 2 2 2 2 2 2 2 2 2 2 2 2 2 2 2 2 2 2 2 2 2 2 2 2 2 2 2 2 2 2 2 2 2 2 2 2 2 2 2 2 2 2 2 2 2 2 2 2 2 2 2 2 2 2 2 2 2 2 2 2
left_child=2 8 3 -1 5 16 41 -7 19 10 -6 12 17 48 -5 -8 -4 -11 22 20 -2 30 29 -9 32 -26 33 -20 47 -19 -13 -32 51 54 -17 -36 57 38 60 -40 42 46 45 -44 -45 -30 -3 -28 -14 -48 -31 52 53 -25 -22 -39 -57 58 -37 -60 -10 -62
right_child=1 6 4 14 9 7 15 23 37 11 -12 21 13 -15 -16 34 -18 18 27 -21 26 -23 -24 24 25 -27 28 -29 40 50 31 -33 -34 -35 35 36 -38 55 39 -41 -42 -43 43 44 -46 -47 49 -49 -50 -51 -52 -53 -54 -55 -56 56 -58 -59 59 -61 61 -63
leaf_value=-0.040961521195788539 -0.0056236402812112514 0.0033483889731582427 -0.03455716097388755 0.00073482654223750734 -0.0019668059912207837 -0.023551100525838222 0.00029394793911229435 -0.018861048950185609 0.002724912871793282 -0.016123473951022843 -0.024443213473515291 -0.0020465249725675591 -0.011620380112065256 -0.03548221822918915 -0.019424637316658003 0.0098550252663801487 -0.015237857005017442 -0.014991691197653341 -0.011954093755549811 -0.012360558008645163 -0.0020974825322628019 0.0020970400731179818 -0.017782009053981022 -0.016634216546081007 -0.019606008228147401 -0.0038897572085261345 0.00015990494754418552 -0.00196999526486198 -0.0011362165719552555 -0.0099181919263083909 -0.015071195956833405 -0.0030072134143655309 -0.00075267156971493311 -0.0018187555435167954 -0.0006043954579217825 0.0063730759859324387 0.009776038516427955 -0.00090639227354509988 0.0010776803765099466 -0.0075225326716183462 0.00016649281679252415 -0.00080688462909685242 -0.0016319081904850815 -0.0020031189617629236 -0.014794398844242095 -0.010254252555154735 0.0028734933926396729 0.003538722373502837 -0.0028939295003309528 0.0093456446808704643 -0.0033350502381099623 -0.014614505745232738 -0.00070952601084071725 -0.0042439666848388567 -0.012207718241158164 0.00074437291103837482 0.0043886693980147475 0.008372245047905973 0.0058060590394105258 -0.0030093478225806558 0.011029796741867461 0.0019076851759261143
leaf_weight=61 236 1792 43 48 76 66 186 42 1047 48 75 951 65 40 40 463 42 45 46 42 40 263 40 43 71 41 1121 877 2034 82 57 105 118 195 63 718 448 942 462 64 1350 167 225 77 79 40 115 329 93 175 285 46 80 41 78 2841 229 376 126 109 78 53
leaf_count=61 236 1792 43 48 76 66 186 42 1047 48 75 951 65 40 40 463 42 45 46 42 40 263 40 43 71 41 1121 877 2034 82 57 105 118 195 63 718 448 942 462 64 1350 167 225 77 79 40 115 329 93 175 285 46 80 41 78 2841 229 376 126 109 78 53
internal_value=1.91839e-05 0.00152994 -0.00624561 -0.0220001 -0.00561911 -0.012435 0.00526897 -0.0103971 -2.59833e-06 -0.00424506 -0.0132179 -0.00378872 -0.00540753 -0.0125314 -0.00854386 0.00687686 -0.0252993 -0.00440819 -0.0039878 -0.00105016 -0.0009662 -0.00187913 -0.00705456 -0.00855093 -0.00752625 -0.0139381 -0.00076782 -0.00247998 -0.000545873 -0.00597252 -0.00281974 -0.00731837 -0.00530114 -0.00448052 0.00740816 0.00678744 0.0070497 0.00106879 0.00225225 1.8978e-05 -0.0011078 0.00348723 -0.00180832 -0.00447279 -0.00853373 -0.00131693 0.00383189 0.000928457 -0.00653443 0.0067978 -0.0048289 -0.00784126 -0.00586439 -0.0107077 -0.00882695 0.000565705 0.00101755 0.006124 0.00522912 0.00172178 0.00324858 0.00738158
internal_weight=20230 16300 3930 149 3781 633 4738 548 11562 3148 151 2997 1621 198 88 2489 85 1423 1375 5846 5804 1376 452 482 440 112 5568 923 5255 412 1113 162 328 313 2303 1840 1777 5716 1704 526 3805 2249 2455 381 156 2074 2082 1450 158 290 367 210 164 84 118 4012 3070 1329 953 235 1178 131
internal_count=20230 16300 3930 149 3781 633 4738 548 11562 3148 151 2997 1621 198 88 2489 85 1423 1375 5846 5804 1376 452 482 440 112 5568 923 5255 412 1113 162 328 313 2303 1840 1777 5716 1704 526 3805 2249 2455 381 156 2074 2082 1450 158 290 367 210 164 84 118 4012 3070 1329 953 235 1178 131
is_linear=0
shrinkage=0.03


Tree=48
num_leaves=63
num_cat=0
split_feature=31 31 26 11 31 32 12 1 26 34 31 13 20 0 32 29 12 17 22 17 28 17 21 25 31 20 6 32 18 17 7 13 29 23 29 6 29 28 17 6 19 2 15 32 29 20 17 23 10 18 18 7 0 13 13 10 15 18 23 7 20 13
split_gain=205.606 81.1744 67.2357 25.7363 20.5589 15.8667 14.5728 27.8098 16.2977 13.654 12.8222 9.74621 11.4303 15.1281 15.1591 8.86265 7.6852 7.27033 8.55881 6.46693 6.31559 5.73444 6.305 9.60407 5.69953 6.99124 5.15817 7.19151 5.12786 5.12205 5.07854 5.32129 6.34585 4.77605 4.61305 7.73842 6.00127 6.26157 4.8944 4.59005 4.56426 4.53168 4.60596 4.48333 4.37867 8.82517 10.7221 4.26823 4.21088 3.99074 5.59613 3.89697 3.85175 3.81649 13.3 3.58165 3.17302 3.16872 3.09167 3.04347 3.95287 3.0033
threshold=2691.2750000000001 5999.8400000000011 32060.450000000001 299.21500000000009 2000.5150000000001 2618.3751041666669 2612.3685119047623 5.5000000000000009 26320.500000000004 0.14322916666666671 4063.0700000000006 1678.9824797221636 5534.1035416666673 51.500000000000007 3115.6510416666674 30.581250000000004 2594.4739732142862 54.335000000000001 -0.61500000000023636 19.710000000000004 6298.0283333333346 399.36000000000007 4339.8900000000003 6719.8500000000013 199.96500000000003 3697.9316145833336 -0.93540483100319605 2382.424010416667 5150.4600000000009 49.745000000000012 -0.98930078251469888 2612.8569198096543 32.23125000000001 -1070.97 27.906250000000004 0.13052619222005152 24.606250000000006 5490.1250000000009 274.08000000000004 -0.032701564615071448 2919.8300000000004 8.5000000000000018 2342.446979166667 3395.2583854166674 31.156250000000004 4162.3937500000002 399.42000000000007 727.98571428571438 1335.1900000000003 1000.7850000000001 1929.0500000000002 0.23014236637527921 34.500000000000007 2692.1841111005619 2855.2381298880427 4585.0950000000003 2579.6056770833338 700.0100000000001 -2798.861428571428 -0.63921128368950708 2382.424010416667 2485.2354778152489
decision_type=2 2 2 2 2 2 2 2 2 2 2 2 2 2 2 2 2 2 2 2 2 2 2 2 2 2 2 2 2 2 2 2 2 2 2 2 2 2 2 2 2 2 2 2 2 2 2 2 2 2 2 2 2 2 2 2 2 2 2 2 2 2
left_child=2 10 4 17 6 9 7 16 -9 -5 21 57 13 29 48 -16 19 -4 -19 -1 34 22 23 -2 25 -8 27 -26 40 -13 -29 -32 -33 -6 35 -3 38 -38 -37 52 61 44 49 -31 45 -28 -47 53 -15 -43 -51 -40 -12 -35 -55 59 -57 -7 -36 60 -41 -24
right_child=1 20 3 5 33 11 24 8 -10 -11 39 12 -14 14 15 -17 -18 18 -20 -21 -22 -23 28 -25 26 -27 41 30 -30 43 31 32 -34 47 58 36 37 -39 51 55 -42 42 -44 -45 -46 46 -48 -49 -50 50 -52 -53 -54 54 -56 56 -58 -59 -60 -61 -62 -63
leaf_value=-0.013952276423806325 -0.016492646866919178 0.0084115944453983724 -0.032368253039869857 -0.030070220261945255 -0.011481429464848977 -0.0070051162585465085 -0.0038298055631571515 -0.011624699932772939 -0.038798304455620901 -0.0070654325240424691 0.0031889672742367731 -0.014899422113958279 -0.00043036076965692795 -0.0021254150699390921 -0.036441463392227882 -0.017565051921696034 -0.017444497654068979 -0.02486431657185997 -0.0082744349419526242 -0.0017619063677233901 -0.00093301888072566165 0.0010114281687841136 -0.0018432959189713552 -0.00019962693095908727 -0.015249225889717872 -0.019017589754443995 -0.0033855752603882449 -0.013212225031798128 -0.010788471722439031 0.0010760936997498253 -0.0025824264312883194 -0.016327897562474509 -0.0036167864291654786 -0.0013811099435532426 0.0010556507496119931 -0.0044183786970524641 0.0084332319343631192 -0.0015608776992132119 0.007533456565135912 0.0083581785076401304 0.00073497302673023596 0.0016567211909304289 -0.00010890756127575423 -0.0092609961628508947 -0.0007491646179817571 -0.021030846430933964 -0.0035759622714812717 0.0026409964755093195 -0.015539604817452125 -0.016965028462202651 -0.0027824225652913906 0.0007034511865408313 0.0072233525306098986 -0.019682324805607398 0.001094168682011763 -0.0079693878142695351 0.00063106019642066686 0.00070452387747390655 0.0094147436445898274 0.0040925972311743452 -0.00037842702737441309 -0.0095981921732425698
leaf_weight=47 56 825 46 55 41 73 63 40 41 41 597 47 94 42 44 52 44 67 50 215 86 5284 455 76 62 48 316 57 41 83 546 61 84 3650 42 91 347 67 125 53 1330 43 715 68 201 66 61 231 42 45 56 187 333 44 72 41 477 136 875 732 340 49
leaf_count=47 56 825 46 55 41 73 63 40 41 41 597 47 94 42 44 52 44 67 50 215 86 5284 455 76 62 48 316 57 41 83 546 61 84 3650 42 91 347 67 125 53 1330 43 715 68 201 66 61 231 42 45 56 187 333 44 72 41 477 136 875 732 340 49
internal_value=4.91739e-06 0.00238741 -0.00382113 -0.0113408 -0.00278758 -0.00904579 -0.00475717 -0.0101583 -0.0256847 -0.0204194 0.00113566 -0.00741487 -0.00979933 -0.0121219 -0.0184001 -0.0265032 -0.00597812 -0.022159 -0.0179048 -0.00399346 0.00705333 0.000492955 -0.000871898 -0.00718385 -0.00389102 -0.0105087 -0.00356904 -0.00549859 -0.000423944 -0.0063507 -0.0046711 -0.00394847 -0.00903943 -0.00141564 0.00732199 0.00636128 0.00428313 0.00681596 0.00167073 0.00295599 -0.000186487 -0.0025262 -0.00109776 -0.00360932 -0.00442688 -0.0060901 -0.0127404 -0.00130954 -0.00893642 -0.00597306 -0.00920578 0.00345516 0.00463974 -0.0015525 -0.00688744 0.00200067 -6.37139e-05 -0.00200885 0.00903345 0.00295042 0.000818015 -0.00261476
internal_weight=20298 12509 7789 940 6849 777 2811 387 81 96 9864 681 472 378 180 96 306 163 117 262 2645 7291 2007 132 2424 111 2313 810 1875 198 748 691 145 4038 2559 1642 817 414 403 2573 1834 1503 859 151 644 443 127 3997 84 144 101 312 930 3766 116 1643 518 209 917 1125 393 504
internal_count=20298 12509 7789 940 6849 777 2811 387 81 96 9864 681 472 378 180 96 306 163 117 262 2645 7291 2007 132 2424 111 2313 810 1875 198 748 691 145 4038 2559 1642 817 414 403 2573 1834 1503 859 151 644 443 127 3997 84 144 101 312 930 3766 116 1643 518 209 917 1125 393 504
is_linear=0
shrinkage=0.03


Tree=49
num_leaves=63
num_cat=0
split_feature=14 31 16 14 5 33 1 7 32 31 10 26 27 31 13 12 20 13 1 28 32 20 5 12 9 8 28 6 28 8 28 15 1 7 7 12 24 16 5 7 10 24 20 15 6 2 16 9 15 2 7 7 9 6 2 1 1 28 8 8 20 20
split_gain=204.272 105.97 48.8956 31.2849 26.7871 22.8975 20.0621 16.9034 16.5422 16.2092 14.8532 11.8901 11.6856 11.3818 9.94642 10.083 9.16531 7.55136 18.3396 18.6171 9.09949 10.7303 8.00392 11.2228 5.27835 5.19405 7.04183 9.01845 4.8574 4.8493 6.76348 4.82173 4.32263 5.55589 4.1726 5.17564 3.99938 3.69562 3.6077 3.51809 3.68364 3.42694 3.42374 3.28565 3.51732 4.98873 3.2493 3.13566 2.90733 2.89521 4.82846 3.83166 2.82462 2.66773 2.6612 2.80735 2.61103 3.13266 2.57946 2.56466 3.47241 2.56286
threshold=2156.4585714285718 4569.7050000000008 4035.2800000000002 1301.592142857143 -0.13052619222005171 5380.9350000000004 5.5000000000000009 -0.99630266176052629 2726.5368750000002 3000.0250000000005 1819.7650000000001 27051.250000000004 -24833.649999999998 9999.9950000000008 2187.3191394212449 2523.8042485119054 3014.0405208333336 2164.1526792547152 5.5000000000000009 5104.2650000000012 3517.7698437500007 3007.1436458333337 0.72947329433276253 3721.7709374999999 2133.5700000000006 -0.39233249306308043 5439.1933333333336 -0.93540483100319605 6402.1216666666687 -0.46989712924132493 6149.3316666666669 3378.1149479166675 5.5000000000000009 -0.3006092291086655 -0.25101255527900046 4421.3623214285717 0.96263853664607535 3362.7800000000002 -0.77259657388510594 0.99466373373798567 4731.5900000000011 0.85398898283152225 6538.5306250000003 2590.5338541666674 0.956427977892087 9.5000000000000018 9999.8700000000008 3610.5250000000001 3198.0472395833335 3.5000000000000004 0.9550229469509578 -0.60554068365937697 4260.6050000000005 -0.84874750804349197 3.5000000000000004 1.0000000180025095e-35 4.5000000000000009 5936.2750000000005 0.029024409397335523 -0.21862536810265826 3480.0002604166671 4197.9447395833349
decision_type=2 2 2 2 2 2 2 2 2 2 2 2 2 2 2 2 2 2 2 2 2 2 2 2 2 2 2 2 2 2 2 2 2 2 2 2 2 2 2 2 2 2 2 2 2 2 2 2 2 2 2 2 2 2 2 2 2 2 2 2 2 2
left_child=2 9 4 6 8 -6 12 10 -1 24 -5 -8 14 34 15 -4 -17 53 20 -20 21 -19 -22 -24 32 26 27 -14 49 30 46 -18 -2 -34 47 39 -13 -26 -32 54 -41 -10 43 44 -31 -46 -11 48 -3 50 -15 52 -51 -9 61 -56 -54 -58 -7 -27 -61 -36
right_child=1 13 3 7 5 58 11 17 41 29 -12 36 25 28 -16 16 31 18 19 -21 22 -23 23 -25 37 59 -28 -29 -30 42 38 -33 33 -35 35 -37 -38 -39 -40 40 -42 -43 -44 -45 45 -47 -48 -49 -50 51 -52 -53 56 -55 55 -57 57 -59 -60 60 -62 -63
leaf_value=-0.015122932942584155 -0.0022140750412476835 0.00087985569389554879 -0.020620515890663764 -0.0015587986590253422 -0.023408830759644107 -0.0083373547606886578 -0.0074622901211577383 -0.0030038927737441041 -0.027871413217591387 -0.0025970269244150177 -0.023397494509184203 -0.034174624641494053 -0.024949832415576419 0.0070253495686981625 -0.025331596247091585 0.0025479865478566632 -0.018399421882213038 -0.00063710508223656294 -0.032018108131163646 -0.0070641586159355934 -0.00075153701210309222 -0.018046049327037364 -0.021144287087055007 0.00079266441929176808 -0.0093378023950513016 0.0018628901632881734 -0.0026075660380316728 -0.0059605869803839593 -0.0016089128776961429 0.00055659929515176107 -0.015447144781171186 -0.0047030775723978877 -0.0034449710813577753 -0.017209027067448649 0.0041559982046679373 -0.00014878555071948729 -0.020463450082506125 -0.00050352962885650014 -0.0027014266375293269 0.0054777639556760115 -0.0025281527492528161 -0.042308699125196879 -0.0053588131374249668 0.001859303176123923 -3.3183016850111574e-05 -0.013246173452772741 0.0014064604534466591 0.0032742393503887583 -0.0080267754969764078 0.0027926733423894062 0.00012142351949992387 0.0095446899581076682 0.0086287236357353216 -0.00063649746036440369 0.0018478097064897072 0.010368050583424644 0.0077228402231227268 -0.0031754670850932597 -5.5610927734143879e-05 -0.0024319848218848079 -0.012123731540050357 0.0079494922689496653
leaf_weight=69 1055 116 60 47 73 51 43 851 41 289 69 40 42 455 48 64 50 55 42 74 556 75 43 40 42 81 78 49 54 605 40 44 76 40 484 158 51 4845 40 121 89 40 64 4673 64 42 491 418 45 150 114 826 386 863 42 217 54 41 97 164 41 243
leaf_count=69 1055 116 60 47 73 51 43 851 41 289 69 40 42 455 48 64 50 55 42 74 556 75 43 40 42 81 78 49 54 605 40 44 76 40 484 158 51 4845 40 121 89 40 64 4673 64 42 491 418 45 150 114 826 386 863 42 217 54 41 97 164 41 243
internal_value=-7.59984e-06 0.00146792 -0.00613874 -0.00505847 -0.0164922 -0.00978039 -0.0100604 -0.00348016 -0.0262507 9.31382e-05 -0.014638 -0.0206933 -0.00805828 0.0057032 -0.0130468 -0.0102385 -0.00619113 -0.00297672 -0.00522599 -0.0162956 -0.00353719 -0.0107418 -0.00205696 -0.0106887 -0.00101511 -0.00511971 -0.00927571 -0.0149008 0.00724406 0.00115745 -0.000935251 -0.0121054 -0.00282329 -0.00829772 0.00404226 0.0049536 -0.0267963 -0.000581348 -0.00918631 0.00562722 0.00208888 -0.03543 0.00148791 0.00157028 -0.000329274 -0.00534339 -7.83089e-05 0.00190624 -0.00164376 0.0074807 0.00564478 0.00819332 0.00641202 -0.00181297 0.00637794 0.00899881 0.00753258 0.00303528 -0.00294626 -0.00264013 -0.00441978 0.00543315
internal_weight=20320 16379 3941 3570 371 221 855 2715 150 12366 116 134 721 4013 266 218 158 2599 885 116 769 130 639 83 6058 455 169 91 2080 6308 860 94 1171 116 1933 1354 91 4887 80 1196 210 81 5448 5384 711 106 780 579 161 2026 569 1457 631 1714 986 259 481 95 148 286 205 727
internal_count=20320 16379 3941 3570 371 221 855 2715 150 12366 116 134 721 4013 266 218 158 2599 885 116 769 130 639 83 6058 455 169 91 2080 6308 860 94 1171 116 1933 1354 91 4887 80 1196 210 81 5448 5384 711 106 780 579 161 2026 569 1457 631 1714 986 259 481 95 148 286 205 727
is_linear=0
shrinkage=0.03


Tree=50
num_leaves=63
num_cat=0
split_feature=9 31 26 7 19 1 16 32 7 1 33 12 11 25 20 11 31 12 1 22 11 9 23 7 7 9 18 13 13 32 20 29 31 13 17 13 32 7 1 12 17 17 17 23 16 0 31 0 17 9 28 1 17 27 16 17 0 0 23 20 6 29
split_gain=189.761 71.1764 60.0984 22.0077 19.8976 19.6026 17.7987 26.9419 16.5081 14.9417 18.1352 14.9871 12.8273 10.461 9.96259 7.73836 6.41565 9.24795 6.48842 6.37871 5.77684 5.14151 5.0027 5.42253 12 4.65146 4.56159 4.12543 5.17289 3.93696 4.30493 3.72407 3.72058 5.57807 3.69366 3.68721 4.59765 3.59731 3.45439 3.43903 3.26734 8.77181 3.0045 2.7686 6.0382 2.6163 2.55615 2.5247 2.52091 2.58442 2.5183 2.47276 2.45584 2.59868 2.37941 2.34003 2.29074 2.25767 2.2494 2.233 2.21078 3.62198
threshold=2710.0050000000006 4954.9700000000012 32652.750000000004 -0.77245553105869302 2089.2450000000003 5.5000000000000009 3816.5150000000008 2382.424010416667 -0.89015004145349408 5.5000000000000009 9999.6750000000011 2612.3685119047623 499.85500000000008 7327.6000000000013 3002.9783333333339 3100.8300000000004 983.40500000000009 3337.8753050595246 4.5000000000000009 -1.0000000180025095e-35 1664.7450000000001 1599.845 -64.343571428571423 -0.84772008488809492 -0.82897401153126982 3750.6400000000008 4769.6900000000014 3057.8382860253264 2656.5918640042214 4056.5853645833336 3446.6698958333341 28.306250000000002 2420.4650000000006 1788.0095484857131 1996.9900000000002 2253.6839008812026 2546.3523437500003 0.99552231814189451 3.5000000000000004 2773.3552678571436 49.665000000000013 17.115000000000006 109.65500000000002 -1745.5507142857139 3362.7800000000002 31.500000000000004 1512.3950000000002 56.500000000000007 424.66500000000002 1938.7450000000001 5412.1933333333336 4.5000000000000009 1414.3200000000004 -15377.35 6005.4300000000012 1439.5150000000001 93.500000000000014 20.500000000000004 -482.53499999999991 2914.064895833334 -0.29012925520284105 28.381250000000005
decision_type=2 2 2 2 2 2 2 2 2 2 2 2 2 2 2 2 2 2 2 2 2 2 2 2 2 2 2 2 2 2 2 2 2 2 2 2 2 2 2 2 2 2 2 2 2 2 2 2 2 2 2 2 2 2 2 2 2 2 2 2 2 2
left_child=2 15 4 8 6 16 7 -1 14 22 11 -11 -10 -9 20 35 17 -5 -18 27 31 -13 23 -8 -25 -17 32 28 29 30 50 -4 33 -6 47 59 -37 -21 -22 -14 41 -35 -42 -34 -45 -32 -44 -24 49 -48 54 57 -50 -54 -3 60 -46 -31 -26 -2 61 -38
right_child=1 19 3 5 26 -7 9 13 12 10 -12 21 39 -15 -16 25 18 -19 -20 37 38 -23 34 24 58 -27 -28 -29 -30 51 45 -33 43 40 -36 36 55 -39 -40 -41 42 -43 46 44 56 -47 48 -49 52 -51 -52 -53 53 -55 -56 -57 -58 -59 -60 -61 -62 -63
leaf_value=-0.031184089139692089 -0.0012677180781299083 0.0089370091047649286 -0.019817184635748466 -0.019954390200701628 2.6831369948713276e-05 -0.022904699061487226 -8.6794061120599504e-05 0.0045892174746841189 -0.036895914703326399 -0.020752072177827357 -0.024966072046050898 -0.014126717756840993 -0.011377751456107943 -0.01504457226878685 -0.02376245230436325 0.00097713769482979732 -0.0015293669101955818 -0.0014661879887183506 -0.013857606116851622 0.0073779985474762859 -0.0083034320218746179 -0.0031504590099658103 -0.002477028460177823 -0.022295550027523529 3.9906746072863991e-05 0.0028633434582240602 -0.0087309918212346155 0.013038278080294934 -0.0005104489512966886 0.0030254650797525589 0.005221339559546955 -0.0070514180404799322 0.0049829226301668517 0.00071410511140985523 -0.0084501508848241914 -0.011520613620012271 -0.01324891523666125 0.00039355926109211785 0.0036265271779422352 -0.023968126446735565 -0.00030353306401949162 -0.016285981832654214 -0.01039828458115599 -0.011681545074718693 -0.00035300374449697336 -0.0015897135013437946 -0.013439326291838876 0.00088935088416572979 -0.00012168544906723713 -0.0042706321060751477 -0.001625396800568191 0.0010366074738106621 -0.010461413628312157 -0.0032167242931442201 0.0034212403160312939 -0.00038900996251644594 -0.0047965889847837381 0.0080866756837062181 -0.0066750618481171125 0.00081279990616093232 -0.0014465812329474761 -0.0020851747627507466
leaf_weight=56 577 152 44 54 555 62 114 49 52 59 56 43 44 47 48 3500 306 44 43 1819 46 312 1156 43 54 1773 77 48 185 98 68 41 76 50 81 40 46 69 40 40 260 59 52 44 2061 191 42 242 209 82 40 66 50 373 134 734 109 455 265 2360 163 60
leaf_count=56 577 152 44 54 555 62 114 49 52 59 56 43 44 47 48 3500 306 44 43 1819 46 312 1156 43 54 1773 77 48 185 98 68 41 76 50 81 40 46 69 40 40 260 59 52 44 2061 191 42 242 209 82 40 66 50 373 134 734 109 455 265 2360 163 60
internal_value=-4.45875e-05 0.00221122 -0.00380746 -0.0112483 -0.00284294 -0.00722689 -0.00490811 -0.0148377 -0.0169776 -0.00427986 -0.00907826 -0.0068742 -0.0251838 -0.00507916 -0.0117903 0.00085816 -0.00500607 -0.0117522 -0.00308357 0.00597522 -0.00831108 -0.00451592 -0.00312223 -0.0057953 -0.00758781 0.00161178 -0.0015437 0.00446319 0.00415769 0.0048748 0.00310177 -0.0138132 -0.00140396 -0.00245277 -0.0022586 -0.000140448 -0.00167184 0.00712308 -0.00277671 -0.0175846 -0.00362102 -0.00855218 -0.00311022 -0.000609997 -0.000804148 0.000211721 -0.00401187 -0.00189407 -0.00355944 -0.00745883 0.00539018 0.00654274 -0.00278379 -0.00409572 0.00637362 -0.00126798 -0.000578313 0.00719683 -0.00554179 0.000403771 -0.00365605 -0.00700836
internal_weight=20118 12578 7540 864 6676 509 2577 152 355 2425 470 414 136 96 219 9253 447 98 349 3325 171 355 1955 476 362 5273 4099 1437 1389 1204 585 85 4022 1732 1479 3980 1043 1888 86 84 1177 109 1068 2290 2214 259 808 1398 756 124 326 619 632 423 286 1003 2170 553 319 2937 269 106
internal_count=20118 12578 7540 864 6676 509 2577 152 355 2425 470 414 136 96 219 9253 447 98 349 3325 171 355 1955 476 362 5273 4099 1437 1389 1204 585 85 4022 1732 1479 3980 1043 1888 86 84 1177 109 1068 2290 2214 259 808 1398 756 124 326 619 632 423 286 1003 2170 553 319 2937 269 106
is_linear=0
shrinkage=0.03


Tree=51
num_leaves=63
num_cat=0
split_feature=9 31 26 11 30 19 16 19 24 7 8 13 22 31 12 31 20 11 13 14 34 31 23 20 28 10 24 34 34 8 29 28 5 13 7 31 27 15 8 27 12 8 17 17 31 30 8 20 12 15 22 7 7 7 18 12 17 24 18 12 28 7
split_gain=180.937 69.0811 58.0936 27.1026 22.8544 20.9191 15.7289 20.6962 15.5167 13.3459 14.6899 12.5018 10.632 10.1949 11.7143 9.5377 8.90109 7.30823 6.86382 8.84317 6.17299 6.15903 5.92052 5.11639 4.89594 4.49676 3.75399 3.72301 3.66223 3.5943 6.12932 6.06891 5.64152 4.86949 4.40098 3.69619 3.87804 3.37315 3.43539 3.20269 3.15411 3.13969 3.13895 3.72127 4.66417 3.00033 4.67697 2.86751 2.79861 2.77472 3.21569 2.76966 2.79135 2.52468 2.49714 2.44216 3.21397 3.39846 5.47351 2.54732 2.38517 2.36523
threshold=2710.0050000000006 4569.7050000000008 32652.750000000004 455.96000000000009 10.400000000000004 2089.2450000000003 3816.5150000000008 700.78500000000008 0.64492577383653604 -0.99630266176052629 1.0000000180025095e-35 2323.9508112716153 -110.91499999999984 499.23500000000007 2903.1053348214291 9999.9950000000008 6474.4950520833345 2038.5250000000003 2187.3191394212449 1609.9785714285717 0.41927083333333343 993.18500000000006 -83.80785714285723 6481.8408333333346 6402.1216666666687 5300.1900000000005 0.88960967766681465 0.14322916666666671 0.028645833333333339 -0.46989712924132493 25.268750000000008 6184.1533333333346 0.72947329433276253 1947.8623927854289 -0.79902248885025529 3099.5050000000006 -5900.6999999999989 3907.9300520833335 0.097680735332368748 4107.0000000000009 2541.2701562500001 0.29958852271690523 10.020000000000001 49.745000000000012 1340.1450000000002 2.3500000000000001 -0.031174269516803289 3088.9411458333338 4129.5419791666673 3913.7026041666668 -962.9649999999998 0.99966190462023474 -0.9905448150984083 0.99818282439137029 1929.0500000000002 3299.1251339285723 399.36000000000007 1.36044834475331 1096.7500000000002 2380.5719047619054 5221.4466666666676 0.96904697354198299
decision_type=2 2 2 2 2 2 2 2 2 2 2 2 2 2 2 2 2 2 2 2 2 2 2 2 2 2 2 2 2 2 2 2 2 2 2 2 2 2 2 2 2 2 2 2 2 2 2 2 2 2 2 2 2 2 2 2 2 2 2 2 2 2
left_child=2 20 5 4 11 6 7 -1 -8 10 -10 12 -4 14 -5 25 22 -9 40 26 23 -7 28 -2 51 39 -20 -21 -11 30 -23 32 33 -32 -34 36 61 38 53 60 -15 -27 -24 44 -44 -42 -47 -30 -39 50 -49 52 -17 -22 -52 59 57 -57 -59 -45 -3 -31
right_child=1 15 3 13 -6 21 8 17 9 16 -12 -13 -14 18 -16 24 -18 -19 19 27 37 29 42 -25 -26 41 -28 -29 47 35 31 -33 34 -35 -36 -37 -38 48 -40 -41 45 -43 43 55 -46 46 -48 49 -50 -51 54 -53 -54 -55 -56 56 -58 58 -60 -61 -62 -63
leaf_value=0.00078217622358351942 -0.00042329995296569748 0.0050101091023453601 -0.027566526778787376 -0.0062961859414178249 0.00041052293810273777 -0.010505575146949426 -0.021345651489088034 -0.03189843730871067 -0.0036391299507542423 -0.012991812511172611 -0.023372541192417533 -0.037640718927849898 -0.011587982070804746 -0.011227139058714135 -0.026793484997749327 0.00057573742461814121 -0.017072574338942232 -0.014771111304109748 -0.023858005500265528 0.00065256370196584601 -0.0007492388025865049 -0.011387177953170008 0.0041270049932328138 -0.010863281231221938 -0.0017784676352387359 -0.0013058284605369245 -0.011550783352282259 -0.010525196490106078 -0.0008207998073564588 -0.00095275844467169915 -0.0080570464811810273 -0.011692088919484782 -0.012429875967126074 0.0031502618757435711 -0.0014711519924742054 0.0013285128098264297 -0.0097957106778267192 0.0032988640512775025 0.0012942213958352957 0.010652084775402483 -0.0076359440052060799 0.0033073590797230044 -0.01562874834204829 -0.0076641977939731947 -0.0025365611891088598 -0.0077846045915170442 0.0017484891220162222 -0.0012672043053433299 0.00026788619791096561 -0.0019336159127651825 -0.013200546314287931 0.00095327074961880072 0.0075044139016902127 0.0055435717267682781 -0.0061640675415595373 -0.0013519495877656427 -0.0023031394273697265 -0.0048244563858490441 -0.01838034881755363 -0.00035523979810104899 0.00097971892605225254 -0.0041608940255537163
leaf_weight=53 2426 1040 74 52 43 65 46 42 72 59 64 45 80 41 49 54 41 54 41 59 1316 76 65 42 57 202 56 48 109 2721 40 53 55 234 81 555 47 1006 3497 81 75 384 42 45 58 62 174 49 377 90 99 64 1888 59 89 67 707 74 42 642 152 223
leaf_count=53 2426 1040 74 52 43 65 46 42 72 59 64 45 80 41 49 54 41 54 41 59 1316 76 65 42 57 202 56 48 109 2721 40 53 55 234 81 555 47 1006 3497 81 75 384 42 45 58 62 174 49 377 90 99 64 1888 59 89 67 707 74 42 642 152 223
internal_value=-5.18215e-05 0.00215208 -0.00369075 -0.0108514 -0.0194219 -0.00273687 -0.00484135 -0.0142787 -0.00426417 -0.00392997 -0.0130283 -0.0236879 -0.0193943 -0.00766976 -0.0164056 0.00545844 -0.00338131 -0.0225159 -0.00605624 -0.0104244 0.000665039 -0.00141298 -0.00312286 -0.000605294 0.00686352 0.00389631 -0.0169432 -0.00441279 -0.006016 -0.00126576 -0.00354615 -0.0022373 -0.000989623 0.00149081 -0.00596137 -0.000918238 -0.00133544 0.00116628 0.000794799 0.00489709 -0.00350231 0.00171763 -0.00229778 -0.00254911 -0.00813558 -0.00245121 -0.000778247 -0.00504446 0.00247342 -0.00644555 -0.00814362 0.00710985 0.00731215 -0.000475387 -0.00991969 -0.00218993 -0.00322642 -0.00676153 -0.00984777 -0.000844436 0.00449742 -0.0011971
internal_weight=20303 12645 7658 899 242 6759 2609 149 2460 2414 136 199 154 657 101 3922 2278 96 556 204 8723 4150 2237 2468 2063 1859 97 107 495 4085 539 463 410 274 136 3546 2991 6255 4872 1273 352 586 1742 1677 100 311 236 436 1383 327 237 2006 1942 1375 188 1577 890 183 116 687 1192 2944
internal_count=20303 12645 7658 899 242 6759 2609 149 2460 2414 136 199 154 657 101 3922 2278 96 556 204 8723 4150 2237 2468 2063 1859 97 107 495 4085 539 463 410 274 136 3546 2991 6255 4872 1273 352 586 1742 1677 100 311 236 436 1383 327 237 2006 1942 1375 188 1577 890 183 116 687 1192 2944
is_linear=0
shrinkage=0.03


Tree=52
num_leaves=63
num_cat=0
split_feature=14 9 16 33 14 11 24 3 34 18 7 13 27 8 34 25 26 0 16 5 17 17 2 34 15 22 21 17 15 18 8 12 8 17 11 8 12 12 28 3 17 29 13 12 17 33 12 27 7 13 33 15 12 13 16 12 21 27 15 22 17 5
split_gain=169.581 68.7203 42.9389 32.7487 26.3527 25.8026 13.0153 10.7566 10.8625 12.9023 10.5137 13.0096 9.96496 9.29106 8.58167 7.22278 7.53411 8.83278 10.6326 7.01996 10.3415 25.3516 6.502 5.70446 5.42348 5.18464 4.99931 6.20264 9.94775 6.85269 12.2246 5.30449 4.96428 4.75141 4.9495 4.602 5.83888 4.80489 6.30272 4.53147 4.30704 4.22388 3.6627 4.66546 3.54225 3.51468 3.48154 6.93301 3.23073 5.253 3.12208 2.98817 3.09987 2.97659 4.13943 3.90335 3.33168 3.92318 2.95568 2.71912 2.71087 2.67235
threshold=2320.3771428571431 3839.7050000000004 4035.2800000000002 4466.2650000000003 1301.592142857143 455.96000000000009 0.55037518267569985 1.0000000180025095e-35 0.16406250000000003 983.3950000000001 -0.99630266176052629 1650.8995818775841 4107.0000000000009 -0.46989712924132493 0.56510416666666685 5862.5000000000009 25094.100000000002 47.500000000000007 3662.3850000000007 -0.60876142900872077 29.810000000000002 19.710000000000004 8.5000000000000018 0.075520833333333356 1839.3738541666669 -6500.4149999999991 6150.6500000000005 1294.8150000000003 5028.9013541666673 1942.4450000000004 -0.66686572813907907 3238.6651413690483 -0.46989712924132493 19.710000000000004 3760.9000000000001 0.96849880583763492 4405.6745089285723 3520.1455877976191 4229.0000000000009 1.0000000180025095e-35 398.87500000000006 26.931250000000006 2995.0939072115921 5055.6311383928578 1400.4250000000004 5474.9750000000013 2519.5437797619052 -22142.349999999995 0.96904697354198299 2187.3191394212449 5474.9750000000013 3862.0491145833339 3644.057261904763 1833.4369572747426 3745.2700000000004 2709.8296205357151 5012.3750000000009 -3490.9999999999995 1839.3738541666669 9.5600000000000893 26.765000000000004 0.77259657388510639
decision_type=2 2 2 2 2 2 2 2 2 2 2 2 2 2 2 2 2 2 2 2 2 2 2 2 2 2 2 2 2 2 2 2 2 2 2 2 2 2 2 2 2 2 2 2 2 2 2 2 2 2 2 2 2 2 2 2 2 2 2 2 2 2
left_child=2 14 3 -1 6 -5 -4 13 9 -9 11 -6 33 -8 24 -7 -17 59 -19 -12 21 -21 26 -11 32 -16 -22 28 29 30 -28 40 -2 -3 -35 37 -37 38 -36 -13 -32 -39 43 50 -29 -14 47 -15 -48 -50 -26 52 -46 54 55 58 57 -56 -27 -18 -58 -31
right_child=1 12 4 5 10 15 7 8 -10 23 19 39 45 46 25 16 17 18 -20 20 22 -23 -24 -25 42 53 27 44 -30 61 31 -33 -34 34 35 36 -38 41 -40 -41 -42 -43 -44 -45 51 -47 48 -49 49 -51 -52 -53 -54 -55 56 -57 60 -59 -60 -61 -62 -63
leaf_value=-0.033869481469903671 -0.015363219520077109 0.01169869713310618 -0.020645955386757849 -0.030704259543622634 -0.022847768853311069 0.0040805004899051372 -0.015455297038835638 -0.0053857730634157518 -0.0031399870304113183 -0.029595026175957172 0.001057895196019672 0.0035793045760563963 0.00089638388267179064 -0.013546037147215638 -0.0067249487686187846 -0.020484478783963079 0.0040175360695743076 -0.0049756132908415317 -0.022245246588847495 -0.00029264281333889815 4.433860553755484e-05 -0.023598476618796282 -0.0011803482516014382 -0.015754296354829302 -0.0022002958883522591 0.0014713562418555105 -0.024162643732026565 0.0042155620878586006 -0.020603568465759357 -0.0014995150820624719 -0.0056986882230814755 -0.0018527160121876501 -0.0023107259898912163 0.0019851791843298709 0.0080249846911604229 0.010427320561233303 0.0019793745117619569 0.0007229490310699685 0.0022229665910427545 -0.010382421219675411 -0.018986198141625742 0.0053205764155698576 0.0040427575974002527 -0.010047350980989311 -0.0042616644902121539 0.0068916034193707417 0.0003341687611049734 -0.00080304515354528831 0.00014724302397702227 -0.013645939083273887 -0.00017305096619491979 -0.0019728280772756505 -0.0125409513960282 0.00072768072516130782 0.003750428149875017 0.0029083636281469348 -0.0037260851543032911 0.012346682758348534 -0.0082642297163964748 -0.0057733930305888257 0.002628480739605052 -0.00911966499297414
leaf_weight=62 40 63 74 48 51 43 67 61 77 55 429 40 94 77 72 43 58 81 53 99 234 72 1453 61 793 42 42 58 44 245 50 106 74 1272 397 221 111 570 294 42 40 262 161 45 174 1458 214 76 54 45 4924 423 53 2720 172 102 63 66 82 44 1122 49
leaf_count=62 40 63 74 48 51 43 67 61 77 55 429 40 94 77 72 43 58 81 53 99 234 72 1453 61 793 42 42 58 44 245 50 106 74 1272 397 221 111 570 294 42 40 262 161 45 174 1458 214 76 54 45 4924 423 53 2720 172 102 63 66 82 44 1122 49
internal_value=-1.33782e-05 0.00156099 -0.00480799 -0.0138385 -0.00395056 -0.0103997 -0.00867578 -0.00752548 -0.0125997 -0.0166742 -0.00285013 -0.0111028 0.00455708 -0.0050883 0.000204753 -0.00728727 -0.0090476 -0.00688613 -0.0119203 -0.00253974 -0.00303113 -0.0101858 -0.00261605 -0.0225136 -0.000531593 0.00120562 -0.00398859 -0.00472303 -0.00703349 -0.00587461 -0.0096498 -0.00643303 -0.00698432 0.00359581 0.00342888 0.00441724 0.00761728 0.00371511 0.00556318 -0.00361075 -0.011748 0.00217541 -0.000406239 -0.000531232 -0.00283606 0.0065293 -0.00356787 -0.0072625 -0.00174449 -0.00619615 -0.000454584 -0.00347079 -0.00624124 0.00133782 0.00234319 -0.00142335 0.00294197 0.00617595 -0.0049813 -0.000221049 0.00228779 -0.00279615
internal_weight=20217 15220 4997 432 4565 370 861 787 254 177 3704 133 4742 533 10478 322 279 236 134 3571 3142 171 2971 116 6037 4441 1518 1284 576 532 238 196 114 3190 3127 1855 332 1523 691 82 90 832 5923 5762 708 1552 466 153 313 99 5717 650 227 4369 1649 226 1423 238 124 102 1185 294
internal_count=20217 15220 4997 432 4565 370 861 787 254 177 3704 133 4742 533 10478 322 279 236 134 3571 3142 171 2971 116 6037 4441 1518 1284 576 532 238 196 114 3190 3127 1855 332 1523 691 82 90 832 5923 5762 708 1552 466 153 313 99 5717 650 227 4369 1649 226 1423 238 124 102 1185 294
is_linear=0
shrinkage=0.03


Tree=53
num_leaves=63
num_cat=0
split_feature=9 31 27 14 33 23 31 28 31 11 15 7 15 1 17 11 34 32 15 1 33 28 13 17 23 13 12 12 17 13 30 6 0 12 18 12 6 28 17 12 15 15 26 32 33 12 28 28 7 30 13 14 30 32 23 13 13 23 11 24 21 31
split_gain=151.456 62.9196 47.5619 17.4332 29.3648 15.5378 12.0291 10.2286 8.32369 7.69507 6.24608 16.9033 5.85505 5.6151 26.1765 5.51103 5.46459 5.38056 5.24252 5.17202 7.83364 4.43168 4.10435 4.4661 6.96233 3.99799 6.65594 10.9224 8.0471 5.2162 6.93395 3.53401 3.37291 3.36271 3.29472 3.2058 3.14533 3.08847 3.0158 2.9891 7.53148 4.83928 3.22708 3.01146 4.63913 2.97681 2.93933 2.90005 2.80553 4.44932 4.65342 2.72573 2.97609 2.97262 2.35913 2.568 2.34173 2.31109 2.86389 3.19811 2.15789 2.14003
threshold=2713.7150000000006 4532.3450000000012 -24833.649999999998 1892.5414285714289 4500.7050000000008 -280.15571428571417 983.40500000000009 4384.2066666666678 9999.9950000000008 399.24500000000006 2197.0835416666673 -0.88622299073327826 2805.7307291666671 5.5000000000000009 99.845000000000013 948.0150000000001 0.58593750000000011 4336.7301562500006 2478.7048958333339 5.5000000000000009 9999.6750000000011 6402.1216666666687 2485.2354778152489 99.170000000000016 -537.15642857142836 2818.900468467265 3090.0605208333341 3187.2551116071436 398.87500000000006 2651.6063810485211 11.30625 -0.77259657388510605 63.500000000000007 2798.2370014880958 1323.2500000000002 4437.5245014880957 0.22695468355932433 5465.4700000000012 1461.6600000000001 3331.7523958333336 2122.5288020833336 1675.6098437500002 10902.250000000002 3000.0013541666672 4759.5900000000011 3205.2750967261914 5278.2016666666677 6112.8550000000014 -0.50462962837920111 1.5250000000000006 1934.6503744270203 6600.0892857142862 1.0062499999999999 4520.7144270833351 39.410000000000018 1519.7813243212661 1737.3573913285638 564.05714285714305 2591.8150000000005 0.89543781795968036 6150.6500000000005 2678.2150000000006
decision_type=2 2 2 2 2 2 2 2 2 2 2 2 2 2 2 2 2 2 2 2 2 2 2 2 2 2 2 2 2 2 2 2 2 2 2 2 2 2 2 2 2 2 2 2 2 2 2 2 2 2 2 2 2 2 2 2 2 2 2 2 2 2
left_child=2 16 5 4 -4 9 7 12 35 -1 11 34 -7 17 -15 -8 57 22 -11 25 31 51 39 24 -24 26 37 28 -28 30 -29 33 -16 -21 -6 36 38 46 45 41 -41 -5 56 44 -42 60 -12 -19 -38 -50 -51 52 -10 -54 55 -18 -43 58 59 -2 -3 -45
right_child=1 8 3 13 10 6 15 -9 21 18 19 -13 -14 14 32 -17 54 47 -20 20 -22 -23 23 -25 -26 -27 27 29 -30 -31 -32 -33 -34 -35 -36 -37 48 -39 -40 40 43 42 -44 61 -46 -47 -48 -49 49 50 -52 -53 53 -55 -56 -57 -58 -59 -60 -61 -62 -63
leaf_value=-0.026542536795816637 -0.0053882131920388512 0.012262151204915932 -0.02404658448802573 0.0059011167154305287 0.0022012774860118759 -0.00075572170947185333 -0.011980720558669417 -0.023246136675314867 0.00215983848217084 -0.02045534271410987 -0.0018285889965239371 -0.02338279039345004 -0.015687825047100583 -0.021619171577239676 -0.0010230739428089141 -0.0016495139598785163 0.0037150393029077976 0.0013701084744881637 -0.0085146829156688402 -0.013340141062893099 -0.019675354599686605 -0.0020708372507174059 -0.0020530217352577231 -0.0023791568227891032 -0.017065300118210242 0.0021495021636656017 -0.0071846940069808622 -0.0020518954544077373 -0.024106073165514868 -0.013323293539881705 -0.014802812001268779 0.00093931214530663238 -0.0080846258613223986 -0.0037234849407785119 -0.0089612966430623366 -0.00047842915050333006 0.00014147964331422404 0.0035897274584812898 0.0068781589555480709 -0.014915344007313251 -0.0021697907897007475 -0.011656404196151665 -0.00063574321273184465 -0.0022923205119865643 -0.012429342666549272 0.001059726104499096 -0.009769920321802298 -0.0068218532077422957 0.0022484898378645054 0.0043977012814499809 0.014634339152606295 0.0074780884244445905 0.0033110163398649569 0.0088286531931039917 0.0024077919931246917 0.00055631690089945048 -0.001954040959663689 0.0017673853291055737 0.00020502306506357004 -0.00091272380175857245 0.0042177507467132721 0.0003358361414564144
leaf_weight=65 166 42 69 97 56 50 59 67 211 60 637 54 44 69 430 208 258 761 78 58 41 52 54 205 57 119 59 453 45 49 41 57 70 76 40 147 248 88 513 41 115 41 1512 1015 60 218 44 40 426 120 60 1417 148 222 1474 2199 49 549 2914 1035 106 384
leaf_count=65 166 42 69 97 56 50 59 67 211 60 637 54 44 69 430 208 258 761 78 58 41 52 54 205 57 119 59 453 45 49 41 57 70 76 40 147 248 88 513 41 115 41 1512 1015 60 218 44 40 426 120 60 1417 148 222 1474 2199 49 549 2914 1035 106 384
internal_value=4.47569e-05 0.0020734 -0.00329088 -0.00257748 -0.0049548 -0.0111726 -0.00789935 -0.0143533 0.00521739 -0.0180012 -0.00425543 -0.0101192 -0.00783678 -0.0016324 -0.00443561 -0.00396863 0.000635397 -0.00127152 -0.0138161 -0.00375222 -0.00792129 0.00654032 -0.00176251 -0.00502464 -0.00984557 -0.00311736 -0.00356119 -0.00580155 -0.0146663 -0.00407986 -0.00313794 -0.00530884 -0.00202585 -0.0079539 -0.00249423 0.00377213 0.00413274 -0.00167117 0.00539321 -0.00145004 -0.00237378 -0.000571083 -0.000966407 -0.00203783 -0.00573799 0.00329878 -0.00235526 0.000953026 0.00283058 0.00392903 0.00787191 0.00676536 0.00501721 0.00663647 0.0014592 0.000889379 -0.00645353 -5.91017e-05 -0.000303151 -0.00153529 0.0065676 -0.00157121
internal_weight=20142 12525 7617 6986 1986 631 428 161 3930 203 1917 150 94 5000 569 267 8595 4431 138 1767 232 2050 3630 316 111 1535 1416 647 104 543 494 191 500 134 96 1880 1733 769 879 3314 1615 1699 1602 1574 175 366 681 801 854 606 180 1998 581 370 3931 2457 90 4664 4115 1201 148 1399
internal_count=20142 12525 7617 6986 1986 631 428 161 3930 203 1917 150 94 5000 569 267 8595 4431 138 1767 232 2050 3630 316 111 1535 1416 647 104 543 494 191 500 134 96 1880 1733 769 879 3314 1615 1699 1602 1574 175 366 681 801 854 606 180 1998 581 370 3931 2457 90 4664 4115 1201 148 1399
is_linear=0
shrinkage=0.03


Tree=54
num_leaves=63
num_cat=0
split_feature=31 14 31 32 31 34 27 20 23 9 26 8 7 7 6 14 33 13 23 13 11 20 6 7 7 11 7 11 7 0 23 13 7 1 32 29 8 32 17 31 7 7 7 23 19 29 7 10 8 13 21 31 7 18 19 11 20 34 22 34 17 17
split_gain=143.936 81.328 27.8314 26.7184 18.3286 14.0036 12.9361 10.5527 9.11543 7.65188 8.19621 6.51236 6.21616 6.08882 8.83815 5.76136 21.2475 5.70967 5.06072 5.20247 4.37793 4.27418 6.5061 4.08507 6.68646 7.32798 6.77318 4.00288 3.87007 5.05106 3.79937 4.20373 4.63316 6.80672 7.63606 3.65084 6.65536 5.80482 6.50036 3.6029 3.47801 3.37041 3.23729 3.14166 3.0801 3.04919 3.04024 6.58622 2.90326 3.06296 3.52341 2.89492 2.7256 3.0822 2.61 2.54631 2.52136 2.48336 2.48324 3.66415 2.51957 3.33231
threshold=3661.2900000000004 1486.1142857142861 5999.8400000000011 2567.7196354166672 2339.8200000000002 0.070312500000000014 -24833.649999999998 2077.3942187500006 -307.04571428571421 99.865000000000023 27051.250000000004 -0.46989712924132493 -0.8041866928211282 -0.77786766366919291 -0.29012925520284105 1931.1507142857142 4466.2650000000003 2394.1969015506279 843.2042857142859 2253.6839008812026 3229.6400000000008 4779.0956250000008 0.06540312923014284 -0.91597725483594616 -0.81923160956083974 599.8950000000001 -0.85227431625818906 2680.6750000000006 0.99374995976406788 39.500000000000007 385.79642857142846 1950.1873498987495 0.31288844364721724 3.5000000000000004 3235.2362500000004 28.156250000000004 0.30778899014954286 6481.8408333333346 1945.8150000000003 983.40500000000009 -0.89406062840022227 0.97314989601849466 -0.73866753694953124 -482.53499999999991 5999.8400000000011 23.731250000000006 -0.9905448150984083 1630.8400000000004 -0.35846086284744721 1650.8995818775841 6451.7750000000005 2831.9000000000001 -0.98046803196378884 4769.6900000000014 1819.8850000000004 3040.6950000000002 3002.9783333333339 0.028645833333333339 -1326.1949999999999 0.31510416666666669 29.810000000000002 87.695000000000007
decision_type=2 2 2 2 2 2 2 2 2 2 2 2 2 2 2 2 2 2 2 2 2 2 2 2 2 2 2 2 2 2 2 2 2 2 2 2 2 2 2 2 2 2 2 2 2 2 2 2 2 2 2 2 2 2 2 2 2 2 2 2 2 2
left_child=1 3 18 5 15 -1 7 -5 12 -7 -11 13 -9 14 -6 16 -3 -16 19 -2 21 -21 -23 -8 25 -25 40 -13 -29 -30 31 54 -33 -34 -35 36 37 38 44 -10 -27 -22 -41 -26 45 -4 47 -18 -32 50 -50 -19 -37 -54 -17 -38 -12 -45 -48 60 -60 -62
right_child=2 4 35 6 11 9 23 8 39 10 56 27 -14 -15 17 30 46 51 -20 20 41 22 -24 24 43 26 -28 28 29 -31 48 32 33 34 -36 52 55 -39 -40 42 -42 -43 -44 57 -46 -47 58 -49 49 -51 -52 -53 53 -55 -56 -57 -58 -59 59 -61 61 -63
leaf_value=-0.029449301903898065 0.0025787363659069895 -0.021840424349499961 0.0011725924053209145 0.0027467807941138744 -0.014634942867899244 -0.0015240189962361643 -0.00075299479445675385 -0.02737354050605343 -0.01357147383038323 -0.007643524924623629 -0.016211568845435977 -0.00088679919721143215 -0.01381722608895236 -0.00058574288032765039 -0.01267391907547911 -0.0058988693353187825 -0.0011029419943224639 -0.0073073265427089432 0.0069551928204184925 -0.00019303884903470485 0.0020343528265747281 -0.015688589720795041 0.00015053717821667141 -0.019175703552381101 0.0047396089455911091 -0.0062568249606431044 -0.014016373626457957 0.00073933049217563712 -0.013143983862495847 0.00088879072859596739 -0.0070666930088246205 -0.0025109872878742367 -0.0030408657631753959 -0.0039573597925759499 -0.018102996488561549 0.0023007953136296171 -0.00052120776267635608 -0.0044594196611193607 -0.0066616093342599918 -0.010957916990482772 0.0050829424921123847 -0.0023147384723742129 -0.00033503406797535717 -0.010453074939812169 0.0021964683424320381 0.0083752540815392601 0.0028589857346378268 -0.017580934759093132 0.00027875918440986423 0.00094391381686670254 -0.0093160019967643941 0.0012262900398112833 0.0017978163486854597 0.0086341082082211622 -0.0007435945685137352 0.0070042594762180143 -0.0271480032690662 -0.0027687620255650953 -0.0087439971481494249 -0.010809829409455622 0.0045069622209197597 -0.0029744140887057718
leaf_weight=65 2605 58 68 42 78 40 203 51 78 61 44 2316 85 484 44 97 47 46 181 142 737 50 43 55 41 57 64 4866 41 51 52 605 176 62 78 81 42 84 47 45 41 204 59 45 226 243 61 40 79 730 60 149 65 764 906 1018 46 222 62 55 56 926
leaf_count=65 2605 58 68 42 78 40 203 51 78 61 44 2316 85 484 44 97 47 46 181 142 737 50 43 55 41 57 64 4866 41 51 52 605 176 62 78 81 42 84 47 45 41 204 59 45 226 243 61 40 79 730 60 149 65 764 906 1018 46 222 62 55 56 926
internal_value=2.40177e-05 -0.00174347 0.00365753 -0.0087454 -0.000973039 -0.0174534 -0.00668232 -0.0113294 -0.0131913 -0.0132389 -0.0163117 -0.000140205 -0.0190635 -0.00270583 -0.00593078 -0.00259313 -0.00424326 -0.00304095 0.00206706 0.00183128 0.000174794 -0.00347923 -0.00844143 -0.00437193 -0.00576716 -0.00979044 -0.00650599 0.00014265 0.000623612 -0.00543903 -0.00183499 -0.00259318 -0.00405569 -0.00699585 -0.011911 0.00604456 0.00522799 0.00287632 0.00393729 -0.00872302 -0.00150921 0.00109005 -0.00499206 -0.00291007 0.00487559 0.0068092 -0.00340794 -0.00879272 -0.00025001 0.000165547 -0.00389982 -0.00081378 0.00758772 0.0081009 -0.00124754 0.00670587 -0.0220382 -0.00409804 -0.00299686 -0.00332419 -0.00291986 -0.00254363
internal_weight=20169 13569 6600 1344 12225 256 1088 360 318 191 151 8075 136 801 317 4150 1305 239 3962 3781 1176 235 93 728 525 217 162 7274 4958 92 2845 1924 921 316 140 2638 1728 668 584 182 98 941 104 308 537 311 1247 87 921 869 139 195 910 829 1003 1060 90 267 1160 1099 1044 982
internal_count=20169 13569 6600 1344 12225 256 1088 360 318 191 151 8075 136 801 317 4150 1305 239 3962 3781 1176 235 93 728 525 217 162 7274 4958 92 2845 1924 921 316 140 2638 1728 668 584 182 98 941 104 308 537 311 1247 87 921 869 139 195 910 829 1003 1060 90 267 1160 1099 1044 982
is_linear=0
shrinkage=0.03


Tree=55
num_leaves=63
num_cat=0
split_feature=9 14 31 15 17 30 33 31 24 24 20 31 0 8 11 8 28 29 0 15 31 7 32 32 15 9 33 5 19 11 6 21 16 18 17 0 28 11 28 8 12 10 5 11 19 12 32 12 21 27 12 18 9 23 16 12 33 7 29 5 20 6
split_gain=135.041 50.5312 47.726 33.47 16.1688 21.3369 13.3125 16.1135 10.3623 9.37865 7.9638 7.25634 10.9953 7.27345 6.85477 6.41844 8.22461 14.1154 7.25147 18.5193 6.25746 5.87547 5.53063 5.54472 4.99135 4.56277 6.81119 4.26621 4.07056 4.04787 3.64169 3.63556 5.70919 6.19349 4.51879 4.97088 3.33869 2.97184 2.90018 2.87324 2.86149 2.79614 2.77971 2.73958 2.7095 5.71919 7.28259 4.17438 3.61277 2.69229 2.61409 2.56356 2.50321 2.47987 2.47936 2.46098 2.73786 2.41856 4.58046 2.41523 2.31792 2.23851
threshold=2849.2450000000003 1763.7164285714289 4569.7050000000008 2197.0835416666673 22.185000000000006 2.2000000000000015 4579.3100000000004 982.46500000000003 0.49541412977816429 1.281266939889941 6538.5306250000003 983.40500000000009 49.500000000000007 -0.23537842981696178 399.95500000000004 -0.46989712924132493 6112.8550000000014 31.356250000000006 61.500000000000007 1675.6098437500002 9999.9950000000008 -0.90893996196865023 4043.7700520833337 4006.0848437500003 1731.1739583333335 1913.2600000000004 4466.2650000000003 -0.5 1000.9900000000001 3143.7800000000002 0.16280825711809005 6150.6500000000005 9873.0000000000018 1804.9850000000004 99.950000000000017 44.500000000000007 6298.0283333333346 999.66000000000008 5221.4466666666676 -0.36648370705903521 2424.9687276785721 5129.8350000000009 -0.55557023301960229 1047.4850000000004 2124.6700000000005 2696.6477604166671 2928.0587500000006 3082.7514508928575 4059.5000000000005 -22623.499999999996 4437.5245014880957 1700.2900000000002 4500.2050000000008 1457.6914285714286 3848.1550000000002 3809.5961904761907 4764.3650000000007 -0.62588817255938378 25.531250000000004 -0.72947329433276231 3648.7222916666674 0.60876142900872032
decision_type=2 2 2 2 2 2 2 2 2 2 2 2 2 2 2 2 2 2 2 2 2 2 2 2 2 2 2 2 2 2 2 2 2 2 2 2 2 2 2 2 2 2 2 2 2 2 2 2 2 2 2 2 2 2 2 2 2 2 2 2 2 2
left_child=1 3 29 4 9 -6 7 -5 -8 -1 14 12 28 -14 -3 16 18 -18 19 -16 30 -15 23 24 -17 26 -26 43 -10 54 50 38 33 -33 35 60 52 -7 -29 -24 -36 57 -41 -13 45 46 -27 -47 -46 -30 -4 -37 59 -31 -2 56 61 -32 -59 -22 -34 -56
right_child=2 10 20 6 5 37 8 -9 11 -11 -12 27 13 21 15 22 17 -19 -20 -21 36 -23 39 -25 25 44 -28 31 49 53 41 32 34 -35 40 51 -38 -39 -40 42 -42 -43 -44 -45 48 47 -48 -49 -50 -51 -52 -53 -54 -55 55 -57 -58 58 -60 -61 -62 -63
leaf_value=-0.016125675166893581 -0.0068209373817080627 -0.011658086624179999 0.0054695445364236822 -0.0055010493214996091 -0.0071226087153459395 -0.03804410951893504 -0.018730448839908584 -0.028905266420321259 -0.0080935199895443826 0.0004786409550057403 -0.012371948782095044 0.0064234592272097348 -0.004783742724647445 -0.008028623642333383 -0.020878284636038271 0.0041266883408492766 -0.021816035805907297 0.00064625481771224218 0.0030947979597215408 -0.0024393450070065706 0.0058787565110795578 -0.022220032094955079 0.0078025766553319236 -0.01215202507689934 -0.013346252332952233 -0.017917471999064721 -0.0029146442098304561 0.0014123563309894286 -0.0046122744617362816 0.0012523186219875599 9.4970678037498144e-05 -0.016670084993919015 -0.0061875550506686385 -0.0034450457107741386 -0.0087838363076039282 -0.0082139728905167436 -0.00028238094262778756 -0.025958417017190226 -0.0074343294111479602 0.0033337884609191872 -0.0018111430199681663 -0.00060365595144896544 -0.00027661694357582618 -0.0015724685838476062 -0.0092774843122961723 0.0018924213390530691 -0.0025158312779588053 -0.0029997551061569537 -0.00050375339300626741 0.0050626285800893529 -6.8555241586034025e-05 -0.017985927713601739 0.006635596038397135 0.0082579819057845387 -0.0051197635113789854 -0.0013836256637682516 0.00079152659019081893 0.0023441713817735801 0.0084429923682868974 4.250913276337087e-05 0.0025371722620344019 0.0012591189331422217
leaf_weight=65 47 58 783 62 51 40 46 46 77 57 60 55 61 41 54 139 56 45 148 455 153 81 48 43 61 46 632 161 44 4280 173 70 83 59 58 63 74 62 41 235 530 235 1027 123 42 215 68 575 2404 60 85 42 1670 45 133 822 2373 370 158 109 40 78
leaf_count=65 47 58 783 62 51 40 46 46 77 57 60 55 61 41 54 139 56 45 148 455 153 81 48 43 61 46 632 161 44 4280 173 70 83 59 58 63 74 62 41 235 530 235 1027 123 42 215 68 575 2404 60 85 42 1670 45 133 822 2373 370 158 109 40 78
internal_value=-4.52423e-05 -0.00291007 0.0020634 -0.00692647 -0.0166743 -0.023153 -0.00546371 -0.0156432 -0.00482141 -0.0084271 -0.00158231 -0.00443174 -0.00818045 -0.0133469 -0.00147844 -0.00138278 -0.0039701 -0.0118999 -0.00273484 -0.00443264 0.00481378 -0.0175548 -0.0010278 -0.00155576 -0.00144393 -0.00163643 -0.00385077 -0.00339651 -0.00291223 0.000715699 0.00352821 -0.00406664 -0.00484679 -0.0106945 -0.00391038 -0.0074883 0.00596757 -0.0310213 -0.000411035 0.000674857 -0.00251267 0.00222645 0.000397792 0.000920266 -0.00117734 -0.0025799 -0.00883229 -0.00166763 -0.000658136 0.000964457 0.00492776 -0.0122556 0.00620698 0.0013271 -5.02671e-05 4.51372e-05 0.000500002 0.00317471 0.00418171 0.00346009 -0.00335267 -0.00276688
internal_weight=20117 8529 11588 2118 275 153 1843 108 1735 122 6411 1689 364 183 6351 6293 758 101 657 509 3810 122 5535 4225 4182 4043 693 1325 181 7778 1804 1147 945 129 816 228 2006 102 202 1310 588 936 1262 178 3350 904 114 790 2446 104 868 105 1932 4325 3453 3406 2584 701 528 262 123 211
internal_count=20117 8529 11588 2118 275 153 1843 108 1735 122 6411 1689 364 183 6351 6293 758 101 657 509 3810 122 5535 4225 4182 4043 693 1325 181 7778 1804 1147 945 129 816 228 2006 102 202 1310 588 936 1262 178 3350 904 114 790 2446 104 868 105 1932 4325 3453 3406 2584 701 528 262 123 211
is_linear=0
shrinkage=0.03


Tree=56
num_leaves=63
num_cat=0
split_feature=14 31 26 1 15 17 25 31 12 16 32 1 28 13 12 12 32 29 29 25 27 0 17 13 28 16 32 11 10 17 14 21 22 0 28 32 17 23 34 13 16 13 13 24 0 13 30 28 32 15 12 12 17 15 13 12 16 26 11 19 1 0
split_gain=132.712 56.8536 36.5035 18.2716 24.4365 21.6368 12.5452 10.8064 9.00984 8.96843 18.1647 10.3127 15.8161 17.4006 16.078 14.599 14.5857 7.91634 6.55129 4.49277 5.9245 4.21795 4.15992 5.51168 3.95998 3.89151 5.08807 3.75819 3.85242 3.62083 6.11474 3.43504 3.43024 3.32142 3.23709 13.9932 9.43006 3.22832 3.02591 2.79837 3.51021 3.00963 2.71281 2.85972 2.70412 2.7016 2.70102 7.65204 3.34053 5.83257 2.6055 11.4346 2.72857 3.68233 2.60168 21.3702 5.21622 2.439 2.38431 2.33645 2.26168 2.67846
threshold=2501.0321428571433 5999.8400000000011 31242.350000000002 5.5000000000000009 2197.0835416666673 22.185000000000006 6205.2000000000007 3661.2900000000004 3230.7444866071432 3816.5150000000008 2382.424010416667 5.5000000000000009 3716.9683333333337 1527.5737535644328 3950.3184523809527 2601.21709077381 3235.2362500000004 28.231250000000006 27.318750000000005 6205.2000000000007 -16161.299999999997 60.500000000000007 1262.9850000000004 2253.6839008812026 6342.7016666666668 3745.2700000000004 2957.5646875000002 3380.5850000000005 3920.3000000000006 87.695000000000007 672.0100000000001 4982.4750000000013 -5399.7749999999987 94.500000000000014 5385.3416666666681 3408.4284375000002 1996.9900000000002 -504.66285714285709 0.091145833333333356 1908.2665856712363 9999.3350000000009 1997.8011663714653 1548.4465780000332 1.3263708067592208 15.500000000000002 1950.1873498987495 3.8625000000000029 5490.1250000000009 6463.2028645833334 6096.4086979166677 3105.8277083333337 3442.2419122023816 1402.2250000000001 4999.2996875000008 2485.2354778152489 3755.4133407738095 6633.7250000000013 6185.1500000000005 2000.3750000000002 2567.9600000000005 5.5000000000000009 26.500000000000004
decision_type=2 2 2 2 2 2 2 2 2 2 2 2 2 2 2 2 2 2 2 2 2 2 2 2 2 2 2 2 2 2 2 2 2 2 2 2 2 2 2 2 2 2 2 2 2 2 2 2 2 2 2 2 2 2 2 2 2 2 2 2 2 2
left_child=2 7 9 4 5 17 -6 25 -5 10 -1 21 -13 15 37 -14 -16 -4 -7 -12 -21 34 23 -9 32 26 59 28 -25 31 -31 -8 -3 -23 54 -36 45 -15 -33 60 41 44 57 -44 -41 -37 47 48 -34 -50 -32 -52 -53 -54 -11 -56 -57 -24 -42 -2 -27 -62
right_child=1 24 3 8 6 18 29 22 -10 11 19 12 13 14 16 -17 -18 -19 -20 20 -22 33 42 27 -26 39 -28 -29 -30 30 50 38 46 -35 35 36 -38 -39 -40 40 58 -43 43 -45 -46 -47 -48 -49 49 -51 51 52 53 -55 55 56 -58 -59 -60 -61 61 -63
leaf_value=-0.022783354406533132 -0.0060976399047566309 0.0012642011261937425 -0.014228585081707153 -0.012941714109651543 -0.020517765738685349 -0.017894477572475299 0.0054431870071600906 0.0019133850824656427 -0.030247228271935298 -0.0013855614851889966 0.0044058702114199728 0.00071253553860187223 -0.033647152261941558 -0.010909689725263089 -0.0062347273233060076 -0.0080575024727277643 -0.030266480501741171 0.0010469644789118319 -0.033061678468970193 -0.00072016027248595965 -0.01547924493257774 0.00149530758976083 0.012017051282784212 -0.0010803593464026396 -0.0013115081255248671 0.0014095409010247083 -0.0099192856360925362 -0.00044567055586336235 -0.012434305768013776 -0.014313748563555153 -0.00067262835117233696 0.0015391705995213916 0.0062576510501983389 -0.0055241500837513264 -0.019053941048108616 -0.0084775359263377526 -0.014192356908889977 -0.0019058362639820911 -0.0088472559838060367 -0.010827340143458807 -0.0035880165890716854 -0.00089089733678950696 0.0022203434919940493 0.0086260198073533287 -0.0030814547150520661 -0.00048436550062273023 0.00734055930060213 -0.0049241701492610448 -0.0031974558028533854 0.0069371126149944248 -0.01521187279632763 0.00050085294437972273 -0.01247295473052492 -0.00031756998505443333 -0.018117881251427416 -0.0076437637453468949 0.0011257254800720311 0.0043196241789411538 0.00036030953547075542 8.9615554806883325e-05 0.002478759577894223 -0.0020993645128871727
leaf_weight=58 69 145 62 73 41 60 67 1253 45 2624 48 243 41 40 51 40 41 59 52 61 40 502 45 54 73 2041 74 392 53 54 165 54 1282 68 51 41 56 291 46 50 143 789 1916 64 206 407 896 63 97 106 78 147 42 47 77 77 280 205 3122 255 162 390
leaf_count=58 69 145 62 73 41 60 67 1253 45 2624 48 243 41 40 51 40 41 59 52 61 40 502 45 54 73 2041 74 392 53 54 165 54 1282 68 51 41 56 291 46 50 143 789 1916 64 206 407 896 63 97 106 78 147 42 47 77 77 280 205 3122 255 162 390
internal_value=-5.98533e-06 0.00162023 -0.00364631 -0.00862521 -0.00725979 -0.0157154 -0.0045834 0.000689597 -0.01974 -0.00258645 -0.00869053 -0.00232844 -0.00557337 -0.00859948 -0.00613019 -0.0212627 -0.0171548 -0.00683265 -0.0251667 -0.00308941 -0.00665979 -0.00174777 0.00194654 0.000851891 0.00556303 3.88073e-06 -0.00287679 -0.00181204 -0.00676734 -0.00362216 -0.00482791 0.000231965 0.0057573 0.000649691 -0.00212607 -0.00423282 -0.0026983 -0.0030235 -0.00327888 0.000170362 -0.000298142 -0.00181058 0.00280579 0.00243165 -0.00463057 -0.00123314 0.00602324 0.00525651 0.00569144 0.00210255 -0.00373093 -0.00533077 -0.00201457 -0.00612867 -0.00174246 -0.00389214 -0.000781801 0.00574752 0.000186336 -0.00124275 0.000948909 -0.000753732
internal_weight=20174 13945 6229 1092 974 233 741 11283 118 5137 207 4930 747 504 423 81 92 121 112 149 101 4183 3982 1752 2662 7301 398 499 107 700 533 167 2589 570 3613 555 504 331 100 6903 4310 1045 2230 1980 256 448 2444 1548 1485 203 479 314 236 89 3058 434 357 250 3265 324 2593 552
internal_count=20174 13945 6229 1092 974 233 741 11283 118 5137 207 4930 747 504 423 81 92 121 112 149 101 4183 3982 1752 2662 7301 398 499 107 700 533 167 2589 570 3613 555 504 331 100 6903 4310 1045 2230 1980 256 448 2444 1548 1485 203 479 314 236 89 3058 434 357 250 3265 324 2593 552
is_linear=0
shrinkage=0.03


Tree=57
num_leaves=63
num_cat=0
split_feature=14 27 15 1 26 17 29 22 14 14 15 17 23 29 34 1 20 16 32 0 30 20 15 0 29 11 7 33 33 22 15 16 34 30 27 8 30 13 6 17 5 7 34 20 15 11 20 5 20 14 17 23 30 11 17 8 13 8 18 8 1 32
split_gain=126.32 56.353 30.2446 22.2884 21.2104 17.3235 20.236 15.6677 14.4967 10.7814 9.82784 27.37 8.49625 8.27081 7.9876 5.84207 5.67692 5.67114 5.66149 5.58896 5.04111 4.98046 7.12274 6.41788 5.4186 4.75703 4.39281 5.69272 4.3902 3.88046 3.85706 3.738 3.73043 3.66827 3.65432 4.05659 4.78453 3.74756 3.53594 3.52091 3.42437 3.41627 3.33728 3.16657 10.7361 3.30235 3.07173 3.69935 3.00679 2.90129 2.88107 2.86139 2.79546 3.0193 3.34917 2.78762 2.77958 3.08388 2.75739 2.71372 5.24247 2.6259
threshold=2156.4585714285718 787.85000000000048 2197.0835416666673 5.5000000000000009 26049.650000000005 22.185000000000006 25.706250000000008 -934.76499999999976 3171.661428571429 672.0100000000001 3272.2467187500001 1215.7500000000002 -260.43785714285701 25.006250000000005 0.10156250000000001 5.5000000000000009 6913.9380729166669 5421.3750000000009 3676.3158854166672 56.500000000000007 2.5562500000000008 5582.3527083333338 5258.7205208333344 49.500000000000007 20.131250000000005 2197.5750000000003 -0.85227431625818906 4665.0650000000014 5923.6350000000011 765.5200000000001 3118.1824479166671 3362.7800000000002 0.10156250000000001 6.6312500000000005 9446.4500000000025 0.94636490295939868 0.55625000000000047 2540.9147687368145 0.99465189230620699 29.810000000000002 -0.9733555533461492 -0.98046803196378884 0.96093750000000011 3489.9323437500002 3291.6371354166672 1934.2150000000004 6913.9380729166669 -0.81241147629689037 4463.9920312500008 7903.0600000000004 2071.2800000000002 -1198.075714285714 9.3250000000000011 1919.0650000000003 29.590000000000003 -0.33426211444629356 1876.0746139002924 0.94353349168649059 1000.7850000000001 0.91852788691372023 3.5000000000000004 4734.7300520833342
decision_type=2 2 2 2 2 2 2 2 2 2 2 2 2 2 2 2 2 2 2 2 2 2 2 2 2 2 2 2 2 2 2 2 2 2 2 2 2 2 2 2 2 2 2 2 2 2 2 2 2 2 2 2 2 2 2 2 2 2 2 2 2 2
left_child=2 8 5 9 20 13 -7 -8 16 18 12 -12 -6 -1 -15 34 17 30 -4 21 -5 22 23 25 -25 39 27 -19 48 -27 31 -2 -22 -34 35 36 42 -37 -33 -11 49 -38 -3 45 -45 -26 47 50 -10 -30 -17 -50 53 54 -28 -43 -55 59 -9 -58 -61 -46
right_child=1 15 3 4 10 6 7 58 28 19 11 -13 -14 14 -16 46 -18 26 -20 -21 32 -23 -24 24 43 29 52 -29 40 -31 -32 38 33 -35 -36 37 41 -39 -40 -41 -42 55 -44 44 61 -47 -48 -49 51 -51 -52 -53 -54 56 -56 -57 57 -59 -60 60 -62 -63
leaf_value=-0.017484067055146869 -0.0085088824303085481 0.00098103702174787599 -0.01694859936982393 0.00087573197028270155 -0.021316254023445901 -0.0051025877492793369 -0.0092365275499677029 -0.025094901168224763 0.00021579223052925307 -0.0065105938445543868 -0.033641672050265747 -0.0055803174536361308 -0.0050586259584950721 -0.012663638503290713 0.0033015738988598415 -0.002033256877169559 -0.011672047298135502 -0.0074461790205289915 -0.0028889119152615706 0.00023023623173617686 -0.014656906984436014 0.0012993160942023302 -0.015970040376830311 -0.013884035542424124 -0.00095336351069556661 -0.0038049813043634015 -0.01093750902352498 0.0018062119530421498 0.003440148800333043 -0.012129764974381679 -0.010180519083768807 -0.0012840124063819144 -0.0094305000454187396 0.001284361142596357 0.0069475314289553936 0.010285136082934009 -0.00074797328799031668 0.0036116321840896628 -0.0092158211736043678 -0.00057325776262314213 0.0014804078401616228 0.0033457957361652342 0.0066651395145891001 -0.016562685420038178 -0.002454852852634548 -0.0081639685095778042 -0.0054618505745822072 0.0052185510167181322 -0.011063047814449029 0.011457644338952378 0.0067213221852268487 -0.0016375009514013072 0.0031282757591709425 0.00061182535608299965 -0.0022974176945370003 0.0072972259305445755 -0.0013104099593864184 9.0957075247662014e-05 -0.036706255239227582 -0.0027384863295906942 -0.013513878494268283 -0.010264664773312688
leaf_weight=40 75 550 74 117 41 67 41 48 947 99 73 55 96 41 85 173 41 62 40 483 44 193 41 67 232 362 46 1204 369 58 54 1129 60 54 811 188 74 129 52 892 4241 242 111 79 207 75 48 217 41 45 41 95 170 1275 294 494 1451 1235 53 271 47 47
leaf_count=40 75 550 74 117 41 67 41 48 947 99 73 55 96 41 85 173 41 62 40 483 44 193 41 67 232 362 46 1204 369 58 54 1129 60 54 811 188 74 129 52 892 4241 242 111 79 207 75 48 217 41 45 41 95 170 1275 294 494 1451 1235 53 271 47 47
internal_value=-0.000102 0.00105918 -0.00497594 -0.0041033 -0.00970203 -0.0130625 -0.0187938 -0.0251729 0.0002034 -0.00307516 -0.0157442 -0.0217208 -0.0100433 -0.00577715 -0.00195226 0.00471238 -0.000673529 -0.000610725 -0.0120834 -0.00270879 -0.00384364 -0.00331218 -0.00372483 -0.00348036 -0.0058122 -0.00230867 -0.000223353 0.00134757 0.00133517 -0.00498068 -0.00239968 -0.00205732 -0.0073219 -0.00438801 0.00527342 0.00451062 0.00384246 0.00758932 -0.00164076 -0.00117236 0.00173535 0.00538725 0.00194418 -0.00494684 -0.00697104 -0.0027357 0.00166359 0.00246795 -0.000384942 0.00433712 -0.000332517 -0.00453904 -0.000638832 -0.000778125 -0.00349502 0.00600428 -0.000561481 -0.00105951 -0.0314881 -0.00186229 -0.00436845 -0.00393456
internal_weight=20086 16222 3864 3489 540 375 209 142 13144 2949 265 128 137 166 126 3078 7406 7365 114 2835 275 2352 2159 2118 707 1411 6055 1266 5738 420 1310 1256 158 114 2599 1788 1471 317 1181 991 4655 810 661 640 333 307 479 431 1083 414 214 136 4789 4619 340 736 4279 3004 101 1769 318 254
internal_count=20086 16222 3864 3489 540 375 209 142 13144 2949 265 128 137 166 126 3078 7406 7365 114 2835 275 2352 2159 2118 707 1411 6055 1266 5738 420 1310 1256 158 114 2599 1788 1471 317 1181 991 4655 810 661 640 333 307 479 431 1083 414 214 136 4789 4619 340 736 4279 3004 101 1769 318 254
is_linear=0
shrinkage=0.03


Tree=58
num_leaves=63
num_cat=0
split_feature=9 31 14 32 7 16 13 0 21 16 7 8 31 20 8 20 14 9 6 26 7 11 32 8 7 13 6 31 22 3 29 17 18 29 23 31 3 8 26 29 8 17 2 8 34 9 20 13 17 13 17 17 22 15 15 13 5 15 34 2 13 13
split_gain=121.046 44.6713 41.8606 18.2589 15.0851 9.99561 20.8338 11.5773 9.46414 14.3727 9.17952 8.79274 8.33607 11.4503 7.04029 6.4083 6.11889 5.92207 5.6116 5.32378 5.05126 4.8996 4.15498 4.59066 4.44181 4.06371 3.87241 5.04421 4.05245 4.61445 4.13081 3.83991 4.57053 4.09333 3.63138 3.62007 3.56652 10.9471 3.46198 3.45325 5.3396 5.44201 3.85312 3.74844 3.31505 3.31185 3.27582 3.16849 2.76803 2.72645 2.72416 3.11097 2.93212 2.81287 2.8248 2.61601 2.56421 2.51892 2.33043 2.24943 2.23755 2.25106
threshold=2844.5750000000003 5150.505000000001 1660.9350000000002 2618.3751041666669 -0.99467753128998015 4035.2800000000002 1678.9824797221636 51.500000000000007 6150.6500000000005 6560.5200000000013 -0.88622299073327826 0.04621408538533487 983.40500000000009 4388.5488541666682 0.47369649395226454 6538.5306250000003 462.50714285714292 1599.845 -0.81241147629688992 33843.700000000004 -0.99630266176052629 3212.2750000000001 4336.7301562500006 -0.54398756934031889 0.99700008544936913 1552.9659374087539 -0.93540483100319605 1164.1800000000001 660.02499999999998 1.0000000180025095e-35 31.056250000000002 87.695000000000007 2200.6450000000004 26.356250000000006 843.2042857142859 2499.9250000000006 1.0000000180025095e-35 -0.30982845708428081 27381.300000000003 28.156250000000004 0.30778899014954286 38.290000000000006 3.5000000000000004 -0.33426211444629356 0.73697916666666685 796.6400000000001 6333.9771875000015 2253.6839008812026 29.810000000000002 2432.912865338737 1800.5700000000004 2410.1900000000005 -1285.2399999999998 3797.6785937500003 4097.8155729166674 2280.6883605377161 -0.70710678118654735 3918.6678645833335 0.94531250000000011 3.5000000000000004 1156.5165573282791 1325.3492476184335
decision_type=2 2 2 2 2 2 2 2 2 2 2 2 2 2 2 2 2 2 2 2 2 2 2 2 2 2 2 2 2 2 2 2 2 2 2 2 2 2 2 2 2 2 2 2 2 2 2 2 2 2 2 2 2 2 2 2 2 2 2 2 2 2
left_child=2 21 3 4 -1 6 -5 -8 -7 11 18 -10 13 17 -12 22 -11 -4 38 -13 -3 46 23 31 35 -23 27 28 29 30 -18 -14 -33 -34 57 60 56 -38 -6 40 41 -22 -43 47 -45 -29 48 -44 -2 -35 52 -52 -42 58 -55 -47 -24 -27 -54 -59 -25 -62
right_child=1 20 12 5 10 8 7 -9 9 16 14 19 15 -15 -16 -17 26 -19 -20 -21 39 25 36 24 -26 34 -28 45 -30 -31 -32 32 33 49 -36 -37 37 -39 -40 -41 50 42 43 44 -46 55 -48 -49 -50 -51 51 -53 53 54 -56 -57 -58 59 -60 -61 61 -63
leaf_value=-0.030268438989069404 -0.0035045379059522276 -0.0041213693443624263 -0.013699595306745983 0.00083363871471803697 -0.014854620000761414 0.0017960040938475581 -0.011601656284183264 -0.033805412094040609 -0.025678704686809418 -0.015610874722280154 -0.022206511649012099 -0.0031498357021818094 0.0012734990694027925 -0.020386975936522271 -0.0078076504873779585 -0.010758957343641668 -0.0019631841104889576 -0.0012787611449231605 0.0033588283288885244 -0.016307615041732788 0.0086987698689068946 0.0036863874921854371 0.0048341696332726211 0.0022777443303157968 -0.01011796526883219 0.00047847794255223634 -0.0017998219571083007 0.0048736832613443457 -0.0025116287197452037 -0.019217177603174658 -0.014406482839486156 -0.01214322016436279 -0.012178981856309942 0.0013503357511239521 0.0048532583031337707 -0.00036648357791388192 -0.016591869597746566 0.00083807884127787876 -0.004474435881711542 0.006756706823588917 0.0010208513131796831 -0.0027860537070418462 0.0060931389417964964 -0.00084624999006029588 0.0066180114563399303 -0.0028287981344434178 -0.0066578748820575124 -0.0028231568902101311 0.00035489277896263511 -0.0072481205116957425 0.007686940778940791 -0.00017230425775051114 0.0029079697133719863 -0.0040946314700556043 0.0061468871886609117 -0.01056791358209234 0.00037200645980511003 0.00081686094893697412 0.0083290723344543946 0.003633935703215727 -0.0070206991874900478 -0.002057073120087871
leaf_weight=40 174 52 43 60 53 182 47 40 42 40 79 58 69 46 52 65 51 162 43 53 108 657 134 103 52 2879 470 40 59 50 45 90 41 98 224 1906 43 123 65 938 177 148 47 70 224 206 63 141 3777 49 597 49 101 48 47 48 821 516 255 505 84 2723
leaf_count=40 174 52 43 60 53 182 47 40 42 40 79 58 69 46 52 65 51 162 43 53 108 657 134 103 52 2879 470 40 59 50 45 90 41 98 224 1906 43 123 65 938 177 148 47 70 224 206 63 141 3777 49 597 49 101 48 47 48 821 516 255 505 84 2723
internal_value=-3.81172e-05 0.00192668 -0.00277297 -0.00679929 -0.0131562 -0.00537594 -0.0127841 -0.0220784 -0.00455677 -0.00555247 -0.0107167 -0.014095 -0.00166869 -0.00702146 -0.0165934 -0.00145773 -0.00424444 -0.00393796 -0.00586218 -0.00952189 0.00508587 0.000847899 -0.00136063 -0.00171676 -0.00147843 0.0014966 -0.00375963 -0.00559825 -0.00920174 -0.0118698 -0.00788437 -0.00504635 -0.00661388 -0.00391661 0.00114693 -0.00138307 0.000296151 -0.00374922 -0.00922237 0.00524951 0.00454384 0.00250825 0.00143491 0.00273406 0.00484396 -0.00306294 7.50652e-05 -0.000573638 0.000184082 -0.00154542 0.00572012 0.00709146 0.00430045 0.00558245 0.000983475 -0.00432702 0.00100251 0.000932865 0.00680352 0.00221242 -0.00204855 -0.00220806
internal_weight=20272 11797 8475 1823 332 1491 147 87 1344 1162 292 153 6652 251 131 6401 1009 205 161 111 3002 8795 6336 5215 4868 4781 969 499 205 146 96 347 278 188 4124 4816 1121 166 118 2950 2012 738 630 482 294 294 4014 188 3951 147 1274 646 628 451 95 254 955 3900 356 1021 2910 2807
internal_count=20272 11797 8475 1823 332 1491 147 87 1344 1162 292 153 6652 251 131 6401 1009 205 161 111 3002 8795 6336 5215 4868 4781 969 499 205 146 96 347 278 188 4124 4816 1121 166 118 2950 2012 738 630 482 294 294 4014 188 3951 147 1274 646 628 451 95 254 955 3900 356 1021 2910 2807
is_linear=0
shrinkage=0.03


Tree=59
num_leaves=63
num_cat=0
split_feature=9 9 27 1 20 12 29 22 32 8 20 0 30 13 34 32 12 1 9 2 22 6 32 15 8 1 11 7 28 15 0 18 32 8 13 32 8 7 20 32 22 30 7 8 21 22 1 13 7 12 10 13 7 21 21 28 25 28 8 15 12 4
split_gain=108.618 44.2814 27.5085 18.3379 22.0801 18.1711 12.8014 11.9334 13.6582 14.5181 12.2133 11.8737 11.5756 9.68484 7.55317 7.47014 8.79094 6.9652 6.21385 5.70607 4.62207 4.19531 7.36704 3.99185 3.76029 6.68589 3.69907 3.64923 4.8211 3.36569 3.42369 3.34443 3.32903 5.39581 3.23019 3.0374 3.61697 3.33932 2.96491 7.00191 11.9051 3.12934 2.88004 2.81527 2.77968 3.36467 2.64915 2.80921 2.64124 4.67308 4.22494 3.12941 2.99984 3.30801 2.84 2.63672 2.72783 2.50449 2.43836 2.71663 2.41222 2.40574
threshold=2415.5650000000005 3999.9450000000002 -21407.499999999996 5.5000000000000009 4463.9920312500008 2612.3685119047623 27.318750000000005 -0.61500000000023636 4434.0681770833344 -0.46989712924132493 3571.8685416666672 50.500000000000007 6.6312500000000005 1810.9692961891719 0.41145833333333343 3103.2558854166668 2709.8296205357151 5.5000000000000009 6520.5550000000012 3.5000000000000004 -987.07499999999993 -0.93540483100319605 2621.4678125000005 2241.8728125000002 0.63089349388778826 5.5000000000000009 1552.4500000000003 0.96904697354198299 3745.9916666666672 4982.2499479166681 21.500000000000004 5553.1350000000011 3571.8685416666672 -0.099822328936730861 2640.2734677741068 3730.3277604166674 -0.52947411406010902 -0.77786766366919291 2759.1634375000003 2621.4678125000005 -828.43499999999983 4.1125000000000034 -0.98930078251469888 -0.36648370705903521 6451.7750000000005 469.56499999999988 5.5000000000000009 1767.5335484438272 -0.72101013194340913 2601.21709077381 5468.880000000001 1833.4369572747426 -0.90893996196865023 4396.0600000000004 9999.6750000000011 4056.7783333333341 7703.9000000000005 5075.8333333333339 0.96849880583763492 2868.9832812500003 2953.0763095238103 1.0000000180025095e-35
decision_type=2 2 2 2 2 2 2 2 2 2 2 2 2 2 2 2 2 2 2 2 2 2 2 2 2 2 2 2 2 2 2 2 2 2 2 2 2 2 2 2 2 2 2 2 2 2 2 2 2 2 2 2 2 2 2 2 2 2 2 2 2 2
left_child=2 14 7 21 5 13 -6 8 9 -1 11 20 15 -5 23 16 -13 18 29 -12 -11 22 -4 -2 25 32 -22 46 -29 30 -3 -31 33 -9 58 38 37 -37 41 40 -40 57 -24 -38 60 -46 -25 55 49 54 52 -50 53 -51 -16 56 -48 -23 59 -32 -35 -20
right_child=1 17 3 4 6 -7 -8 24 -10 10 19 12 -14 -15 48 -17 -18 -19 61 -21 26 35 42 27 -26 -27 -28 28 -30 31 34 -33 -34 44 -36 36 43 -39 39 -41 -42 -43 -44 -45 45 -47 47 -49 51 50 -52 -53 -54 -55 -56 -57 -58 -59 -60 -61 -62 -63
leaf_value=-0.026131749397175292 -0.0087698343981939715 -0.00094683438481606955 -0.015308163415782314 -0.027011831088789868 -0.030045173473532912 -0.0013377023917423895 -0.010631798042506886 -0.014739424608026941 0.0005267130359298671 0.0053438770238103134 -0.01096026082133311 -0.022299801167860931 -0.0022648139068321008 -0.0065540686613795428 0.005417177003571692 -0.026949099656392601 -0.0056182372400825709 0.0010373712356579888 0.006080581624724587 -0.025913539406169077 -0.010853676560280811 -0.00090587078837914249 -0.0092670685383491203 -9.8090231623280618e-05 0.0012421646778796244 -0.01693923683973347 -0.0002527104891487397 -0.01054692006651229 -0.0012143946315122806 0.0034110958506685814 0.0068765490093146975 0.011169337921385322 -0.00072395753724357255 0.0032529751072457478 -0.0012514195677795215 -0.0095511799945348971 0.0063053662523340718 -0.0013587168123652895 -0.0018969100669381162 -0.0021618287359421113 -0.022617389671504496 0.0033449490399385289 -0.0024167360674671591 0.00034929150068235365 -0.0133371722092852 -0.0025439538716701634 -0.0039396674573487995 -0.0012078176358360413 0.0025324691846462352 -0.004847290421552632 -0.0077993612666614346 0.00075717576474223602 -0.0018973508071559618 0.001096410416994494 0.0010428887407961302 -0.00012696034848553743 -0.015014545469567542 -0.0084939168430199583 0.0066871574925702754 0.0027023935408395329 -0.0060592243647468944 0.0010735396853687558
leaf_weight=58 56 187 45 41 50 366 81 53 91 53 42 48 72 43 183 46 70 645 1539 57 55 583 59 2542 93 40 63 76 142 111 160 92 155 61 127 56 77 211 62 1193 41 154 725 849 47 58 41 380 1311 91 71 2807 716 1004 490 40 40 41 214 1129 41 92
leaf_count=58 56 187 45 41 50 366 81 53 91 53 42 48 72 43 183 46 70 645 1539 57 55 583 59 2542 93 40 63 76 142 111 160 92 155 61 127 56 77 211 62 1193 41 154 725 849 47 58 41 380 1311 91 71 2807 716 1004 490 40 40 41 214 1129 41 92
internal_value=-4.5884e-05 0.00136665 -0.0034774 -0.00243574 -0.00741911 -0.00424349 -0.018213 -0.00752178 -0.0102539 -0.0119911 -0.0103219 -0.00798758 -0.0123355 -0.0167397 0.000271245 -0.0167163 -0.0125343 0.00391325 0.00442089 -0.0197428 -0.00195006 -0.00172723 -0.00363223 -0.000898596 -0.00424352 -0.00536503 -0.00524352 -0.000760779 -0.00450124 0.00330587 0.0028935 0.00696466 -0.00421141 -0.00627973 0.00333439 -0.00124287 -3.66406e-05 -0.00310621 -0.00193637 -0.00281469 -0.010283 -0.00047151 -0.00294341 0.000850827 -0.00405327 -0.00745545 -0.000491422 -0.00248296 0.000852795 9.49946e-05 -0.000672338 0.00132283 -0.000388774 0.000598487 0.0022386 -0.00644482 -0.00952515 -0.00141724 0.00372245 0.00322545 -0.00051265 0.00579898
internal_weight=20166 14286 5880 4677 581 450 131 1203 655 564 506 407 236 84 9990 164 118 4296 3651 99 171 4096 829 3317 548 455 118 3261 218 2020 1817 203 415 260 1630 3267 1193 267 2074 1296 103 778 784 926 207 105 3043 501 6673 2555 1882 4118 1811 1095 673 121 81 624 1503 1289 102 1631
internal_count=20166 14286 5880 4677 581 450 131 1203 655 564 506 407 236 84 9990 164 118 4296 3651 99 171 4096 829 3317 548 455 118 3261 218 2020 1817 203 415 260 1630 3267 1193 267 2074 1296 103 778 784 926 207 105 3043 501 6673 2555 1882 4118 1811 1095 673 121 81 624 1503 1289 102 1631
is_linear=0
shrinkage=0.03


Tree=60
num_leaves=63
num_cat=0
split_feature=31 31 27 32 20 13 32 9 11 22 27 33 12 20 20 32 5 31 17 19 24 28 30 28 29 0 29 28 29 5 23 17 12 7 23 19 17 23 17 28 17 17 12 31 11 33 13 7 13 17 13 30 10 32 8 22 8 11 12 33 7 31
split_gain=107.003 47.7056 28.2462 14.1021 18.321 16.328 10.252 8.0784 7.82287 8.45461 7.29956 6.81291 14.977 5.98104 7.97884 7.42847 5.46892 5.32397 6.36192 5.80986 6.05065 5.25053 8.61944 4.98687 4.88433 5.40605 4.29016 6.78697 3.97974 3.91969 3.78277 3.6942 4.94946 4.12461 3.25357 2.92141 4.69285 3.49629 2.96994 2.86025 2.76272 3.81606 2.96593 2.91519 2.75594 3.8795 3.0453 2.72512 6.93924 2.6547 6.16447 2.60067 2.47314 2.7326 4.41883 6.31371 2.47014 2.43774 2.4124 2.61186 2.81707 2.40938
threshold=2339.8200000000002 5000.0850000000009 -21739.599999999995 4205.6587500000014 3571.8685416666672 2388.4587264619913 6481.8408333333346 3263.7300000000005 455.96000000000009 -0.61500000000023636 -24253.449999999997 4764.3650000000007 2780.6485342261908 3395.2583854166674 3020.3678125000001 3141.651770833334 -0.47114434510950048 1400.1200000000001 49.665000000000013 1029.6650000000002 1.281266939889941 6260.7450000000008 6.137500000000002 4129.6016666666674 29.443750000000005 54.500000000000007 28.156250000000004 5490.1250000000009 24.706250000000008 -0.72947329433276231 -2999.9707142857137 1512.9400000000003 5156.1066741071436 0.97314989601849466 977.2107142857144 1300.9650000000004 98.63000000000001 -40.255714285714305 99.620000000000019 6070.6400000000012 19.510000000000002 29.810000000000002 3520.1455877976191 9249.7600000000002 2750.6600000000003 4665.0650000000014 2783.582534592018 0.96904697354198299 2164.1526792547152 99.535000000000011 2485.2354778152489 3.1437500000000012 2710.4250000000006 4388.5488541666682 -0.26037106507032781 308.65000000000015 0.99932962452255414 1552.4500000000003 3270.2688616071432 9999.6750000000011 0.3933211724509133 897.41000000000008
decision_type=2 2 2 2 2 2 2 2 2 2 2 2 2 2 2 2 2 2 2 2 2 2 2 2 2 2 2 2 2 2 2 2 2 2 2 2 2 2 2 2 2 2 2 2 2 2 2 2 2 2 2 2 2 2 2 2 2 2 2 2 2 2
left_child=2 7 3 4 5 8 11 21 9 -1 -6 12 -4 14 28 -16 58 18 -18 20 -20 44 -23 -11 -14 -26 27 31 -10 -29 -28 32 40 -33 56 37 -37 -30 -38 47 -3 -42 43 -43 45 -2 49 52 -49 50 -47 -31 53 54 55 -19 -9 -7 -13 60 -60 -21
right_child=1 26 6 -5 10 57 -8 34 13 23 -12 16 24 -15 15 -17 17 39 19 61 -22 22 -24 -25 25 -27 30 29 35 51 -32 33 -34 -35 -36 36 38 -39 -40 -41 41 42 -44 -45 -46 46 -48 48 -50 -51 -52 -53 -54 -55 -56 -57 -58 -59 59 -61 -62 -63
leaf_value=-0.01906870686628211 -0.010020050581328438 0.0087069621840782929 -0.021495395208499871 -0.00021614839406836715 -0.025243014090853493 -0.025597739348720224 -0.016618001337274504 0.0010152958902243994 -0.010198862234617329 0.0017410523518919944 -0.010632341871646024 0.0014510314722232739 -0.0019530089681206652 0.005102766677737236 -0.0059779824610919716 -0.022401428443141455 -0.013309667704735772 -0.0030581401132407007 -0.018497969660277638 0.002409104004039605 -0.0051300777508891775 -0.016055943070817737 0.00020195700072993833 -0.012072190667130053 -0.015678326507933951 -0.0027243967955873812 -0.0027827356607719725 -0.0097900345109646087 -0.013071643636294315 -0.0040287960095331072 0.0064594240900213741 0.0058921391600028307 -0.0059825527000551418 -0.0014740784169564878 0.0050806127196858421 0.0052010787569321277 -0.010408626811169995 -0.0019138778325320932 -0.00073910150145820811 -0.0090446415140896155 -0.0051071022160570417 0.0025157049454737272 0.0011826141545471654 0.007154790514557645 0.00029917032218581971 -0.0015915502548777432 -0.0083074803993804375 0.00071728022037510926 -0.012444522911003635 -0.00018711858190825697 -0.013387511778961528 0.0056485212435814901 0.0006845970826841564 0.00047296364493917668 -0.0020691316721317167 -0.016946356257423755 0.0052896281188353888 -0.014399838194977947 -0.00030720779963303355 7.8115583110887273e-05 -0.0079966291504233386 -0.0033355490513727998
leaf_weight=77 41 79 48 182 81 41 45 4684 65 44 53 492 306 53 61 42 76 87 40 97 124 49 71 49 57 59 41 45 40 49 989 1009 53 73 194 88 40 67 95 50 50 245 336 245 3844 430 47 72 71 1954 43 49 358 322 1398 44 124 40 79 324 93 199
leaf_count=77 41 79 48 182 81 41 45 4684 65 44 53 492 306 53 61 42 76 87 40 97 124 49 71 49 57 59 41 45 40 49 989 1009 53 73 194 88 40 67 95 50 50 245 336 245 3844 430 47 72 71 1954 43 49 358 322 1398 44 124 40 79 324 93 199
internal_value=-5.20459e-05 0.00128527 -0.00359857 -0.0078589 -0.00934318 -0.00760957 -0.00252452 0.000375389 -0.00615649 -0.0117697 -0.0195857 -0.00237651 -0.00578695 -0.00440646 -0.00542668 -0.0128259 -0.00196686 -0.00261597 -0.00531758 -0.00397114 -0.00848289 -0.000323823 -0.00651451 -0.0055879 -0.00395362 -0.00916929 0.00448563 0.00374357 -0.00346974 -0.00256497 0.00608919 0.00417623 0.00286474 0.00539426 0.00128095 -0.0021175 -0.000155408 -0.00616742 -0.00365961 -0.00201115 0.00336148 0.00287003 0.0033585 0.0048451 -0.000205993 -0.000977912 -0.000824075 -0.00185785 -0.00585864 -0.000675793 -0.00268989 0.000818043 -0.00159633 -0.00203761 -0.00256629 -0.00781593 0.00112661 -0.020311 -3.59087e-05 -0.00151081 -0.00448705 -0.00145124
internal_weight=20303 14744 5559 1118 936 802 4441 11481 721 170 134 4396 470 551 498 103 3926 2938 536 460 164 6479 120 93 422 116 3263 2233 395 143 1030 2090 1008 1082 5002 330 223 107 135 2402 955 876 826 490 6359 2515 2474 2352 143 2427 473 98 2209 1851 1529 131 4808 81 988 496 172 296
internal_count=20303 14744 5559 1118 936 802 4441 11481 721 170 134 4396 470 551 498 103 3926 2938 536 460 164 6479 120 93 422 116 3263 2233 395 143 1030 2090 1008 1082 5002 330 223 107 135 2402 955 876 826 490 6359 2515 2474 2352 143 2427 473 98 2209 1851 1529 131 4808 81 988 496 172 296
is_linear=0
shrinkage=0.03


Tree=61
num_leaves=63
num_cat=0
split_feature=31 31 27 30 8 0 11 7 21 31 14 33 12 31 34 8 7 1 29 0 28 7 7 1 24 12 34 21 10 29 28 8 9 13 29 13 24 30 28 8 12 9 21 9 2 26 28 11 11 11 13 29 13 8 9 15 12 1 12 28 34 29
split_gain=97.8396 36.6588 33.0582 13.4551 16.8393 17.1597 9.54415 9.81696 10.3949 8.35739 7.65313 23.0788 5.73312 5.58633 5.25615 5.06979 5.5963 18.5619 5.23396 4.4981 6.63598 4.29428 4.32579 4.12318 3.91284 3.81482 8.35675 3.81332 3.55224 3.42841 7.16792 3.32721 3.02364 3.04067 11.0485 2.93832 2.917 2.82421 3.38655 2.80477 4.82832 2.82414 2.79575 3.57689 3.09606 2.74378 2.73849 2.76148 2.58128 2.53173 3.34151 2.48494 2.39599 2.62681 2.37969 2.36396 3.98931 2.35522 2.50232 3.25116 3.32974 2.26463
threshold=2691.2750000000001 5573.2850000000008 -22142.349999999995 6.700000000000002 0.63089349388778826 50.500000000000007 948.0150000000001 0.9893236546938301 9349.7650000000012 897.41000000000008 1931.1507142857142 4500.7050000000008 2709.8296205357151 4063.0700000000006 0.38802083333333343 -0.46989712924132493 0.9550229469509578 5.5000000000000009 25.781250000000004 45.500000000000007 4150.2716666666674 -0.99275805973510278 -0.91936887716170002 5.5000000000000009 0.94068252636068828 2464.6969642857148 0.12239583333333336 4339.8900000000003 4585.0950000000003 28.156250000000004 5490.1250000000009 0.56901594657981336 499.33000000000004 2504.0335721002498 29.031250000000004 2401.2363847002457 0.81294021610004663 8.0062499999999996 5642.3600000000015 -0.031174269516803289 3496.45974702381 796.6400000000001 5012.3750000000009 3212.6500000000001 9.5000000000000018 36429.200000000004 4880.1766666666681 1900.4400000000003 3220.8600000000001 2000.9200000000003 2485.2354778152489 27.381250000000005 1497.9893096920948 0.96849880583763492 4037.4450000000002 6096.4086979166677 4634.2425372023818 4.5000000000000009 4009.7827232142863 3860.8983333333335 0.82031250000000011 25.606250000000006
decision_type=2 2 2 2 2 2 2 2 2 2 2 2 2 2 2 2 2 2 2 2 2 2 2 2 2 2 2 2 2 2 2 2 2 2 2 2 2 2 2 2 2 2 2 2 2 2 2 2 2 2 2 2 2 2 2 2 2 2 2 2 2 2
left_child=2 13 3 4 5 9 45 8 -8 12 11 -4 -1 24 21 18 -17 48 -12 -11 -21 -13 -23 39 27 26 -24 36 52 30 42 61 -27 35 -35 -34 -2 38 -20 40 -5 -41 -3 -44 55 -7 -36 -48 -18 50 -29 -32 -15 -54 -55 56 57 58 59 60 -45 -30
right_child=1 29 10 23 -6 6 7 -9 -10 19 15 14 -14 28 -16 16 17 -19 37 20 -22 22 25 -25 -26 32 -28 49 31 -31 51 -33 33 34 46 -37 -38 -39 -40 41 -42 -43 43 44 -46 -47 47 -49 -50 -51 -52 -53 53 54 -56 -57 -58 -59 -60 -61 -62 -63
leaf_value=-0.0071906264644348988 -0.0012068493925489303 0.0086288821138441572 -0.020078991108912057 -0.010209015743434429 0.00078416235346747472 -0.01997753972574038 -0.028510187085279644 -0.0018542245050775818 -0.01084289355109198 0.00068224312977330519 -0.01431573742752274 -0.0094228381740778123 -0.022317741176356438 0.0061701899904211786 -0.013219413516046273 -0.00075016212116755447 0.00081847828229346983 -0.020241016595752843 -0.0024094739279991533 -0.0021207248851318251 -0.017458944749918631 0.00080831707037586661 -0.019130358720516286 -0.011733520671313759 0.00086557300118132079 0.0030096728333373025 -0.0023274703764428312 -0.0015697759475819218 -0.0038242785513196418 0.0061674057646124332 -0.0072231945416297095 0.0022798377245739432 -0.0025658254558562476 -0.020122383282429015 0.00079127494953647854 0.0046086721056225622 -0.012627284265373176 0.0027183222486392451 -0.01008591214710897 0.0064716064510020339 0.00023166140400652968 -0.0018431065613529769 -0.0042939069593946142 -7.6469398081239741e-05 0.0063812711206188534 -0.031789825246777641 -0.011564366905950009 -0.0015510199614800512 -0.0076308942899653096 -6.1217149850860528e-05 -0.010458150277176793 0.0014498367546392338 0.001887699103892704 0.0026406315219355747 0.0090100095640764256 0.00679175719738828 -0.0026149611410719695 0.0073674731217596989 0.0058484064245356189 -0.001130590734681101 0.0063056861602350089 0.00067677864905946509
leaf_weight=47 40 131 72 74 106 46 50 47 78 100 44 78 45 173 42 4338 157 57 175 65 41 330 40 42 4689 82 77 203 197 935 63 419 799 40 92 54 40 56 73 54 85 110 44 123 457 42 47 52 40 2201 46 55 1209 120 95 160 106 123 185 206 182 204
leaf_count=47 40 131 72 74 106 46 50 47 78 100 44 78 45 173 42 4338 157 57 175 65 41 330 40 42 4689 82 77 203 197 935 63 419 799 40 92 54 40 56 73 54 85 110 44 123 457 42 47 52 40 2201 46 55 1209 120 95 160 106 123 185 206 182 204
internal_value=-8.48948e-06 0.00164524 -0.00264642 -0.00764439 -0.0101762 -0.0122449 -0.0178239 -0.0136342 -0.0179117 -0.00727794 -0.0018807 -0.00355207 -0.0147502 0.00077068 -0.00285425 -0.00126941 -0.00100424 -0.00532363 -0.00475556 -0.00388569 -0.00816115 -0.00258915 -0.00225306 -0.00300257 0.0003526 -0.00304049 -0.00818549 -0.00059809 0.00201872 0.00468621 0.00392853 0.000412989 -0.00251765 -0.00293816 -0.00598587 -0.00210677 -0.00700246 -0.00332944 -0.0047005 -0.00183457 -0.00466096 0.000917294 0.00442018 0.00406734 0.00430855 -0.0259091 -0.00293596 -0.00637294 -0.000927006 -0.000386196 -0.00324707 -0.00320247 0.00284243 0.0024341 0.00548369 0.00343045 0.00284233 0.00355097 0.0028669 0.00177818 0.00374006 -0.00153848
internal_weight=20183 12406 7777 1032 667 561 263 175 128 298 6745 1805 92 9636 1733 4940 4592 254 348 206 106 1691 1613 365 7219 1283 117 2530 2417 2770 1835 820 1166 1084 231 853 80 304 248 323 159 164 1717 1586 1542 88 191 99 197 2450 249 118 1597 1424 215 1085 925 819 696 511 305 401
internal_count=20183 12406 7777 1032 667 561 263 175 128 298 6745 1805 92 9636 1733 4940 4592 254 348 206 106 1691 1613 365 7219 1283 117 2530 2417 2770 1835 820 1166 1084 231 853 80 304 248 323 159 164 1717 1586 1542 88 191 99 197 2450 249 118 1597 1424 215 1085 925 819 696 511 305 401
is_linear=0
shrinkage=0.03


Tree=62
num_leaves=63
num_cat=0
split_feature=31 31 9 33 1 34 33 0 16 32 15 9 0 27 15 16 31 16 31 17 17 12 13 7 31 17 23 12 33 17 10 0 12 19 32 32 17 20 11 9 1 12 29 32 29 33 0 29 13 12 7 32 0 6 8 17 1 15 16 20 15 17
split_gain=94.6701 40.9768 28.9915 27.2671 15.9861 16.8872 13.1075 11.1019 10.4996 27.9786 10.4868 7.46479 7.14128 6.73475 6.46649 10.3436 5.63796 5.47437 4.87068 4.29835 4.50907 4.27675 4.57089 13.1525 3.46604 3.42847 3.0467 3.0757 4.30128 3.32159 3.03364 3.20905 5.97374 7.85055 20.4441 3.33025 2.9366 2.62342 3.07754 2.67811 3.56947 2.53004 2.45417 3.4862 6.78062 2.4447 3.38481 4.95673 2.24499 2.1986 2.67362 3.55655 3.42264 3.13673 2.8697 3.3585 3.20292 2.26186 2.23486 3.24885 2.06345 3.16024
threshold=2459.8450000000007 5999.8400000000011 1866.5800000000002 4466.2650000000003 5.5000000000000009 0.085937500000000014 4289.7250000000013 50.500000000000007 3937.2600000000007 2957.5646875000002 1580.1790625000001 3700.0850000000005 54.500000000000007 -23101.349999999999 3291.6371354166672 6000.0100000000011 1340.1450000000002 3362.7800000000002 499.23500000000007 299.58500000000009 399.36000000000007 3861.9938244047626 2855.2381298880427 0.94978112945126536 199.96500000000003 1496.4750000000001 1457.6914285714286 2933.4315997023814 4900.505000000001 1254.7450000000001 2610.7200000000003 60.500000000000007 2667.4950595238101 1924.0300000000002 2928.0587500000006 5135.1303125000004 1540.595 6481.8408333333346 5005.9350000000004 3999.9450000000002 1.0000000180025095e-35 2299.517254464286 33.831250000000011 5785.1868229166676 28.231250000000006 4396.0600000000004 26.500000000000004 23.918750000000006 1886.5519185035912 2501.8138764880955 -0.33323705862247266 4734.7300520833342 65.500000000000014 0.22695468355932433 0.33222858587828868 199.45500000000001 1.5000000000000002 3823.2415625000003 6815.4900000000007 2549.374895833334 3911.7951562500002 2000.7050000000002
decision_type=2 2 2 2 2 2 2 2 2 2 2 2 2 2 2 2 2 2 2 2 2 2 2 2 2 2 2 2 2 2 2 2 2 2 2 2 2 2 2 2 2 2 2 2 2 2 2 2 2 2 2 2 2 2 2 2 2 2 2 2 2 2
left_child=2 11 3 6 7 -6 18 10 9 -9 -5 17 14 -7 15 -10 -17 -2 -1 -14 -21 24 23 -23 -4 48 27 28 -13 -29 31 32 33 34 -26 60 -24 39 -39 40 -3 -12 43 45 -45 46 -19 -48 -16 57 51 53 -53 -51 58 56 -56 -47 59 -55 61 -34
right_child=1 37 21 4 5 13 -8 8 12 -11 41 26 19 -15 25 16 -18 42 -20 20 -22 22 36 -25 30 -27 -28 29 -30 -31 -32 -33 35 -35 -36 -37 -38 38 -40 -41 -42 -43 -44 44 -46 49 47 -49 -50 50 -52 52 -54 54 55 -57 -58 -59 -60 -61 -62 -63
leaf_value=-0.0183930732249174 -0.0081489480038483934 0.0051866865731691088 -0.0073550825026564154 -0.013704194649194295 -0.024243397306969488 -0.014871436496602093 -0.030778072195557445 -0.0031437082805738704 -0.0038719297885739549 -0.033228384002881202 -0.0081223759402358972 -0.004674681170673347 0.00013789162912685127 -0.00026804508666877872 0.0045289088804058211 -0.024709019395716798 -0.011474706760778183 0.00042556174784504736 -0.0038231070073587547 -0.01485639906638847 -0.0031851862322453965 -0.0037589793369697164 0.0050659784061439419 -0.021042400491423904 -0.026644936713736921 -0.009741021185067528 0.0079749935717505563 -0.00058137817640896026 0.0050504084050847177 0.0019186993159803218 0.00044649022900240256 0.0012769401985879671 -0.001414131480679819 0.00037594677361829035 -0.0023354853010447373 -0.0081578208489918314 -0.0027374317317914502 -0.0038491407646190209 0.0051116273176613387 0.0052917154096274151 -0.0011997662353290641 -0.00091138423845184508 0.0038503448344011492 -0.014797393459735846 0.0016324822814546198 0.0015419968284532694 -0.00032054350191597331 -0.014818377067703148 -0.0040107989752700976 0.00091013898282059781 0.00062786200960263897 -0.0023412583855290082 -0.011831812337257488 0.0023192359408858465 -0.0083941631483265989 -0.00086176381773653407 -0.0022106431187863735 0.0083350152807200647 0.00091578243071035353 -0.0044339451901242617 0.00092395814173497001 -0.0090227294487276056
leaf_weight=42 71 175 78 64 75 46 51 71 89 45 45 45 233 72 42 53 70 103 41 40 112 408 68 43 48 60 70 642 385 1870 939 309 1377 87 86 63 116 68 68 2193 142 924 158 40 50 333 42 42 77 1233 4126 171 42 95 130 508 180 50 721 193 336 50
leaf_count=42 71 175 78 64 75 46 51 71 89 45 45 45 233 72 42 53 70 103 41 40 112 408 68 43 48 60 70 642 385 1870 939 309 1377 87 86 63 116 68 68 2193 142 924 158 40 50 333 42 42 77 1233 4126 171 42 95 130 508 180 50 721 193 336 50
internal_value=-3.65167e-05 0.00133926 -0.00310119 -0.00582414 -0.00498813 -0.0132011 -0.0189032 -0.00415827 -0.0066085 -0.0149987 -0.00203814 0.000552185 -0.0053366 -0.00603802 -0.00818818 -0.0117252 -0.0173306 8.72882e-05 -0.0113271 -0.00242687 -0.00633358 -0.00157016 -0.00382707 -0.00544975 -0.00114427 -0.00395723 0.00183097 0.00168212 0.00402418 0.00127977 -0.000995058 -0.00156954 -0.00199964 -0.00664732 -0.0111762 -0.0014338 0.000158232 0.00469907 0.000635851 0.00491888 0.0023311 -0.00125429 0.000159437 8.66069e-05 -0.00575205 0.000153261 -0.00322721 -0.00765851 -0.00098416 0.000234897 0.000120012 -0.000520188 -0.00425918 -0.000258619 -0.00104745 -0.00236679 -0.00482239 0.00244821 2.3422e-05 -0.00220602 -0.00118904 -0.00168686
internal_weight=20206 13946 6260 2252 2118 193 134 1925 892 116 1033 11300 776 118 391 212 123 8288 83 385 152 4008 635 451 3373 179 3012 2942 430 2512 3295 2356 2047 221 134 1826 184 2646 136 2510 317 969 8217 8059 90 7969 187 84 119 7782 7399 3273 213 3060 1827 818 310 383 1009 288 1763 1427
internal_count=20206 13946 6260 2252 2118 193 134 1925 892 116 1033 11300 776 118 391 212 123 8288 83 385 152 4008 635 451 3373 179 3012 2942 430 2512 3295 2356 2047 221 134 1826 184 2646 136 2510 317 969 8217 8059 90 7969 187 84 119 7782 7399 3273 213 3060 1827 818 310 383 1009 288 1763 1427
is_linear=0
shrinkage=0.03


Tree=63
num_leaves=63
num_cat=0
split_feature=31 14 31 33 16 6 18 9 20 32 12 30 0 13 17 7 17 28 13 28 8 30 12 13 9 10 26 28 13 15 31 15 12 34 26 13 34 21 22 14 23 20 20 0 28 17 13 28 20 15 20 7 25 1 13 30 28 6 30 8 7 15
split_gain=84.1687 37.6646 24.1319 11.1538 10.9768 10.7217 27.2647 10.3826 8.33263 6.90798 10.2732 8.48406 8.4404 6.02886 6.44944 5.72203 9.18047 11.7504 7.58843 7.18025 5.82144 6.61871 5.66562 5.17411 7.78635 4.47833 4.43113 4.28588 4.22612 12.0324 5.8676 4.2084 4.83375 3.98618 7.07338 3.93518 3.71156 3.70315 4.98021 3.6077 3.57558 3.50305 4.44598 3.92824 3.31235 3.16998 3.15425 8.75366 3.14994 3.18997 2.99618 2.9736 2.77548 2.75398 2.63652 2.50204 5.00734 2.93629 5.79904 3.39992 2.40027 2.37519
threshold=3107.8750000000005 1301.592142857143 5999.8400000000011 5474.9750000000013 3816.5150000000008 -0.70710678118654757 1724.9050000000004 1453.7150000000004 6538.5306250000003 4471.6952083333335 3105.8277083333337 5.5500000000000034 50.500000000000007 2253.6839008812026 1439.5150000000001 0.96904697354198299 29.810000000000002 4056.7783333333341 2394.1969015506279 3709.4350000000004 -0.46989712924132493 1.9937500000000006 3032.2829166666675 2401.2363847002457 2699.1350000000007 5300.1900000000005 35671.250000000007 4642.3883333333342 2612.8569198096543 3512.9459895833338 399.89500000000004 3911.7951562500002 2798.2370014880958 0.070312500000000014 30107.000000000004 2227.3137757300087 0.13281250000000003 4059.5000000000005 374.24999999999983 779.81714285714293 358.89428571428567 3927.315364583334 3980.3703125000006 66.500000000000014 6402.1216666666687 99.595000000000013 1513.8308317699468 4421.1983333333346 3246.4984375000008 3083.1983333333342 2548.2455729166672 0.96234642434711437 8818.6500000000015 1.5000000000000002 1737.3573913285638 3.8625000000000029 5490.1250000000009 0.13052619222005152 1.0500000000000027 0.97263757644091875 -0.99985146406598202 3918.6678645833335
decision_type=2 2 2 2 2 2 2 2 2 2 2 2 2 2 2 2 2 2 2 2 2 2 2 2 2 2 2 2 2 2 2 2 2 2 2 2 2 2 2 2 2 2 2 2 2 2 2 2 2 2 2 2 2 2 2 2 2 2 2 2 2 2
left_child=1 3 13 33 5 6 22 9 15 10 11 12 27 31 23 20 17 -17 45 -20 21 -6 -3 24 -15 -25 -14 54 30 52 -23 41 -33 -1 -35 61 46 38 -38 -13 48 60 43 -43 55 -18 47 -22 -32 -50 -39 -52 -30 -16 -5 56 57 -4 59 -59 -2 -34
right_child=2 4 44 7 8 -7 -8 -9 -10 -11 -12 39 26 14 53 16 18 -19 19 -21 36 28 -24 25 -26 -27 -28 -29 29 -31 40 32 35 34 -36 -37 37 50 -40 -41 -42 42 -44 -45 -46 -47 -48 -49 49 -51 51 -53 -54 -55 -56 -57 -58 58 -60 -61 -62 -63
leaf_value=-0.023245298306046182 -0.0045716724568046624 0.0025270003267464092 0.0055091000495976188 0.0026333162676906441 -0.012322175258199092 -0.002972157930153711 -0.032784763941807404 -0.0017637013425398538 -0.012194702139357106 0.00022967200170257197 -0.022105237110150291 -0.0083611043610681696 -0.011580364825028293 -0.01738275234405769 0.0041626844459232756 -0.0035278956097475177 0.0057249317129911938 -0.022697544998954981 -0.018801576215773819 -0.0026313295115100882 -0.0015453419128332185 -0.011419639943734457 -0.011789682418107985 0.00024266692051241987 -0.0033034239043031864 -0.0076940833888029759 -0.024338846595360421 -0.013895745278590903 -0.0058499260858463293 -0.020050095606764608 0.0077781776847461086 0.01078436324140057 0.0085269148888833385 -0.0022340921407974349 -0.018941165585226068 0.0089218379595670198 -0.01378774275392061 0.0019567120678267787 -0.00026689761254237966 0.001747673998740161 -0.0059447811552847969 -0.013623364037643609 0.00023299780892637419 -0.00099333309073699637 -0.0026726102420913151 -0.0013207350278152748 -0.0013960064708863512 -0.017803009744824429 -0.0055970979957400179 0.0012612791100381723 -0.0003865298267775597 0.0065014016329261815 0.0032356290692197422 0.00059170187172575032 -0.0072263401914693286 0.00590913306510311 -0.0038636904392509493 -0.00076020782398110302 0.0060365109187503806 0.0065134840703436302 0.001699506404408527 0.0018540134122816544
leaf_weight=42 55 55 828 40 65 427 41 297 59 66 56 51 52 40 240 73 68 47 41 61 110 45 44 647 263 70 52 52 65 43 51 73 50 40 53 86 41 576 59 81 82 43 363 45 56 343 1354 40 75 309 5457 56 55 1007 60 926 70 332 296 69 3058 851
leaf_count=42 55 55 828 40 65 427 41 297 59 66 56 51 52 40 240 73 68 47 41 61 110 45 44 647 263 70 52 52 65 43 51 73 50 40 53 86 41 576 59 81 82 43 363 45 56 343 1354 40 75 309 5457 56 55 1007 60 926 70 332 296 69 3058 851
internal_value=-3.06408e-05 -0.00185571 0.00202881 -0.00758077 -0.00130141 -0.00534871 -0.0125247 -0.00623106 -0.00105074 -0.00882409 -0.0101674 -0.00839204 -0.0115682 0.00110229 -0.000164985 -0.000977284 -0.00372661 -0.0111615 -0.00196911 -0.00925057 -0.000771715 -0.00322251 -0.00389024 -0.00193323 -0.00521315 -0.000541827 -0.0181306 -0.00698899 -0.00239083 -0.00662868 -0.00115211 0.0017235 0.00338241 -0.0155439 -0.0118555 0.00282459 -0.000519654 -0.000194697 -0.00589207 -0.00219149 -0.000238098 0.0012293 -0.00123962 -0.00724855 0.00450496 -0.000143963 -0.00185584 -0.00596991 0.000848813 -8.93063e-05 -0.000100177 -0.000315397 -0.00169339 0.00128176 -0.00329545 0.0046654 0.00394008 0.00430058 0.00285908 0.000504464 0.00158728 0.00223336
internal_weight=20152 10684 9468 942 9742 567 140 807 9175 510 444 388 256 6891 2267 9116 633 120 513 102 8483 790 99 1020 303 717 104 152 725 163 562 4624 1060 135 93 987 7693 6189 100 132 517 3564 451 88 2577 411 1504 150 435 384 6089 5513 120 1247 100 2521 1595 1525 697 401 3113 901
internal_count=20152 10684 9468 942 9742 567 140 807 9175 510 444 388 256 6891 2267 9116 633 120 513 102 8483 790 99 1020 303 717 104 152 725 163 562 4624 1060 135 93 987 7693 6189 100 132 517 3564 451 88 2577 411 1504 150 435 384 6089 5513 120 1247 100 2521 1595 1525 697 401 3113 901
is_linear=0
shrinkage=0.03


Tree=64
num_leaves=63
num_cat=0
split_feature=9 27 14 33 26 32 5 22 32 32 34 27 19 20 30 10 1 32 7 28 30 1 14 15 9 13 32 20 20 14 17 30 8 5 20 8 13 12 32 13 19 25 23 16 12 9 17 12 25 6 10 22 6 13 21 27 20 32 12 15 23 16
split_gain=85.4321 26.7414 26.6077 14.1136 15.0902 9.61319 7.5209 8.22247 9.1788 16.3189 6.84309 6.53129 6.3554 5.51758 4.9547 6.66815 4.86386 4.56515 7.13486 5.43102 4.40526 4.37002 4.03951 6.96959 11.6231 3.94324 3.86446 5.31833 11.0114 3.29679 3.99205 3.29065 3.13094 3.05941 3.01996 2.89884 2.6441 2.79177 2.58386 2.48349 2.43312 2.56412 2.43143 2.32179 2.45543 2.58496 2.28287 2.24445 2.21115 2.10277 2.06972 2.041 1.97777 1.96994 2.79217 2.61506 2.37842 1.94504 2.84554 1.87797 1.94112 1.81279
threshold=2620.3850000000007 787.85000000000048 1301.592142857143 4466.2650000000003 26539.100000000002 2516.3329687500004 -0.19509032201612828 408.82499999999987 3676.3158854166672 3183.39015625 0.63020833333333337 -23101.349999999999 1202.7100000000003 6538.5306250000003 1.8062500000000006 2380.9650000000006 5.5000000000000009 4336.7301562500006 0.99700008544936913 6112.8550000000014 4.200000000000002 5.5000000000000009 1787.3778571428572 1939.7336979166669 401.79000000000002 1804.0505770258894 3141.651770833334 3225.0865104166674 3053.4320833333336 5838.7042857142869 19.510000000000002 4.5500000000000034 -0.022575793296316496 -0.72947329433276231 6538.5306250000003 0.6174544326165855 2119.3300008554529 5329.2672470238103 4816.4069270833343 3057.8382860253264 1300.9650000000004 8464.0000000000018 -1198.075714285714 3816.5150000000008 2696.6477604166671 2100.1850000000004 1619.5250000000003 2464.6969642857148 9822.4500000000025 0.38268343236508956 1819.0250000000003 -769.68499999999995 0.35206144883412549 2187.3191394212449 9999.6750000000011 -24253.449999999997 4056.5853645833336 3432.0963020833337 3215.7238839285724 1939.7336979166669 548.32857142857154 3590.2500000000005
decision_type=2 2 2 2 2 2 2 2 2 2 2 2 2 2 2 2 2 2 2 2 2 2 2 2 2 2 2 2 2 2 2 2 2 2 2 2 2 2 2 2 2 2 2 2 2 2 2 2 2 2 2 2 2 2 2 2 2 2 2 2 2 2
left_child=2 10 5 4 14 20 7 8 9 12 34 -10 -7 17 -4 -16 29 18 22 40 -1 53 23 24 -5 31 32 28 -28 30 -3 43 50 35 39 -18 -35 -38 47 59 41 -19 -31 44 45 49 -41 51 -9 -24 -25 -12 61 54 -8 -56 -55 -45 -59 -2 -61 -49
right_child=1 16 3 13 -6 6 21 48 11 -11 38 -13 -14 -15 15 -17 33 19 -20 -21 -22 -23 25 26 -26 -27 27 -29 -30 42 -32 -33 -34 36 -36 -37 37 -39 -40 46 -42 -43 -44 57 -46 -47 -48 52 -50 -51 -52 -53 -54 56 55 -57 -58 58 -60 60 -62 -63
leaf_value=-0.022060351717472074 -0.0055931886579168753 0.011908300585875458 -0.00067618741361527806 0.00015678835500563894 -0.020596255034598634 -0.017579491473197078 0.0038156990865971163 -0.006377747577928897 -0.01122221740661189 -0.028558755023404953 0.01050215053891893 0.0034847318225540219 -0.0039347679913043975 -0.010142240417745909 -0.016267770000386161 -0.0020827562823673828 -0.0039028113050193348 -0.0073567494241612366 -0.01081860663930744 -0.0092514112284954857 -0.010304551025030093 -0.012648270405011207 0.0035272116004489359 -0.00095121926975060391 -0.02158972140168771 -0.0019737942811128982 -0.0032965953690622298 -0.001926939364812892 -0.020468580463356749 0.0029025646788633768 0.0026562031368226467 0.0042888796339951912 0.0014153935495298355 0.0078357122735640793 -0.0078224277743158214 0.0025644691679797588 -0.0011709337320593793 0.0079494588876642819 0.0050827307220416788 0.0085432776710081641 0.0014831050943870897 0.00013530019711057735 0.0058499950822241574 0.00087162478787416986 0.0023232601067866196 -0.0088857369833858692 0.00029444864809712664 -0.0039926046511779226 0.0025783018675994956 -0.005392869770950214 -0.0099651945365725886 0.0028687519659551098 0.00061318156912728086 -0.010217766355619662 -0.0069308739480945991 -0.00014179923024764936 -0.00068173855846357897 -0.0095092383259907359 -0.0003153510049186562 -0.00016309763148806243 0.0017131332317971903 0.0021059035006739933
leaf_weight=49 53 43 134 41 67 51 76 45 59 59 42 49 77 66 58 61 145 60 78 50 76 40 41 51 47 2658 100 241 50 318 964 146 249 84 43 108 114 40 183 58 823 126 1272 716 55 79 62 44 53 54 41 123 1917 53 84 128 42 41 109 4837 552 1923
leaf_count=49 53 43 134 41 67 51 76 45 59 59 42 49 77 66 58 61 145 60 78 50 76 40 41 51 47 2658 100 241 50 318 964 146 249 84 43 108 114 40 183 58 823 126 1272 716 55 79 62 44 53 54 41 123 1917 53 84 128 42 41 109 4837 552 1923
internal_value=7.71287e-07 0.0014585 -0.00262209 -0.00191247 -0.00803975 -0.00732223 -0.00612127 -0.00910613 -0.0116002 -0.0156094 0.000693779 -0.00457887 -0.00946547 -0.00158007 -0.00464651 -0.00907441 0.00389355 -0.00148186 -0.00187535 0.00030064 -0.0150513 -0.00333316 -0.00172526 -0.0036383 -0.0115699 -0.0013221 -0.0026703 -0.00470197 -0.00911824 0.00441115 0.0030627 7.41726e-05 -0.000333781 0.00115249 6.1864e-06 -0.00114285 0.00358705 0.001234 0.00160423 6.81049e-05 0.000782673 -0.00230791 0.0052627 -0.000491189 -0.00317053 -0.00491042 0.00431904 0.0014458 -0.00155705 -0.00154651 -0.00503227 0.00486336 0.0012994 -0.0023299 -0.00108515 -0.00285172 -0.00605286 0.00022016 -0.00287468 -2.64075e-05 2.93685e-05 0.00196753
internal_weight=20108 12925 7183 6242 320 941 816 393 295 187 9837 108 128 5922 253 119 3088 5856 4797 1059 125 423 4719 820 88 3899 732 391 150 2597 1007 1241 341 491 5605 253 238 154 4232 5562 1009 186 1590 1095 229 174 120 4049 98 95 92 165 3884 383 288 212 95 866 150 5442 5389 1967
internal_count=20108 12925 7183 6242 320 941 816 393 295 187 9837 108 128 5922 253 119 3088 5856 4797 1059 125 423 4719 820 88 3899 732 391 150 2597 1007 1241 341 491 5605 253 238 154 4232 5562 1009 186 1590 1095 229 174 120 4049 98 95 92 165 3884 383 288 212 95 866 150 5442 5389 1967
is_linear=0
shrinkage=0.03


Tree=65
num_leaves=63
num_cat=0
split_feature=14 9 33 33 7 14 10 11 32 13 34 22 33 30 13 1 34 27 20 20 14 11 22 25 13 13 7 22 17 24 11 13 26 17 9 21 21 15 13 6 1 18 30 17 20 33 33 13 32 20 16 20 24 32 26 18 32 20 20 7 7 33
split_gain=83.1495 35.6954 23.152 23.405 16.9327 12.4193 8.96974 8.11293 7.73634 10.3856 10.3164 7.95523 7.40579 6.55121 5.93691 7.64694 5.68688 5.6357 5.05895 4.90598 4.73065 4.55394 4.27409 5.98305 3.65548 3.39301 4.78314 6.40111 3.34928 3.23261 3.17473 3.38163 3.10297 3.06912 3.00016 2.94859 3.89126 2.81638 4.53514 2.77788 4.11047 3.97908 5.43138 5.70038 3.30769 3.12584 6.96456 2.50089 3.52355 3.78429 4.19734 4.26306 2.64016 2.48938 2.42276 2.34575 2.34136 4.10354 3.71299 3.27985 2.36609 2.33556
threshold=2236.7757142857149 3839.7050000000004 5474.9750000000013 5115.630000000001 -0.98664820696349753 1343.4850000000004 1750.5100000000002 1750.6650000000002 4471.6952083333335 2501.3656142919986 0.075520833333333356 -808.89999999999998 4579.3100000000004 5.5500000000000034 2179.4365469150875 4.5000000000000009 0.55468750000000011 8258.3000000000011 3485.4284895833339 6913.9380729166669 1301.592142857143 1700.45 -2899.6249999999991 5451.4500000000007 2995.0939072115921 2692.1841111005619 -0.61913973745509387 -521.67499999999984 17.115000000000006 1.2347019723864665 3749.8400000000006 2340.1691463807042 31650.750000000004 473.68500000000006 299.14000000000004 4535.4800000000005 4865.0250000000005 2197.0835416666673 2366.6594058874193 -0.84874750804349197 5.5000000000000009 1543.3750000000002 7.200000000000002 398.87500000000006 2957.5646875000002 9000.1650000000027 7599.6750000000011 1833.4369572747426 4520.7144270833351 2191.0721354166672 3745.2700000000004 2726.5368750000002 1.068335547156299 3402.0204687500004 35671.250000000007 1750.2950000000003 4050.4395312500005 3853.6221354166669 4018.8450520833335 0.89546819317495652 0.86275003778655002 4339.8900000000003
decision_type=2 2 2 2 2 2 2 2 2 2 2 2 2 2 2 2 2 2 2 2 2 2 2 2 2 2 2 2 2 2 2 2 2 2 2 2 2 2 2 2 2 2 2 2 2 2 2 2 2 2 2 2 2 2 2 2 2 2 2 2 2 2
left_child=2 16 3 4 -1 8 7 12 9 10 11 -4 -6 29 15 53 19 28 34 24 -14 55 23 -18 25 37 -27 -28 -3 -8 31 -30 -11 -33 -12 -7 -37 38 -2 40 45 42 43 44 -41 46 -38 48 49 -24 51 52 -51 -13 -36 -15 57 59 -59 60 -32 -39
right_child=1 17 5 -5 6 35 13 -9 -10 32 18 14 20 21 -16 -17 22 -19 -20 -21 -22 -23 47 -25 -26 26 27 -29 30 -31 56 33 -34 -35 54 36 39 61 -40 41 -42 -43 -44 -45 -46 -47 -48 -49 -50 50 -52 -53 -54 -55 -56 -57 -58 58 -60 -61 -62 -63
leaf_value=-0.021523768064494315 -0.001347785384976305 0.0088979810379445547 -0.022439887039363386 -0.026721971980296074 -0.024828463420271871 -0.0058024385148788367 -0.001623300226119748 -0.0024228249262817441 -0.00010735605919445482 -0.01099511048415812 0.0041271886173838181 0.00085589975056548913 -0.015865244829983569 -0.0082714994885027399 -0.018355075865318732 -0.015857973936712372 -0.011341174138355723 0.0051373505850763118 -0.012628814986439864 -0.010520997151563113 -0.0018441916588216836 -0.015525733739744092 0.0063367878967917268 -0.00037465762526586271 0.0038584189337531201 -0.00054721164418564095 -0.00097934716015255874 -0.017224565093663144 0.0020798931850076769 0.0062657777286908578 0.0030414155716917751 -0.0063919116346001191 -0.023272107905004082 0.00049833675806184067 -0.0016329317045087617 0.004991977666357319 -1.5333734071728858e-06 -0.0041629107711512753 -0.010466783046722411 0.0014599634499921064 -0.009634915408026426 -0.00020867986357005105 0.0014578126086031689 -0.017438973691314457 -0.0094858681237297692 -0.0018185013629041752 -0.014114965560067623 0.00048872303905089917 0.0085986197439184321 -0.012419729654734231 0.0017948520533109021 0.0017468552575900967 -0.0019743244745200729 -0.0075014113001525395 -0.0094195135340614366 0.0015552976727485656 0.0041690896804774651 -0.0083353057117629033 0.0006822863121051341 0.0081065130044353766 -0.0034314755862049589 -0.000211601676733153
leaf_weight=64 224 74 41 59 43 156 136 77 171 40 68 89 47 44 41 49 58 1020 40 43 40 42 142 186 170 126 41 46 1089 70 697 84 40 184 224 78 65 137 62 48 74 1227 84 41 50 1011 60 2717 68 48 1324 81 40 49 42 42 1097 48 254 110 54 5527
leaf_count=64 224 74 41 59 43 156 136 77 171 40 68 89 47 44 41 49 58 1020 40 43 40 42 142 186 170 126 41 46 1089 70 697 84 40 184 224 78 65 137 62 48 74 1227 84 41 50 1011 60 2717 68 48 1324 81 40 49 42 42 1097 48 254 110 54 5527
internal_value=-4.58427e-05 0.000977406 -0.00366546 -0.00882918 -0.00704305 -0.00275822 -0.00529344 -0.0101855 -0.00584715 -0.00720268 -0.00591581 -0.0103864 -0.0147297 -0.0022402 -0.00813036 -0.00580286 4.44108e-05 0.00316336 -0.00268121 -0.000537901 -0.009513 -0.00754222 0.000840414 -0.0030171 -0.000468467 -0.000588426 -0.00429992 -0.0096669 0.00261661 0.00107477 0.00248568 0.00133723 -0.0173451 -0.00167703 -0.00145574 -0.00180231 -0.00157237 -0.00045486 -0.00335421 -0.00176666 -0.00282746 -0.000880098 -0.00455698 -0.00817627 -0.00416405 -0.00237593 -0.00683424 0.001054 0.00195503 0.00167364 0.00122618 -0.00321336 -0.00774735 -0.00214417 -0.00289307 -0.00350965 0.00317435 0.00223329 -0.000773752 0.0032877 0.00257204 -0.000307893
internal_weight=20203 15751 4452 664 605 3788 541 207 894 723 643 269 130 334 228 187 11040 4711 374 6376 87 128 4664 244 6333 6163 213 87 3691 206 3617 1357 80 268 334 2894 2738 5950 286 2660 1210 1450 223 139 98 1136 125 4420 1703 1635 1493 169 88 138 266 86 2260 1163 302 861 751 5664
internal_count=20203 15751 4452 664 605 3788 541 207 894 723 643 269 130 334 228 187 11040 4711 374 6376 87 128 4664 244 6333 6163 213 87 3691 206 3617 1357 80 268 334 2894 2738 5950 286 2660 1210 1450 223 139 98 1136 125 4420 1703 1635 1493 169 88 138 266 86 2260 1163 302 861 751 5664
is_linear=0
shrinkage=0.03


Tree=66
num_leaves=63
num_cat=0
split_feature=9 14 31 33 13 6 1 16 21 18 28 10 22 20 9 31 17 29 8 28 30 13 20 9 0 16 7 19 29 8 20 1 9 23 31 13 8 13 13 17 12 18 12 28 28 13 2 7 11 17 17 30 20 11 8 31 12 16 17 17 7 31
split_gain=73.6186 30.3484 22.6973 17.6493 12.4131 9.88664 10.8993 11.9771 21.8585 9.206 8.33681 7.81571 6.88802 6.82742 6.17244 5.98989 6.16521 5.43745 4.65209 6.07382 8.4485 4.30333 4.06283 3.8417 3.83289 7.40917 3.94879 3.80489 3.79912 3.7797 3.76277 3.68286 3.41837 3.3387 3.03769 2.82112 2.76051 2.7296 2.71134 3.70642 3.9908 3.57622 3.11759 2.70926 2.67465 2.5678 2.48438 5.02985 2.48122 2.33515 2.30199 2.90564 2.25875 2.25334 2.51183 2.24755 2.22598 2.22208 2.14928 3.21516 2.36562 2.20591
threshold=3118.3300000000004 1763.7164285714289 5999.8400000000011 4466.2650000000003 1818.5644335311038 -0.83146961230254512 5.5000000000000009 6560.5200000000013 6150.6500000000005 1804.9850000000004 5333.2050000000008 1448.2950000000003 -378.98999999999995 6538.5306250000003 99.865000000000023 1740.6300000000003 29.590000000000003 29.506250000000005 -0.46989712924132493 6184.1533333333346 6.3187499999999988 2504.0335721002498 3699.5498958333333 1453.7150000000004 64.500000000000014 4068.2050000000004 -0.82897401153126982 3495.8400000000006 29.256250000000005 -0.28519997588938989 6538.5306250000003 1.5000000000000002 1403.6050000000002 659.92642857142857 4063.0700000000006 1788.0095484857131 -0.71651921942129271 1497.9893096920948 2739.4153196151378 29.220000000000002 3134.809791666667 499.23500000000007 3250.4151934523811 6298.0283333333346 5517.3550000000005 1934.6503744270203 3.5000000000000004 0.9550229469509578 2075.2750000000005 104.71500000000002 1979.6450000000002 4.7562500000000005 4595.5490104166674 2000.3750000000002 -0.3744658827978154 1620.8350000000003 3307.9316964285722 4035.2800000000002 400.01000000000005 398.87500000000006 -0.94705910369513524 2678.2150000000006
decision_type=2 2 2 2 2 2 2 2 2 2 2 2 2 2 2 2 2 2 2 2 2 2 2 2 2 2 2 2 2 2 2 2 2 2 2 2 2 2 2 2 2 2 2 2 2 2 2 2 2 2 2 2 2 2 2 2 2 2 2 2 2 2
left_child=1 3 30 4 -1 6 7 8 10 12 -5 -8 -10 15 -9 16 -3 -12 19 24 -21 23 -13 55 25 -17 27 -27 -23 -20 33 45 -14 34 53 50 -18 -36 39 -16 41 -41 -42 46 -43 -28 47 52 -25 -26 51 -31 -4 54 -2 -7 -44 -38 59 60 -37 -60
right_child=2 13 43 5 -6 21 11 14 9 -11 17 22 32 -15 38 18 36 -19 29 20 -22 28 -24 48 49 26 31 -29 -30 35 -32 -33 -34 -35 37 58 57 -39 -40 40 42 44 56 -45 -46 -47 -48 -49 -50 -51 -52 -53 -54 -55 -56 -57 -58 -59 61 -61 -62 -63
leaf_value=-0.02992111712694168 -0.0086201306038128679 -0.011378481964531697 0.0030499384423459276 -4.5922002007881571e-05 -0.0063670866400366869 0.0079146833951775752 -0.020453178845893809 -0.012933331250536199 -0.029347039968706665 -0.0045984100147473568 -0.018834378378731864 -0.0031699543670441234 -0.0099112802788027029 -0.010085107310830305 -0.011426913074740185 -0.013527378522428786 -0.0095320791178433537 -0.0037211391283325729 0.0028677882936688861 -0.019365786590973256 -0.00042724230493019729 -0.013277387123486801 -0.015031229357530431 0.00036457718571964235 0.0042995039085369736 -0.014257082312500901 -0.0098888329918585486 -0.0014488207409699815 -0.00042917499881844185 0.00021380435869323787 -0.0074209643166358681 0.0016405431796396013 -0.021371564843381444 0.0032028473259189533 0.0053241703446901337 0.001893505883248241 -0.0068247734997887157 0.0014905649053592075 0.0021902902689685446 -0.0073756196779983215 -0.010929554317138905 -0.00028514976539047415 0.0016199219170507163 -0.00082224538225387589 0.0071482069658115504 -0.0019484033607321241 0.0052038957611105973 -0.0014279958526689476 -0.0061620049304689575 -0.0032645627470964636 -0.0049184448779560621 0.0037125878744561579 0.0066936811384948666 0.00058589956681688561 -0.00082201767422838837 -3.8877817953690742e-05 -0.0050541414252501865 -0.0013593950293248694 -0.0012272541095803629 -0.0079247628726297984 -0.0023460871501291415 0.00030544729817389527
leaf_weight=41 47 75 433 214 40 82 67 48 47 48 41 73 56 71 40 53 45 45 325 43 41 40 40 200 125 41 46 42 42 1882 46 254 44 616 183 142 74 1853 120 56 60 338 61 88 49 170 1647 169 70 51 69 240 239 3948 166 52 166 634 1883 79 694 1532
leaf_count=41 47 75 433 214 40 82 67 48 47 48 41 73 56 71 40 53 45 45 325 43 41 40 40 200 125 41 46 42 42 1882 46 254 44 616 183 142 74 1853 120 56 60 338 61 88 49 170 1647 169 70 51 69 240 239 3948 166 52 166 634 1883 79 694 1532
internal_value=6.35419e-06 -0.00168596 0.00194187 -0.0048471 -0.018509 -0.00431133 -0.00544089 -0.00456061 -0.00833212 -0.0161257 -0.00322953 -0.0123849 -0.0198333 -0.000885206 -0.00256356 -0.000807547 -0.00323078 -0.01106 -0.000546992 -0.00261736 -0.0102358 -0.000558915 -0.00746366 0.000717619 -0.00178698 -0.00291794 -0.00187854 -0.0078702 -0.00678105 -0.000284753 0.00103983 -0.000805974 -0.0151155 0.00109803 0.000888323 -0.000442288 -0.00240524 0.00183758 -0.00199041 -0.00264394 -0.00214771 -0.000359608 -0.00489691 0.00434235 0.000672022 -0.0036772 0.00452528 0.00319168 -0.00134399 0.00210158 0.000434779 0.000611082 0.00435387 0.000423516 -0.00257497 0.0048508 -0.00326143 -0.00193946 -0.000886085 -0.00217657 -0.00162456 -0.000539782
internal_weight=20226 10791 9435 2180 81 2099 1613 1433 495 195 300 180 147 8611 938 8540 828 86 7712 866 84 486 113 404 782 606 553 83 82 6846 6859 470 100 6813 6197 6521 753 2036 890 770 730 443 287 2576 387 216 2488 841 270 176 2191 2122 672 4161 213 134 227 708 4330 915 836 3415
internal_count=20226 10791 9435 2180 81 2099 1613 1433 495 195 300 180 147 8611 938 8540 828 86 7712 866 84 486 113 404 782 606 553 83 82 6846 6859 470 100 6813 6197 6521 753 2036 890 770 730 443 287 2576 387 216 2488 841 270 176 2191 2122 672 4161 213 134 227 708 4330 915 836 3415
is_linear=0
shrinkage=0.03


Tree=67
num_leaves=63
num_cat=0
split_feature=9 14 33 27 7 24 15 20 11 11 1 27 7 1 0 33 30 13 10 17 14 1 34 33 33 29 8 2 13 7 28 30 28 21 15 34 15 34 10 32 13 14 20 29 6 20 7 9 13 32 1 11 17 33 9 9 34 7 13 15 10 2
split_gain=66.4595 26.0888 15.3821 14.4772 11.7516 11.5263 7.86943 10.3826 7.52013 6.98586 4.85074 6.91386 4.71691 4.71518 4.50448 4.14172 4.06836 9.83103 3.87135 6.03691 6.47278 5.3426 3.79142 3.81873 9.4672 3.74007 3.70712 3.24859 4.17014 3.75413 3.09857 2.8625 4.69398 3.76602 3.68893 6.14359 3.13333 2.845 2.79457 2.77275 2.71199 3.32788 2.70585 2.62292 2.48069 2.42496 3.52219 2.31184 2.2784 2.689 2.6036 2.283 2.27213 2.24749 4.36763 3.62336 3.37994 2.13575 2.11973 3.2441 2.77986 2.57239
threshold=3118.3300000000004 1892.5414285714289 4500.7050000000008 787.85000000000048 -0.79902248885025529 0.55037518267569985 1939.7336979166669 2546.3523437500003 799.52500000000009 2105.7300000000005 1.5000000000000002 -24833.649999999998 -0.99763297024448894 4.5000000000000009 51.500000000000007 5474.9750000000013 8.6125000000000025 2692.1841111005619 1661.6650000000002 398.87500000000006 1111.9421428571429 3.5000000000000004 0.41927083333333343 5380.9350000000004 5088.1000000000013 27.906250000000004 0.81800285027139286 3.5000000000000004 2783.582534592018 -0.98046803196378884 6260.7450000000008 2.1062499999999997 4702.921666666668 5000.255000000001 2022.0308333333335 0.67968750000000011 4217.3456770833336 0.67968750000000011 1046.9850000000001 4654.4280208333339 2008.8514031124273 5520.8278571428573 6538.5306250000003 19.531250000000004 0.35206144883412549 5009.9263020833341 0.99374995976406788 1819.7250000000001 1833.4369572747426 4061.805052083334 2.5000000000000004 3799.9050000000002 1262.9850000000004 4396.0600000000004 2354.0800000000004 2379.9200000000005 0.17447916666666671 0.9550229469509578 1881.0661765473694 3665.6719791666669 2525.0700000000006 8.5000000000000018
decision_type=2 2 2 2 2 2 2 2 2 2 2 2 2 2 2 2 2 2 2 2 2 2 2 2 2 2 2 2 2 2 2 2 2 2 2 2 2 2 2 2 2 2 2 2 2 2 2 2 2 2 2 2 2 2 2 2 2 2 2 2 2 2
left_child=1 2 4 37 -1 25 7 8 -7 -9 -8 13 -13 38 -15 -5 17 18 19 21 -21 -14 23 24 43 -4 -20 28 39 44 31 32 -24 -33 35 -34 -35 52 -12 48 -31 -42 45 -3 -29 46 58 -22 51 50 -50 -17 -2 54 -45 -55 -57 -41 -25 60 61 -60
right_child=3 22 5 15 -6 6 10 9 -10 -11 11 12 16 14 -16 27 -18 -19 26 20 47 -23 30 42 -26 -27 -28 29 -30 40 -32 33 34 36 -36 -37 -38 -39 -40 57 41 -43 -44 53 -46 -47 -48 -49 49 -51 -52 -53 -54 55 -56 56 -58 -59 59 -61 -62 -63
leaf_value=-0.024811877091747842 -0.00065372947871578514 0.00046626476534201126 -0.00787395857314163 -0.00025738560418198803 -0.0054241310052526321 -0.013468346618479343 -0.00049547310532512998 -0.022810645064608635 0.0021546466731423037 -0.0064769355051739266 -0.0092172599863260974 -0.011838714045658708 -0.007361254755438207 -0.0079582032825514341 -0.020669590564710752 0.00034676234488590404 0.00078222185235612702 -0.016027267522854695 -0.00030608799217441763 -0.019431291100169931 -0.011440973558333204 0.0017340824589482508 6.0782221989275298e-05 0.00012355319226923345 -0.015796610154345848 -0.020255983106225083 -0.0095739132076102709 0.0031680801468901335 -0.0043614309827948138 0.0071203471585235094 -0.0070107918932834365 0.0060390004851226852 -0.015697791052033318 -6.6918177148153933e-05 -0.00091628308516946875 -0.0018543430475446467 0.0071711889875005 0.001688918356222909 -0.00077228026493685314 0.0064840635757347984 0.0016740351409568336 0.005175351680562398 -0.0073292010573204605 -0.013577069665287744 -0.0060374762829234624 0.0023298661279116486 -0.0076022707057274777 -0.0028543631582477586 0.0029340728513046125 0.0023900395458414485 -0.0057624508254230013 0.0055936796832829708 0.00098095592650204212 0.00092691668325721325 -0.00052381391237889014 -0.013194065929458635 -0.0027583137641732508 0.00028963254717555607 -0.0055641313005651118 -0.00031169490633265286 -0.00071284861437262794 -0.002206449956861953
leaf_weight=55 1174 189 46 242 58 40 607 56 85 42 63 49 94 68 41 116 277 51 518 41 42 149 2356 1163 51 45 41 59 73 399 55 147 52 523 140 64 59 2935 79 262 330 954 59 52 46 197 72 85 45 209 95 209 2194 137 41 40 90 62 320 1296 559 577
leaf_count=55 1174 189 46 242 58 40 607 56 85 42 63 49 94 68 41 116 277 51 518 41 42 149 2356 1163 51 45 41 59 73 399 55 147 52 523 140 64 59 2935 79 262 330 954 59 52 46 197 72 85 45 209 95 209 2194 137 41 40 90 62 320 1296 559 577
internal_value=-1.43918e-05 -0.00161182 -0.00421145 0.00183221 -0.0149955 -0.00372193 -0.00332541 -0.00868579 -0.00291193 -0.0159466 -0.0027796 -0.00364637 -0.00279052 -0.00821002 -0.012884 0.00351006 -0.00244009 -0.00331423 -0.00262999 -0.00483679 -0.00919261 -0.00180003 -0.000780947 -0.00131976 -0.00355818 -0.0141506 -0.00100172 0.00382894 0.00251841 0.00461209 -1.23855e-05 0.000104887 -0.000359146 0.00176572 -0.00420899 -0.00814116 0.000677884 0.0010063 -0.00455725 0.00302551 0.00495529 0.00427748 -0.00100247 -0.00239462 -0.000883741 -0.000911521 -0.00107222 -0.00576123 0.00192433 0.000239087 -0.00296616 0.00372774 0.000411121 -0.00389372 -0.0078892 -0.00247779 -0.00604552 0.00530325 -0.00095022 -0.00140388 -0.00237516 -0.00340915
internal_weight=20275 10871 2632 9404 113 2519 2428 223 125 98 2205 1598 1347 251 109 3101 1298 1021 970 411 168 243 8239 4843 600 91 559 2859 1071 1788 3396 3341 2612 729 256 116 582 6303 142 998 1683 1284 4243 549 105 4184 3987 127 674 349 140 325 3368 360 93 267 130 324 3915 2752 1456 897
internal_count=20275 10871 2632 9404 113 2519 2428 223 125 98 2205 1598 1347 251 109 3101 1298 1021 970 411 168 243 8239 4843 600 91 559 2859 1071 1788 3396 3341 2612 729 256 116 582 6303 142 998 1683 1284 4243 549 105 4184 3987 127 674 349 140 325 3368 360 93 267 130 324 3915 2752 1456 897
is_linear=0
shrinkage=0.03


Tree=68
num_leaves=63
num_cat=0
split_feature=31 26 20 1 8 31 31 12 33 29 6 25 0 29 29 26 23 21 13 20 20 29 24 13 8 13 12 11 28 28 8 20 18 6 12 27 12 8 0 7 12 8 5 6 26 12 29 13 13 23 31 9 7 28 13 19 9 1 29 34 8 9
split_gain=64.9132 32.356 17.7287 11.889 12.1751 11.0064 10.8425 8.02996 7.4036 6.71386 10.2401 5.83378 7.3274 8.74074 12.5126 6.16472 5.04266 5.36162 4.50447 4.0471 10.2333 8.89425 6.38738 3.59249 5.05701 3.75926 3.63439 3.95574 3.54713 3.27597 3.17618 3.10287 2.98962 3.44745 5.40335 10.821 3.91128 2.96695 3.14193 2.95536 3.32553 2.98276 2.9216 2.90138 2.87841 2.78904 2.78496 8.21802 2.76945 2.62128 2.52004 2.51345 2.48685 3.29466 2.47362 2.38879 2.30718 2.21511 4.1619 2.09365 3.03216 2.10695
threshold=3504.1400000000008 32652.750000000004 6913.9380729166669 5.5000000000000009 -0.46989712924132493 9999.9950000000008 2000.5150000000001 3230.7444866071432 4764.3650000000007 29.443750000000005 -0.84874750804349197 11710.950000000003 50.500000000000007 30.668750000000006 28.581250000000008 35671.250000000007 -162.40214285714288 4339.8900000000003 1815.6231406704812 2623.1984895833339 2692.364947916667 24.606250000000006 0.66138856588264827 2013.8329174101484 0.97648852793709995 3057.8382860253264 4405.6745089285723 4250.9300000000012 4560.6583333333338 6402.1216666666687 0.87709077819680659 5534.1035416666673 5000.1850000000004 -0.3520614488341256 3187.2551116071436 -8510.3499999999967 3032.2829166666675 0.70138038092733435 57.500000000000007 0.89546819317495652 3768.1503199404765 -0.013976481981245173 0.72947329433276253 0.16280825711809005 22022.200000000004 3529.0870312500006 27.381250000000005 2037.8862111653323 1639.5133471051759 727.98571428571438 4169.6100000000015 2199.5350000000003 0.96687895796550427 3745.9916666666672 1610.3534326864358 2089.2450000000003 599.5350000000002 4.5000000000000009 35.956250000000011 0.080729166666666671 -0.17646730165275518 1999.4550000000002
decision_type=2 2 2 2 2 2 2 2 2 2 2 2 2 2 2 2 2 2 2 2 2 2 2 2 2 2 2 2 2 2 2 2 2 2 2 2 2 2 2 2 2 2 2 2 2 2 2 2 2 2 2 2 2 2 2 2 2 2 2 2 2 2
left_child=1 2 6 4 -3 23 8 -5 9 18 -11 12 28 14 15 -14 17 -8 -1 -10 21 -21 -22 39 25 31 27 -26 56 -7 37 51 33 34 35 36 -19 38 46 43 41 -41 -33 45 -20 50 47 -24 -30 55 -2 -25 -36 -54 -43 -18 -6 -48 59 60 -59 -61
right_child=5 3 -4 7 11 29 16 -9 19 10 -12 -13 13 -15 -16 -17 49 32 44 20 22 -23 30 24 26 -27 -28 -29 48 -31 -32 42 -34 -35 52 -37 -38 -39 -40 40 -42 54 -44 -45 -46 -47 57 -49 -50 -51 -52 -53 53 -55 -56 -57 -58 58 -60 61 -62 -63
leaf_value=-0.010923755711647777 0.0017242647041699716 -0.016615332355722785 -0.01835718737825608 -0.009542868933570918 0.0038482427557614898 0.0043124150211093955 -0.0099640472364990271 -0.026699878762408001 0.00086577411236087715 -0.01862107004950303 -0.0028013226021014687 0.0010386690952511968 -0.00099294384549322864 -0.0030455357021150682 -0.026825614971230212 -0.014691946192733233 -0.0015037307885334104 -0.00049906961761215433 -0.0037755105282864247 -0.0028051336759069402 -0.013526810498109885 -0.022644045569255332 -0.0024659342456440944 -0.0064006681072543252 0.0025732117376012155 0.0069814573328789153 -0.00078410176871675826 0.0085655128453314931 -0.01231127462482878 -0.0030650932375335415 -0.0075596348661056247 -0.00059421567953276365 -0.0087584320570354268 -0.00041921527999682566 -8.0781833076680012e-05 -0.02084070286634037 -0.01134694414179227 0.0015663569659465264 0.00090601638217739525 0.0075340897475523272 0.011447302117223295 0.0047365323354237789 -0.010835225668815063 0.00041461740288411679 0.0043667598559628592 -0.00074836369405535089 -0.0007758535287274832 -0.014418386640027165 -0.0021124517909604412 0.0025804575362509772 0.0052118143635844615 0.00022967983237952194 -0.011477259148695421 0.00033481511320652708 0.00083094695097424536 0.00023922090849469769 -0.0033341687757187377 -0.012036929573257301 -0.011803376154251852 0.0031234697185282129 -0.0014554486537235788 -0.0029275801273690042
leaf_weight=48 349 79 51 66 92 2008 63 40 417 79 69 148 56 129 45 62 816 111 97 41 41 40 243 52 323 66 162 143 41 55 79 54 45 1972 367 40 40 253 292 126 48 250 46 876 64 161 688 65 57 377 403 1766 43 41 350 5289 70 42 48 79 57 146
leaf_count=48 349 79 51 66 92 2008 63 40 417 79 69 148 56 129 45 62 816 111 97 41 41 40 243 52 323 66 162 143 41 55 79 54 45 1972 367 40 40 253 292 126 48 250 46 876 64 161 688 65 57 377 403 1766 43 41 350 5289 70 42 48 79 57 146
internal_value=-1.58661e-05 -0.00128138 -0.000877471 -0.00681609 -0.00551922 0.00226185 -0.000802235 -0.0162062 -0.00240561 -0.0064447 -0.0113139 -0.00424502 -0.00566098 -0.00891498 -0.0135132 -0.0082537 -0.000298926 -0.00138228 -0.00295917 -0.00183358 -0.0023662 -0.0127588 -0.00194606 0.0015227 0.000739294 -3.81409e-06 0.00308322 0.00442645 -0.00198634 0.00411434 -0.00170104 -0.000247696 -0.00117528 -0.00104144 -0.00294907 -0.00716453 -0.00342842 -0.00145527 -0.00191646 0.00232049 0.00386875 0.00335263 -0.00536572 0.00164885 -0.000531856 0.00283132 -0.00251915 -0.00502687 -0.00646056 0.000156154 0.0035977 3.66184e-05 -0.00115191 -0.00577573 0.00246345 6.04824e-06 0.000743317 -0.00178644 -0.00364838 -0.00240763 -0.00602004 -0.000798569
internal_weight=20266 13028 12143 885 779 7238 12092 106 2888 357 148 700 552 292 163 118 9204 2722 209 2531 2114 81 2033 5175 2612 1984 628 466 260 2063 1992 1918 2659 2614 642 191 151 1913 1660 2563 774 726 100 1789 161 913 1368 308 98 6482 752 1818 451 84 600 6105 162 1060 372 324 99 225
internal_count=20266 13028 12143 885 779 7238 12092 106 2888 357 148 700 552 292 163 118 9204 2722 209 2531 2114 81 2033 5175 2612 1984 628 466 260 2063 1992 1918 2659 2614 642 191 151 1913 1660 2563 774 726 100 1789 161 913 1368 308 98 6482 752 1818 451 84 600 6105 162 1060 372 324 99 225
is_linear=0
shrinkage=0.03


Tree=69
num_leaves=63
num_cat=0
split_feature=14 14 31 20 32 12 32 34 7 8 11 26 20 15 15 31 9 15 19 17 10 12 6 11 8 1 13 8 7 7 15 13 7 32 19 11 10 15 7 10 32 15 15 18 11 14 12 7 10 29 6 7 12 12 10 7 26 20 13 29 32 27
split_gain=62.3593 24.3703 20.8081 12.1414 8.97291 9.05939 8.03914 10.7292 7.14937 8.93257 15.1048 6.09591 5.52811 5.35443 6.43539 17.6451 4.75077 4.73556 7.41653 12.861 7.35224 8.55599 4.53185 4.29116 5.20106 3.79619 3.63961 4.46957 3.87998 3.76552 4.17655 3.39353 4.08035 3.39114 2.86437 2.76921 2.57242 2.68063 3.8772 7.38753 2.70204 5.43249 10.3545 3.32921 2.46854 2.44307 2.57227 4.39949 2.56444 2.35738 3.61132 2.24312 2.76265 2.94286 2.1879 3.06111 2.18299 2.17006 2.17065 2.12756 4.23921 3.08425
threshold=2923.8442857142868 1301.592142857143 5999.8400000000011 6913.9380729166669 4471.6952083333335 3105.8277083333337 2567.7196354166672 0.075520833333333356 -0.99372698525316483 0.063390085881955341 2582.5500000000006 30107.000000000004 3648.7222916666674 3862.0491145833339 3755.0821875000006 1543.7750000000003 49.715000000000011 2197.0835416666673 1753.3350000000003 97.13000000000001 2250.0150000000008 2895.8436607142862 -0.91037613702198728 799.52500000000009 0.19969739736768838 1.5000000000000002 2328.159666908185 0.98005052076767474 0.89546819317495652 0.94978112945126536 5258.7205208333344 1788.0095484857131 -0.94139628442229062 2549.374895833334 1500.8500000000001 1919.0650000000003 2512.2500000000005 2285.5106250000003 0.98372640911059162 1500.1450000000002 3781.5970833333336 3647.3550000000009 3512.9459895833338 1877.0500000000002 3749.8400000000006 6600.0892857142862 2438.0818452380959 -0.77245553105869302 3765.6000000000008 24.806250000000006 0.52778511650980109 0.98372640911059162 3420.893229166667 3748.5000669642859 1497.6050000000002 0.87962967011031401 30107.000000000004 3571.8685416666672 1655.8840031680804 28.581250000000008 3648.7222916666674 -8782.2999999999975
decision_type=2 2 2 2 2 2 2 2 2 2 2 2 2 2 2 2 2 2 2 2 2 2 2 2 2 2 2 2 2 2 2 2 2 2 2 2 2 2 2 2 2 2 2 2 2 2 2 2 2 2 2 2 2 2 2 2 2 2 2 2 2 2
left_child=1 4 26 8 5 6 7 -1 9 22 -11 -9 16 14 17 -16 -8 18 19 -10 -20 -22 -3 24 -18 -26 27 28 -2 33 -31 59 -33 -28 -7 -17 37 -34 40 -40 54 42 43 -42 -29 46 -4 48 -48 50 -49 52 -30 -54 -39 56 -56 58 -24 60 -19 -62
right_child=2 3 45 -5 -6 34 12 11 13 10 -12 -13 -14 -15 15 35 23 31 20 -21 21 -23 57 -25 25 -27 29 44 51 30 -32 32 36 -35 -36 -37 -38 38 39 -41 41 -43 -44 -45 -46 -47 47 49 -50 -51 -52 -53 53 -55 55 -57 -58 -59 -60 -61 61 -63
leaf_value=-0.024730648530026274 0.00068558804751631618 -0.0086430000850609891 0.0099666929929408919 -0.017141071072465545 2.5270945191405406e-06 -0.0099124568125561752 -0.012724042815071616 0.0010898787912447005 0.00022560191943364984 -0.025689577442904312 -0.0033545080643199699 -0.013352029158687983 -0.012414159539554799 0.00034911194654402039 -0.020759058774533594 -0.0084124386208077329 -0.011600574168930702 0.00036081861050627824 0.0015991153475430034 -0.020532069646849713 -0.0017367930819897951 -0.017206513693649322 -0.0014506225820778952 0.00031511246819119853 0.005787290300174457 -0.005981556031883003 -0.0058917061917206932 0.003452592898854578 0.008358159868954872 -0.0016947289755758405 -0.010952902683243153 0.0010402145147639273 0.0021901961624602199 0.00067998808250148142 -0.019947327935332129 -0.001621757034899004 -0.00058116871978215203 0.0016804111106567923 -0.017757777487065387 -0.0019027418602148398 -0.0090635731192867698 0.00098034351768616873 -0.020112831893969667 -0.0018037551815878088 0.010625386240663228 0.0046273176631235298 0.0041812604957429519 0.0035110015224829013 -0.0033494967035875077 0.0052030768379475179 -0.0027838663612876871 0.0017546169040312213 0.00086036582168097986 0.0097451664530672135 -0.0021350272023345552 -0.010121558100384261 0.0047721900881896187 -0.005020797962637955 0.0055261383774514129 0.0030980804207195577 0.001031532235752228 -0.0090070983671135252
leaf_weight=44 4879 73 42 42 168 50 43 46 50 44 70 60 69 2078 54 63 78 1278 212 57 91 49 87 236 40 61 73 168 120 362 49 519 103 1571 61 353 951 150 43 67 86 116 43 166 58 1600 54 332 156 376 108 721 168 41 1014 41 42 57 73 208 42 78
leaf_count=44 4879 73 42 42 168 50 43 46 50 44 70 60 69 2078 54 63 78 1278 212 57 91 49 87 236 40 61 73 168 120 362 49 519 103 1571 61 353 951 150 43 67 86 116 43 166 58 1600 54 332 156 376 108 721 168 41 1014 41 42 57 73 208 42 78
internal_value=3.90579e-05 -0.00175665 0.00158354 -0.00123971 -0.00629275 -0.00763319 -0.00631315 -0.0124247 -0.00115777 -0.0050462 -0.0121235 -0.00713317 -0.00455339 -0.000959655 -0.00142247 -0.00478609 -0.00334466 -0.00112921 -0.00404099 -0.0109199 -0.00192493 -0.00723483 -0.00223199 -0.00234457 -0.00583346 -0.00130958 0.000835349 0.00120028 0.00104191 -0.000257722 -0.00282241 -0.000858279 -0.00140292 0.000384775 -0.015556 -0.00266786 -0.00185245 -0.00249796 -0.00277217 -0.00820476 -0.00240701 -0.00451462 -0.00667136 -0.00430734 0.0053321 0.00388471 0.00276889 0.00246483 -0.00140238 0.00346057 0.00196309 0.0026954 0.00474556 0.00264142 -0.0017093 -0.00217391 -0.00185605 -4.55359e-05 0.00174708 0.00027491 -0.000147046 -0.00551409
internal_weight=20234 9356 10878 8400 956 788 677 150 8358 404 114 106 527 7954 5876 470 458 5406 459 107 352 140 290 415 179 101 8210 6155 5929 2055 411 4947 3341 1644 111 416 2822 1871 1768 110 1658 411 295 252 226 2668 1068 1026 210 816 440 1050 329 209 1247 1097 1056 217 160 1606 1398 120
internal_count=20234 9356 10878 8400 956 788 677 150 8358 404 114 106 527 7954 5876 470 458 5406 459 107 352 140 290 415 179 101 8210 6155 5929 2055 411 4947 3341 1644 111 416 2822 1871 1768 110 1658 411 295 252 226 2668 1068 1026 210 816 440 1050 329 209 1247 1097 1056 217 160 1606 1398 120
is_linear=0
shrinkage=0.03


Tree=70
num_leaves=63
num_cat=0
split_feature=14 14 9 15 1 34 26 17 7 8 7 19 29 30 20 15 7 12 17 20 24 13 1 8 13 15 17 7 28 18 18 25 13 13 19 13 13 15 22 7 12 23 7 34 21 27 30 26 8 7 1 13 28 5 15 10 1 9 0 21 7 12
split_gain=61.8617 20.6631 18.4949 8.80312 8.52542 9.45404 8.63432 7.19104 6.44183 12.6529 6.24376 11.6374 6.08988 5.12272 5.07955 4.91034 7.47836 6.45999 11.0966 4.57835 4.49092 4.04421 3.92678 3.61436 6.24398 5.10143 4.05919 6.31049 6.58208 5.48045 3.51934 3.50546 3.44614 6.6655 3.426 3.41771 4.0076 3.98848 3.46519 3.18623 3.09293 4.07396 3.05971 3.04569 3.21014 3.04027 3.03716 3.0366 2.97048 3.26544 2.93419 3.18073 9.54012 3.74307 2.62978 2.70884 2.54452 2.53289 3.07504 2.48682 2.34929 3.5996
threshold=2736.1528571428576 1343.4850000000004 4917.2750000000005 2197.0835416666673 5.5000000000000009 0.070312500000000014 27051.250000000004 22.185000000000006 -0.99467753128998015 0.063390085881955341 0.96904697354198299 1202.7100000000003 27.318750000000005 2.8187499999999983 3571.8685416666672 2473.4433333333341 0.99818282439137029 2958.7579687500006 399.42000000000007 6538.5306250000003 0.49541412977816429 1655.8840031680804 5.5000000000000009 -0.46989712924132493 2670.0720040114661 3923.4493229166669 309.9550000000001 -0.70898476237405783 4493.9033333333346 1830.5500000000002 1983.6250000000002 9087.4500000000025 2401.2363847002457 2187.3191394212449 3195.9900000000002 3057.8382860253264 2478.005846258126 3911.7951562500002 -6500.4149999999991 0.96234642434711437 2523.8042485119054 -307.04571428571421 -0.98046803196378884 0.72656250000000011 5000.255000000001 -18354.949999999997 3.8625000000000029 7138.4500000000016 0.080547328232315238 -0.86976336936302323 3.5000000000000004 1432.8511117709697 3930.27 -0.77259657388510594 1939.7336979166669 2849.3500000000008 3.5000000000000004 2085.2850000000003 35.500000000000007 4764.3650000000007 0.24684749415872467 4451.9745535714292
decision_type=2 2 2 2 2 2 2 2 2 2 2 2 2 2 2 2 2 2 2 2 2 2 2 2 2 2 2 2 2 2 2 2 2 2 2 2 2 2 2 2 2 2 2 2 2 2 2 2 2 2 2 2 2 2 2 2 2 2 2 2 2 2
left_child=1 3 35 7 20 -6 -7 -1 9 14 19 -12 15 -9 21 -13 17 -17 -19 23 -5 -3 42 24 25 26 27 28 -10 45 -28 34 33 40 -31 36 37 38 -2 50 41 -22 -4 54 48 -30 -44 -39 -45 59 51 52 57 -53 55 -40 -34 -25 -59 -50 -38 -62
right_child=2 8 22 4 5 6 -8 13 10 -11 11 12 -14 -15 -16 16 -18 18 -20 -21 32 -23 -24 39 -26 -27 30 -29 29 31 -32 -33 56 -35 -36 -37 60 47 43 -41 -42 -43 46 44 -46 -47 -48 -49 49 -51 -52 53 -54 -55 -56 -57 -58 58 -60 -61 61 -63
leaf_value=-0.0056246972800447388 -0.0072856571171432735 -0.0050470528192818158 -0.0014027148384540792 -0.012910572118017563 -0.02325209318551906 0.0044680664725828823 -0.013008929276017142 -0.010614048928678543 -0.013066936957565219 -0.019480211621369505 -0.019094271979040719 -0.00077988916905322929 0.00022444354989513388 -0.025602102902802553 -0.0098264064395160809 -0.0027033280549637441 0.00098099770266562702 -0.028036207968623123 -0.0070830648690462109 -0.010244777534971945 -0.013518733922695822 0.0045107547809260292 0.00085532684995773798 0.0019190197448090145 -0.012323956539560305 0.0021943590652484159 -0.011636344806167735 0.0054529479004717853 -0.013305756914061169 -0.0074605393671016724 -0.0034845735114629795 0.0062404439397729357 -0.0016732442824286408 -0.011848890962661243 0.0031848074222533876 0.0061126754742151903 -0.00014450689511114675 0.005209074905678992 0.00070898672814170523 0.0060154820150637531 -0.00095076252060202868 -0.0029682419350756388 0.0033934446722614841 0.0067273852442634625 0.00091438760102285888 -0.0029609978859397494 0.0057499662044685224 0.0016645450430401274 -0.0050361989320081195 0.00452419069246389 0.00012083982493274116 0.0040279955027247303 -0.01328944129958892 -0.0012528537998766202 0.00022681620848444525 -0.0093460721314998947 0.0078389810371611805 -0.00058341180677525699 -0.010679560107460549 0.0028022274643238355 -0.0072160540495026047 -0.00074890502816211285
leaf_weight=77 49 74 92 42 42 40 67 43 54 50 43 101 265 43 66 41 49 43 49 47 45 84 440 118 56 194 82 87 42 53 115 77 63 79 54 102 1263 269 44 63 354 119 1514 175 2094 65 735 1130 79 185 2149 126 77 2488 3668 52 41 74 42 66 116 230
leaf_count=77 49 74 92 42 42 40 67 43 54 50 43 101 265 43 66 41 49 43 49 47 45 84 440 118 56 194 82 87 42 53 115 77 63 79 54 102 1263 269 44 63 354 119 1514 175 2094 65 735 1130 79 185 2149 126 77 2488 3668 52 41 74 42 66 116 230
internal_value=-2.84452e-05 -0.00208493 0.001306 -0.0059943 -0.0048127 -0.0113417 -0.0064946 -0.0123917 -0.00148883 -0.005989 -0.00130265 -0.00424363 -0.00304569 -0.0183162 -0.00290437 -0.00609783 -0.00902861 -0.0126962 -0.0170725 -0.00101532 -0.0034899 3.07245e-05 0.00345787 -0.000941521 -0.00271811 -0.00205033 -0.00336091 -0.00172597 -0.00354684 -0.00174152 -0.00691933 0.00140027 -0.00290788 -0.00378509 -0.00210838 0.000677224 0.000617727 0.000898558 0.000581706 -0.000637056 -0.00253482 -0.00592758 0.00394645 0.000643426 0.00143308 -0.00710716 0.0041658 0.00234932 0.00357781 0.0018923 -0.000720824 -0.00133903 -0.00420253 -0.000996863 9.79419e-05 -0.00477771 0.00211571 -0.00116857 -0.00429895 -0.00147361 -0.000745299 -0.00293163
internal_weight=20286 7983 12303 1055 892 149 107 163 6928 274 6654 591 548 86 224 283 182 133 92 6063 743 158 2781 6016 879 823 629 432 345 291 197 184 701 597 107 9522 9420 7811 6412 5137 518 164 2341 6363 2599 107 2249 1399 505 330 5074 2925 311 2614 3764 96 104 234 116 145 1609 346
internal_count=20286 7983 12303 1055 892 149 107 163 6928 274 6654 591 548 86 224 283 182 133 92 6063 743 158 2781 6016 879 823 629 432 345 291 197 184 701 597 107 9522 9420 7811 6412 5137 518 164 2341 6363 2599 107 2249 1399 505 330 5074 2925 311 2614 3764 96 104 234 116 145 1609 346
is_linear=0
shrinkage=0.03


Tree=71
num_leaves=63
num_cat=0
split_feature=31 14 31 33 24 15 11 13 20 28 20 21 21 16 26 18 31 24 30 6 0 28 30 17 6 30 28 30 17 12 30 13 12 19 24 16 13 17 30 28 21 0 19 30 19 21 12 25 9 33 24 34 11 15 7 13 18 4 10 6 24 19
split_gain=52.2959 21.3763 14.8588 9.49413 8.65176 6.64576 11.6047 8.92226 5.41981 5.38801 8.10759 5.30912 7.49106 4.33379 4.33237 4.18476 4.17024 4.85139 4.16208 3.9743 3.65324 5.29429 8.93193 3.61989 3.60277 3.24482 3.68542 3.21498 3.0453 3.62775 2.9896 2.82611 3.30578 7.15268 2.56456 2.33751 2.40528 2.33476 2.31495 7.98215 3.73333 3.58308 2.77885 2.36379 3.45655 2.30126 2.23928 2.20026 2.18689 3.44289 2.16763 2.09472 2.68074 2.25068 2.0915 2.02784 2.02206 2.0188 1.98742 1.91142 1.77759 3.42326
threshold=3199.8150000000005 1763.7164285714289 5999.8400000000011 4466.2650000000003 0.55037518267569985 2022.0308333333335 455.96000000000009 1686.4221029720063 6538.5306250000003 6112.8550000000014 4734.7300520833342 6150.6500000000005 7599.6750000000011 3362.7800000000002 36429.200000000004 1501.0300000000002 1804.6500000000003 1.2188790917381269 4.2999999999999998 -0.91037613702198728 51.500000000000007 4056.7783333333341 8.1500000000000039 29.590000000000003 -0.84874750804349197 8.0062499999999996 6298.0283333333346 1.0500000000000027 1254.7450000000001 3307.9316964285722 7.0062499999999988 2459.372871970098 3755.4133407738095 2948.9950000000003 1.1252975318690537 6633.7250000000013 2660.3767698769002 99.050000000000011 3.9000000000000008 5490.1250000000009 5012.3750000000009 75.500000000000014 9999.9950000000008 1.0500000000000027 4572.1100000000015 4059.5000000000005 4411.7554092261917 5517.5500000000011 1999.4550000000002 4764.3650000000007 1.0719653414169608 0.52864583333333337 4617.0950000000012 1839.3738541666669 0.97875492728876534 1527.5737535644328 983.3950000000001 1.0000000180025095e-35 3829.5300000000002 0.72947329433276265 1.2347019723864665 3609.4100000000003
decision_type=2 2 2 2 2 2 2 2 2 2 2 2 2 2 2 2 2 2 2 2 2 2 2 2 2 2 2 2 2 2 2 2 2 2 2 2 2 2 2 2 2 2 2 2 2 2 2 2 2 2 2 2 2 2 2 2 2 2 2 2 2 2
left_child=1 3 9 -1 18 6 -6 55 13 28 -11 37 -13 27 19 -16 17 23 -5 20 -14 -22 -23 -15 -9 26 31 -3 29 47 -21 45 33 -33 57 36 -34 -7 39 40 -4 54 -41 44 -43 59 60 -2 49 -19 -31 53 -53 -47 -42 -8 -39 -25 -49 -18 -30 -62
right_child=2 8 38 4 5 11 7 24 -10 10 -12 12 14 16 15 -17 25 48 -20 30 21 22 -24 34 -26 -27 -28 -29 46 50 -32 32 35 -35 -36 -37 -38 56 -40 42 41 43 -44 -45 -46 51 -48 58 -50 -51 -52 52 -54 -55 -56 -57 -58 -59 -60 -61 61 -63
leaf_value=-0.014399823151625597 -0.0014350503456638489 -0.0021072138475148744 0.0085216098404489442 -0.0061976732238334543 -0.022145286458002966 0.0045145441963829382 -0.0022704483402979582 -0.015918019099959307 -0.010107874499676241 -0.00035462028319563935 -0.012751467904214928 -0.015596274872130543 -0.0025262441698450638 -0.011169065571748025 -0.0043827851944499546 -0.016255209531816767 -0.0011881191112784548 -0.010831782147288322 -0.019231973566114901 -0.0020563308707814915 -0.0018142819686834196 -0.019196091656173978 -0.0032229028646117795 -0.0012692038225805993 -0.003999946220982366 0.0017958380237943657 -0.0089930141622038638 -0.013391133990911085 0.0018416566882043556 -0.0012820022537380282 0.002712872311869517 -0.01578631420421632 -0.002214023341486709 -0.0014847307571224369 -0.0086961567599792029 -0.00049636801886130527 -0.010633801725115371 -0.005115897987786281 0.0047893141251443005 0.0001279821857900881 0.0042343550703940157 -0.0082511693536294981 -0.010477498146146536 0.0033650570486982662 0.00056102459116040592 -0.0073338553175156893 -0.0003854736678237999 0.00254558801202622 0.00061072846318357271 -0.0011897208763104749 0.0028308712998621685 0.0009370628208924365 -0.0065681413129310721 -0.00043715790584428557 -0.0010443738175473136 0.0069569429287383725 0.0010805281173504357 -0.00756300872241679 -7.1091678837547075e-05 -0.009414574279217049 0.0018347674535338723 0.011909538003754742
leaf_weight=76 218 52 119 46 42 105 42 55 54 203 61 43 501 66 80 40 61 41 44 378 96 62 64 257 40 583 45 40 2832 1091 171 46 108 96 71 675 42 69 959 40 1012 51 49 152 174 42 401 937 418 163 128 1627 43 4488 72 42 146 55 362 43 87 46
leaf_count=76 218 52 119 46 42 105 42 55 54 203 61 43 501 66 80 40 61 41 44 378 96 62 64 257 40 583 45 40 2832 1091 171 46 108 96 71 675 42 69 959 40 1012 51 49 152 174 42 401 937 418 163 128 1627 43 4488 72 42 146 55 362 43 87 46
internal_value=1.01853e-05 -0.00135236 0.00171567 -0.00404845 -0.00366088 -0.00324244 -0.00813574 -0.00474382 -0.000718479 0.000931937 -0.00325635 -0.00262197 -0.00340073 -0.000661419 -0.00301307 -0.00844189 -0.000594552 -0.00235036 -0.0127113 -0.00249469 -0.00395442 -0.00715169 -0.011172 -0.00472319 -0.0109938 -0.000356219 -0.000527935 -0.0071045 0.00111365 0.000370082 -0.00056861 -0.000474316 -0.00198358 -0.00619563 -0.00358621 -0.00125197 -0.00462637 0.000869989 0.0036131 0.00293479 0.00342804 0.00300762 -0.00576253 0.000486699 -0.00146408 -0.000242525 0.00171775 0.00134893 -0.000632671 -0.00317097 -0.000848167 -0.000167911 0.00074 -0.000502705 0.0038831 0.00237081 -0.00092257 -0.00239931 0.00181689 -0.00464671 0.00200223 0.00538215
internal_weight=20252 11258 8994 2142 2066 1976 221 179 9116 6366 264 1755 1435 9062 1392 120 8970 1071 90 1272 723 222 126 449 95 7899 7316 92 6102 2736 549 7271 967 142 383 825 150 320 2628 1669 1580 1461 89 377 225 6304 3366 1517 622 204 1219 6200 1670 4530 1084 84 215 312 1299 104 2965 133
internal_count=20252 11258 8994 2142 2066 1976 221 179 9116 6366 264 1755 1435 9062 1392 120 8970 1071 90 1272 723 222 126 449 95 7899 7316 92 6102 2736 549 7271 967 142 383 825 150 320 2628 1669 1580 1461 89 377 225 6304 3366 1517 622 204 1219 6200 1670 4530 1084 84 215 312 1299 104 2965 133
is_linear=0
shrinkage=0.03


Tree=72
num_leaves=63
num_cat=0
split_feature=14 31 33 33 14 27 30 8 8 32 32 5 15 12 12 12 10 25 7 16 16 6 23 7 1 30 26 15 8 16 32 7 23 1 0 7 7 24 0 30 8 10 15 0 27 14 0 24 12 11 8 11 8 12 34 32 17 16 7 0 0 23
split_gain=53.583 21.6294 18.7111 27.2915 13.0081 8.35984 8.79745 8.71448 6.51339 5.06294 5.46777 4.48369 5.18779 7.92588 13.7354 11.9925 4.72645 4.46891 7.02162 3.66613 4.46982 4.22707 3.40247 3.39516 20.2847 11.0123 3.84961 3.36802 4.77569 7.25059 3.60662 10.7436 3.27866 3.06125 4.27263 3.05895 4.58982 4.28463 6.45195 2.91178 3.99349 3.95821 4.81036 3.00651 2.85169 5.90039 3.50528 3.2959 2.51307 2.89714 2.50205 3.08992 2.31214 2.81812 6.93921 3.13733 2.31047 2.30733 2.26667 2.83995 2.36436 2.15606
threshold=2491.1814285714295 4500.2300000000005 4466.2650000000003 4289.7250000000013 1206.3957142857146 -24833.649999999998 6.6312500000000005 0.1318557721318592 0.31595530242620651 3115.6510416666674 2962.4200000000005 -0.68322629814330782 1939.7336979166669 2569.051071428572 2654.7668303571431 2903.1053348214291 1994.8750000000002 5355.2000000000007 -0.53402660245708555 4429.5550000000012 4241.3600000000015 0.83146961230254501 -2629.6121428571419 0.95242846126021108 5.5000000000000009 4.606250000000002 19616.900000000005 3862.0491145833339 -0.52947411406010902 4740.630000000001 3095.3279166666671 -0.99763297024448894 680.72285714285726 3.5000000000000004 49.500000000000007 -0.91936887716170002 -0.82415615971448097 1.4770399703656296 50.500000000000007 3.8625000000000029 0.56901594657981336 4799.9750000000013 6096.4086979166677 77.500000000000014 -13006.849999999999 2143.5250000000005 43.500000000000007 1.0853389782629705 4405.6745089285723 2360.9450000000002 -0.39233249306308043 1750.6650000000002 0.52583933546504591 3187.2551116071436 0.080729166666666671 3395.2583854166674 2520.7900000000004 4031.0200000000004 0.16269055358644466 32.500000000000007 31.500000000000004 -362.53571428571428
decision_type=2 2 2 2 2 2 2 2 2 2 2 2 2 2 2 2 2 2 2 2 2 2 2 2 2 2 2 2 2 2 2 2 2 2 2 2 2 2 2 2 2 2 2 2 2 2 2 2 2 2 2 2 2 2 2 2 2 2 2 2 2 2
left_child=2 19 3 8 5 6 7 -4 -1 10 -9 16 13 -13 -15 -16 -6 18 -3 20 57 -22 -19 27 26 -26 -25 28 29 -14 -30 -32 48 -28 -35 -7 37 38 -37 40 41 -24 43 -43 46 -46 -31 -48 -21 -50 51 -18 -33 54 -54 -56 58 -2 60 -60 -42 -38
right_child=1 17 4 -5 11 35 -8 9 -10 -11 -12 12 23 14 15 -17 50 22 -20 32 21 -23 39 24 25 -27 33 -29 30 44 31 52 -34 34 -36 36 61 -39 -40 -41 56 42 -44 -45 45 -47 47 -49 49 -51 -52 -53 53 -55 55 -57 -58 -59 59 -61 -62 -63
leaf_value=-0.012173234015562624 -0.0016156106623001763 -0.0093438407706866126 -0.02197048117615542 -0.025627006196975707 0.0043476572436108984 0.00072238211449912073 -0.0019474443242341131 -0.010251462054316346 0.00072139507045371914 -0.017621982668331544 0.0032769646003310165 0.0025607745271796984 0.0060710710361599925 -0.024963672182454568 0.0037809911043598103 -0.016384768357422825 -0.011500158007143111 -0.00051041562279336599 0.0039661033353390728 0.00041559260348190377 -0.0027625135348403247 -0.014326317646692311 0.0031338155294980334 -0.007899187420504555 -0.02831517108815855 -0.0061250294514977165 0.0014976496965832845 0.00025502657913002811 1.2595232886164572e-05 0.0015592756141957482 -0.014030153458771198 7.4605336757405498e-05 0.0025629241999727908 -0.00062953102463696902 -0.011552753920356432 -0.004677031057381687 0.0052218091775747865 -0.0023525203907834914 -0.019239943196367036 0.0044572985657160375 0.0018520537425058524 0.00027147759180507186 0.0055031004772602534 -0.0043452703134644827 -0.019596844139908039 -0.004609311007661745 -0.0020404880603805916 -0.011486991215520232 -0.0072631643717842439 -0.00082301093034244663 0.00049432972845222265 -0.00099684078941371899 -0.015966404054647269 -0.0014730101550911106 -0.001262222643984078 -0.0090338370460658103 -0.002579341328109149 0.0014705350954716582 0.0050471548928323626 0.00059621910306946913 0.0058738207116246256 -0.0029928790310577275
leaf_weight=52 752 68 64 74 227 136 100 75 105 42 41 62 44 40 64 44 40 241 73 7363 86 42 664 71 41 40 276 969 1039 56 66 440 593 114 44 61 43 84 50 1112 168 395 114 186 41 56 60 75 69 621 237 66 43 692 202 60 49 306 223 305 626 82
leaf_count=52 752 68 64 74 227 136 100 75 105 42 41 62 44 40 64 44 40 241 73 7363 86 42 664 71 41 40 276 969 1039 56 66 440 593 114 44 61 43 84 50 1112 168 395 114 186 41 56 60 75 69 621 237 66 43 692 202 60 49 306 223 305 626 82
internal_value=-5.69555e-05 0.000968835 -0.00237557 -0.0107359 -0.00205126 -0.00566734 -0.00936222 -0.0126785 -0.00359945 -0.00880015 -0.00548272 -0.00151019 -0.00181869 -0.00641579 -0.0101682 -0.00450963 0.000999337 0.00276401 -0.00247347 0.000197396 -0.00136602 -0.00663853 0.00294544 -0.00159932 -0.00372492 -0.0175654 -0.00147463 -0.00127431 -0.00178986 -0.00516878 -0.00134669 -0.00228573 0.000411989 -0.000407864 -0.00372497 -0.00304346 -0.0046412 -0.00750601 -0.0113501 0.00316229 0.00263336 0.00147925 -0.000103741 -0.00121144 -0.00690104 -0.0110796 -0.0047323 -0.00733442 0.000253301 -0.00147661 -0.0012228 -0.00503079 -0.00173693 -0.00253568 -0.00493404 -0.00306956 0.00377545 -0.000722475 0.00401277 0.00248205 0.00502627 -0.000148011
internal_weight=20274 14056 6218 231 5987 778 322 222 157 158 116 5209 4639 210 148 108 570 4224 141 9832 1186 128 4083 4429 586 81 505 3843 2874 332 2542 1503 8646 434 158 456 320 195 111 3842 2730 1359 695 581 288 97 191 135 8053 690 343 106 1437 997 305 262 1371 1058 1322 528 794 125
internal_count=20274 14056 6218 231 5987 778 322 222 157 158 116 5209 4639 210 148 108 570 4224 141 9832 1186 128 4083 4429 586 81 505 3843 2874 332 2542 1503 8646 434 158 456 320 195 111 3842 2730 1359 695 581 288 97 191 135 8053 690 343 106 1437 997 305 262 1371 1058 1322 528 794 125
is_linear=0
shrinkage=0.03


Tree=73
num_leaves=63
num_cat=0
split_feature=31 24 31 26 10 32 8 32 33 12 29 14 17 13 13 8 3 12 13 5 15 19 12 15 12 0 8 12 5 21 31 10 17 23 12 15 28 13 8 7 29 28 21 29 7 15 0 7 12 7 22 12 17 25 17 7 17 17 17 13 17 12
split_gain=49.5252 17.4098 16.5666 11.9826 9.60124 7.83175 7.27579 7.22493 6.70526 16.1156 5.60822 6.03823 4.66495 4.88498 5.95576 5.08566 4.24805 4.22711 4.50078 3.92578 5.38852 7.61618 5.41393 3.51838 4.31235 3.3888 3.37024 6.11745 3.24638 3.40733 3.17843 3.11736 2.9789 2.93124 2.91052 2.74895 2.74082 2.42959 2.68561 2.38879 2.35318 5.47466 2.66395 2.66322 2.33146 4.92149 2.24768 3.66501 13.4451 2.54816 2.79216 2.44483 2.68839 2.24324 2.20405 4.12917 3.4948 2.23305 3.89093 2.13793 2.11401 2.03928
threshold=2691.2750000000001 0.55037518267569985 5573.2850000000008 32652.750000000004 2085.4750000000004 3264.0282812500004 -0.46989712924132493 6538.5306250000003 4764.3650000000007 2767.8059523809529 29.443750000000005 2131.247142857143 1254.7450000000001 2253.6839008812026 2401.2363847002457 -0.52947411406010902 1.0000000180025095e-35 2723.2400818452384 1715.8346744951268 -0.70710678118654735 1839.3738541666669 1841.0600000000002 2886.0116443452384 3354.6518229166672 2933.4315997023814 50.500000000000007 -0.031174269516803289 3299.1251339285723 -0.13052619222005171 4339.8900000000003 4019.7850000000003 8999.3850000000002 1231.6900000000003 -186.75357142857135 3116.5589285714291 4239.6330729166675 6402.1216666666687 1410.5473748751367 0.99855310097228334 0.98667101781630195 28.156250000000004 5412.1933333333336 5012.3750000000009 27.256250000000005 -0.98046803196378884 3271.0202083333338 43.500000000000007 0.96904697354198299 3680.6969791666675 -0.99763297024448894 322.5 2709.8296205357151 99.050000000000011 5649.6500000000005 1800.5700000000004 0.97314989601849466 1696.7650000000001 19.510000000000002 142.90500000000003 1655.8840031680804 2410.1900000000005 3520.1455877976191
decision_type=2 2 2 2 2 2 2 2 2 2 2 2 2 2 2 2 2 2 2 2 2 2 2 2 2 2 2 2 2 2 2 2 2 2 2 2 2 2 2 2 2 2 2 2 2 2 2 2 2 2 2 2 2 2 2 2 2 2 2 2 2 2
left_child=1 -1 12 7 6 -6 -5 8 9 -3 -11 -12 13 23 15 -15 17 18 25 34 21 -21 -23 28 35 -8 27 -19 53 -30 -14 -16 39 -18 -10 -25 40 -32 -39 -31 41 42 -4 -43 45 -42 47 -22 -49 -48 51 52 -51 -2 56 60 57 -44 -59 -26 -56 -60
right_child=2 3 36 4 5 -7 16 -9 19 10 11 -13 30 14 31 -17 33 26 -20 20 46 22 -24 24 59 -27 -28 -29 29 32 37 -33 -34 -35 -36 -37 -38 38 -40 -41 44 43 54 -45 -46 -47 49 48 -50 50 -52 -53 -54 -55 55 -57 -58 58 61 -61 -62 -63
leaf_value=-0.015950209802323125 -0.0013970738773373228 -0.021292934598725128 0.007394843773198787 -0.015598255661518675 -0.022050408648255353 -0.0046112790657207364 -0.0042656556488541155 -0.012529471328173083 0.0031087429556422509 -0.0013610219744346142 -0.013896428955424773 -0.0013661869641106862 0.00068606594699330379 -0.012219901427160947 -0.00026784198937009003 -0.0030785902323177752 -0.012582268788987262 -0.012078049836926303 0.00025017037735146987 -0.015202167015522719 -0.00021899272954982983 0.0013020712642100988 -0.0088190846752281057 0.0032142630921581147 -0.0053249693523987002 -0.015742871204763653 0.0020011754559881583 0.00011296853077627958 -0.009715799433179198 -0.0013342234760352549 0.0079416772304797805 -0.0087570723849235144 -0.0081862759228795764 -0.0034596417455031768 -0.00066695663349173738 0.009858910279775349 -0.0034733227287334473 0.0017517196812966785 0.0076761436662700494 0.0022839643617724266 0.0064362635067664086 -0.0084774511048777233 0.0083260818140335237 0.00056084891756136832 0.0050868524607632489 -0.0077168585161292332 -0.0085032616194565674 0.00064493172165041538 -0.019432889835110732 -0.012148444697538271 -0.00038325586251827825 -0.002063617508405963 -0.0029875609390616702 0.0016913779495792388 0.0053450370140559287 -0.0042568583375945379 -0.0048115334119277322 -0.0015952406663479674 0.0050892581879569175 0.00096769439829856715 -0.001325518182538291 0.0015925265423304934
leaf_weight=78 282 45 121 45 51 43 45 51 337 487 75 64 3786 79 773 177 65 52 58 56 2619 119 78 262 52 49 221 123 41 940 66 40 49 63 402 71 54 1254 72 198 47 53 52 64 795 40 48 105 41 46 1005 1263 77 840 546 48 65 206 273 584 46 335
leaf_count=78 282 45 121 45 51 43 45 51 337 487 75 64 3786 79 773 177 65 52 58 56 2619 119 78 262 52 49 221 123 41 940 66 40 49 63 402 71 54 1254 72 198 47 53 52 64 795 40 48 105 41 46 1005 1263 77 840 546 48 65 206 273 584 46 335
internal_value=-6.85053e-05 -0.00193686 0.00111698 -0.00179347 -0.00523205 -0.0142054 -0.0040441 -0.00138768 -0.00130312 -0.00414968 -0.00288534 -0.00817808 0.000527316 -0.000192334 -0.00195508 -0.00593611 -0.00325305 -0.00209558 -0.00633074 -0.000994227 -0.00127211 -0.0055393 -0.00272959 0.000375836 0.00189595 -0.0103512 -0.000458105 -0.00355755 -0.000251508 -0.00131682 0.00113709 -0.000695761 -0.00101878 -0.00815385 0.00105672 0.00465627 0.00317094 0.00236243 0.00207895 -0.000703244 0.00330551 0.00268328 0.00311759 -0.00357057 0.00457722 -8.46654e-05 -0.00106363 -0.000477794 -0.0050872 -0.00172731 -0.00158778 -0.00246029 -0.00648392 0.000914583 0.00278365 0.00413861 0.00184877 0.00235365 0.00196237 0.000445648 0.00482536 0.00316838
internal_weight=20122 7811 12311 7733 815 94 721 6918 6867 671 626 139 9566 4388 1069 256 676 548 152 6196 5457 253 197 3319 969 94 396 175 2350 1228 5178 813 1187 128 739 333 2745 1392 1326 1138 2691 1809 1692 117 882 87 5204 2765 146 2439 2391 1386 123 1122 1571 640 931 866 814 636 592 608
internal_count=20122 7811 12311 7733 815 94 721 6918 6867 671 626 139 9566 4388 1069 256 676 548 152 6196 5457 253 197 3319 969 94 396 175 2350 1228 5178 813 1187 128 739 333 2745 1392 1326 1138 2691 1809 1692 117 882 87 5204 2765 146 2439 2391 1386 123 1122 1571 640 931 866 814 636 592 608
is_linear=0
shrinkage=0.03


Tree=74
num_leaves=63
num_cat=0
split_feature=31 14 31 16 11 21 27 15 12 7 20 13 32 29 17 13 15 29 11 20 16 20 28 16 9 9 28 16 7 23 17 29 28 15 7 20 20 0 25 13 7 20 13 23 0 13 13 17 9 23 15 15 19 13 29 22 23 28 32 28 20 12
split_gain=48.1261 18.8609 13.1798 10.3548 9.8629 7.02033 8.51194 9.22068 6.72089 6.40555 6.309 5.46962 10.4228 4.64696 3.51782 4.87898 5.27054 3.47087 3.19858 2.98419 3.16349 3.11264 2.97281 2.82093 2.71845 3.56275 3.48928 4.67763 2.64387 2.64307 2.63869 2.34113 5.18709 3.43971 2.50913 5.19158 2.33679 3.10201 2.7573 2.51622 2.42178 2.33625 2.93177 2.45425 2.32571 2.2638 4.20805 5.61004 3.25457 3.44133 2.44753 2.8636 2.2451 2.67502 2.87651 2.20114 2.1964 2.16044 2.06327 2.24636 2.0176 1.91008
threshold=2900.2250000000004 1714.0314285714287 6001.0850000000009 4035.2800000000002 455.96000000000009 6150.6500000000005 -24833.649999999998 2531.946979166667 3032.2829166666675 0.98802474685579866 6538.5306250000003 1501.9944615837587 2810.6192708333333 26.356250000000006 1254.7450000000001 1822.8609751434526 4239.6330729166675 27.906250000000004 399.95500000000004 2191.0721354166672 3745.2700000000004 3927.315364583334 3753.7733333333335 5475.2200000000012 1994.615 499.33000000000004 4047.5016666666675 4031.0200000000004 0.70517752626968588 -72.779285714285677 49.665000000000013 28.156250000000004 5490.1250000000009 3913.7026041666668 -0.98046803196378884 3493.3750000000005 2948.3191666666667 75.500000000000014 6480.6500000000005 2739.4153196151378 0.97696484778429815 4297.4610937500011 2995.0939072115921 -1412.1471428571426 39.500000000000007 1753.2032102301957 1822.8609751434526 49.710000000000008 1761.3900000000001 -254.55714285714285 3201.4380208333337 2730.3215625000007 3150.0150000000008 1827.1156859780492 30.856250000000006 -433.97499999999985 548.32857142857154 5878.2333333333345 4734.7300520833342 5844.815833333334 2548.2455729166672 3465.8345238095244
decision_type=2 2 2 2 2 2 2 2 2 2 2 2 2 2 2 2 2 2 2 2 2 2 2 2 2 2 2 2 2 2 2 2 2 2 2 2 2 2 2 2 2 2 2 2 2 2 2 2 2 2 2 2 2 2 2 2 2 2 2 2 2 2
left_child=1 3 14 4 -1 -5 7 -7 13 29 18 12 -8 -6 15 16 19 -14 -3 -2 22 28 -21 -13 25 -20 52 -28 60 55 -29 32 36 -34 35 -33 -4 40 -39 -40 -38 44 43 -43 -17 -25 -47 -48 49 -49 51 -51 53 -27 -55 -9 -26 -50 59 -45 -22 -60
right_child=2 10 31 5 8 6 11 9 -10 -11 -12 23 17 -15 -16 41 -18 -19 24 20 21 -23 -24 45 56 26 27 30 -30 -31 -32 34 33 -35 -36 -37 37 38 39 -41 -42 42 -44 58 -46 46 47 48 57 50 -52 -53 -54 54 -56 -57 -58 -59 61 -61 -62 -63
leaf_value=-0.021686508613280378 0.0061807931077782997 -0.0075237909302813925 0.0059735948673408958 0.0013087921375825565 -0.010152259971946477 -0.021398003758354617 -0.021341535118294924 -0.0017060945883647285 -0.013707359437585661 -0.015507843494747899 -0.012115855433046817 -0.0085024826360812211 -0.0096442586733678053 0.0025071809502939381 0.0013112003416453609 -0.0011875060602844975 0.009824658015384697 0.0017073623025290934 0.0038778158702189101 0.0010640101282236476 0.0044227091444516984 -0.0040008549046010311 -0.0079416035874746733 0.001087238814385097 -0.00074794147575525953 0.0022890867878163261 -0.011376038836049183 -0.0090109429957810783 0.0038420851057981852 -0.00030794610543862769 -0.0023033839867602612 0.0076750551913540022 -0.008891501754738523 0.0011673498502247693 0.0049990438689486863 -0.0062394945835271345 0.0037518338532074392 -0.0070810463396442482 0.0024392988559075405 -0.0046476949265758906 -0.0019311139157220515 -0.0084924234214293608 0.0041161248643713233 -0.0020363484807859465 0.00089307599270988024 -0.010681775876631338 0.0041935603643235347 -0.011085645998269318 -0.00042104020475520999 -0.0017902859322645741 -0.00029211277889259595 -0.012663200028175704 -0.0077112782956101 -0.0010157956595790525 -0.0087582765566185123 -0.010352950054696355 0.00087711995470984925 -0.0074350203648209569 -0.0024926586022567267 0.0049670175946980285 -4.731504477640315e-05 -0.0091353707689005633
leaf_weight=51 95 63 206 242 40 43 40 43 75 55 44 61 42 71 4519 1055 64 55 87 62 106 94 69 185 4769 206 69 59 340 94 453 42 55 67 790 54 958 42 231 55 72 67 54 198 891 53 111 74 326 45 102 42 41 435 47 70 887 44 111 51 603 60
leaf_count=51 95 63 206 242 40 43 40 43 75 55 44 61 42 71 4519 1055 64 55 87 62 106 94 69 185 4769 206 69 59 340 94 453 42 55 67 790 54 958 42 231 55 72 67 54 198 891 53 111 74 326 45 102 42 41 435 47 70 887 44 111 51 603 60
internal_value=-2.10442e-05 -0.00163217 0.00131401 -0.00423576 -0.0101058 -0.00342482 -0.00419659 -0.00865795 -0.00683147 -0.00649362 -0.000917514 -0.00303708 -0.00865285 -0.00210469 0.000740825 8.31258e-05 0.00147685 -0.00325603 -0.000846579 0.00107971 0.000694778 0.00120168 -0.00370363 -0.00229186 -0.000785878 -0.00197052 -0.00236158 -0.00409401 0.00167124 -0.00403549 -0.00309238 0.00319366 0.00253479 -0.0034028 0.00444318 -0.000135514 0.00299983 0.00254466 3.53017e-06 0.00106497 0.00335309 -0.000720203 -0.00246214 -0.0031985 -0.000234917 -0.00189781 -0.0025912 -0.00200129 -0.00309249 -0.00563781 -0.00345768 -0.00712353 -0.000977146 -0.00056523 -0.00178734 -0.00710638 -0.000492982 -0.00127293 -0.00233583 -0.000587794 0.00062627 -0.004863
internal_weight=20135 9124 11011 1964 237 1727 1485 305 186 262 7160 1180 137 111 8439 3920 1433 97 7116 1369 1274 1143 131 1043 7053 1397 1310 581 1049 207 512 2572 1686 122 886 96 1564 1358 328 286 1030 2487 541 487 1946 982 797 744 633 263 189 87 729 688 482 113 5656 370 420 249 709 171
internal_count=20135 9124 11011 1964 237 1727 1485 305 186 262 7160 1180 137 111 8439 3920 1433 97 7116 1369 1274 1143 131 1043 7053 1397 1310 581 1049 207 512 2572 1686 122 886 96 1564 1358 328 286 1030 2487 541 487 1946 982 797 744 633 263 189 87 729 688 482 113 5656 370 420 249 709 171
is_linear=0
shrinkage=0.03


Tree=75
num_leaves=63
num_cat=0
split_feature=14 9 33 33 27 24 7 1 15 20 8 29 28 22 11 29 14 30 28 12 15 20 7 24 33 32 15 34 28 13 13 20 9 2 7 32 1 1 28 15 7 22 17 22 12 30 13 22 32 14 12 8 13 17 15 10 1 18 32 17 25 21
split_gain=47.8076 17.5323 15.802 25.4156 11.9947 7.70559 7.16156 7.95675 6.97998 11.7298 6.47797 5.33876 4.93156 6.93027 4.73309 4.05613 3.85618 3.4739 8.2207 7.75572 5.44901 4.42565 4.06872 3.35668 3.27279 3.24728 2.83791 4.09291 8.6067 7.87917 2.93551 2.69135 2.44017 2.43579 2.77376 2.71136 2.69021 3.32372 2.61428 2.45508 2.3641 2.35165 2.33878 2.63916 2.31604 2.19137 2.18769 2.74173 2.20233 3.12826 2.61313 3.09705 2.61208 2.17931 2.15912 6.48136 2.84444 2.9813 2.10552 6.70515 4.36974 1.97548
threshold=2446.3607142857149 4665.8350000000009 4466.2650000000003 4289.7250000000013 -24833.649999999998 0.81561558664466627 -0.8041866928211282 3.5000000000000004 1839.3738541666669 2682.1178125000001 0.31595530242620651 27.181250000000006 4077.3900000000008 -893.92999999999995 1664.7450000000001 30.756250000000005 3268.315714285714 8.1500000000000039 5707.8450000000003 3544.720811011905 5258.7205208333344 4875.5103645833342 0.99761913169647187 0.55037518267569985 5474.9750000000013 3736.0138020833342 3953.9343750000003 0.044270833333333336 3996.1983333333333 2031.3463024221585 2608.1978081208813 3676.3158854166672 796.6400000000001 3.5000000000000004 0.9550229469509578 4654.4280208333339 4.5000000000000009 2.5000000000000004 6402.1216666666687 4023.372291666667 -0.89785546691630314 198.22000000000028 1696.7650000000001 330.55500000000012 2501.8138764880955 9.2562499999999996 2631.6666938651351 -6089.1449999999986 4050.4395312500005 4354.2728571428579 3348.6785193452388 0.34033495509342487 2328.159666908185 1531.5000000000002 1939.7336979166669 2465.9000000000005 1.5000000000000002 3000.0250000000005 3680.7317708333335 981.00500000000022 8512.5000000000018 4059.5000000000005
decision_type=2 2 2 2 2 2 2 2 2 2 2 2 2 2 2 2 2 2 2 2 2 2 2 2 2 2 2 2 2 2 2 2 2 2 2 2 2 2 2 2 2 2 2 2 2 2 2 2 2 2 2 2 2 2 2 2 2 2 2 2 2 2
left_child=2 16 3 10 5 6 -4 -8 9 11 -1 -6 32 -14 15 -15 44 18 20 25 21 22 23 -10 -3 -20 27 28 -25 -30 40 -32 -7 34 35 36 37 42 -35 -38 -29 -16 53 -44 -2 46 47 -18 52 -50 -51 -52 -49 -26 55 -46 57 -57 59 -19 -61 -56
right_child=1 24 4 -5 8 12 7 -9 17 -11 -12 -13 13 14 41 -17 45 58 19 -21 -22 -23 -24 26 33 -27 -28 30 29 -31 31 -33 -34 38 -36 -37 39 -39 -40 -41 -42 -43 43 -45 54 -47 -48 48 49 50 51 -53 -54 -55 61 56 -58 -59 -60 60 -62 -63
leaf_value=-0.011550871072523295 0.0026049395482000684 -0.00049148799292602578 -0.021208599772380321 -0.025524571978432289 0.0034189985672710465 0.0028476382371544549 0.00047491059843766487 -0.015164543622946839 -0.009769404171300785 -0.01604604963224994 0.0020386420090433726 -0.0096902074894412993 -0.01635124758764539 -0.013937687760120944 0.0047530687696832634 -0.0024100464655255728 -0.0037652590500249624 0.0048497659963770553 -0.009995113752820358 -0.018792400000535923 -0.010050315470613826 0.0044317194056634045 -0.0089133344425891443 -0.00049036346742270878 0.0027021809028914181 0.00019634488080419709 0.00094827843754976648 0.0006479683460728664 -0.016622212894708124 -0.0021608881011116699 -0.011544912209113438 -0.002374685981138385 -0.0038751036410078245 0.0040493766479112684 -0.0018238364943472208 0.0051443411270457205 0.0093145033169482177 -0.0027389308471293724 -0.002614852683872662 0.0015502400835414967 -0.0014782958732671831 -0.0047042201523010323 0.0034880458545289003 -0.0047376659262756051 0.0030342503701831446 0.0053601364648167161 -0.00091934158728612572 0.0010349068630378076 0.0013742319352955622 0.011434590081157891 -0.0013292993947688957 0.0056869093548219301 -0.0019483176362391779 0.010750022968927095 -0.0066613562830856862 -0.015785851631927389 -0.0011983528335650379 -0.0051189113111997191 0.001144140073890336 -0.013030310699429649 -0.0020774587318250029 -0.00013058794854152364
leaf_weight=49 257 237 48 67 79 102 58 58 41 78 85 42 52 56 55 54 102 77 48 45 64 117 64 183 106 66 464 618 78 60 44 82 91 1735 145 270 66 182 54 82 1966 40 74 65 95 98 557 2776 961 45 79 196 291 42 41 43 51 54 693 51 90 5582
leaf_count=49 257 237 48 67 79 102 58 58 41 78 85 42 52 56 55 54 102 77 48 45 64 117 64 183 106 66 464 618 78 60 44 82 91 1735 145 270 66 182 54 82 1966 40 74 65 95 98 557 2776 961 45 79 196 291 42 41 43 51 54 693 51 90 5582
internal_value=-5.70448e-05 0.000879227 -0.00233738 -0.0105836 -0.00204293 -0.00599907 -0.011551 -0.00740759 -0.00156083 -0.00705398 -0.00297941 -0.00117343 -0.00395459 -0.0066679 -0.00414418 -0.00835136 0.000330655 -0.00133408 -0.00172003 -0.0083816 -0.00143776 -0.0012868 -0.00147383 -0.0013367 0.00289264 -0.0041444 -0.00123501 -0.00156944 -0.00476769 -0.0103955 -0.00118898 -0.00564268 -0.000325788 0.00317702 0.00201322 0.00264182 0.00154016 0.000423569 0.00384687 0.00505196 -0.000969716 0.000763529 0.0024316 -0.000364875 -0.000176995 0.000939453 0.000851876 0.00107373 0.00118809 0.00223243 0.00479741 0.00367383 0.000751313 0.00504285 -0.0002993 -0.00306207 -0.00696934 -0.00996038 0.000335186 -0.00222988 -0.00610299 -0.000179383
internal_weight=20151 14286 5865 201 5664 614 164 116 5050 199 134 121 450 257 205 110 11228 4851 3940 159 3781 3717 3600 3536 3058 114 3495 3031 321 138 2710 126 193 2821 1032 887 617 469 1789 148 2584 95 287 139 6123 5105 5007 4450 4348 1281 320 275 3067 148 5866 243 148 97 911 218 141 5623
internal_count=20151 14286 5865 201 5664 614 164 116 5050 199 134 121 450 257 205 110 11228 4851 3940 159 3781 3717 3600 3536 3058 114 3495 3031 321 138 2710 126 193 2821 1032 887 617 469 1789 148 2584 95 287 139 6123 5105 5007 4450 4348 1281 320 275 3067 148 5866 243 148 97 911 218 141 5623
is_linear=0
shrinkage=0.03


Tree=76
num_leaves=63
num_cat=0
split_feature=34 14 31 33 24 31 33 26 6 13 15 28 29 6 31 0 12 31 10 31 15 22 19 27 28 13 19 13 13 15 11 17 16 13 8 17 29 14 15 12 7 7 29 28 21 0 29 27 31 22 13 29 6 6 17 0 0 15 22 24 2 19
split_gain=40.8791 18.3578 12.5198 10.4313 7.44597 7.09027 5.33786 7.72425 4.12485 5.82412 5.20325 5.92499 4.22015 4.08216 4.00744 4.57706 6.2599 3.78945 3.45975 3.4272 8.37878 3.28859 3.43242 3.89911 2.91847 4.6741 2.74679 2.68825 8.91833 17.8126 7.56553 4.62189 3.45397 2.58147 2.53302 2.43645 5.13145 3.68084 2.408 2.68485 2.36726 4.05161 2.30815 6.73789 2.4916 2.40812 2.27116 2.09953 2.08633 4.33094 1.93613 1.91349 1.87021 1.85804 1.85526 1.85334 1.85267 1.83983 1.83687 1.7909 1.78619 1.7118
threshold=0.53906250000000011 1714.0314285714287 5999.8400000000011 4579.3100000000004 0.55037518267569985 993.18500000000006 4500.7050000000008 26539.100000000002 -0.84874750804349197 2504.0335721002498 1939.7336979166669 5025.4933333333347 20.131250000000005 -0.032701564615071448 1000.8250000000002 51.500000000000007 3358.4202976190477 2348.6700000000005 399.86500000000007 983.40500000000009 3755.0821875000006 -2573.8099999999999 4229.2650000000003 -2134.9999999999991 5385.3416666666681 1923.8324586469546 1005.0350000000001 2995.0939072115921 2692.1841111005619 4501.2699479166677 2540.3650000000002 1540.595 6000.6050000000005 1552.9659374087539 0.99855310097228334 29.810000000000002 24.306250000000006 2788.303571428572 3862.0491145833339 4055.92896577381 0.99818282439137029 0.99700008544936913 27.906250000000004 5490.1250000000009 5012.3750000000009 75.500000000000014 30.156250000000004 -23700.149999999994 1586.4950000000001 268.31999999999999 1778.6962466879131 28.306250000000002 0.68322629814330826 -0.84874750804349197 142.90500000000003 78.500000000000014 41.500000000000007 3953.9343750000003 338.7050000000001 1.281266939889941 10.500000000000002 983.52500000000009
decision_type=2 2 2 2 2 2 2 2 2 2 2 2 2 2 2 2 2 2 2 2 2 2 2 2 2 2 2 2 2 2 2 2 2 2 2 2 2 2 2 2 2 2 2 2 2 2 2 2 2 2 2 2 2 2 2 2 2 2 2 2 2 2
left_child=1 3 13 5 51 61 7 17 10 48 11 -6 -12 34 15 26 18 -3 -17 20 56 22 23 -15 -16 -26 46 28 38 32 -31 -29 -30 -23 50 36 37 -35 40 -40 41 -21 43 44 -4 -46 -14 -28 49 -10 -2 -5 55 -33 -27 -24 -8 -45 60 -52 -47 -1
right_child=2 6 42 4 8 -7 19 -9 9 -11 12 -13 14 21 24 16 -18 -19 -20 27 -22 33 52 -25 25 54 47 31 29 30 -32 53 -34 35 -36 -37 -38 -39 39 -41 -42 -43 -44 57 45 58 -48 -49 -50 -51 59 -53 -54 -55 -56 -57 -58 -59 -60 -61 -62 -63
leaf_value=-0.002639342342902507 0.002935696998387687 -0.00073237956246815041 0.0070753347716813325 -0.0070970808794455871 -0.017370116565949639 -0.022378331763403755 -0.0047756977606895224 -0.016692690111514998 0.0078715251858479211 -0.0088674428412923584 -0.011904039031287538 -0.0035644452424631232 -0.011615344447326724 -0.014128007249144666 -0.00058339270049983074 -0.008519777546441832 -0.00082911501328150432 -0.0091396132335510288 -0.021118802115003145 -0.00073103895783772465 -0.015215521150135568 0.0020489686355257761 -0.00033840265166207512 -0.0014611730165779591 -0.012736139674857257 -0.006944140487096526 -0.0029542497626195347 0.0065477673771304323 -0.0064416505249431108 -0.024380327236345586 -0.0067250135872603915 -0.0061952506317648776 0.0013676114159525462 -0.012259920275057941 0.0067784997705497181 0.00036233234642134575 0.0022665784426584043 -0.0029521880083705613 0.0011607871383406498 -0.00099288915058637307 0.0034315828871066597 -0.009400222061311218 0.0043517436032319279 -0.010125811164866069 0.0033110373949377207 0.00054879364890897343 -0.0028970778367810829 0.0046176993408097097 -0.0013692299425336555 -0.00084834106252686581 0.00064022639765340666 -0.016412079727001993 0.0030227739645756388 0.00081173648012847438 0.00060887240683024917 -0.0081707380484880472 0.0020626961324264163 -0.0014053992997666701 0.0060895950079936046 0.0039052045132771393 -0.0060890517144330915 -0.011340941742860846
leaf_weight=41 666 207 121 41 51 41 61 40 90 63 47 62 45 43 603 42 44 62 40 5037 48 746 81 44 49 43 89 131 73 50 40 42 163 50 87 3309 134 157 1560 781 120 48 962 41 1082 277 67 51 192 117 1374 43 75 163 87 40 83 46 45 169 41 41
leaf_count=41 666 207 121 41 51 41 61 40 90 63 47 62 45 43 603 42 44 62 40 5037 48 746 81 44 49 43 89 131 73 50 40 42 163 50 87 3309 134 157 1560 781 120 48 962 41 1082 277 67 51 192 117 1374 43 75 163 87 40 83 46 45 169 41 41
internal_value=-9.66132e-06 -0.00128461 0.00141257 -0.00388431 -0.00332229 -0.012315 -0.000690495 -0.00455655 -0.00290662 -0.000465601 -0.00375998 -0.00989304 -0.00317809 0.000748652 -0.00281459 -0.00534723 -0.00999631 -0.00269678 -0.014846 -0.000547754 -0.00449942 0.000240124 -0.00288874 -0.00781119 -0.00158511 -0.0049376 -0.00299237 -0.000454781 -0.000567043 -0.00541748 -0.0166937 0.00216924 -0.00106495 0.000442162 0.00178442 0.000113286 -0.00229741 -0.00524857 -0.000356806 0.000442165 -0.000716167 -0.000814704 0.00318249 0.00249979 0.00295213 0.00260221 -0.00647174 -0.00018271 0.000879858 0.00296252 0.00158475 -0.0120025 -0.000675221 -0.000646947 -0.00192337 -0.00297335 -0.000847081 -0.00558338 0.000486115 0.00100013 -0.000323434 -0.00707436
internal_weight=20288 10698 9590 1989 1866 123 8709 309 1782 462 1320 113 1207 6975 1160 378 126 269 82 8400 192 4679 283 87 782 179 252 8208 7872 326 90 336 236 4396 2296 3650 341 207 7546 2341 5205 5085 2615 1653 1566 1445 112 140 399 207 2209 84 196 205 130 121 144 87 363 1543 318 82
internal_count=20288 10698 9590 1989 1866 123 8709 309 1782 462 1320 113 1207 6975 1160 378 126 269 82 8400 192 4679 283 87 782 179 252 8208 7872 326 90 336 236 4396 2296 3650 341 207 7546 2341 5205 5085 2615 1653 1566 1445 112 140 399 207 2209 84 196 205 130 121 144 87 363 1543 318 82
is_linear=0
shrinkage=0.03


Tree=77
num_leaves=63
num_cat=0
split_feature=14 14 31 16 0 32 7 32 21 27 24 16 12 7 1 30 0 18 24 27 17 9 32 28 7 31 26 30 21 17 17 26 1 20 15 15 8 12 15 31 8 22 26 25 12 7 20 18 14 30 28 24 21 17 7 17 17 17 17 20 12 12
split_gain=41.1451 16.4614 11.5342 11.1182 16.8756 8.36974 7.18036 6.14889 5.41058 8.60271 7.17812 4.16574 4.36242 4.282 15.0608 9.81199 5.98231 3.91163 7.44961 4.13187 3.73194 3.53811 3.40292 3.27164 3.19163 4.48341 3.09588 2.82928 2.81107 2.65509 3.72503 7.06162 3.94041 2.91571 2.82676 3.01623 2.79265 2.61906 2.67217 2.45069 2.43113 3.95067 7.43712 2.83111 2.38257 4.61857 2.34308 2.30319 2.30035 2.25509 5.90444 2.22185 2.20054 2.71513 4.04591 3.04851 2.46091 2.25419 3.66215 2.18162 2.13412 2.04017
threshold=2923.8442857142868 1787.3778571428572 5999.8400000000011 4035.2800000000002 47.500000000000007 2957.5646875000002 -0.99630266176052629 2516.3329687500004 6150.6500000000005 -24833.649999999998 0.88517857269804534 3816.5150000000008 3320.8335491071434 0.95242846126021108 5.5000000000000009 2.9562500000000012 34.500000000000007 1740.6300000000003 1.2188790917381269 -8681.9999999999982 10.020000000000001 499.33000000000004 2623.1984895833339 4560.6583333333338 -0.9442364261229238 399.89500000000004 27051.250000000004 6.137500000000002 6949.7350000000006 1025.1300000000003 588.41500000000008 26049.650000000005 3.5000000000000004 4018.8450520833335 3665.6719791666669 4533.7134375000014 -0.45464412999974241 2907.8408407738102 3862.0491145833339 3661.2900000000004 -0.26037106507032781 469.56499999999988 22243.200000000004 5723.2000000000007 3809.5961904761907 -0.60554068365937697 3020.3678125000001 5499.7350000000015 2457.6657142857143 3.7562499999999983 5490.1250000000009 1.3806321536284429 5012.3750000000009 1800.5700000000004 0.97314989601849466 1694.3400000000004 2410.1900000000005 19.510000000000002 99.975000000000009 5009.9263020833341 3529.0870312500006 3532.7581398809525
decision_type=2 2 2 2 2 2 2 2 2 2 2 2 2 2 2 2 2 2 2 2 2 2 2 2 2 2 2 2 2 2 2 2 2 2 2 2 2 2 2 2 2 2 2 2 2 2 2 2 2 2 2 2 2 2 2 2 2 2 2 2 2 2
left_child=1 3 39 4 21 7 -5 -6 22 10 27 12 17 37 16 -16 -15 -3 19 48 -11 -1 -8 46 -22 26 -26 -10 -27 30 32 -32 34 -34 36 -36 -30 -13 40 47 41 43 -43 -39 -40 -46 -12 -2 -19 50 52 -41 -4 55 56 57 -55 -54 -59 -18 -60 -45
right_child=2 11 49 6 5 -7 8 -9 9 20 23 13 -14 14 15 -17 59 18 -20 -21 24 -23 -24 -25 25 28 -28 -29 29 -31 31 -33 33 -35 35 -37 -38 38 44 51 -42 42 -44 61 45 -47 -48 -49 -50 -51 -52 -53 53 54 -56 -57 -58 58 60 -61 -62 -63
leaf_value=0.0056167690334125199 0.00026994827385471657 0.0059962096078587431 0.0066752910420055621 -0.011937530325969845 -0.018427701087798492 -0.024159270399028345 -0.0055060608631982986 -0.0032117581607391389 -0.017332947007314838 0.0044049440871617978 0.0030007844665087759 0.00075821472522839372 -0.011521517260257026 -0.0088972514876209663 -0.023445418279294913 -0.0037071950543163851 -0.0010430366282653454 0.0071973410687159473 -0.01524928646552008 -0.0086138246439063457 0.00086976286303710754 -0.0056181443399008438 0.0028750963481748272 -0.010132188903337176 -0.0038599336886157593 -0.010236472592556051 -0.015108921932785409 -0.0078582424403361561 -0.013688378468155861 -0.00010998172121639564 3.9767817276098381e-05 -0.017108840623652522 0.0023499917826647386 -0.0049379389610713469 0.0028571140617987111 -0.0063231164417945993 -0.0046979179585733529 -0.0088448078303851856 0.0014196240710908606 0.0011529198049392072 -0.00085932413591085068 -0.016260409058370395 -0.0012011436593414092 -0.0025256129868770514 -0.0090334905388540238 -0.00024702557723457177 -0.0050299843571459252 -0.0062708561825661029 -0.0011847471216959611 0.0040653756326939584 -0.005587449204630968 0.0074594947788864368 0.0079164796449244026 0.0051700156330362476 -0.0042395512792234727 -0.0051116702838667804 -0.0023338408542926919 -0.0022402185259243054 0.0047151996891460369 0.0040159356825083025 0.0008841239909344248 0.0021110321226381922
leaf_weight=51 4337 41 114 76 42 62 53 55 70 72 59 1362 57 66 48 43 193 40 42 52 202 48 226 54 44 41 45 52 49 325 40 46 173 68 63 64 87 43 816 3749 2884 52 67 226 57 752 71 48 104 1018 81 50 49 518 50 62 42 190 237 126 292 136
leaf_count=51 4337 41 114 76 42 62 53 55 70 72 59 1362 57 66 48 43 193 40 42 52 202 48 226 54 44 41 45 52 49 325 40 46 173 68 63 64 87 43 816 3749 2884 52 67 226 57 752 71 48 104 1018 81 50 49 518 50 62 42 190 237 126 292 136
internal_value=-2.37575e-05 -0.00147104 0.00123764 -0.00371797 -0.00956564 -0.0155893 -0.00295156 -0.00992091 -0.0025868 -0.00324918 -0.00777364 -0.000772881 -0.00402957 -0.000613062 -0.0033551 -0.0142602 -0.000747257 -0.00246328 -0.00393958 -0.00145097 -0.00219444 0.000167829 0.001269 -0.00399666 -0.0025787 -0.00324549 -0.0096523 -0.0133913 -0.00263957 -0.00228836 -0.0034861 -0.00922397 -0.0024907 0.000281739 -0.00502266 -0.0017824 -0.0080134 -0.00040847 -0.00072428 0.000680226 -0.0012015 -0.00307953 -0.00786233 -0.00165831 0.000276679 -0.000876485 -0.00139017 0.000196937 0.00117719 0.00295627 0.00226365 0.00123786 0.0026762 0.0023552 0.00387343 0.00123607 0.00460407 0.0017545 0.00132414 0.000961484 0.00260616 -0.000782652
internal_weight=20282 9445 10837 2238 258 159 1980 97 1904 1625 306 7207 336 6871 476 91 385 279 238 196 1319 99 279 184 1247 1045 89 122 956 915 590 86 504 241 263 127 136 6395 5033 8184 3408 524 119 405 1625 809 130 4385 144 2653 1635 3799 1554 1440 610 830 560 768 719 319 529 362
internal_count=20282 9445 10837 2238 258 159 1980 97 1904 1625 306 7207 336 6871 476 91 385 279 238 196 1319 99 279 184 1247 1045 89 122 956 915 590 86 504 241 263 127 136 6395 5033 8184 3408 524 119 405 1625 809 130 4385 144 2653 1635 3799 1554 1440 610 830 560 768 719 319 529 362
is_linear=0
shrinkage=0.03


end of trees

feature_importances:
dam_now=329
r_roll7d_std=278
doy_sin=268
doy_cos=227
d_prevday_mean=227
r_block7d_mean=213
r_prevday_mean=212
r_prevday_min=205
dam_day_mean=201
r_roll7d_mean=199
r_lag_1d=198
load_lag_2d=191
r_prevday_max=175
dam_day_max=172
dow=160
rbidgap_lag_1d=136
spread_lag_1d=130
temp_c=125
r_lag_7d=117
ratio_block7d_mean=114
cdh=106
dam_rank_in_day=97
block=96
spread_block7d_mean=87
sbid_lag_1d=85
d_prevday_max=76
hour_cos=73
r_lag_2d=64
d_lag_1d=62
d_lag_7d=60
rbid_lag_1d=54
hour_sin=52
month=33
is_weekend=12
is_holiday=2

parameters:
[boosting: gbdt]
[objective: regression]
[metric: l2]
[tree_learner: serial]
[device_type: cpu]
[data_sample_strategy: bagging]
[data: ]
[valid: ]
[num_iterations: 3000]
[learning_rate: 0.03]
[num_leaves: 63]
[num_threads: 16]
[seed: 42]
[deterministic: 0]
[force_col_wise: 0]
[force_row_wise: 0]
[histogram_pool_size: -1]
[max_depth: -1]
[min_data_in_leaf: 40]
[min_sum_hessian_in_leaf: 0.001]
[bagging_fraction: 0.8]
[pos_bagging_fraction: 1]
[neg_bagging_fraction: 1]
[bagging_freq: 1]
[bagging_seed: 400]
[bagging_by_query: 0]
[feature_fraction: 0.8]
[feature_fraction_bynode: 1]
[feature_fraction_seed: 30056]
[extra_trees: 0]
[extra_seed: 12879]
[early_stopping_round: 0]
[early_stopping_min_delta: 0]
[first_metric_only: 0]
[max_delta_step: 0]
[lambda_l1: 0]
[lambda_l2: 1]
[linear_lambda: 0]
[min_gain_to_split: 0]
[drop_rate: 0.1]
[max_drop: 50]
[skip_drop: 0.5]
[xgboost_dart_mode: 0]
[uniform_drop: 0]
[drop_seed: 17869]
[top_rate: 0.2]
[other_rate: 0.1]
[min_data_per_group: 100]
[max_cat_threshold: 32]
[cat_l2: 10]
[cat_smooth: 10]
[max_cat_to_onehot: 4]
[top_k: 20]
[monotone_constraints: ]
[monotone_constraints_method: basic]
[monotone_penalty: 0]
[feature_contri: ]
[forcedsplits_filename: ]
[refit_decay_rate: 0.9]
[cegb_tradeoff: 1]
[cegb_penalty_split: 0]
[cegb_penalty_feature_lazy: ]
[cegb_penalty_feature_coupled: ]
[path_smooth: 0]
[interaction_constraints: ]
[verbosity: -1]
[saved_feature_importance_type: 0]
[use_quantized_grad: 0]
[num_grad_quant_bins: 4]
[quant_train_renew_leaf: 0]
[stochastic_rounding: 1]
[linear_tree: 0]
[max_bin: 255]
[max_bin_by_feature: ]
[min_data_in_bin: 3]
[bin_construct_sample_cnt: 200000]
[data_random_seed: 175]
[is_enable_sparse: 1]
[enable_bundle: 1]
[use_missing: 1]
[zero_as_missing: 0]
[feature_pre_filter: 1]
[pre_partition: 0]
[two_round: 0]
[header: 0]
[label_column: ]
[weight_column: ]
[group_column: ]
[ignore_column: ]
[categorical_feature: ]
[forcedbins_filename: ]
[precise_float_parser: 0]
[parser_config_file: ]
[objective_seed: 16083]
[num_class: 1]
[is_unbalance: 0]
[scale_pos_weight: 1]
[sigmoid: 1]
[boost_from_average: 1]
[reg_sqrt: 0]
[alpha: 0.9]
[fair_c: 1]
[poisson_max_delta_step: 0.7]
[tweedie_variance_power: 1.5]
[lambdarank_truncation_level: 30]
[lambdarank_norm: 1]
[label_gain: ]
[lambdarank_position_bias_regularization: 0]
[eval_at: ]
[multi_error_top_k: 1]
[auc_mu_weights: ]
[num_machines: 1]
[local_listen_port: 12400]
[time_out: 120]
[machine_list_filename: ]
[machines: ]
[gpu_platform_id: -1]
[gpu_device_id: -1]
[gpu_use_dp: 0]
[num_gpu: 1]

end of parameters

pandas_categorical:[]
