tree
version=v4
num_class=1
num_tree_per_iteration=1
label_index=0
max_feature_idx=30
objective=regression
feature_names=block dow month is_weekend is_holiday hour_sin hour_cos doy_sin doy_cos r_lag_1d r_lag_2d r_lag_7d r_roll7d_mean r_roll7d_std r_block7d_mean r_prevday_mean r_prevday_max r_prevday_min d_lag_1d d_lag_7d d_prevday_mean d_prevday_max spread_lag_1d spread_block7d_mean ratio_block7d_mean rbid_lag_1d sbid_lag_1d rbidgap_lag_1d load_lag_2d temp_c cdh
feature_infos=[0:95] [0:6] [1:12] [0:1] [0:1] [-1:1] [-1:1] [-0.9999994220246925:0.99998555065071859] [-0.83966463461813268:0.9999907524084426] [0:10000] [0:10000] [0:10000] [2201.0644791666668:6371.9388095238091] [1041.3818280359974:3792.7750439018496] [95.387142857142848:10000] [1411.6477083333332:6804.6373958333324] [3093.7199999999998:10000] [0:2700.2600000000002] [49.509999999999998:10000] [49.509999999999998:10000] [1516.4342708333334:7244.1147916666669] [2829.5799999999999:10000] [-9195.3099999999995:6520.9099999999999] [-5349.4457142857145:3826.9414285714292] [0.22786386403489758:3.5141676795876586] [0:81869.699999999997] [0:51470.199999999997] [-44002.200000000004:80953.5] [1635.0666666666666:7023.5500000000002] [4.5:42.049999999999997] [0:18.049999999999997]
tree_sizes=5265 5651 5645 5656 5681 5641 5668 5641 5646 5629 5659 5662 5678 5673 5681 5670 5700 5667 5671 5668 5676 5692 5681 5687 5705 5687 5702 5698 5698 5689 5688 5679 5686 5700 5670 5712 5694 5725 5681 5680 5679 5716 5740 5706 5721 5720 5697 5707 5721 5718 5688 5691 5719 5701 5735 5708 5714 5735 5717 5745 5701 5709 5718 5745 5713 5737 5754 5742 5729 5706 5739 5728 5729 5722 5752 5725 5780 5726 5779 5744 5741 5727 5762 5733 5712 5742 5721 5719 5748 5734 5715 5730 5723 5744 5737 5761 5751 5739 5744 5733 5766 5715 5775 5766 5753 5705 5760 5755 5800 5745 5784 5733 5748

Tree=0
num_leaves=63
num_cat=0
split_feature=14 9 27 1 15 14 17 27 24 12 14 26 14 1 1 16 12 27 1 9 14 15 14 1 6 17 28 16 10 14 25 12 15 15 15 15 16 1 28 20 27 14 22 28 18 9 9 7 9 7 1 1 15 12 17 15 15 16 22 10 26 7
split_gain=3319.46 1301.91 769.407 325.221 362.211 204.789 183.365 147.967 137.675 91.2506 78.2143 68.7944 66.2584 58.3482 49.1039 46.0581 45.5407 45.3871 45.1705 41.5721 39.9315 30.6712 25.7737 25.7638 40.6047 36.1127 24.4533 20.612 17.9882 17.7728 17.5729 16.7822 16.5833 34.2925 15.9762 15.8252 14.8817 14.1281 14.0713 13.9915 13.5961 12.542 15.154 11.4578 10.8986 10.406 10.1937 8.73162 7.61434 7.51504 7.35609 6.45985 6.4388 6.47268 6.42112 6.1858 17.0153 5.99 5.97147 5.95642 6.08855 5.9108
threshold=2479.4235714285719 4450.7650000000003 -18614.950000000001 5.5000000000000009 2197.0835416666673 3244.9778571428578 22.185000000000006 4107.0000000000009 0.69447979185523845 2861.239479166667 1787.3778571428572 35671.250000000007 1379.4228571428573 5.5000000000000009 5.5000000000000009 3816.5150000000008 2696.6477604166671 -2287.4499999999998 5.5000000000000009 2849.2450000000003 1254.9950000000001 2122.5288020833336 5838.7042857142869 5.5000000000000009 0.06540312923014284 899.73000000000013 4682.1950000000006 3562.2000000000003 399.86500000000007 6256.556428571429 6205.2000000000007 5329.2672470238103 3291.6371354166672 3173.76125 2957.9851562500003 3324.1733333333336 4035.2800000000002 1.0000000180025095e-35 4150.2716666666674 3020.3678125000001 -10882.499999999998 6148.7921428571435 -2573.8099999999999 6184.1533333333346 4600.6000000000013 1949.1200000000001 3386.2100000000005 0.98522604642031408 1899.9150000000002 0.97508442350096236 1.0000000180025095e-35 1.5000000000000002 4783.9761979166678 4476.3722470238108 29.590000000000003 2857.2419270833338 2955.1737500000004 3816.5150000000008 -934.76499999999976 499.33000000000004 34450.350000000006 -0.89406062840022227
decision_type=2 2 2 2 2 2 2 2 2 2 2 2 2 2 2 2 2 2 2 2 2 2 2 2 2 2 2 2 2 2 2 2 2 2 2 2 2 2 2 2 2 2 2 2 2 2 2 2 2 2 2 2 2 2 2 2 2 2 2 2 2 2
left_child=2 5 3 4 6 19 16 18 28 -8 13 12 -5 21 43 30 -1 41 22 27 35 -4 44 40 25 34 -15 61 -6 -19 -12 -16 33 36 -25 39 -22 -31 -14 59 48 42 -7 47 -3 -29 57 -9 54 -37 -43 -23 53 -24 -17 -38 -57 -21 -18 60 -10 -2
right_child=1 7 10 11 8 17 9 14 20 -11 15 -13 38 26 31 23 58 29 -20 46 32 51 52 24 -26 -27 -28 45 -30 37 -32 -33 -34 -35 -36 49 55 -39 -40 -41 -42 50 -44 -45 -46 -47 -48 -49 -50 -51 -52 -53 -54 -55 -56 56 -58 -59 -60 -61 -62 -63
leaf_value=7.9066391431345169 7.9541275574963359 7.9770886075146263 7.923141889800478 7.883485293236463 7.8975932445669708 7.9547923257088105 7.9100822408503699 7.9972953436650212 7.9388705603698426 7.8611857487844485 7.9507007048910303 7.8625088466441078 7.9352120652631362 7.9360707959996351 7.9758945423036689 7.9393036728834554 7.9345016162696318 7.9726469870434897 7.971168196399347 7.9545285457535595 7.9313342762282666 7.9538272739339329 7.9886361563116974 7.9365819332169183 7.9583653420721889 7.9494803691088274 7.9091009766163536 7.954128667871684 7.923249241474811 7.9885945886050358 7.9256110439314762 7.996390042006686 7.9522068451324293 7.9167227107263507 7.9122983734408745 7.9470339963330376 7.9501473538363712 7.9743233630791019 7.9106024172579685 7.9188047644292752 7.9582819358068191 7.9815451656038574 7.9677546330156721 7.9823084751755697 7.9833626851879282 7.9604498037171316 7.9669758456794995 7.9837366585889429 7.954849363586824 7.9329650477206153 7.9672384952511024 7.9467424926001318 7.9982053359414271 7.9762239714015015 7.9515426219656007 7.9323788649673075 7.9510889208245983 7.9634298476129048 7.9507698296641749 7.941504180610389 7.9220957463925519 7.9420848439734373
leaf_weight=54 79 443 45 78 65 83 61 1208 43 92 41 49 44 79 166 44 45 1841 321 69 60 165 445 71 193 165 53 265 51 120 70 46 287 40 41 110 282 135 49 74 953 91 2511 56 610 1991 854 50 1486 53 51 431 63 45 336 78 103 2429 41 80 49 72
leaf_count=54 79 443 45 78 65 83 61 1208 43 92 41 49 44 79 166 44 45 1841 321 69 60 165 445 71 193 165 53 265 51 120 70 46 287 40 41 110 282 135 49 74 953 91 2511 56 610 1991 854 50 1486 53 51 431 63 45 336 78 103 2429 41 80 49 72
internal_value=7.96302 7.97103 7.94446 7.92858 7.93313 7.96581 7.90288 7.98702 7.93962 7.88021 7.95166 7.89433 7.90398 7.94305 7.994 7.95362 7.92807 7.97036 7.98148 7.96199 7.94253 7.94683 7.98353 7.95427 7.94777 7.94042 7.92492 7.95898 7.90844 7.97369 7.93469 7.98048 7.94628 7.94328 7.92732 7.93481 7.94539 7.98111 7.92183 7.92995 7.95536 7.96782 7.96734 7.99617 7.98074 7.9597 7.96415 7.99677 7.95387 7.9423 7.97647 7.94869 7.9888 7.98753 7.95007 7.94728 7.9429 7.96318 7.94203 7.93498 7.92959 7.94829
internal_weight=20105 14044 6061 1888 1668 10591 293 3453 1375 153 4173 220 171 773 1526 3400 140 4832 1927 5759 1259 641 1606 3289 470 277 132 2407 116 2096 111 212 850 563 112 409 523 255 93 246 2819 2736 2594 1314 1053 2256 3352 1258 1866 163 142 596 553 490 380 463 181 2498 86 172 92 151
internal_count=20105 14044 6061 1888 1668 10591 293 3453 1375 153 4173 220 171 773 1526 3400 140 4832 1927 5759 1259 641 1606 3289 470 277 132 2407 116 2096 111 212 850 563 112 409 523 255 93 246 2819 2736 2594 1314 1053 2256 3352 1258 1866 163 142 596 553 490 380 463 181 2498 86 172 92 151
is_linear=0
shrinkage=1


Tree=1
num_leaves=63
num_cat=0
split_feature=14 27 9 1 15 17 14 24 27 29 27 17 14 9 1 27 1 1 12 1 16 1 17 16 8 19 6 6 19 14 9 10 1 1 14 14 15 15 14 12 13 19 28 14 16 19 7 15 6 9 9 8 23 20 5 7 15 15 28 7 28 12
split_gain=3037.31 1102.21 893.015 345.091 366.465 176.38 145.671 127.462 117.489 97.395 97.3345 68.1708 85.6907 67.8222 66.2946 53.079 51.8882 40.975 40.8813 39.7751 36.4632 37.2559 72.2775 33.816 30.1621 21.9575 19.5875 19.4101 18.8134 18.6494 17.3792 16.1436 16.8906 15.7192 15.0671 14.2879 13.7472 24.025 15.5829 12.2566 11.4072 11.2015 11.1856 10.3746 8.99222 10.2092 8.65922 8.31273 8.03723 7.67992 7.37096 7.20114 8.52571 7.18553 6.45565 6.15096 5.88351 5.85124 5.78545 5.57517 5.5013 5.47992
threshold=2923.8442857142868 -18614.950000000001 4543.1900000000014 5.5000000000000009 2197.0835416666673 22.185000000000006 1892.5414285714289 0.55037518267569985 4107.0000000000009 26.506250000000005 -2287.4499999999998 99.290000000000006 1452.5157142857145 2713.7150000000006 5.5000000000000009 -24833.649999999998 5.5000000000000009 4.5000000000000009 2696.6477604166671 5.5000000000000009 3816.5150000000008 5.5000000000000009 224.88000000000002 4598.6950000000006 0.29958852271690523 899.46000000000015 -0.63405362205439475 -0.58216583101416131 4976.7750000000005 5838.7042857142869 3276.1700000000005 1400.6300000000003 1.5000000000000002 1.0000000180025095e-35 2446.3607142857149 1301.592142857143 3291.6371354166672 3192.0227083333339 1513.3957142857146 5329.2672470238103 2213.4544469845036 1449.3150000000003 6223.1458333333348 4450.6671428571435 4429.5550000000012 4129.5500000000002 0.98522604642031408 1675.6098437500002 -0.93540483100319605 3999.9450000000002 3405.2050000000004 -0.46989712924132493 244.93857142857146 5009.9263020833341 -0.72947329433276231 0.89546819317495652 2868.9832812500003 1839.3738541666669 4931.3433333333342 0.94138322595482449 5936.2750000000005 2513.1384747023812
decision_type=2 2 2 2 2 2 2 2 2 2 2 2 2 2 2 2 2 2 2 2 2 2 2 2 2 2 2 2 2 2 2 2 2 2 2 2 2 2 2 2 2 2 2 2 2 2 2 2 2 2 2 2 2 2 2 2 2 2 2 2 2 2
left_child=1 3 10 4 5 18 14 -6 19 -7 30 -5 -13 20 23 17 42 31 -1 29 26 34 27 -3 25 -16 -8 -23 55 53 44 32 -9 54 51 -11 37 38 -17 -18 -28 -24 46 -32 45 -2 -10 -47 60 -35 -15 52 -22 56 -30 -12 -4 -36 -14 -57 -25 -53
right_child=2 6 8 11 7 9 13 15 16 35 28 12 58 50 24 36 39 -19 -20 -21 21 22 41 48 -26 -27 40 -29 33 -31 43 -33 -34 49 57 -37 -38 -39 -40 -41 -42 -43 -44 -45 -46 47 -48 -49 -50 -51 -52 61 -54 -55 -56 59 -58 -59 -60 -61 -62 -63
leaf_value=-0.053373589994091739 -0.0048149062689698393 -0.037819598142344216 0.028209307885595728 -0.10283627076582474 -0.069675025474280117 -0.039527765255082739 -0.038005139563631794 -0.023273757329171009 0.033159265287680609 -0.11043577828190543 0.0074307819641692341 -0.07952459538436453 -0.027493887051593426 -0.0022196563762800119 -0.059292928898334499 -0.023259262103636404 0.012828858956384161 -0.054340267366958114 -0.020344544799496118 0.0082310163877269259 -0.0093950001655376744 -0.052809411433148885 -0.019494993554858061 -0.015134101585793921 -0.017220872787758707 -0.031189401821523417 -0.01159113557465043 -0.024070446689923603 0.02707079291054346 0.025292093841799684 0.0043617465434431747 -0.017690696322641867 -0.043633814636451093 0.0083937978073214074 -0.01458403626989041 -0.082628397839634035 -0.011627320168537732 -0.040239614725112914 -0.012874227961097549 0.03122087350705775 -0.02949262573224742 -0.0066830199406763841 0.016881896255780821 0.011489604838165338 0.0023944517626674554 0.01498306014915792 0.019029663680121302 0.00060143535911530541 -0.010789787312713369 0.015646310492083128 0.0031739822826544178 -9.2881003454294841e-05 -0.023034938501659781 0.025589084799688022 0.014774761548964305 0.01710397694434505 0.016366995993531103 -0.0031840388594458714 -0.045127131190241837 0.0094754002689339794 -0.027207485373047263 -0.0075077095547817028
leaf_weight=56 379 51 41 43 47 43 41 93 1262 43 1306 91 42 2239 49 227 179 52 88 282 169 46 77 198 59 60 162 44 102 502 1748 139 66 292 41 75 378 44 317 40 40 300 45 205 2390 40 45 308 567 246 253 95 55 103 69 119 765 1234 40 336 43 1616
leaf_count=56 379 51 41 43 47 43 41 93 1262 43 1306 91 42 2239 49 227 179 52 88 282 169 46 77 198 59 60 162 44 102 502 1748 139 66 292 41 75 378 44 317 40 40 300 45 205 2390 40 45 308 567 246 253 95 55 103 69 119 765 1234 40 336 43 1616
internal_value=0.000127997 -0.0124169 0.0109534 -0.032908 -0.0282553 -0.0579448 -0.00722356 -0.021574 0.02406 -0.0794948 0.00527721 -0.0685415 -0.0594754 -0.00554168 -0.0177086 -0.0198045 0.0299754 -0.0298232 -0.0334687 0.0185564 -0.00800127 -0.00725346 -0.0151654 -0.014307 -0.0349139 -0.0442473 -0.0192409 -0.0391782 0.0101596 0.0206127 0.0028971 -0.0253776 -0.031945 0.0142909 -0.00609804 -0.0936045 -0.0161475 -0.0190287 -0.0172424 0.0163148 -0.0152638 -0.00934444 0.0321745 0.00511543 0.00150597 -0.00141417 0.0326877 0.00229269 -0.012778 0.0117329 -0.00167101 -0.00776652 -0.0128316 0.0180035 0.022224 0.00848906 0.0170036 -0.00356177 -0.0365355 0.0115037 -0.0173918 -0.00709631
internal_weight=20127 9323 10804 1884 1668 305 7439 1363 3264 161 7540 216 173 6412 1027 1316 1571 350 144 1693 3920 3677 467 859 168 109 243 90 2470 1411 5070 298 159 709 3210 118 966 588 544 219 202 377 1352 1953 3117 727 1307 348 808 538 2492 1935 224 909 171 1761 806 1275 82 455 241 1711
internal_count=20127 9323 10804 1884 1668 305 7439 1363 3264 161 7540 216 173 6412 1027 1316 1571 350 144 1693 3920 3677 467 859 168 109 243 90 2470 1411 5070 298 159 709 3210 118 966 588 544 219 202 377 1352 1953 3117 727 1307 348 808 538 2492 1935 224 909 171 1761 806 1275 82 455 241 1711
is_linear=0
shrinkage=0.03


Tree=2
num_leaves=63
num_cat=0
split_feature=14 9 26 1 15 14 14 17 1 9 24 16 1 20 15 26 1 17 6 9 16 26 12 1 9 1 8 6 18 14 14 24 7 9 12 10 13 1 14 18 28 10 5 8 7 17 9 15 18 14 12 25 5 8 13 28 1 7 7 17 7 12
split_gain=2966.66 1153.02 726.117 229.516 247.725 170.981 169.166 158.289 131.043 124.666 108.276 64.0303 59.0754 55.266 52.2902 49.5007 42.8457 79.9837 48.0763 42.4433 36.4311 35.774 34.1599 31.9184 28.4378 27.4402 26.4598 19.0811 18.9625 18.6502 16.9725 16.6217 16.018 15.3363 14.7483 12.7072 12.422 11.7431 11.4469 11.0182 10.7021 9.30736 9.30477 9.49771 12.2438 18.4582 9.40122 8.06133 9.91381 7.76057 7.44471 6.76918 6.6785 9.63179 11.3501 6.59868 6.52943 6.44543 7.1696 6.27117 6.16746 6.0413
threshold=2491.1814285714295 4395.3250000000007 30851.100000000002 5.5000000000000009 2197.0835416666673 3171.661428571429 1636.3614285714289 22.185000000000006 5.5000000000000009 9999.9850000000024 0.69447979185523845 3816.5150000000008 5.5000000000000009 2546.3523437500003 2197.0835416666673 26320.500000000004 5.5000000000000009 224.88000000000002 -0.77259657388510605 3499.9150000000004 4429.5550000000012 36429.200000000004 2696.6477604166671 5.5000000000000009 1453.7150000000004 1.5000000000000002 0.18281312110578132 -0.68322629814330815 2210.5050000000006 4257.5764285714295 5838.7042857142869 0.55037518267569985 0.99552231814189451 2849.2450000000003 5329.2672470238103 1335.1900000000003 2347.3107883455627 5.5000000000000009 6994.420000000001 5075.7800000000016 6223.1458333333348 9999.9850000000024 -0.68322629814330782 -0.38243420677835349 -0.68430824382591193 309.9550000000001 1988.95 2491.5403645833339 4959.9250000000002 2103.8400000000001 2513.1384747023812 15222.700000000003 -0.77259657388510594 -0.46989712924132493 2485.2354778152489 3164.4166666666674 5.5000000000000009 -0.98803845231459242 -0.91597725483594616 99.830000000000013 -0.99763297024448894 3014.966510416667
decision_type=2 2 2 2 2 2 2 2 2 2 2 2 2 2 2 2 2 2 2 2 2 2 2 2 2 2 2 2 2 2 2 2 2 2 2 2 2 2 2 2 2 2 2 2 2 2 2 2 2 2 2 2 2 2 2 2 2 2 2 2 2 2
left_child=2 5 6 4 7 20 8 22 14 23 31 27 32 -9 -1 -10 28 18 -18 38 36 61 -4 30 25 -12 49 -8 42 -21 39 -6 40 56 -14 59 -2 41 47 -3 51 -31 -13 44 45 -44 -45 48 -7 -19 -30 -11 -52 54 -54 -25 -22 -16 -59 -27 -48 -5
right_child=1 9 3 21 10 19 11 13 15 12 24 16 34 -15 57 -17 17 26 -20 29 33 -23 -24 55 -26 35 -28 -29 50 37 -32 -33 -34 -35 -36 -37 -38 -39 -40 -41 -42 -43 43 46 -46 -47 60 -49 -50 -51 52 -53 53 -55 -56 -57 -58 58 -60 -61 -62 -63
leaf_value=-0.043316953219473361 -0.0065832208318335377 0.01418333919578888 -0.053542571763197579 -0.073978021232093252 -0.068551519944312717 0.0017701132676687418 -0.044288005699702308 -0.061120457810870672 -0.034325715670982998 0.029356113058889695 -0.018122427135529601 -0.0036719169248681282 0.0115076579491962 -0.10381916930729693 -0.026884816244244575 -0.069606686284908875 -0.064062818813730368 -0.031002081607439322 -0.02310299729132299 0.0074316602832057146 -0.001926629110100455 -0.10026181145147843 -0.021040425261725552 0.019212442741888325 -0.014856445817338297 -0.031342414410746831 -0.0074422569025219196 -0.02076249034242595 0.00014731665283841642 0.012480352975203739 0.023359607731655206 -0.0420692314101117 0.013371152944117785 0.0009662804431652684 0.030927287936210631 -0.024755781320765471 -0.018703401561639188 0.0022346148435699654 0.014491555487173935 0.020559540217527043 0.017309323741861109 0.021273963058889983 -0.014177595628118449 -0.013511032205131168 -0.0081637781436348662 -0.037838284625145401 -0.0190134347661991 0.0043409230040569874 -0.010148240844486281 -0.014687644963097922 0.00027375003263397616 0.033957012723153865 -0.0068664707613643253 -0.0060017190743797862 -0.023399877757765353 0.0061970988837145692 -0.0075084706794151766 -0.010208863281660666 -0.017475271734718082 -0.047187281201283134 -0.0074170400656639194 -0.052739180645277335
leaf_weight=71 457 676 53 40 46 611 52 58 89 655 168 183 212 65 49 64 43 63 67 1862 1604 43 68 40 321 48 377 84 181 549 492 55 49 2750 42 77 91 82 85 397 52 138 90 422 96 45 43 1953 69 50 128 685 89 1252 65 260 213 176 445 71 817 42
leaf_count=71 457 676 53 40 46 611 52 58 89 655 168 183 212 65 49 64 43 63 67 1862 1604 43 68 40 321 48 377 84 181 549 492 55 49 2750 42 77 91 82 85 397 52 138 90 422 96 45 43 1953 69 50 128 685 89 1252 65 260 213 176 445 71 817 42
internal_value=-2.29297e-05 0.00761512 -0.0173093 -0.0387562 -0.0340347 0.00259691 -0.0123886 -0.0604133 -0.024221 0.0223604 -0.0257795 -0.00983263 0.0282542 -0.0843401 -0.0189542 -0.0494399 -0.009141 -0.0165327 -0.0395475 0.00634641 -0.0013246 -0.0770826 -0.0355991 0.0169916 -0.0214441 -0.027197 -0.0112961 -0.0300152 -0.00783633 0.00906228 0.0187108 -0.0546843 0.0306089 -0.000446763 0.0148275 -0.0348437 -0.00862628 0.0129958 0.0037151 0.0165594 0.0312057 0.0142751 -0.0100867 -0.0108596 -0.0164768 -0.0222847 -0.00983546 0.00336184 0.000547625 -0.0239755 -0.0056063 0.0317316 -0.00628483 -0.00688168 -0.0139508 0.00799054 -0.00258474 -0.0163117 -0.0154356 -0.0411105 -0.00801827 -0.0638661
internal_weight=20220 14024 6196 1155 1030 10464 5041 244 894 3560 786 4147 1695 123 741 153 4011 600 110 5349 5115 125 121 1865 685 364 490 136 3411 2631 1565 101 1441 4567 254 196 548 769 2718 1073 1392 687 1696 1513 231 135 1282 2633 680 113 1715 1340 1534 1406 154 300 1817 670 621 119 860 82
internal_count=20220 14024 6196 1155 1030 10464 5041 244 894 3560 786 4147 1695 123 741 153 4011 600 110 5349 5115 125 121 1865 685 364 490 136 3411 2631 1565 101 1441 4567 254 196 548 769 2718 1073 1392 687 1696 1513 231 135 1282 2633 680 113 1715 1340 1534 1406 154 300 1817 670 621 119 860 82
is_linear=0
shrinkage=0.03


Tree=3
num_leaves=63
num_cat=0
split_feature=14 9 27 14 14 8 1 27 1 16 4 16 24 19 13 12 27 1 1 25 24 9 1 13 7 13 16 24 8 26 6 14 27 14 1 10 22 21 8 7 25 8 1 14 22 28 7 13 13 7 8 8 28 12 24 29 1 8 12 13 13 13
split_gain=2848.43 1083.67 682.394 219.388 159.478 134.618 161.599 124.475 124.278 133.156 66.3065 64.3499 63.9049 55.4685 55.0364 46.1573 43.579 41.2816 37.1082 35.335 31.5049 30.9356 39.8538 60.909 30.8948 30.1843 29.1388 28.9317 25.7219 24.6377 19.8291 19.8009 18.2424 16.19 15.6325 13.413 13.2805 12.233 11.7046 16.5757 11.1476 10.1993 9.80424 9.6182 11.0927 9.41994 9.74376 9.34027 9.01127 8.57931 8.57173 12.8985 7.73196 7.91867 7.58101 7.51898 7.11875 7.51424 7.00893 7.00449 6.96756 6.29392
threshold=2501.0321428571433 4450.7650000000003 -23700.149999999994 1787.3778571428572 3171.661428571429 -0.46989712924132493 5.5000000000000009 4107.0000000000009 5.5000000000000009 3816.5150000000008 1.0000000180025095e-35 4031.0200000000004 0.81561558664466627 1029.6650000000002 1715.8346744951268 2682.0625000000005 -2428.8999999999992 5.5000000000000009 5.5000000000000009 7271.5500000000011 1.0719653414169608 2150.8350000000005 5.5000000000000009 2331.9284878414828 -0.79384350655589164 1703.433326453249 3816.5150000000008 1.4039861324657397 -0.39233249306308043 30851.100000000002 -0.70710678118654757 5946.7028571428582 -8592.6999999999989 6474.1400000000003 1.5000000000000002 1866.9250000000004 -200.13499999999996 5500.0250000000005 -0.66686572813907907 -0.68430824382591193 31808.950000000001 -0.23537842981696178 2.5000000000000004 6040.1314285714298 -2573.8099999999999 6223.1458333333348 0.99374995976406788 2504.0335721002498 1952.7665973092628 -0.99630266176052629 -0.022575793296316496 -0.15101602693478741 4434.4583333333348 2903.1053348214291 1.9086006007825238 24.406250000000004 5.5000000000000009 0.29958852271690523 2501.8138764880955 2179.4365469150875 2570.8092157293731 1954.6186461849841
decision_type=2 2 2 2 2 2 2 2 2 2 2 2 2 2 2 2 2 2 2 2 2 2 2 2 2 2 2 2 2 2 2 2 2 2 2 2 2 2 2 2 2 2 2 2 2 2 2 2 2 2 2 2 2 2 2 2 2 2 2 2 2 2
left_child=2 4 5 8 26 -1 10 17 9 25 12 19 24 14 -10 27 43 31 45 55 -8 22 54 -24 -7 -4 48 42 29 47 -21 -3 56 -18 -26 -16 -31 -35 39 -23 -20 -30 -14 44 -6 46 -9 61 -2 -40 51 -17 59 -54 -13 -5 -28 -58 -34 -43 -41 -11
right_child=1 7 3 11 16 6 20 18 13 28 -12 21 15 -15 35 50 33 -19 40 30 -22 38 23 -25 34 -27 32 -29 41 36 -32 -33 58 37 -36 -37 -38 -39 49 60 -42 52 -44 -45 -46 -47 -48 -49 -50 -51 -52 -53 53 -55 -56 -57 57 -59 -60 -61 -62 -63
leaf_value=-0.09547985468591963 -0.0081265250800946799 0.016492917760562165 -0.036972505499919255 -0.0093942533123375065 -0.0077346710454194653 -0.069771032796605778 -0.09097284878555098 0.031269671368344375 -0.084689638992635208 -0.025753454988958629 -0.065795343406498424 -0.009227679719345034 -0.06014871983199703 -0.023156928762931513 -0.054945261955261233 -0.013599296559236551 0.0085839507135558584 0.0069042652846509284 0.012224635589117934 -0.054529863646761934 -0.05371209104393803 -0.027642184716280337 -0.013553650240628766 -0.051923297054643901 -0.024319679733704434 -0.074498764120224034 -0.0022027370370962178 -0.021415532075155241 -0.0075811261068631144 -0.050485484363829221 -0.024976191317973035 0.02356764922478323 0.006651268104349844 0.025619524070522287 -0.049747695011912653 -0.031486052917806727 -0.024926610976072856 0.011179415688975087 -0.017044708297471515 -0.00047457098245753769 0.028502933617967827 -0.012884962698462598 -0.037762922947960242 0.011456517800973842 0.0038852761782321027 0.016678590708393226 0.015804385126435332 -0.027563647224893229 -0.023386106926311805 -0.005112389683998483 -0.014747057853568364 -0.0327662151530385 -0.012044257115838782 -0.02911249995271542 -0.01734631428421524 -0.025254928657003413 -0.018240065496414902 -0.0048624537948530559 0.00055598191113292279 -0.023024559084248417 -0.016092129354788497 -0.012203065431299242
leaf_weight=41 252 1072 44 81 75 45 56 1240 40 40 55 1328 48 80 44 56 2092 309 153 43 42 52 129 52 43 40 1650 51 186 40 44 548 180 90 52 56 40 133 55 62 51 520 41 146 2861 48 41 82 40 1952 178 79 41 69 113 41 49 160 2746 71 43 147
leaf_count=41 252 1072 44 81 75 45 56 1240 40 40 55 1328 48 80 44 56 2092 309 153 43 42 52 129 52 43 40 1650 51 186 40 44 548 180 90 52 56 40 133 55 62 51 520 41 146 2861 48 41 82 40 1952 178 79 41 69 113 41 49 160 2746 71 43 147
internal_value=-5.54805e-05 0.00752125 -0.0167559 -0.0130344 0.00271086 -0.0428795 -0.0398646 0.0220697 -0.0226524 -0.0191462 -0.0343356 -0.00932213 -0.0313119 -0.0435078 -0.0548902 -0.0257337 0.00630077 0.0169823 0.028456 -0.0254966 -0.0757078 -0.00842275 -0.0115557 -0.0248017 -0.0490508 -0.0555084 -0.0011058 -0.0400492 -0.0166321 -0.0235475 -0.0400368 0.0188992 -0.000543338 0.00941089 -0.0386114 -0.0422499 -0.0381716 0.0170956 -0.0060702 -0.013943 0.0164134 -0.0138877 -0.0503703 0.00396235 0.00358591 0.0302907 0.0307874 -0.0190731 -0.0102896 -0.00544771 -0.0192235 -0.0249739 -0.0155478 -0.0229165 -0.00987591 -0.0148865 -0.00286644 -0.00807075 0.000933093 -0.0141399 -0.00696181 -0.0152231
internal_weight=20258 13936 6322 5535 10474 787 746 3462 1540 1320 648 3995 593 220 140 453 5397 1929 1533 209 98 3786 1622 181 140 84 5077 140 1236 349 87 1620 4785 2315 95 100 80 223 2164 157 204 887 89 3082 2936 1329 1281 269 292 2007 313 135 701 110 1441 122 1859 209 2926 591 105 187
internal_count=20258 13936 6322 5535 10474 787 746 3462 1540 1320 648 3995 593 220 140 453 5397 1929 1533 209 98 3786 1622 181 140 84 5077 140 1236 349 87 1620 4785 2315 95 100 80 223 2164 157 204 887 89 3082 2936 1329 1281 269 292 2007 313 135 701 110 1441 122 1859 209 2926 591 105 187
is_linear=0
shrinkage=0.03


Tree=4
num_leaves=63
num_cat=0
split_feature=14 9 27 11 27 17 14 27 26 29 4 13 7 9 22 7 26 19 14 17 18 3 14 9 14 8 3 12 7 3 3 12 14 6 29 13 28 28 24 3 14 24 7 17 19 22 23 9 12 14 8 7 28 5 18 7 9 8 6 17 7 13
split_gain=2665.44 890.026 767.765 190.716 128.719 111.143 98.1064 96.2526 95.2514 86.5425 83.5609 82.9691 45.4697 41.0703 38.7555 46.606 44.8124 30.6006 26.7513 24.1456 23.8685 23.1917 22.8537 22.7497 22.5835 21.108 19.5237 18.1936 14.9213 14.5376 14.2631 13.9266 13.5584 13.5559 14.3076 22.0938 16.0429 15.6411 13.374 12.9575 12.6774 11.6614 11.427 11.0343 10.904 10.5441 10.3482 9.68014 9.49801 8.92436 8.72608 9.32686 8.375 8.05601 7.93411 7.44543 7.16798 6.99122 6.97385 7.76972 6.84834 6.61729
threshold=2691.2700000000004 4543.1900000000014 -18614.950000000001 599.8950000000001 -3490.9999999999995 99.870000000000019 2117.0421428571431 4107.0000000000009 35671.250000000007 29.506250000000005 1.0000000180025095e-35 1501.9944615837587 -0.99275805973510278 1403.6050000000002 -39.410000000000032 -0.8041866928211282 31242.350000000002 4511.6550000000007 3669.9392857142861 19.510000000000002 989.94500000000005 1.0000000180025095e-35 1486.1142857142861 2133.5700000000006 3090.8928571428573 -0.39233249306308043 1.0000000180025095e-35 2627.665334821429 -0.71504373327588355 1.0000000180025095e-35 1.0000000180025095e-35 3238.6651413690483 6600.0892857142862 -0.3520614488341256 31.556250000000006 2323.9508112716153 5778.9400000000014 4493.9033333333346 0.7120623897349968 1.0000000180025095e-35 1206.3957142857146 1.0665968323928459 0.9550229469509578 99.050000000000011 4779.7350000000015 -3579.8449999999993 81.485714285714295 2519.7750000000005 2513.1384747023812 5167.4764285714291 -0.46989712924132493 -0.73282214301478099 5936.2750000000005 -0.41248606129204551 5319.5000000000009 -0.85671820900978868 2835.7000000000003 0.59003219687534991 -0.77259657388510605 99.320000000000007 0.95998215779580554 2620.8224737040064
decision_type=2 2 2 2 2 2 2 2 2 2 2 2 2 2 2 2 2 2 2 2 2 2 2 2 2 2 2 2 2 2 2 2 2 2 2 2 2 2 2 2 2 2 2 2 2 2 2 2 2 2 2 2 2 2 2 2 2 2 2 2 2 2
left_child=2 4 3 8 24 10 12 17 11 -10 14 -1 27 38 15 16 -5 39 -6 -18 46 -22 25 42 47 55 -9 -4 -23 -15 32 58 61 34 35 43 37 -37 -13 54 -17 -40 50 -24 53 -26 -7 -2 -25 -47 51 -8 -46 -28 -3 -14 57 -50 59 -16 -34 -20
right_child=1 7 6 5 18 20 23 26 9 -11 -12 13 22 29 31 40 19 -19 30 -21 21 28 33 48 45 -27 44 -29 -30 -31 -32 -33 60 -35 -36 36 -38 -39 41 -41 -42 -43 -44 -45 52 49 -48 -49 56 -51 -52 -53 -54 -55 -56 -57 -58 -59 -60 -61 -62 -63
leaf_value=-0.075972702851954926 -0.0042300998083657131 0.013662030924622148 -0.050308528735597685 -0.028165061428577082 0.0052780327590226323 -0.037096327836625274 -0.022687921257579305 0.029601256172661863 -0.092777078934569851 -0.042341304517218049 -0.070761831488030461 -0.05994434488255803 -0.036385630486558566 -0.014095586957691421 -0.01581938361749053 -0.037546914289606374 -0.039360539485423944 0.020836120910170189 0.011535836048670631 -0.068392244477111563 -0.011905191554305061 -0.039696023251329142 -0.023040965810997058 0.0015688054966530461 -0.011799343946199355 -0.013590754620566525 0.011886408033810086 -0.020958087379226414 -0.015862389268244015 -0.031848172150188828 0.0061141818979382114 -0.035891150310437415 0.020961509162160268 -0.0055649066163593486 -0.0071728577008730024 -0.030386361057829596 -0.039807411033127987 -0.012262450575863188 -0.025162507519125937 0.0086762963529388865 -0.018432236398749666 -0.046498035254386755 -0.021324319985857151 -0.010689221564302081 0.027879328454576004 0.0026611767878723437 -0.020972228825700524 -7.3234265806329865e-05 -0.0085633583429807914 0.011547493236886232 -0.0073831336732953787 -0.0072395162457984906 0.012816056695633699 0.024857677584109096 0.022491695907043949 -0.020911646885132151 -0.0024400666885551195 -0.0045038197580310833 -0.006822002553583487 -0.031604468971490857 0.0077168506196112884 0.0055900513064090556
leaf_weight=46 662 331 40 78 1733 63 75 1070 66 62 51 40 72 90 101 46 47 913 1081 77 522 48 73 232 43 169 126 40 50 81 535 46 190 282 300 68 41 120 43 375 108 64 68 613 259 2586 97 2105 575 105 799 68 41 68 132 55 813 1150 45 41 45 203
leaf_count=46 662 331 40 78 1733 63 75 1070 66 62 51 40 72 90 101 46 47 913 1081 77 522 48 73 232 43 169 126 40 50 81 535 46 190 282 300 68 41 120 43 375 108 64 68 613 259 2586 97 2105 575 105 799 68 41 68 132 55 813 1150 45 41 45 203
internal_value=8.65876e-05 0.00853609 -0.0139892 -0.0304181 0.00377227 -0.0248093 -0.00842815 0.0218783 -0.0465229 -0.0688649 -0.0340781 -0.0384992 -0.0140416 -0.0328573 -0.0307872 -0.0370385 -0.0465465 0.0170284 0.008028 -0.0577912 -0.0171702 -0.0144614 -0.0130391 -0.00564368 0.00084161 -0.0206654 0.0272937 -0.0360732 -0.0278191 -0.022641 0.0103445 -0.0211182 0.0118295 -0.0115183 -0.0128944 -0.0147604 -0.0228362 -0.018944 -0.0445084 0.0128599 -0.0243472 -0.0382363 -0.00949722 -0.0120352 0.0222458 0.00277489 -0.0275121 -0.00106893 -0.00423568 0.00301207 -0.00862176 -0.0154431 0.0258701 0.0165372 0.0162224 -0.0299 -0.00476668 -0.00586118 -0.0173126 -0.0205662 0.0184687 0.0106009
internal_weight=20168 12603 7565 1912 9288 1420 5653 3315 492 128 640 364 1873 318 589 356 202 1751 3787 124 780 620 1793 3780 5501 296 1564 80 98 171 2054 233 1519 1497 1215 915 229 188 147 838 154 107 1010 686 494 2734 160 2767 2770 2691 942 143 300 194 463 127 2538 1725 187 142 235 1284
internal_count=20168 12603 7565 1912 9288 1420 5653 3315 492 128 640 364 1873 318 589 356 202 1751 3787 124 780 620 1793 3780 5501 296 1564 80 98 171 2054 233 1519 1497 1215 915 229 188 147 838 154 107 1010 686 494 2734 160 2767 2770 2691 942 143 300 194 463 127 2538 1725 187 142 235 1284
is_linear=0
shrinkage=0.03


Tree=5
num_leaves=63
num_cat=0
split_feature=14 14 9 15 1 9 1 9 17 9 8 24 1 16 18 14 16 20 6 9 22 12 1 9 10 0 6 19 7 29 8 9 14 9 12 14 1 12 28 7 15 28 18 6 23 22 14 29 11 4 12 20 13 23 24 16 18 1 28 16 0 13
split_gain=2481.76 880.572 679.728 209.349 274.299 141.745 86.4719 85.8797 83.2517 77.7906 69.5537 59.2955 54.8454 53.671 52.8617 49.1918 46.2438 34.8997 33.3993 32.5545 29.156 34.4136 24.8158 22.1266 20.3311 20.2657 20.2334 17.3407 16.2004 15.4993 23.8493 14.9198 14.1958 13.4337 13.2937 13.0777 12.5404 22.9783 11.8581 11.4887 11.1293 11.0557 9.59177 9.36117 9.17343 8.90689 8.87912 8.79143 8.05603 7.95246 11.0661 7.88694 10.0221 7.65434 6.59863 6.41171 5.7724 5.74859 5.608 5.51522 6.3792 5.51104
threshold=2923.8442857142868 1660.9350000000002 4543.1900000000014 2197.0835416666673 5.5000000000000009 1899.9150000000002 5.5000000000000009 9999.9850000000024 104.71500000000002 3621.3100000000009 -0.46989712924132493 0.55037518267569985 5.5000000000000009 3816.5150000000008 1724.9050000000004 2297.5428571428574 3615.7600000000007 2550.7788541666673 -0.41248606129204529 1599.845 114.14000000000011 2654.7668303571431 5.5000000000000009 99.345000000000013 6520.5550000000012 43.500000000000007 -0.63405362205439475 1411.5900000000004 0.99552231814189451 28.656250000000004 0.63089349388778826 3260.0050000000006 1301.592142857143 2835.7000000000003 5329.2672470238103 6256.556428571429 5.5000000000000009 3941.2960863095245 6223.1458333333348 0.9550229469509578 1675.6098437500002 4978.9666666666672 4116.8850000000011 -0.41248606129204529 -299.12357142857144 -5104.9199999999992 5167.4764285714291 27.693750000000005 4532.7750000000005 1.0000000180025095e-35 3334.2057068452382 3014.0405208333336 2394.1969015506279 -379.10571428571421 0.92478065383071484 4031.0200000000004 5150.4600000000009 1.5000000000000002 5878.2333333333345 4035.2800000000002 44.500000000000007 1815.6231406704812
decision_type=2 2 2 2 2 2 2 2 2 2 2 2 2 2 2 2 2 2 2 2 2 2 2 2 2 2 2 2 2 2 2 2 2 2 2 2 2 2 2 2 2 2 2 2 2 2 2 2 2 2 2 2 2 2 2 2 2 2 2 2 2 2
left_child=1 3 9 10 11 6 16 22 -8 31 -1 -5 28 26 20 36 18 27 -3 25 54 -22 35 -19 42 -13 -7 -12 38 30 44 45 51 39 -14 56 49 41 -9 -17 -18 -38 -11 59 -27 -2 55 -10 -33 -15 -51 -31 -53 -28 -6 -47 -4 -26 -21 60 -42 -57
right_child=2 5 7 4 14 13 8 12 47 24 17 19 34 15 -16 33 40 23 -20 58 21 -23 -24 -25 57 29 53 -29 -30 32 -32 48 -34 -35 -36 -37 37 -39 -40 -41 43 -43 -44 -45 -46 46 -48 -49 -50 50 -52 52 -54 -55 -56 61 -58 -59 -60 -61 -62 -63
leaf_value=-0.08579332406954332 -0.010304880233417298 -0.05143423006651883 0.01372603066235843 -0.048696120125906808 -0.084966278523206706 -0.038484289843242529 -0.071634481328984964 0.029203496804069105 -0.010408821073020014 0.0066584190094699375 -0.044293462076494768 -0.012043335956313515 0.01011497289453416 -0.0066306762986692112 -0.031676089835244337 -0.0035795988187055797 -0.025211235411903437 -0.045839446932077407 -0.014601364725579817 -0.012660348737630011 -0.07225629735283734 -0.035872986973686648 0.0074856231426244872 -0.077592048368802888 0.023064668583306105 -0.051253152163523545 -0.02632836512494378 -0.018602612609433574 0.011328163518095916 -0.020239633537436786 -0.017179067621105593 0.0038886603060089941 -0.013834065579995511 -0.00046924949766378825 0.028644833766988346 0.022412103290078485 -0.0077886880830136266 -0.033817956772717567 0.013764565383922308 -0.015609190808168638 -0.011608621652951425 -0.024767277232121403 0.010626162771659141 -0.0057230894984429933 -0.032349774983979888 -0.0023004273405826804 0.009113053604352302 -0.030237689102915195 0.0092654945796506304 -0.0071849851756178394 -0.02737675030057023 -0.038453155000694093 -0.021206835846512995 -0.011070736974797908 -0.062118432689003827 0.0042702457272488052 0.018576472278346773 0.012397043459485609 -0.02345065037814938 -0.011473431753457218 -0.028328932756330905 0.00095836534289108757
leaf_weight=54 57 46 548 62 47 42 45 1354 40 1259 61 120 222 1649 76 2170 50 53 44 540 40 65 256 40 110 52 40 42 52 113 56 1814 124 1747 41 387 233 43 49 73 46 40 984 253 58 401 133 43 291 63 40 79 57 119 40 604 399 85 48 675 40 1794
leaf_count=54 57 46 548 62 47 42 45 1354 40 1259 61 120 222 1649 76 2170 50 53 44 540 40 65 256 40 110 52 40 42 52 113 56 1814 124 1747 41 387 233 43 49 73 46 40 984 253 58 401 133 43 291 63 40 79 57 119 40 604 399 85 48 675 40 1794
internal_value=1.87304e-05 -0.0112898 0.00979177 -0.0299706 -0.0258967 -0.00676051 -0.0158452 0.0211254 -0.0391659 0.00481197 -0.0554635 -0.0202065 0.0257813 -0.00489749 -0.0535109 -0.00438943 -0.0132269 -0.0467143 -0.0337854 -0.0187521 -0.0619449 -0.0502842 0.0160816 -0.0601766 0.009218 -0.0233399 -0.0201128 -0.0340972 0.0280627 -0.0258279 -0.0335584 0.00270185 -0.022307 -0.00244215 0.0131012 0.0177244 -0.0081435 -0.0136467 0.0286745 -0.00397789 -0.0114578 -0.0103577 0.00840302 -0.0107555 -0.0416672 0.00133861 0.00156841 -0.0209193 0.00463601 -0.0071437 -0.0152143 -0.0264543 -0.0314325 -0.0150497 -0.0752868 0.00120678 0.0157871 0.0185017 -0.0135795 -0.0124188 -0.0196217 0.00179398
internal_weight=20208 9368 10840 1827 1577 7541 1282 3308 128 7532 250 1309 1718 6259 268 6058 1154 196 90 1247 192 105 1590 93 2438 659 201 103 1455 539 166 5094 373 3990 263 1334 2068 316 1403 2243 1064 273 2243 1014 110 2989 2932 83 2105 1752 103 249 136 159 87 2799 947 195 588 761 86 2398
internal_count=20208 9368 10840 1827 1577 7541 1282 3308 128 7532 250 1309 1718 6259 268 6058 1154 196 90 1247 192 105 1590 93 2438 659 201 103 1455 539 166 5094 373 3990 263 1334 2068 316 1403 2243 1064 273 2243 1014 110 2989 2932 83 2105 1752 103 249 136 159 87 2799 947 195 588 761 86 2398
is_linear=0
shrinkage=0.03


Tree=6
num_leaves=63
num_cat=0
split_feature=14 9 14 16 1 16 9 15 27 12 27 14 26 1 20 23 14 21 7 1 1 14 14 28 8 14 14 9 1 20 7 1 16 8 17 1 14 20 25 6 0 30 7 0 8 20 20 1 17 6 8 15 28 7 28 16 19 21 22 19 16 12
split_gain=2417.39 791.519 696.641 222.923 182.694 108.411 108.111 105.17 86.9759 74.3148 71.1664 56.0827 52.9523 45.0008 70.9401 44.9695 44.4331 36.2052 35.6538 33.5935 33.221 33.0343 28.8983 22.152 20.9809 20.2361 19.5434 18.3668 19.8622 38.3297 17.5915 19.8058 16.8296 16.7767 16.1422 15.5318 13.2067 10.7558 10.4698 9.54083 10.0395 9.3111 9.21232 8.84148 9.8168 11.6115 11.7135 8.49846 11.9759 8.27985 8.10384 7.90541 14.3918 7.83556 7.86637 7.18949 8.19482 10.4488 6.89167 6.53515 5.76347 5.55711
threshold=2714.366428571429 4543.1900000000014 1660.9350000000002 4031.0200000000004 5.5000000000000009 4035.2800000000002 3375.5150000000008 1839.3738541666669 4107.0000000000009 3032.2829166666675 -24253.449999999997 2156.4585714285718 26539.100000000002 5.5000000000000009 4463.9920312500008 -266.33285714285711 2180.3057142857147 5396.4750000000013 -0.88622299073327826 5.5000000000000009 5.5000000000000009 3669.9392857142861 1452.5157142857145 5025.4933333333347 0.42763731121559989 3014.0042857142862 6040.1314285714298 2370.3250000000003 5.5000000000000009 4463.9920312500008 -0.8041866928211282 3.5000000000000004 4429.5550000000012 0.18281312110578132 400.01000000000005 5.5000000000000009 6474.1400000000003 2550.7788541666673 31808.950000000001 -0.91037613702198728 50.500000000000007 3.2437500000000026 0.8713187725699193 56.500000000000007 -0.46989712924132493 4471.6952083333335 3596.0298958333337 1.5000000000000002 399.63000000000005 -0.63405362205439475 -0.039769286347669845 3911.7951562500002 4434.4583333333348 0.99374995976406788 6184.1533333333346 4429.5550000000012 4400.1800000000012 4289.7250000000013 -200.13499999999996 4699.9600000000009 6500.7000000000007 2501.8138764880955
decision_type=2 2 2 2 2 2 2 2 2 2 2 2 2 2 2 2 2 2 2 2 2 2 2 2 2 2 2 2 2 2 2 2 2 2 2 2 2 2 2 2 2 2 2 2 2 2 2 2 2 2 2 2 2 2 2 2 2 2 2 2 2 2
left_child=2 6 3 9 7 16 25 -5 20 18 15 13 33 43 23 30 17 24 41 53 26 -8 34 -15 37 32 -3 28 -13 -30 -9 -32 50 -6 -14 36 -23 -4 -21 40 -12 -1 -38 44 45 46 -7 -17 58 -18 -2 52 -42 54 -10 56 -27 -58 -49 -57 -46 -29
right_child=1 8 5 4 12 11 21 10 19 -11 39 27 22 14 -16 47 49 -19 -20 38 -22 35 -24 -25 -26 55 -28 61 29 -31 31 -33 -34 -35 -36 -37 42 -39 -40 -41 51 -43 -44 -45 60 -47 -48 48 -50 -51 -52 -53 -54 -55 -56 59 57 -59 -60 -61 -62 -63
leaf_value=-0.041220469211296337 -0.020623904925001702 0.015450118024138162 -0.044294820031880039 -0.061801287946375932 -0.041189656222044527 -0.011247417926261166 0.0046578761620586851 -0.055380136985331771 0.028636808058009059 -0.082521426820755001 -0.014122144517777043 -0.0062499562701245001 -0.057549642185642291 -0.010480250615845095 -0.055696465445216739 -0.015062058348866068 -0.025991642391930025 -0.05673296822805185 -0.062675846491394252 0.010982319275594571 0.0067825441032399944 0.0099465301814138287 -0.037039570607418242 -0.033957808200755842 -0.0076214569863130724 -0.0034236776913273638 0.022892042769855802 0.0016922070589632941 -0.0079747055719882436 -0.040270484781432699 -0.019061524908503762 -0.048252221740955531 -0.00069815386100743242 -0.016395977981561838 -0.084514898963090848 0.0028560738871118616 0.020590232801767659 -0.021940220923322006 0.026712482957278981 -0.011454537931476031 -0.016562496255551066 -0.019892360961473569 0.0069829610777044568 -0.0052750491242186011 -0.0137727925157453 -0.0078491746112508004 -0.030263289299327877 -0.022599033033702431 -0.014425421436043346 -0.011431148868191559 -0.0064623493312556879 -0.013832021238866135 -0.03605215830092217 0.01422945750611169 0.017430733348750935 0.0024743189707646636 0.016622735056391155 0.00094706951699442257 -0.040206320041959932 0.0076917244968570248 -0.0082143642112547342 -0.0036163868993434769
leaf_weight=40 45 958 45 54 66 52 2156 63 1236 74 314 1270 72 178 47 101 44 48 57 164 288 1441 42 45 40 381 487 194 114 46 45 42 1793 42 40 237 193 40 50 421 69 40 60 376 213 85 71 40 50 182 183 66 73 41 65 2045 43 295 54 241 843 2018
leaf_count=40 45 958 45 54 66 52 2156 63 1236 74 314 1270 72 178 47 101 44 48 57 164 288 1441 42 45 40 381 487 194 114 46 45 42 1793 42 40 237 193 40 50 421 69 40 60 376 213 85 71 40 50 182 183 66 73 41 65 2045 43 295 54 241 843 2018
internal_value=-8.99888e-05 0.00814496 -0.0131561 -0.0291505 -0.0254169 -0.00813955 0.00359092 -0.0210634 0.0207582 -0.0581601 -0.0193743 -0.00705124 -0.048379 -0.0112143 -0.0225515 -0.0300655 -0.0232276 -0.0346523 -0.0444987 0.0259128 0.0161177 0.00721383 -0.0597351 -0.0153483 -0.0257904 0.000644019 0.0179723 -0.0048655 -0.00751467 -0.0174522 -0.0430199 -0.0335418 -0.00167669 -0.0317866 -0.0678428 0.0100637 0.0110698 -0.0341525 0.0147647 -0.0148689 -0.0175955 -0.0309337 0.0174034 -0.00933522 -0.0105379 -0.0165077 -0.0223796 -0.0219916 -0.0267145 -0.0143679 -0.00933525 -0.0227463 -0.0267639 0.0276782 0.0280908 0.00220484 -0.000411267 0.00298446 -0.0330306 0.00302748 -0.00934749 -0.00315025
internal_weight=20218 12402 7816 1865 1654 5951 9113 1392 3289 211 1338 5552 262 1910 270 395 399 173 137 1556 1733 4087 154 223 125 5026 1445 3642 1430 160 150 87 2021 108 112 1931 1694 85 214 943 522 80 253 1640 1264 208 123 245 144 226 228 208 142 1342 1301 3005 719 338 94 2286 1056 2212
internal_count=20218 12402 7816 1865 1654 5951 9113 1392 3289 211 1338 5552 262 1910 270 395 399 173 137 1556 1733 4087 154 223 125 5026 1445 3642 1430 160 150 87 2021 108 112 1931 1694 85 214 943 522 80 253 1640 1264 208 123 245 144 226 228 208 142 1342 1301 3005 719 338 94 2286 1056 2212
is_linear=0
shrinkage=0.03


Tree=7
num_leaves=63
num_cat=0
split_feature=14 27 27 11 15 27 17 12 3 27 14 11 26 24 13 12 17 19 27 14 19 19 15 15 22 8 30 11 15 15 14 8 15 10 13 15 3 11 18 28 28 12 2 20 13 13 29 17 17 3 11 29 14 22 28 20 11 8 6 15 20 13
split_gain=2180.01 718.811 664.406 171.724 128.063 120.906 109.427 112.342 103.858 75.5783 73.7029 63.2913 59.2327 54.7674 30.5824 30.4105 28.6998 27.0461 26.1911 25.3564 25.1656 20.8574 19.2814 19.1219 17.1497 15.755 16.5005 29.6193 13.1017 12.8054 20.0981 15.7824 12.6487 12.6147 11.0574 10.5384 10.323 9.94984 9.5636 9.50335 8.96937 8.64993 8.32708 11.3467 8.07747 7.90867 11.9658 7.98916 9.35753 7.28258 7.86404 7.21495 6.96239 11.633 6.78422 6.74919 6.50627 6.40391 6.40216 5.87211 8.63528 5.56695
threshold=2714.366428571429 906.55000000000075 -18614.950000000001 299.21500000000009 2197.0835416666673 -2428.8999999999992 22.185000000000006 2903.1053348214291 1.0000000180025095e-35 7311.2000000000007 1892.5414285714289 948.0150000000001 35671.250000000007 0.72919722901071393 1950.1873498987495 2696.6477604166671 69.030000000000015 4976.7750000000005 -11945.749999999998 3062.809285714286 4511.6550000000007 199.98500000000004 2197.0835416666673 2579.6056770833338 21.60000000000014 0.5475998096715059 3.3250000000000015 1999.845 2197.0835416666673 3291.6371354166672 1636.3614285714289 0.029024409397335523 2857.2419270833338 6310.670000000001 2340.1691463807042 1731.1739583333335 1.0000000180025095e-35 1450.6150000000002 5553.1350000000011 5778.9400000000014 4107.9766666666683 2513.1384747023812 8.5000000000000018 3056.9828645833336 1644.5538641803835 2164.1526792547152 31.556250000000006 87.695000000000007 1439.5150000000001 1.0000000180025095e-35 4900.8350000000009 24.006250000000005 5167.4764285714291 -2573.8099999999999 6223.1458333333348 3150.8146875000007 1819.0250000000003 -0.14250536273956091 0.38268343236508956 3760.2029687500003 4297.4610937500011 2692.1841111005619
decision_type=2 2 2 2 2 2 2 2 2 2 2 2 2 2 2 2 2 2 2 2 2 2 2 2 2 2 2 2 2 2 2 2 2 2 2 2 2 2 2 2 2 2 2 2 2 2 2 2 2 2 2 2 2 2 2 2 2 2 2 2 2 2
left_child=2 5 3 12 6 19 15 -8 13 20 21 14 24 37 -10 -5 -14 -7 25 22 36 -4 34 -13 -1 26 27 -12 -23 30 31 32 -15 -19 -2 -20 38 -6 -3 -35 -26 -37 -25 -44 -29 -30 47 -47 56 -11 -51 -40 53 -21 57 -33 -49 -22 -59 60 -28 -43
right_child=1 9 10 4 8 17 7 -9 11 49 18 23 16 29 -16 -17 -18 33 35 52 54 28 -24 42 40 -27 59 44 45 -31 -32 55 -34 39 -36 41 -38 -39 51 -41 -42 61 43 -45 -46 46 -48 48 -50 50 -52 -53 -54 -55 -56 -57 -58 58 -60 -61 -62 -63
leaf_value=-0.051402209860086444 -0.0061102434666259441 0.012826808194329048 -0.029745450712691402 -0.041717857631671504 -0.027639394735296564 0.0069077851970656291 -0.029962725542485715 -0.085580580842036458 -0.076496341207197727 0.028642873173353608 -0.037551940865306693 -0.043409565397921727 -0.090807224568433875 -0.022665633655424358 -0.038835084540148571 -0.014537814158387482 -0.052171613547418796 0.011002973093510164 -0.016329610983489968 -0.010384921527727216 0.025163229801286307 -0.027143132895925792 -0.00014743694479962509 -0.014686418655155985 -0.020577291448911031 -0.0059867353762617405 -0.008969663788963066 -0.0067049684360889449 -0.010267330201266429 -0.0093313989184651766 -0.011002176492339344 -0.012548719024906554 -0.043527246700091796 0.022108643264620607 -0.023282203159706538 0.0013450091799297793 0.0095121435269338462 -0.049426446480806484 0.013321953260772196 0.0058340573837844332 -0.0399360486291922 -0.0039689997494461978 -0.016178980826638465 -0.037895260808222433 -0.019400605588441356 -0.0099908618970774108 -0.009494174092449249 -0.038301614632999352 -0.012338220428057904 0.016817310583733376 0.026725908808632574 0.02578433800308454 0.0079005197529723875 0.0028321790287604521 0.011043217259339636 -0.025453158220592534 -0.022332073689581681 0.020349059588128618 0.011519170643636181 -0.0050659015606923921 -0.02010266572084779 -0.011068639701216642
leaf_weight=74 163 321 75 60 44 2125 59 77 41 745 54 50 40 78 44 99 41 627 60 60 240 58 2321 80 44 1047 346 104 579 365 308 134 43 188 42 274 384 42 69 40 51 2446 42 50 81 49 149 43 45 125 200 123 238 3555 73 52 64 679 88 232 77 103
leaf_count=74 163 321 75 60 44 2125 59 77 41 745 54 50 40 78 44 99 41 627 60 60 240 58 2321 80 44 1047 346 104 579 365 308 134 43 188 42 274 384 42 69 40 51 2446 42 50 81 49 149 43 45 125 200 123 238 3555 73 52 64 679 88 232 77 103
internal_value=4.55132e-05 0.00785998 -0.0123765 -0.0277066 -0.0242042 0.00373867 -0.0421338 -0.0618471 -0.020324 0.0205134 -0.00737726 -0.0356892 -0.0508849 -0.0158697 -0.0576794 -0.0249911 -0.0721257 0.00872645 -0.00579993 0.00140759 0.0170204 -0.0145299 -0.000928201 -0.0270486 -0.0403401 -0.0084939 -0.0114202 -0.0181676 -0.0133447 -0.0138265 -0.0164749 -0.0219119 -0.0303753 0.0132332 -0.00972434 -0.00398388 0.0132764 -0.0387254 0.0160701 0.0192914 -0.0312776 -0.00371579 -0.0220691 -0.0282619 -0.012338 -0.012455 -0.0160344 -0.0208117 -0.0242119 0.0269454 0.0229782 0.0213979 0.00293876 0.00261 0.0201148 -0.0162732 -0.029045 0.0207608 0.0193523 -0.0089342 -0.0110389 -0.00426011
internal_weight=20210 12406 7804 1918 1668 9359 295 136 1373 3047 5886 307 250 1066 85 159 81 2980 4824 6379 1977 1062 2526 222 169 1941 894 239 987 980 615 307 121 855 205 2883 897 86 513 228 95 2823 172 92 185 929 350 201 152 1070 325 192 3853 3615 1080 186 107 1007 767 655 423 2549
internal_count=20210 12406 7804 1918 1668 9359 295 136 1373 3047 5886 307 250 1066 85 159 81 2980 4824 6379 1977 1062 2526 222 169 1941 894 239 987 980 615 307 121 855 205 2883 897 86 513 228 95 2823 172 92 185 929 350 201 152 1070 325 192 3853 3615 1080 186 107 1007 767 655 423 2549
is_linear=0
shrinkage=0.03


Tree=8
num_leaves=63
num_cat=0
split_feature=14 9 27 1 16 14 17 27 24 27 1 8 29 24 16 8 14 1 17 29 16 14 16 19 25 14 9 1 17 9 10 1 1 18 9 14 8 13 7 13 9 17 7 28 13 7 9 18 9 13 28 14 13 1 20 16 16 8 5 14 8 13
split_gain=2043.36 651.181 632.707 185.307 163.492 109.724 103.612 98.6252 84.3761 71.6641 65.8249 59.1704 54.3472 50.8198 49.1489 49.0527 48.1918 42.8083 27.9258 33.0511 22.1828 21.4759 19.8352 17.2174 16.8564 16.6444 16.3353 19.7147 29.3638 16.2931 15.6126 15.4803 15.0008 13.6825 12.9515 11.5017 10.6842 10.5384 9.49444 16.8005 9.17121 8.27096 7.78618 7.42867 7.3502 7.3186 7.14164 7.41982 8.41521 6.82207 6.72474 6.6243 6.46268 6.35361 6.07208 6.03323 7.70819 6.05155 5.6628 5.5623 5.83216 5.53542
threshold=2776.9521428571438 4665.8350000000009 -19778.049999999996 5.5000000000000009 3937.2600000000007 2156.4585714285718 49.790000000000013 -2428.8999999999992 0.55037518267569985 7311.2000000000007 5.5000000000000009 0.29958852271690523 27.181250000000006 1.0545914202675608 3816.5150000000008 0.04621408538533487 1301.592142857143 5.5000000000000009 29.220000000000002 28.581250000000008 3816.5150000000008 3244.9778571428578 3816.5150000000008 4976.7750000000005 7271.5500000000011 1301.592142857143 2354.0800000000004 5.5000000000000009 224.88000000000002 5468.5100000000011 499.33000000000004 5.5000000000000009 1.0000000180025095e-35 2000.4950000000001 999.66000000000008 1513.3957142857146 -0.39233249306308043 1815.6231406704812 -0.68430824382591193 2323.9508112716153 3839.7050000000004 29.220000000000002 -0.83847110675477843 4286.6050000000005 1952.7665973092628 -0.69674959280705229 2981.9000000000001 4769.6900000000014 2499.9250000000006 1610.3534326864358 6033.6300000000019 6040.1314285714298 3449.8668728612106 1.5000000000000002 4399.5113541666678 6886.3250000000007 5312.0050000000001 0.81800285027139286 -0.72947329433276231 4164.0357142857147 0.47369649395226454 2670.0720040114661
decision_type=2 2 2 2 2 2 2 2 2 2 2 2 2 2 2 2 2 2 2 2 2 2 2 2 2 2 2 2 2 2 2 2 2 2 2 2 2 2 2 2 2 2 2 2 2 2 2 2 2 2 2 2 2 2 2 2 2 2 2 2 2 2
left_child=2 7 3 4 6 10 25 21 -6 17 14 15 -8 37 24 35 18 29 19 -10 44 22 49 45 -4 -1 27 -22 -29 50 34 -11 -25 36 53 -12 38 -5 39 -16 -34 -18 -41 -15 -7 -9 47 -23 -49 -2 -3 -31 -33 -20 -37 56 -38 -57 -19 -48 -61 -35
right_child=1 9 5 13 8 20 12 23 16 31 11 -13 -14 43 33 -17 41 58 30 -21 26 46 -24 32 -26 -27 -28 28 -30 51 -32 52 40 61 -36 54 55 -39 -40 42 -42 -43 -44 -45 -46 -47 59 48 -50 -51 -52 -53 -54 -55 -56 57 -58 -59 -60 60 -62 -63
leaf_value=-0.03955007516940974 -0.0040482251361772933 0.015455903042878428 -0.018442075741787751 -0.060502334069914926 -0.057022668739987743 -0.011144300847385939 -0.036384524196022887 0.0038721266911061133 -0.061000066036131319 0.027529107933319495 -0.039133332208642423 -0.010974278463685715 -0.080284129476722546 -0.030576445141008921 -0.012307476519398685 -0.064922471671228901 -0.023052515522779329 0.0028416370426264884 -0.024377688322526712 -0.023663775461912156 -0.0053170980890293986 0.0023316106313995685 0.0007317237125400287 0.019186402783005287 -0.045272478520870213 -0.015213458032512497 -0.0025926240508217261 -0.033082400132901965 -0.0065950413285127763 0.018200918180531409 -0.016215392463826778 0.011816183763873228 0.0053999862137325246 -0.005791070271685737 -0.017907994999869229 -0.014517398168928762 -0.0095495218025900205 -0.087288296395956075 -0.00763707791546454 -0.020335724740289149 0.012718089820254691 -0.01193786938386735 -0.039175873938101263 -0.049826744066513315 -0.025329616876400035 0.0079778269826785674 0.0039117786732818238 -0.015511736331391147 0.0026009905518343049 -0.014537731986296803 0.0027965192789477962 0.023185723764063599 0.02606619863770902 -0.03999859403230642 -0.029646560456603764 -0.0077503630035341206 -0.022769098089021795 -0.019727746854286368 0.010534324233464242 0.0047820888079666011 0.012692949762599772 -0.016898745270229356
leaf_weight=45 138 564 44 40 53 129 40 526 40 947 52 164 84 41 113 40 68 163 44 49 1327 597 3118 201 44 61 2610 59 103 483 202 93 261 763 72 58 102 42 78 44 384 578 43 48 45 1554 1562 47 44 94 41 549 43 75 45 622 67 40 184 202 145 42
leaf_count=45 138 564 44 40 53 129 40 526 40 947 52 164 84 41 113 40 68 163 44 49 1327 597 3118 201 44 61 2610 59 103 483 202 93 261 763 72 58 102 42 78 44 384 578 43 48 45 1554 1562 47 44 94 41 549 43 75 45 622 67 40 184 202 145 42
internal_value=0.000104332 0.00802763 -0.0114099 -0.0284524 -0.0248445 -0.00734208 -0.0479587 0.00390763 -0.0203062 0.0199418 -0.0125316 -0.0243525 -0.0665273 -0.0579053 -0.0104007 -0.0354906 -0.0185321 0.0165372 -0.0257145 -0.0409355 -0.00447244 0.00168852 0.000101002 0.0084158 -0.0322152 -0.0258181 -0.0040247 -0.0065315 -0.0163854 0.0185662 -0.0221723 0.026158 0.0120271 -0.00938144 -0.0283551 -0.0275278 -0.0115445 -0.0751083 -0.0166496 -0.0201089 0.00976975 -0.0131417 -0.0299869 -0.0413969 -0.0149367 0.00694192 0.0037355 0.00111289 -0.00682086 -0.00834244 0.014604 0.0208726 0.0164791 -0.0344741 -0.0213487 -0.00981877 -0.0148935 -0.00850274 0.00693931 0.0046796 0.00811475 -0.00639085
internal_weight=20156 11940 8216 1582 1411 6634 230 8873 1181 3067 2361 359 124 171 2002 195 1128 1984 482 89 4273 5947 3350 2926 88 106 4099 1489 162 1637 393 1083 846 1914 191 155 1109 82 278 200 645 646 87 89 174 2080 2597 688 91 232 605 1032 136 119 103 831 169 662 347 1909 347 805
internal_count=20156 11940 8216 1582 1411 6634 230 8873 1181 3067 2361 359 124 171 2002 195 1128 1984 482 89 4273 5947 3350 2926 88 106 4099 1489 162 1637 393 1083 846 1914 191 155 1109 82 278 200 645 646 87 89 174 2080 2597 688 91 232 605 1032 136 119 103 831 169 662 347 1909 347 805
is_linear=0
shrinkage=0.03


Tree=9
num_leaves=63
num_cat=0
split_feature=14 9 27 1 16 27 14 14 1 14 17 22 16 24 16 1 8 9 1 26 1 28 17 16 14 14 29 9 9 29 27 0 12 1 20 13 12 29 8 17 9 9 18 8 13 13 28 14 12 1 12 27 23 20 4 17 28 12 12 10 8 13
split_gain=1967.04 782.981 457.167 143.781 119.695 108.415 101.698 98.2672 91.5135 72.0898 62.0026 59.43 56.8351 41.6978 35.2511 34.9593 59.5569 35.8422 34.6131 32.5833 29.5736 29.2431 28.2075 25.927 25.5036 24.6755 23.7545 23.489 18.6624 17.7969 16.2395 15.4684 14.4727 13.5393 12.8309 12.3402 11.4157 11.2456 11.2325 10.6509 10.2672 10.1984 9.75515 9.57348 9.31551 9.00758 8.37818 7.53805 7.40485 7.3114 7.01599 6.82739 6.70311 6.31286 6.09101 5.63284 5.49167 5.12344 16.0112 5.07664 5.02265 4.91684
threshold=2468.3707142857147 4082.7700000000004 -21077.749999999996 5.5000000000000009 3937.2600000000007 4107.0000000000009 3163.2371428571432 1580.6907142857146 5.5000000000000009 1158.9335714285714 49.790000000000013 -86.819999999999922 3816.5150000000008 1.1776791361424221 4598.6950000000006 5.5000000000000009 0.29958852271690523 2324.2100000000005 5.5000000000000009 26320.500000000004 5.5000000000000009 5075.8333333333339 99.845000000000013 4429.5550000000012 4310.4842857142867 6474.1400000000003 29.356250000000006 99.865000000000023 3499.9150000000004 25.781250000000004 -10882.499999999998 49.500000000000007 2523.8042485119054 1.0000000180025095e-35 6538.5306250000003 2347.3107883455627 3544.720811011905 29.506250000000005 -0.46989712924132493 29.220000000000002 5300.1900000000005 3000.0250000000005 9999.9950000000008 -0.7284115498514564 2640.2734677741068 2323.9508112716153 6223.1458333333348 1892.5414285714289 5329.2672470238103 2.5000000000000004 4421.3623214285717 8258.3000000000011 -126.12285714285711 4875.5103645833342 1.0000000180025095e-35 400.50000000000006 3164.4166666666674 3090.0605208333341 3187.2551116071436 399.86500000000007 0.96849880583763492 1937.7209575125573
decision_type=2 2 2 2 2 2 2 2 2 2 2 2 2 2 2 2 2 2 2 2 2 2 2 2 2 2 2 2 2 2 2 2 2 2 2 2 2 2 2 2 2 2 2 2 2 2 2 2 2 2 2 2 2 2 2 2 2 2 2 2 2 2
left_child=2 6 3 4 10 18 23 8 14 11 31 27 29 26 -4 30 17 22 24 -10 46 -12 -17 35 53 28 -5 37 42 -9 38 -1 -13 -27 41 -2 -37 -6 43 -11 50 -25 -8 44 -14 49 51 -40 -22 -45 60 -7 59 -3 -42 -19 -20 -16 -59 -29 -26 -34
right_child=1 5 7 13 9 20 25 12 19 39 21 32 15 -15 57 16 -18 55 56 -21 48 -23 -24 34 40 33 -28 52 -30 -31 -32 -33 61 -35 -36 36 -38 -39 47 -41 54 -43 -44 45 -46 -47 -48 -49 -50 -51 -52 -53 -54 -55 -56 -57 -58 58 -60 -61 -62 -63
leaf_value=-0.01578399089424936 -0.0051686767164928551 0.0096045952906737078 -0.039456909945500745 -0.089554666454015761 -0.067570696228316851 0.022536017383414205 0.0027887307733042549 -0.016749612701603689 -0.029799604661696191 -0.02603741930395238 -0.048396105751844824 -0.033759340312745835 -0.0028706026568331502 -0.036910253386287131 -0.010296452903745581 -0.058120237012825357 -0.0064033302904829533 -0.0061210855364571418 0.01553266441313232 -0.060222724892997306 0.010595374508062376 -0.082625193380294948 -0.026541567480621427 -0.0015701255968364645 0.014956429195979844 0.01891186339611357 -0.054368509537605345 -0.046544445327017459 0.0063629248087642967 -0.038752973020936429 -0.0031690362152171237 -0.041441633227142567 -0.010936540627165843 0.0054728876072197008 -0.015780417794095617 -0.025168022419209589 -0.0051652231430040392 -0.042351283351550015 -0.010315699926408718 -0.013062032743995892 0.021340947371240846 0.0012980931938894119 -0.011623365854249092 -0.0198203780401346 -0.019680353189000813 -0.026097424190957098 0.012620310763809449 -0.005967468553197631 0.024769271127879619 -0.0030874107733116227 0.0071622635097161906 0.027424269900031554 -0.023364203433905328 0.018361313535448384 0.0093053418346045694 -0.01952951968213773 0.0038863799542081701 -0.032843947310737052 -0.012098788672719489 -0.030156765480980625 0.022469065804587733 -0.021880699990486554
leaf_weight=42 465 679 48 42 41 430 2599 73 83 66 57 53 109 50 317 40 343 48 40 55 179 46 77 2614 525 164 42 47 2066 64 969 46 94 116 48 59 46 40 468 444 548 1945 42 48 40 71 48 1574 41 46 91 840 41 84 43 72 343 42 164 42 100 65
leaf_count=42 465 679 48 42 41 430 2599 73 83 66 57 53 109 50 317 40 343 48 40 55 179 46 77 2614 525 164 42 47 2066 64 969 46 94 116 48 59 46 40 468 444 548 1945 42 48 40 71 48 1574 41 46 91 840 41 84 43 72 343 42 164 42 100 65
internal_value=3.98602e-06 0.00610898 -0.0143758 -0.0304509 -0.0269036 0.0173671 0.0016871 -0.0101138 -0.0204111 -0.0224301 -0.0485251 -0.0315864 -0.00830292 -0.0597861 -0.0150634 -0.00763192 -0.014426 -0.0259612 0.013442 -0.0422708 0.0236145 -0.0643304 -0.0377387 -0.00125811 0.0149748 0.00474416 -0.0728082 -0.0428611 0.0042275 -0.0272349 -0.00644281 -0.0295109 -0.0202164 0.0133836 -0.00051064 -0.007288 -0.0165363 -0.055785 -0.00778736 -0.0147889 0.0175237 -0.000346445 0.00255522 -0.013073 -0.00748441 -0.0180441 0.0253186 -0.00696859 0.013337 -0.0117506 0.0150563 0.0257882 -0.0344441 0.0105914 0.0204825 -0.0142611 0.00513998 -0.0127536 -0.0164666 -0.0392319 0.0161924 -0.0155194
internal_weight=20164 14155 6009 1258 1124 3991 10164 4751 709 933 191 423 4042 134 571 3905 580 237 2453 138 1538 103 117 5177 2070 4987 84 211 4707 137 3325 88 212 280 4607 570 105 81 2356 510 1307 4559 2641 314 149 165 1318 2042 220 94 716 1270 130 763 591 120 383 523 206 89 625 159
internal_count=20164 14155 6009 1258 1124 3991 10164 4751 709 933 191 423 4042 134 571 3905 580 237 2453 138 1538 103 117 5177 2070 4987 84 211 4707 137 3325 88 212 280 4607 570 105 81 2356 510 1307 4559 2641 314 149 165 1318 2042 220 94 716 1270 130 763 591 120 383 523 206 89 625 159
is_linear=0
shrinkage=0.03


Tree=10
num_leaves=63
num_cat=0
split_feature=14 27 27 1 8 27 14 1 27 16 4 15 28 23 26 26 1 16 15 19 1 14 15 14 16 6 1 17 22 1 14 20 15 19 6 15 30 15 17 27 8 7 14 25 18 23 7 5 15 27 14 1 30 18 28 30 27 7 15 5 16 18
split_gain=1875.1 698.655 487.06 133.441 125.867 112.751 108.666 103.88 87.105 68.9178 54.5554 47.6365 43.3652 42.2321 40.273 35.9711 34.491 30.4712 30.4265 26.194 26.1607 24.6393 21.3255 21.2101 21.0966 20.9767 17.285 36.3305 22.3551 15.987 15.2365 14.302 17.3378 11.0707 10.0093 15.4026 22.0026 15.427 9.89568 9.6415 11.391 10.398 9.31581 9.01873 8.6814 8.22773 6.98557 6.93593 6.8585 6.78793 6.41329 6.22139 5.86201 5.74727 6.52009 6.7892 5.63549 5.42078 5.3775 5.31186 5.00686 4.98598
threshold=2501.0321428571433 211.29999999999976 -22142.349999999995 5.5000000000000009 -0.43925659424557273 -4074.8999999999996 1892.5414285714289 5.5000000000000009 3808.6500000000005 3816.5150000000008 1.0000000180025095e-35 2241.8728125000002 4056.7783333333341 34.992857142857183 26049.650000000005 36429.200000000004 5.5000000000000009 4031.0200000000004 1939.7336979166669 5000.2850000000008 5.5000000000000009 2974.8471428571434 3272.2467187500001 1301.592142857143 3816.5150000000008 -0.68322629814330815 5.5000000000000009 224.88000000000002 -180.72499999999999 1.0000000180025095e-35 5838.7042857142869 3053.4320833333336 3324.1733333333336 1750.0850000000003 -0.91037613702198728 3291.6371354166672 6.700000000000002 3107.1363541666669 859.58000000000015 -10168.749999999998 -0.46989712924132493 -0.68430824382591193 3516.2392857142863 31808.950000000001 4748.7200000000003 -346.89142857142855 0.94978112945126536 -0.79335334029123528 2483.2945833333338 10712.950000000003 5946.7028571428582 1.5000000000000002 7.1062500000000002 4880.5800000000008 4797.5700000000006 0.55625000000000047 -26908.199999999997 -0.72101013194340913 4747.1440104166677 -0.72947329433276231 5421.3750000000009 1983.6250000000002
decision_type=2 2 2 2 2 2 2 2 2 2 2 2 2 2 2 2 2 2 2 2 2 2 2 2 2 2 2 2 2 2 2 2 2 2 2 2 2 2 2 2 2 2 2 2 2 2 2 2 2 2 2 2 2 2 2 2 2 2 2 2 2 2
left_child=2 5 3 4 11 21 7 9 20 -4 13 -1 -9 18 38 -5 49 25 -6 42 30 24 -16 31 -2 -8 39 28 -28 50 53 56 -33 57 35 36 -11 -38 -14 40 41 51 -7 -18 -23 -37 -26 -48 -44 -10 -21 -19 61 -3 55 -55 -20 -29 -32 -22 -42 -36
right_child=1 8 6 15 10 19 17 12 16 34 -12 -13 14 -15 22 -17 43 26 23 29 59 44 -24 -25 46 -27 27 33 -30 -31 58 32 -34 -35 52 45 37 -39 -40 -41 60 -43 48 -45 -46 -47 47 -49 -50 -51 -52 -53 -54 54 -56 -57 -58 -59 -60 -61 -62 -63
leaf_value=-0.0776169063914883 -0.012163321037900776 0.010556492536172595 -0.040934456773148852 -0.046711622618917203 -0.048628748906134021 0.00311596554865209 -0.034553065779618912 -0.010622306428849697 0.022130065278373197 -0.013073433692732901 -0.049792360382180816 -0.03525057897133671 -0.035842261557719843 -0.013795896293912601 -0.036722829882055517 -0.082093448358423568 0.0085540382443750323 -0.025389722239867341 -0.027916677297613064 0.0098051588751390684 0.0011197178786801485 0.0016822433595199086 -0.067107221831878019 -0.015543388698945266 -0.0013831065506473682 -0.012177756076531581 -0.040864361104451949 -0.021906447437192712 -0.010911863394672188 0.0077791330881658589 0.01779521304927327 -0.047540444156653441 -0.023989935061221733 -0.0041447053493840419 -0.012856337744894706 -0.023096562203552041 -0.019080226452470841 -0.045274832791020708 -0.017439860031008721 -0.0025472617995430957 -0.0098553118417891838 -0.0054830019864199964 -0.0025599987186491488 0.022662268783759727 -0.011743429610929028 -0.0089406743981942007 -0.0013219441391438957 -0.01531892958187117 0.0067632492385460256 0.0265433600002466 0.019667809577422205 -0.011944312277433634 -0.0045811238102888797 0.013523337053725631 0.0077591387903773968 0.02122556273132389 -0.014257294523092556 -0.0091038522401026313 0.027460306932528811 0.0088457661849917976 -0.0050535939276093456 -0.006750455330078768
leaf_weight=58 183 554 74 66 57 1664 53 60 651 145 70 45 58 322 42 50 178 60 76 92 143 2977 53 141 2836 132 53 55 40 623 476 70 53 279 332 41 43 42 54 796 223 103 74 53 43 349 62 65 1519 729 186 70 203 286 97 171 48 69 62 182 1621 195
leaf_count=58 183 554 74 66 57 1664 53 60 651 145 70 45 58 322 42 50 178 60 76 92 143 2977 53 141 2836 132 53 55 40 623 476 70 53 279 332 41 43 42 54 796 223 103 74 53 43 349 62 65 1519 729 186 70 203 286 97 171 48 69 62 182 1621 195
internal_value=-6.34544e-05 0.00608808 -0.0136384 -0.0322189 -0.0284154 0.00212658 -0.00989207 -0.0161513 0.0175021 -0.0129146 -0.0245083 -0.0596243 -0.0333012 -0.022139 -0.0397921 -0.0625337 0.0226801 -0.00691023 -0.0281315 0.00594378 0.0132604 -0.00044807 -0.0541966 -0.025003 -0.00230577 -0.0187393 -0.0062553 -0.0114258 -0.0282347 0.01047 0.0147963 -0.0303186 -0.037668 -0.00748651 -0.0113495 -0.0141616 -0.020325 -0.0323994 -0.0272025 -0.00535899 -0.00643483 -0.0126797 0.00468883 0.0118747 0.00148726 -0.0104841 -0.00169305 -0.00854947 0.00632882 0.024479 0.0164508 -0.0182963 -0.00894501 0.0127604 0.0149412 0.0164454 -0.0227855 -0.0149122 0.0189579 0.00546017 -0.00563931 -0.0106141
internal_weight=20207 13906 6301 1056 940 10324 5245 1691 3582 1424 837 103 267 767 207 116 1611 3554 445 4158 1971 6166 95 388 3146 185 3369 496 93 901 1646 247 123 403 1350 620 230 85 112 2873 2077 233 3257 231 3020 390 2963 127 1593 1380 278 130 730 1108 554 457 124 124 538 325 1844 527
internal_count=20207 13906 6301 1056 940 10324 5245 1691 3582 1424 837 103 267 767 207 116 1611 3554 445 4158 1971 6166 95 388 3146 185 3369 496 93 901 1646 247 123 403 1350 620 230 85 112 2873 2077 233 3257 231 3020 390 2963 127 1593 1380 278 130 730 1108 554 457 124 124 538 325 1844 527
is_linear=0
shrinkage=0.03


Tree=11
num_leaves=63
num_cat=0
split_feature=14 9 14 1 15 9 27 8 9 1 17 27 20 24 27 1 14 1 7 15 9 14 15 27 17 20 15 20 24 23 25 25 14 1 18 14 8 8 19 12 1 6 1 6 1 1 10 6 28 8 28 15 18 14 18 14 12 27 8 7 12 5
split_gain=1729.92 671.74 452.815 151.014 174.095 104.158 75.3387 70.6662 67.1932 90.8453 71.1699 54.1263 39.9956 35.7345 33.6114 33.3689 27.8836 26.7535 24.16 25.3316 23.9193 22.6856 18.9222 33.0339 35.2637 17.8556 17.1633 16.8641 16.198 16.0313 18.2922 14.6043 14.2632 13.6066 12.11 12.0889 11.4542 11.4393 10.6706 10.218 10.0932 11.2796 9.95378 10.556 8.93774 8.72326 12.3435 8.11438 15.8622 7.39588 7.10686 6.78665 6.67307 6.84019 6.63614 6.62231 6.40192 6.36247 5.93909 5.55372 8.83872 5.33808
threshold=2501.0321428571433 4450.7650000000003 1580.6907142857146 5.5000000000000009 2197.0835416666673 3276.1700000000005 3808.6500000000005 -0.46989712924132493 1885.5400000000002 5.5000000000000009 104.71500000000002 -24253.449999999997 2550.7788541666673 0.83377016247638724 -18614.950000000001 5.5000000000000009 3516.2392857142863 5.5000000000000009 -0.99630266176052629 2197.0835416666673 99.345000000000013 3014.0042857142862 2197.0835416666673 -18614.950000000001 22.185000000000006 3053.4320833333336 2197.0835416666673 3309.3371875000007 1.0794427151160988 -272.19214285714298 9058.2500000000018 7968.9000000000005 7113.062142857143 1.5000000000000002 2300.1400000000008 8357.544285714288 -0.39233249306308043 -0.28519997588938989 1411.5900000000004 5329.2672470238103 5.5000000000000009 0.06540312923014284 3.5000000000000004 -0.91037613702198728 5.5000000000000009 1.5000000000000002 1524.2250000000001 -0.91037613702198728 5439.1933333333336 0.78724360164103002 6223.1458333333348 2915.7094270833336 9999.9950000000008 5167.4764285714291 4649.420000000001 5737.6721428571445 3579.1698958333336 6507.8000000000002 -0.21862536810265826 0.96904697354198299 3680.6969791666675 -0.72947329433276231
decision_type=2 2 2 2 2 2 2 2 2 2 2 2 2 2 2 2 2 2 2 2 2 2 2 2 2 2 2 2 2 2 2 2 2 2 2 2 2 2 2 2 2 2 2 2 2 2 2 2 2 2 2 2 2 2 2 2 2 2 2 2 2 2
left_child=2 5 3 4 7 21 17 -1 9 22 -11 13 38 25 29 50 -7 32 27 28 -14 26 23 24 -4 -6 33 -10 -20 -5 -31 -16 54 -2 37 44 47 42 -9 -17 -28 49 -21 -44 55 -15 -47 48 -13 -42 57 -27 53 -23 -3 -18 -57 -8 -38 -39 -61 -19
right_child=1 6 8 14 11 16 15 12 18 10 -12 36 20 45 31 39 35 61 19 34 -22 52 -24 -25 -26 51 40 -29 -30 30 -32 -33 -34 -35 -36 -37 58 59 -40 -41 41 -43 43 -45 -46 46 -48 -49 -50 -51 -52 -53 -54 -55 -56 56 -58 -59 -60 60 -62 -63
leaf_value=-0.075605037267608879 -0.016508535728031813 0.010529162119297933 -0.016060813593391614 -0.072496686666937815 -0.024242294137465193 0.0030405767518152356 0.020678846736181134 -0.032643613669659115 -0.035868334820403192 -0.064043736633112913 -0.017838365521062823 -0.036640482000329273 -0.035338329897812486 -0.012577439341260942 -0.020588805417397191 0.0083826057495017831 0.0073962899784934012 0.00086614950688491596 -0.0093130540681759938 -0.0069256445875783496 -0.06912343062892011 0.0013721904245898413 -0.0097707040860921645 -0.0090511879138648506 -0.053649987460563091 -0.058011684822184696 -0.00084744341041462364 -0.0097530264894549658 -0.035666850500785538 -0.03475792401035626 -0.064425431647133546 -0.046248678473134838 0.021043076335687885 -0.0029767814298417971 -0.0034086580458833862 0.021576795203145593 -0.0059225585313075011 -0.0053807187909124359 -0.012425456587225199 0.024683442850445589 -0.014836283348636407 -0.0012240479309293261 -0.026816668718480145 -0.011136465994409483 0.0025255537934884028 -0.032003058445240769 -0.011836921496062792 -0.012139760759193449 -0.015602848621864996 -0.0025948074540304046 0.012533366156660704 -0.038638861444778738 -0.0094510477077101862 0.0084341745087160511 0.015099168340025365 0.0185271418422009 0.00919028328667763 0.025536219378680138 -0.013193319755964199 -0.0058343210125652448 -0.021501381057672776 0.0087442436682509395
leaf_weight=57 128 467 51 55 46 2149 368 53 40 55 67 54 43 85 41 190 1691 144 45 170 40 2469 858 115 41 41 2562 51 40 44 40 44 272 140 1437 55 138 1379 45 42 138 230 64 102 293 83 43 89 85 66 52 47 48 129 794 98 214 972 405 89 51 167
leaf_count=57 128 467 51 55 46 2149 368 53 40 55 67 54 43 85 41 190 1691 144 45 170 40 2469 858 115 41 41 2562 51 40 44 40 44 272 140 1437 55 138 1379 45 42 138 230 64 102 293 83 43 89 85 66 52 47 48 129 794 98 214 972 405 89 51 167
internal_value=-1.21488e-05 0.00588443 -0.0131399 -0.0270236 -0.023217 0.00207426 0.0173176 -0.0464785 -0.0084287 -0.0145883 -0.03902 -0.018219 -0.0369411 -0.0280962 -0.0498279 0.0220332 0.0055127 0.0131549 -0.00631684 -0.00590153 -0.0522494 -0.000544328 -0.0117556 -0.0198962 -0.0332093 -0.0402263 -0.00221751 -0.0214974 -0.0219854 -0.0590383 -0.0494771 -0.0342549 0.0147824 -0.00947705 -0.00547969 0.00777017 -0.0137686 -0.00708135 -0.0235791 0.0114269 -0.00156518 -0.00579046 -0.0120903 -0.0173062 0.00743018 -0.0202393 -0.0252684 -0.0194308 -0.0239791 -0.0109078 0.0237915 -0.0482152 0.0015197 0.00172595 0.0134164 0.00814602 0.0121728 0.0242187 -0.0113598 -0.00596615 -0.0116536 0.00511098
internal_weight=20111 13878 6233 1578 1354 10410 3468 238 4655 1187 122 1116 181 345 224 1624 4500 1844 3468 3377 83 5910 1065 207 92 134 3264 91 85 139 84 85 1533 268 3292 2351 771 1855 98 232 2996 434 336 166 2296 211 126 228 139 204 1392 88 2646 2598 1261 2003 312 1340 543 1519 140 311
internal_count=20111 13878 6233 1578 1354 10410 3468 238 4655 1187 122 1116 181 345 224 1624 4500 1844 3468 3377 83 5910 1065 207 92 134 3264 91 85 139 84 85 1533 268 3292 2351 771 1855 98 232 2996 434 336 166 2296 211 126 228 139 204 1392 88 2646 2598 1261 2003 312 1340 543 1519 140 311
is_linear=0
shrinkage=0.03


Tree=12
num_leaves=63
num_cat=0
split_feature=14 9 14 27 15 27 27 27 20 15 7 11 3 15 5 3 28 9 8 3 14 14 3 23 8 18 28 15 14 9 10 8 12 29 19 24 22 3 21 21 15 18 18 3 12 22 14 19 9 8 19 18 29 20 15 6 8 18 20 20 19 3
split_gain=1633.88 536.799 493.873 116.036 92.7569 88.6972 70.353 67.6655 52.784 66.218 46.2856 36.9253 34.1223 33.7736 28.8762 26.1323 24.0526 21.3577 20.0658 19.7304 18.9591 18.0983 24.77 17.5345 17.2579 17.2177 15.375 25.4059 14.9194 13.9733 12.1387 12.0718 11.9446 20.7413 19.6511 20.6306 11.5629 10.9562 10.6675 9.21527 8.41962 8.07517 7.47534 7.40925 8.59869 7.34176 7.92286 7.31704 7.27631 7.21524 7.16449 6.98063 7.88232 6.46254 7.55967 6.24758 6.12159 5.96604 5.859 5.81092 5.71607 5.15896
threshold=2736.1528571428576 4500.2050000000008 1580.6907142857146 -24833.649999999998 1839.3738541666669 -15377.35 -2428.8999999999992 4107.0000000000009 2077.3942187500006 2649.8706770833337 -0.99630266176052629 399.95500000000004 1.0000000180025095e-35 2197.0835416666673 1.0000000180025095e-35 1.0000000180025095e-35 5075.8333333333339 2710.0050000000006 0.40418040343369133 1.0000000180025095e-35 3171.661428571429 1000.8657142857143 1.0000000180025095e-35 -196.7157142857142 0.47369649395226454 1546.3000000000002 4880.1766666666681 2377.9046875000004 6256.556428571429 2049.6050000000005 6310.670000000001 -0.031174269516803289 2569.051071428572 27.906250000000004 2080.3350000000005 1.9086006007825238 -188.98499999999987 1.0000000180025095e-35 4339.8900000000003 9499.2650000000012 6631.0017187500007 5553.1350000000011 2827.5000000000005 1.0000000180025095e-35 3950.3184523809527 -2573.8099999999999 6994.420000000001 4500.3850000000011 1049.4750000000001 -0.39233249306308043 4810.0600000000004 1983.6250000000002 31.156250000000004 3596.0298958333337 3665.6719791666669 -0.84874750804349197 -0.40809616534112375 4147.6800000000012 4654.4280208333339 2346.3047916666669 4511.6550000000007 1.0000000180025095e-35
decision_type=2 2 2 2 2 2 2 2 2 2 2 2 2 2 2 2 2 2 2 2 2 2 2 2 2 2 2 2 2 2 2 2 2 2 2 2 2 2 2 2 2 2 2 2 2 2 2 2 2 2 2 2 2 2 2 2 2 2 2 2 2 2
left_child=2 6 3 8 -5 11 20 19 -1 14 -6 -4 31 16 26 55 36 24 25 28 38 22 48 -14 32 -17 27 -10 41 -27 57 -11 -7 34 35 -34 -13 -9 42 -32 50 -3 -2 51 -45 47 -47 -22 -12 53 -39 52 -35 -23 -55 59 -21 -8 -52 -15 -58 -59
right_child=1 7 5 4 10 17 30 37 9 12 21 13 23 15 -16 18 -18 -19 -20 56 45 49 -24 -25 -26 29 -28 -29 -30 -31 39 -33 33 43 -36 -37 -38 40 -40 -41 -42 -43 -44 44 -46 46 -48 -49 -50 -51 58 -53 -54 54 -56 -57 60 61 -60 -61 -62 -63
leaf_value=-0.0097391054721499247 -0.0031517740693570184 0.010874162258233054 -0.036809557508677246 -0.052575742964796592 -0.044335734389190161 -0.0018915994492841571 0.0050779580658984851 0.02323173915061344 -0.037995762129624681 -0.033719946979465676 -0.023208848845920171 -0.010889423052193941 -0.055372252561829302 -0.021039678718495578 -0.034537334053862938 -0.0081082006730139253 -0.043780271833141642 -0.0020335435729826128 -0.0086045293914662167 -0.0015285759610945686 -0.014222105226890984 -0.01155773314443251 -0.038336455684260168 -0.027917070517816195 -0.0044122294412425218 -0.037527652353465814 -0.077935317089515066 -0.069312572146163265 0.020030989662398385 -0.015507884119160289 0.02035737044364214 -0.014473650901380813 -0.039102061814295923 -0.016918760111140137 -0.011758503285918367 -0.010935608337154113 -0.030575956078246234 0.010387266917151954 -6.7007793313449685e-05 0.00816490192528814 0.024873130032632113 0.016854982694777417 -0.019386654838129097 -0.0077347785539544616 -0.022734491142387292 0.003016842810469573 0.015070083224773408 0.0010144570275614179 -0.010671720749794921 -0.012026525022300746 0.021976531482883727 -0.0018643163851600069 -0.0040034317608597207 -0.029209063377835458 -0.013124149162271666 -0.0053492214737336273 0.0071569906631203453 0.0095243537460061433 0.010685301307459042 -0.0093881453796609386 0.013743206423814179 0.004974539294711062
leaf_weight=55 64 589 56 73 55 183 1212 1084 53 43 86 80 54 41 56 41 44 1662 109 50 42 72 70 40 1855 86 41 50 395 40 104 98 55 73 332 42 41 155 3025 124 115 320 42 122 48 2900 49 83 86 548 159 288 102 73 45 396 353 752 60 606 182 325
leaf_count=55 64 589 56 73 55 183 1212 1084 53 43 86 80 54 41 56 41 44 1662 109 50 42 72 70 40 1855 86 41 50 395 40 104 98 55 73 332 42 41 155 3025 124 115 320 42 122 48 2900 49 83 86 548 159 288 102 73 45 396 353 752 60 606 182 325
internal_value=4.14309e-05 0.00693133 -0.0105842 -0.0254753 -0.0200671 -0.00680488 0.00296332 0.0169244 -0.0376388 -0.0411359 -0.0177256 -0.0130618 -0.0301129 -0.0121414 -0.0538737 -0.0105255 -0.0249177 -0.00477912 -0.0187284 0.0130842 0.00124682 -0.0161885 -0.0233313 -0.044106 -0.00624998 -0.0252457 -0.0611034 -0.0537184 0.0151406 -0.0307144 0.00719271 -0.0205392 -0.00898241 -0.0102013 -0.0152919 -0.0271423 -0.017756 0.0215249 -0.000396315 0.013791 0.0177015 0.0129958 -0.00970553 -0.00673265 -0.0120782 0.00292001 0.00322216 -0.00417727 -0.0170382 -0.0138179 0.0154359 -0.00474812 -0.00945649 -0.0188947 -0.0232368 -0.008339 0.00848229 0.00652974 0.0189457 -0.0101578 0.009419 0.00815727
internal_weight=20084 12184 7900 1598 1108 6302 8722 3462 490 435 1035 1540 235 1484 200 1319 165 4762 276 1889 6205 980 242 94 3100 167 144 103 1304 126 2517 141 1245 1062 429 97 121 1573 3131 228 489 909 106 633 170 3074 2949 125 172 738 374 463 175 190 118 1043 585 2289 219 647 535 1077
internal_count=20084 12184 7900 1598 1108 6302 8722 3462 490 435 1035 1540 235 1484 200 1319 165 4762 276 1889 6205 980 242 94 3100 167 144 103 1304 126 2517 141 1245 1062 429 97 121 1573 3131 228 489 909 106 633 170 3074 2949 125 172 738 374 463 175 190 118 1043 585 2289 219 647 535 1077
is_linear=0
shrinkage=0.03


Tree=13
num_leaves=63
num_cat=0
split_feature=14 9 26 1 15 14 17 1 9 9 16 14 12 28 16 1 12 26 9 1 17 26 14 15 20 14 1 12 7 29 14 29 6 16 14 1 6 22 14 16 28 17 8 14 15 17 14 16 22 25 12 19 10 19 17 10 30 12 19 16 14 15
split_gain=1548.9 528.571 443.449 138.868 157.807 110.716 78.1646 72.5271 69.4855 61.3517 47.0774 45.5537 41.162 34.609 32.6356 31.9063 27.0359 26.5328 22.8185 28.9442 45.5965 21.1006 20.2985 21.8757 19.5589 18.9366 18.4994 14.8634 14.0101 13.6545 13.3266 13.1366 13.004 12.0556 10.1983 10.1943 10.1733 9.69829 9.475 9.35302 8.79259 8.48033 8.42562 7.99007 7.84466 7.41358 7.37146 7.2275 8.36667 6.78367 6.72453 6.71999 6.66931 6.02112 5.87267 11.6149 5.47962 5.30566 5.18569 5.01098 5.00388 5.40807
threshold=2691.2700000000004 4450.7650000000003 30851.100000000002 5.5000000000000009 2197.0835416666673 1892.5414285714289 22.185000000000006 5.5000000000000009 3375.5150000000008 9999.9850000000024 3816.5150000000008 672.0100000000001 2612.3685119047623 4682.1950000000006 3816.5150000000008 5.5000000000000009 2696.6477604166671 36429.200000000004 2470.2800000000002 5.5000000000000009 99.845000000000013 26320.500000000004 1609.9785714285717 3045.4947395833337 3020.3678125000001 3689.5192857142861 5.5000000000000009 2643.1717931547623 0.99552231814189451 26.781250000000004 3014.0042857142862 23.543750000000006 -0.58216583101416131 3745.2700000000004 7272.0442857142871 5.5000000000000009 -0.93540483100319605 -79.814999999999813 6474.1400000000003 6560.5200000000013 6184.1533333333346 299.21000000000009 -0.66686572813907907 2434.9178571428574 3347.5816145833337 29.220000000000002 4120.7635714285725 4429.5550000000012 -3199.9849999999997 31808.950000000001 2513.1384747023812 1800.8350000000003 1400.6300000000003 5450.3600000000015 26.765000000000004 2355.0600000000004 7.6062500000000002 2594.4739732142862 3998.3500000000008 3399.8100000000004 1254.9950000000001 4533.7134375000014
decision_type=2 2 2 2 2 2 2 2 2 2 2 2 2 2 2 2 2 2 2 2 2 2 2 2 2 2 2 2 2 2 2 2 2 2 2 2 2 2 2 2 2 2 2 2 2 2 2 2 2 2 2 2 2 2 2 2 2 2 2 2 2 2
left_child=2 8 5 4 6 7 16 10 30 26 -1 37 -8 27 31 28 -4 41 19 50 -21 -15 23 24 52 -10 34 -9 40 -22 33 -7 -33 -2 45 38 39 -6 -27 -12 -11 -5 43 -20 -31 -3 -47 48 -32 -17 -16 -14 -13 -49 55 -52 60 -44 -50 -60 -38 -62
right_child=1 9 3 17 11 14 12 13 25 15 36 22 51 21 18 49 -18 -19 42 20 29 -23 -24 -25 -26 35 -28 -29 -30 44 47 32 -34 -35 -36 -37 56 -39 -40 -41 -42 -43 57 -45 -46 46 -48 53 58 -51 54 -53 -54 -55 -56 -57 -58 -59 59 -61 61 -63
leaf_value=-0.034317525782374451 -0.010848066447181221 0.025516004867670011 -0.043878969817792955 -0.035380646016307957 -0.04502229983535861 -0.0086944282183809788 -0.03555273756566571 -0.033840290701815059 0.003829269580849822 0.023243095927207358 -0.023768856854218503 -0.023107252441007982 -0.084940445423126218 -0.027395328399392644 0.0026338890914815818 0.0078588840455968093 -0.013931319888824453 -0.077418585211731658 -0.015141576291749845 -0.04476913650088557 -0.0055659500849914957 -0.053183222128322619 -0.0078838264309738244 -0.011448058899525286 -0.036393693426493984 0.007910100989861904 0.0056412090708904223 -0.012538646506145596 0.0066854860236481668 -0.028350454145111142 -0.01395327940516706 -0.037184178562213975 -0.014956054287363907 -0.00086528781387551848 0.019834972956090793 0.0019907137476521627 -0.01618936160587842 -0.025433157829149646 0.014568281818870618 -0.011751634301070535 0.011908331046376943 -0.056705599659404089 0.0014451366292591861 -0.00063403294133757677 -0.011530625195210349 0.0087956167216710467 0.013860122690699181 0.0020870569805149486 -0.0031995590172849424 0.020328213277459147 -0.0048538704200851903 -0.061848597479984162 -0.010084749396424741 0.0084002382588444346 -0.0054676234551451954 -0.024372405312955377 -0.0031366238486682345 -0.0026944938894708356 0.012025240752391699 0.00093458823046447441 -0.0071463211907557981 -0.018470921685220673
leaf_weight=76 114 40 48 42 55 81 40 41 2163 1331 68 98 41 62 87 198 64 42 87 40 173 60 246 209 85 1275 298 107 52 47 41 44 55 2050 221 219 81 48 228 433 68 42 336 56 57 372 910 2221 288 49 72 43 59 144 2025 44 171 1616 40 349 456 41
leaf_count=76 114 40 48 42 55 81 40 41 2163 1331 68 98 41 62 87 198 64 42 87 40 173 60 246 209 85 1275 298 107 52 47 41 44 55 2050 221 219 81 48 228 433 68 42 336 56 57 372 910 2221 288 49 72 43 59 144 2025 44 171 1616 40 349 456 41
internal_value=5.89856e-05 0.0064754 -0.0106692 -0.0277147 -0.0240536 -0.00757825 -0.0455785 -0.0144251 0.00266031 0.0163163 -0.0115233 -0.0176547 -0.061972 -0.0285814 -0.00530858 0.0204333 -0.0270408 -0.0573914 -0.00481985 -0.00672833 -0.0152 -0.0404072 -0.0148624 -0.018643 -0.0247842 0.00570096 0.0125101 -0.0186273 0.0221321 -0.0107844 0.000408284 -0.0178109 -0.0251083 -0.00139595 0.0138322 0.00804839 -0.0101111 -0.0362257 0.00892914 -0.0134268 0.0227011 -0.0465848 -0.00249932 -0.00950416 -0.0193295 0.0128144 0.0123985 0.00167474 -0.000960458 0.0104046 -0.0055167 -0.0739863 -0.0183082 0.00247484 -0.00584897 -0.0124025 -0.00787823 -0.00198156 -0.000154177 0.00210293 -0.00927319 -0.00811576
internal_weight=20249 12671 7578 1162 1036 6416 236 1596 9132 3539 1326 800 124 270 4820 1698 112 126 4640 2545 317 122 697 451 242 3885 1841 148 1451 277 5247 180 99 2164 1543 1722 1250 103 1503 501 1399 84 2095 143 104 1322 1282 3083 718 247 2228 84 157 2365 2141 116 749 1952 677 389 578 497
internal_count=20249 12671 7578 1162 1036 6416 236 1596 9132 3539 1326 800 124 270 4820 1698 112 126 4640 2545 317 122 697 451 242 3885 1841 148 1451 277 5247 180 99 2164 1543 1722 1250 103 1503 501 1399 84 2095 143 104 1322 1282 3083 718 247 2228 84 157 2365 2141 116 749 1952 677 389 578 497
is_linear=0
shrinkage=0.03


Tree=14
num_leaves=63
num_cat=0
split_feature=14 26 14 16 1 16 14 21 25 14 13 16 26 6 21 14 1 20 1 16 14 1 8 13 28 14 20 12 8 14 8 8 7 26 1 17 14 12 10 0 4 12 28 7 12 29 25 25 16 21 8 25 7 30 16 14 12 26 28 12 6 14
split_gain=1477.8 466.293 427.626 109.321 121.891 88.6724 78.9092 72.4663 71.7335 55.1621 45.2333 109.282 44.2528 43.9374 40.3753 39.0048 27.0877 52.7865 21.3201 20.4203 20.2643 19.9915 17.884 16.2752 16.2226 14.4504 14.1666 16.3617 14.6723 13.486 12.7048 13.1764 12.244 11.4506 10.5117 20.9836 10.4732 9.98297 9.57112 9.02605 9.28197 18.8684 9.00319 8.72374 8.09338 7.5904 7.57623 6.42289 6.40291 6.17847 7.96214 5.98065 5.95801 8.82451 5.9441 5.69478 5.54047 5.37774 5.34789 5.19205 5.18167 5.03479
threshold=2691.2700000000004 7138.4500000000016 1580.6907142857146 4429.5550000000012 5.5000000000000009 4035.2800000000002 3488.6471428571435 6451.7750000000005 10336.700000000003 672.0100000000001 1678.9824797221636 4035.2800000000002 26320.500000000004 -0.68322629814330815 5396.4750000000013 2143.5250000000005 5.5000000000000009 4463.9920312500008 4.5000000000000009 3362.7800000000002 5838.7042857142869 5.5000000000000009 0.029024409397335523 1678.9824797221636 5221.4466666666676 6352.6592857142869 4520.7144270833351 3105.8277083333337 0.029024409397335523 1111.9421428571429 0.47369649395226454 -0.099822328936730861 -0.91246704667116951 10444.350000000002 5.5000000000000009 224.88000000000002 3051.7442857142864 2519.5437797619052 499.76500000000004 56.500000000000007 1.0000000180025095e-35 3442.2419122023816 5965.7766666666676 -0.3169700421330815 2501.8138764880955 22.406250000000004 9644.7500000000018 31808.950000000001 9873.0000000000018 9499.2650000000012 0.79773375822167203 8648.6000000000004 -0.9259986516102553 0.65624999999999833 4031.0200000000004 7640.2950000000019 3326.959389880953 30107.000000000004 6184.1533333333346 3831.726205357143 0.22695468355932433 944.81857142857154
decision_type=2 2 2 2 2 2 2 2 2 2 2 2 2 2 2 2 2 2 2 2 2 2 2 2 2 2 2 2 2 2 2 2 2 2 2 2 2 2 2 2 2 2 2 2 2 2 2 2 2 2 2 2 2 2 2 2 2 2 2 2 2 2
left_child=2 8 3 7 9 13 19 10 18 32 -1 -12 -6 14 56 16 39 24 25 -3 33 58 -15 -14 -18 52 27 29 57 37 31 42 -5 51 44 -36 54 46 -9 40 -7 -42 -22 -20 -17 -37 -11 -23 49 -46 -51 -8 -2 60 -21 -32 -4 -29 -10 -56 -54 -25
right_child=1 6 5 4 12 15 20 38 21 26 11 -13 23 22 -16 34 17 -19 43 36 30 47 -24 61 -26 -27 -28 28 -30 -31 55 -33 -34 -35 35 45 -38 -39 -40 -41 41 -43 -44 -45 48 -47 -48 -49 -50 50 -52 -53 53 -55 59 -57 -58 -59 -60 -61 -62 -63
leaf_value=-0.01296324845619227 0.0056927608303011992 -0.019237754714229831 -0.012587933545768133 -0.021901912521975844 -0.023734644412890901 -0.0081336138946138878 0.0057729329906420724 -0.050653180168675517 0.023014728068036779 -0.030811769687448087 -0.065475691520161444 -0.01241786227405431 -0.068438986652446063 -0.027019618455516665 -0.053370051898860502 0.0025521469682934224 -0.0079057994187421866 -0.045321029152940298 0.0038806740724555162 -0.0058015455680656032 0.017627118162096313 0.008168977961706167 -0.0077104478462070624 -0.05194354078333293 -0.028535793301250251 0.019447053620288708 -0.006474885553216154 -0.024514338767194017 -0.012915069537177202 -0.0095023451915453878 0.012937462523504155 0.0022145730300558424 -0.042425369221711223 0.0024659961188927232 -0.022449968382716175 -0.0025845451264915305 0.0020725382096846196 -0.012988319375047769 -0.074780382196108497 -0.0036878546840101202 -0.0052403308677961688 -0.032017271826509382 0.0030990254125208591 0.010758905008418002 -0.0040338541650150718 -0.010573006625167979 -0.015019816465400236 0.020765231819106982 -0.0027295782349134948 -0.014614577529300338 -0.0038470259817366148 0.010060464531309359 0.013938768869699617 0.017768655738707267 0.00063142746495678482 0.022420642137527466 -0.027268091500460532 -0.040628167326961243 0.012667864552036357 -0.0025031188156285872 0.0082574428144410687 -0.034346046340311083
leaf_weight=81 106 45 43 45 80 1293 1637 41 1131 75 76 65 43 56 55 206 196 50 284 177 130 131 184 41 41 377 191 48 61 347 178 198 78 898 74 311 2951 143 44 401 51 44 55 404 505 163 48 51 2061 138 113 359 305 275 1949 89 58 41 51 628 287 40
leaf_count=81 106 45 43 45 80 1293 1637 41 1131 75 76 65 43 56 55 206 196 50 284 177 130 131 184 41 41 377 191 48 61 347 178 198 78 898 74 311 2951 143 44 401 51 44 55 404 505 163 48 51 2061 138 113 359 305 275 1949 89 58 41 51 628 287 40
internal_value=4.93226e-05 0.00632037 -0.0103835 -0.0242327 -0.0203503 -0.00674078 0.00284122 -0.0403141 0.0158215 -0.0162944 -0.0310502 -0.0412761 -0.0415787 -0.0204483 -0.0328115 -0.00577608 -0.00904574 -0.0175949 0.0122467 0.000670726 0.00636159 0.0211498 -0.0123093 -0.0528091 -0.0115796 0.0144394 -0.0138286 -0.0156585 -0.0245584 -0.0134443 0.0111476 0.00761302 -0.035154 0.00528316 -0.00387327 -0.00769417 0.000831104 -0.0185318 -0.0638669 -0.00766519 -0.00881078 -0.0178466 0.0133478 0.00792939 -0.00317831 -0.00534811 -0.0248199 0.0117929 -0.00359812 -0.0059592 -0.00980154 0.00654874 0.0124812 0.0133036 -0.000499402 0.0161704 -0.0212028 -0.0323065 0.0225794 -0.000133118 0.011203 -0.0437783
internal_weight=20327 12696 7631 1588 1281 6043 9294 307 3402 1077 222 141 204 396 156 5647 2076 287 2038 5750 3544 1364 240 124 237 1350 954 763 150 613 650 383 123 2894 3571 548 5705 266 85 1789 1388 95 185 688 3023 474 123 182 2817 756 251 1996 973 867 2754 267 101 89 1182 2577 592 81
internal_count=20327 12696 7631 1588 1281 6043 9294 307 3402 1077 222 141 204 396 156 5647 2076 287 2038 5750 3544 1364 240 124 237 1350 954 763 150 613 650 383 123 2894 3571 548 5705 266 85 1789 1388 95 185 688 3023 474 123 182 2817 756 251 1996 973 867 2754 267 101 89 1182 2577 592 81
is_linear=0
shrinkage=0.03


Tree=15
num_leaves=63
num_cat=0
split_feature=14 27 27 1 15 17 24 27 29 14 1 1 27 7 14 12 27 8 14 15 1 15 26 19 18 17 1 7 30 20 1 22 12 14 15 13 15 17 15 15 15 0 28 15 8 15 22 5 20 12 18 15 2 20 12 13 12 14 19 13 28 15
split_gain=1385.07 473.95 430.532 157.706 186.76 90.2084 86.8599 79.2718 57.6367 50.435 49.542 41.1207 39.7259 39.6316 45.0769 29.2775 25.0169 24.9859 18.62 17.0537 17.0098 16.8477 16.0894 16.0036 15.3798 15.0436 13.4865 29.2183 16.6568 13.113 12.3715 11.6939 11.1454 11.0249 10.302 10.2849 8.9602 7.98044 7.59094 7.51695 24.5003 6.78459 6.47252 6.24239 13.4991 6.22055 9.04545 5.73445 5.52767 7.83826 7.05425 5.50864 5.46501 5.37643 6.18127 5.66566 5.28915 5.19205 5.14637 5.07809 4.88698 4.55975
threshold=2691.2700000000004 787.85000000000048 -18614.950000000001 5.5000000000000009 2197.0835416666673 22.185000000000006 0.55037518267569985 -2287.4499999999998 26.506250000000005 1892.5414285714289 5.5000000000000009 5.5000000000000009 5869.1000000000013 0.98372640911059162 1343.4850000000004 2682.0625000000005 -24833.649999999998 0.29958852271690523 3171.661428571429 2197.0835416666673 1.5000000000000002 1839.3738541666669 24660.150000000005 4400.1800000000012 1750.2950000000003 399.63000000000005 5.5000000000000009 0.95242846126021108 2.7000000000000015 2546.3523437500003 1.0000000180025095e-35 -793.87999999999977 2513.1384747023812 4831.8964285714292 2197.0835416666673 2374.0618396116483 3862.0491145833339 859.58000000000015 4052.4252083333336 3291.6371354166672 3192.0227083333339 51.500000000000007 5844.815833333334 2857.2419270833338 -0.12545862287572049 2579.6056770833338 -3579.8449999999993 -0.72947329433276231 3927.315364583334 3695.2538913690482 2029.1850000000002 2955.1737500000004 3.5000000000000004 4190.670364583334 4437.5245014880957 2179.4365469150875 3294.3434300595245 6148.7921428571435 4450.005000000001 1919.9316615115354 5907.5050000000019 2579.6056770833338
decision_type=2 2 2 2 2 2 2 2 2 2 2 2 2 2 2 2 2 2 2 2 2 2 2 2 2 2 2 2 2 2 2 2 2 2 2 2 2 2 2 2 2 2 2 2 2 2 2 2 2 2 2 2 2 2 2 2 2 2 2 2 2 2
left_child=2 7 3 4 5 15 -6 18 -7 11 12 19 33 14 -5 -1 20 22 34 -4 -8 29 -13 -9 -10 41 32 28 -28 -11 47 -31 -23 -3 35 -2 48 -30 -12 40 43 -22 53 61 -45 46 -20 -25 -34 50 -50 -46 -40 55 -55 -32 -48 -47 -54 -36 -21 -18
right_child=1 10 9 13 6 8 16 23 24 21 38 17 -14 -15 -16 -17 39 -19 45 60 25 26 -24 30 -26 -27 27 -29 37 31 42 -33 36 -35 59 -37 -38 -39 52 -41 -42 -43 -44 44 51 57 56 -49 49 -51 -52 -53 58 54 -56 -57 -58 -59 -60 -61 -62 -63
leaf_value=-0.040262672967343989 -0.0035273313137679165 0.011448735136954064 -0.025817923196143684 -0.053939026290441255 -0.051930308263334959 -0.02545806066196581 -0.012339489730957155 0.005221270511626055 -0.076866627173579255 -0.0048072899813996622 0.0033192899786662839 -0.024450159061463993 0.022174038673158664 -0.069566078962371602 -0.021780603020810165 -0.012473701215956522 -0.010775502453864381 -0.010203604165520241 -0.013208431179601965 -0.007302119726214972 -0.025953013596435388 0.0025548292803887307 -0.048955129916984134 0.020496323963105679 -0.051758378816396 -0.013938725025747233 -0.0031876461428718716 -0.030657658030395392 -0.021618251986434835 -0.010845141817948647 0.0097697715035060476 -0.033897119815938355 -0.0042431043506497646 0.016672453869153784 0.0014040711367233831 -0.019660456917647805 -0.0016206754272883857 -0.0088542494025597926 0.0070935018035910421 -0.0072823416528270402 -0.032416480452968521 -0.041099625853920713 0.0024021855224661218 -0.02687260432448238 -0.018954005593315084 0.0031689443540324322 0.0035074386871460882 0.010849884472308901 -0.02185583652852445 -0.003715020400120032 -0.0089682777550478925 -0.0067684447851722998 0.0079340135632082823 0.016793587892347535 0.005467313539429597 0.0029257863838593385 -0.0017010220399781785 0.010366555352774547 0.021718418122299257 -0.000992159442027529 -0.015345711478393672 -0.0033215531904129078
leaf_weight=55 237 591 51 84 53 43 160 1614 68 71 228 70 1105 52 77 91 202 66 41 746 89 255 40 124 49 70 448 47 72 41 368 40 2046 997 1396 41 1063 118 147 387 51 46 143 59 46 2379 382 108 48 214 191 123 43 148 63 156 323 93 61 1849 75 118
leaf_count=55 237 591 51 84 53 43 160 1614 68 71 228 70 1105 52 77 91 202 66 41 746 89 255 40 124 49 70 448 47 72 41 368 40 2046 997 1396 41 1063 118 147 387 51 46 143 59 46 2379 382 108 48 214 191 123 43 148 63 156 323 93 61 1849 75 118
internal_value=8.7253e-05 0.00617986 -0.0100096 -0.0222813 -0.0192277 -0.040437 -0.0145796 0.00281579 -0.0559744 -0.00586776 0.0162139 -0.0118115 0.0177956 -0.0465921 -0.0387883 -0.0231448 -0.013077 -0.02501 0.00107012 -0.00912198 -0.0197917 -0.00452709 -0.0337218 0.00713376 -0.066879 -0.0255199 -0.00419324 -0.00806794 -0.00635844 -0.0143229 0.00990742 -0.0225034 -0.00349596 0.0147368 -0.000436791 -0.00596862 -0.00392972 -0.013779 0.00730332 -0.0105738 -0.0126847 -0.0313783 0.00826219 -0.0107927 -0.014596 0.00271948 0.00031789 0.0160716 -0.00491088 -0.00791096 -0.0116369 -0.0101772 0.0108947 0.00939748 0.0134536 0.0077417 0.00112212 0.00344381 0.0161489 3.88147e-05 -0.00805469 -0.00804577
internal_weight=20262 12637 7625 1923 1710 306 1404 9465 160 5702 3172 1048 2693 213 161 146 1351 176 6741 872 365 4654 110 2724 117 205 4502 685 638 152 1110 81 3817 1588 3523 278 3562 190 479 986 599 135 878 548 228 3218 746 232 2499 453 239 169 251 735 211 524 705 2472 104 3245 821 320
internal_count=20262 12637 7625 1923 1710 306 1404 9465 160 5702 3172 1048 2693 213 161 146 1351 176 6741 872 365 4654 110 2724 117 205 4502 685 638 152 1110 81 3817 1588 3523 278 3562 190 479 986 599 135 878 548 228 3218 746 232 2499 453 239 169 251 735 211 524 705 2472 104 3245 821 320
is_linear=0
shrinkage=0.03


Tree=16
num_leaves=63
num_cat=0
split_feature=9 9 27 14 14 3 15 17 16 7 27 24 17 26 15 12 14 12 29 0 7 12 3 14 14 7 15 9 8 12 17 11 16 7 3 6 3 18 20 15 2 8 28 18 12 3 27 23 20 16 0 25 3 27 0 15 8 8 22 18 2 15
split_gain=1284.11 444.872 393.661 101.193 82.8142 75.313 91.3039 90.7632 55.7723 40.9138 40.253 37.9504 37.2076 37.0044 27.5559 25.7312 25.6423 23.145 21.4055 20.9466 16.8726 16.0802 15.9567 15.0422 14.8583 12.7805 14.0033 11.0569 11.0377 26.635 19.1774 10.9533 13.9606 10.5175 16.4223 9.75883 8.62722 8.57564 7.71257 14.0678 7.46665 6.96498 6.9052 6.65506 6.64911 25.6936 6.46752 6.46727 8.06904 6.35036 6.691 5.97891 5.93167 5.86014 5.80838 7.47051 7.54172 5.78938 5.78395 5.45872 5.37402 5.36123
threshold=2699.9750000000004 4731.4950000000008 -22142.349999999995 2143.5250000000005 3442.945714285715 1.0000000180025095e-35 2197.0835416666673 22.185000000000006 3816.5150000000008 -0.99630266176052629 6507.8000000000002 0.5858346065557013 99.095000000000013 36429.200000000004 3198.0472395833335 2803.604501488096 1343.4850000000004 3307.9316964285722 27.756250000000005 41.500000000000007 -0.91936887716170002 2519.5437797619052 1.0000000180025095e-35 8357.544285714288 2923.8442857142868 -0.78326540922535159 3253.7475000000004 3621.3100000000009 -0.031174269516803289 3496.45974702381 99.830000000000013 2789.6550000000002 3590.2500000000005 0.9550229469509578 1.0000000180025095e-35 -0.41248606129204529 1.0000000180025095e-35 5150.4600000000009 3007.1436458333337 2908.4300520833335 3.5000000000000004 0.19126587156512342 6112.8550000000014 1399.4500000000003 3901.4953571428578 1.0000000180025095e-35 -26135.349999999999 -1677.4471428571426 2880.7698437500007 4429.5550000000012 9.5000000000000018 31808.950000000001 1.0000000180025095e-35 -8255.1499999999996 35.500000000000007 3885.8255729166672 -0.62754092052422605 -0.40809616534112375 -1326.1949999999999 4748.7200000000003 9.5000000000000018 3811.2490625000005
decision_type=2 2 2 2 2 2 2 2 2 2 2 2 2 2 2 2 2 2 2 2 2 2 2 2 2 2 2 2 2 2 2 2 2 2 2 2 2 2 2 2 2 2 2 2 2 2 2 2 2 2 2 2 2 2 2 2 2 2 2 2 2 2
left_child=2 4 5 8 24 6 7 15 12 14 22 -8 19 46 -10 -1 20 -15 -9 -4 -11 -13 37 27 -2 26 43 -6 29 30 -23 32 -5 53 -35 38 -12 -3 -18 41 -39 -40 47 -22 54 -46 -7 48 -33 50 -49 -38 59 58 -41 56 -56 -24 -34 -29 -17 -58
right_child=1 10 3 31 23 13 11 18 9 16 36 21 -14 17 -16 60 35 -19 -20 -21 25 28 57 -25 -26 -27 -28 52 -30 -31 -32 42 33 34 -36 -37 51 40 39 44 -42 -43 -44 -45 45 -47 -48 49 -50 -51 -52 -53 -54 -55 55 -57 61 -59 -60 -61 -62 -63
leaf_value=-0.040054041879294913 -0.0011887054035597336 0.011593496988292437 -0.026877838754572156 -0.016122554967414372 0.0039102690193495203 -0.041163983047413436 -0.044175498000612219 -0.044018142540359267 -0.0080805421373295796 -0.0067448175751101541 0.022032802896500926 -0.028737529244099277 -0.0087847867396970598 -0.042104072730221292 -0.039303945668874157 -0.018923188976761769 -0.0052851088397048527 -0.074438869554017267 -0.073180502247479226 -0.058657223898463132 -0.013373266153677833 -0.017558038263980832 -0.00095206759180873637 0.019128349874348412 0.0018086309290873124 -0.011629171295811966 -0.037348846812443486 0.0069825021829637282 -0.0089599354719964355 -0.007645999712599702 -0.045229498842140524 0.015457491458426894 -0.015384863944565678 0.00035804932863201671 -0.024533148304464576 -0.0035922182458106877 0.013511247204154597 0.013234582096253831 -0.023420308291747727 -0.015832182271728404 0.01921511786945496 -0.011013221914938578 -0.012235180514589807 -0.026753388807264855 -0.0063780202765841608 -0.028244445731208934 -0.025955751819263507 -0.015622061988655126 -0.0033015905824921479 -0.0013331826768323988 -0.0041381272596019286 0.022092018449246617 0.0047420120938308878 0.00059449150543456665 -0.021033950445757423 -0.003714749927888695 -0.0073210073811383657 0.0098198853603474173 -0.0046855842246272573 0.010800067501356807 -0.0035499193112170971 -0.018508534718218235
leaf_weight=42 2679 447 40 105 1513 45 41 52 40 116 802 63 44 50 72 40 343 41 53 40 79 55 49 78 3347 105 57 1027 300 106 40 41 46 40 58 322 242 326 101 78 487 73 60 63 142 73 81 52 40 1272 342 111 608 188 46 328 431 515 1639 511 42 42
leaf_count=42 2679 447 40 105 1513 45 41 52 40 116 802 63 44 50 72 40 343 41 53 40 79 55 49 78 3347 105 57 1027 300 106 40 41 46 40 58 322 242 326 101 78 487 73 60 63 142 73 81 52 40 1272 342 111 608 188 46 328 431 515 1639 511 42 42
internal_value=-6.42629e-05 0.00574938 -0.00985067 -0.00710095 0.00265223 -0.0268807 -0.0227339 -0.0388501 -0.0116378 -0.0106588 0.0158953 -0.0165797 -0.031218 -0.0426406 -0.0283229 -0.0212066 -0.00982272 -0.0573233 -0.0592897 -0.0432955 -0.0165562 -0.014499 0.0131058 0.0061602 0.000476118 -0.0202656 -0.0247416 0.0058786 -0.0126548 -0.0180979 -0.029559 -0.00402004 -0.00550643 -0.00493299 -0.0144725 -0.00838606 0.0202854 0.014987 -0.0093149 -0.010362 0.0168362 -0.0183077 -0.00231028 -0.0194551 -0.00913425 -0.0138988 -0.0316686 -0.00196261 0.00626646 -0.00236622 -0.00568949 0.0162642 0.00726387 -0.00442641 -0.00801299 -0.00727511 -0.00951373 0.008884 -0.00498662 0.00825708 -0.0111867 -0.00835135
internal_weight=20311 12742 7569 6518 9763 1051 834 229 2635 2511 2979 605 124 217 112 124 2399 91 105 80 420 564 1824 3737 6026 304 199 3659 501 201 95 3883 2076 1971 98 1979 1155 1260 1657 1314 813 174 1807 142 1140 215 126 1747 81 1666 394 353 2146 1873 925 847 519 564 1685 1538 82 473
internal_count=20311 12742 7569 6518 9763 1051 834 229 2635 2511 2979 605 124 217 112 124 2399 91 105 80 420 564 1824 3737 6026 304 199 3659 501 201 95 3883 2076 1971 98 1979 1155 1260 1657 1314 813 174 1807 142 1140 215 126 1747 81 1666 394 353 2146 1873 925 847 519 564 1685 1538 82 473
is_linear=0
shrinkage=0.03


Tree=17
num_leaves=63
num_cat=0
split_feature=14 14 27 1 15 26 17 29 1 17 16 27 1 26 14 27 13 24 21 13 13 16 24 19 14 15 14 17 11 1 27 24 14 14 22 28 28 23 4 12 25 28 1 14 14 16 25 12 14 7 15 6 1 13 15 15 1 28 29 15 17 22
split_gain=1205.15 430.824 347.548 117.253 136.49 65.8817 52.1965 55.3371 48.6299 103.351 47.6645 46.1991 42.1423 40.6248 37.7882 29.3775 24.8499 22.25 20.6745 19.5663 20.2611 17.9523 15.0379 14.3871 13.4016 13.17 12.1424 12.6808 11.5476 10.1764 9.87169 12.4961 9.19836 8.65438 8.63084 8.52842 8.32036 8.12411 8.046 21.9841 7.65467 7.65089 7.60074 7.04693 6.94778 9.66032 6.78294 6.76017 6.61399 6.17054 5.51617 6.52454 7.85675 7.4165 5.46356 7.78971 5.45929 5.43141 5.37332 5.11472 7.11877 4.8657
threshold=2923.8442857142868 1660.9350000000002 906.55000000000075 5.5000000000000009 2197.0835416666673 21445.050000000003 22.185000000000006 26.131250000000005 5.5000000000000009 99.845000000000013 3816.5150000000008 -2287.4499999999998 5.5000000000000009 26539.100000000002 1000.8657142857143 4464.9000000000005 1678.9824797221636 0.49541412977816429 4962.5200000000013 2692.1841111005619 2995.0939072115921 3745.2700000000004 1.3263708067592208 5000.2850000000008 2425.5292857142863 4501.2699479166677 1452.5157142857145 400.01000000000005 1192.6750000000002 1.0000000180025095e-35 -22142.349999999995 0.88517857269804534 1301.592142857143 6994.420000000001 -2573.8099999999999 4047.5016666666675 4780.6583333333338 -254.55714285714285 1.0000000180025095e-35 3465.8345238095244 31808.950000000001 6184.1533333333346 2.5000000000000004 1986.3242857142857 3488.6471428571435 3615.7600000000007 7968.9000000000005 2513.1384747023812 5838.7042857142869 0.98522604642031408 3831.853697916667 -0.3520614488341256 5.5000000000000009 2164.1526792547152 3291.6371354166672 3173.76125 5.5000000000000009 5878.2333333333345 19.031250000000004 2955.1737500000004 300.02500000000003 479.58500000000021
decision_type=2 2 2 2 2 2 2 2 2 2 2 2 2 2 2 2 2 2 2 2 2 2 2 2 2 2 2 2 2 2 2 2 2 2 2 2 2 2 2 2 2 2 2 2 2 2 2 2 2 2 2 2 2 2 2 2 2 2 2 2 2 2
left_child=1 3 11 4 6 19 16 -8 10 -10 18 33 15 46 17 48 -1 -6 -7 21 25 37 -18 56 50 -21 27 -15 61 -25 31 -16 -9 34 42 -30 -11 -3 54 -40 -14 49 -2 -38 45 -36 -5 -26 -4 -17 51 52 53 -23 55 -12 -13 -32 -53 60 -33 -19
right_child=2 5 12 13 14 8 7 32 9 36 38 23 40 26 30 41 22 28 -20 20 -22 24 -24 29 47 -27 -28 -29 35 -31 57 59 -34 -35 44 -37 43 -39 39 -41 -42 -43 -44 -45 -46 -47 -48 -49 -50 -51 -52 58 -54 -55 -56 -57 -58 -59 -60 -61 -62 -63
leaf_value=-0.0061797305753335677 0.002446155500225723 -0.020687138065259205 0.011907064170188915 -0.015400070599554215 -0.043503900447905787 -0.01386636468116194 -0.023878290900434165 -0.077404317770685474 -0.060218078164877946 -0.0071372059419412505 -0.0062661559306085466 0.0059111193107141882 0.0057358559137291511 -0.04502955795970353 -0.026585595484956034 0.021049413754750126 -0.046637334681249087 -0.017938944481136417 -0.037413279453414633 -0.010830534002373248 0.0019448565990713082 -0.0039837710119435613 -0.020211574349419347 0.016207142488975611 0.0043189784435949761 -0.031465044663671185 -0.034453726966702375 -0.067512368480364487 -0.036928603927395783 0.008075213601112274 -0.0079773373189006153 -0.010376582280283861 -0.053084033808649282 0.010925960133783519 -0.0061516031737891977 -0.019453980640648211 -0.028197129898305449 -0.0068855013222765583 -0.0016353781852590412 -0.026774415979635414 0.018429178698861508 0.0093475717538967721 -0.013009338239344824 -0.012203306063766711 0.0035681547509535012 0.0013729932408408588 -0.03189337215579531 -0.0013743527712245418 0.016370963506862578 0.0091764090184799658 -0.0014184333096970822 -0.0054556139318436342 -0.0175283004999316 -0.015595156009020726 -0.0038817477196243797 -0.015606829828893144 0.0017926809036850923 -0.017736275460767118 -0.00075031948214018482 -0.0068074788498308728 -0.025173143018037081 -0.0069225180658669967
leaf_weight=46 49 63 782 50 40 79 45 41 48 131 804 1621 418 75 69 1176 41 132 60 65 56 237 41 182 200 50 49 44 48 595 611 82 42 89 160 62 41 100 67 58 47 59 67 68 1339 3329 46 2843 507 43 465 676 71 62 888 89 354 56 323 101 47 52
leaf_count=46 49 63 782 50 40 79 45 41 48 131 804 1621 418 75 69 1176 41 132 60 65 56 237 41 182 200 50 49 44 48 595 611 82 42 89 160 62 41 100 67 58 47 59 67 68 1339 3329 46 2843 507 43 465 676 71 62 888 89 354 56 323 101 47 52
internal_value=-4.91922e-05 -0.00792815 0.00677152 -0.0210253 -0.0178675 -0.00476608 -0.0378603 -0.0514108 -0.00895513 -0.0204813 -0.00732266 0.00341471 0.0153865 -0.0394996 -0.0139043 0.0168923 -0.0240163 -0.0226016 -0.0242251 -0.00288926 -0.0128411 -0.00254913 -0.0338272 0.0065394 -0.00222033 -0.019996 -0.0484201 -0.0538359 -0.0196199 0.00999837 -0.010877 -0.0154164 -0.0658761 0.0017052 0.00153704 -0.0273433 -0.0123171 -0.0123135 -0.00607794 -0.0134198 0.00705563 0.0201249 -0.00651562 -0.018421 0.00173183 0.00102626 -0.0235504 -0.000998865 0.0136742 0.0206385 -0.00424535 -0.00520381 -0.00860558 -0.00643544 -0.00555541 -0.0072135 0.00517421 -0.008822 -0.00393655 -0.0119651 -0.0159197 -0.0148799
internal_weight=20181 9364 10817 1820 1556 7544 256 128 2333 288 2045 7785 3032 264 1300 2567 128 334 139 5211 171 5040 82 2752 4877 115 168 119 294 777 966 299 83 5033 4944 110 240 163 1906 125 465 1278 116 109 4828 3489 96 3043 1289 1219 1834 1369 370 299 1781 893 1975 667 999 230 129 184
internal_count=20181 9364 10817 1820 1556 7544 256 128 2333 288 2045 7785 3032 264 1300 2567 128 334 139 5211 171 5040 82 2752 4877 115 168 119 294 777 966 299 83 5033 4944 110 240 163 1906 125 465 1278 116 109 4828 3489 96 3043 1289 1219 1834 1369 370 299 1781 893 1975 667 999 230 129 184
is_linear=0
shrinkage=0.03


Tree=18
num_leaves=63
num_cat=0
split_feature=14 9 27 8 1 27 14 1 27 15 21 13 15 15 26 16 29 1 1 17 8 14 1 30 1 24 8 5 20 14 15 13 24 14 14 8 24 6 9 30 4 13 13 17 9 12 1 17 18 15 17 1 25 18 17 5 5 18 6 1 15 14
split_gain=1157.59 454.837 275.816 76.7816 92.8334 74.2667 65.5142 61.8546 52.1582 43.389 54.72 34.9258 34.0129 29.5101 28.7387 28.6305 24.6798 24.0399 23.27 40.0297 21.5894 18.9033 16.9383 16.1269 15.8504 16.3404 14.8445 14.4928 17.854 13.8106 12.4909 13.6775 12.1361 12.0753 10.8134 10.8116 13.3492 10.5457 10.5604 18.5756 10.4061 9.08219 8.71881 8.694 8.52018 8.31562 8.01319 10.9672 7.63565 7.62846 7.04664 6.69302 6.10945 5.97941 5.97863 5.44883 5.3283 5.24026 5.07855 4.8299 4.53745 4.39185
threshold=2457.6657142857143 4395.3250000000007 -22142.349999999995 -0.45464412999974241 5.5000000000000009 -3932.5499999999997 1580.6907142857146 5.5000000000000009 4939.9000000000005 2689.924739583334 6451.7750000000005 1527.5737535644328 1839.3738541666669 2483.2945833333338 36429.200000000004 3816.5150000000008 27.756250000000005 5.5000000000000009 5.5000000000000009 99.845000000000013 0.18281312110578132 2923.8442857142868 5.5000000000000009 5.0562500000000012 3.5000000000000004 0.8710632659392924 -0.29342786347392819 0.065403129230143103 2102.9125000000008 6474.1400000000003 2197.0835416666673 2374.0618396116483 1.0500527489507916 5838.7042857142869 1379.4228571428573 -0.46989712924132493 1.9086006007825238 -0.93540483100319605 1799.2000000000003 7.3062500000000012 1.0000000180025095e-35 2340.1691463807042 2656.5918640042214 499.14000000000004 2150.8350000000005 3147.4195758928577 5.5000000000000009 224.88000000000002 4171.4000000000005 3422.7633333333338 29.220000000000002 1.0000000180025095e-35 31808.950000000001 4748.7200000000003 1439.5150000000001 -0.72947329433276231 -0.72947329433276231 4569.9800000000005 -0.88144907265856332 1.0000000180025095e-35 4239.6330729166675 3820.6592857142859
decision_type=2 2 2 2 2 2 2 2 2 2 2 2 2 2 2 2 2 2 2 2 2 2 2 2 2 2 2 2 2 2 2 2 2 2 2 2 2 2 2 2 2 2 2 2 2 2 2 2 2 2 2 2 2 2 2 2 2 2 2 2 2 2
left_child=2 5 3 23 9 21 7 12 17 10 27 -9 -4 16 -6 32 -12 33 35 -20 49 30 -10 -1 -11 -26 -13 28 -5 41 31 -2 -8 50 -30 36 40 38 39 -14 42 48 45 -27 58 -17 -32 -48 -7 -21 -3 55 -24 61 -43 -31 -19 -52 -37 -50 -61 -23
right_child=1 8 6 4 14 29 15 11 22 24 13 26 37 -15 -16 18 -18 56 19 20 -22 53 52 -25 25 43 -28 -29 34 51 46 -33 -34 -35 -36 44 -38 -39 -40 -41 -42 54 -44 -45 -46 -47 47 -49 59 -51 57 -53 -54 -55 -56 -57 -58 -59 -60 60 -62 -63
leaf_value=-0.065001779002663879 -0.0053502058690490639 0.022658065395163636 -0.037105545858542123 -0.0084136366373341945 -0.035389046015192729 0.0040279392667173638 -0.0093096612178688413 -0.05401796983516946 0.019656445677198434 -0.0078613949099342467 -0.036129421527896603 -0.031632703324271871 -0.011541730013195774 -0.023957957620599438 -0.067312562072818938 -0.012935760614032355 -0.068443613146863327 2.857089984815481e-05 -0.035090979071554992 -0.026665958097204567 -0.0047829931245875349 0.00088644183487793541 0.0068028857057336068 -0.036817442519453965 -0.036311136678588096 -0.021393354861816812 -0.0082068666431587192 -0.0081263334560438549 -0.038153368557292608 0.019250041944373932 -0.00089979896396710042 -0.024290998689830302 -0.027708853796195192 0.015576404891796467 -0.017971537724137305 -0.0087889705316581742 -0.0241576987830922 -0.0063752995069244096 -0.0085469274323954174 -0.03353415012658973 -0.021603521042730833 -0.0013591277608961368 -0.01813357079075897 -0.0044685756623306693 -0.0028689071910933204 -0.0017825478385136938 -0.018691271648039017 -0.0036095579788685745 0.01594887546745927 -0.01281721719695488 0.0074480590222236005 0.0061641907912631079 0.01857734048506245 -0.0087156818899410699 0.0036939931073725154 0.0068467909263563338 0.0072837957625563896 0.0116605257687889 -0.0048668034334685226 0.0059116774639038396 0.012357861510801899 0.0043538978317638278
leaf_weight=45 193 41 44 53 73 1957 57 48 1218 271 55 65 95 69 43 77 40 171 58 59 352 3093 144 40 40 61 40 100 61 104 2460 41 78 666 44 440 48 337 156 55 42 363 46 50 1526 265 48 388 55 99 442 135 55 54 500 48 194 700 933 731 114 367
leaf_count=45 193 41 44 53 73 1957 57 48 1218 271 55 65 95 69 43 77 40 171 58 59 352 3093 144 40 40 61 40 100 61 104 2460 41 78 666 44 440 48 337 156 55 42 363 46 50 1526 265 48 388 55 99 442 135 55 54 500 48 194 700 933 731 114 367
internal_value=2.56579e-05 0.0046615 -0.0110729 -0.0250643 -0.0225991 0.00153514 -0.0080966 -0.0157236 0.0138292 -0.0190972 -0.0259003 -0.0329294 -0.0118494 -0.0394333 -0.0476969 -0.00652288 -0.0503066 0.0109435 -0.00605446 -0.0116704 -0.0089434 -0.000410389 0.0183272 -0.0523209 -0.012249 -0.02002 -0.0228702 -0.0171789 -0.0228212 0.00476033 -0.00210558 -0.00875814 -0.0200659 0.0123322 -0.0299455 -0.00510671 -0.00928623 -0.0100662 -0.014097 -0.0197743 -0.00757396 0.00426883 -0.00600366 -0.0138775 -0.0044146 -0.00432404 -0.0015652 -0.0053089 0.0050834 -0.0181238 0.0104942 0.011094 0.0101337 0.00109972 0.00156941 0.0154036 0.00389414 0.0100381 -0.00612921 0.00737141 0.00679492 0.00125538
internal_weight=20247 14282 5965 1045 960 10651 4920 840 3631 844 422 153 687 164 116 4080 95 2214 3945 568 510 6644 1417 85 422 151 105 258 158 4007 3130 234 135 1849 105 3377 478 643 306 150 430 3720 388 111 2899 342 2896 436 2857 158 1183 287 199 3514 863 152 365 1142 1373 900 845 3460
internal_count=20247 14282 5965 1045 960 10651 4920 840 3631 844 422 153 687 164 116 4080 95 2214 3945 568 510 6644 1417 85 422 151 105 258 158 4007 3130 234 135 1849 105 3377 478 643 306 150 430 3720 388 111 2899 342 2896 436 2857 158 1183 287 199 3514 863 152 365 1142 1373 900 845 3460
is_linear=0
shrinkage=0.03


Tree=19
num_leaves=63
num_cat=0
split_feature=27 26 27 27 1 8 1 27 29 1 28 8 13 27 24 27 17 8 16 1 11 29 1 8 29 16 29 0 19 28 24 13 8 6 1 5 1 13 24 28 2 8 13 27 17 6 16 16 18 6 5 28 10 17 20 18 24 17 13 27 21 17
split_gain=1068.32 388.908 308.283 96.711 91.946 82.3608 54.5098 46.2574 45.2734 39.2339 38.7303 34.2557 32.8164 31.3948 31.0423 26.7031 20.3495 19.2947 19.2935 26.8553 17.6303 16.93 16.5131 29.1928 16.0979 14.4489 14.3627 14.1241 12.1327 11.0449 10.0376 9.47083 12.1386 12.0452 9.3458 9.10307 8.89732 8.06492 7.87353 7.59411 7.55496 6.8784 6.8729 6.44911 6.03262 6.02867 6.53301 8.58158 10.4541 6.0273 5.4644 5.20716 5.04014 5.01447 7.00977 4.97432 4.89202 4.84353 5.56345 4.74677 4.63016 5.93566
threshold=-7231.6499999999987 31242.350000000002 906.55000000000075 -15377.35 5.5000000000000009 -0.45464412999974241 5.5000000000000009 -2064.9499999999989 30.668750000000006 5.5000000000000009 5075.8333333333339 -0.46989712924132493 1527.5737535644328 -23101.349999999999 0.81561558664466627 7311.2000000000007 99.845000000000013 0.29958852271690523 3816.5150000000008 1.5000000000000002 2620.7800000000002 30.506250000000005 5.5000000000000009 0.40418040343369133 29.693750000000005 3816.5150000000008 25.356250000000006 51.500000000000007 5000.2850000000008 3958.0783333333334 0.8302899564834737 2670.0720040114661 -0.7284115498514564 -0.88144907265856332 5.5000000000000009 -0.72947329433276231 1.0000000180025095e-35 2287.0556599241499 1.0212017765972299 5999.9966666666669 3.5000000000000004 0.30778899014954286 2415.6233987789033 -4074.8999999999996 399.14500000000004 -0.93540483100319605 6560.5200000000013 4920.2750000000005 1877.0500000000002 -0.91037613702198728 -0.72947329433276231 2869.1500000000005 2800.6650000000004 49.895000000000003 3676.3158854166672 7029.1950000000006 0.9267687984054428 1262.9850000000004 2328.159666908185 6507.8000000000002 5757.4650000000011 99.170000000000016
decision_type=2 2 2 2 2 2 2 2 2 2 2 2 2 2 2 2 2 2 2 2 2 2 2 2 2 2 2 2 2 2 2 2 2 2 2 2 2 2 2 2 2 2 2 2 2 2 2 2 2 2 2 2 2 2 2 2 2 2 2 2 2 2
left_child=1 3 7 6 5 13 18 34 10 15 14 26 -8 -3 27 39 -6 21 19 -1 22 -14 25 24 -24 -13 -5 -7 57 -16 -10 32 -28 -34 43 -11 50 -36 -31 40 41 -4 -39 -2 -37 46 47 -20 -49 -23 -30 -43 -27 -35 -55 -42 -48 58 -9 -46 -47 -62
right_child=2 4 9 11 16 8 12 28 30 35 -12 20 17 -15 29 -17 -18 -19 45 -21 -22 49 23 -25 -26 52 31 -29 36 38 -32 -33 33 53 37 44 -38 42 -40 -41 55 51 -44 -45 59 60 56 48 -50 -51 -52 -53 -54 54 -56 -57 -58 -59 -60 -61 61 -63
leaf_value=-0.0080936783541821766 0.0011934750873557973 -0.060510916439495209 0.005274104390082357 -0.024686616629561672 -0.064005788880586612 -0.020752063633503428 -0.046325095869833605 0.0046967443527837251 -0.021632905840365722 0.0025121659691474041 -0.05142856281699746 -0.016275318247452375 -0.039774498218949884 -0.02900294310056779 -0.010810773582170171 0.01994341603839165 -0.03768839956940831 -0.0075025351708433753 -0.0067571159042117577 -0.034536013807200137 -0.00089846195370653305 -0.02524463740210714 -0.03226789888947678 -0.004693881729840638 -0.011053119690420672 -0.0037135726820882384 -0.001233007796185904 -0.042381965846568344 0.019781526552978903 -0.029368415524902408 -0.0076632417387592373 -0.022083911107514391 -0.025778955713910767 -0.0017801022601045974 0.00021027820568168422 0.0037230213217973661 0.0077801307137425934 -0.01592922624045362 -0.016124184491911105 0.0066371382012342418 0.01374686911911072 0.0044355163492850571 -0.00308704518552293 0.0035029655604669426 0.010355778902421816 -0.0025982541153419577 -0.013590088953540653 -0.030828298765048383 -0.010542724181331047 -0.0087451773382989408 0.0091143044089683541 0.014160602436978352 -0.00056171432995981668 -0.021116688783586142 -0.0080291539743179881 0.018702789094697459 -0.006858228323453658 0.0062703166216288081 -0.0015588247881814666 0.021402588474019518 -0.014087919236922805 -0.0064187096368294068
leaf_weight=80 2704 57 120 55 49 48 47 494 54 244 41 74 49 63 168 941 73 86 61 61 2632 41 63 328 68 1760 180 74 107 72 312 43 42 72 652 78 572 53 104 134 386 56 125 1822 117 213 132 49 45 41 77 522 617 47 171 384 383 1219 172 52 109 555
leaf_count=80 2704 57 120 55 49 48 47 494 54 244 41 74 49 63 168 941 73 86 61 61 2632 41 63 328 68 1760 180 74 107 72 312 43 42 72 652 78 572 53 104 134 386 56 125 1822 117 213 132 49 45 41 77 522 617 47 171 384 383 1219 172 52 109 555
internal_value=-1.92457e-05 -0.00755626 0.00627982 -0.00526907 -0.0241603 -0.0211003 -0.0110857 0.00318989 -0.017858 0.0144205 -0.0236603 -0.00342199 -0.0237457 -0.0443456 -0.0211123 0.0159199 -0.0486929 -0.0186652 -0.00909277 -0.0196959 -0.00267818 -0.025881 -0.00428701 -0.00950456 -0.0214228 -0.00330644 -0.0101643 -0.0341097 0.00643843 -0.0164173 -0.00977767 -0.00868332 -0.00751702 -0.0109101 0.00158716 0.00663805 0.00965038 -0.00133795 -0.0216776 0.0135456 0.0141713 0.0118698 -0.00697847 0.00212376 0.0106872 -0.00811425 -0.0102628 -0.0156751 -0.0213303 -0.0171997 0.0153909 0.0132277 -0.00289602 -0.00867547 -0.0109343 0.0162394 -0.00860667 0.00514581 0.00308128 0.0138607 -0.00646298 -0.00769695
internal_weight=20250 9219 11031 8104 1115 993 1952 7997 873 3034 507 6152 264 120 466 2543 122 217 1688 141 5542 131 2910 459 131 2451 610 122 2641 344 366 555 512 332 5356 491 756 830 176 1602 1468 698 178 4526 247 1547 670 155 94 82 184 578 2377 290 218 770 515 1885 666 169 877 664
internal_count=20250 9219 11031 8104 1115 993 1952 7997 873 3034 507 6152 264 120 466 2543 122 217 1688 141 5542 131 2910 459 131 2451 610 122 2641 344 366 555 512 332 5356 491 756 830 176 1602 1468 698 178 4526 247 1547 670 155 94 82 184 578 2377 290 218 770 515 1885 666 169 877 664
is_linear=0
shrinkage=0.03


Tree=20
num_leaves=63
num_cat=0
split_feature=27 27 27 27 1 8 1 27 15 27 12 29 20 29 11 13 11 1 8 24 1 5 8 15 24 19 19 16 11 7 29 5 28 1 7 18 11 15 13 29 28 22 25 29 13 1 29 7 8 24 20 1 24 15 29 30 15 15 7 8 5 28
split_gain=1010.34 371.917 274.433 70.1263 70.3418 63.8421 67.0188 56.0197 54.1057 47.9934 44.1661 39.0371 49.2016 32.461 30.9784 27.6766 23.0389 19.1986 17.5012 16.8555 15.0804 14.0717 17.1931 13.5935 13.2791 13.2061 13.1872 11.8717 14.2755 11.4888 10.9915 10.5455 10.5341 9.96922 9.71115 9.30332 8.94335 8.85915 8.65126 8.15939 11.3746 8.14231 8.10874 7.70145 9.89707 7.57513 8.66686 7.23687 7.12043 6.87629 6.77769 7.91596 6.47842 6.41132 6.30196 6.32789 6.26391 12.7076 6.16778 6.04962 5.96208 5.70847
threshold=-9996.0499999999975 211.29999999999976 -23700.149999999994 -15377.35 5.5000000000000009 -0.45464412999974241 5.5000000000000009 -3932.5499999999997 2197.0835416666673 5869.1000000000013 2643.1717931547623 30.668750000000006 3489.9323437500002 26.656250000000004 1848.8000000000002 2331.9284878414828 455.96000000000009 5.5000000000000009 -0.46989712924132493 1.0719653414169608 5.5000000000000009 0.16280825711809011 0.57605713708605399 2241.8728125000002 0.8248502405236865 1300.9650000000004 4600.9300000000012 3590.2500000000005 3150.8750000000005 0.9893236546938301 30.668750000000006 0.72947329433276253 4107.9766666666683 1.0000000180025095e-35 0.94978112945126536 4649.420000000001 2591.8150000000005 4999.2996875000008 1678.9824797221636 31.156250000000004 5642.3600000000015 -2899.6249999999991 8937.0500000000011 28.881250000000005 2164.1526792547152 5.5000000000000009 22.343750000000004 -0.99763297024448894 0.94636490295939868 0.83377016247638724 3489.9323437500002 3.5000000000000004 1.4770399703656296 2241.8728125000002 33.23125000000001 6.700000000000002 2857.2419270833338 3512.9459895833338 0.99374995976406788 -0.39233249306308043 -0.41248606129204551 3716.9683333333337
decision_type=2 2 2 2 2 2 2 2 2 2 2 2 2 2 2 2 2 2 2 2 2 2 2 2 2 2 2 2 2 2 2 2 2 2 2 2 2 2 2 2 2 2 2 2 2 2 2 2 2 2 2 2 2 2 2 2 2 2 2 2 2 2
left_child=2 7 5 4 8 -1 11 27 13 17 -6 12 16 32 -15 -12 -7 35 23 -8 -11 22 29 -5 59 31 -9 28 -2 38 -17 -20 -4 53 -27 -3 45 48 -18 40 -25 -38 -42 44 -36 -29 -47 52 50 -13 -37 -52 -26 -28 55 -49 -57 -58 -43 -10 -22 -19
right_child=1 9 3 18 10 6 19 26 24 20 15 49 -14 14 -16 30 21 61 25 -21 60 -23 -24 39 47 34 33 36 -30 -31 -32 -33 -34 -35 43 37 41 -39 -40 -41 42 58 -44 -45 -46 46 -48 54 -50 -51 51 -53 -54 -55 -56 56 57 -59 -60 -61 -62 -63
leaf_value=-0.061458762641149481 -0.015998097825086797 0.0081400712567978508 -0.0038201850393818591 -0.026003774911894099 -0.048296966634690762 -0.038022954419398534 -0.057378908991813658 0.0033173704792248764 -0.024137591800995565 0.019048339811922624 -0.011142127986959353 -0.021055328390929242 -0.051367142170162527 -0.056614323060323553 -0.021482731931111106 -0.043962583190628464 -0.02404252982952378 0.0092156968163589793 -0.0078301945308157875 -0.030683249416874676 0.0060944794410953424 -0.007972394328700224 -0.009650885057153313 -0.0070659129372958474 -0.024092175059202241 -0.0029788675859239765 0.00091985384760381178 -0.00081128134937696601 -0.0011423682514650863 -0.017293681896856573 -0.021510521575808524 -0.024528226783233027 -0.021686912142641599 0.0054103063219239885 -0.0029660164536273272 0.014428501184939324 -0.012481529372857838 0.018515865645063124 -0.043820454338565462 -0.0016390201392480069 -0.030223483421453614 0.0011442074321515382 -0.01115499741842293 -0.0026496104723830001 -0.020970143339990709 -0.0011533715282219768 -0.011181815343034694 -0.0061717811627309488 0.016601743772425206 -0.0075976046577137142 0.011401327214383947 0.0046730082510209568 -0.0079723580282491935 0.013575142073825611 -0.0029739484172210348 -0.0022555592326737452 -0.019259026558237507 -0.0061861522536714141 -0.0063283866800039126 -0.011398846645176451 0.01761388874892145 0.0016147725363055087
leaf_weight=43 91 531 58 45 59 64 59 2934 56 1057 146 42 58 40 55 41 43 136 191 40 130 89 69 173 40 2740 42 1295 159 60 44 41 61 806 43 308 40 212 47 107 40 3939 43 82 77 160 150 871 231 180 450 245 53 259 357 60 140 130 101 91 59 255
leaf_count=43 91 531 58 45 59 64 59 2934 56 1057 146 42 58 40 55 41 43 136 191 40 130 89 69 173 40 2740 42 1295 159 60 44 41 61 806 43 308 40 212 47 107 40 3939 43 82 77 160 150 871 231 180 450 245 53 259 357 60 140 130 101 91 59 255
internal_value=-5.96309e-05 0.00463562 -0.00961392 -0.00737714 -0.011462 -0.0261596 -0.0240594 0.00164804 -0.00946199 0.0128797 -0.0252581 -0.0205083 -0.0257805 -0.023694 -0.0367106 -0.0191909 -0.0216642 0.0103638 -0.00474948 -0.0470075 0.017649 -0.0181529 -0.0222351 -0.0105933 -0.00775586 -0.0039952 0.00437202 -0.000207081 -0.00659205 -0.0279216 -0.0327256 -0.0108737 -0.0130832 0.00716174 -0.00344926 0.0115652 7.48103e-05 0.0128165 -0.034739 -0.00861666 -0.0115154 0.000821107 -0.020595 -0.00978371 -0.0145965 -0.00182165 -0.0060262 -0.00697836 0.0118231 -0.0102267 0.0107071 0.0090396 -0.0150882 0.0118182 -0.0064849 -0.0075252 -0.011068 -0.0130107 0.000955873 -0.016382 0.00976426 0.00427534
internal_weight=20268 13590 6678 5884 2302 794 751 9976 2012 3614 290 652 430 214 95 231 372 2368 3582 99 1246 308 219 408 1798 3174 4041 5935 250 150 85 232 119 1107 2942 1977 5685 1446 90 363 256 4080 83 202 120 1605 310 1651 1234 222 1003 695 93 301 1558 1201 330 270 4040 147 189 391
internal_count=20268 13590 6678 5884 2302 794 751 9976 2012 3614 290 652 430 214 95 231 372 2368 3582 99 1246 308 219 408 1798 3174 4041 5935 250 150 85 232 119 1107 2942 1977 5685 1446 90 363 256 4080 83 202 120 1605 310 1651 1234 222 1003 695 93 301 1558 1201 330 270 4040 147 189 391
is_linear=0
shrinkage=0.03


Tree=21
num_leaves=63
num_cat=0
split_feature=14 9 27 1 15 8 27 27 7 14 27 14 15 28 1 23 1 7 1 1 15 14 13 1 22 14 9 29 18 25 29 8 7 29 14 13 11 7 19 23 14 10 18 14 7 11 10 15 1 28 5 15 15 1 15 9 12 14 7 18 28 30
split_gain=967.53 311.817 309.218 141.644 134.864 61.4666 50.0605 35.5134 35.378 40.4694 32.8905 32.8856 23.0488 36.7301 27.951 21.7672 18.1861 17.5619 17.4695 16.3392 16.07 12.2305 12.158 13.7592 11.9689 11.1194 10.3555 9.91234 10.882 9.66404 8.96326 8.41009 9.27617 12.5319 8.30255 8.15484 8.04901 7.88622 8.84255 7.76828 7.47435 7.81614 7.26608 6.97803 6.87223 6.58594 6.50743 5.98499 5.98226 5.79522 5.50303 5.40002 21.8249 4.95932 4.94327 4.70273 5.25451 7.35754 5.8694 4.5224 4.34457 9.19306
threshold=2714.366428571429 4230.5150000000003 -18614.950000000001 5.5000000000000009 2197.0835416666673 -0.46989712924132493 3808.6500000000005 -3932.5499999999997 0.98372640911059162 1418.7335714285716 -24833.649999999998 2156.4585714285718 1731.1739583333335 5159.1833333333352 1.5000000000000002 -422.53071428571423 5.5000000000000009 -0.99630266176052629 5.5000000000000009 1.5000000000000002 1839.3738541666669 8357.544285714288 2204.8444694250556 5.5000000000000009 -2899.6249999999991 7272.0442857142871 2814.5550000000007 31.656250000000004 1877.0500000000002 9300.5500000000011 32.10625000000001 -0.46989712924132493 0.9550229469509578 27.118750000000002 3532.5564285714286 1937.7209575125573 99.905000000000015 -0.77786766366919291 3195.9900000000002 17.136428571428535 1111.9421428571429 599.28000000000009 2000.4950000000001 3110.6371428571433 0.99552231814189451 1552.4500000000003 1448.2950000000003 2197.0835416666673 1.5000000000000002 6184.1533333333346 -0.47114434510950048 3291.6371354166672 3173.76125 5.5000000000000009 3956.2933854166672 2699.1350000000007 3511.3484970238101 4548.260714285715 0.95998215779580554 4147.6800000000012 5810.0200000000004 0.55625000000000047
decision_type=2 2 2 2 2 2 2 2 2 2 2 2 2 2 2 2 2 2 2 2 2 2 2 2 2 2 2 2 2 2 2 2 2 2 2 2 2 2 2 2 2 2 2 2 2 2 2 2 2 2 2 2 2 2 2 2 2 2 2 2 2 2
left_child=2 7 3 4 5 -1 18 24 9 36 15 17 -7 14 46 -6 44 -4 25 -17 -19 34 42 27 -2 59 31 28 29 -24 35 37 54 -34 -9 -21 -5 38 -13 -25 41 -12 -22 47 49 -30 -14 48 -26 -8 -18 52 -42 55 -33 -36 57 -57 -58 -3 61 -61
right_child=1 6 11 8 10 12 16 21 -10 -11 40 26 13 -15 -16 19 50 20 -20 30 22 -23 23 39 43 -27 -28 -29 45 -31 -32 32 33 -35 53 -37 -38 -39 -40 -41 51 -43 -44 -45 -46 -47 -48 -49 -50 -51 -52 -53 -54 -55 -56 56 58 -59 -60 60 -62 -63
leaf_value=-0.059459250989285381 -0.014885428561449416 0.0063131758793595581 -0.024252072832188849 -0.037533994684409759 -0.034920446224357214 -0.011893137807492167 0.018356246677701804 0.0023551677412156791 -0.062111028318426444 -0.017276777175630066 -0.018288052400828085 -0.023665490219075429 -0.022076835529651583 -0.057476172816099187 -0.04165787323044156 -0.0079134004676471581 0.0046231071701811127 -0.023808672658325928 0.0030975985565042763 -0.017670324695112944 -0.0075380659388114201 0.018032176563712327 -0.031763699060039861 -0.031141866728929532 -0.010413878776071557 0.016259892716520251 -0.00074036750150629485 -0.0038277277923286111 -0.017393513772925681 -0.010751006602332358 -0.0092495549927184059 -0.0039477422948553864 -0.019289568528532981 0.0011518324432937906 -0.0033863317248814177 -0.032660598963708945 -0.057242846102877096 -0.0049338180500065314 -0.0066357545926231457 -0.012396295614713846 -0.0072236054639308626 -0.0067487643638868694 -0.0031869749520947082 0.0017230114072223869 0.0052803097212953225 -0.0055183844091952778 -0.0052113241599661044 -0.00011597732759532778 -0.00064654767774732498 0.0092892858160423565 0.014376781498015459 -0.0039408967474708328 -0.029662738170388132 0.0015052544074752802 -0.00049763609681231801 0.0060512120148653384 0.0058028901299769656 0.012501108332599204 0.0001266634914969455 0.0089494520935137073 0.0046857339848984814 0.014728502466162592
leaf_weight=65 45 321 57 53 65 71 1305 1557 55 76 131 56 40 40 52 137 141 52 343 70 737 56 41 41 105 259 1055 215 57 40 42 1945 74 42 48 70 43 160 55 42 440 91 654 2236 41 159 43 2423 121 70 83 274 42 277 463 561 774 224 208 741 113 379
leaf_count=65 45 321 57 53 65 71 1305 1557 55 76 131 56 40 40 52 137 141 52 343 70 737 56 41 41 105 259 1055 215 57 40 42 1945 74 42 48 70 43 160 55 42 440 91 654 2236 41 159 43 2423 121 70 83 274 42 277 463 561 774 224 208 741 113 379
internal_value=-4.10784e-05 0.00516481 -0.00828981 -0.0188224 -0.0157869 -0.033588 0.0123298 0.00201398 -0.0410265 -0.0339644 -0.0117005 -0.00492105 -0.026539 -0.0323798 -0.0245759 -0.0191377 0.016282 -0.00794535 0.00931733 -0.0158227 -0.00747761 0.00423285 -0.00703824 -0.0106282 0.000345927 0.0104917 -0.00327372 -0.00875911 -0.0123041 -0.0216447 -0.0217007 -0.00422936 -0.00368729 -0.0119418 0.0040162 -0.0253439 -0.046861 -0.00924588 -0.0153619 -0.0219167 -0.0087638 -0.0136095 -0.00549609 0.000489255 0.0175403 -0.00871781 -0.0135053 -0.000552407 -0.00521035 0.0179017 0.00828503 -0.00732477 -0.00923625 0.00525073 -0.00328485 0.00582121 0.0060731 0.00790526 0.00460195 0.00952048 0.0103497 0.0109164
internal_weight=20276 12431 7845 1900 1673 311 3796 8635 227 172 1362 5945 246 175 135 384 1640 2095 2156 319 2038 3705 1986 595 4930 1813 3850 512 297 81 182 2795 2524 116 3649 140 96 271 111 83 978 222 1391 4885 1416 216 83 2649 226 1375 224 756 482 2092 2408 1815 1767 785 982 1554 1233 1120
internal_count=20276 12431 7845 1900 1673 311 3796 8635 227 172 1362 5945 246 175 135 384 1640 2095 2156 319 2038 3705 1986 595 4930 1813 3850 512 297 81 182 2795 2524 116 3649 140 96 271 111 83 978 222 1391 4885 1416 216 83 2649 226 1375 224 756 482 2092 2408 1815 1767 785 982 1554 1233 1120
is_linear=0
shrinkage=0.03


Tree=22
num_leaves=63
num_cat=0
split_feature=14 9 26 22 11 14 9 27 7 7 20 16 15 30 15 22 16 20 14 19 26 16 24 14 12 16 28 7 7 15 18 14 7 14 13 20 11 28 18 7 8 8 30 28 28 13 7 15 15 11 14 14 13 8 7 16 15 10 14 9 7 18
split_gain=926.966 360.651 244.635 73.033 65.0954 50.0602 49.8164 45.528 35.4079 31.8148 36.7346 29.9389 25.9268 24.3519 22.7994 20.5571 18.9689 14.8712 13.8371 13.1158 12.8241 12.724 12.7122 11.4622 9.45851 9.33574 8.62563 8.38308 13.7911 12.7121 8.33393 7.87554 7.62144 7.5687 7.46354 10.7143 12.8653 7.33413 7.24518 6.84379 6.41785 6.32517 6.88992 8.79735 6.37825 6.13353 5.9347 5.67371 5.63815 5.52603 5.20745 5.04555 5.62604 5.06433 6.64895 4.88143 4.7994 4.79707 4.67808 4.60752 4.52879 4.41605
threshold=2491.1814285714295 4230.5150000000003 30851.100000000002 1.0000000180025095e-35 599.8950000000001 1636.3614285714289 3263.7300000000005 3808.6500000000005 -0.99630266176052629 -0.8041866928211282 2546.3523437500003 3816.5150000000008 2197.0835416666673 5.5062500000000005 2478.7048958333339 -1027.7949999999996 4598.6950000000006 6474.4950520833345 3669.9392857142861 4400.1800000000012 25805.600000000002 3590.2500000000005 0.81561558664466627 3014.0042857142862 2869.0837276785719 3562.2000000000003 4140.921666666668 -0.91936887716170002 -0.81923160956083974 3429.5402083333333 999.91500000000008 944.81857142857154 0.99552231814189451 8357.544285714288 2415.6233987789033 3002.9783333333339 1450.6150000000002 4129.6016666666674 9999.9950000000008 0.94978112945126536 -0.42373907539820671 -0.46989712924132493 7.0062499999999988 5778.9400000000014 4493.9033333333346 2179.4365469150875 0.96904697354198299 5950.9749479166685 5385.1473437500008 799.52500000000009 5026.9021428571441 7113.062142857143 2608.1978081208813 0.96849880583763492 0.89546819317495652 6500.7000000000007 2868.9832812500003 1335.1900000000003 5167.4764285714291 1335.7600000000002 -0.98046803196378884 2370.8150000000005
decision_type=2 2 2 2 2 2 2 2 2 2 2 2 2 2 2 2 2 2 2 2 2 2 2 2 2 2 2 2 2 2 2 2 2 2 2 2 2 2 2 2 2 2 2 2 2 2 2 2 2 2 2 2 2 2 2 2 2 2 2 2 2 2
left_child=2 6 5 4 13 8 23 19 -1 10 -6 21 -5 31 15 -12 26 20 55 -3 41 24 -11 25 -7 -2 -10 -18 29 40 -15 -4 47 45 35 57 37 -37 58 59 -29 42 43 44 -13 50 61 48 60 -22 -20 52 53 54 56 -8 -21 -14 -25 -27 -9 -43
right_child=1 7 3 12 9 11 18 32 16 22 14 17 34 30 -16 -17 27 -19 33 51 49 -23 -24 38 -26 39 -28 28 -30 -31 -32 -33 -34 -35 -36 36 -38 -39 -40 -41 -42 46 -44 -45 -46 -47 -48 -49 -50 -51 -52 -53 -54 -55 -56 -57 -58 -59 -60 -61 -62 -63
leaf_value=-0.037261153288910949 -0.010477265157420538 0.0066229403767620121 -0.045250105963787063 -0.033862289602143901 -0.011429270158425486 -0.0041841775203510278 -0.00072751619401009661 0.0076336058816828178 -0.015515195358980598 -0.026527671827082062 -0.032353120884608205 -0.015210580019338522 -0.014225469082799357 -0.022383789713071152 -0.023767354125717111 -0.062975216775524367 -0.0051707057471904018 -0.021251158647984266 0.0058441014767662679 0.01616245927383839 -0.019240516535029176 -0.032663063813339575 -0.011364984343754513 0.00086845849948449707 -0.0235547697067079 -0.010474231750753848 -0.034952224615429128 -0.0070149218817378454 -0.0078853526456047988 -0.029087029559582114 -0.042209987583851742 -0.066430898495884821 0.0035434009661801844 0.017746900807511297 -0.0041131311602469892 -0.018317477839617905 -0.011051244514105333 -0.036821737900775454 -0.011245414037257432 -0.0083970173434201687 -0.018094420899663826 -0.0041354169892038268 -0.00057415589824533805 -0.019113086664446576 -0.0042971960904242667 0.0031784981625692758 -0.0091614805793729971 0.019658448921246942 0.0072483348200404188 -0.0078022274169064583 0.01124432284041371 0.014767895294164583 0.0027974378254242934 0.016994410701773384 0.014888723733942975 0.0028884897785131157 0.0069665253006858741 -0.0054471148576211324 0.0066941286279741698 -0.0010075389570467024 0.016143550282093955 -0.001650907815845477
leaf_weight=51 105 984 47 53 57 52 393 62 46 70 40 63 101 43 52 48 217 49 766 58 40 43 178 2354 40 46 41 84 316 62 42 42 45 46 92 43 87 41 42 121 112 1601 103 67 201 626 155 341 78 648 205 295 85 109 180 2301 427 129 130 3047 1134 1080
leaf_count=51 105 984 47 53 57 52 393 62 46 70 40 63 101 43 52 48 217 49 766 58 40 43 178 2354 40 46 41 84 316 62 42 42 45 46 92 43 87 41 42 121 112 1601 103 67 201 626 155 341 78 648 205 295 85 109 180 2301 427 129 130 3047 1134 1080
internal_value=-9.7166e-05 0.00419329 -0.00971473 -0.0221066 -0.029163 -0.00686406 0.00125 0.0120815 -0.013156 -0.022988 -0.0319941 -0.00545002 -0.014068 -0.044734 -0.0402265 -0.049576 -0.011715 -0.00497873 0.00368567 0.00917951 -0.00477196 -0.0192991 -0.0157341 -0.000557594 -0.0127689 -0.00171635 -0.0249683 -0.0102276 -0.0121271 -0.0172719 -0.0325572 -0.0558726 0.0158113 0.0058551 -0.0118758 -0.0136421 -0.0193313 -0.0276763 0.000965017 -0.00142697 -0.0134058 -0.00398645 -0.00735842 -0.00946145 -0.0069491 0.00550167 -0.00346802 0.0161508 0.0151972 -0.0084942 0.00699461 0.0113518 0.0101629 0.0109671 0.00995513 0.00236091 0.00809724 -0.00934685 0.00117592 -0.00115167 0.0157091 -0.00313556
internal_weight=20216 13980 6236 1165 619 5071 10182 3798 929 445 197 4142 546 174 140 88 878 4007 4337 2138 3958 135 248 5845 92 3319 87 791 574 258 85 89 1660 1643 493 401 171 84 2526 3214 196 3270 434 331 264 1597 2836 1615 1274 688 971 1154 859 774 665 2694 485 230 2484 3093 1196 2681
internal_count=20216 13980 6236 1165 619 5071 10182 3798 929 445 197 4142 546 174 140 88 878 4007 4337 2138 3958 135 248 5845 92 3319 87 791 574 258 85 89 1660 1643 493 401 171 84 2526 3214 196 3270 434 331 264 1597 2836 1615 1274 688 971 1154 859 774 665 2694 485 230 2484 3093 1196 2681
is_linear=0
shrinkage=0.03


Tree=23
num_leaves=63
num_cat=0
split_feature=9 27 9 14 11 14 15 21 7 15 27 10 27 26 14 7 12 11 17 22 6 14 8 15 17 19 15 10 23 7 19 7 15 22 21 29 8 12 9 15 7 9 29 19 19 11 15 29 8 15 15 29 13 10 17 8 13 13 7 14 7 7
split_gain=869.212 311.643 260.171 71.2843 62.5524 45.739 43.8553 44.697 36.0354 33.1953 28.8398 27.2385 22.9193 20.8127 20.3567 19.4098 17.9231 20.2652 17.68 14.6882 13.986 13.7376 12.2254 13.0843 13.477 11.9971 16.1707 13.0246 11.5016 11.4134 11.3658 11.0388 18.1275 11.327 10.7004 9.86993 28.3368 8.34225 8.0428 7.41092 7.38259 7.36739 6.89266 6.52107 6.31098 6.23662 5.97101 5.82461 5.44912 5.14728 6.13767 5.13702 7.90385 6.60884 5.84286 4.91789 6.0325 4.83241 6.42091 5.26585 4.23041 4.18038
threshold=2849.2450000000003 -21407.499999999996 4799.9350000000004 2156.4585714285718 299.21500000000009 3378.7764285714293 2571.7418750000002 6451.7750000000005 -0.99630266176052629 2197.0835416666673 8258.3000000000011 1819.0250000000003 -23101.349999999999 35671.250000000007 672.0100000000001 -0.88622299073327826 3105.8277083333337 1848.8000000000002 54.335000000000001 -828.43499999999983 -0.88144907265856332 8357.544285714288 -0.39233249306308043 3836.4018750000009 400.50000000000006 4129.5500000000002 1675.6098437500002 2400.0350000000003 65.028571428571425 -0.76141707087277943 4511.6550000000007 0.9550229469509578 3675.7457812500002 -2573.8099999999999 6150.6500000000005 32.48125000000001 -0.031174269516803289 2903.1053348214291 3999.9450000000002 1675.6098437500002 -0.98046803196378884 1730.5000000000002 30.343750000000004 1900.5850000000003 2595.5950000000007 2650.2850000000003 3347.5816145833337 29.193750000000005 -0.6795844399250025 2955.1737500000004 2805.7307291666671 31.156250000000004 2670.0720040114661 1819.0250000000003 49.665000000000013 -0.39233249306308043 2445.8137958378161 1830.7395468007846 -0.99467753128998015 4164.0357142857147 0.98213580174693105 0.23014236637527921
decision_type=2 2 2 2 2 2 2 2 2 2 2 2 2 2 2 2 2 2 2 2 2 2 2 2 2 2 2 2 2 2 2 2 2 2 2 2 2 2 2 2 2 2 2 2 2 2 2 2 2 2 2 2 2 2 2 2 2 2 2 2 2 2
left_child=1 4 5 8 13 45 7 16 11 15 30 -3 37 29 -8 28 19 -18 -15 -6 22 38 23 24 42 26 27 -5 -10 -1 -4 33 -33 -28 -16 36 -36 -9 57 -27 -32 46 -11 -44 55 -2 -24 48 -42 50 -38 52 53 -22 -55 56 -35 58 -7 -60 -47 -50
right_child=2 3 10 25 6 21 14 12 9 20 -12 -13 -14 18 34 -17 17 -19 -20 -21 51 -23 41 -25 -26 39 31 -29 -30 -31 40 32 -34 44 35 -37 49 -39 -40 -41 47 -43 43 -45 -46 60 -48 -49 61 -51 -52 -53 -54 54 -56 -57 -58 -59 59 -61 -62 -63
leaf_value=-0.034864015623661024 -0.00092647366808822908 -0.0082658042978834018 0.0080341599649567906 -0.0037860507815743664 -0.021331922941728785 -0.00057035261072554272 -0.030139405346602539 -0.035135010039528548 -0.0015829776698550165 -0.0049054374503479763 0.01703089553550682 -0.040011261194173635 -0.01889274448338572 -0.062711883405359783 -0.002129667066676244 -0.035792268472478572 -0.038191250385273073 -0.015522565818973816 -0.034453232601723248 -0.0013233548110852447 -0.0089634990646731624 0.017268128385422406 -0.0082032008806709189 -0.0061475437394113647 -0.033366965852020418 0.01231474221686637 -0.016146212335337293 -0.027268201986948647 -0.022641683987095811 -0.014218523176046225 0.0032463165477547846 -0.0037680268767693705 -0.022847921208693431 -0.0036734385913932475 -0.035891828636845785 -0.0066167903814127599 -0.0097458707396354937 -0.052776255826853836 0.0067834849545129871 0.00054697393993271724 0.0021929650429893112 -0.0066739319930553221 -0.028086923923516686 -0.011028918694693942 -0.0012028352029678814 0.0011452251929931362 -0.021325809267845244 0.018875367587897925 0.015019396631785736 -0.0072424096536383891 -0.02552271205789932 -0.0014808388277977849 -0.018130399902438511 -0.012673245145240798 -0.0028119776976052576 -0.0032579969085106148 -0.018583495412888222 0.0031274011398770636 0.0056821719843930234 0.01240763498156372 0.005695092489239665 0.010765203754516209
leaf_weight=69 1487 43 795 41 57 112 54 58 42 43 1034 57 45 40 102 56 62 87 50 77 343 80 67 91 50 55 54 44 52 40 70 146 64 58 53 144 53 62 1239 345 45 636 42 42 1931 3009 61 151 443 120 40 259 47 59 562 1942 42 2044 455 137 195 424
leaf_count=69 1487 43 795 41 57 112 54 58 42 43 1034 57 45 40 102 56 62 87 50 77 343 80 67 91 50 55 54 44 52 40 70 146 64 58 53 144 53 62 1239 345 45 636 42 42 1931 3009 61 151 443 120 40 259 47 59 562 1942 42 2044 455 137 195 424
internal_value=3.24011e-06 -0.00730801 0.00529783 -0.00495883 -0.0213796 0.00269773 -0.0183282 -0.025344 -0.00899775 -0.00827025 0.0129823 -0.0265777 -0.0377526 -0.0367587 -0.0127401 -0.0219089 -0.0180018 -0.0251469 -0.0475638 -0.00992943 -0.00737242 0.00502572 -0.00996749 -0.0154837 -0.0202221 -0.00277456 -0.00323459 -0.0161172 -0.0133482 -0.0274858 0.0108032 -0.0029724 -0.00966358 -0.00262116 -0.0108499 -0.0130088 -0.0164315 -0.0446105 0.00477581 0.00219172 0.0127374 -0.00801479 -0.0148267 -0.019788 -0.00243331 0.000678767 -0.0145738 0.0133588 0.0124257 -0.0114441 -0.0167309 -0.00525748 -0.00622257 -0.00562382 -0.00376775 -0.00359575 -0.0100577 0.00386846 0.00601259 0.00725687 0.00142383 0.0129537
internal_weight=20207 8487 11720 7274 1213 8758 1014 448 2552 2452 2962 100 165 199 566 150 283 149 90 134 2302 4067 1032 268 177 4722 4322 85 94 109 1928 4237 210 4027 512 410 266 120 3987 400 1133 764 127 84 3973 4691 128 1063 912 213 93 1270 1011 964 621 2042 100 2748 704 592 3204 867
internal_count=20207 8487 11720 7274 1213 8758 1014 448 2552 2452 2962 100 165 199 566 150 283 149 90 134 2302 4067 1032 268 177 4722 4322 85 94 109 1928 4237 210 4027 512 410 266 120 3987 400 1133 764 127 84 3973 4691 128 1063 912 213 93 1270 1011 964 621 2042 100 2748 704 592 3204 867
is_linear=0
shrinkage=0.03


Tree=24
num_leaves=63
num_cat=0
split_feature=9 27 14 15 1 17 14 12 1 14 16 14 8 27 9 13 1 17 24 24 1 1 14 19 19 15 8 1 17 15 1 18 13 13 5 20 12 12 14 4 8 13 16 13 8 17 13 17 15 0 1 6 18 15 12 24 9 22 30 11 14 12
split_gain=795.13 270.158 231.792 78.1031 103.147 47.9347 46.5708 37.9161 30.9812 29.3579 38.1551 28.4877 30.9251 26.9867 23.5553 19.3943 19.0357 33.8698 18.115 15.2243 14.4536 12.1122 10.6893 10.226 9.79019 17.1845 9.16318 8.2199 17.2746 8.30072 7.62046 7.48834 7.02721 6.61257 6.54011 6.42155 10.5175 17.1666 6.13598 6.13336 6.10603 5.95483 5.89073 7.03116 5.83725 5.81895 5.55077 5.38524 5.35738 7.74888 5.92812 5.34398 5.25456 5.16667 5.04987 7.75107 4.90192 6.28838 4.86175 4.44147 4.40149 4.18426
threshold=2710.0050000000006 787.85000000000048 1714.0314285714287 2122.5288020833336 5.5000000000000009 22.185000000000006 3378.7764285714293 2601.21709077381 5.5000000000000009 2143.5250000000005 3816.5150000000008 1301.592142857143 0.18281312110578132 -24833.649999999998 6310.3250000000007 1678.9824797221636 5.5000000000000009 109.65500000000002 0.69447979185523845 1.4481800236764382 1.5000000000000002 1.5000000000000002 5946.7028571428582 1800.8350000000003 4129.5500000000002 1675.6098437500002 -0.065537083312030994 5.5000000000000009 224.88000000000002 3953.9343750000003 1.0000000180025095e-35 2948.4300000000003 2187.3191394212449 2340.1691463807042 -0.72947329433276231 5582.3527083333338 3090.0605208333341 3187.2551116071436 6474.1400000000003 1.0000000180025095e-35 -0.46989712924132493 2299.6100100448516 3816.5150000000008 1804.0505770258894 0.29958852271690523 399.14500000000004 2253.6839008812026 299.58500000000009 4999.2996875000008 25.500000000000004 1.0000000180025095e-35 -0.91037613702198728 3670.9250000000006 2579.6056770833338 3313.2954166666673 1.5759582392509914 934.15500000000009 128.75499999999991 0.95625000000000082 3000.8550000000005 1111.9421428571429 2903.1053348214291
decision_type=2 2 2 2 2 2 2 2 2 2 2 2 2 2 2 2 2 2 2 2 2 2 2 2 2 2 2 2 2 2 2 2 2 2 2 2 2 2 2 2 2 2 2 2 2 2 2 2 2 2 2 2 2 2 2 2 2 2 2 2 2 2
left_child=2 6 3 5 13 15 31 -7 14 10 20 26 51 18 48 -1 39 -18 -5 -17 -4 -20 41 -9 25 59 -6 29 33 42 47 40 -23 -29 -10 36 60 -38 58 61 -2 52 -27 -44 -19 -36 -33 -24 49 -3 -51 -13 -8 -32 -39 56 -56 -58 -16 -11 -15 -12
right_child=1 8 9 4 11 7 22 23 34 24 16 12 -14 35 38 19 17 44 21 -21 -22 32 30 -25 -26 27 -28 28 -30 -31 53 46 -34 -35 45 -37 37 54 -40 -41 -42 -43 43 -45 -46 -47 -48 -49 -50 50 -52 -53 -54 -55 55 -57 57 -59 -60 -61 -62 -63
leaf_value=-0.0031535365216389414 -0.0068128516794953107 0.001818383892608776 -0.014905578119351582 -0.032624925872597556 -0.03099461396515835 -0.020290022385420232 0.0030408586316071455 -0.066978538101134091 0.0018322242291534925 -0.024285138111516107 -0.0010344830857973327 -0.039200102823972703 -0.0035567550829357724 -0.010490535777281198 0.0096013085482468917 -0.040302191920844575 -0.039397689905017609 -0.017440191524870252 -0.0074569597042423962 -0.014070765725336968 -0.038842735029757026 -0.015633920509839968 0.006498222782808755 -0.043272869810462002 0.0020302604387293795 -0.0074854135834616043 -0.048657544098567922 -0.0082149774792365897 -0.0036605687511527644 0.00097359114677005878 -0.0040467850901186458 0.0022080968559972272 -0.029182623527530167 -0.02381874631562823 0.0019684778911654246 8.2986841977496318e-05 -0.026441146967486596 -0.0051898564086522818 0.016885071757196557 -0.013626284871215023 -0.00048177085691725196 0.0018831743244976319 -0.000191190706327086 -0.0038577918601615403 -0.0050846885386350996 0.012069741611319061 -0.00079537946068663394 0.016200931672934151 0.015418788588801609 0.019496981907369832 0.0092180988729482632 -0.023605040145794981 0.0058131493438312708 0.0070195708158352363 -0.001226833317460577 -0.024716684292524868 -0.020487078278889192 -0.0071880955687867332 0.015729323421288278 -0.0098162625829984491 -0.005025011971728493 -0.0057406278532421539
leaf_weight=46 144 121 50 64 55 40 1030 45 244 40 203 49 54 195 233 41 41 50 118 41 44 113 83 41 301 283 73 42 309 457 44 2043 53 63 76 71 70 122 1201 78 2522 914 633 1836 110 160 759 144 131 55 633 45 1543 252 43 40 56 77 249 40 424 1062
leaf_count=46 144 121 50 64 55 40 1030 45 244 40 203 49 54 195 233 41 41 50 118 41 44 113 83 41 301 283 73 42 309 457 44 2043 53 63 76 71 70 122 1201 78 2522 914 633 1836 110 160 759 144 131 55 633 45 1543 252 43 40 56 77 249 40 424 1062
internal_value=-2.74342e-06 0.00462882 -0.0076513 -0.0164914 -0.0141853 -0.0320088 0.00211289 -0.045121 0.0123105 -0.00455287 -0.00793561 -0.0309668 -0.0217548 -0.010963 0.013593 -0.0188518 -0.00679505 -0.0153889 -0.0182411 -0.027514 -0.0264011 -0.0148965 0.00456808 -0.0563043 -0.00316738 -0.00359031 -0.0413671 -0.00328376 -0.00725884 -0.00276883 0.00856647 0.000311847 -0.0201086 -0.0177136 0.00528835 -0.00864174 -0.00924441 -0.0129865 0.0157214 -0.00549836 -0.000826161 0.00396609 -0.00339042 -0.00291821 -0.00903013 0.00883882 0.00139453 0.0126973 0.00976964 0.00883697 0.0100669 -0.0320614 0.00470498 0.00536649 -0.0101302 -0.0128839 -0.0100701 -0.0128988 0.012793 -0.0172612 -0.00676093 -0.00498683
internal_weight=20199 12581 7618 1976 1722 254 9478 126 3103 5642 1638 276 148 1446 2623 128 1544 201 348 82 94 284 4010 86 4004 3703 128 3623 414 3209 523 5468 166 105 480 1098 1027 408 1683 1343 2666 3487 2752 2469 160 236 2802 227 940 809 688 94 2573 296 338 216 176 133 482 80 619 1265
internal_count=20199 12581 7618 1976 1722 254 9478 126 3103 5642 1638 276 148 1446 2623 128 1544 201 348 82 94 284 4010 86 4004 3703 128 3623 414 3209 523 5468 166 105 480 1098 1027 408 1683 1343 2666 3487 2752 2469 160 236 2802 227 940 809 688 94 2573 296 338 216 176 133 482 80 619 1265
is_linear=0
shrinkage=0.03


Tree=25
num_leaves=63
num_cat=0
split_feature=9 9 14 16 1 26 26 1 17 14 0 16 1 19 7 26 19 9 19 13 24 21 16 15 14 19 16 13 7 14 21 8 7 19 13 0 4 20 5 30 12 12 12 16 19 19 16 17 29 5 13 18 1 6 8 7 18 0 4 12 1 25
split_gain=763.179 254.042 217.844 85.4076 78.8161 60.2318 33.2021 42.6815 71.3675 32.7875 30.6303 28.981 28.8015 28.7112 29.5444 20.2516 17.5165 17.4869 16.7879 13.9528 13.4621 13.0875 15.8257 13.0693 12.5484 9.28867 12.5425 19.002 9.1881 8.9695 8.10234 7.73047 9.35627 7.00909 7.96196 6.84873 6.56347 6.56136 6.35006 5.85978 9.18252 11.211 9.5703 5.80089 5.5169 12.5087 5.26939 5.26921 5.0665 5.46148 5.06019 4.66498 4.60331 9.82362 6.09171 4.43243 4.40235 3.99934 3.99412 6.36835 3.95911 3.87453
threshold=2710.0050000000006 5129.8350000000009 1714.0314285714287 4035.2800000000002 5.5000000000000009 9853.6500000000033 21136.350000000002 5.5000000000000009 99.845000000000013 1000.8657142857143 47.500000000000007 3816.5150000000008 5.5000000000000009 1449.3150000000003 -0.95995996396290595 26539.100000000002 4999.505000000001 1335.7600000000002 2023.2800000000002 1678.9824797221636 1.0665968323928459 5757.4650000000011 9999.3350000000009 2022.0308333333335 5339.6400000000003 4200.0950000000012 4598.6950000000006 2374.0618396116483 0.89546819317495652 3163.2371428571432 6850.3900000000003 -0.46989712924132493 -0.68430824382591193 2195.2750000000001 2631.6666938651351 51.500000000000007 1.0000000180025095e-35 4399.5113541666678 -0.72947329433276231 8.4562500000000025 3097.2922247023816 3187.2551116071436 3520.1455877976191 3399.8100000000004 2567.9600000000005 2039.615 6351.7350000000015 1254.7450000000001 23.918750000000006 0.95642797789208711 1678.9824797221636 4364.2700000000013 5.5000000000000009 1.0000000180025095e-35 0.78724360164103002 -0.84772008488809492 4959.9250000000002 21.500000000000004 1.0000000180025095e-35 3465.8345238095244 1.0000000180025095e-35 7271.5500000000011
decision_type=2 2 2 2 2 2 2 2 2 2 2 2 2 2 2 2 2 2 2 2 2 2 2 2 2 2 2 2 2 2 2 2 2 2 2 2 2 2 2 2 2 2 2 2 2 2 2 2 2 2 2 2 2 2 2 2 2 2 2 2 2 2
left_child=2 5 3 10 9 16 25 11 -9 17 50 18 24 14 -6 -16 28 21 -8 -12 -17 -5 -23 -11 -3 26 27 -4 47 52 51 32 44 34 -28 -24 -26 -10 -14 40 -25 -42 -43 -27 45 -13 -32 57 49 -30 -1 -18 -7 54 -54 -35 -48 -2 -33 -60 -21 -50
right_child=1 12 6 4 13 29 7 8 37 23 19 31 38 -15 15 20 30 -19 -20 60 -22 22 35 39 36 43 33 -29 48 -31 46 58 -34 55 -36 -37 -38 -39 -40 -41 41 42 -44 -45 -46 -47 56 -49 61 -51 -52 -53 53 -55 -56 -57 -58 -59 59 -61 -62 -63
leaf_value=-0.011186437688460997 -0.0025107774705289622 0.010158773467059883 -0.0045805822624998514 -0.0084825905391946437 -0.055418399880555538 0.00014979422437770248 -0.028809590152620027 -0.053069233827130947 -0.0073453564139429571 -0.023269826960955361 -0.030172518144407481 -0.0090252859426378194 0.0020483442604762665 -0.0075315399792976667 -0.016254888912330248 -0.047933548807539042 0.0088305733094643218 -0.0080371197177101731 -0.0094897277410065303 -0.058447508337657626 -0.024856710080057381 -0.042212088375738609 -0.015747072409759175 -0.0063975263964516759 0.016173287525065316 0.012838144452876543 -0.004349459928159276 -0.019508630446798632 0.0027698316128160596 0.0020604434173832138 0.001247689817650757 -0.0036090801975151403 -0.002154646717904446 0.0013727695700954498 -0.01815232359554346 -0.027934615062987979 0.0072341287267152906 -0.01984925347871401 0.0097902613119887454 -0.0037147297608029223 -0.023739824998192487 -0.0052605472949166961 -0.017868833778707613 0.00076725754607184901 -0.0054914789609611034 -0.030471123013306747 0.0047410801842229606 0.0042878488334948872 0.013970598199150778 0.0125490751749021 -0.02629145030730537 0.016107660448907997 -0.0093537800331926629 0.00097241060699447361 -0.0004201291582560691 -0.0021838758018271616 0.01000507406611365 0.0024487744662519398 -0.0020082011543369541 -0.018110438548028469 -0.041229087471530389 0.0071230703918007451
leaf_weight=43 190 474 388 49 43 3142 71 45 128 50 60 58 211 49 83 49 162 102 96 40 50 43 93 493 1568 41 478 95 266 2273 126 1439 89 380 40 84 80 54 174 257 68 150 85 245 44 43 235 1505 131 63 41 165 210 330 102 1836 377 626 44 44 40 181
leaf_count=43 190 474 388 49 43 3142 71 45 128 50 60 58 211 49 83 49 162 102 96 40 50 43 93 493 1568 41 478 95 266 2273 126 1439 89 380 40 84 80 54 174 257 68 150 85 245 44 43 235 1505 131 63 41 165 210 330 102 1836 377 626 44 44 40 181
internal_value=5.05865e-05 0.00458744 -0.00743574 -0.0160198 -0.0137698 0.0024621 -0.0044416 -0.00737102 -0.0196511 -0.0110092 -0.0334387 -0.00591574 0.0131319 -0.0285264 -0.0330451 -0.0274851 0.00530513 -0.0187203 -0.0178262 -0.0420373 -0.0366437 -0.0227264 -0.0258461 -0.00840095 0.0145018 -0.00263788 -0.00309853 -0.00755098 0.00411628 0.000571343 0.00860462 -0.00477677 -0.0098479 -0.00230947 -0.00544824 -0.0216554 0.015744 -0.0111435 0.00556359 -0.00767352 -0.00894541 -0.0130563 -0.00987738 0.0025364 -0.0145229 -0.0183649 0.0068461 0.00323571 0.00729471 0.00467481 -0.0187817 0.0125404 -0.000323448 -0.00263616 -0.00644384 -0.00157364 0.0079948 0.00129232 -0.00399373 -0.0101723 -0.0504536 0.0100336
internal_weight=20221 12591 7630 1972 1748 10084 5658 2155 227 1474 224 1928 2507 274 225 182 4027 371 167 140 99 269 220 1103 2122 3503 3217 483 2962 6057 1065 1761 234 2734 518 177 1648 182 385 1053 796 303 235 286 145 101 738 2321 641 329 84 327 3784 642 312 2216 612 816 1527 88 80 312
internal_count=20221 12591 7630 1972 1748 10084 5658 2155 227 1474 224 1928 2507 274 225 182 4027 371 167 140 99 269 220 1103 2122 3503 3217 483 2962 6057 1065 1761 234 2734 518 177 1648 182 385 1053 796 303 235 286 145 101 738 2321 641 329 84 327 3784 642 312 2216 612 816 1527 88 80 312
is_linear=0
shrinkage=0.03


Tree=26
num_leaves=63
num_cat=0
split_feature=9 9 26 1 19 1 15 15 17 24 17 15 26 30 1 9 30 12 10 8 30 19 9 12 12 20 19 7 12 1 28 25 9 1 7 21 16 20 1 0 7 7 26 30 21 16 13 25 18 5 10 13 6 8 9 5 13 8 8 15 1 15
split_gain=715.951 246.783 192.885 101.152 57.3161 45.9183 48.1861 44.6329 53.8931 36.0005 35.7494 46.8788 34.0376 32.204 29.9107 27.4671 24.2863 22.1479 16.0467 13.221 15.7602 14.8928 12.8277 12.8068 11.7252 11.1778 10.1332 9.5834 20.3489 9.54197 8.86529 8.17405 8.13575 7.87495 7.36362 7.33034 7.3714 7.88931 7.09129 11.1051 6.69069 6.63258 6.83922 6.17669 6.73535 7.98417 6.85834 5.78415 5.70687 5.66875 5.60413 5.46359 5.33509 5.23453 5.09384 4.97295 4.99151 4.58322 4.0443 3.95417 3.93934 3.89116
threshold=2710.0050000000006 4500.2050000000008 30465.400000000005 5.5000000000000009 2012.1900000000003 5.5000000000000009 2197.0835416666673 2197.0835416666673 22.185000000000006 0.55037518267569985 899.73000000000013 3272.2467187500001 10673.400000000003 3.4000000000000008 5.5000000000000009 6310.3250000000007 2.7562500000000001 3307.9316964285722 1900.2650000000001 -0.46989712924132493 1.9500000000000013 3195.9900000000002 1453.7150000000004 2696.6477604166671 3014.966510416667 3596.0298958333337 5000.2850000000008 -0.68430824382591193 3379.830637724293 1.0000000180025095e-35 4682.1950000000006 31808.950000000001 1962.7300000000002 1.0000000180025095e-35 -0.99763297024448894 6850.3900000000003 6351.7350000000015 5009.9263020833341 5.5000000000000009 25.500000000000004 0.99552231814189451 -0.28415946097701883 7138.4500000000016 8.8812499999999996 6150.6500000000005 8920.5350000000017 1945.5396572327209 7290.5500000000011 2160.8600000000006 -0.81241147629689037 2303.4750000000004 1804.0505770258894 -0.41248606129204529 0.78724360164103002 3093.9500000000003 -0.72947329433276231 2040.9428907990157 -0.17646730165275518 -0.15101602693478741 5258.7205208333344 3.5000000000000004 3272.2467187500001
decision_type=2 2 2 2 2 2 2 2 2 2 2 2 2 2 2 2 2 2 2 2 2 2 2 2 2 2 2 2 2 2 2 2 2 2 2 2 2 2 2 2 2 2 2 2 2 2 2 2 2 2 2 2 2 2 2 2 2 2 2 2 2 2
left_child=2 12 4 7 5 6 16 8 23 -9 11 30 26 -10 15 35 -1 24 -13 20 21 -6 29 -4 -5 -22 41 28 52 -11 -7 55 48 49 -8 -3 -37 -38 54 -40 -17 -2 -43 44 -31 -46 -47 -23 51 -28 -36 -21 -27 61 -14 -16 -57 -12 -34 -44 -53 -41
right_child=1 14 3 17 19 10 34 9 13 22 57 18 38 -15 31 40 -18 -19 -20 32 25 47 -24 -25 -26 27 33 -29 -30 43 -32 -33 58 -35 50 36 37 -39 39 53 -42 42 59 -45 45 46 -48 -49 -50 -51 -52 60 -54 -55 -56 56 -58 -59 -60 -61 -62 -63
leaf_value=-0.012501305015352756 0.0016850808421202889 0.016189746104405614 -0.026485257493548613 -0.043747693213562547 -0.031102609525889505 -0.0048223388986662029 -0.014847396529103453 -0.037711204100886117 -0.025536088668901859 -0.0071926138793376431 -0.016882531329989431 -0.030304395839528635 -0.00031383363929122669 -0.058681882321834564 0.00045343081107270466 0.015303082230574269 -0.039206051592682971 -0.060604920667964357 -0.058255001818988378 -0.0031864990629381627 0.0018945503391717608 -0.017031096420406053 -0.0062024485839190114 -0.006285414205265751 -0.022118156778888075 -0.010803330403982431 0.015700028117973611 -0.0013406356279075885 -0.027868815615462759 -0.011281456828140949 -0.021291302046852138 0.01644705526297912 0.001910987268851431 0.0050038467782921132 -0.006116641622534189 0.00012977248427403616 0.0080239721041811748 0.016654319987929839 0.0019165790585248033 -0.0022539866582271368 0.0051544017121306664 0.009010313356162182 0.0039042878894700985 -0.007336131038068237 -0.033617387887931068 -0.023109167033554659 -0.0081646447518671089 -0.0017761923190530227 -0.0033193666003556665 0.0061719573502546374 -0.0016813190225361888 -0.0090988128827302721 0.001677782796144199 -0.001557408944467574 0.0017208999928769832 0.011923011758543075 0.0029556283452845315 -0.0067377442882025204 -0.0021442195150033904 -0.0054667098588210396 -0.019477197661219785 -0.0099367735174522593
leaf_weight=68 1495 115 42 51 42 47 73 45 57 137 54 42 2252 53 245 1609 57 42 40 110 151 44 367 85 47 76 130 115 53 78 81 47 241 579 1151 93 897 107 335 84 62 251 1287 53 42 85 43 45 536 102 331 141 51 215 2177 93 140 159 2619 41 44 207
leaf_count=68 1495 115 42 51 42 47 73 45 57 137 54 42 2252 53 245 1609 57 42 40 110 151 44 367 85 47 76 130 115 53 78 81 47 241 579 1151 93 897 107 335 84 62 251 1287 53 42 85 43 45 536 102 331 141 51 215 2177 93 140 159 2619 41 44 207
internal_value=-5.29812e-05 0.00434344 -0.00732192 -0.0182095 -0.00522253 -0.00927533 -0.00704332 -0.0150907 -0.0265938 -0.0118559 -0.0181026 -0.0268668 0.00177757 -0.0418911 0.0112337 0.0124331 -0.0248932 -0.0421458 -0.0444764 -0.00322387 -0.00744392 -0.0165569 -0.0103656 -0.0131204 -0.0337025 -0.00473617 0.00390768 -0.00812514 -0.0124283 -0.0138318 -0.0153284 0.00463595 -0.00256232 0.00688996 -0.00559337 0.00898137 0.00821165 0.0089594 0.000206827 -0.00231694 0.0149298 0.00311889 0.00447451 -0.0168198 -0.0188089 -0.0221765 -0.018191 -0.00942338 -0.00517393 0.0115554 -0.00512783 -0.00852097 -0.00581728 -0.00511802 0.000686468 0.00344269 0.00657054 -0.00937653 -0.00180196 0.00361108 -0.0116586 -0.00773438
internal_weight=20161 12563 7598 1227 6371 2103 1680 1087 237 850 423 210 9155 110 3408 2883 125 140 82 4268 577 131 805 127 98 446 3885 295 180 438 128 525 3691 811 1555 1212 1097 1004 5270 841 1671 3074 1579 301 248 170 128 89 831 232 1482 295 127 506 4429 478 233 213 2860 1328 185 291
internal_count=20161 12563 7598 1227 6371 2103 1680 1087 237 850 423 210 9155 110 3408 2883 125 140 82 4268 577 131 805 127 98 446 3885 295 180 438 128 525 3691 811 1555 1212 1097 1004 5270 841 1671 3074 1579 301 248 170 128 89 831 232 1482 295 127 506 4429 478 233 213 2860 1328 185 291
is_linear=0
shrinkage=0.03


Tree=27
num_leaves=63
num_cat=0
split_feature=14 27 27 16 1 7 27 8 1 17 6 30 20 27 29 0 7 14 14 26 1 17 1 14 28 12 14 18 5 12 7 8 7 25 13 15 13 13 6 15 15 26 1 5 1 16 18 28 29 7 5 7 0 0 8 8 24 0 12 13 14 13
split_gain=694.903 259.539 173.034 74.7567 54.8065 71.4462 52.1247 44.0835 47.299 34.1539 27.9563 27.1278 37.5956 26.7616 20.5295 18.4984 28.9813 18.1576 15.591 15.296 14.9205 12.4533 11.1637 14.2789 10.6705 10.4098 10.1768 10.267 9.42008 7.99411 7.55464 7.20042 8.24292 11.5245 7.20344 7.10156 8.48421 6.96774 6.90817 7.93161 10.0015 6.84875 6.77557 6.55639 6.55111 6.45322 6.35302 5.93774 7.68926 7.92255 6.33978 5.8021 8.03225 5.25544 6.2595 5.24349 5.07415 4.9124 4.73965 4.53408 5.13318 4.41887
threshold=2434.9178571428574 697.6500000000002 -24253.449999999997 3816.5150000000008 5.5000000000000009 -0.98664820696349753 -4074.8999999999996 -0.45464412999974241 5.5000000000000009 224.88000000000002 -0.77259657388510605 6.700000000000002 3489.9323437500002 7311.2000000000007 26.731250000000006 50.500000000000007 -0.8041866928211282 1513.3957142857146 1660.9350000000002 36429.200000000004 5.5000000000000009 99.095000000000013 5.5000000000000009 6600.0892857142862 3834.711666666667 3042.9678125000005 2923.8442857142868 4800.3300000000008 -0.70710678118654735 2501.8138764880955 -0.77245553105869302 -0.46989712924132493 -0.68430824382591193 8197.3500000000022 2323.9508112716153 2197.0835416666673 2374.0618396116483 2647.2356982705373 -0.91037613702198728 3291.6371354166672 3107.1363541666669 7138.4500000000016 5.5000000000000009 -0.81241147629689037 3.5000000000000004 9873.0000000000018 4116.8850000000011 5999.9966666666669 24.406250000000004 0.34537287020513602 0.88144907265856365 0.94978112945126536 61.500000000000007 43.500000000000007 0.14037931941357643 -0.39233249306308043 0.85924789396258083 28.500000000000004 2986.9696130952384 2634.8829879030704 3669.9392857142861 2366.6594058874193
decision_type=2 2 2 2 2 2 2 2 2 2 2 2 2 2 2 2 2 2 2 2 2 2 2 2 2 2 2 2 2 2 2 2 2 2 2 2 2 2 2 2 2 2 2 2 2 2 2 2 2 2 2 2 2 2 2 2 2 2 2 2 2 2
left_child=2 6 7 14 18 -6 26 -1 11 10 -7 12 15 20 24 53 -17 -11 38 -10 46 -16 23 29 -4 -18 35 -28 -20 55 -31 32 33 -30 -35 36 -2 -34 39 40 44 -32 -15 -24 -5 58 -3 48 49 -48 -51 -37 -53 -9 -55 -8 -13 -19 -33 60 -43 -49
right_child=1 13 3 4 5 9 22 8 19 17 -12 56 -14 42 21 16 25 57 28 -21 -22 -23 43 -25 -26 -27 27 -29 31 30 41 45 37 34 -36 51 -38 -39 -40 -41 -42 59 -44 -45 -46 -47 47 61 -50 50 -52 52 -54 54 -56 -57 -58 -59 -60 -61 -62 -63
leaf_value=-0.052519007649804862 -0.0039730924548609043 0.0048365668122207876 -0.0041306320056319233 -0.015700654919149681 -0.050352248728275296 -0.036557167866992972 0.003414248320988791 -0.003382744107369052 -0.027580467513451973 -0.0198282083781922 -0.010793017083599876 -0.0176528944959864 -0.045703157590974541 0.015729227135699599 -0.045445435439050191 -0.042124413468371154 -0.0088475962489528558 -0.00040728782558555363 0.001568058933908405 -0.053776057422161107 0.0032830926463395132 -0.022108181878990892 -0.0043646912992873696 0.010863988629344918 -0.022717755965064635 -0.027674448462414809 0.00094547815004773197 -0.013981112679799219 -0.0036566759251917781 0.0011046608278690471 0.0083368076651553595 -0.0026227338665328849 0.00014358717941429986 -0.011309832118420026 -0.027035379532832079 -0.00091046773785193903 -0.01898909334996261 -0.013158354768719599 -0.0054203602780603629 -0.0070690502860120477 -0.024938383522826516 0.002894538690149225 0.0085112255127102188 0.0021205827195452174 -0.0039073131346143777 -0.0027299677243308655 0.012446375633509636 -0.00079842703722750959 0.014155972112492459 0.0030693941978335547 0.010324593975062779 -0.014339731890042976 0.00013521421984162018 -0.022446837654167953 -0.0087487000285182137 0.016994408915531549 -0.0058160185868529456 -0.0072492963494510008 -0.0077674957805136764 -0.00019224665786877465 0.0058963475750652165 0.0096189947671643117
leaf_weight=41 200 185 44 101 44 76 42 52 44 91 77 41 52 949 49 60 70 136 272 44 344 41 199 283 77 43 3321 41 77 823 345 242 128 58 51 2924 40 48 475 290 61 1144 138 469 74 1801 434 66 546 219 216 69 68 54 71 67 155 309 490 230 934 81
leaf_count=41 200 185 44 101 44 76 42 52 44 91 77 41 52 949 49 60 70 136 272 44 344 41 199 283 77 43 3321 41 77 823 345 242 128 58 51 2924 40 48 475 290 61 1144 138 469 74 1801 434 66 546 219 216 69 68 54 71 67 155 309 490 230 934 81
internal_value=-0.00011059 0.00343405 -0.00883742 -0.00688705 -0.00613114 -0.0136919 0.00128645 -0.0225234 -0.0206568 -0.0112812 -0.0237452 -0.0175796 -0.0220384 0.0109992 -0.0243334 -0.0184023 -0.0253761 -0.0076858 -0.0047985 -0.0411353 0.00900608 -0.0351738 0.00376664 0.00438498 -0.0160481 -0.0161917 -0.000402317 0.000759343 -0.00376486 0.00387064 0.0036174 -0.00426628 -0.00822198 -0.0126114 -0.0188465 -0.00158532 -0.00654417 -0.00353806 -0.00806176 -0.0104322 -0.0145177 0.00439618 0.0148215 0.000184956 -0.0107643 -0.00369793 0.0101305 0.010754 0.0113511 0.00957457 0.00668739 -0.0011945 -0.00720617 -0.0114818 -0.0147975 0.0118403 -0.00836914 -0.00516386 -0.00607253 0.00380378 0.00424595 0.00496799
internal_weight=20216 14377 5839 5112 4901 733 11199 727 686 689 153 598 402 3178 211 350 173 536 4168 88 2091 90 4536 3868 121 113 6663 3362 3167 3585 3476 2895 362 186 109 3301 240 176 1001 526 236 2653 1087 668 175 2533 1747 1562 1415 869 435 3061 137 177 125 109 196 445 732 2308 2078 147
internal_count=20216 14377 5839 5112 4901 733 11199 727 686 689 153 598 402 3178 211 350 173 536 4168 88 2091 90 4536 3868 121 113 6663 3362 3167 3585 3476 2895 362 186 109 3301 240 176 1001 526 236 2653 1087 668 175 2533 1747 1562 1415 869 435 3061 137 177 125 109 196 445 732 2308 2078 147
is_linear=0
shrinkage=0.03


Tree=28
num_leaves=63
num_cat=0
split_feature=14 26 14 15 14 16 17 29 3 26 19 24 26 7 29 17 28 13 13 6 2 16 14 21 3 3 0 22 19 14 13 8 29 14 23 12 8 15 12 15 14 24 12 7 18 7 15 18 8 8 20 21 12 28 18 3 28 17 12 7 29 11
split_gain=637.622 230.569 159.947 61.2478 49.0461 34.9452 33.9396 32.9175 32.3657 24.8806 31.984 22.0063 21.1595 18.4256 17.4316 24.5589 14.0512 13.845 35.8716 18.7893 13.3802 12.8887 11.7725 10.9934 10.8069 10.5292 15.8064 16.7541 9.91465 9.57157 9.47727 8.76596 8.46974 10.762 8.11532 7.7748 7.60642 7.56305 12.7221 7.52105 7.35735 7.16903 7.13637 7.13228 7.00666 6.81646 6.70496 6.87353 6.6862 6.62556 6.5386 6.32917 6.32264 6.18538 5.85019 5.57694 5.69805 5.34276 4.87589 4.53848 4.90205 4.39222
threshold=2491.1814285714295 6912.8000000000011 1486.1142857142861 2197.0835416666673 3343.9385714285722 4031.0200000000004 22.185000000000006 26.356250000000006 1.0000000180025095e-35 36429.200000000004 1543.5300000000002 0.5858346065557013 4661.9500000000007 -0.99630266176052629 24.106250000000006 97.13000000000001 5357.6250000000009 2323.9508112716153 2347.3107883455627 -0.77259657388510605 9.5000000000000018 4429.5550000000012 5946.7028571428582 4962.5200000000013 1.0000000180025095e-35 1.0000000180025095e-35 41.500000000000007 -299.72500000000008 1384.7550000000003 8483.1792857142882 2347.3107883455627 0.48877522411129348 28.106250000000006 2042.6907142857144 -24.495714285714303 3544.720811011905 0.19126587156512342 3324.1733333333336 3090.0605208333341 1731.1739583333335 1254.9950000000001 1.281266939889941 2501.8138764880955 -0.20074750544272557 2304.2700000000004 -0.9905448150984083 2571.7418750000002 4880.5800000000008 -0.065537083312030994 -0.099822328936730861 6538.5306250000003 9999.6750000000011 4613.9381324404767 5965.7766666666676 4748.7200000000003 1.0000000180025095e-35 5278.2016666666677 1646.4650000000001 2933.4315997023814 0.99818282439137029 25.931250000000002 4300.8500000000013
decision_type=2 2 2 2 2 2 2 2 2 2 2 2 2 2 2 2 2 2 2 2 2 2 2 2 2 2 2 2 2 2 2 2 2 2 2 2 2 2 2 2 2 2 2 2 2 2 2 2 2 2 2 2 2 2 2 2 2 2 2 2 2 2
left_child=2 12 3 6 21 14 28 -8 11 10 16 -5 55 20 36 39 34 44 19 -19 41 30 42 -17 29 32 -27 -28 -1 45 -3 49 33 -20 -10 -32 -4 38 51 -16 -40 -7 -6 -26 -15 -14 47 -44 -45 53 58 -13 54 -24 -47 -2 61 -50 -23 -48 -61 -57
right_child=1 4 5 8 22 13 7 -9 9 -11 -12 37 24 17 15 23 -18 18 25 -21 -22 50 31 -25 43 26 27 -29 -30 -31 35 -33 -34 -35 -36 -37 -38 -39 40 -41 -42 -43 46 48 -46 52 59 -49 57 -51 -52 -53 -54 -55 -56 56 -58 -59 -60 60 -62 -63
leaf_value=-0.028553202602708216 0.015619736301628436 -0.0025685407244025594 -0.01715931413828262 -0.028248263862915336 0.014106841449151343 -0.018763244319991094 -0.020429268234240062 -0.053757326754305182 -0.029549937871098518 -0.037877436422688121 -0.0046919680061230885 -0.0022660150136750612 -0.0014585151400088388 -0.0044814356232256236 -0.00042538991615211395 -0.019331807362614199 -0.036885436880783953 -0.039387637297312421 -0.018874414752195163 -0.01076103415061924 -0.028008875583621615 0.0021110773778672634 0.012622562265023589 -0.040963298491098817 0.0020769026375100524 -0.0025158063338909177 -0.033512263520870632 -0.011161776099172306 -0.009875377322033304 0.016216642476872285 -0.018892909748623007 0.011647383599100477 -0.0017976202445497756 -0.0049129106591293669 -0.014491369004826992 -0.0032550569118510158 -0.001502575328820111 -0.0056314216314626506 -0.029287418201565742 -0.018389338955748825 -0.013017358676358859 -0.0027395672643376486 0.0012330292337684936 0.016644810096671181 -0.0015402306872440671 0.0066734955387509612 0.0032441671804207218 -0.0088629554017730372 0.0022433849940486986 0.0010428783793779276 -0.010841646276239771 -0.011778714751971195 0.0003578070034349307 0.0010761525491761858 0.011743696177982627 0.0073897805597207093 0.002561632949814555 0.0096177746032157715 -0.00014724543247420362 0.0047531281448056888 0.014747868459380697 0.015660702527478382
leaf_weight=48 723 556 41 58 52 40 43 78 49 67 112 96 50 2074 42 40 60 44 65 40 48 1059 124 53 274 121 40 122 57 219 64 270 528 206 104 52 84 314 49 41 56 66 503 71 1126 286 3003 68 151 215 47 185 60 63 768 93 62 215 4570 148 63 166
leaf_count=48 723 556 41 58 52 40 43 78 49 67 112 96 50 2074 42 40 60 44 65 40 48 1059 124 53 274 121 40 122 57 219 64 270 528 206 104 52 84 314 49 41 56 66 503 71 1126 286 3003 68 151 215 47 185 60 63 768 93 62 215 4570 148 63 166
internal_value=-5.88845e-05 0.00348856 -0.00806954 -0.0170879 0.00141799 -0.00549251 -0.031355 -0.042178 -0.0142593 -0.0212594 -0.0177279 -0.010616 0.0106497 -0.00483105 -0.0153764 -0.0214422 -0.0245285 -0.00446895 -0.00726744 -0.0260429 -0.0150018 -0.000281454 0.00381009 -0.0319641 0.00890182 -0.00578712 -0.0107529 -0.0168522 -0.0186026 0.0104489 -0.00420689 0.00747161 -0.00401703 -0.00831869 -0.0194746 -0.0119706 -0.00673341 -0.00911684 -0.0119302 -0.00941243 -0.0208147 -0.00890508 0.00316705 0.00588203 -0.0034473 0.00935076 0.00301306 1.73126e-05 0.00825767 0.00464505 0.00018395 -0.00854838 0.00983679 0.00875901 0.0103755 0.0141436 0.0107806 0.00658974 0.000277919 0.00354512 0.00779283 0.0127307
internal_weight=20192 13995 6197 1376 10857 4821 226 121 1150 392 325 758 3138 4520 301 176 213 4366 1166 84 154 6348 4509 93 2094 1082 283 162 105 1383 672 672 799 271 153 116 125 700 386 83 105 106 3837 711 3200 1164 3785 571 437 402 5676 281 1114 187 1054 1044 321 366 5629 3214 211 259
internal_count=20192 13995 6197 1376 10857 4821 226 121 1150 392 325 758 3138 4520 301 176 213 4366 1166 84 154 6348 4509 93 2094 1082 283 162 105 1383 672 672 799 271 153 116 125 700 386 83 105 106 3837 711 3200 1164 3785 571 437 402 5676 281 1114 187 1054 1044 321 366 5629 3214 211 259
is_linear=0
shrinkage=0.03


Tree=29
num_leaves=63
num_cat=0
split_feature=14 9 26 1 8 16 1 8 9 6 8 9 1 29 21 16 18 1 12 23 11 13 17 1 14 14 15 4 15 28 16 16 18 14 14 14 0 16 16 8 15 17 18 14 9 17 7 29 14 12 8 28 28 30 1 11 0 29 28 14 16 13
split_gain=603.953 233.404 172.237 58.052 60.6291 43.6373 35.4306 35.4791 35.3014 34.5217 39.6418 34.0652 28.9605 20.7989 31.1982 27.5239 17.7024 15.6592 13.558 12.5345 11.5852 11.2646 10.0016 9.36757 8.2521 7.86961 7.63778 11.5066 8.85159 11.0305 7.62926 11.1929 7.28786 7.03688 6.9925 6.82485 6.5142 7.03948 6.02675 6.69287 5.96206 5.76026 5.71235 5.48961 5.29998 5.10605 5.07793 7.55019 4.99285 5.34051 6.47717 4.69073 4.31443 5.51075 4.29915 6.2114 4.18373 4.02623 5.15405 4.00386 3.87318 3.97551
threshold=2446.3607142857149 4082.7700000000004 32652.750000000004 5.5000000000000009 -0.45464412999974241 3816.5150000000008 5.5000000000000009 0.29958852271690523 6000.6650000000009 -0.77259657388510605 -0.065537083312030994 3263.7300000000005 1.5000000000000002 30.668750000000006 6150.6500000000005 6000.6050000000005 1983.6250000000002 5.5000000000000009 3223.7226562500005 -414.42285714285703 948.0150000000001 1694.6790013011807 49.790000000000013 5.5000000000000009 3014.0042857142862 1546.8650000000002 3291.6371354166672 1.0000000180025095e-35 3126.7241145833336 4953.3816666666671 4429.5550000000012 4217.0950000000012 9999.9950000000008 672.0100000000001 3442.945714285715 6474.1400000000003 45.500000000000007 4103.4550000000008 4180.8950000000013 -0.46989712924132493 3485.2016666666668 400.50000000000006 1001.5900000000001 1873.0292857142861 1403.6050000000002 22.185000000000006 0.94978112945126536 29.118750000000002 4164.0357142857147 4405.6745089285723 0.96849880583763492 4721.130000000001 5965.7766666666676 4.0937500000000009 1.5000000000000002 4429.0150000000012 61.500000000000007 25.006250000000005 5333.2050000000008 5167.4764285714291 3615.7600000000007 1851.4908077302996
decision_type=2 2 2 2 2 2 2 2 2 2 2 2 2 2 2 2 2 2 2 2 2 2 2 2 2 2 2 2 2 2 2 2 2 2 2 2 2 2 2 2 2 2 2 2 2 2 2 2 2 2 2 2 2 2 2 2 2 2 2 2 2 2
left_child=2 11 5 4 22 12 16 9 23 10 43 24 21 14 36 -16 19 35 -5 44 -17 -1 -4 45 30 -9 28 -28 38 -30 31 -2 59 -15 -13 57 -6 -38 -21 -40 -19 51 -22 -8 -7 -3 -32 -48 -47 50 52 -11 53 -50 55 -36 -18 -10 -59 60 -26 -62
right_child=1 8 3 18 13 6 7 25 17 41 -12 34 -14 33 15 20 56 40 -20 26 42 -23 -24 -25 32 -27 27 -29 29 -31 46 -33 -34 -35 54 -37 37 -39 39 -41 -42 -43 -44 -45 -46 48 47 -49 49 -51 -52 -53 -54 -55 -56 -57 -58 58 -60 -61 61 -63
leaf_value=-0.0024363867179047136 -0.0036885221095164181 0.0176765290682399 -0.029081961610297694 -0.032015380669917382 -0.0018635631366632878 -0.020600934361036008 -0.024227000887560492 -0.017582171617938978 0.0076874878121287269 -0.00085687360841238608 -0.053082301838453423 0.0016519208909416146 -0.036436958324164152 -0.01944570142576205 -0.043138426024128082 -0.030210918644443151 -0.0031908386358271354 -0.004503313279333683 -0.055170582227590602 -3.0646985655740211e-05 -0.019562710883716743 -0.020423319216206437 -0.051285411258754521 0.0017097093077718807 -0.003363047940632905 -0.0036246646991447006 -0.0027676286376128061 -0.015486899757026027 -0.0040266479653879427 -0.02193101321502278 -0.00078542908722362321 -0.020232362165797227 -0.011358381732319353 -0.0060494171232808877 0.0036051114020629791 0.014512857158054752 -0.021806267227431564 -0.0079119821369251307 -0.016478325127224837 -0.0066110858792361362 0.0075051926170657578 -0.017301570459519727 -0.0039615846139037922 -0.011142360722760158 -0.0076907944776193832 0.0049384072894551661 -0.014559561711976747 0.0019289555562533099 0.0075556985992660929 0.0028527261611923354 0.015420606207536689 -0.013119270160201599 0.0020332057441777101 0.014334474358441573 0.0031536240391367857 0.0091654444731332791 0.00035433713035549921 0.015467158100853504 0.0058768269668897271 0.0058688796555841378 0.0029910381047986265 0.00017303310211835011
leaf_weight=62 369 42 40 69 59 77 84 40 263 78 42 1974 64 41 65 53 1912 43 40 108 44 63 45 308 196 331 760 69 51 80 3084 40 43 235 428 1209 57 80 69 580 250 51 41 48 48 592 58 43 506 135 132 43 91 139 1429 315 355 197 70 140 648 1474
leaf_count=62 369 42 40 69 59 77 84 40 263 78 42 1974 64 41 65 53 1912 43 40 108 44 63 45 308 196 331 760 69 51 80 3084 40 43 235 428 1209 57 80 69 580 250 51 41 48 48 592 58 43 506 135 132 43 91 139 1429 315 355 197 70 140 648 1474
internal_value=-0.000101564 0.00324363 -0.008184 -0.0205076 -0.0175277 -0.0060449 -0.00548835 -0.0116388 0.00941072 -0.0185373 -0.0279303 0.000848004 -0.0201526 -0.0144779 -0.0188567 -0.0270845 -0.00441255 0.0121768 -0.040937 -0.00659665 -0.0192669 -0.0115919 -0.0412964 0.00651613 -0.000579042 -0.00517274 -0.00592195 -0.00384367 -0.00785564 -0.0150439 -0.00149971 -0.0053519 0.000744057 -0.00810246 0.00294553 0.0132585 -0.0102409 -0.0138089 -0.00659349 -0.00768388 0.00573353 -0.00892845 -0.012171 -0.0195885 -0.0157438 0.00741886 -0.00100351 -0.00758961 0.00713785 0.00842981 0.00929294 -0.0052864 0.00817452 0.00903648 0.00411991 0.0059716 -0.00263577 0.0103752 0.0129841 0.000960309 0.000661443 0.00103458
internal_weight=20102 14218 5884 869 760 5015 4826 717 3977 346 174 10241 189 675 399 203 4109 2032 109 1842 138 125 85 1945 6095 371 1717 829 888 131 3594 409 2501 276 4146 1739 196 137 757 649 293 172 85 132 125 1637 3185 101 1595 1003 868 121 736 645 2172 743 2267 530 267 2458 2318 2122
internal_count=20102 14218 5884 869 760 5015 4826 717 3977 346 174 10241 189 675 399 203 4109 2032 109 1842 138 125 85 1945 6095 371 1717 829 888 131 3594 409 2501 276 4146 1739 196 137 757 649 293 172 85 132 125 1637 3185 101 1595 1003 868 121 736 645 2172 743 2267 530 267 2458 2318 2122
is_linear=0
shrinkage=0.03


Tree=30
num_leaves=63
num_cat=0
split_feature=9 9 27 1 8 1 7 14 17 14 15 30 7 0 1 12 6 19 0 13 7 19 14 13 14 10 6 1 14 28 0 11 13 15 15 9 2 19 0 6 0 28 15 14 8 8 15 20 30 28 20 18 17 8 8 1 6 8 29 23 8 11
split_gain=561.358 186.208 162.318 44.7825 43.463 52.5421 43.1165 36.6751 28.8054 25.6204 32.8312 23.0834 24.4781 23.7213 22.0516 21.5355 19.5878 15.1808 14.5632 12.8613 12.7847 12.7369 12.0762 11.2633 14.0059 9.81774 9.62606 8.89311 9.76605 7.96606 6.11992 5.97277 5.63485 5.63157 5.34979 5.34039 5.13082 5.02689 5.00937 4.94962 6.05076 5.44517 4.77308 4.5831 4.50685 4.47857 8.62445 5.36526 4.47065 5.29165 4.46193 3.80433 3.80215 3.76559 6.88895 3.67899 5.09401 4.3861 5.04178 3.63872 8.94774 3.59621
threshold=2710.0050000000006 4917.2750000000005 -22142.349999999995 5.5000000000000009 -0.46989712924132493 5.5000000000000009 -0.98664820696349753 3428.8214285714289 224.88000000000002 2224.701428571429 2197.0835416666673 6.700000000000002 -0.8041866928211282 50.500000000000007 5.5000000000000009 2861.239479166667 -0.77259657388510605 1449.3150000000003 54.500000000000007 1610.3534326864358 0.98372640911059162 2378.9850000000001 5838.7042857142869 2179.4365469150875 1609.9785714285717 1750.5100000000002 -0.70710678118654757 5.5000000000000009 7272.0442857142871 6223.1458333333348 45.500000000000007 2680.6750000000006 2626.0918983363072 3953.9343750000003 4008.5880208333342 3621.3100000000009 3.5000000000000004 4200.0950000000012 63.500000000000007 -0.93540483100319605 51.500000000000007 4273.6633333333339 1675.6098437500002 4257.5764285714295 0.52583933546504591 -0.46989712924132493 1675.6098437500002 4162.3937500000002 0.55625000000000047 5333.2050000000008 4463.9920312500008 4697.4550000000008 1402.2250000000001 -0.19337245081799007 -0.013976481981245173 5.5000000000000009 1.0000000180025095e-35 0.78724360164103002 28.581250000000008 -72.779285714285677 -0.031174269516803289 3974.2550000000006
decision_type=2 2 2 2 2 2 2 2 2 2 2 2 2 2 2 2 2 2 2 2 2 2 2 2 2 2 2 2 2 2 2 2 2 2 2 2 2 2 2 2 2 2 2 2 2 2 2 2 2 2 2 2 2 2 2 2 2 2 2 2 2 2
left_child=2 7 4 9 -1 11 -5 31 16 10 15 12 13 19 22 26 -8 25 -15 -6 -7 -17 48 -14 -25 -10 -4 28 32 53 -21 55 35 37 -16 -9 -36 45 -18 40 -12 -42 -39 -37 -30 46 -11 -48 -3 51 -29 -50 -35 -24 -55 -2 57 58 -57 60 -13 -51
right_child=1 14 3 6 5 20 8 27 17 33 39 59 23 18 34 21 38 -19 -20 30 -22 -23 29 24 -26 -27 -28 50 44 -31 -32 -33 -34 52 36 43 -38 42 -40 -41 41 -43 -44 -45 -46 -47 47 -49 49 61 -52 -53 -54 54 -56 56 -58 -59 -60 -61 -62 -63
leaf_value=-0.039761841252345491 -0.00026210940321005178 0.0065451502588855671 -0.018848225905018626 -0.039283272066014882 -0.028590569276438684 -0.026365660247089258 -0.031850931303122554 0.0030886313349353751 -0.026456476265973434 -0.01800457918389263 -0.0057178531367283311 -0.021812939677453996 -0.0065242066175702053 -0.04692261222092544 0.00053177700921705809 -0.041584156705293709 -0.0065240179083269571 -0.0029256278803744904 -0.022687584333359562 -0.0014070723880001384 -0.048133695647120472 -0.017206648518331348 0.015796403160222388 -0.027939472494790188 -0.0077496966634005788 -0.0095517824002181295 -0.0010073583733412575 0.0018693481625503394 0.0069079781897625949 0.0041389793171206632 -0.016840745017398146 0.0010672601895565517 0.00098333359912794547 0.0086672954631292001 0.0033666588870983104 0.0045749548728776278 0.01169399422891438 0.010019430585234659 -0.019262189150464779 -0.004110621439343507 -0.0077927847816200452 -0.019687974448581749 -0.00042020890460880598 0.0077763812080273807 0.015561056377803337 -0.0024528740861782064 -0.00086396422091638669 -0.012045647588444276 0.0072869957479732954 -0.002015884746499246 -0.0049651494604714824 0.015313239209904459 0.00018507514357624216 0.0026547083963523615 0.01330395321697824 -0.013699406228155235 0.00058100413078632717 0.00017753659859299657 -0.0038450930550698982 -0.0040395571398500777 -0.0041220290538773914 0.010439120953209523
leaf_weight=73 1499 404 49 46 48 68 73 1120 40 48 637 41 184 50 178 40 68 392 46 45 43 41 579 64 61 136 60 406 128 81 47 3908 419 54 145 1110 124 47 48 1660 92 57 220 638 97 2190 143 52 76 40 108 202 352 59 856 87 175 74 102 193 68 42
leaf_count=73 1499 404 49 46 48 68 73 1120 40 48 637 41 184 50 178 40 68 392 46 45 43 41 579 64 61 136 60 406 128 81 47 3908 419 54 145 1110 124 47 48 1660 92 57 220 638 97 2190 143 52 76 40 108 202 352 59 856 87 175 74 102 193 68 42
internal_value=-2.22943e-05 0.00384365 -0.00648067 -0.00473624 -0.0175394 -0.0158063 -0.0113686 0.00191002 -0.00962276 -0.00380691 -0.00598174 -0.0132325 -0.0169174 -0.0241915 0.0106915 -0.0179659 -0.019742 -0.00622686 -0.0356636 -0.0161278 -0.0351528 -0.0296052 0.0118585 -0.0113017 -0.0182266 -0.0135215 -0.009126 0.00411298 0.00465225 0.0133643 -0.00938797 0.000392189 0.00423578 -0.00195983 0.00457248 0.00471044 0.00723438 -0.0024551 -0.0119146 -0.00504388 -0.00700714 -0.0124442 0.00144801 0.00574722 0.0106908 -0.00288385 -0.00674203 -0.00389199 0.00874079 0.0111798 0.000426453 0.013153 0.00133178 0.0138613 0.0126209 -0.000969651 -0.00338501 -0.0060162 -0.00842943 -0.00654864 -0.0109142 0.00441242
internal_weight=20233 12657 7576 6545 1031 958 803 9871 757 5742 2636 847 545 236 2786 190 189 568 96 140 111 81 2339 309 125 176 109 4026 3512 1575 92 5845 3287 3106 447 2868 269 2700 116 2446 786 149 267 1748 225 2433 243 195 764 360 514 278 406 1494 915 1937 438 263 189 302 109 82
internal_count=20233 12657 7576 6545 1031 958 803 9871 757 5742 2636 847 545 236 2786 190 189 568 96 140 111 81 2339 309 125 176 109 4026 3512 1575 92 5845 3287 3106 447 2868 269 2700 116 2446 786 149 267 1748 225 2433 243 195 764 360 514 278 406 1494 915 1937 438 263 189 302 109 82
is_linear=0
shrinkage=0.03


Tree=31
num_leaves=63
num_cat=0
split_feature=14 9 26 30 1 7 16 9 1 26 14 1 12 17 12 12 1 12 20 16 6 20 13 13 5 26 1 0 29 0 17 15 28 14 12 20 13 17 19 1 22 21 1 13 12 20 16 13 22 14 19 1 7 13 14 7 15 12 1 5 12 28
split_gain=538.532 206.357 130.105 49.498 38.0025 50.2891 37.1134 34.3008 30.2657 37.4812 27.4684 27.4124 24.1214 21.5763 19.6506 15.1019 14.0896 13.2187 19.7187 12.745 12.7351 12.4031 11.9302 10.144 9.75558 9.36123 9.13007 14.6071 8.99741 8.75804 8.3336 8.20165 10.8454 7.72925 7.41629 11.0242 11.2094 11.5565 8.87952 7.32205 7.26183 7.0458 7.0348 7.84602 7.01417 6.79091 6.62316 6.67801 6.55901 6.49638 5.96273 5.902 5.82622 5.61101 5.62936 5.55512 5.42865 8.51865 5.85307 4.86853 4.78285 4.74104
threshold=2434.9178571428574 3999.9450000000002 30851.100000000002 6.700000000000002 5.5000000000000009 -0.8041866928211282 3816.5150000000008 6310.3250000000007 5.5000000000000009 26320.500000000004 3141.8271428571429 1.5000000000000002 2569.051071428572 22.185000000000006 2709.8296205357151 3950.3184523809527 5.5000000000000009 3442.2419122023816 3596.0298958333337 3362.7800000000002 -0.91037613702198728 3020.3678125000001 2340.1691463807042 1696.8162691549944 -0.70710678118654735 35671.250000000007 2.5000000000000004 51.500000000000007 26.656250000000004 48.500000000000007 19.510000000000002 3862.0491145833339 4077.3900000000008 6352.6592857142869 3660.6391889880956 3955.432187500001 2501.3656142919986 1775.6100000000004 1980.6900000000003 5.5000000000000009 -548.38499999999954 4750.5100000000011 4.5000000000000009 1926.6403393641629 2643.1717931547623 6538.5306250000003 5000.8750000000009 2445.8137958378161 -6500.4149999999991 4164.0357142857147 1000.2500000000001 1.0000000180025095e-35 0.99552231814189451 1818.5644335311038 4085.1221428571434 0.96904697354198299 4999.2996875000008 4476.3722470238108 1.5000000000000002 -0.52778511650980109 2501.8138764880955 6223.1458333333348
decision_type=2 2 2 2 2 2 2 2 2 2 2 2 2 2 2 2 2 2 2 2 2 2 2 2 2 2 2 2 2 2 2 2 2 2 2 2 2 2 2 2 2 2 2 2 2 2 2 2 2 2 2 2 2 2 2 2 2 2 2 2 2 2
left_child=2 10 6 4 5 12 11 30 24 15 19 23 20 -14 -11 28 52 18 42 -2 29 41 -16 -1 -8 -15 -23 -28 -10 -4 -3 32 -26 48 35 36 37 50 -37 49 -40 -7 43 -5 -30 46 47 -21 -12 -32 -34 -35 61 54 -50 -33 57 58 -51 -18 -48 -9
right_child=1 7 3 17 -6 21 8 16 9 14 33 -13 13 25 22 -17 59 -19 -20 45 -22 26 -24 -25 31 -27 27 -29 44 -31 39 55 34 51 -36 38 -38 -39 40 -41 -42 -43 -44 -45 -46 -47 60 -49 53 56 -52 -53 -54 -55 -56 -57 -58 -59 -60 -61 -62 -63
leaf_value=-0.0017009512690227416 -0.01452151286881417 0.018390717030483849 -0.015268690418699715 -0.0014946542902907821 -0.042335465482125675 -0.011949154094516024 0.001700374479604017 0.013309686725991138 -0.0019336561760604221 -0.042009218271549159 -0.0086291127188322953 -0.036037317785366181 -0.020422865991658042 -0.035624891734123226 -0.0078518441608333486 -0.021290207387995905 0.0023981604110839736 -0.0030780907646577975 -0.027082368327836906 -0.0018567879814368245 -0.0057388158710673445 -0.007216065384783461 -0.028383072563942444 -0.019980820706651473 -0.003689027819233661 -0.055292196113888803 -0.011370634213732234 -0.033897364483773708 -0.020860137792558152 -0.034602901706556707 0.0044522016661380512 -0.0010505492129280745 -0.011911305542249086 0.011025309626166295 -0.0022163041215357265 -0.0078060051121748974 -0.020240641548913321 -0.01917498802067712 -0.01157227104989721 0.0018176578642198125 -0.028710650595542238 0.00051048181635965394 -0.018663907165825368 -0.015297332783747048 -0.0071560575168433723 -0.012349925172430548 0.0044207190873229579 -0.0095441409921218339 0.0030905060195488389 0.011460471950932841 -0.002783115326694939 0.0017482963646762073 0.0040006564926006825 0.0015550510304985629 0.0088824194829153318 -0.0083457527271876067 0.015263492948664671 -0.0017309679784812033 0.0065166758044887816 0.010170460914444849 -0.00025466190494695314 0.0048126737825805316
leaf_weight=58 59 48 46 119 71 73 263 1529 289 40 50 57 62 74 58 59 181 196 69 743 49 60 46 51 1634 40 57 49 43 43 777 830 76 157 177 74 52 51 40 344 56 91 49 53 152 43 206 117 1050 330 401 102 69 3338 176 105 86 84 640 121 4044 63
leaf_count=58 59 48 46 119 71 73 263 1529 289 40 50 57 62 74 58 59 181 196 69 743 49 60 46 51 1634 40 57 49 43 43 777 830 76 157 177 74 52 51 40 344 56 91 49 53 152 43 206 117 1050 330 401 102 69 3338 176 105 86 84 640 121 4044 63
internal_value=-3.87e-05 0.0030805 -0.00774174 -0.0165335 -0.0215538 -0.0192006 -0.0054492 0.0086058 -0.00492638 -0.010713 0.000739366 -0.0193385 -0.027786 -0.0351722 -0.0242734 -0.00707885 0.011522 -0.0091186 -0.0131765 -0.00077448 -0.0181806 -0.0109723 -0.0171168 -0.0103578 -0.00386624 -0.0429465 -0.0167338 -0.0220034 -0.00530615 -0.0248906 0.0061227 -0.00428538 -0.00516328 0.00235835 -0.00775513 -0.0090576 -0.00706684 -0.00573361 -0.0157685 0.00585424 -0.0217626 -0.00507438 -0.00873248 -0.00581164 -0.010269 -0.000614295 -0.000513144 -0.0029125 0.00207422 0.00657727 -0.00425938 0.00739259 0.0126064 0.00219335 0.00392853 -0.00187784 0.00802051 0.00741561 0.00820866 0.00553552 -2.70568e-05 0.0129767
internal_weight=20170 14357 5813 1201 715 644 4612 4272 4446 687 10085 166 314 176 144 543 1963 486 290 5212 138 330 104 109 3759 114 166 106 484 89 2309 3496 2561 4873 927 750 580 528 170 2261 96 164 221 172 195 5153 5110 860 4614 1917 477 259 1661 4564 1226 935 1140 1054 970 302 4250 1592
internal_count=20170 14357 5813 1201 715 644 4612 4272 4446 687 10085 166 314 176 144 543 1963 486 290 5212 138 330 104 109 3759 114 166 106 484 89 2309 3496 2561 4873 927 750 580 528 170 2261 96 164 221 172 195 5153 5110 860 4614 1917 477 259 1661 4564 1226 935 1140 1054 970 302 4250 1592
is_linear=0
shrinkage=0.03


Tree=32
num_leaves=63
num_cat=0
split_feature=9 14 9 15 1 14 16 26 26 17 29 27 1 17 21 1 8 13 17 12 23 21 12 19 14 19 16 16 27 4 23 16 26 8 8 1 11 10 15 1 13 25 12 29 28 13 15 4 8 28 18 2 8 28 16 29 9 8 28 15 28 9
split_gain=527.172 189.557 151.239 46.2486 63.7538 41.0741 38.5128 33.2416 31.3747 24.2368 34.7642 17.6026 17.3784 32.2627 16.8778 16.1368 14.5607 13.735 13.6441 12.495 11.6463 11.3682 11.7508 10.2445 9.96161 8.28734 11.0952 8.47101 7.98103 7.36451 7.22745 6.78591 6.70778 6.66643 6.49726 5.30619 5.3285 5.24338 5.16571 5.08877 8.2952 5.05206 4.57774 6.57743 8.10117 4.59394 5.08147 9.77182 4.49471 6.82016 6.11612 5.06272 4.48155 4.30611 4.15548 4.13496 3.95805 3.92647 3.76803 3.67618 3.57369 3.56515
threshold=2849.2450000000003 1452.5157142857145 5129.8350000000009 2197.0835416666673 5.5000000000000009 2156.4585714285718 4035.2800000000002 9853.6500000000033 26539.100000000002 22.185000000000006 26.131250000000005 -24833.649999999998 5.5000000000000009 99.845000000000013 5396.4750000000013 5.5000000000000009 0.18281312110578132 1689.5753895369035 400.01000000000005 3442.2419122023816 -307.04571428571421 6850.3900000000003 2612.3685119047623 400.53500000000003 3871.8592857142862 4200.0950000000012 4429.5550000000012 4241.3600000000015 10712.950000000003 1.0000000180025095e-35 3.3935714285714282 3362.7800000000002 6573.6000000000013 -0.031174269516803289 0.56191161272202661 5.5000000000000009 2319.9650000000006 99.345000000000013 4122.3320312500009 5.5000000000000009 2715.2279118379402 31808.950000000001 2875.6852529761909 33.081250000000011 6070.6400000000012 2759.733230522133 3885.8255729166672 1.0000000180025095e-35 -0.12545862287572049 4582.4666666666681 1983.6250000000002 1.5000000000000002 0.99855310097228334 2951.3383333333336 5000.3600000000015 21.956250000000008 1988.95 -0.056951011027366626 4195.7666666666673 1675.6098437500002 5490.1250000000009 3296.4450000000002
decision_type=2 2 2 2 2 2 2 2 2 2 2 2 2 2 2 2 2 2 2 2 2 2 2 2 2 2 2 2 2 2 2 2 2 2 2 2 2 2 2 2 2 2 2 2 2 2 2 2 2 2 2 2 2 2 2 2 2 2 2 2 2 2
left_child=1 3 7 9 11 6 14 21 -6 30 -11 20 42 -14 17 28 23 -3 -10 -19 34 22 -2 -15 -24 26 27 31 29 53 -1 -7 38 -22 -5 61 55 -13 -23 56 57 58 -8 44 45 46 47 48 49 -44 -51 -50 54 -4 -34 -37 -28 -41 -17 -27 -25 -9
right_child=2 5 15 4 8 25 12 35 18 10 -12 37 13 16 -16 41 -18 19 -20 -21 33 32 24 60 -26 59 39 -29 -30 -31 -32 -33 52 -35 -36 36 -38 -39 -40 40 -42 -43 43 -45 -46 -47 -48 -49 51 50 -52 -53 -54 -55 -56 -57 -58 -59 -60 -61 -62 -63
leaf_value=-0.026409889387609638 0.023605683489543634 -0.0034990218824807653 0.0024669285108231834 -0.029555520039253137 -0.011971338182732823 -0.013173891765674432 -0.0015357422045549477 0.00046951229714907455 -0.029759723231583449 -0.016407227871666957 -0.052031058969242233 -0.015835573398799169 -0.036763892043381929 -0.028522854385579503 -0.031130212583457644 0.0063772081659880242 -0.0024965268165026418 -0.031352811640470608 -0.051053934511542318 -0.0087671198457652741 -0.019776599935599062 0.004506665431763395 0.0020447617420197828 -0.00382730519679502 0.010063299441445505 0.010034467088382529 -0.0039805123330685201 -0.015482638383030215 0.014202227839772418 0.0022054142915294505 -0.0092778325930951127 -0.0036835540243866198 -0.0042931502845992018 -0.0069159194821149178 -0.014299721856262873 -0.0004785455957696795 -0.00013581948493436675 -0.0067011981860223063 0.010322808524257336 -0.010604405294377671 -0.015886704906879458 0.013229720871405382 -0.017599375973097405 -0.0017385453673001449 -0.01936365700725998 -0.013311068385373801 -0.0016309514212969271 -0.018015271697659044 -0.012401757111486333 -0.011344762931828602 0.0012602670652337282 -0.0035654495449511303 0.011263600378176839 0.011255706246827443 0.003020039426664589 -0.0092281720507746846 -0.0010485114644654206 -0.0022695155406946134 -6.8918968056689721e-05 0.00096199084691897107 -0.016038759807745617 0.0022660305091826002
leaf_weight=45 40 73 53 73 61 77 338 2797 76 40 69 63 41 40 68 184 160 48 49 42 56 415 229 43 358 45 489 76 734 95 46 534 71 105 43 81 617 543 207 58 53 56 64 352 41 71 246 61 64 77 62 595 57 1217 2623 121 2695 377 146 321 44 1542
leaf_count=45 40 73 53 73 61 77 338 2797 76 40 69 63 41 40 68 184 160 48 49 42 56 415 229 43 358 45 489 76 734 95 46 534 71 105 43 81 617 543 207 58 53 56 64 352 41 71 246 61 64 77 62 595 57 1217 2623 121 2695 377 146 321 44 1542
internal_value=-8.61862e-05 -0.00575457 0.00406385 -0.0164471 -0.0139458 -0.00388229 -0.00696648 0.0022822 -0.0298739 -0.0296805 -0.0392261 -0.0105606 -0.00578781 -0.0121751 -0.0186215 0.0106262 -0.00854696 -0.0132451 -0.038446 -0.021025 -0.0168225 0.0043343 0.00804276 -0.0160905 0.00694391 -0.00222974 -0.00259383 -0.00609074 0.0116633 0.0102887 -0.0179447 -0.00489913 0.00364276 -0.0114837 -0.0240709 0.000690282 -0.00152319 -0.00767534 0.00645573 -0.0019381 -0.00478818 0.00497092 -0.00471925 -0.00537683 -0.00637445 -0.00592971 -0.0054704 -0.00649083 -0.00565536 -0.00955615 -0.00575353 -0.00444109 0.00300464 0.0108912 0.00282578 -0.0057393 -0.00149992 -0.00340261 0.00353369 0.00210176 -0.0101153 0.00110834
internal_weight=20167 8524 11643 1269 1069 7255 2530 9158 186 200 109 883 2299 328 231 2485 287 163 125 90 277 4000 627 127 587 4725 4359 687 2099 1365 91 611 3373 161 116 5158 819 606 622 3672 488 386 1971 1633 1281 1240 1169 923 862 203 139 659 2751 1270 2694 202 3184 435 330 366 87 4339
internal_count=20167 8524 11643 1269 1069 7255 2530 9158 186 200 109 883 2299 328 231 2485 287 163 125 90 277 4000 627 127 587 4725 4359 687 2099 1365 91 611 3373 161 116 5158 819 606 622 3672 488 386 1971 1633 1281 1240 1169 923 862 203 139 659 2751 1270 2694 202 3184 435 330 366 87 4339
is_linear=0
shrinkage=0.03


Tree=33
num_leaves=63
num_cat=0
split_feature=14 9 27 1 7 16 13 30 11 27 2 20 14 7 29 10 0 9 9 1 1 14 16 20 20 1 0 29 0 15 29 15 15 20 28 5 18 15 21 17 10 12 7 10 13 7 13 13 20 13 15 0 2 29 4 5 1 12 4 13 14 17
split_gain=496.994 178.503 126.169 38.5457 60.6828 42.5529 34.6163 34.5305 28.8965 27.3329 25.0674 24.6906 23.0866 21.3189 19.7026 15.8894 15.2847 18.1869 15.1509 12.2633 12.1506 11.8808 11.7716 9.83655 17.4726 9.37077 8.26691 7.97519 7.90252 7.45793 8.32637 8.9074 10.1696 6.9206 6.4524 6.30995 5.94968 6.57907 6.36327 5.83115 6.1534 5.81657 7.66126 9.43915 7.01156 5.62213 5.49851 5.49104 4.89101 8.37129 4.6847 4.67601 4.51833 4.27944 4.06793 4.06031 3.92958 3.76741 3.76601 5.88972 3.73894 3.71278
threshold=2491.1814285714295 4000.5950000000007 -23700.149999999994 5.5000000000000009 -0.98664820696349753 3816.5150000000008 2331.9284878414828 6.700000000000002 999.66000000000008 2959.6000000000008 9.5000000000000018 3489.9323437500002 3171.661428571429 0.95242846126021108 26.731250000000006 1524.2250000000001 46.500000000000007 499.78500000000003 1899.9150000000002 5.5000000000000009 4.5000000000000009 1873.0292857142861 3745.2700000000004 3007.1436458333337 3028.3356250000002 5.5000000000000009 51.500000000000007 28.806250000000006 40.500000000000007 3665.6719791666669 30.668750000000006 3107.1363541666669 3291.6371354166672 6538.5306250000003 6260.7450000000008 -0.77259657388510594 4748.7200000000003 4999.2996875000008 6401.6400000000003 142.90500000000003 2250.0150000000008 2424.9687276785721 -0.78326540922535159 6310.670000000001 1830.7395468007846 -0.79902248885025529 2660.3767698769002 1919.9316615115354 2405.2845312500008 1847.1111014788214 3617.7945312500001 34.500000000000007 3.5000000000000004 21.306250000000002 1.0000000180025095e-35 -0.68322629814330782 1.5000000000000002 4078.0490997023812 1.0000000180025095e-35 2323.9508112716153 4050.2578571428576 49.745000000000012
decision_type=2 2 2 2 2 2 2 2 2 2 2 2 2 2 2 2 2 2 2 2 2 2 2 2 2 2 2 2 2 2 2 2 2 2 2 2 2 2 2 2 2 2 2 2 2 2 2 2 2 2 2 2 2 2 2 2 2 2 2 2 2 2
left_child=2 12 7 5 -5 14 15 8 10 25 -1 16 22 28 39 -6 -10 27 23 34 -9 -16 53 48 -25 36 -12 -18 -8 30 -26 -32 -33 47 52 -20 -3 38 -38 40 -4 -14 45 44 60 -43 54 -24 49 -7 -49 -17 57 -2 -40 -21 -55 -11 -37 -60 -44 -46
right_child=1 9 3 4 6 18 13 20 11 19 26 -13 41 -15 21 51 17 -19 35 55 -22 -23 33 24 29 -27 -28 -29 -30 -31 31 32 -34 -35 -36 58 37 -39 46 -41 -42 42 43 -45 61 -47 -48 50 -50 -51 -52 -53 -54 56 -56 -57 -58 -59 59 -61 -62 -63
leaf_value=-0.049836993316809339 0.0021004189443986185 0.0050068133842334677 -0.021292388177312473 -0.045061925481195031 -0.017746038747502971 -0.0010992403870209511 -0.0052769154776883386 -0.0060492227686577676 -0.0049493570823248758 0.0074057857852598483 -0.017716191332632053 -0.036287127264521338 0.012990437552697309 -0.037159398619970307 -0.039298070644338927 0.00053510134868371424 -0.020611580873861217 -0.0080965046278934621 0.0028816713134498665 0.0022199564094541506 -0.021464525090719937 -0.016144762977861184 0.0010946662711366953 -0.027418672277523978 -0.006872444904174488 0.0014333260949513458 -0.034227472903020674 -0.037438676639363483 -0.019526508517791422 -0.0029083985622584828 -0.0066946169520363313 -0.030394016819036737 -0.010723489130660891 -0.011528350383741781 0.00081732953165439845 -0.0026477815080906911 0.016855943733000107 0.015277039077856377 0.008122417253879681 -0.00042778340122866921 -0.006146818274841169 0.00063469768943966208 0.0041408650843008897 0.010339392436513576 -0.0040960315478467072 -0.0083891650373962793 -0.00089415553356765912 -0.0024298095275666642 -0.0012196306112286215 -0.016013903529533455 9.5733628050364468e-05 -0.0057047695957899505 0.013315877470185426 -0.010932098003074285 -0.0011418626181472537 0.0093514345899224274 -0.0026689641044431479 0.012773971349346944 -0.0039517060651688566 -0.01721843070327872 0.0098205756179828071 0.0020454379238965879
leaf_weight=53 43 877 50 45 80 75 56 216 105 274 71 54 45 49 44 175 85 84 179 171 58 40 2043 40 429 341 49 40 97 246 73 48 49 47 46 2691 61 111 745 40 48 1061 756 148 91 65 75 1138 371 61 1575 281 1095 154 45 124 79 215 117 40 121 2457
leaf_count=53 43 877 50 45 80 75 56 216 105 274 71 54 45 49 44 175 85 84 179 171 58 40 2043 40 429 341 49 40 97 246 73 48 49 47 46 2691 61 111 745 40 48 1061 756 148 91 65 75 1138 371 61 1575 281 1095 154 45 124 79 215 117 40 121 2457
internal_value=-6.33032e-05 0.00307442 -0.00710508 -0.00544926 -0.0116036 -0.00440867 -0.00950521 -0.0181047 -0.0224988 0.00826603 -0.032633 -0.0176591 0.000864615 -0.0200608 -0.0171973 -0.0054972 -0.0143505 -0.0190275 -0.00376246 0.0108926 -0.0093785 -0.0285923 -0.000540967 -0.00635225 -0.00826024 0.00602 -0.0246854 -0.0262506 -0.0143791 -0.007322 -0.00912672 -0.014742 -0.0206682 -0.000194117 0.0119119 -0.00256981 0.00683599 0.00837663 0.00753388 -0.0101054 -0.0140112 0.00236925 0.00226479 0.00294465 0.00262218 0.0001068 0.00685778 -7.97097e-05 -0.00301202 -0.00785697 -0.00096414 -0.00331415 0.0122334 -0.00655442 0.00759393 0.00523906 -0.00815381 0.00978728 -0.00291333 -0.00741935 0.00493479 0.00182458
internal_weight=20242 14003 6239 5424 783 4641 738 815 541 4180 173 368 9823 202 222 536 314 209 4419 1925 274 84 5079 1392 885 2255 120 125 153 845 599 170 97 4803 1630 3027 1914 1037 926 138 98 4744 4699 3573 3425 1126 865 4756 507 136 2713 456 1584 276 790 295 233 489 2848 157 877 2548
internal_count=20242 14003 6239 5424 783 4641 738 815 541 4180 173 368 9823 202 222 536 314 209 4419 1925 274 84 5079 1392 885 2255 120 125 153 845 599 170 97 4803 1630 3027 1914 1037 926 138 98 4744 4699 3573 3425 1126 865 4756 507 136 2713 456 1584 276 790 295 233 489 2848 157 877 2548
is_linear=0
shrinkage=0.03


Tree=34
num_leaves=63
num_cat=0
split_feature=14 27 14 15 1 27 27 17 16 1 17 12 12 26 8 19 14 24 1 16 21 15 17 5 8 16 19 25 12 29 16 1 15 15 1 1 14 6 0 28 0 8 30 15 20 15 15 27 6 10 22 15 24 4 29 12 8 19 5 30 29 21
split_gain=440.462 161.467 113.595 38.6517 44.4812 35.4448 30.368 29.3841 27.0581 21.0671 47.8581 68.2074 20.6001 19.7725 16.647 16.7465 16.1877 13.6423 11.3242 10.685 11.2701 12.2179 9.62343 9.36545 10.4772 9.2087 9.0154 8.97142 12.152 8.83989 7.32002 6.43228 6.4208 9.65927 8.85123 7.93106 6.40819 6.22393 6.21575 6.17214 5.98589 5.94512 5.85372 5.63584 5.96591 5.48923 5.48502 5.26024 5.19734 5.17562 4.84518 4.79463 4.699 4.39669 4.2248 4.20243 4.40899 4.15318 4.12106 4.06456 4.95655 7.50943
threshold=2501.0321428571433 -1219.3500000000006 1486.1142857142861 1839.3738541666669 5.5000000000000009 2959.6000000000008 -24833.649999999998 22.185000000000006 3816.5150000000008 5.5000000000000009 99.845000000000013 3307.9316964285722 3026.2657589285723 26539.100000000002 0.18281312110578132 299.66500000000008 3171.661428571429 1.4039861324657397 5.5000000000000009 4103.4550000000008 6150.6500000000005 2915.7094270833336 400.01000000000005 -0.77259657388510594 -0.46989712924132493 5421.3750000000009 4779.7350000000015 6251.3500000000013 2709.8296205357151 26.931250000000006 6500.7000000000007 5.5000000000000009 2772.8327083333338 3836.4018750000009 2.5000000000000004 4.5000000000000009 6994.420000000001 -0.93540483100319605 51.500000000000007 5965.7766666666676 23.500000000000004 0.63089349388778826 3.7187500000000004 2491.5403645833339 3007.1436458333337 3198.0472395833335 3324.1733333333336 10712.950000000003 0.99465189230620699 2303.4750000000004 -2155.0849999999996 3911.7951562500002 0.88517857269804534 1.0000000180025095e-35 28.506250000000005 4451.9745535714292 0.96849880583763492 4129.5500000000002 -0.58216583101416164 6.0937499999999991 34.006250000000009 7799.0350000000008
decision_type=2 2 2 2 2 2 2 2 2 2 2 2 2 2 2 2 2 2 2 2 2 2 2 2 2 2 2 2 2 2 2 2 2 2 2 2 2 2 2 2 2 2 2 2 2 2 2 2 2 2 2 2 2 2 2 2 2 2 2 2 2 2
left_child=2 16 3 7 6 26 17 -1 12 23 11 -11 27 -6 15 -12 25 19 47 -5 -21 -22 -15 -10 29 48 51 -4 -29 -25 45 -27 -31 34 49 -35 43 38 -8 42 -33 -38 55 44 54 59 -40 53 -2 -34 -46 -3 -23 -7 -18 56 -28 -53 -20 -26 61 -61
right_child=1 5 8 4 13 18 37 -9 9 10 14 -13 -14 22 -16 -17 36 -19 58 20 21 52 -24 24 30 31 39 28 -30 32 -32 40 33 35 -36 -37 41 -39 46 -41 -42 -43 -44 -45 50 -47 -48 -49 -50 -51 -52 57 -54 -55 -56 -57 -58 -59 -60 60 -62 -63
leaf_value=-0.013141456783853535 -0.0027221583105619201 0.0023280935268144513 0.0035191764355432696 -0.034080364890396592 -0.012440298991701142 0.010465857452541038 -0.006761074069861801 -0.041960887054079458 0.0022385801492683932 -0.0045239201821188658 -0.02910000566393137 -0.057845318098438944 -0.028647647075274067 -0.026099614953049098 -0.0023532123666390415 -0.0082116330386466305 0.00049659490970972101 -0.0053884190180068132 0.0020331947821881514 -0.005780850980753322 -0.030298041433944729 -0.020934217089732633 -0.04445879422452139 -0.021045314815294529 -0.0037373198209393844 0.00061154673409500703 0.0067762137850639077 -0.024441218002388871 -0.0020860221875111827 0.0043475594875318074 -0.0022464014851377996 0.0012475885536918274 -0.012312296458538947 0.0010284984562339843 -0.021793803961369238 -0.014097586300496647 0.0030597314967047264 -0.00346514527057334 -0.022652216916909673 0.0017812652073517514 -0.0046877341765339392 0.015410383423441087 0.012629102272003864 0.0022940243253577368 -0.011891962365077977 -0.015237568119540811 -0.008659996028187119 0.013385588069020057 -0.013648851047747018 6.6569127666298288e-05 -0.002044051526874059 0.0043505158205075552 -0.0074834044384496168 0.0018264817027375101 0.0092598342522978768 0.00068156859818298146 0.013790759893890937 0.0091065780002797057 0.0093473305962143982 -0.021114357669161667 -0.0018200084365429883 -0.0042588079425141864
leaf_weight=57 926 854 40 44 65 859 274 75 264 46 44 40 68 77 402 155 378 68 172 55 78 46 45 41 559 3340 556 44 43 43 2552 235 85 130 61 40 86 318 49 152 435 59 218 3236 54 49 55 733 40 47 250 738 50 57 56 84 95 214 116 51 52 45
leaf_count=57 926 854 40 44 65 859 274 75 264 46 44 40 68 77 402 155 378 68 172 55 78 46 45 41 559 3340 556 44 43 43 2552 235 85 130 61 40 86 318 49 152 435 59 218 3236 54 49 55 733 40 47 250 738 50 57 56 84 95 214 116 51 52 45
internal_value=-1.9276e-05 0.0029483 -0.0066316 -0.0143137 -0.0126306 0.00736955 -0.0101835 -0.0297085 -0.00450365 -0.00404776 -0.00889992 -0.0297044 -0.0154288 -0.0260741 -0.0058785 -0.0129526 0.00059105 -0.0175095 0.0105144 -0.020498 -0.0177515 -0.0214806 -0.0331778 -0.00321634 -0.00360035 -0.000560435 0.00527403 -0.00818245 -0.0135414 -0.00790794 -0.00301606 7.32377e-05 -0.00653281 -0.00783007 -0.0124066 -0.00259221 0.00198191 -0.00657424 -0.00917379 0.00740914 -0.00260719 0.0081563 0.00830395 0.00175463 -0.000610413 -0.00560778 -0.0154054 0.0114737 -0.00318826 -0.00793731 -0.00382661 0.00396429 -0.014078 0.00993083 0.00164602 0.0070057 0.00781942 0.00542806 0.00500132 -0.00491979 -0.00933095 -0.0133387
internal_weight=20200 13943 6257 1356 1224 4848 1037 132 4901 4706 687 86 195 187 601 199 9095 341 1937 273 229 174 122 4019 3755 4976 2911 127 87 447 3308 4010 406 363 193 170 4119 696 378 1105 670 145 953 3974 738 756 104 1649 966 132 304 1806 96 916 434 735 651 952 288 707 148 96
internal_count=20200 13943 6257 1356 1224 4848 1037 132 4901 4706 687 86 195 187 601 199 9095 341 1937 273 229 174 122 4019 3755 4976 2911 127 87 447 3308 4010 406 363 193 170 4119 696 378 1105 670 145 953 3974 738 756 104 1649 966 132 304 1806 96 916 434 735 651 952 288 707 148 96
is_linear=0
shrinkage=0.03


Tree=35
num_leaves=63
num_cat=0
split_feature=9 9 26 22 11 14 27 7 14 30 28 12 14 29 16 19 16 14 7 11 19 22 13 13 7 12 29 17 9 16 9 6 17 12 7 10 17 6 30 15 12 7 17 18 13 19 2 7 28 13 16 12 15 25 16 21 9 7 7 13 20 7
split_gain=433.944 142.665 129.547 44.3891 31.9797 30.4678 24.8729 22.443 20.6724 17.7774 18.384 24.3244 18.8447 17.0498 12.8605 10.8684 9.05668 8.88858 8.14311 8.48938 8.0605 9.75979 7.79636 7.0388 6.84257 6.60489 13.4067 8.75159 8.16127 5.96371 5.92396 5.6649 6.56222 5.60558 5.4074 7.70781 5.29889 6.38769 11.3256 5.75213 4.9905 5.12473 4.81497 4.73055 4.5378 4.42647 4.39054 6.13612 5.90623 5.16178 4.19337 3.92657 3.88814 3.78092 3.76955 3.71581 4.59877 3.61871 6.61933 6.15487 3.67861 3.52808
threshold=2620.3850000000007 4230.5150000000003 30851.100000000002 -0.61500000000023636 499.85500000000008 1892.5414285714289 7311.2000000000007 -0.99630266176052629 3488.6471428571435 8.1500000000000039 4446.8116666666674 2903.1053348214291 1000.8657142857143 29.506250000000005 4031.0200000000004 4400.1800000000012 3816.5150000000008 876.2042857142859 -0.97876850416056738 1250.8050000000001 4200.0950000000012 -2899.6249999999991 2388.4587264619913 2323.9508112716153 -0.99630266176052629 3483.2771949404764 32.23125000000001 1348.5800000000002 1453.7150000000004 3362.7800000000002 2000.6450000000002 -0.41248606129204529 26.765000000000004 2612.3685119047623 -0.77786766366919291 9999.9850000000024 1439.5150000000001 -0.2269546835593246 7.1062500000000002 3429.5402083333333 3566.7706994047626 0.96904697354198299 299.58500000000009 2948.4300000000003 2485.2354778152489 2146.0800000000004 3.5000000000000004 0.23014236637527921 6112.8550000000014 1884.7025022646787 3816.5150000000008 3273.9347991071431 1675.6098437500002 8197.3500000000022 4598.6950000000006 5000.255000000001 1453.7150000000004 -0.91936887716170002 -0.77786766366919291 1876.0746139002924 2835.13234375 0.90299113182541202
decision_type=2 2 2 2 2 2 2 2 2 2 2 2 2 2 2 2 2 2 2 2 2 2 2 2 2 2 2 2 2 2 2 2 2 2 2 2 2 2 2 2 2 2 2 2 2 2 2 2 2 2 2 2 2 2 2 2 2 2 2 2 2 2
left_child=2 8 5 4 13 7 15 -1 23 10 12 -12 -6 53 -5 61 -9 -18 19 -16 21 -7 -14 43 -17 44 27 28 -27 -23 31 32 -31 -10 -35 40 37 38 39 -25 -36 -42 -37 50 57 -32 47 -26 -48 51 -2 -49 -22 -4 -33 -20 -57 -19 59 60 -59 -3
right_child=1 6 3 14 9 20 -8 16 33 -11 11 -13 22 -15 18 24 17 25 55 -21 52 29 -24 36 46 26 -28 -29 -30 30 45 54 -34 34 35 42 -38 -39 -40 -41 41 -43 -44 -45 -46 -47 48 49 -50 -51 -52 -53 -54 -55 -56 56 -58 58 -60 -61 -62 -63
leaf_value=-0.02320528995539644 -0.0070038068930349346 0.0030793962559896577 -0.033240457695068379 -0.021941394249309375 -0.029733233333240135 -0.01756618280562439 0.011998917628648267 -0.016847716035285534 0.011052897739257796 -0.0046186926423181446 -0.013374337851323864 -0.040448941957782689 -0.0061859099623364422 -0.021120258316029018 -0.02553067262579755 -0.0039105551501327166 -0.01660761703077393 -0.00036210742768525957 0.0005011102227637401 -0.007740815930245888 0.010621202907142495 -0.011530293824425452 -0.019219688935729208 -0.0068077424134374877 0.011823041033507748 -0.012159930182604639 -0.0036323708721044423 -0.0076138106810495904 -0.030927999152235038 -0.017624361349890628 -0.0040273466406156328 -0.0060843718185885571 -0.0057075609140761433 0.00041595167731909975 0.0049861117733374129 0.0030617318987564294 -0.00032446193294054471 -0.0015926614928269067 0.0021210773368366062 -0.020998927768382983 0.0029385213120260659 -0.0022521770460298286 0.014626739164915583 0.0017447900973486465 -0.011172742567290443 -0.001402099352066082 0.011031913259172766 0.0049138160066685629 0.0035300548034108547 0.0022486308061153812 0.00011055487928314118 0.012544622089747989 0.00065651134935950923 -0.048865334608180579 -0.00085192802826080597 -0.01202321250805731 -0.0044345060515399264 -0.0070651237099176095 -0.002757185697559273 -0.0036945837929218419 -0.01690993210689767 0.0064642913421190783
leaf_weight=79 76 707 40 60 57 41 1080 77 82 92 54 70 138 71 40 40 71 199 77 62 41 72 59 48 164 42 170 68 45 44 799 178 605 533 909 51 987 292 54 58 971 207 91 2493 85 2091 723 142 110 268 2357 108 220 42 404 104 235 61 467 123 84 459
leaf_count=79 76 707 40 60 57 41 1080 77 82 92 54 70 138 71 40 40 71 199 77 62 41 72 59 48 164 42 170 68 45 44 799 178 605 533 909 51 987 292 54 58 971 207 91 2493 85 2091 723 142 110 268 2357 108 220 42 404 104 235 61 467 123 84 459
internal_value=-2.36025e-05 0.00325635 -0.00589528 -0.0148935 -0.0204476 -0.00411157 0.00814544 -0.00770706 0.00123772 -0.0165065 -0.01938 -0.0288597 -0.0146571 -0.0323684 -0.00888212 0.00661209 -0.00687145 -0.00631706 -0.0073301 -0.0148974 -0.00285351 -0.00316897 -0.0101668 0.000287437 0.00825471 -0.00576149 -0.00948483 -0.0158392 -0.0221087 -0.00302403 -0.00287265 -0.00461527 -0.00654135 0.00336363 0.00313143 0.00378028 -0.00155769 -0.00424394 -0.00904259 -0.0146964 0.00331664 0.00202527 0.0105236 0.000826649 -0.00456583 -0.00212905 0.00857827 0.00677265 0.0100467 0.00515399 -0.000114464 0.00824717 0.00225641 -0.0417358 -0.00245992 -0.00544339 -0.00679112 -0.00395326 -0.00492374 -0.00867476 -0.0128451 0.00441627
internal_weight=20277 13010 7267 1201 623 6066 3801 1571 9209 470 378 124 254 153 578 2721 1492 1415 518 102 4495 4234 197 6365 1555 1344 325 155 87 4193 4121 1231 649 2844 2762 2229 1439 452 160 106 2087 1178 142 4926 1019 2890 1515 682 833 518 2433 250 261 82 582 416 339 934 735 268 145 1166
internal_count=20277 13010 7267 1201 623 6066 3801 1571 9209 470 378 124 254 153 578 2721 1492 1415 518 102 4495 4234 197 6365 1555 1344 325 155 87 4193 4121 1231 649 2844 2762 2229 1439 452 160 106 2087 1178 142 4926 1019 2890 1515 682 833 518 2433 250 261 82 582 416 339 934 735 268 145 1166
is_linear=0
shrinkage=0.03


Tree=36
num_leaves=63
num_cat=0
split_feature=9 14 9 15 1 9 17 29 14 16 24 1 27 7 1 17 1 14 29 24 28 14 12 8 1 17 12 14 14 20 28 8 19 5 19 16 5 1 18 2 12 15 15 15 13 27 8 5 22 18 30 20 13 30 12 4 12 12 13 12 1 17
split_gain=402.943 124.73 122.57 35.8796 43.3681 25.5858 25.282 27.7086 21.1258 22.3024 19.4773 15.6813 13.6296 13.4948 13.1061 30.6235 12.5179 10.4029 9.13682 8.98638 8.5774 9.10014 8.4679 13.3448 7.3244 10.0626 13.6602 11.1937 7.12444 5.99276 5.69434 5.68218 5.41772 5.32768 5.26085 10.2472 4.75094 4.62673 4.58676 4.44393 4.38447 4.07642 3.99291 3.96742 4.22345 4.06223 3.96399 3.88962 5.13661 5.69491 3.975 9.4085 6.7471 3.64586 3.58695 4.79021 17.9308 4.98046 3.54579 3.40187 5.14204 3.36923
threshold=2789.8500000000008 1580.6907142857146 4917.2750000000005 2197.0835416666673 5.5000000000000009 3700.0850000000005 22.185000000000006 26.356250000000006 2156.4585714285718 3816.5150000000008 0.49541412977816429 5.5000000000000009 -24833.649999999998 -0.95995996396290595 5.5000000000000009 104.71500000000002 4.5000000000000009 1301.592142857143 25.781250000000004 1.281266939889941 6223.1458333333348 5339.6400000000003 2523.8042485119054 -0.031174269516803289 5.5000000000000009 224.88000000000002 3299.1251339285723 2571.7664285714286 3200.8450000000007 3103.2558854166668 4172.5950000000003 0.18281312110578132 4810.0600000000004 -0.68322629814330782 4269.8600000000015 3362.7800000000002 -0.63405362205439475 3.5000000000000004 1983.6250000000002 3.5000000000000004 2594.4739732142862 2571.7418750000002 1675.6098437500002 3953.9343750000003 1877.5276456143031 -6641.4499999999998 0.97832380634958016 0.065403129230143103 316.21999999999997 1942.4450000000004 8.2062500000000025 3088.9411458333338 1997.8011663714653 0.55625000000000047 2903.1053348214291 1.0000000180025095e-35 3465.8345238095244 2924.4133705357149 2323.9508112716153 3363.6982738095244 1.0000000180025095e-35 399.14500000000004
decision_type=2 2 2 2 2 2 2 2 2 2 2 2 2 2 2 2 2 2 2 2 2 2 2 2 2 2 2 2 2 2 2 2 2 2 2 2 2 2 2 2 2 2 2 2 2 2 2 2 2 2 2 2 2 2 2 2 2 2 2 2 2 2
left_child=1 3 5 6 10 28 19 -8 9 18 -5 20 16 -6 33 -16 22 30 -3 -1 21 53 -12 29 34 26 -26 -28 58 -24 -15 38 -7 -11 35 -10 -13 -22 -17 -23 -30 -42 -36 44 45 -37 59 48 49 50 51 -14 -53 -4 -35 57 -57 -56 -2 60 -34 -38
right_child=2 8 11 4 13 32 7 -9 24 14 12 36 47 17 15 31 -18 -19 -20 -21 37 39 23 -25 25 -27 27 -29 40 -31 -32 -33 46 54 42 43 61 -39 -40 -41 41 -43 -44 -45 -46 -47 -48 -49 -50 -51 -52 52 -54 -55 55 56 -58 -59 -60 -61 -62 -63
leaf_value=-0.021674435703196271 0.0004443918053714756 -0.0082701444868808205 0.0050903024522515805 -0.028144037998916412 -0.037607580729700781 0.0033969648334558956 -0.012347651273580042 -0.043269321388668479 -0.012792051867581904 0.0012614664437391159 -0.022893826815685848 0.0010503437255951088 -0.0061027115752403912 -0.034439519485231579 -0.032443176175653933 -0.018965345593169331 -0.026636705525720922 -0.010599875970465408 -0.026059104704552076 -0.0048657643689253068 0.0086328508334537583 0.0092496688611473765 -0.02515072422177899 -0.0019284236411542884 0.0017917430362945725 -0.0028984108420205138 -0.030119877389177332 -0.0093420177800766068 0.0089103989154571961 -0.0086855628679892629 -0.018753591108051214 -0.0026187124774538369 0.017149154527578502 -0.0014213510856182555 0.010655949180945753 -0.00033701504142489945 0.00097069511728203103 -0.0044537715077915757 -0.0050878996744232116 0.012657547335693782 -0.00083685734765321306 0.0022564049934734884 0.00070917125863824198 0.00058310509112034705 -0.0031174997015543417 -0.0083627590937539933 0.01259919481775555 -0.0031229075836996922 -0.0037327093940984924 -0.002418399466334709 -0.006196082570607794 -0.03003607534998378 -0.012900168825669781 0.0098607012709246728 -0.015102712390035753 0.0015240129684521394 -0.0258394567507487 -0.00444399265041482 -0.0017375577248306033 0.0038765964361702943 0.0063046963698867283 0.010036232958055037
leaf_weight=57 3013 45 336 43 46 1889 40 80 77 150 40 250 63 40 49 45 51 76 65 58 42 529 42 131 42 348 42 54 78 40 54 138 47 261 42 1053 52 55 42 1082 460 2289 235 534 1819 59 82 320 205 69 68 42 45 258 40 43 42 1210 861 414 236 128
leaf_count=57 3013 45 336 43 46 1889 40 80 77 150 40 250 63 40 49 45 51 76 65 58 42 529 42 131 42 348 42 54 78 40 54 138 47 261 42 1053 52 55 42 1082 460 2289 235 534 1819 59 82 320 205 69 68 42 45 258 40 43 42 1210 861 414 236 128
internal_value=-4.41294e-05 -0.00524727 0.00341517 -0.0127129 -0.0108468 0.00178432 -0.0235393 -0.0331493 -0.00337773 -0.00582098 -0.00853274 0.00900525 -0.00775259 -0.0231669 -0.00509856 -0.0111903 -0.0131669 -0.0190623 -0.0189219 -0.013312 0.00998767 0.0103716 -0.0103574 -0.0079072 -0.0021678 -0.0056334 -0.0124599 -0.0186491 0.000794825 -0.0173204 -0.0257207 -0.00643888 0.00426832 -0.00413671 -0.00172541 -0.00203687 0.00373494 0.00124287 -0.0123998 0.0115449 0.00193964 0.00173868 0.00225025 -0.00179425 -0.00222743 -0.000769973 0.00637422 -0.00571186 -0.00738598 -0.00997344 -0.0123427 -0.0150698 -0.02142 0.00717538 -0.00464453 -0.00527315 -0.01214 -0.00479687 -4.08717e-05 0.00562487 0.00815976 0.00743713
internal_weight=20146 8045 12101 1610 1375 9369 235 120 6435 2130 1159 2732 1116 216 2020 274 304 170 110 115 2302 2205 253 213 4305 486 138 96 6701 82 94 225 2668 1746 3819 3542 430 97 87 1611 2827 2749 277 3465 2931 1112 779 812 492 287 218 150 87 594 1596 1335 85 1250 3874 697 283 180
internal_count=20146 8045 12101 1610 1375 9369 235 120 6435 2130 1159 2732 1116 216 2020 274 304 170 110 115 2302 2205 253 213 4305 486 138 96 6701 82 94 225 2668 1746 3819 3542 430 97 87 1611 2827 2749 277 3465 2931 1112 779 812 492 287 218 150 87 594 1596 1335 85 1250 3874 697 283 180
is_linear=0
shrinkage=0.03


Tree=37
num_leaves=63
num_cat=0
split_feature=14 9 26 1 14 7 10 9 7 20 17 12 16 24 1 13 24 20 7 15 20 16 16 0 16 4 12 7 12 18 1 14 12 1 13 12 14 12 12 14 16 30 13 25 18 22 4 12 20 29 14 17 17 11 29 26 15 28 30 7 12 7
split_gain=382.313 126.224 112.387 37.1234 36.6865 30.9624 31.4558 27.9643 26.5345 27.9441 22.6424 18.6712 14.1686 12.7947 12.4859 10.5101 16.0915 10.1106 8.64518 8.30221 10.7544 8.02349 12.8594 6.99351 6.98148 6.46594 6.25037 6.18849 9.79238 7.91312 6.1336 7.16075 6.30896 5.77089 10.6028 5.6512 5.41691 5.329 5.26277 5.24971 6.25932 5.20532 7.83755 8.86184 6.7968 6.66253 6.78419 5.17566 5.0937 4.80985 4.58275 4.48306 7.49244 4.2664 6.91186 4.1832 4.07536 3.95244 4.02453 6.8304 3.92299 4.68661
threshold=2691.2700000000004 5129.8350000000009 32652.750000000004 5.5000000000000009 1931.1507142857142 -0.99372698525316483 1819.0250000000003 3621.3100000000009 -0.8041866928211282 2077.3942187500006 99.950000000000017 2861.239479166667 3816.5150000000008 0.5858346065557013 5.5000000000000009 1926.6403393641629 0.88517857269804534 6481.8408333333346 0.98372640911059162 3807.1038541666671 3927.315364583334 4429.5550000000012 4241.3600000000015 50.500000000000007 3816.5150000000008 1.0000000180025095e-35 3353.5740848214296 0.97696484778429815 3660.6391889880956 2080.3350000000005 3.5000000000000004 3925.9121428571439 4411.7554092261917 5.5000000000000009 2287.0556599241499 3539.8088392857144 4310.4842857142867 2380.5719047619054 2501.8138764880955 5167.4764285714291 3362.7800000000002 8.9250000000000025 2612.8569198096543 8435.7500000000018 1983.6250000000002 -0.61500000000023636 1.0000000180025095e-35 2513.1384747023812 3007.1436458333337 26.131250000000005 6352.6592857142869 26.765000000000004 17.115000000000006 2780.6950000000002 23.731250000000006 5866.8500000000013 4285.6030729166678 6260.7450000000008 4.0500000000000034 -0.98046803196378884 3680.6969791666675 0.77447169083781808
decision_type=2 2 2 2 2 2 2 2 2 2 2 2 2 2 2 2 2 2 2 2 2 2 2 2 2 2 2 2 2 2 2 2 2 2 2 2 2 2 2 2 2 2 2 2 2 2 2 2 2 2 2 2 2 2 2 2 2 2 2 2 2 2
left_child=2 7 4 8 5 6 -1 21 9 -4 11 23 -7 -14 25 -10 -17 19 -5 20 24 22 39 -11 53 36 -18 28 29 -22 31 -9 -33 41 38 -24 -3 49 -35 40 -2 42 44 -44 45 48 -47 -26 -15 -23 60 52 -49 54 -6 -27 -16 58 -38 -60 61 -39
right_child=1 14 3 18 17 12 -8 30 15 10 -12 -13 13 33 56 16 26 -19 -20 -21 27 37 35 -25 47 55 -28 -29 -30 -31 -32 32 -34 34 -36 -37 57 50 -40 -41 -42 -43 43 -45 -46 46 -48 51 -50 -51 -52 -53 -54 -55 -56 -57 -58 -59 59 -61 -62 -63
leaf_value=-0.0086746416661771936 -0.01030057239639931 0.0048065427859889012 -0.001342889123259048 -0.024416334100200658 -0.0033889414608064623 -0.020277520610979989 -0.038787170176648275 0.0031293699661993218 -0.0029303237341384908 -0.013722240337275433 -0.010474852549058883 -0.043244504788473463 -0.018784006073403713 -0.0048021924411825075 0.00097307816822125208 -0.024755015553241329 -0.016921406321309725 -0.016699131401410949 -0.043503358701114041 -0.00043648085902158178 -0.022311478357210444 0.0016542816124856471 -0.015581937543871001 -0.029963385175280972 0.001961087966181968 0.0085960412254049018 -0.0046328472592964921 -0.018049711368724027 -0.0021193203677014427 -0.0079097503252580931 0.0025736025100596251 0.0078623183132376425 0.0010699731304775922 -0.014273015738581305 -0.018981358191292538 -0.0022981801099995983 0.010252634158145649 0.0010490998779239327 -0.0027639795672318238 0.0051172274829519807 -0.00062841910292436094 -0.00087639192182026543 -0.021841952757968103 -0.0050454995244921695 -0.0008000420275998387 -0.0034065682122825583 -0.013526394992316169 -0.00027619775190059815 -0.014162983893910524 0.015978141598312595 0.0078854012678155321 -0.0022192857358516865 -0.014055208996355583 -0.0016855701736983705 -0.018013859773054718 -0.0025163697909661811 0.0071685757688080354 0.0033079633129942149 0.0019791468640576802 0.014156226866162167 -0.0001612892892840776 0.0041313762567006043
leaf_weight=74 64 135 57 55 53 63 54 839 177 49 72 66 66 87 176 69 50 44 42 1370 43 44 78 52 253 65 143 43 245 168 1458 860 144 47 75 46 1146 2980 143 129 821 266 53 61 293 557 66 66 136 40 85 2306 76 60 65 56 209 58 45 584 1982 521
leaf_count=74 64 135 57 55 53 63 54 839 177 49 72 66 66 87 176 69 50 44 42 1370 43 44 78 52 253 65 143 43 245 168 1458 860 144 47 75 46 1146 2980 143 129 821 266 53 61 293 557 66 66 136 40 85 2306 76 60 65 56 209 58 45 584 1982 521
internal_value=3.39831e-05 0.00325503 -0.00524592 -0.0156502 -0.00397696 -0.00734448 -0.0215806 0.00176577 -0.0133134 -0.0202495 -0.0247342 -0.0307831 -0.00638116 -0.00589723 0.00932631 -0.0086013 -0.0124067 -0.00254144 -0.0330404 -0.00240675 -0.00320546 0.000664402 -0.00163288 -0.0222958 -0.00249905 0.0102416 -0.00788723 -0.00726799 -0.00621402 -0.0109361 0.00403033 0.00518073 0.00689015 -0.00541023 -0.00949512 -0.0107119 0.0106557 0.00112715 -0.00567077 -0.000513161 -0.00133871 -0.00469181 -0.00550044 -0.0129764 -0.00474146 -0.00610396 -0.00449861 -0.00211789 -0.0105488 0.0085829 0.00101315 -0.00254008 -0.0076976 -0.00823876 -0.0115287 0.00347464 0.00434621 0.0110836 0.0113357 0.0132896 0.000905198 0.00150884
internal_weight=20230 12565 7665 832 6833 2041 128 10091 735 296 239 167 1913 1850 2474 439 262 4792 97 4748 3378 6790 1138 101 2879 2089 193 499 456 211 3301 1843 1004 1784 265 124 1968 5652 190 1014 885 1519 1253 114 1139 846 623 2701 223 84 5568 2448 142 178 118 121 385 1833 1775 629 5483 3501
internal_count=20230 12565 7665 832 6833 2041 128 10091 735 296 239 167 1913 1850 2474 439 262 4792 97 4748 3378 6790 1138 101 2879 2089 193 499 456 211 3301 1843 1004 1784 265 124 1968 5652 190 1014 885 1519 1253 114 1139 846 623 2701 223 84 5568 2448 142 178 118 121 385 1833 1775 629 5483 3501
is_linear=0
shrinkage=0.03


Tree=38
num_leaves=63
num_cat=0
split_feature=27 26 9 1 15 17 26 1 24 13 9 15 13 6 7 1 13 13 15 13 12 24 1 8 15 28 30 15 15 11 15 16 27 1 0 16 2 13 11 7 9 10 1 0 7 26 23 21 17 4 6 1 16 28 6 30 11 28 17 17 17 0
split_gain=374.079 128.842 106.61 36.5875 45.2558 42.1301 32.4162 31.9666 27.3214 25.7715 19.937 18.6617 17.5312 14.3607 14.1659 13.3188 11.9446 18.6714 17.3635 11.9068 11.7857 8.79881 12.605 7.25553 12.4766 7.2535 8.95349 6.14781 8.65828 5.91114 5.68823 6.19926 5.51144 5.29486 7.27891 5.56828 8.42681 5.66067 5.06906 7.97661 4.87044 4.73278 4.70823 4.66931 4.58666 4.5865 4.56196 6.04005 4.37572 4.34491 4.25815 6.22343 3.9201 3.81054 3.64632 7.09353 4.42293 3.65469 3.6019 3.45313 3.29342 4.40996
threshold=-7815.5499999999984 31242.350000000002 5129.8350000000009 5.5000000000000009 2197.0835416666673 22.185000000000006 24145.850000000002 5.5000000000000009 0.55037518267569985 1527.5737535644328 3580.98 2197.0835416666673 2340.1691463807042 -0.88144907265856332 0.98372640911059162 5.5000000000000009 2692.1841111005619 2855.2381298880427 4441.0696354166676 1678.9824797221636 2861.239479166667 0.8302899564834737 3.5000000000000004 -0.46989712924132493 1675.6098437500002 6342.7016666666668 5.9000000000000012 3836.4018750000009 3429.5402083333333 4706.5500000000002 3911.7951562500002 4180.8950000000013 8258.3000000000011 5.5000000000000009 26.500000000000004 3745.2700000000004 8.5000000000000018 1908.2665856712363 2766.7200000000007 -0.99372698525316483 1885.5400000000002 1335.1900000000003 1.5000000000000002 60.500000000000007 -0.72101013194340913 5774.1500000000005 -994.40428571428538 5088.1000000000013 99.320000000000007 1.0000000180025095e-35 -0.91037613702198728 1.5000000000000002 9999.590000000002 2951.3383333333336 -0.93540483100319605 7.1062500000000002 1952.2850000000001 4510.3283333333338 299.58500000000009 1894.6700000000003 399.14500000000004 27.500000000000004
decision_type=2 2 2 2 2 2 2 2 2 2 2 2 2 2 2 2 2 2 2 2 2 2 2 2 2 2 2 2 2 2 2 2 2 2 2 2 2 2 2 2 2 2 2 2 2 2 2 2 2 2 2 2 2 2 2 2 2 2 2 2 2 2
left_child=1 6 10 4 5 19 16 11 -6 -9 25 13 -11 -8 -5 32 23 18 -18 -3 -7 22 -10 24 -1 33 -27 28 -26 45 31 -13 49 35 -35 36 -2 46 39 -25 54 50 58 -15 -17 -12 47 -37 -43 53 51 -23 -50 -4 55 -33 -57 -56 -31 -42 -46 -62
right_child=2 3 15 14 8 20 7 9 21 12 29 30 -14 43 -16 44 17 -19 -20 -21 -22 41 -24 38 27 26 -28 -29 -30 42 -32 40 -34 34 -36 37 -38 -39 -40 -41 59 48 -44 -45 60 -47 -48 -49 52 -51 -52 -53 -54 -55 57 56 -58 -59 -60 -61 61 -63
leaf_value=-0.018909956496208906 0.0035730438806785966 0.0001103338896511839 0.0015188044693194708 -0.020476924322650466 -0.031660897232253446 -0.022257812404138752 -0.030497998476664467 -0.038001959370781803 -0.0074542507956452345 -0.0064203856442370168 0.0075108048931368564 0.0025189978410646821 -0.024456875317652397 -0.0145935191496347 -0.041668889168298466 -0.0027301724619330624 -0.004142292057629675 -1.8864943874332139e-05 -0.028051300232431717 -0.01883363844361156 -0.042833706797273066 -0.0054626035805336219 -0.02671558737834083 -0.012501560589538285 -0.0027471373853449883 -0.015136177339009009 0.0032478659453668763 0.0011193682295133306 -0.014344670941366905 0.0023103270936184203 -0.00068796281057918187 -0.0067639412640454 0.011657725630606625 0.0019333113218707376 -0.0037862632403145879 0.018019100622069541 -0.0070944882795129982 0.00081672122994613469 -0.00034733842312565961 -0.0021048728324221432 -0.0029400041921985439 0.003489432384524105 0.004126296919232224 -0.0018896220239500202 -0.0010841007230417993 0.002650119946031362 0.0025873344954012701 0.0040363026242703198 -0.0084845847904057026 0.0021970506417299317 -0.0012621830575168132 -0.01707273835338214 -0.001458774134535162 0.0094413817145768061 -0.0079427967591999254 -0.024415070007724839 -0.010713816467973897 -0.0013746300630462099 0.010307024356085583 -0.011144435177779728 0.015663436737864515 0.0050685728059935665
leaf_weight=54 111 51 58 70 43 42 40 41 91 152 187 88 71 64 52 77 49 105 62 71 80 84 46 67 184 55 41 152 84 64 327 192 895 355 457 40 164 2827 1857 2946 510 66 547 44 57 2549 1355 89 145 91 49 84 141 1077 194 40 50 126 256 50 42 212
leaf_count=54 111 51 58 70 43 42 40 41 91 152 187 88 71 64 52 77 49 105 62 71 80 84 46 67 184 55 41 152 84 64 327 192 895 355 457 40 164 2827 1857 2946 510 66 547 44 57 2549 1355 89 145 91 49 84 141 1077 194 40 50 126 256 50 42 212
internal_value=-7.36224e-05 -0.00479023 0.00344749 -0.014305 -0.0123764 -0.0235792 -0.00338317 -0.00666924 -0.00870029 -0.0163747 0.001937 -0.00517525 -0.0122465 -0.0153291 -0.0297749 0.00892118 -0.00220665 -0.00910759 -0.0176281 -0.0109779 -0.0359887 -0.00725904 -0.0140683 -0.00192607 -0.0054659 0.000799397 -0.00733212 -0.00369657 -0.006422 0.00367096 -0.00421322 -0.00513414 0.00985621 0.000945343 -0.00128641 0.00134069 -0.00279134 0.00160486 -0.00158048 -0.00234013 -0.00571539 -0.00559775 0.00582982 -0.00948268 0.00379769 0.00298496 0.0031047 0.00847731 -0.00343372 0.00853264 -0.00907621 -0.0113343 -0.00503796 0.00903822 -0.0075892 -0.0100808 -0.0170046 -0.00536892 0.00871986 -0.0036911 0.00541749 0.00687503
internal_weight=20270 8664 11606 1115 993 244 7549 1989 749 264 9097 1725 223 148 122 2509 5560 216 111 122 122 706 137 5344 474 5494 96 420 268 3603 1577 1250 2121 5398 812 4586 275 4311 4870 3013 1162 569 867 108 388 2736 1484 129 352 1226 217 168 286 1135 602 282 90 320 320 560 311 254
internal_count=20270 8664 11606 1115 993 244 7549 1989 749 264 9097 1725 223 148 122 2509 5560 216 111 122 122 706 137 5344 474 5494 96 420 268 3603 1577 1250 2121 5398 812 4586 275 4311 4870 3013 1162 569 867 108 388 2736 1484 129 352 1226 217 168 286 1135 602 282 90 320 320 560 311 254
is_linear=0
shrinkage=0.03


Tree=39
num_leaves=63
num_cat=0
split_feature=14 9 14 16 1 15 21 28 24 27 1 8 15 8 9 7 12 12 6 1 14 12 20 26 5 8 7 12 26 23 6 28 29 5 25 14 16 23 7 28 9 6 14 29 7 12 8 15 12 21 25 20 29 8 12 29 25 26 15 16 28 7
split_gain=347.603 133.829 90.3318 42.3723 30.4282 31.3217 25.0277 36.9508 21.4127 21.1157 19.8386 32.3639 27.6998 90.0866 18.373 15.5322 13.1147 17.9716 11.9263 11.6313 9.47523 8.83705 19.957 8.69649 8.14255 8.69799 9.11167 8.10341 6.42775 6.2438 6.16108 5.98981 5.70253 10.0228 11.6044 4.88085 6.33014 4.80087 4.67398 4.57294 4.49856 4.48312 4.45323 4.38768 5.27549 4.74468 7.91336 4.70554 5.30322 4.16347 4.63392 3.88224 4.48487 3.82829 3.8111 3.6755 3.37246 4.6231 3.34546 3.33724 3.32125 3.31194
threshold=2446.3607142857149 4000.5950000000007 1301.592142857143 4031.0200000000004 5.5000000000000009 2122.5288020833336 5396.4750000000013 3834.711666666667 0.55037518267569985 7311.2000000000007 5.5000000000000009 0.29958852271690523 3272.2467187500001 -0.065537083312030994 3220.98 -0.88622299073327826 3320.8335491071434 3448.3236607142862 -0.88144907265856332 5.5000000000000009 4310.4842857142867 3105.8277083333337 4471.6952083333335 27051.250000000004 -0.70710678118654735 -0.46989712924132493 -0.82897401153126982 2523.8042485119054 34970.700000000004 107.62071428571427 -0.91037613702198728 6478.5500000000011 32.581250000000011 1.0000000180025095e-35 9489.7000000000025 3003.9392857142861 3745.2700000000004 -307.04571428571421 0.94978112945126536 3129.3916666666669 1988.95 -0.58216583101416131 3442.945714285715 28.156250000000004 -0.97876850416056738 4437.5245014880957 0.96849880583763492 5028.9013541666673 3520.1455877976191 5000.255000000001 6627.3500000000013 3853.6221354166669 19.656250000000004 -0.23537842981696178 3307.9316964285722 29.981250000000006 8486.6500000000033 23312.600000000002 5009.3579687500014 6633.7250000000013 4682.1950000000006 -0.99763297024448894
decision_type=2 2 2 2 2 2 2 2 2 2 2 2 2 2 2 2 2 2 2 2 2 2 2 2 2 2 2 2 2 2 2 2 2 2 2 2 2 2 2 2 2 2 2 2 2 2 2 2 2 2 2 2 2 2 2 2 2 2 2 2 2 2
left_child=2 14 4 6 5 15 16 -8 -7 19 24 12 18 -14 31 28 29 -18 -12 20 -3 27 54 -6 -5 26 -26 30 -1 -4 55 35 33 34 -28 36 -2 -25 -38 -21 53 -40 59 45 -45 46 47 48 51 50 -44 52 -22 -27 -23 -10 -35 -58 -47 -16 -20 -42
right_child=1 9 3 10 23 8 7 -9 21 -11 11 -13 13 -15 42 -17 17 -19 60 39 43 22 -24 37 25 40 32 -29 -30 -31 -32 -33 -34 56 -36 -37 38 -39 41 -41 61 -43 49 44 -46 58 -48 -49 -50 -51 -52 -53 -54 -55 -56 -57 57 -59 -60 -61 -62 -63
leaf_value=-0.0088144369964856042 -0.0065026688409571144 0.0040015645740290248 -0.0082921536251281697 0.0017782616949796718 -0.015917103208633959 -0.027624248875571151 -0.0044827821098115976 -0.038040668746107259 -0.022315429458394646 0.010588347438953202 -0.019362082294211155 -0.0022300079233346795 -0.010047374354840559 -0.057989687876281691 -0.0016833307097209088 -0.038854015118935527 -0.031746462280196799 -0.0059414495984092359 0.0044900174428890377 0.010504747423464836 0.0051131717942285637 -0.017535959072157985 -0.0034887256688881573 -0.041106048146528858 -0.017756194498106195 -4.110042686806992e-05 -0.026479287298396232 -0.0031059067890164441 -0.025544467649782417 0.0047589554052922083 -0.0045190155783867729 -0.0093562097046250361 0.0021584239532239737 -0.00036110025076272563 -0.0049196269991312255 0.00066209366230417124 -0.00057038673997492106 -0.025928844208565522 -0.011945760095062164 0.0005724966802627588 -0.0087484467644695068 -0.0010614945445598855 0.012455699879911738 0.0033610197966201945 0.012109108096264478 -0.00028651508391790446 0.012199227870512261 0.014394125506747513 0.0032402206820566362 0.0025588126424542822 0.0039937295268039335 0.0026862432099903555 0.012588077834084334 -0.0049921505690286808 -0.03113672920886041 -0.010112943426938728 -0.015453725264274647 -0.0026322213355028492 0.0091739822826955638 0.0016388086830601395 -0.0061372800922254098 -0.0016989548669448381
leaf_weight=42 185 895 71 301 42 55 48 77 47 1080 40 351 128 48 317 50 41 59 58 45 120 45 82 41 63 164 44 299 43 60 69 67 71 120 46 2320 3095 52 64 450 61 72 82 77 340 125 264 59 411 1743 201 93 189 983 40 47 41 65 45 1892 47 1913
leaf_count=42 185 895 71 301 42 55 48 77 47 1080 40 351 128 48 317 50 41 59 58 45 120 45 82 41 63 164 44 299 43 60 69 67 71 120 46 2320 3095 52 64 450 61 72 82 77 340 125 264 59 411 1743 201 93 189 983 40 47 41 65 45 1892 47 1913
internal_value=-5.8968e-05 0.00247229 -0.0062118 -0.00456559 -0.0146535 -0.01245 -0.0145193 -0.0252923 -0.00981671 0.00697292 -0.00378274 -0.00853803 -0.0154072 -0.0233763 0.000591813 -0.0256216 -0.00860594 -0.0167311 -0.00564057 0.00571562 0.0065128 -0.00821824 -0.014124 -0.0278318 -0.00295546 -0.00335485 -0.00725112 -0.00605759 -0.0174765 -0.00232378 -0.0114201 -0.000504631 -0.00549964 -0.00722166 -0.0156351 -0.000399627 -0.00112068 -0.032986 -0.000810607 0.00149479 -0.00279092 -0.00623331 0.00209398 0.00781416 0.0105057 0.0069474 0.00764675 0.00625608 0.00564853 0.00310958 0.00648083 0.00809661 0.00971106 -0.00428489 -0.024224 -0.0163849 -0.00381708 -0.00768956 0.00225674 0.00116152 -0.000279985 -0.00192112
internal_weight=20085 14231 5854 4900 954 819 356 125 684 4193 4544 672 321 176 10038 135 231 100 145 3113 2618 629 167 135 3872 3571 450 462 85 131 163 5803 387 316 90 5736 3416 93 3231 495 3121 136 4235 1723 417 1306 1136 872 813 2026 283 402 309 1147 85 94 226 106 170 2209 105 1974
internal_count=20085 14231 5854 4900 954 819 356 125 684 4193 4544 672 321 176 10038 135 231 100 145 3113 2618 629 167 135 3872 3571 450 462 85 131 163 5803 387 316 90 5736 3416 93 3231 495 3121 136 4235 1723 417 1306 1136 872 813 2026 283 402 309 1147 85 94 226 106 170 2209 105 1974
is_linear=0
shrinkage=0.03


Tree=40
num_leaves=63
num_cat=0
split_feature=14 9 14 16 22 14 7 1 9 1 9 1 11 0 0 29 1 25 13 1 7 9 15 7 30 29 23 1 0 10 14 25 7 1 15 16 0 19 16 13 9 1 8 15 25 16 20 13 6 13 9 1 7 20 13 14 10 5 24 13 7 13
split_gain=336.627 141.973 64.2096 41.0373 28.6649 25.7564 20.5128 23.1521 18.8516 18.0656 22.4268 17.9041 16.2937 15.8604 13.7691 16.4595 11.3982 11.2749 9.03791 24.178 15.7347 8.83306 8.09414 7.92322 14.0275 7.37617 15.4295 7.37078 7.05642 6.33772 6.30341 5.98848 5.9457 13.7429 6.08146 5.84376 5.55821 5.52928 5.92334 5.18311 5.10036 5.9104 7.13739 5.04647 4.87912 4.82604 4.67137 4.18538 4.47786 4.18331 4.0798 3.98506 4.06721 3.92624 3.81957 4.40084 3.77377 4.73633 3.65857 3.59466 5.99483 3.75429
threshold=2236.7757142857149 3839.7050000000004 1343.4850000000004 4035.2800000000002 -86.819999999999922 6600.0892857142862 -0.99630266176052629 5.5000000000000009 2883.3850000000007 1.5000000000000002 599.5350000000002 5.5000000000000009 1993.1050000000002 51.500000000000007 55.500000000000007 32.23125000000001 5.5000000000000009 8368.3500000000004 2164.1526792547152 5.5000000000000009 -0.18386704952168662 99.865000000000023 2197.0835416666673 0.89546819317495652 0.8000000000000026 31.256250000000005 343.13285714285718 5.5000000000000009 25.500000000000004 1819.7650000000001 3689.5192857142861 9737.4000000000015 -0.69674959280705229 3.5000000000000004 3805.0709375000001 3816.5150000000008 31.500000000000004 3999.6350000000007 3362.7800000000002 1804.0505770258894 2399.6850000000004 5.5000000000000009 0.51113019672828186 1939.7336979166669 31808.950000000001 6500.7000000000007 3480.0002604166671 1910.7244365710915 0.06540312923014284 2472.6052289630084 1962.7300000000002 2.5000000000000004 0.99552231814189451 2549.374895833334 2111.2163142005197 5026.9021428571441 1918.5200000000002 -0.55557023301960229 0.70370901032954125 1847.1111014788214 0.96904697354198299 1877.5276456143031
decision_type=2 2 2 2 2 2 2 2 2 2 2 2 2 2 2 2 2 2 2 2 2 2 2 2 2 2 2 2 2 2 2 2 2 2 2 2 2 2 2 2 2 2 2 2 2 2 2 2 2 2 2 2 2 2 2 2 2 2 2 2 2 2
left_child=2 8 4 9 13 23 7 29 37 17 -11 22 -12 43 15 21 -7 -4 56 25 -21 -15 -6 53 36 26 32 30 -29 -5 35 -19 -20 -34 -35 -10 45 38 -2 -40 41 -41 50 -1 -18 -25 -26 -48 -49 -37 -43 -47 -53 -3 55 -32 57 -8 -45 -24 61 -61
right_child=1 5 3 6 11 16 18 -9 27 10 12 -13 -14 14 -16 -17 44 31 19 20 -22 -23 59 24 46 -27 -28 28 -30 -31 54 -33 33 34 -36 49 -38 -39 39 40 -42 42 -44 58 -46 51 47 48 -50 -51 -52 52 -54 -55 -56 -57 -58 -59 -60 60 -62 -63
leaf_value=-0.022195304987880474 -0.010315669929409133 0.010882807986927218 -0.00089242059522523325 0.0007923635483408967 -0.016859562764343406 0.010160873089235843 0.0012673285800475077 -0.03470802165204432 -0.0057384370604783973 -0.0067064139535650607 -0.04679530593167458 -0.022672632475261707 -0.020009372246188473 -0.041713722001229012 -0.0098886951978007943 -0.01207192188421221 0.0013141603786999694 -0.024881499919242094 -0.0010509041220880574 -0.01086468451594313 -0.033357989193006816 -0.025597531607599061 -0.0020684489251557112 -0.004137152225083234 0.016656519879509387 -0.0012940057673277766 -0.02421450106027935 0.0020777870635344787 -0.0031555420356553085 -0.015385764496086902 0.0038117215221016359 -0.0092084247405257291 -0.0027814613591612279 -0.024607386918624442 -0.0090163740835597986 0.0016841321143978335 -0.0038466614175807026 0.0017919915135347104 0.00025638971791639743 -0.0027607435184857794 -0.0010439340937014249 -0.0081221820074474302 -0.0029519933979627825 -0.018720303109604056 0.011508869699615423 0.0017331114600247313 0.0055763308678569452 0.0055803622410167007 0.014835628466425489 -0.00095620537804753491 -0.021915373234078286 0.011923032435905187 0.002997376836789772 0.00331878875345887 0.0018468153027777477 0.0098908222715885542 -0.0015438441453681339 -0.005152722022683463 -0.0087159979591650283 -0.014009672495087088 -0.018026388831097973 -0.0042051122175283066
leaf_weight=51 69 63 77 44 69 1533 121 40 109 44 41 79 45 69 44 42 210 41 185 89 41 69 151 48 89 396 41 371 615 42 459 50 161 48 45 3438 84 463 1094 1178 1670 40 92 45 52 123 181 72 145 640 40 124 74 1965 593 140 1167 697 132 42 43 203
leaf_count=51 69 63 77 44 69 1533 121 40 109 44 41 79 45 69 44 42 210 41 185 89 41 69 151 48 89 396 41 371 615 42 459 50 161 48 45 3438 84 463 1094 1178 1670 40 92 45 52 123 181 72 145 640 40 124 74 1965 593 140 1167 697 132 42 43 203
internal_value=-4.7701e-05 0.00200884 -0.00732983 -0.00534022 -0.0138579 0.00633565 -0.00432018 -0.0161335 0.000136799 -0.0159595 -0.024333 -0.00945885 -0.0331705 -0.0195373 -0.0252261 -0.0288999 0.00917263 -0.00937433 -0.0038173 -0.00613323 -0.0181592 -0.0338978 -0.00736345 0.00461738 0.00689453 -0.00432989 -0.00682659 0.00119725 -0.0011863 -0.00719462 0.00163431 -0.0164636 -0.00515132 -0.00812201 -0.0172395 0.00108586 0.00308458 -0.00131596 -0.00166031 -0.00151268 -0.00215339 -0.00352405 -0.00870564 -0.0138625 0.0033736 0.00466856 0.0104249 0.00899313 0.0118044 0.00126963 -0.0152042 0.00599406 0.00861901 0.00355901 0.00355826 0.00524666 -0.00264109 -0.00420267 -0.0113503 -0.00583596 -0.0077973 -0.00593601
internal_weight=20228 15774 4454 3415 1039 4763 3117 126 11011 298 130 587 86 452 224 180 1795 168 2991 1006 130 138 508 2968 940 876 480 6365 986 86 5379 91 439 254 93 4187 453 4646 4183 4114 3020 1350 172 228 262 369 487 398 217 4078 80 321 198 2028 1192 599 1985 818 177 439 288 245
internal_count=20228 15774 4454 3415 1039 4763 3117 126 11011 298 130 587 86 452 224 180 1795 168 2991 1006 130 138 508 2968 940 876 480 6365 986 86 5379 91 439 254 93 4187 453 4646 4183 4114 3020 1350 172 228 262 369 487 398 217 4078 80 321 198 2028 1192 599 1985 818 177 439 288 245
is_linear=0
shrinkage=0.03


Tree=41
num_leaves=63
num_cat=0
split_feature=14 14 27 27 27 20 23 15 19 13 28 14 11 20 29 15 27 27 15 17 29 8 15 28 13 13 15 19 6 21 18 14 21 17 20 20 17 15 12 20 19 12 20 8 6 8 13 18 8 17 19 21 20 21 28 28 13 14 10 20 12 8
split_gain=305.412 115.728 81.5739 32.5482 22.6381 20.0029 20.1375 19.6244 18.5593 25.3372 13.277 12.2044 9.98198 9.86677 11.3217 9.59191 8.23716 7.60737 7.5917 15.6827 21.9198 7.13533 12.2287 11.2703 6.93087 18.5612 15.6886 6.8586 6.6323 5.91878 9.08179 5.72281 5.63596 5.55259 5.42944 5.26088 4.65853 4.47072 4.64344 4.42559 5.61966 10.2504 4.22905 5.15921 4.06192 4.01141 4.72395 3.84218 3.83233 3.78604 3.63208 3.57828 3.46854 3.3723 3.24529 3.19262 8.18936 7.5893 7.14766 3.17816 3.07564 3.29877
threshold=2923.8442857142868 1580.6907142857146 1385.8500000000001 -24833.649999999998 -13136.799999999997 2077.3942187500006 -346.89142857142855 1839.3738541666669 199.98500000000004 1818.5644335311038 5278.2016666666677 5946.7028571428582 399.95500000000004 3007.1436458333337 30.756250000000005 2478.7048958333339 8258.3000000000011 -1579.3499999999997 2197.0835416666673 97.13000000000001 24.606250000000006 -0.39233249306308043 3107.1363541666669 5517.3550000000005 2692.1841111005619 2855.2381298880427 4501.2699479166677 1411.5900000000004 -0.77259657388510605 4665.0650000000014 2673.8950000000004 1111.9421428571429 6949.7350000000006 29.590000000000003 2546.3523437500003 2550.7788541666673 22.185000000000006 3862.0491145833339 2767.8059523809529 3927.315364583334 1819.8850000000004 2682.0625000000005 3980.3703125000006 -0.61405602385363023 -0.83146961230254512 -0.21862536810265826 1356.5064545269468 7993.7850000000008 0.98486764554468398 47.990000000000009 4269.8600000000015 6949.7350000000006 6474.4950520833345 5000.6900000000014 2641.938333333334 4421.1983333333346 2078.6952522039915 1892.5414285714289 1750.5100000000002 2810.6192708333333 2519.5437797619052 -0.031174269516803289
decision_type=2 2 2 2 2 2 2 2 2 2 2 2 2 2 2 2 2 2 2 2 2 2 2 2 2 2 2 2 2 2 2 2 2 2 2 2 2 2 2 2 2 2 2 2 2 2 2 2 2 2 2 2 2 2 2 2 2 2 2 2 2 2
left_child=1 3 11 5 12 -1 15 -5 9 -9 13 17 -3 31 -15 -7 36 47 19 35 -21 22 -10 -24 29 26 -26 -17 45 30 -6 -8 34 -20 -13 -14 -4 39 -39 40 41 -31 -41 -44 52 -23 -47 -2 -34 -38 -51 -48 55 -36 59 -35 57 58 -57 -42 -53 -62
right_child=2 4 16 7 24 6 10 8 21 -11 -12 32 18 14 -16 27 -18 -19 33 20 -22 28 23 -25 25 -27 -28 -29 -30 37 -32 -33 48 44 53 -37 49 38 -40 42 54 -43 43 -45 -46 46 51 -49 -50 50 -52 60 -54 -55 -56 56 -58 -59 -60 -61 61 -63
leaf_value=-0.0012953062351796867 0.001040618104458393 -0.016509054952839504 0.014960679725538623 -0.023550509781731913 -0.0017599578405448682 -0.040361765121698985 -0.013938918713981716 -0.037341626237944833 -0.0028972117937103442 -0.0064905696473052275 -0.031553002173399056 0.0017929079603932019 0.0028780430263112065 -0.026819421664333421 -0.0093668840635352992 -0.030757262435342585 0.010093737833085469 0.0031589509568787518 -0.013301926623098552 -0.0018002873683872168 -0.028483967046862849 -0.0009426633456234867 -0.029566821145211777 -0.010502308910663583 -0.0038420335995880042 0.002607772172195837 -0.026793498090571827 -0.013546394460967608 0.0025176092482999792 -0.015733751658808613 -0.016275652075379059 -0.0017868729053645744 0.0023646598263995229 -0.0031568609980966618 0.015992522990804309 -0.0092202308573024836 -0.00086337499635192217 0.0097695712971084935 0.00017316854064792963 -0.011740193894666877 -0.0055701935937761014 -0.0018398392377416686 -0.0092522176572952183 -0.0014418053834164952 -0.002220425906194898 0.0017968278349263175 -0.014325262471933716 -0.0080695736679315035 0.010980145923353526 0.0045762651270664124 0.0076717365827879648 -0.013653570174819277 -0.012839920994568061 0.0079116958202070844 6.1925215459081797e-05 -0.0077555478064875519 -0.0032540244692246412 -0.0058865284975313219 -0.024848729795776309 -0.0012279754793319993 -0.013212307333128481 -0.0038919641706988924
leaf_weight=60 5398 63 58 71 118 48 64 41 111 57 40 66 74 73 64 48 1007 1939 55 47 67 127 40 94 54 99 53 41 107 63 57 76 341 700 91 56 63 46 1318 57 190 190 96 356 942 48 69 41 53 522 1019 48 46 102 1800 41 333 125 50 742 40 217
leaf_count=60 5398 63 58 71 118 48 64 41 111 57 40 66 74 73 64 48 1007 1939 55 47 67 127 40 94 54 99 53 41 107 63 57 76 341 700 91 56 63 46 1318 57 190 190 96 356 942 48 69 41 53 522 1019 48 46 102 1800 41 333 125 50 742 40 217
internal_value=-6.31506e-05 -0.00400159 0.00340493 -0.011395 -0.00250617 -0.0175992 -0.0197463 -0.00840107 -0.00730191 -0.0196445 -0.0155056 0.00189439 -0.00479476 -0.0130831 -0.0187934 -0.0293752 0.00794774 0.00154597 -0.00449736 -0.00952254 -0.0175941 -0.00593914 -0.0103026 -0.0163701 -0.00137013 -0.00675065 -0.0153533 -0.0230673 -0.00429629 -0.00114861 -0.00655354 -0.00740155 0.0058226 -0.00395847 0.00925516 -0.00236412 0.0066422 -0.000952599 0.000503721 -0.0015211 -0.00107942 -0.00534791 -0.00410416 -0.00311742 -0.00372291 -0.00562648 -0.0070305 0.000970473 0.00354846 0.00633228 0.00662682 -0.00816519 -0.00481327 0.0117846 -0.000682314 -0.00450762 -0.00622103 -0.0107591 -0.0173154 -0.00211821 -0.00672934 -0.00538819
internal_weight=20122 9422 10700 1584 7838 514 454 1070 999 98 317 8031 2599 277 137 137 2669 7378 2536 244 114 901 245 134 5239 206 107 89 656 5033 175 140 653 2292 259 130 1662 4858 1364 3494 2985 253 509 452 2237 549 422 5439 394 1604 1541 374 1295 193 2732 1249 549 216 91 932 305 257
internal_count=20122 9422 10700 1584 7838 514 454 1070 999 98 317 8031 2599 277 137 137 2669 7378 2536 244 114 901 245 134 5239 206 107 89 656 5033 175 140 653 2292 259 130 1662 4858 1364 3494 2985 253 509 452 2237 549 422 5439 394 1604 1541 374 1295 193 2732 1249 549 216 91 932 305 257
is_linear=0
shrinkage=0.03


Tree=42
num_leaves=63
num_cat=0
split_feature=27 26 14 27 14 16 11 12 11 29 7 27 22 14 20 12 11 14 7 10 14 12 13 16 3 7 4 29 14 16 13 28 17 12 24 29 7 7 6 16 11 21 12 12 13 16 3 13 20 14 21 29 13 17 7 8 13 28 8 14 7 14
split_gain=268.338 98.6735 73.2368 21.8896 20.6231 21.7348 20.7009 23.6776 11.9478 11.3475 10.5568 10.156 9.54688 8.55018 8.43368 7.98555 8.92173 7.40274 11.3621 13.4943 9.87343 7.21554 7.11563 9.33226 6.85393 8.60609 6.71574 6.60726 7.10732 6.54134 6.26068 6.14774 5.69749 5.45568 5.32152 5.03814 4.79955 6.86279 6.22574 4.87294 6.11174 4.68625 4.83981 9.98507 4.39943 6.18115 4.24777 4.24132 3.80597 3.75304 3.82912 3.73474 3.73318 3.62112 3.58681 3.56138 3.53097 4.6452 4.29707 3.42526 3.88708 3.17912
threshold=-9907.9499999999989 6573.6000000000013 1580.6907142857146 -3932.5499999999997 462.50714285714292 4068.2050000000004 455.96000000000009 3032.2829166666675 399.95500000000004 29.506250000000005 -0.99630266176052629 7311.2000000000007 -2899.6249999999991 1000.8657142857143 6538.5306250000003 2320.2956919642861 4365.3550000000005 2260.9657142857145 -0.99372698525316483 1819.7650000000001 1931.1507142857142 2654.7668303571431 2179.4365469150875 6000.6050000000005 1.0000000180025095e-35 -0.9905448150984083 1.0000000180025095e-35 28.106250000000006 8186.1635714285721 5000.8750000000009 2396.9757490800407 5189.9600000000019 1408.9050000000002 3337.8753050595246 0.5858346065557013 24.406250000000004 0.99374995976406788 0.99818282439137029 -0.032701564615071448 3590.2500000000005 3187.9950000000003 6451.7750000000005 3320.8335491071434 3370.7715401785722 2312.0227613629318 5950.2550000000001 1.0000000180025095e-35 1804.0505770258894 4602.9074479166675 3051.7442857142864 4396.0600000000004 28.031250000000004 2660.3767698769002 193.64000000000001 0.92922379131507438 0.45082531555062549 1830.7395468007846 4239.088333333334 0.97832380634958016 5946.7028571428582 0.89546819317495652 5737.6721428571445
decision_type=2 2 2 2 2 2 2 2 2 2 2 2 2 2 2 2 2 2 2 2 2 2 2 2 2 2 2 2 2 2 2 2 2 2 2 2 2 2 2 2 2 2 2 2 2 2 2 2 2 2 2 2 2 2 2 2 2 2 2 2 2 2
left_child=2 11 4 12 -1 6 -6 21 9 -4 -7 24 -3 32 17 -5 44 18 19 -10 -21 -8 55 -24 25 -2 27 28 56 41 -25 -26 34 -29 -12 52 39 38 -38 40 -14 42 -20 -44 59 -46 -47 -19 -35 50 -41 -28 -27 -45 61 -15 57 -18 -58 60 -17 -37
right_child=1 3 8 15 5 10 7 -9 14 -11 13 -13 36 22 -16 16 26 47 29 20 -22 -23 23 30 31 35 51 33 -30 -31 -32 -33 -34 48 -36 54 37 -39 -40 49 -42 -43 43 53 45 46 -48 -49 -50 -51 -52 -53 -54 -55 -56 -57 58 -59 -60 -61 -62 -63
leaf_value=-0.025673634643581779 -0.0038079202279512735 -0.011854787759795846 -0.025634568514665813 0.013276987133458965 -0.036606289345933046 -0.020390806550670777 -0.015120080803436312 -0.030481753678006283 -0.00081152364417918209 -0.0034812884618242437 -0.022747012054937524 0.0098756374456865099 -0.0098860514565910166 -0.0024842187176917978 -0.014831944386659295 0.0015450209518477239 0.0093587149861092973 0.00036817409709139799 -0.0012453524050159523 -0.030137326785976564 -0.010052916541194114 0.00050962958930005488 -0.021111475044014776 -0.015275870499495912 0.0047976252143104962 0.006958967447223581 0.0017078741120434748 0.016199767352572003 0.011989188837638545 -0.0026599324471759866 -0.003965201342884736 -0.0036345343397659879 -0.0011364921704410914 0.0040721798849395951 -0.011252752413529877 0.0045679447648087831 -0.019031910030852729 0.0026312470688454564 -0.0033186320100695704 -0.009143765586222586 1.2998469508916355e-06 -0.013668343634663582 -0.018870539125376218 0.0028600935993270704 -0.0076335211554699146 0.0025471340729103934 -0.0019155115450394911 -0.0024026451959213283 0.014348198736822882 0.0013568046506459029 -0.00013100664818416116 -0.0096821106810654894 -0.0024644542080577373 -0.0070796086193657152 0.013929126754506299 -0.0073672238733219339 0.0012782246492495191 -0.00031739658676087855 0.0071640709933083547 0.0085568798541744515 0.0045280330682579036 0.011299541353067332
leaf_weight=76 57 60 40 62 45 61 43 50 60 43 42 1056 94 392 52 2018 158 692 155 40 51 67 54 61 482 578 67 75 92 1914 156 92 43 138 291 117 40 61 52 42 138 72 57 45 88 464 326 1763 42 2196 3178 41 40 118 175 205 627 62 135 76 488 142
leaf_count=76 57 60 40 62 45 61 43 50 60 43 42 1056 94 392 52 2018 158 692 155 40 51 67 54 61 482 578 67 75 92 1914 156 92 43 138 291 117 40 61 52 42 138 72 57 45 88 464 326 1763 42 2196 3178 41 40 118 175 205 627 62 135 76 488 142
internal_value=5.51927e-05 0.00248075 -0.00486192 0.00119281 -0.0104908 -0.0097101 -0.018782 -0.0135727 -0.00311043 -0.0143356 -0.00827173 0.00756624 -4.84386e-05 -0.00766157 -0.00292198 0.00265955 0.00252244 -0.00279433 -0.00393916 -0.011894 -0.0191128 -0.00568134 -0.00601233 -0.0100396 0.00611221 0.00748984 0.00450886 0.00509343 0.00405588 -0.00342559 -0.00720019 0.00344216 -0.0114428 0.00943042 -0.0127662 0.00810501 7.56972e-05 -0.00514973 -0.0102817 0.000218137 -0.00403002 -0.00669077 -0.00531829 -0.00816923 0.00169637 -0.000138041 0.000705493 -0.00162179 0.00653594 0.000400821 -0.000251367 -0.00266526 0.00634604 -0.00433481 0.0105894 -0.00417048 0.0033012 0.00664271 0.00232902 0.00231997 0.00212749 0.00828789
internal_weight=20247 13559 6688 10820 1586 1510 205 160 5102 83 1305 2739 5861 1244 5019 4959 4897 4967 2512 151 91 110 868 271 1683 1109 1437 1329 1074 2361 217 574 376 255 333 1052 5801 153 92 5648 232 447 375 220 3460 878 790 2455 180 5416 3220 108 618 163 434 597 982 220 762 2582 2506 259
internal_count=20247 13559 6688 10820 1586 1510 205 160 5102 83 1305 2739 5861 1244 5019 4959 4897 4967 2512 151 91 110 868 271 1683 1109 1437 1329 1074 2361 217 574 376 255 333 1052 5801 153 92 5648 232 447 375 220 3460 878 790 2455 180 5416 3220 108 618 163 434 597 982 220 762 2582 2506 259
is_linear=0
shrinkage=0.03


Tree=43
num_leaves=63
num_cat=0
split_feature=14 9 26 16 16 8 14 11 30 18 27 19 12 10 20 6 24 19 16 16 24 28 8 12 8 26 28 30 12 17 0 11 12 14 18 24 2 12 0 12 29 15 28 15 12 19 20 12 14 17 11 16 8 24 28 27 0 15 20 15 12 2
split_gain=288.054 119.412 57.9251 23.6166 38.8196 22.2732 20.223 17.0271 24.161 17.2444 16.6242 14.889 27.6537 14.8687 11.034 10.6869 7.20685 7.14095 6.30939 6.60607 5.80516 5.4816 5.17359 5.6477 5.42768 5.00595 4.83555 7.44239 15.8794 9.09255 5.92352 4.96449 4.3974 4.3828 4.35298 4.94637 5.16601 5.40131 7.47309 4.29141 4.23723 6.5475 4.18549 3.76317 5.07466 4.7528 6.06309 3.36983 5.33786 3.31491 3.71438 3.30641 4.05822 3.23993 3.23674 3.21979 3.16451 3.15602 2.88511 2.94031 3.60128 2.81728
threshold=2260.9657142857145 4082.7700000000004 32652.750000000004 3816.5150000000008 3590.2500000000005 -0.46989712924132493 3024.2614285714294 599.8950000000001 10.400000000000004 983.3950000000001 3808.6500000000005 199.98500000000004 2612.3685119047623 2100.4450000000002 2546.3523437500003 -0.84874750804349197 0.69447979185523845 4779.7350000000015 4429.5550000000012 4241.3600000000015 0.64492577383653604 5965.7766666666676 1.0000000180025095e-35 4405.6745089285723 0.96849880583763492 36429.200000000004 4056.7783333333341 8.2062500000000025 3524.6855282738102 1499.7400000000002 51.500000000000007 1750.6650000000002 2501.8138764880955 8357.544285714288 1799.5850000000003 1.2347019723864665 3.5000000000000004 3299.1251339285723 51.500000000000007 2424.9687276785721 31.156250000000004 5140.7918750000017 4140.921666666668 2571.7418750000002 3294.3434300595245 4999.505000000001 2550.7788541666673 3680.6969791666675 4831.8964285714292 999.23500000000013 3229.6400000000008 4031.0200000000004 0.029024409397335523 1.8752513431325084 5333.2050000000008 21220.500000000004 79.500000000000014 3911.7951562500002 6538.5306250000003 3953.9343750000003 3637.4897023809531 6.0000000000000009
decision_type=2 2 2 2 2 2 2 2 2 2 2 2 2 2 2 2 2 2 2 2 2 2 2 2 2 2 2 2 2 2 2 2 2 2 2 2 2 2 2 2 2 2 2 2 2 2 2 2 2 2 2 2 2 2 2 2 2 2 2 2 2 2
left_child=2 6 3 4 14 -4 18 8 9 42 17 12 -5 16 -1 20 -9 -3 19 51 -13 22 61 24 -24 -11 -22 28 30 -30 53 -32 -20 39 35 36 -18 38 -38 -8 41 -17 -7 44 45 -41 56 48 57 50 -49 52 -2 -28 -46 -12 -47 -45 59 60 -34 -19
right_child=1 10 5 11 -6 7 33 13 -10 25 55 15 -14 -15 -16 40 34 21 32 -21 26 -23 23 -25 -26 -27 27 -29 29 -31 31 -33 58 -35 -36 -37 37 -39 -40 43 -42 -43 -44 47 54 46 -48 49 -50 -51 -52 -53 -54 -55 -56 -57 -58 -59 -60 -61 -62 -63
leaf_value=0.0025238662704148073 -0.010843618823370586 0.0033847008685134188 -0.029597612547573364 -0.030435848918610384 -0.035614157365161485 -0.0070066909204668749 0.0094982051365077504 -0.019815032646605155 -0.00079318018032694759 -0.025235288860276338 0.0078531808767911254 -0.01691849943716079 -0.0038094169364194389 -0.026170325710243265 -0.01689804048205009 -0.0027805538909734494 -0.004210465980554 0.014491881416485188 0.0031123627657406402 -0.014466427795455922 -0.0032941564558492545 0.00056744952440614073 0.0058041313722861417 -0.0014245609749195863 0.013770359996105394 -0.040664395724990123 -0.0031201626619058328 -0.0035335222380945197 -0.024878973644747594 -0.0088765510119560905 -0.019281275038822338 -0.0050558046203833529 -0.00057317218254615109 0.0098746307802043461 0.0024105554017957976 -0.0027211848946535611 -0.010629607077043217 -0.0067749011763199056 -0.027340347693733325 -0.00026427249171152162 0.00094461554199889563 -0.014662684289370337 -0.020070680379867555 0.0016593518159861845 -0.001879830315591937 0.017267291239196698 0.00039940271469555337 -0.0088303037062366259 0.0076223081716163439 0.0013375043077363843 -0.00045002500598662488 0.00085588512820896419 -0.002880704636981308 -0.0096416145315549023 -0.010761251338630156 0.010828245768363172 0.0056274031135051146 0.0044161284386070466 -0.0082752249509339092 0.0005561493583552459 -0.0027563860260003646 0.0079530271780713802
leaf_weight=65 71 1386 72 55 58 40 59 40 52 47 1177 41 95 42 43 1505 99 121 273 48 544 116 474 79 92 45 296 383 75 58 51 40 2482 56 43 131 64 80 40 400 272 42 53 2356 381 41 97 58 166 1620 247 148 295 89 40 469 45 444 45 1196 936 126
leaf_count=65 71 1386 72 55 58 40 59 40 52 47 1177 41 95 42 43 1505 99 121 273 48 544 116 474 79 92 45 296 383 75 58 51 40 2482 56 43 131 64 80 40 400 272 42 53 2356 381 41 97 58 166 1620 247 148 295 89 40 469 45 444 45 1196 936 126
internal_value=3.84518e-06 0.00194889 -0.00662535 -0.00500675 -0.016037 -0.0136963 0.000390487 -0.0121847 -0.0188865 -0.0239406 0.0063853 -0.00448601 -0.0137093 -0.00920845 -0.00529301 -0.0040747 -0.00772538 0.00478608 -0.000924994 -0.00393385 -0.0058819 0.00670771 0.00750469 0.00607375 0.007121 -0.0331382 -0.00557648 -0.0068235 -0.00888339 -0.0180188 -0.00629842 -0.0131512 -0.000581407 0.00159298 -0.00662625 -0.00756841 -0.00979469 -0.0127602 -0.017256 0.00151344 -0.00250557 -0.00311241 -0.0145861 0.00143193 -0.000240847 0.00157064 0.00556102 0.00177529 0.00240957 0.000797248 -0.0020673 -0.00292408 -0.00445076 -0.00464879 -0.00274717 0.00870694 0.0113113 0.00209792 -0.00079847 -0.000723772 -0.00117166 0.0112018
internal_weight=20104 15544 4560 3712 166 848 11504 776 237 185 4040 3546 150 539 108 3396 497 2394 5494 562 1577 1008 892 645 566 92 1536 992 609 133 476 91 4932 6010 457 414 283 184 104 5954 1819 1547 93 5895 1004 583 183 4891 2966 1925 305 514 366 385 421 1646 86 2800 4659 4614 3418 247
internal_count=20104 15544 4560 3712 166 848 11504 776 237 185 4040 3546 150 539 108 3396 497 2394 5494 562 1577 1008 892 645 566 92 1536 992 609 133 476 91 4932 6010 457 414 283 184 104 5954 1819 1547 93 5895 1004 583 183 4891 2966 1925 305 514 366 385 421 1646 86 2800 4659 4614 3418 247
is_linear=0
shrinkage=0.03


Tree=44
num_leaves=63
num_cat=0
split_feature=27 27 1 17 27 8 12 9 9 30 20 1 30 0 8 0 16 17 19 8 6 23 13 1 0 19 8 28 5 20 19 13 21 17 7 30 19 16 21 28 16 21 17 13 19 25 19 4 6 0 28 17 8 21 5 10 16 7 30 8 13 8
split_gain=259.083 117.706 47.0043 42.4693 37.2096 28.2001 25.7136 22.471 17.0861 15.2224 17.9884 9.87944 9.53276 9.14177 12.8892 13.8277 8.80293 12.4819 21.118 8.61737 11.0573 8.77201 6.55222 6.33713 6.29533 6.17933 7.78888 8.49856 6.67387 8.62233 11.8025 9.21454 5.47696 5.46803 5.3045 7.63761 9.87301 5.27168 5.26719 5.26291 5.21048 4.79983 4.58369 4.50669 5.31539 5.10025 4.4585 4.39549 4.27821 6.7797 5.15776 4.26982 4.1747 4.14524 4.14491 4.11428 4.05969 3.96886 5.58832 5.91019 3.95127 3.66302
threshold=-13741.549999999997 -1579.3499999999997 5.5000000000000009 49.455000000000005 -22142.349999999995 -0.46989712924132493 2612.3685119047623 5468.5100000000011 2844.5750000000003 6.700000000000002 3489.9323437500002 5.5000000000000009 5.200000000000002 50.500000000000007 0.5969655492110445 55.500000000000007 3816.5150000000008 99.095000000000013 1799.2950000000003 0.70138038092733435 -0.84874750804349197 -72.779285714285677 2005.9532087060977 5.5000000000000009 24.500000000000004 4200.0950000000012 -0.46989712924132493 6112.8550000000014 0.13052619222005182 4471.6952083333335 3180.4300000000007 2323.9508112716153 6150.6500000000005 2520.7900000000004 0.9550229469509578 4.9000000000000012 2430.9400000000005 4180.8950000000013 6150.6500000000005 5999.9966666666669 4429.5550000000012 4059.5000000000005 17.115000000000006 2634.8829879030704 4490.0900000000011 8075.0000000000009 4899.8300000000008 1.0000000180025095e-35 -0.93540483100319605 51.500000000000007 4273.6633333333339 398.87500000000006 0.14888728888808328 5757.4650000000011 -0.72947329433276231 7319.3350000000009 3745.2700000000004 -0.98046803196378884 4.0062500000000005 -0.33426211444629356 1908.2665856712363 -0.30164489695395946
decision_type=2 2 2 2 2 2 2 2 2 2 2 2 2 2 2 2 2 2 2 2 2 2 2 2 2 2 2 2 2 2 2 2 2 2 2 2 2 2 2 2 2 2 2 2 2 2 2 2 2 2 2 2 2 2 2 2 2 2 2 2 2 2
left_child=2 8 4 -4 5 12 -5 39 25 10 13 33 -1 32 15 38 17 18 -6 20 21 -8 -12 46 -25 26 27 28 -2 30 31 -30 -7 47 41 36 -36 -18 -15 42 -39 -28 -3 44 -44 -46 56 57 49 -42 -51 -38 -34 -48 -13 -41 -10 -9 59 -59 -58 -45
right_child=1 7 3 6 16 9 19 11 23 -11 22 54 -14 14 -16 -17 37 -19 -20 -21 -22 -23 -24 24 -26 -27 34 -29 29 -31 -32 -33 52 -35 35 -37 51 40 -40 55 48 -43 43 61 45 -47 53 -49 -50 50 -52 -53 -54 -55 -56 -57 60 58 -60 -61 -62 -63
leaf_value=-0.038056797806809588 0.0023739208077116062 0.011821778794535651 -0.043079129146768688 -0.028223550517723198 -0.033543545975372561 -0.0016512876665111371 -0.025776417006605438 0.0019254016591577041 -0.0042815912574951653 -0.0038463937204577824 -0.03396332242866841 5.9807923103679188e-05 -0.017091833688318729 -0.018781476090133021 -0.0034131655056349264 -0.0081437816441471324 0.0021509966453803439 -0.00025179476438400646 -0.0065832291834056374 -0.00076953500090938347 -0.0017515624121067599 -0.011386540242396718 -0.01611346306131653 0.0019070712831411841 -0.0030991685907044903 0.0022081691531686018 -0.0099989331995119467 -0.015573528525419532 -0.0043973596777420404 0.00086806625665711431 -0.0024610210309759517 -0.021991631889643218 -0.017595127253060009 -0.0024078193519796644 -0.021824335892026016 0.0030141202103843522 0.00012321507684343182 -0.013412106558582531 -0.034449885539710519 0.0010602588135177257 -0.0038856231849393988 -0.00090009470859647256 0.0030133170899210751 0.006862542287095404 0.007632561869309511 0.0027028748428896739 0.006380391990409252 0.0027831757009594833 -0.0024471040260750565 -0.0058435463303253363 -0.017131038986091664 -0.010560058489936637 -0.0059941721977225526 0.0012265842942089991 0.0064667830567798641 -0.009460280736817454 0.0022339296074111135 0.0016339826605188809 0.01161007528777898 0.0087318591138879683 0.00046531108912837356 -0.0013635862265927101
leaf_weight=40 117 64 46 79 40 128 55 70 127 302 40 198 43 43 66 60 146 71 74 82 70 131 40 349 638 371 52 62 42 115 120 76 46 41 40 66 71 48 44 181 628 3423 1329 60 585 281 281 111 1304 82 67 63 73 281 167 40 1824 118 598 1046 3017 241
leaf_count=40 117 64 46 79 40 128 55 70 127 302 40 198 43 43 66 60 146 71 74 82 70 131 40 349 638 371 52 62 42 115 120 76 46 41 40 66 71 48 44 181 628 3423 1329 60 585 281 281 111 1304 82 67 63 73 281 167 40 1824 118 598 1046 3017 241
internal_value=-2.85075e-05 0.0016277 -0.00702768 -0.0159856 -0.00579806 -0.0109251 -0.012901 0.00538715 -0.000104645 -0.0092577 -0.0122713 0.00754755 -0.0275282 -0.00994715 -0.0144957 -0.0194149 -0.00386656 -0.010146 -0.0162524 -0.00924701 -0.0119489 -0.0157567 -0.0253475 0.000884544 -0.00132884 -0.0015005 -0.00182491 -0.00521677 -0.0038204 -0.00587438 -0.00912228 -0.0158188 -0.00598208 0.00838208 -0.00133791 -0.00564242 -0.0089244 -0.00335169 -0.0270072 0.0035603 -0.00372988 -0.00103909 0.00394363 0.00373698 0.00420884 0.00603794 0.00127976 0.00861088 -0.00350022 -0.00526219 -0.0109995 -0.00494054 -0.0105878 0.00381024 0.00300088 -0.000877948 0.000992793 0.00896227 0.00924058 0.00801434 0.00113202 0.000293468
internal_weight=20113 16265 3848 463 3385 925 417 5130 11135 842 540 2349 83 460 213 147 2460 185 114 338 256 186 80 6517 987 4618 4247 532 470 353 238 118 247 1984 3715 240 174 2275 87 2781 2129 3475 2560 2496 2195 866 5530 1943 2081 777 149 134 119 562 365 221 4968 1832 1762 1164 4841 301
internal_count=20113 16265 3848 463 3385 925 417 5130 11135 842 540 2349 83 460 213 147 2460 185 114 338 256 186 80 6517 987 4618 4247 532 470 353 238 118 247 1984 3715 240 174 2275 87 2781 2129 3475 2560 2496 2195 866 5530 1943 2081 777 149 134 119 562 365 221 4968 1832 1762 1164 4841 301
is_linear=0
shrinkage=0.03


Tree=45
num_leaves=63
num_cat=0
split_feature=9 9 14 15 1 1 7 6 7 14 6 13 24 10 1 21 28 12 15 22 12 18 16 14 23 13 10 1 5 28 30 7 13 10 29 24 7 10 28 5 16 14 15 21 7 12 18 7 21 15 26 7 23 18 15 18 1 15 13 14 7 7
split_gain=233.923 83.8966 70.8512 25.5955 29.0607 20.1776 32.2453 33.1901 19.6386 17.1762 16.7473 15.8913 12.4689 10.3119 9.55652 9.4753 9.07767 9.06897 11.6956 8.70363 7.26609 7.13892 7.05429 15.3404 6.47621 6.63216 6.00138 5.71992 5.33122 5.22183 5.15451 6.49942 5.13787 5.09064 5.08526 4.86923 4.62013 4.31109 4.26905 4.20594 4.14747 4.89263 5.14933 4.05273 3.96379 3.74518 3.70885 3.68979 4.09923 3.58524 4.15054 3.46632 3.43617 3.22752 3.21256 3.17129 3.13936 3.09612 3.7776 5.18306 4.73289 4.64425
threshold=2620.3850000000007 4731.4950000000008 1580.6907142857146 2122.5288020833336 5.5000000000000009 5.5000000000000009 0.9550229469509578 -0.77259657388510605 -0.88622299073327826 3567.0928571428581 -0.84874750804349197 1527.5737535644328 0.55037518267569985 1763.5750000000003 5.5000000000000009 9999.6750000000011 5517.3550000000005 3105.8277083333337 3911.7951562500002 -934.76499999999976 2709.8296205357151 5150.4600000000009 3816.5150000000008 1911.9142857142858 -1355.1885714285711 2374.0618396116483 1335.1900000000003 5.5000000000000009 -0.70710678118654735 6402.1216666666687 3.8625000000000029 -0.98046803196378884 2253.6839008812026 2512.2500000000005 31.656250000000004 0.99390612123706801 0.96904697354198299 9999.9850000000024 5412.1933333333336 -0.77259657388510594 5054.2600000000011 672.0100000000001 2491.5403645833339 5377.0400000000009 0.96904697354198299 3548.5248511904765 2729.4750000000004 -0.77245553105869302 9704.6550000000007 3429.5402083333333 13968.450000000003 0.23014236637527921 506.00285714285729 1546.3000000000002 5028.9013541666673 4083.5250000000001 4.5000000000000009 4999.2996875000008 1830.7395468007846 4310.4842857142867 0.21336913576298863 -0.030098581458670341
decision_type=2 2 2 2 2 2 2 2 2 2 2 2 2 2 2 2 2 2 2 2 2 2 2 2 2 2 2 2 2 2 2 2 2 2 2 2 2 2 2 2 2 2 2 2 2 2 2 2 2 2 2 2 2 2 2 2 2 2 2 2 2 2
left_child=2 9 3 8 12 22 16 -8 10 32 15 -6 -5 20 21 -1 52 40 26 -10 -13 43 23 -4 -25 -26 35 37 55 30 38 -32 46 -30 -18 -19 45 57 51 -16 -14 -42 -43 -3 -20 49 -2 -39 -49 -34 -51 -23 -7 -28 -53 -24 -47 58 59 -11 61 -60
right_child=1 14 5 4 11 6 7 -9 19 27 -12 13 17 -15 39 -17 34 18 44 -21 -22 29 28 24 25 -27 53 -29 33 -31 31 -33 36 -35 -36 -37 -38 47 -40 -41 41 42 -44 -45 -46 56 -48 48 -50 50 -52 54 -54 -55 -56 -57 -58 -59 60 -61 -62 -63
leaf_value=-0.007462453593545389 -0.00049177102065613165 0.013041921097623265 -0.019896748636107322 -0.019600668654674053 -0.03420560293147961 -0.0021621729576727375 -0.04444653650405022 -0.0067479159282520414 -0.018102367163343396 0.0031479596021232186 0.0039368592583659025 -0.011208270294781849 0.0021932088495376185 -0.0056367605313873631 -6.5443222202378611e-05 -0.027135275851648585 -0.021338636735227047 -0.011953872120421793 1.1818616277244139e-05 -0.036845538110054775 -0.027375124474537781 0.0093765491616328283 0.0016794884408745311 0.0056048027677461504 -0.0032858652371963908 -0.014547622252222416 -0.0048719695823131806 -0.00041859701853419121 -0.00284239646435802 -0.0011404030611811321 0.00039927088552051116 0.011306324699888225 0.0002097944753631106 -0.00050400816424200771 -0.0075581158667046107 -0.025074657912565659 -0.0081777075291783723 -0.00020802469047553399 -0.00081302057477712088 0.0056165365173088686 -0.013602014505565736 -0.011247061761620807 -0.0025885319482305954 0.0037283609594994382 -0.0096914905110545655 0.00074261155368640175 0.0012475412591279962 0.013285971181255511 0.0047453153837058283 -0.0038279932023804822 -0.014544848289047164 0.0044804260971555536 -0.010262842859827084 -0.014933359825731806 0.0092782121434778209 -0.0066266951452319811 -0.0023271812184835535 0.0087112114001738749 0.0026614693502772699 0.0092659503543798469 0.0002984023683856175 0.0087743672037322532
leaf_weight=40 1603 45 58 60 44 379 40 44 42 467 43 48 96 77 232 51 40 53 113 57 57 578 514 59 302 55 73 408 2707 51 53 693 105 1214 63 55 80 50 55 236 48 70 488 522 56 959 3536 98 107 115 45 388 53 48 188 44 435 82 906 170 757 127
leaf_count=40 1603 45 58 60 44 379 40 44 42 467 43 48 96 77 232 51 40 53 113 57 57 578 514 59 302 55 73 408 2707 51 53 693 105 1214 63 55 80 50 55 236 48 70 488 522 56 959 3536 98 107 115 45 388 53 48 188 44 435 82 906 170 757 127
internal_value=3.95922e-06 0.00239179 -0.00434274 -0.00986534 -0.00830759 -0.00273661 -0.00783933 -0.0250113 -0.0190565 0.00107042 -0.0114354 -0.0181316 -0.00637963 -0.0140799 0.00675692 -0.018663 -0.00510153 -0.00564133 -0.00925568 -0.0291544 -0.02016 0.00747423 -0.00209745 -0.00557453 -0.00353476 -0.00505666 -0.0136607 0.00289631 -0.00172831 0.0083153 0.00856243 0.010533 0.000228048 -0.00211871 -0.0130635 -0.0188045 -0.00118104 0.00338561 0.00733881 0.00280569 -0.00358192 -0.0044989 -0.0036929 0.00448919 -0.00324157 -0.000838925 0.00070501 0.00709842 0.00887284 -0.00410102 -0.00691373 0.0077277 -0.00317741 -0.00895295 0.00605974 0.00101384 -0.000216304 0.00300558 0.0028093 0.00479267 0.00210121 0.00342077
internal_weight=20282 13091 7191 1619 1386 5572 619 84 233 10050 134 226 1160 182 3041 91 535 1100 398 99 105 2573 4953 474 416 357 229 3172 4479 2006 1955 746 6878 3921 103 108 1739 2764 1209 468 702 606 558 567 169 1659 5139 255 205 265 160 1154 432 121 576 558 1394 2509 2427 637 1790 1033
internal_count=20282 13091 7191 1619 1386 5572 619 84 233 10050 134 226 1160 182 3041 91 535 1100 398 99 105 2573 4953 474 416 357 229 3172 4479 2006 1955 746 6878 3921 103 108 1739 2764 1209 468 702 606 558 567 169 1659 5139 255 205 265 160 1154 432 121 576 558 1394 2509 2427 637 1790 1033
is_linear=0
shrinkage=0.03


Tree=46
num_leaves=63
num_cat=0
split_feature=9 18 14 1 15 11 12 1 17 26 29 24 27 1 17 18 15 17 30 13 7 7 11 1 27 29 13 8 13 12 13 28 17 17 15 13 13 28 21 21 14 28 30 13 30 8 24 6 10 11 29 13 15 8 12 14 10 1 15 15 18 12
split_gain=228.062 72.4991 69.2532 22.7812 31.4789 20.6433 23.0008 19.4428 34.6061 19.3486 15.4736 14.9005 14.5878 11.8704 11.7571 10.8266 11.6303 19.5846 20.9462 10.3039 8.952 8.65221 8.58443 8.0898 7.74978 7.05572 6.52191 6.21679 8.82942 6.46561 6.42019 5.50636 5.32116 6.89189 8.15205 4.50921 4.47167 4.45183 4.41586 4.40669 4.7436 4.01693 3.88721 3.85456 3.80899 9.64918 8.73226 4.7317 3.79205 3.55467 3.76644 3.54304 3.52388 8.71992 3.50472 4.06666 3.2665 3.22342 3.12055 3.02297 3.40088 2.9217
threshold=2713.7150000000006 4364.2700000000013 1486.1142857142861 5.5000000000000009 2197.0835416666673 499.85500000000008 2895.8436607142862 5.5000000000000009 49.455000000000005 26539.100000000002 25.781250000000004 0.49541412977816429 7311.2000000000007 5.5000000000000009 400.01000000000005 2210.5050000000006 2197.0835416666673 49.790000000000013 1.2000000000000013 2818.900468467265 -0.99630266176052629 -0.98664820696349753 3187.9950000000003 1.5000000000000002 -26908.199999999997 28.156250000000004 2153.2674147959851 0.97263757644091875 2001.1973770654915 4437.5245014880957 3057.8382860253264 5965.7766666666676 193.64000000000001 399.36000000000007 2899.7708854166672 1678.9824797221636 1818.5644335311038 5999.9966666666669 9999.6750000000011 4339.8900000000003 4164.0357142857147 6184.1533333333346 6.0062500000000005 2340.1691463807042 2.1062499999999997 -0.46989712924132493 0.78956781856962943 -0.3520614488341256 6520.5550000000012 2075.2750000000005 30.506250000000005 2323.9508112716153 3911.7951562500002 -0.27694043983797384 2915.2163541666673 1636.3614285714289 99.345000000000013 3.5000000000000004 1731.1739583333335 2857.2419270833338 4769.6900000000014 2773.3552678571436
decision_type=2 2 2 2 2 2 2 2 2 2 2 2 2 2 2 2 2 2 2 2 2 2 2 2 2 2 2 2 2 2 2 2 2 2 2 2 2 2 2 2 2 2 2 2 2 2 2 2 2 2 2 2 2 2 2 2 2 2 2 2 2 2
left_child=2 22 3 4 5 -1 35 15 -9 -5 -10 -6 13 20 -11 16 17 23 -19 21 -3 -12 51 -4 26 27 38 28 61 -29 43 -23 -18 34 42 -7 39 59 -13 -24 -41 44 -34 -30 45 46 -17 -46 -38 56 -51 -2 53 -35 -55 -56 -26 -39 -49 -27 -61 -22
right_child=1 12 7 9 11 6 -8 8 10 14 19 24 -14 -15 -16 41 32 18 -20 -21 25 31 36 -25 49 37 -28 29 30 -31 -32 -33 33 52 -36 -37 48 57 -40 40 -42 -43 -44 -45 47 -47 -48 58 -50 50 -52 -53 -54 54 55 -57 -58 -59 -60 60 -62 -63
leaf_value=-0.034335321323259879 0.00036365341868786955 -0.0057332761310499337 -0.012003151474334299 -0.006333667002618313 -0.022342523249360369 0.001375420418782876 -0.028425162962116932 -0.03342797485375127 -0.0013430656736115149 -0.019049912731670126 -0.0203272479750343 0.00042464597682867732 0.0086089172010681662 0.00026560539565744455 -0.038489834279753263 9.3232228238953322e-05 -0.00028181471901930186 -0.0021302815892755293 -0.028911849169821386 -0.02292475202763453 0.010924793194142093 -0.0028505345729777139 -0.0062402459260608471 0.0029102610850332941 -0.0091734693125870657 0.01675213080381268 -0.021082907481119035 0.010751879927871579 0.0033504301905679908 0.0016541331980261021 0.013017096568060958 -0.012822875385697353 -0.0026046534558662568 -0.017153684389112252 -0.017690338121216381 -0.01068781971656641 0.0010122103862538606 0.007709134703640032 -0.011809627195075154 0.003000861687086835 0.0090773217150081804 -0.0096414404758747574 -0.011802908852616131 -0.00063641949247189415 -0.0010669458565127571 -0.00098742025658887919 -0.018189784081187099 0.010888618803583086 0.008764268480450043 -0.0039488552343279401 -0.016108519649512112 -0.0017361670322209105 -0.00033150541119609178 0.0014004564445238305 -0.01128362521431559 -0.0033121580314725372 -0.002558296249488948 -0.0017785385718000017 0.0025726285569528423 0.0019290900371475692 0.010438268315981726 0.0056358724690571925
leaf_weight=56 3227 63 49 65 48 51 58 42 359 78 43 41 1110 480 47 40 537 42 70 49 108 170 41 94 75 57 44 274 473 95 45 70 147 41 61 60 2778 80 74 1075 129 46 57 404 399 2281 56 47 57 51 42 931 364 130 61 859 597 53 272 50 292 765
leaf_count=56 3227 63 49 65 48 51 58 42 359 78 43 41 1110 480 47 40 537 42 70 49 108 170 41 94 75 57 44 274 473 95 45 70 147 41 61 60 2778 80 74 1075 129 46 57 404 399 2281 56 47 57 51 42 931 364 130 61 859 597 53 272 50 292 765
internal_value=1.19793e-05 0.00250704 -0.00402814 -0.010102 -0.00855683 -0.0186488 -0.0132795 -0.00270756 -0.00730165 -0.0197407 -0.00566764 -0.00620396 0.00564017 0.00462044 -0.0266068 -0.00211068 -0.00357841 -0.00964073 -0.0189765 -0.0103258 0.00537771 -0.00807135 0.00085252 -0.0022478 -0.00534235 0.00563938 -0.0113539 0.00487417 0.00414088 0.00842044 0.00209008 -0.00580027 -0.00288951 -0.00370302 -0.00814608 -0.00518246 0.00182998 0.008737 -0.00748178 0.00332816 0.0036589 -0.000936102 -0.00521979 0.00151521 -0.000803645 -0.00138195 -0.0106494 0.00111016 0.00117111 -0.0040797 -0.00955326 -0.000106813 -0.00288876 -0.00374088 -0.00320131 -0.00385238 -0.00330913 0.00394327 0.00382807 0.010321 0.00920349 0.00630192
internal_weight=20360 12587 7773 1387 1197 225 169 6386 733 190 691 972 4349 3239 125 5653 2512 255 112 332 2759 283 8238 143 924 2696 159 2164 1795 369 922 240 2257 1720 265 111 4080 532 115 1245 1204 3141 204 877 3095 2377 96 718 2835 765 93 4158 1455 1091 1050 920 672 133 319 399 342 873
internal_count=20360 12587 7773 1387 1197 225 169 6386 733 190 691 972 4349 3239 125 5653 2512 255 112 332 2759 283 8238 143 924 2696 159 2164 1795 369 922 240 2257 1720 265 111 4080 532 115 1245 1204 3141 204 877 3095 2377 96 718 2835 765 93 4158 1455 1091 1050 920 672 133 319 399 342 873
is_linear=0
shrinkage=0.03


Tree=47
num_leaves=63
num_cat=0
split_feature=9 26 26 1 7 19 7 1 12 20 19 12 15 29 8 25 18 22 21 1 26 1 7 21 19 25 30 28 7 1 5 8 8 15 17 7 28 28 12 10 15 20 17 11 12 8 18 12 7 15 9 1 18 29 1 6 10 21 12 11 15 8
split_gain=207.48 72.0609 59.7288 23.8894 24.5816 23.2922 21.1753 14.2609 19.5772 13.9122 12.2958 10.5457 9.54308 9.12823 8.69194 8.51559 8.04699 15.103 7.51117 7.36069 14.9718 7.02612 7.46486 6.39328 6.03937 5.61973 5.52543 5.41137 5.30991 9.5139 8.85805 5.29593 5.25755 8.81078 5.75772 10.6038 9.72335 6.74432 8.92901 5.19206 6.47151 7.9734 7.3846 6.64248 5.17823 4.32336 4.27016 4.15218 5.30834 4.36912 3.96339 3.73232 3.75473 3.39403 3.35557 7.11483 4.17807 3.63189 3.28627 3.26307 3.19324 4.91965
threshold=2849.9350000000004 31650.750000000004 6712.0500000000002 5.5000000000000009 -0.77245553105869302 2089.2450000000003 -0.89015004145349408 5.5000000000000009 2612.3685119047623 4399.5113541666678 3845.6950000000002 3230.7444866071432 2197.0835416666673 26.731250000000006 -0.29342786347392819 12950.750000000002 1323.2500000000002 -378.98999999999995 5000.255000000001 3.5000000000000004 35671.250000000007 4.5000000000000009 -0.9905448150984083 4784.0700000000006 4129.5500000000002 7486.0500000000011 3.8625000000000029 5159.1833333333352 0.97508442350096236 3.5000000000000004 -0.19509032201612828 0.97263757644091875 -0.46989712924132493 1675.6098437500002 109.65500000000002 -0.68430824382591193 5490.1250000000009 4493.9033333333346 3147.4195758928577 1900.2650000000001 3885.8255729166672 3571.8685416666672 1732.2400000000002 1763.1000000000001 3210.4696800595243 -0.013976481981245173 1096.7500000000002 3511.3484970238101 -0.99630266176052629 5140.7918750000017 2049.1150000000002 5.5000000000000009 5001.1350000000011 28.806250000000006 5.5000000000000009 1.0000000180025095e-35 2591.0250000000005 4750.5100000000011 2464.6969642857148 3779.3700000000003 4999.2996875000008 0.94636490295939868
decision_type=2 2 2 2 2 2 2 2 2 2 2 2 2 2 2 2 2 2 2 2 2 2 2 2 2 2 2 2 2 2 2 2 2 2 2 2 2 2 2 2 2 2 2 2 2 2 2 2 2 2 2 2 2 2 2 2 2 2 2 2 2 2
left_child=1 5 15 4 6 7 19 12 -9 46 54 -5 13 25 -11 21 17 -8 23 20 -3 22 -2 -12 32 -1 60 -23 -6 45 -31 47 33 -7 37 36 -36 38 -35 40 41 42 -14 -43 -25 -30 -10 48 -20 -49 -34 52 -50 -26 57 56 -56 -4 -59 -54 61 -24
right_child=2 3 10 11 28 24 16 8 9 14 18 -13 39 -15 -16 -17 -18 -19 31 -21 -22 27 26 44 53 -27 -28 -29 29 30 -32 -33 50 34 35 -37 -38 -39 -40 -41 -42 43 -44 -45 -46 -47 -48 49 51 -51 -52 -53 59 -55 55 -57 -58 58 -60 -61 -62 -63
leaf_value=0.0042992004141688524 -0.0038330376031517513 -0.004681343055104442 -0.0035907046368811278 -0.016570380277310809 -0.0014329480664044927 -0.014362059606458333 -0.042068072220003652 -0.02314930596594493 -0.012911747112581307 -0.0087463165411636942 0.0040215897228893264 -0.036044592410326003 -0.0029298575803106534 -0.018139303732155398 -0.02629408331727609 0.0087147646743102117 -0.014104099869728087 -0.017977279528093179 -0.0045730100807733834 -0.00047153369258012389 -0.022552664462849495 0.003868197382762892 0.0038145119653549046 0.0184897894571062 0.001277972138797775 -0.011334716263892394 0.010794292438486643 -0.003682878550402272 -0.0081544287232827618 -0.024702672279499311 -0.0066374285632951387 0.0062883807304092518 -0.0027289266575698167 -0.017269288507190401 -0.0050868992448637358 -0.0006293780300239589 -0.023711239899498745 0.0025172640691821773 0.0019256563415831842 -0.0017233386328688149 -0.00035967821480146686 -0.021617655024418363 -0.015383359508123248 -0.0082544979167087414 0.0068654954351813477 0.00039101059594134495 -0.0025843974492809939 0.0001410776342905868 0.0030983566048817623 0.0085986176879819607 -0.00061131727492062338 -0.0019379576162876773 0.0014010285929543897 0.010105136649429121 -0.011470350161576385 0.0012240697357423359 -0.0026053916996539978 0.0060239203292730961 0.000989132895308852 0.0091483988572876058 0.0098574310733349456 0.0094386049461267565
leaf_weight=40 59 98 151 71 216 67 43 76 40 62 281 41 409 76 44 968 56 56 74 63 74 529 599 60 364 41 274 101 107 46 53 276 1089 41 56 125 46 224 45 1119 217 45 47 133 84 105 306 1054 712 57 2947 96 65 43 53 636 432 119 4278 202 156 183
leaf_count=40 59 98 151 71 216 67 43 76 40 62 281 41 409 76 44 968 56 56 74 63 74 529 599 60 364 41 274 101 107 46 53 276 1089 41 56 125 46 224 45 1119 217 45 47 133 84 105 306 1054 712 57 2947 96 65 43 53 636 432 119 4278 202 156 183
internal_value=2.53466e-05 -0.0034611 0.00267262 -0.0109139 -0.00929667 -0.00246411 -0.0149993 -0.00473824 -0.00914847 -0.00674844 0.00142562 -0.0239552 -0.00363967 -0.0107375 -0.016208 0.0064218 -0.0235874 -0.028757 0.00299215 -0.00925882 -0.0124561 0.00525025 0.00653418 0.00667965 -0.00126709 -0.00365599 0.0070416 0.00265371 -0.00505611 -0.00755987 -0.0151945 0.00237178 -0.00157452 -0.00418289 -0.00288853 -0.00650738 -0.0136348 -0.000226191 -0.00731873 -0.00306885 -0.004834 -0.00636245 -0.0042443 -0.0117347 0.0118031 -0.00394005 -0.00381208 0.0018909 0.00315458 0.000582335 -0.00118323 0.00369028 0.00424359 0.00223305 0.000607016 -0.000862568 -0.00359575 0.000969352 0.00112673 0.0072746 0.00593507 0.00514101
internal_weight=20230 8731 11499 1029 917 7702 390 2655 528 452 8630 112 2127 157 106 2869 155 99 2961 235 172 1901 1271 425 5047 81 1212 630 527 311 99 2536 4640 604 537 227 102 310 86 1970 851 634 456 178 144 212 346 2260 1149 1111 4036 1075 979 407 5669 1121 485 4548 4397 267 938 782
internal_count=20230 8731 11499 1029 917 7702 390 2655 528 452 8630 112 2127 157 106 2869 155 99 2961 235 172 1901 1271 425 5047 81 1212 630 527 311 99 2536 4640 604 537 227 102 310 86 1970 851 634 456 178 144 212 346 2260 1149 1111 4036 1075 979 407 5669 1121 485 4548 4397 267 938 782
is_linear=0
shrinkage=0.03


Tree=48
num_leaves=63
num_cat=0
split_feature=9 14 9 18 22 16 11 0 14 18 18 28 29 20 28 28 9 11 15 20 0 17 17 14 21 7 14 20 30 26 19 3 13 20 15 13 14 25 15 17 17 20 17 7 23 20 28 30 6 20 7 15 11 16 6 3 30 16 15 29 5 20
split_gain=206.763 76.3634 61.2674 19.1422 17.2964 16.1068 20.2838 15.0106 12.0953 11.9333 14.6605 11.6488 14.2091 9.77285 18.4219 9.30691 9.02925 8.96112 8.10532 7.55685 7.27878 7.89221 28.5149 7.15708 7.00727 5.93701 11.1762 7.95196 8.91993 10.1642 5.59341 5.28238 5.11295 4.78181 4.70466 5.4306 5.88384 5.8651 4.67464 4.46435 4.68773 4.61228 4.32241 4.57533 4.22471 4.05899 3.90459 5.01481 4.55312 3.89518 5.29741 7.101 3.99604 7.34971 3.75626 4.06551 3.82526 3.54116 6.0228 3.43455 3.41787 3.28444
threshold=2849.5300000000002 1343.4850000000004 5129.8350000000009 2210.5050000000006 -0.61500000000023636 4031.0200000000004 1192.6750000000002 51.500000000000007 3709.8942857142861 1755.2100000000003 999.91500000000008 6184.1533333333346 31.556250000000006 2546.3523437500003 3834.711666666667 5333.2050000000008 99.865000000000023 2216.2450000000003 1839.3738541666669 3579.5239062500004 56.500000000000007 29.810000000000002 19.710000000000004 779.81714285714293 4962.5200000000013 -0.99630266176052629 1892.5414285714289 4096.9770312500004 6.6312500000000005 21639.500000000004 4400.1800000000012 1.0000000180025095e-35 2253.6839008812026 6474.4950520833345 4999.2996875000008 2634.8829879030704 6600.0892857142862 7968.9000000000005 3291.6371354166672 87.695000000000007 99.320000000000007 2346.3047916666669 2520.7900000000004 -0.98046803196378884 -387.15071428571417 6538.5306250000003 5357.6250000000009 0.65624999999999833 0.32143946530316164 5582.3527083333338 0.99374995976406788 3000.0855208333337 2766.7200000000007 3590.2500000000005 -0.84874750804349197 1.0000000180025095e-35 6.137500000000002 5421.3750000000009 3198.0472395833335 34.006250000000009 0.35206144883412582 3002.9783333333339
decision_type=2 2 2 2 2 2 2 2 2 2 2 2 2 2 2 2 2 2 2 2 2 2 2 2 2 2 2 2 2 2 2 2 2 2 2 2 2 2 2 2 2 2 2 2 2 2 2 2 2 2 2 2 2 2 2 2 2 2 2 2 2 2
left_child=1 4 8 5 7 6 -3 18 33 10 23 45 -13 24 -15 54 -12 -16 -1 -17 21 22 -7 -9 -8 26 -23 39 29 -29 46 34 -33 57 35 36 -10 -38 -30 -27 -41 -42 43 -32 -36 49 47 -4 -49 50 52 -52 53 -5 55 -6 -57 58 -2 61 -26 -22
right_child=2 3 30 11 15 20 13 9 31 -11 16 12 -14 14 17 19 -18 -19 -20 -21 59 25 -24 -25 60 27 -28 28 38 -31 42 32 -34 -35 44 -37 37 -39 -40 40 41 -43 -44 -45 -46 -47 -48 48 -50 -51 51 -53 -54 -55 -56 56 -58 -59 -60 -61 -62 -63
leaf_value=-0.02100868951450003 -0.00039784536851391261 -0.029825214111645307 0.0027104939291770799 -0.011206806580511122 -0.0045007820190479716 0.0012131648701615631 0.0079588774371733683 -0.021146052828595295 0.0033917264410818901 -0.0057489804190893968 -0.040998575319738488 -0.019660391836785356 0.0029982652769583026 -0.0003095947647913514 -0.031153753644264329 -0.023187243215118846 -0.023055000977547025 -0.012913738506665426 -0.0070872552793629761 -0.0068093646177679627 0.00020844712976493573 -0.018632273944642612 -0.030676975580440323 -0.0047990213568473977 -0.012308412279023535 0.0049972720867178088 -0.001964218000869585 -0.023255563666238092 -0.013095305613552531 -0.0073477640530094498 0.00033251710262306977 0.0026886008414866869 -0.0024447814734680031 -0.0091518663405440737 0.017428685149416416 -0.00013037264136428567 0.011082746034994867 0.00046963466158558728 -0.0028188403752813385 -0.0099175813010170758 -0.0097463424594108287 -0.0018286456192701099 -0.0017337724473327398 0.0081622116625659925 0.0052775496020409703 -0.010051410877048363 -0.0014033488122125468 0.0029202639601355641 0.010934104192060754 0.0063360823391293009 -0.00090090253390371798 -0.01622255285270512 0.00025842692259091818 -0.0013102825777494332 0.00084871995382756625 -0.016854353729925747 -0.005139168886707921 0.0010540089210951703 -0.01087083643820699 0.0028332558210794638 -0.00053715681652133547 -0.0044610628928194269
leaf_weight=46 733 41 318 69 247 59 46 58 1583 44 45 64 40 71 40 53 71 66 201 50 288 67 43 42 43 71 78 51 44 124 70 487 271 43 40 327 183 63 358 75 69 1252 43 1713 73 42 89 98 187 67 65 46 1918 1942 73 56 47 5278 52 175 45 255
leaf_count=46 733 41 318 69 247 59 46 58 1583 44 45 64 40 71 40 53 71 66 201 50 288 67 43 42 43 71 78 51 44 124 70 487 271 43 40 327 183 63 358 75 69 1252 43 1713 73 42 89 98 187 67 65 46 1918 1942 73 56 47 5278 52 175 45 255
internal_value=6.20325e-06 -0.0035082 0.00261456 -0.00246897 -0.0111584 -0.00416076 -0.0102257 -0.0151134 0.00147191 -0.0201478 -0.0230409 -0.00113134 -0.011 -0.00755457 -0.0121619 -0.00732477 -0.0303068 -0.0200236 -0.00975417 -0.0153787 -0.0034481 -0.00427384 -0.012398 -0.0143958 -0.00142379 -0.00388979 -0.00974088 -0.00347016 -0.00645158 -0.0120895 0.00675682 0.00302219 0.000852512 0.000703006 0.00374631 0.00343023 0.00406654 0.00837766 -0.00397333 -0.00229392 -0.00266806 -0.00224927 0.00762855 0.00785518 0.00969399 -0.000881376 0.00444887 0.00531352 0.00819831 -0.000785175 -0.000904814 -0.00733857 -0.00072123 -0.00165525 -0.005332 -0.00661986 -0.0116094 0.000774396 -0.00110455 -0.00081104 -0.00636269 -0.00198859
internal_weight=20298 8647 11651 7614 1033 3361 352 507 9133 260 216 4253 104 311 177 526 116 106 247 103 3009 2291 102 100 134 2189 145 2044 577 175 2518 3027 758 6106 2269 2156 1829 246 402 1467 1396 1321 1826 1783 113 4149 692 603 285 4107 4040 111 3929 2011 423 350 103 6063 785 718 88 543
internal_count=20298 8647 11651 7614 1033 3361 352 507 9133 260 216 4253 104 311 177 526 116 106 247 103 3009 2291 102 100 134 2189 145 2044 577 175 2518 3027 758 6106 2269 2156 1829 246 402 1467 1396 1321 1826 1783 113 4149 692 603 285 4107 4040 111 3929 2011 423 350 103 6063 785 718 88 543
is_linear=0
shrinkage=0.03


Tree=49
num_leaves=63
num_cat=0
split_feature=27 27 1 15 17 11 13 20 24 12 27 27 27 1 27 20 20 8 13 1 16 1 0 28 2 25 9 8 21 21 23 16 15 15 13 15 0 16 28 29 29 8 1 12 2 28 13 0 13 13 28 24 12 17 12 12 15 22 13 17 15 23
split_gain=201.771 89.8792 44.2583 38.8181 37.9976 31.2537 23.5661 22.1868 18.7589 17.3938 16.0613 10.9541 9.99462 11.4556 8.39619 11.4007 7.55968 6.97192 9.1389 6.92146 5.88783 6.48182 6.48911 5.60099 5.52102 5.30744 5.08941 4.95174 4.53729 6.49369 7.07458 4.52368 5.61726 9.16742 10.042 4.21317 4.86366 5.2348 4.157 4.98481 4.11313 3.95895 3.80528 3.77883 3.48362 5.19488 3.33362 4.65222 4.44592 3.95934 3.24597 3.1872 3.12507 3.6041 3.02795 2.86608 3.0663 2.80256 2.79952 3.88746 3.69748 2.77112
threshold=-13136.799999999997 -1304.1999999999996 5.5000000000000009 2197.0835416666673 49.455000000000005 499.85500000000008 1527.5737535644328 3007.1436458333337 0.55037518267569985 3320.8335491071434 7311.2000000000007 -7996.6499999999996 -24833.649999999998 4.5000000000000009 -24833.649999999998 4399.5113541666678 2550.7788541666673 -0.031174269516803289 2204.8444694250556 5.5000000000000009 3745.2700000000004 5.5000000000000009 26.500000000000004 3129.3916666666669 8.5000000000000018 7087.3500000000013 5129.8350000000009 -0.40809616534112375 4059.5000000000005 5000.6900000000014 -994.40428571428538 4180.8950000000013 3291.6371354166672 3192.0227083333339 1833.4369572747426 4999.2996875000008 25.500000000000004 6351.7350000000015 6260.7450000000008 30.056250000000002 31.356250000000006 -0.39233249306308043 1.0000000180025095e-35 2531.6425148809526 3.5000000000000004 4446.8116666666674 2478.005846258126 35.500000000000007 2401.2363847002457 2323.9508112716153 5333.2050000000008 0.81872503850827638 3370.7715401785722 1693.7100000000003 3126.097514880953 2487.1917633928574 3185.1911458333338 308.65000000000015 1877.5276456143031 400.01000000000005 3789.0197916666671 -92.717142857142832
decision_type=2 2 2 2 2 2 2 2 2 2 2 2 2 2 2 2 2 2 2 2 2 2 2 2 2 2 2 2 2 2 2 2 2 2 2 2 2 2 2 2 2 2 2 2 2 2 2 2 2 2 2 2 2 2 2 2 2 2 2 2 2 2
left_child=2 11 3 5 -4 -1 -6 9 -5 16 19 41 13 17 -8 -16 50 18 -10 26 24 28 -23 -21 -13 -18 35 -24 -22 30 -30 -14 33 -33 -35 36 37 -3 55 -40 -17 46 52 -19 45 -34 48 -48 49 54 -7 -46 -38 -54 -2 56 -31 -37 -43 60 -60 -49
right_child=1 10 4 8 6 7 14 -9 12 -11 -12 20 31 -15 15 40 25 43 -20 23 21 22 27 -25 -26 -27 -28 -29 29 38 -32 32 44 34 -36 57 42 -39 39 -41 -42 58 -44 -45 51 -47 47 61 -50 -51 -52 -53 53 -55 -56 -57 -58 -59 59 -61 -62 -63
leaf_value=-0.031332144191407639 -0.0081547555108554669 -0.0052010807097394715 -0.039635433750227093 -0.021399482383858411 -0.028406320647918617 -0.0021074151736145187 -0.018510324723002586 -0.024183915613439716 -0.02110613397597335 -0.023017623194027691 0.008053024146178046 0.0018263461168144682 0.0021596674831276426 -0.020673239066575963 -0.0033369580301367639 -0.023006649209277294 -0.0023427446288141335 -0.008894240083531119 -0.0044236678220331664 0.0091896287068341138 -0.0063374907464158773 0.0016766243570998458 -0.011069016783731058 7.0924605015274466e-05 -0.0065939280612501081 -0.016419173894350284 0.0060816115875405898 -0.0022497269091448246 0.012446749502803783 0.0022992836280189841 0.0030777231235737394 -0.0034315577957244403 -0.0025641439101555053 -0.023237089663743972 -0.0060760787784670586 0.010945999311988015 0.01361041155993007 0.0023727791060857224 -0.012983571463605252 0.00067203796121402309 -0.0096343074087053542 0.00011393982403077929 0.0034127746420563195 0.00060068133588293154 -0.0080759957525879146 -0.012831436483701691 -0.014068164883449799 0.0019479192907307695 0.0035803944036985435 -0.011487024278151538 0.0073417905912302973 -4.9592955962736843e-05 0.0015013861207572306 0.011176545799364624 0.0007185785363524105 0.0010869986024806869 0.010690440817883139 0.0024489368387620963 -0.0030778035037044901 -0.00099754838071951148 -0.011499690452640477 -0.0086112529236476772
leaf_weight=68 49 111 47 51 63 161 65 75 49 47 1104 113 167 53 241 40 43 51 74 67 67 416 63 559 182 55 1180 558 85 128 472 1153 402 44 100 110 59 307 40 58 47 1577 1307 137 46 49 58 46 89 52 40 846 87 57 112 4563 56 52 299 1926 55 42
leaf_count=68 49 111 47 51 63 161 65 75 49 47 1104 113 167 53 241 40 43 51 74 67 67 416 63 559 182 55 1180 558 85 128 472 1153 402 44 100 110 59 307 40 58 47 1577 1307 137 46 49 58 46 89 52 40 846 87 57 112 4563 56 52 299 1926 55 42
internal_value=-9.83485e-06 0.00151935 -0.00585338 -0.0047189 -0.0141973 -0.0125871 -0.0114944 -0.00949234 -0.00352121 -0.00624723 0.00485894 1.55365e-05 -0.00322701 -0.00789875 -0.00871813 -0.00672724 -0.00354314 -0.00566246 -0.0111861 0.00395201 0.000765104 0.000953238 -0.00122048 0.00105999 -0.00337326 -0.0103288 0.00450516 -0.00316079 0.00136555 0.00146225 0.00452721 -0.00261861 -0.00292157 -0.00432925 -0.0114438 0.00361262 0.00321886 0.000353926 0.00110903 -0.00497653 -0.0159741 -0.00116853 0.00401118 -0.0020085 -0.00155989 -0.00370558 -0.0038349 -0.00754254 -0.00202348 -0.0043708 -0.00019994 -0.000472091 0.00782836 0.0053818 -0.00201567 0.00123568 0.0048971 0.0082503 -0.000857906 -0.00152986 -0.004415 -0.00313182
internal_weight=20320 16106 4214 3711 503 489 456 421 3222 346 5000 11106 3171 364 393 328 299 311 123 3896 6801 6506 1037 626 295 98 3270 621 5469 5402 557 2807 2640 1297 144 2090 1928 418 4845 98 87 4305 1510 188 1343 451 448 146 302 213 201 892 203 144 161 4747 184 162 3857 2280 354 88
internal_count=20320 16106 4214 3711 503 489 456 421 3222 346 5000 11106 3171 364 393 328 299 311 123 3896 6801 6506 1037 626 295 98 3270 621 5469 5402 557 2807 2640 1297 144 2090 1928 418 4845 98 87 4305 1510 188 1343 451 448 146 302 213 201 892 203 144 161 4747 184 162 3857 2280 354 88
is_linear=0
shrinkage=0.03


Tree=50
num_leaves=63
num_cat=0
split_feature=9 14 9 15 1 17 26 19 15 17 1 17 24 1 20 28 14 18 20 17 26 17 0 8 28 29 12 29 5 1 5 20 17 23 12 15 12 7 10 10 12 17 7 7 15 8 5 20 28 9 22 12 18 8 10 7 29 28 12 15 9 14
split_gain=184.859 59.3229 56.6448 20.2354 24.9198 18.4648 14.5972 11.4417 15.362 16.9603 11.3688 32.5009 11.2617 10.9901 10.3906 9.86679 9.77294 9.72313 13.0505 9.38288 8.40184 8.26628 6.70181 5.17928 7.44494 12.4532 14.501 8.79838 6.36527 4.7716 4.56771 4.43862 4.16956 3.93141 3.86109 8.19011 3.695 5.25407 4.50838 4.04682 4.02017 3.69268 5.34531 3.63622 3.44428 3.44333 3.34458 3.59006 3.74528 3.0868 3.19764 3.99971 3.06687 2.96112 3.41197 2.90209 2.84779 4.62698 3.52158 2.92004 2.79935 2.79477
threshold=2710.0050000000006 1452.5157142857145 4082.7700000000004 2122.5288020833336 5.5000000000000009 22.185000000000006 26539.100000000002 2210.8750000000005 2197.0835416666673 97.13000000000001 5.5000000000000009 99.845000000000013 0.8302899564834737 5.5000000000000009 2546.3523437500003 3834.711666666667 5838.7042857142869 1890.7850000000001 3053.4320833333336 400.01000000000005 11323.300000000001 49.895000000000003 48.500000000000007 -0.46989712924132493 5642.3600000000015 31.356250000000006 3326.959389880953 25.268750000000008 0.81241147629689026 1.5000000000000002 -0.72947329433276231 4096.9770312500004 19.510000000000002 -1198.075714285714 3105.8277083333337 3512.9459895833338 2424.9687276785721 -0.77245553105869302 9999.9850000000024 5468.880000000001 3680.6969791666675 399.14500000000004 0.70517752626968588 0.96904697354198299 2730.3215625000007 -0.27694043983797384 -0.5 2191.0721354166672 3986.3866666666672 1932.5850000000003 -451.74999999999994 3637.4897023809531 9999.9950000000008 0.18281312110578132 2280.9750000000004 0.77447169083781808 27.831250000000008 5412.1933333333336 4451.9745535714292 6096.4086979166677 999.66000000000008 672.0100000000001
decision_type=2 2 2 2 2 2 2 2 2 2 2 2 2 2 2 2 2 2 2 2 2 2 2 2 2 2 2 2 2 2 2 2 2 2 2 2 2 2 2 2 2 2 2 2 2 2 2 2 2 2 2 2 2 2 2 2 2 2 2 2 2 2
left_child=1 3 20 5 12 22 -6 8 9 29 46 -12 17 16 -7 -11 32 18 -5 -8 36 -20 -1 24 27 26 -26 -9 44 -3 -15 -30 -4 52 61 -36 -2 39 40 -38 55 -32 -43 -42 -29 -25 -10 48 -48 50 -47 -52 -18 54 -13 -39 57 58 -35 -60 -23 -14
right_child=2 7 13 4 6 14 19 23 10 15 11 53 34 30 -16 -17 33 -19 21 -21 -22 60 -24 45 25 -27 -28 28 31 -31 41 -33 -34 56 35 -37 37 38 -40 -41 43 42 -44 -45 -46 49 47 -49 -50 -51 51 -53 -54 -55 -56 -57 -58 -59 59 -61 -62 -63
leaf_value=3.2007941153160356e-05 0.0083851618845916225 -0.011270457943795586 0.013037511913166584 -0.0032167781873838975 -0.0064188934937720338 -0.017726185932782863 -0.017642514316288577 -0.012525498200838843 0.00029251902651075007 -0.011496663773432373 -0.027925016535446046 -0.01318680758145256 -0.0094574236480349828 -0.0011351556037890146 -0.037953826203010972 -0.031433682428753891 -0.0018163159313170534 0.00013248240539065465 -0.0097180383226701198 -0.035797437177971007 -5.0090656693276129e-05 -0.028414991309159785 -0.016914808484725652 0.0035794012658500476 -0.0046184715069830413 0.00096926285988754694 -0.029994122007337861 0.0065140141964438233 -0.01435982715770057 0.0017122434687201454 -0.0013135400097167421 -0.00069775704008466358 0.0038520606972170159 0.0086052920097089078 -0.015829081262614744 -0.0026051138662103704 0.00043566889747007786 0.0022049323252047084 0.0081732987201599498 -0.0070619377012000138 0.0013932901240060163 0.0014966684015685053 0.010680647122706952 -0.0038593572711081783 -0.00071820821241999502 -0.0016403315665829519 -0.0029900122472045427 -0.0026580390545239453 -0.015541486921947359 -0.00077366170298736952 -0.0034479736568196525 -0.012544626380019304 0.0057573127265016615 -0.0022282801436457676 -0.0040092016025936525 0.004939649307774914 0.0099227318367255575 -0.0028481136578157908 0.00098508766711446929 0.0084471846079524557 -0.017077050502525594 -0.0014804123364015357
leaf_weight=42 75 43 45 74 61 50 72 61 335 47 61 60 43 306 47 45 56 57 62 43 4630 57 41 137 40 53 41 100 40 60 85 45 1553 645 66 115 1061 1062 116 68 928 117 111 135 143 444 46 1463 40 2443 150 61 324 222 94 522 503 40 118 78 40 396
leaf_count=42 75 43 45 74 61 50 72 61 335 47 61 60 43 306 47 45 56 57 62 43 4630 57 41 137 40 53 41 100 40 60 85 45 1553 645 66 115 1061 1062 116 68 928 117 111 135 143 444 46 1463 40 2443 150 61 324 222 94 522 503 40 118 78 40 396
internal_value=-3.82006e-05 -0.00375215 0.00218828 -0.00967361 -0.00811554 -0.0189772 -0.0184235 -0.00255594 -0.00412141 -0.01219 -0.00343856 -0.00779344 -0.00610388 0.00514632 -0.0278145 -0.0214816 0.00582256 -0.0109761 -0.0136826 -0.024681 0.000818069 -0.0185029 -0.00844102 -0.00150703 -0.00427425 -0.0103464 -0.0176721 -0.00216138 -0.000201691 -0.00376397 0.00146997 -0.00721918 0.00411872 0.00736286 -0.00381094 -0.00748759 0.00183108 0.00170266 0.00240704 -2.1764e-05 0.00215135 0.00401234 0.00599493 0.000723209 0.00227251 -0.00105848 -0.00242484 -0.00301232 -0.00893944 -0.00126466 -0.00309201 -0.00612458 0.00463936 -0.00446201 -0.0076469 0.00310869 0.00810676 0.00705986 0.00753393 0.0039825 -0.0239615 -0.00228148
internal_weight=20118 7540 12578 1266 1086 180 176 6274 2516 195 2321 437 910 3981 97 92 3362 290 233 115 8597 159 83 3758 523 134 81 389 328 103 619 85 1598 1764 620 181 3967 3892 2763 1129 2647 313 228 1063 243 3235 1884 1549 86 3098 655 211 380 376 154 1584 1384 881 841 196 97 439
internal_count=20118 7540 12578 1266 1086 180 176 6274 2516 195 2321 437 910 3981 97 92 3362 290 233 115 8597 159 83 3758 523 134 81 389 328 103 619 85 1598 1764 620 181 3967 3892 2763 1129 2647 313 228 1063 243 3235 1884 1549 86 3098 655 211 380 376 154 1584 1384 881 841 196 97 439
is_linear=0
shrinkage=0.03


Tree=51
num_leaves=63
num_cat=0
split_feature=14 9 9 11 16 1 14 0 0 17 21 7 13 16 17 29 1 16 17 18 10 21 16 25 17 0 12 13 13 1 6 1 0 7 4 29 1 7 16 13 0 25 29 30 28 7 29 10 16 13 0 1 0 16 8 25 17 16 17 12 9 14
split_gain=182.608 63.1778 45.8657 32.5381 19.9821 22.3362 14.7018 10.4781 10.4207 9.64704 11.9099 9.34854 10.6177 9.79494 9.13067 8.7968 8.33933 8.18645 8.08873 7.66456 7.02682 6.63019 12.3885 5.88402 5.86624 5.30208 5.02542 4.88686 17.2211 5.82477 5.63112 4.84121 5.73178 5.02394 4.90176 4.7261 10.5515 4.66067 4.65226 4.61569 5.15621 5.03578 4.55584 4.46282 5.2661 4.49338 6.9819 4.22276 9.47658 5.01305 4.11965 4.01452 6.25904 3.86487 3.80834 3.67105 3.66285 3.27764 3.27213 3.19055 3.52703 3.14998
threshold=2446.3607142857149 4731.4950000000008 1799.2000000000003 455.96000000000009 4103.4550000000008 4.5000000000000009 3488.6471428571435 45.500000000000007 55.500000000000007 99.870000000000019 4939.9950000000017 -0.99630266176052629 1650.8995818775841 4035.2800000000002 99.095000000000013 32.10625000000001 5.5000000000000009 3362.7800000000002 400.01000000000005 983.3950000000001 399.19000000000005 9999.6750000000011 6000.6050000000005 13291.900000000001 224.88000000000002 50.500000000000007 2501.8138764880955 2323.9508112716153 2347.3107883455627 5.5000000000000009 -0.83146961230254512 1.0000000180025095e-35 25.500000000000004 -0.99940763397299126 1.0000000180025095e-35 21.781250000000004 4.5000000000000009 -0.99630266176052629 5421.3750000000009 2445.8137958378161 46.500000000000007 7087.3500000000013 29.443750000000005 4.7999999999999998 5465.4700000000012 0.23014236637527921 24.606250000000006 1967.6750000000004 4142.5950000000003 1753.2032102301957 59.500000000000007 5.5000000000000009 22.500000000000004 6002.8900000000003 0.99855310097228334 10220.150000000001 17.115000000000006 6500.7000000000007 224.88000000000002 3126.097514880953 1403.6050000000002 6994.420000000001
decision_type=2 2 2 2 2 2 2 2 2 2 2 2 2 2 2 2 2 2 2 2 2 2 2 2 2 2 2 2 2 2 2 2 2 2 2 2 2 2 2 2 2 2 2 2 2 2 2 2 2 2 2 2 2 2 2 2 2 2 2 2 2 2
left_child=2 6 3 4 -1 20 17 21 9 10 -9 12 -4 14 -13 25 23 -2 24 -11 -6 59 -23 37 -7 42 -19 -15 -29 53 -31 32 -8 -33 57 -21 -37 -3 39 -28 41 -41 -12 44 45 -39 -47 49 -49 -10 55 -40 -53 -30 56 -51 -35 61 -54 -5 -61 -34
right_child=1 16 11 7 5 18 31 8 47 19 15 13 -14 27 -16 -17 -18 26 -20 35 -22 22 -24 -25 -26 -27 38 28 29 30 -32 33 34 54 -36 36 -38 43 51 40 -42 -43 -44 -45 -46 46 -48 48 -50 50 -52 52 58 -55 -56 -57 -58 -59 -60 60 -62 -63
leaf_value=-0.032513483762741088 -0.010160236374924327 -0.0043218088174859686 -0.018986494502195944 0.0036028369829733346 -0.013695574229565898 -0.024963673457503319 -0.0018791116728128767 -0.0047755493344684933 0.0038009811237087825 -0.014805364490321446 -0.0097426562705121168 -0.021217094220463993 -0.0015330968930896732 -0.0013150498994380338 -0.0038894962210740355 -0.0053096404113844847 0.0018860156495273776 0.0040328170536018965 -0.033812079365764344 -0.014268753487443508 -0.002328807804885963 -0.021148922995531134 -0.0038386786337177362 0.0082735799902695917 -0.0092226108213265736 -0.026956576505746645 -0.00099698469923774173 -0.01806033893178453 -0.010522300329615885 -0.015584189735941197 -0.0026167979585641826 -0.00752912337712657 0.0035661672530714274 0.0084045201175225286 -0.0045615340170583555 -0.00075169439926767905 -0.0156157189233334 0.0071173623673192249 0.00062152144162912432 -0.0046657512842882736 6.7605391066049188e-06 -0.018238079034702176 -0.023370252560957202 0.0088857329374104968 -0.0023892986822616437 0.001465775217494014 0.0080085458456111754 -0.020332882246911162 -0.0031141549069434405 -0.014408434356617577 0.00094508970059992159 0.0018317458091192695 -0.010873089379165321 -0.0010246177273420915 0.0092404893467262859 -0.0022040987286216967 0.0015481774597124009 0.010586697168320702 -0.0026907235654468177 0.0012015506810555824 -0.0086534907612284377 0.0088299693764862935
leaf_weight=55 70 44 64 136 80 44 113 85 93 92 52 45 61 2672 69 40 461 277 41 42 125 41 334 876 44 78 1165 70 40 56 65 51 377 71 41 228 52 612 4974 58 70 43 41 289 86 460 215 40 98 50 62 322 47 655 61 40 2789 117 550 78 55 141
leaf_count=55 70 44 64 136 80 44 113 85 93 92 52 45 61 2672 69 40 461 277 41 42 125 41 334 876 44 78 1165 70 40 56 65 51 377 71 41 228 52 612 4974 58 70 43 41 289 86 460 215 40 98 50 62 322 47 655 61 40 2789 117 550 78 55 141
internal_value=-5.5526e-05 0.00177044 -0.00448821 -0.00801539 -0.0158513 -0.0130187 0.000740029 -0.00625242 -0.0080406 -0.0101914 -0.0143295 -0.00251169 -0.010549 -0.00223529 -0.0108544 -0.0181376 0.00560785 -2.12203e-05 -0.0227576 -0.00720536 -0.00680957 -0.00320976 -0.00578248 0.00627137 -0.0172852 -0.02109 7.46757e-05 -0.00195616 -0.00388597 -0.00264941 -0.00869678 0.00227305 0.00436113 0.00171744 0.00540548 -0.00499482 -0.0035579 0.00523903 -7.75288e-05 -0.00167521 -0.00626323 -0.0105662 -0.0159352 0.00549459 0.00477485 0.00525506 0.00355853 -0.00403728 -0.00821546 -0.00166002 -0.0050043 0.000284904 -0.0015357 -0.00158558 0.0018814 -0.00906811 0.00172127 0.00605518 -0.003352 0.000384873 -0.00290801 0.00501323
internal_weight=20303 14380 5923 2126 389 334 11337 1737 1093 710 296 3797 125 3672 114 211 3043 7576 129 414 205 644 375 2582 88 171 7506 3558 886 816 121 3761 789 2972 676 322 280 1706 7229 1336 171 101 93 1662 1373 1287 675 383 138 245 152 5893 919 695 2921 90 2860 635 597 269 133 518
internal_count=20303 14380 5923 2126 389 334 11337 1737 1093 710 296 3797 125 3672 114 211 3043 7576 129 414 205 644 375 2582 88 171 7506 3558 886 816 121 3761 789 2972 676 322 280 1706 7229 1336 171 101 93 1662 1373 1287 675 383 138 245 152 5893 919 695 2921 90 2860 635 597 269 133 518
is_linear=0
shrinkage=0.03


Tree=52
num_leaves=63
num_cat=0
split_feature=14 9 16 11 14 1 4 13 13 19 26 7 13 22 10 14 13 13 1 6 13 13 16 2 17 7 17 7 14 1 16 1 18 1 14 0 13 2 23 10 20 1 0 13 16 10 0 17 15 10 13 7 17 8 16 17 22 15 7 8 17 27
split_gain=172.583 63.927 38.0278 28.7432 25.9119 17.5005 15.8775 15.9494 15.4843 13.0667 11.272 9.51496 14.5419 9.29856 9.25668 9.04776 7.59899 27.494 12.2465 7.72436 7.13664 10.0164 6.59272 5.90489 7.96824 6.31664 5.93383 5.07888 4.87794 4.8741 4.51088 4.254 4.67764 4.19409 6.13859 3.85658 3.58653 4.60662 4.57463 3.6753 3.6487 3.55718 5.56592 3.46816 3.83338 3.43862 3.40408 3.33086 4.78438 4.79579 3.23217 3.36734 3.21625 3.16908 3.95272 3.14367 3.129 3.02627 2.97702 3.69666 2.95638 2.98019
threshold=2320.3771428571431 3839.7050000000004 4035.2800000000002 455.96000000000009 1343.4850000000004 5.5000000000000009 1.0000000180025095e-35 1686.4221029720063 1997.8011663714653 4511.6550000000007 26539.100000000002 -0.99630266176052629 1650.8995818775841 -0.61500000000023636 99.345000000000013 2923.8442857142868 2323.9508112716153 2347.3107883455627 5.5000000000000009 -0.88144907265856332 2133.1519483093966 2507.8353709959251 3745.2700000000004 3.5000000000000004 1531.5000000000002 -0.60554068365937697 1426.8950000000002 0.96904697354198299 1873.0292857142861 4.5000000000000009 3362.7800000000002 5.5000000000000009 5075.7800000000016 5.5000000000000009 5339.6400000000003 47.500000000000007 1830.7395468007846 9.5000000000000018 -299.12357142857144 3829.5300000000002 2726.5368750000002 5.5000000000000009 26.500000000000004 1788.0095484857131 9873.0000000000018 1933.4050000000002 50.500000000000007 1699.9850000000004 3429.5402083333333 2920.4850000000006 2287.0556599241499 0.91024686087223017 2520.7900000000004 0.31595530242620651 8000.5350000000008 99.905000000000015 -433.97499999999985 4364.9653645833341 -0.98930078251469888 -0.6795844399250025 87.695000000000007 -26135.349999999999
decision_type=2 2 2 2 2 2 2 2 2 2 2 2 2 2 2 2 2 2 2 2 2 2 2 2 2 2 2 2 2 2 2 2 2 2 2 2 2 2 2 2 2 2 2 2 2 2 2 2 2 2 2 2 2 2 2 2 2 2 2 2 2 2
left_child=2 15 3 -1 5 13 7 22 -9 33 -7 12 -6 14 -4 30 45 -18 27 -20 56 -22 35 24 26 29 55 -19 -10 58 -2 36 -33 34 -3 -5 37 38 40 -39 -17 43 -43 -32 -45 -13 -12 48 -44 -50 51 -35 -26 -47 -55 -11 -16 -31 -25 -60 -15 -62
right_child=1 9 4 6 11 10 -8 8 28 23 46 16 -14 60 20 31 17 18 19 -21 21 -23 -24 25 52 -27 -28 -29 -30 57 41 32 -34 50 -36 -37 -38 39 -40 -41 -42 42 47 44 -46 53 -48 -49 49 -51 -52 -53 -54 54 -56 -57 -58 -59 59 -61 61 -63
leaf_value=-0.031782744164936816 -0.0099333067794214001 0.0025717462775879771 -0.02078530613366248 0.0082318403698125129 -0.023777129398207465 -0.0055971219759110517 -0.026806095744172732 -0.026545302424579857 -0.014819272279896404 -0.0039453154836600231 -0.016593294116734925 -0.0031383043040533192 -0.0030279904740249238 0.00069462390107925505 -0.00086584493111064036 0.014662586032472391 -0.024067008677292116 -0.001255205682911245 -0.021443091267719865 -0.0059269482241749447 -0.021282135715215082 -0.0027122968805699862 -0.0099094007690305342 0.00079140305271154486 0.0068231573961251837 0.0085884606856190399 -0.0064130365122434529 -0.0093933311128359901 -0.0014571292210622862 0.0028436232438779499 0.00109516980468766 -0.00040524168772327978 -0.0092584796933505419 0.00067860931909202878 0.0074063896196766765 -0.0027726992174991342 0.0008136918760029663 0.0012345789122637642 0.0024721004644831846 -0.0061495105242356657 0.0054212330888055837 0.00079668924383654758 -0.00387699770630612 -0.0030430267664052382 -0.00029989960581108029 0.001226009374777377 -0.028842845358640738 -0.0016115953636012578 -0.020225123898791414 -0.0059389157598311801 -0.002734222422899237 0.0080076915840784618 -0.0012637156409886191 -0.0052496008704968154 -0.00083639236211365941 0.0041075179899420144 -0.0085678026641253374 -0.0059461498178231221 0.0019346087414658431 0.0084609125862318193 -0.011333227355217818 -0.0038134390348568557
leaf_weight=64 47 1254 62 58 48 45 44 59 42 53 41 997 81 102 101 46 62 671 49 71 67 43 52 76 527 927 85 76 58 162 1081 728 57 292 291 55 3823 454 728 69 229 237 138 593 2011 454 56 151 41 45 189 69 48 229 890 229 89 44 98 398 57 274
leaf_count=64 47 1254 62 58 48 45 44 59 42 53 41 997 81 102 101 46 62 671 49 71 67 43 52 76 527 927 85 76 58 162 1081 728 57 292 291 55 3823 454 728 69 229 237 138 593 2011 454 56 151 41 45 189 69 48 229 890 229 89 44 98 398 57 274
internal_value=-1.97365e-05 0.00156851 -0.0048566 -0.0133553 -0.00404959 -0.00849501 -0.0100731 -0.00772526 -0.0144745 0.00445822 -0.0181708 -0.00289945 -0.0108721 -0.0067461 -0.0102904 0.000260418 -0.00260249 -0.00492678 -0.00353189 -0.0123876 -0.00805962 -0.0141128 -0.00117344 0.00585924 0.00394578 0.00691348 0.000489568 -0.00209463 -0.00716039 0.00490925 -0.000787038 0.00100222 -0.00105905 0.0026861 0.00348655 0.00289831 0.00130486 0.00253402 0.00372329 0.000250511 0.00701458 -0.000684709 -0.00280081 -0.000332605 -0.000925511 -0.00176073 -0.0238874 -0.00507051 -0.00738466 -0.012904 0.000435333 0.00209771 0.00614706 -0.00088615 -0.00174342 0.00258545 -0.00449957 0.00094654 0.00633223 0.00717793 -0.00376608 -0.00513862
internal_weight=20217 15220 4997 432 4565 937 368 324 159 4742 142 3628 129 795 362 10478 3499 929 867 120 300 110 165 2647 942 1705 367 747 100 778 4344 6134 785 2095 1545 113 5349 1526 1003 523 275 4297 612 3685 2604 2570 97 375 224 86 550 361 575 1573 1119 282 190 206 572 496 433 331
internal_count=20217 15220 4997 432 4565 937 368 324 159 4742 142 3628 129 795 362 10478 3499 929 867 120 300 110 165 2647 942 1705 367 747 100 778 4344 6134 785 2095 1545 113 5349 1526 1003 523 275 4297 612 3685 2604 2570 97 375 224 86 550 361 575 1573 1119 282 190 206 572 496 433 331
is_linear=0
shrinkage=0.03


Tree=53
num_leaves=63
num_cat=0
split_feature=14 26 26 1 7 26 1 1 13 19 15 0 20 30 16 17 16 13 12 1 8 12 8 17 20 7 26 16 15 7 1 14 7 12 17 13 17 7 14 30 28 14 22 13 13 17 17 13 8 21 18 4 20 13 30 30 11 8 11 7 7 19
split_gain=150.15 49.7625 45.3461 21.3351 15.7074 14.7295 14.4107 14.305 13.8382 11.325 10.2105 12.687 15.8847 9.65331 8.08812 7.92457 7.7243 6.58406 8.32232 11.5561 5.99763 6.66506 7.45507 6.96137 6.38856 7.93149 5.8521 5.25445 6.04634 5.2346 5.54032 5.20403 5.11281 5.10058 5.90282 7.3434 5.8265 4.57813 4.42693 4.39482 4.03341 3.90642 3.72108 4.3566 6.70002 4.2972 3.93707 6.33929 3.69863 3.90664 3.91289 3.49248 3.4098 3.33811 3.19233 5.14339 3.18626 3.14198 3.12612 3.9622 5.70336 6.01968
threshold=2702.832142857143 6712.0500000000002 32652.750000000004 5.5000000000000009 -0.8041866928211282 23929.300000000007 3.5000000000000004 5.5000000000000009 1527.5737535644328 3998.3500000000008 2197.0835416666673 60.500000000000007 2550.7788541666673 2.7562500000000001 4512.1450000000013 99.845000000000013 4429.5550000000012 1926.6403393641629 3852.4158258928574 3.5000000000000004 0.97263757644091875 3363.6982738095244 -0.57252730874975932 399.36000000000007 2077.3942187500006 -0.99467753128998015 3504.4500000000003 4180.8950000000013 3911.7951562500002 -0.9905448150984083 5.5000000000000009 1206.3957142857146 -0.74441730022405961 2501.8138764880955 807.96000000000015 2783.582534592018 599.81500000000017 0.98372640911059162 779.81714285714293 4.0062500000000005 5936.2750000000005 7903.0600000000004 83.420000000000087 1737.3573913285638 1870.0500793298031 588.41500000000008 1742.4850000000004 1772.6001814688443 0.45847758937963173 4289.7250000000013 2580.0550000000007 1.0000000180025095e-35 4875.5103645833342 1858.5849526667573 6.8562500000000002 8.0062499999999996 4035.2450000000003 -0.29342786347392819 2900.4400000000001 -0.94705910369513524 -0.8041866928211282 3386.9700000000007
decision_type=2 2 2 2 2 2 2 2 2 2 2 2 2 2 2 2 2 2 2 2 2 2 2 2 2 2 2 2 2 2 2 2 2 2 2 2 2 2 2 2 2 2 2 2 2 2 2 2 2 2 2 2 2 2 2 2 2 2 2 2 2 2
left_child=2 26 5 4 6 33 14 10 -9 16 11 12 13 -7 31 -10 48 -6 19 -19 21 22 -11 32 -24 56 -2 -12 42 -28 39 -4 -23 -1 35 36 58 -5 -16 40 -31 52 43 45 -45 -29 51 -48 49 50 -3 -44 53 -25 -46 -56 -26 -17 59 -35 61 -61
right_child=1 9 3 37 17 7 -8 8 15 20 27 -13 -14 -15 38 57 -18 18 -20 -21 -22 23 24 41 25 -27 29 28 -30 30 -32 -33 -34 34 -36 -37 -38 -39 -40 -41 -42 -43 46 44 54 -47 47 -49 -50 -51 -52 -53 -54 -55 55 -57 -58 -59 -60 60 -62 -63
leaf_value=0.001874264685242341 0.0085656506174397601 -0.0035717808542946395 -0.031030600660069043 -0.016501465557989752 -0.00024092170286051456 0.0017643693914370876 -0.00069730880939459887 -0.025747962906632733 -0.01887365401091495 0.01120652774496453 0.003922144820927783 0.0032874903810071817 -0.029244965502546856 -0.017774005059022886 -0.018082400953862814 -0.010240069545910391 0.00065934560673957014 -0.006395358223605152 -0.0014760172894269907 -0.023986891412409023 0.0065665010160285567 -0.011302047228001846 0.011433243095648082 0.0056373250144533807 0.00017186743727083816 0.0032740076526074713 -0.0028833007838577032 0.0019167643018749238 0.0001209434702973898 0.0053119248023915221 0.001981739536320457 -0.017292378046764308 -0.0012335049977862738 0.0027059086566341333 -0.00096949494330946157 -0.015294222186009088 -0.013705146705985747 -0.030192260394493738 -0.0060390187374761567 0.0084041377960774565 -0.0041573704413271377 0.0080053090959132378 -0.0014711518352051032 -0.017665191968489025 -0.0038993218084589585 -0.0078870479911461525 -0.017154517510373675 -0.00045522136204143439 0.0021159615283100077 -0.0028792479674953015 -0.016709409412678056 -0.010218712720922089 0.0058850915081399887 0.00017213043137077752 -0.016968975337092868 -0.004348578384908086 -0.010982282276347498 -0.0023877648470828771 3.7614566844797903e-05 -0.0080242363997173431 -0.0017879393622257519 0.0024335986568496146
leaf_weight=378 484 42 42 54 188 48 63 45 46 111 98 46 45 42 47 70 6062 106 117 49 303 51 75 114 42 877 74 100 382 1387 401 75 360 86 2802 44 43 44 68 466 41 90 630 53 205 66 41 40 101 366 40 43 139 803 53 65 50 132 309 358 483 57
leaf_count=378 484 42 42 54 188 48 63 45 46 111 98 46 45 42 47 70 6062 106 117 49 303 51 75 114 42 877 74 100 382 1387 401 75 360 86 2802 44 43 44 68 466 41 90 630 53 205 66 41 40 101 366 40 43 139 803 53 65 50 132 309 358 483 57
internal_value=4.75602e-05 0.00207725 -0.00325759 -0.00977447 -0.00804387 -0.00243998 -0.0134386 -0.0044258 -0.0105989 0.00104563 -0.00349663 -0.0102669 -0.0148757 -0.00744866 -0.0168806 -0.00775775 0.000350587 -0.00456259 -0.00753779 -0.0120747 0.00256904 0.00212017 0.00384596 0.000838305 0.0030534 0.00239368 0.00555635 -0.00280124 -0.00319601 0.00493818 0.00519152 -0.0224452 -0.00250729 -0.00145938 -0.00176108 -0.00336648 -0.0029625 -0.0228912 -0.0110745 0.0058697 0.00503733 0.0020393 -0.00417303 -0.00606879 -0.00785282 -0.00200502 -0.00280407 -0.00901407 -0.00305369 -0.00422128 -0.0101045 -0.00204439 0.00152374 0.000856956 -0.00619318 -0.010112 -0.00594308 -0.0051459 -0.00259493 -0.00342081 -0.00400992 -0.00658546
internal_weight=20142 12479 7663 853 755 6810 295 2250 293 9626 1957 181 135 90 232 248 6611 460 272 155 3015 2712 1155 1557 1044 969 2853 1776 1678 2369 2295 117 411 4560 4182 1380 1336 98 115 1894 1428 1146 1296 542 376 166 754 81 549 448 82 673 1056 917 323 118 92 202 1293 984 898 415
internal_count=20142 12479 7663 853 755 6810 295 2250 293 9626 1957 181 135 90 232 248 6611 460 272 155 3015 2712 1155 1557 1044 969 2853 1776 1678 2369 2295 117 411 4560 4182 1380 1336 98 115 1894 1428 1146 1296 542 376 166 754 81 549 448 82 673 1056 917 323 118 92 202 1293 984 898 415
is_linear=0
shrinkage=0.03


Tree=54
num_leaves=63
num_cat=0
split_feature=9 14 9 27 15 1 20 15 14 16 16 5 12 13 5 12 14 1 21 7 10 4 13 4 8 8 9 1 17 5 15 21 8 23 28 17 13 10 29 29 13 7 7 7 10 13 16 28 1 1 20 20 4 12 17 15 23 13 17 21 7 11
split_gain=141.425 67.1837 33.2958 14.9897 13.1874 16.2955 12.6905 16.7965 12.5011 12.076 11.6085 9.47788 9.13266 8.66337 7.02888 9.66634 6.57726 6.35656 5.39995 5.1917 7.35326 4.25132 4.24151 4.57001 4.57518 6.67577 4.53615 4.5064 5.85187 4.21683 3.94888 3.93907 3.78095 3.49831 3.4542 3.45062 3.24198 5.59458 4.58485 3.23204 3.18245 3.68257 3.14178 7.07962 7.99969 3.08327 3.26729 3.00156 2.96133 2.93986 2.78119 3.89359 3.59221 2.85966 2.77675 2.7537 2.70564 2.67876 2.77571 2.66217 2.79812 2.56931
threshold=3118.3300000000004 1486.1142857142861 5129.8350000000009 -24833.649999999998 1839.3738541666669 5.5000000000000009 2077.3942187500006 3045.4947395833337 2236.7757142857149 3816.5150000000008 3590.2500000000005 -0.19509032201612828 2903.1053348214291 1564.6093119140041 -0.41248606129204551 2915.2163541666673 3689.5192857142861 5.5000000000000009 5000.255000000001 -0.99630266176052629 1661.6650000000002 1.0000000180025095e-35 1804.0505770258894 1.0000000180025095e-35 0.063390085881955341 0.097680735332368748 2370.3250000000003 5.5000000000000009 224.88000000000002 -0.72947329433276231 4999.2996875000008 4784.0700000000006 0.99855310097228334 -387.15071428571417 2951.3383333333336 2520.7900000000004 1737.3573913285638 499.76500000000004 31.056250000000002 24.406250000000004 2187.3191394212449 -0.99763297024448894 0.96904697354198299 0.99818282439137029 2185.2050000000004 2472.6052289630084 5950.2550000000001 6260.7450000000008 4.5000000000000009 2.5000000000000004 2191.0721354166672 2759.1634375000003 1.0000000180025095e-35 2986.9696130952384 981.00500000000022 2908.4300520833335 311.54857142857151 2119.3300008554529 1849.4450000000004 6150.6500000000005 -0.82415615971448097 2733.1300000000006
decision_type=2 2 2 2 2 2 2 2 2 2 2 2 2 2 2 2 2 2 2 2 2 2 2 2 2 2 2 2 2 2 2 2 2 2 2 2 2 2 2 2 2 2 2 2 2 2 2 2 2 2 2 2 2 2 2 2 2 2 2 2 2 2
left_child=1 3 16 6 -5 36 -1 11 9 10 12 14 -3 -7 -8 -16 45 21 31 20 -11 34 23 24 54 -26 27 -24 -29 -19 32 -18 40 -32 -4 47 39 38 -38 -6 41 -20 50 44 49 -2 -47 -36 -9 -44 53 -52 55 -21 -10 56 -53 -31 -59 -13 -61 -27
right_child=2 8 17 4 5 13 7 48 22 19 -12 59 -14 -15 15 -17 18 29 30 42 -22 -23 26 -25 25 61 -28 28 -30 57 33 -33 -34 -35 35 -37 37 -39 -40 -41 -42 -43 43 -45 -46 46 -48 -49 -50 -51 51 52 -54 -55 -56 -57 -58 58 -60 60 -62 -63
leaf_value=0.0025412039562713266 0.0011842017176804883 0.002964077614513891 -0.00049860859775799327 -0.01858868391584758 -0.0075548534086905426 -0.02627155788109771 -0.01419616380364311 -0.0021394796076606598 0.0058285935396824133 0.00046147909142415627 -0.023259723246933855 -0.0062448343142334894 -0.014442204685073415 -0.0095368961079511788 -0.038597983792424205 -0.019162728808960826 0.0040333427532505319 -0.00067278169347659994 -0.0047176718801246941 -0.00044058138602088355 -0.015620034722655655 0.0010970097068877917 -0.0019932593398661195 -0.0075596535312943162 -0.010086329462345349 -0.00088346155312909048 -0.0005389668497551137 -0.014283292496863465 -0.0022619530568995017 0.011417386310503761 0.013435224421465627 0.011379980492159067 0.0094649388191755859 0.0033291152653968127 0.0072700458134519587 -0.0017122853228024074 -0.0050183899495161574 -0.0026089021832170975 -0.015826916286750928 0.00095272755330973635 0.00042154728671033552 0.0030055547951691715 -0.00072023980097063543 0.0010581817557594102 -0.017637764792573653 -0.0085627515100641181 -0.00050611662083772273 0.00069921362668868485 -0.011821502800395883 -0.0087635909596940984 0.0014106154449982568 -0.0033878971211683635 -0.0099150254603756482 -0.010407708565745612 -0.0013129387104085513 -0.0014864935451841289 -0.011269214782337455 -0.0024643170851049944 0.0069478456250837315 -0.020531392091140153 -0.0095322716648557348 0.0017390850318884769
leaf_weight=42 3543 55 59 72 49 41 48 82 227 43 48 41 52 89 47 52 190 216 57 42 62 133 1232 59 54 604 3255 64 84 50 51 101 59 78 1841 41 82 298 63 204 891 1395 83 113 58 49 484 65 43 80 309 280 52 67 62 1622 45 47 68 49 41 756
leaf_count=42 3543 55 59 72 49 41 48 82 227 43 48 41 52 89 47 52 190 216 57 42 62 133 1232 59 54 604 3255 64 84 50 51 101 59 78 1841 41 82 298 63 204 891 1395 83 113 58 49 484 65 43 80 309 280 52 67 62 1622 45 47 68 49 41 756
internal_value=3.00161e-05 -0.00232112 0.00271389 -0.00859542 -0.00635222 -0.00526441 -0.0130978 -0.0147299 -0.00142465 -0.0030183 -0.0111486 -0.0188285 -0.00555045 -0.014975 -0.0240807 -0.0286833 0.00163531 0.00566448 0.00274843 -0.00257331 -0.00909205 0.00630035 -0.000674176 0.000578486 0.0008647 0.000160597 -0.0011504 -0.00259114 -0.00752134 0.00208745 0.00230161 0.00661345 0.00202499 0.00739717 0.00664461 0.00686122 -0.00343177 -0.00497638 -0.00979075 -0.000718242 0.00183368 0.00269933 -0.00232129 -0.00504581 -0.00815756 0.000864166 -0.00126143 0.00704645 -0.00553748 -0.00469726 -0.00194286 -0.00171986 -0.00220423 -0.00660608 0.00429726 -0.00199331 -0.00451038 0.00568314 0.00311305 -0.012797 -0.0156805 0.000574572
internal_weight=20169 10751 9418 1343 898 826 445 403 9408 3011 155 278 107 130 147 99 6898 2520 2822 2856 105 2139 6397 1762 1703 1414 4635 1380 148 381 2531 291 2402 129 2006 1947 696 443 145 253 2343 1452 2751 334 221 4076 533 1906 125 163 2417 2308 1999 109 289 1947 325 165 115 131 90 1360
internal_count=20169 10751 9418 1343 898 826 445 403 9408 3011 155 278 107 130 147 99 6898 2520 2822 2856 105 2139 6397 1762 1703 1414 4635 1380 148 381 2531 291 2402 129 2006 1947 696 443 145 253 2343 1452 2751 334 221 4076 533 1906 125 163 2417 2308 1999 109 289 1947 325 165 115 131 90 1360
is_linear=0
shrinkage=0.03


Tree=55
num_leaves=63
num_cat=0
split_feature=27 26 9 1 15 11 20 29 24 17 12 26 24 13 11 27 16 21 12 21 16 8 17 20 11 7 22 24 7 29 8 7 15 22 15 29 0 8 29 12 8 24 12 20 20 12 20 19 12 7 15 29 11 16 7 7 7 19 13 13 29 15
split_gain=133.987 46.6885 40.2815 24.0959 19.5757 23.3129 22.2877 12.4627 12.2409 12.0012 13.2762 11.0051 9.77156 7.02775 9.35819 5.62867 4.92578 7.07072 6.76655 4.8875 8.3131 11.8133 7.34973 7.51002 4.59149 4.52743 4.1429 3.9837 3.82813 3.87327 3.98486 3.7828 3.76711 3.7643 4.01407 3.73132 7.23352 3.47757 3.54725 3.41551 4.48577 3.29859 3.40346 3.19953 4.41179 3.18523 3.08939 3.06319 4.63086 3.29449 3.02703 3.0139 2.95938 5.4861 3.51007 3.26733 4.48553 4.47039 2.93253 2.90875 5.04415 2.80999
threshold=-9996.0499999999975 6573.6000000000013 1866.5800000000002 5.5000000000000009 2197.0835416666673 1047.4850000000004 3007.1436458333337 26.856250000000006 1.1142730926009954 99.845000000000013 2643.1717931547623 10444.350000000002 0.55037518267569985 1686.4221029720063 2699.2100000000005 9446.4500000000025 3745.2700000000004 5000.255000000001 3187.2551116071436 6150.6500000000005 6560.5200000000013 1.0000000180025095e-35 99.050000000000011 2191.0721354166672 4365.3550000000005 -0.70291267844185523 -2899.6249999999991 1.4770399703656296 -0.48970496317164519 25.093750000000004 0.37247810748448967 -0.70898476237405783 3347.5816145833337 -510.48000000000002 2483.2945833333338 25.268750000000008 49.500000000000007 -0.40809616534112375 32.581250000000011 4405.6745089285723 0.96849880583763492 0.88243818998895007 2947.4938020833338 3169.6490625000006 3014.0405208333336 2643.1717931547623 2621.4678125000005 1779.5850000000003 3348.6785193452388 -0.68430824382591193 4856.1454166666672 29.506250000000005 2499.9050000000002 3615.7600000000007 -0.9259986516102553 0.99374995976406788 0.99818282439137029 4899.8300000000008 2540.9147687368145 2612.8569198096543 21.593750000000004 4747.1440104166677
decision_type=2 2 2 2 2 2 2 2 2 2 2 2 2 2 2 2 2 2 2 2 2 2 2 2 2 2 2 2 2 2 2 2 2 2 2 2 2 2 2 2 2 2 2 2 2 2 2 2 2 2 2 2 2 2 2 2 2 2 2 2 2 2
left_child=2 15 3 4 5 7 13 -1 -8 -5 -11 16 -6 45 27 28 -3 18 -18 22 21 -21 -14 -24 -19 -12 -13 -15 32 39 -31 -20 -2 34 -22 36 -23 38 47 40 -30 42 -35 44 46 -7 -43 -4 -49 -50 -42 52 53 -28 -55 -54 57 -57 -34 -56 -61 -26
right_child=1 11 37 9 12 6 8 -9 -10 10 25 26 19 14 -16 -17 17 24 31 20 33 35 23 -25 61 -27 51 -29 29 30 -32 -33 58 41 -36 -37 -38 -39 -40 -41 50 43 -44 -45 -46 -47 -48 48 49 -51 -52 -53 55 54 59 56 -58 -59 -60 60 -62 -63
leaf_value=-0.012218871457112391 0.0053952566938867894 -0.0072763337810129785 -0.0026993537577800451 -0.025048011167431491 -0.015805915347376805 -0.0032202402737579847 -0.010030528810009575 -0.034931265662367247 -0.031923728364265776 -0.025609750696669587 -0.012421510183214121 -0.0087203261813110847 0.0054604394180003644 -0.021570092209319516 0.0024585343622277643 0.0071494295192734156 0.01284758791885348 0.0010836790599635686 -0.0033969740586222283 -0.023330355811783152 -0.0079916410462465125 -0.0014380977280074503 -0.011055308296425384 -0.00075155533982915993 0.0028496027738804204 -0.0022573747595147735 -0.012260147478522325 -0.0079447861272478239 0.0035963783477579395 0.010246527633204112 0.003109102901510613 0.0060103948509007046 -0.0014254290177177608 -0.0034330075304994049 0.0010315109852768751 -0.002345764152226312 -0.018833955914361721 -0.0014902637170306199 0.0023545384359251907 -0.00034299987730760636 0.011084402327736217 -0.0099141661905683565 -0.013725878903748129 -0.0016097802199613171 -0.014057685994417764 0.0050199309722704227 -0.00074157716022014162 -0.0027212370739763845 -0.018222708175068391 -0.0065565527198902726 0.0027491556600684162 0.0020342356262316084 0.0003363367858437854 0.0028857231600079359 -0.0012849574117123222 -0.015560268046669434 0.0033934663866336148 -0.0021455266343100984 0.0048963625418817552 0.00016125297964060528 -0.014627316540516005 0.0082379709794431141
leaf_weight=42 198 51 149 76 60 94 51 48 43 43 72 48 118 40 42 891 100 3020 55 45 53 40 82 274 1103 87 40 40 613 220 105 123 255 53 248 101 46 3821 56 131 143 49 65 297 51 75 98 68 50 41 55 612 4208 170 960 40 44 50 88 42 40 94
leaf_count=42 198 51 149 76 60 94 51 48 43 43 72 48 118 40 42 891 100 3020 55 45 53 40 82 274 1103 87 40 40 613 220 105 123 255 53 248 101 46 3821 56 131 143 49 65 297 51 75 98 68 50 41 55 612 4208 170 960 40 44 50 88 42 40 94
internal_value=-4.69111e-05 0.00166736 -0.0035433 -0.00661221 -0.00553486 -0.0109077 -0.00765553 -0.0245829 -0.0202761 -0.0149138 -0.0109963 0.000785156 -0.00401017 -0.00352329 -0.00897881 0.00519588 0.00190822 0.00201402 0.00664038 -0.00356381 -0.00462289 -0.00968507 -0.000998897 -0.00314921 0.00170753 -0.00690887 -3.13657e-05 -0.0149396 0.00422973 0.00513175 0.0079572 0.00310088 0.00211167 -0.00332878 -0.000578485 -0.00629482 -0.0108524 -0.001758 -0.00455669 0.00414953 0.00487473 -0.00467611 -0.00917051 -0.00358838 -0.00653329 0.000444658 -0.00384544 -0.00581683 -0.00870312 -0.0130949 0.00879451 3.72327e-05 -0.00018157 -0.00146595 -0.00109989 0.000189029 -0.00440509 -0.00821311 0.000206007 -0.00175228 -0.007142 0.00327927
internal_weight=20117 13499 6618 2433 2155 475 385 90 94 278 202 10800 1680 291 122 2699 4546 4495 278 1620 1146 232 474 356 4217 159 6254 80 1808 1267 325 178 541 914 301 187 86 4185 364 942 811 613 118 495 198 169 147 308 159 91 198 6206 5594 1252 1212 4342 134 90 343 1042 82 1197
internal_count=20117 13499 6618 2433 2155 475 385 90 94 278 202 10800 1680 291 122 2699 4546 4495 278 1620 1146 232 474 356 4217 159 6254 80 1808 1267 325 178 541 914 301 187 86 4185 364 942 811 613 118 495 198 169 147 308 159 91 198 6206 5594 1252 1212 4342 134 90 343 1042 82 1197
is_linear=0
shrinkage=0.03


Tree=56
num_leaves=63
num_cat=0
split_feature=14 9 27 7 19 30 20 0 28 11 9 15 6 24 10 28 11 1 1 28 12 20 7 7 0 14 20 15 20 12 18 12 18 7 13 28 19 19 5 1 0 16 13 19 13 12 27 13 13 25 29 20 14 28 30 7 27 1 14 30 15 29
split_gain=132.433 43.77 32.6771 16.8745 16.8087 13.4402 15.8533 15.0808 15.1792 12.6261 11.8412 9.036 13.2908 8.02764 7.23284 6.81693 6.80164 6.09319 5.68089 5.18713 4.76019 10.3125 4.86631 9.51495 10.2327 4.53202 4.24915 5.44563 5.81821 8.97302 6.10081 4.3496 4.10425 4.09566 3.9328 3.99563 4.07407 3.83161 3.78468 3.69923 5.63449 4.13712 4.85827 3.94358 3.50066 3.83613 3.35555 3.17634 3.89139 4.03881 3.15849 3.12376 3.52214 3.01794 3.49599 4.02231 3.00642 3.07124 2.98426 2.97446 2.96061 2.93708
threshold=2501.0321428571433 5129.8350000000009 -23101.349999999999 -0.99630266176052629 1202.7100000000003 6.700000000000002 3648.7222916666674 51.500000000000007 3583.813333333334 1700.45 3460.3600000000001 1839.3738541666669 -0.81241147629688992 0.55037518267569985 1750.5100000000002 4107.9766666666683 1498.3100000000002 5.5000000000000009 4.5000000000000009 5133.0800000000008 2993.2603348214293 2191.0721354166672 0.96904697354198299 0.99818282439137029 42.500000000000007 8483.1792857142882 6466.1892708333335 3911.7951562500002 3937.8582291666676 3730.0395312500009 1983.6250000000002 3637.4897023809531 1000.7850000000001 0.99907018497641664 2527.0049522549307 6149.3316666666669 4069.7050000000004 1624.5900000000001 -0.72947329433276231 5.5000000000000009 26.500000000000004 3745.2700000000004 1804.0505770258894 4129.5500000000002 1858.5849526667573 3490.0893005952389 -5368.4499999999998 2204.8444694250556 2626.0918983363072 6317.5000000000009 28.581250000000008 1916.0820833333335 6352.6592857142869 6260.7450000000008 3.8625000000000029 -0.98046803196378884 -4006.8999999999983 1.5000000000000002 6474.1400000000003 3.7187500000000004 2805.7307291666671 21.406250000000004
decision_type=2 2 2 2 2 2 2 2 2 2 2 2 2 2 2 2 2 2 2 2 2 2 2 2 2 2 2 2 2 2 2 2 2 2 2 2 2 2 2 2 2 2 2 2 2 2 2 2 2 2 2 2 2 2 2 2 2 2 2 2 2 2
left_child=2 10 5 4 -4 6 7 15 -9 32 33 12 -5 -13 -14 60 -17 53 44 -6 -15 -22 26 24 -24 34 27 28 47 30 -30 -32 -10 39 35 36 -12 -31 -19 41 -41 43 56 61 -7 -46 -45 -23 49 -49 -37 -44 -53 54 58 -56 -43 -58 -3 -36 -1 -2
right_child=1 17 3 11 19 18 -8 8 9 -11 25 13 14 20 -16 16 -18 38 -20 -21 21 22 23 -25 -26 -27 -28 -29 29 37 31 -33 -34 -35 59 50 -38 -39 -40 40 -42 42 51 46 45 -47 -48 48 -50 -51 -52 52 -54 -55 55 -57 57 -59 -60 -61 -62 -63
leaf_value=0.0016755129397656025 0.0032202157900402587 0.0035501486535393866 -0.027009950503706932 -0.022882691412435277 0.0011735794531568041 0.0027792085556223268 -0.025064959521139307 -0.0030137361927578847 -0.020023077085010745 -0.00947205200898232 0.001718377968259719 -0.014387137135490774 0.0016419403560505043 -0.00071083740006764348 -0.011719474261838263 -0.016973598614724267 -0.0035370448756385856 -0.00092860348303704381 -0.0117613099256414 -0.011006958107876627 -0.013557440718581488 -0.0013110069177627356 -0.018849321176530792 0.00073056480039868056 -0.0040249831475091466 0.010042934141875732 -0.010276182077941485 -0.00012274703783180397 -0.017242258406527666 -0.0087766547901992464 -0.0041221381277187852 -0.014969962140629914 -0.033261575274742571 0.0084590817903069989 -0.0014367085200756265 -0.0087609218668824596 0.0037994229706752158 0.00049248160230158579 0.0049856197965242278 0.0011381352568053797 -0.0036737375752289888 0.0015359081356704487 -0.0058250255613691276 0.0043962194146259445 -0.0103846070023569 -0.00084008905535676705 -0.0038644537597429004 -0.0043784795953941188 -0.0013779769161124235 -0.016882073601208081 0.00056229976133732689 1.1920067594016118e-05 0.0070521315929408255 -0.00045725794203245815 -0.00010429846563122489 0.0084118160229458804 0.011336810656081315 0.0028671688524305153 0.0064054723857694196 0.0030854303249313185 -0.007436585869795332 -0.005293141074985153
leaf_weight=111 41 595 47 45 52 92 69 62 48 60 2236 47 81 1601 65 66 70 213 65 78 76 1223 75 108 95 62 55 991 68 50 142 43 51 51 479 48 1365 188 178 362 552 1187 80 114 61 98 71 56 106 40 98 3980 64 66 54 655 58 114 752 179 44 291
leaf_count=111 41 595 47 45 52 92 69 62 48 60 2236 47 81 1601 65 66 70 213 65 78 76 1223 75 108 95 62 55 991 68 50 142 43 51 51 479 48 1365 188 178 362 552 1187 80 114 61 98 71 56 106 40 98 3980 64 66 54 655 58 114 752 179 44 291
internal_value=8.16977e-06 0.00163267 -0.00362832 -0.00273605 -0.0118193 -0.00892326 -0.0116294 -0.00977338 -0.0156684 -0.0205533 0.000844446 -0.00242194 -0.00880964 -0.00217443 -0.00434589 -0.00525805 -0.010134 0.00521666 -0.0039268 -0.00616298 -0.00205479 -0.00270326 -0.00244455 -0.0062341 -0.0106371 0.00204988 -0.0020869 -0.00192848 -0.00286189 -0.00567559 -0.00959787 -0.00671045 -0.0271073 7.11578e-05 0.00193513 0.00231067 0.00250806 -0.00148339 0.00176966 8.0713e-06 -0.00176878 0.000278995 0.000521019 -0.00228383 -0.00185932 -0.00454384 0.00122218 -0.0018891 -0.00536543 -0.00970864 -0.00254162 8.24613e-06 0.000125054 0.00585068 0.00605329 0.00776396 0.00207592 0.00577223 0.00514778 -0.000203707 -0.000942237 -0.00423528
internal_weight=20174 13945 6229 5332 177 897 581 512 221 159 11432 5155 191 4964 146 291 136 2513 316 130 4917 3316 3240 278 170 4467 2962 2907 1916 491 253 185 99 6965 4405 3747 3601 238 391 6914 914 6000 5483 517 251 159 185 1425 202 96 146 4124 4044 2122 2056 709 1359 172 1347 658 155 332
internal_count=20174 13945 6229 5332 177 897 581 512 221 159 11432 5155 191 4964 146 291 136 2513 316 130 4917 3316 3240 278 170 4467 2962 2907 1916 491 253 185 99 6965 4405 3747 3601 238 391 6914 914 6000 5483 517 251 159 185 1425 202 96 146 4124 4044 2122 2056 709 1359 172 1347 658 155 332
is_linear=0
shrinkage=0.03


Tree=57
num_leaves=63
num_cat=0
split_feature=14 9 27 7 10 12 15 23 22 26 20 20 5 15 28 18 20 30 20 30 26 12 4 12 29 28 15 14 29 9 25 16 14 12 12 4 22 16 14 13 10 26 21 28 29 7 29 13 19 5 13 19 30 7 17 12 13 16 13 19 27 20
split_gain=124.482 52.9726 26.2673 15.1309 22.1483 24.2577 14.4833 13.9702 12.5819 11.7592 10.9124 8.96287 8.46843 8.22368 7.71179 8.87099 6.77377 11.5188 7.32601 8.44186 12.4391 11.227 9.05307 7.48148 8.36329 7.60326 7.40362 6.30352 4.48071 6.49885 4.04416 3.96252 3.95585 3.84533 3.8074 3.70458 3.67836 6.5079 5.11439 3.66644 3.89343 3.65222 3.59831 3.29828 4.02263 4.13277 3.31546 3.92298 3.04575 2.78332 2.72995 2.71163 2.9772 4.06651 3.01553 5.06404 3.30604 2.61246 2.65911 2.5836 2.53798 2.42711
threshold=2236.7757142857149 3700.0850000000005 -24833.649999999998 -0.99630266176052629 1819.0250000000003 3116.5589285714291 1839.3738541666669 -299.12357142857144 -521.67499999999984 6493.3500000000013 2546.3523437500003 6913.9380729166669 -0.19509032201612828 2741.8550520833337 4129.6016666666674 1238.3100000000002 2191.0721354166672 6.0062500000000005 3044.23 8.1500000000000039 24660.150000000005 2519.5437797619052 1.0000000180025095e-35 3838.8464508928573 22.581250000000008 3812.6683333333344 5258.7205208333344 2923.8442857142868 30.856250000000006 1730.5000000000002 12490.500000000002 5421.3750000000009 1058.8421428571432 2424.9687276785721 4086.9724107142861 1.0000000180025095e-35 -3579.8449999999993 4985.1350000000011 6994.420000000001 2347.3107883455627 2400.0350000000003 12858.750000000002 5000.255000000001 5305.0516666666672 24.406250000000004 0.92922379131507438 28.156250000000004 2388.4587264619913 999.1350000000001 -0.47114434510950048 1937.7209575125573 3751.3850000000007 4.200000000000002 -0.56368474752277564 1499.2500000000002 3574.0404538690482 2031.3463024221585 4031.0200000000004 1830.7395468007846 5800.9400000000014 -15208.449999999999 2567.7196354166672
decision_type=2 2 2 2 2 2 2 2 2 2 2 2 2 2 2 2 2 2 2 2 2 2 2 2 2 2 2 2 2 2 2 2 2 2 2 2 2 2 2 2 2 2 2 2 2 2 2 2 2 2 2 2 2 2 2 2 2 2 2 2 2 2
left_child=2 11 7 4 -4 -6 8 12 -5 30 -10 27 13 -1 50 32 17 60 -18 20 22 -22 26 24 -23 -25 34 31 48 -30 43 39 -16 -29 -20 42 37 -35 57 41 -41 -2 -11 44 -3 59 -45 -48 -26 -21 -9 -44 54 -54 55 -53 -57 -38 -59 -46 -8 -33
right_child=1 9 3 6 5 -7 16 14 10 35 -12 -13 -14 -15 15 -17 18 -19 19 49 21 23 -24 25 28 -27 -28 33 29 -31 -32 61 -34 36 -36 -37 38 -39 -40 40 -42 -43 51 46 45 -47 47 -49 -50 -51 -52 52 53 -55 -56 56 -58 58 -60 -61 -62 -63
leaf_value=-0.029365027068326107 -0.0086945663387200129 0.0034953276624879485 -0.00085919814327588447 -0.0023679699581539764 -0.038972414747573611 -0.0069101106409322132 0.0016858567837625743 -0.00044640013214044329 -0.0085560112273586637 0.0075039568863250307 -0.030358242947946892 -0.013459966586592298 -0.0085542684932475646 -0.012838436145908556 -0.012366989587264305 -0.019599964086711406 -0.00024603806458535049 -0.022717362677723896 -0.00078186338771997347 0.002465200011771339 -0.018913830972875335 -0.014534620960715087 -0.014054285554509414 -0.0055638816944238809 -0.0098269282554143238 -0.023680935105574983 -0.012584934213858407 0.0087028014988480319 -0.017634734152208852 -0.0028450910071180918 0.0065295858150209059 0.0031786943124111531 -0.002513596453320454 -0.014226370583992542 -0.010122619043842594 -0.0017664232196138699 -0.0013676828804064353 -0.0002707791380127769 0.0084424719508541246 -0.00067821543076119963 -0.010137859327788247 -0.00098036518074834508 0.0010904379146807479 -0.0065685796489318203 0.002417868142755734 0.010111620011422963 -0.0022396235504488953 0.0065342789954971519 -0.0012837821068254688 -0.0017767379166896066 -0.007731887059053406 0.0030765307277963064 0.0033681309346299047 0.011359011259493092 0.0039219556444706873 -0.0092203243483359437 -0.00060670729766015776 0.0020085691338161786 0.00038989524461169485 0.0098443652321917128 -0.0085309338800305876 -0.00059267498114025407
leaf_weight=64 60 897 77 65 42 43 44 130 41 124 43 44 66 51 65 74 901 40 941 200 69 72 56 43 41 41 53 52 45 65 1004 159 84 40 40 193 541 113 75 62 106 589 1022 44 175 205 84 99 360 452 71 381 176 85 636 51 176 1259 3323 55 42 3835
leaf_count=64 60 897 77 65 42 43 44 130 41 124 43 44 66 51 65 74 901 40 941 200 69 72 56 43 41 41 53 52 45 65 1004 159 84 40 40 193 541 113 75 62 106 589 1022 44 175 205 84 99 360 452 71 381 176 85 636 51 176 1259 3323 55 42 3835
internal_value=-8.87129e-05 0.00116598 -0.00453375 -0.00361114 -0.0125575 -0.0230216 -0.00321117 -0.0103375 -0.0123427 0.00356858 -0.0199425 -0.000100655 -0.0173047 -0.0222097 -0.00732953 -0.0111602 -0.00281958 -0.00962503 -0.00256304 -0.00340506 -0.00445089 -0.00746208 -0.00241267 -0.00625088 -0.0050277 -0.0145813 -0.00176921 -4.17936e-05 -0.0036624 -0.00899976 0.00504225 -0.000831499 -0.00686585 0.000661408 -0.00117265 0.0022392 0.000581652 -0.00398799 0.000716898 -0.00273382 -0.00667147 -0.00170582 0.00253138 0.00408083 0.00465013 0.00701794 0.000734534 0.00251663 -0.00217954 -0.000473747 -0.00304542 0.0022845 0.0030941 0.00600395 0.00247926 0.000966159 -0.00257388 0.000602171 0.000835001 0.0042287 -0.00334444 -0.00044178
internal_weight=20086 15665 4421 3816 162 85 3654 605 149 5407 84 10258 181 115 424 223 3505 126 3379 2478 1826 736 1090 667 583 84 1034 10214 511 110 2563 4811 149 5403 981 2844 5351 153 5198 817 168 649 2651 1559 1332 435 227 183 401 652 201 2527 1505 261 1244 608 227 5123 4582 230 86 3994
internal_count=20086 15665 4421 3816 162 85 3654 605 149 5407 84 10258 181 115 424 223 3505 126 3379 2478 1826 736 1090 667 583 84 1034 10214 511 110 2563 4811 149 5403 981 2844 5351 153 5198 817 168 649 2651 1559 1332 435 227 183 401 652 201 2527 1505 261 1244 608 227 5123 4582 230 86 3994
is_linear=0
shrinkage=0.03


Tree=58
num_leaves=63
num_cat=0
split_feature=9 14 14 1 15 20 17 13 1 10 1 17 6 14 6 5 29 21 15 28 5 16 14 12 15 12 5 7 7 7 15 22 28 28 18 20 10 15 25 13 29 7 20 25 20 12 16 15 7 25 7 15 4 15 12 12 7 13 15 7 17 1
split_gain=117.886 40.1573 33.9732 17.3245 15.9614 17.7918 11.5942 10.1607 10.0997 9.30842 8.786 15.8757 26.0136 8.23265 6.61937 10.6922 7.5181 9.56863 14.8998 11.3169 6.26001 7.30808 7.13274 5.48677 8.38127 5.29862 5.09902 5.07931 5.03814 4.97496 4.81633 5.27678 4.80025 4.53212 7.92246 5.32445 4.5152 4.45658 4.23668 3.75723 3.71564 3.60645 3.54568 3.43236 3.3796 3.24541 3.23444 5.15695 4.38159 4.20037 3.22131 3.19416 3.43422 14.8425 3.14529 3.23064 3.07455 2.69673 2.6694 3.93678 2.94276 2.63185
threshold=2844.5750000000003 1660.9350000000002 3960.9028571428571 5.5000000000000009 2122.5288020833336 2546.3523437500003 22.185000000000006 1527.5737535644328 5.5000000000000009 1750.5100000000002 5.5000000000000009 99.845000000000013 -0.63405362205439475 7113.062142857143 -0.91037613702198728 -0.19509032201612828 32.23125000000001 6150.6500000000005 2908.4300520833335 4077.3900000000008 -0.70710678118654735 3816.5150000000008 1931.1507142857142 3501.1628645833334 4122.3320312500009 2709.8296205357151 0.93540483100319638 -0.99467753128998015 -0.78326540922535159 -0.91936887716170002 1675.6098437500002 -2573.8099999999999 5517.3550000000005 3834.711666666667 3269.2250000000004 2546.3523437500003 1500.1450000000002 1675.6098437500002 8735.3000000000011 1855.2883960108752 28.231250000000006 0.37744852145085445 3699.5498958333333 31808.950000000001 6481.8408333333346 3809.5961904761907 5421.3750000000009 3198.0472395833335 0.90299113182541202 6891.0500000000011 0.96904697354198299 3953.9343750000003 1.0000000180025095e-35 2939.6472395833339 2601.21709077381 2709.8296205357151 0.93845596220871974 2198.3153126176762 4200.5725520833339 0.99907018497641664 1466.6750000000002 5.5000000000000009
decision_type=2 2 2 2 2 2 2 2 2 2 2 2 2 2 2 2 2 2 2 2 2 2 2 2 2 2 2 2 2 2 2 2 2 2 2 2 2 2 2 2 2 2 2 2 2 2 2 2 2 2 2 2 2 2 2 2 2 2 2 2 2 2
left_child=1 3 44 4 5 36 -7 -5 13 25 20 12 -12 23 15 16 17 -6 -19 -20 30 22 -22 27 39 -9 37 -4 29 -10 -3 -32 -13 -24 35 -35 -1 -23 -34 -25 58 -41 -11 45 46 -30 47 54 61 -50 56 52 -39 -54 -2 -56 -26 -42 59 60 -29 -48
right_child=2 10 8 7 14 6 -8 9 28 42 11 32 -14 -15 -16 -17 -18 18 19 -21 21 26 33 24 50 -27 -28 40 43 -31 31 -33 38 34 -36 -37 -38 51 -40 41 57 -43 -44 -45 -46 -47 48 -49 49 -51 -52 -53 53 -55 55 -57 -58 -59 -60 -61 -62 -63
leaf_value=0.00096001260328505721 0.0048781938155424654 0.0094008210501713863 -0.0032948935000346072 -0.025392626170661639 -0.0015728640541434289 -0.011453265427085368 -0.029750551169348848 -0.0088748141156975175 -0.00050743838360004531 0.0014481408136703495 -0.033794094332094703 -0.0019040832328673367 -0.002268521540713581 0.0062829636405345004 -0.0013221583335457289 -0.0031489666766547002 -0.0034511562604962335 -0.031513751167804006 -0.0016129070041934028 -0.019789969221903726 -0.016752719829344877 -0.011219103147037501 -0.00094305012324774585 0.0068882691496983169 0.0042725953641400008 -0.022531649548139784 0.0024776635443606435 0.0030546173852145702 0.0035442415512143312 -0.013377972860728541 -0.0085230099729854941 0.0010871613314569551 -0.014347251094556573 -0.0035904228647372551 0.0026388464195517135 -0.017346974892501275 -0.01124214481562376 -0.0017010272409247055 -0.0027187509682813759 0.0015734447975206121 0.010616924549494946 -0.0023836696113556884 -0.010029211070078115 0.0089390541843246095 -0.0076140427943270578 -0.0014001079594901994 0.00090857228261148387 -0.0091293798932948929 0.007321576166818021 0.0018481974529753545 -0.0010598319721710238 0.00015548059835013636 0.00060693249534727689 -0.01819264356425758 -0.0085234724718611689 -0.00050301909133513884 0.0091557023483574366 0.0028648433435915248 -0.00046917516727219605 0.013501541685545817 0.0071972676065123206 -0.00082313122152815449
leaf_weight=69 91 57 61 54 49 68 60 47 73 52 41 565 54 1401 469 534 105 44 59 64 45 42 184 74 432 61 293 425 216 42 54 790 57 41 45 68 44 3263 56 484 182 361 44 51 44 265 4355 64 162 564 73 834 105 58 47 778 160 53 84 47 244 964
leaf_count=69 91 57 61 54 49 68 60 47 73 52 41 565 54 1401 469 534 105 44 59 64 45 42 184 74 432 61 293 425 216 42 54 790 57 41 45 68 44 3263 56 484 182 361 44 51 44 265 4355 64 162 564 73 834 105 58 47 778 160 53 84 47 244 964
internal_value=-4.04526e-05 -0.00273938 0.00189853 -0.00668294 -0.00548887 -0.0125775 -0.0201943 -0.0138769 0.00386679 -0.0107196 -0.00165779 -0.00466271 -0.0160846 0.00441875 -0.00419005 -0.00575982 -0.0100798 -0.0132714 -0.0166741 -0.0111542 -0.00126197 -0.00167841 -0.0056548 0.00344224 0.00231074 -0.0167243 -0.00134581 0.00507394 0.000383795 -0.00528279 0.00103817 0.000462934 -0.00304097 -0.0041322 -0.00791195 -0.0122522 -0.00384821 -0.00160673 -0.00865885 0.000453101 0.00556987 -0.000117929 -0.00386147 0.00161633 0.000581731 0.00082297 0.000634141 -0.000963909 0.000893329 0.00307792 0.00487338 -0.00150935 -0.00191456 -0.00615263 -0.000384062 -0.000969708 0.00560557 0.00888813 0.00458526 0.00517806 0.00457403 0.000594628
internal_weight=20272 8475 11797 1823 1565 241 128 258 4728 204 6652 773 95 4081 1324 855 321 216 167 123 5879 4978 383 2680 1584 108 4595 1096 647 115 901 844 678 338 154 109 113 4302 113 919 1035 845 96 532 7069 481 7025 980 6045 726 665 4260 3426 163 916 825 592 235 800 716 669 5319
internal_count=20272 8475 11797 1823 1565 241 128 258 4728 204 6652 773 95 4081 1324 855 321 216 167 123 5879 4978 383 2680 1584 108 4595 1096 647 115 901 844 678 338 154 109 113 4302 113 919 1035 845 96 532 7069 481 7025 980 6045 726 665 4260 3426 163 916 825 592 235 800 716 669 5319
is_linear=0
shrinkage=0.03


Tree=59
num_leaves=63
num_cat=0
split_feature=9 18 6 17 17 21 16 12 12 19 21 17 13 0 3 12 19 8 13 12 11 28 29 7 9 3 8 20 16 16 16 29 5 12 2 25 11 29 7 4 19 13 20 13 10 11 20 22 16 13 13 8 13 13 7 4 12 18 21 12 21 23
split_gain=108.065 44.2094 22.2574 23.3917 16.7181 12.3517 22.8272 15.8641 15.3742 11.2072 10.9814 10.8253 11.6433 9.85189 9.74275 14.2858 14.8575 7.94465 7.84034 7.58849 7.55102 7.12056 24.8317 7.06558 6.85866 6.82258 10.2767 6.78691 6.72333 5.81144 17.4879 5.67027 5.22083 4.31303 4.24056 4.72149 4.21329 3.92833 4.47582 3.77455 3.39706 4.46294 3.51561 4.94966 4.67231 3.49214 6.03261 3.30373 3.23164 3.16583 3.09874 3.13389 3.00074 3.71738 2.99443 2.9918 4.46021 2.91645 3.76282 3.7888 3.16827 2.84028
threshold=2370.3250000000003 4364.2700000000013 -0.77259657388510605 99.845000000000013 99.745000000000019 4939.9950000000017 5000.8750000000009 3353.5740848214296 2612.3685119047623 1779.5850000000003 4665.0650000000014 12.440000000000001 2331.9284878414828 49.500000000000007 1.0000000180025095e-35 2798.2370014880958 983.08500000000015 0.28313308994381592 3057.8382860253264 5156.1066741071436 3129.4600000000005 5965.7766666666676 31.556250000000006 -0.99630266176052629 99.865000000000023 1.0000000180025095e-35 -0.40809616534112375 3736.0138020833342 3816.5150000000008 6560.5200000000013 6000.0100000000011 27.906250000000004 -0.95642797789208689 3532.7581398809525 9.5000000000000018 5416.6500000000005 2499.9050000000002 20.131250000000005 0.37744852145085445 1.0000000180025095e-35 512.85500000000013 1696.8162691549944 3742.051145833334 2459.372871970098 2199.6900000000001 1335.6300000000003 3697.9316145833336 -71.764999999999972 4810.3500000000013 1715.8346744951268 2253.6839008812026 0.98005052076767474 1818.5644335311038 1626.8686678708402 -0.94705910369513524 1.0000000180025095e-35 3238.6651413690483 3620.0400000000004 5000.6900000000014 3289.0568675595246 4799.7400000000007 -68.006428571428557
decision_type=2 2 2 2 2 2 2 2 2 2 2 2 2 2 2 2 2 2 2 2 2 2 2 2 2 2 2 2 2 2 2 2 2 2 2 2 2 2 2 2 2 2 2 2 2 2 2 2 2 2 2 2 2 2 2 2 2 2 2 2 2 2
left_child=2 20 3 4 5 10 7 8 -7 11 13 -8 24 -1 29 16 -16 61 19 23 28 32 -23 -3 -13 31 27 -27 36 30 48 34 -4 -29 -25 -36 -2 38 -31 -33 -34 45 43 49 -45 -42 -47 -28 -5 -43 51 -30 53 -26 -51 -39 -57 -22 59 60 -59 -17
right_child=1 18 21 14 -6 6 9 -9 -10 -11 -12 12 -14 -15 15 17 -18 -19 -20 -21 57 22 -24 25 52 26 47 33 50 37 -32 39 40 -35 35 -37 -38 55 -40 -41 41 42 -44 44 -46 46 -48 -49 -50 54 -52 -53 -54 -55 -56 56 -58 58 -60 -61 -62 -63
leaf_value=-0.00057626785416352115 -0.01302642998459228 -0.0042958027540706102 0.0052904512941201499 -8.109529597938737e-05 -0.026983151403156682 -0.014508909094313691 -0.00018118882497005601 -0.0058425880023619016 -0.039728041694444771 -0.0012233329054176737 0.0059957316747411733 -0.021371501380027354 -0.028047294237239413 -0.017049285333667851 -0.025745504227551546 -0.016185527761444087 -0.0057280044676735996 -0.00082860160627538644 0.0079200684667466714 -0.0073553165944357365 0.00054760843492484364 -0.024633288127183912 0.0042701976028560046 0.0029010675846218512 -0.005501724052425873 0.0038942287413333103 0.0012137485037992922 -0.015514755742870664 -7.5087828905020341e-05 0.00039069095284988478 -0.018963297135868883 0.0076900635446443839 -0.0089489169869233255 -0.0037602982022508511 -0.0036384858945067125 0.006596752478212716 -0.0027587808821791489 -7.30030127712686e-05 -0.012289376142113629 -0.0005051550950988063 0.0087294300847706625 -0.010492795636694478 -9.6986251834058065e-05 -0.001627690251298933 -0.013817805223391457 0.0011699177363572988 -0.010312572900361071 0.0047115752774834164 -0.0059367537583480739 0.0041601653932056455 -0.0015308688145872745 0.0046106547206514201 -0.0027148407817168163 -0.016897562088116127 -0.0024874303108249987 0.0016842518479097636 -0.011456941570735202 0.0053558691698051388 0.0015712115722989596 0.0016911605456611141 0.016059275205797429 -0.0070141716596649594
leaf_weight=75 58 99 103 197 46 41 67 40 50 162 85 43 42 57 65 40 69 245 383 57 3097 49 57 1400 55 52 472 51 3763 44 70 612 54 63 43 578 94 869 57 55 46 41 526 48 69 484 44 502 148 64 1471 132 63 50 1013 41 52 61 1477 99 43 133
leaf_count=75 58 99 103 197 46 41 67 40 50 162 85 43 42 57 65 40 69 245 383 57 3097 49 57 1400 55 52 472 51 3763 44 70 612 54 63 43 578 94 869 57 55 46 41 526 48 69 484 44 502 148 64 1471 132 63 50 1013 41 52 61 1477 99 43 133
internal_value=-5.17703e-05 0.00129378 -0.00363574 -0.00543919 -0.00953478 -0.00853646 -0.0107114 -0.0217807 -0.0286468 -0.00766403 -0.00237166 -0.0109107 -0.0137402 -0.00776432 -0.00366801 -0.00706601 -0.0155568 -0.00431346 0.00382272 0.00342694 0.000220769 -0.00161716 -0.0091962 0.00358527 -0.0107734 0.00379016 0.00184311 -0.00503612 -0.000535151 -0.00239501 -0.00540151 0.00461493 -0.00129122 -0.00910806 0.00381989 0.00588332 -0.00673623 -0.00121729 -0.00681571 0.00701455 -0.00157708 -0.00140284 -0.00215134 -0.00302552 -0.00887291 0.000893265 0.000195358 0.00301951 -0.00260299 -0.0024062 -0.000358273 8.48528e-05 -0.00795043 -0.0110365 -0.00208891 -0.000623045 -0.00570723 0.00109387 0.00209996 0.00592053 0.00989211 -0.00921555
internal_weight=20166 14662 5504 2906 876 830 613 131 91 482 217 320 253 132 2030 552 134 418 4367 3984 10295 2598 106 3927 211 3828 1140 166 5518 1478 415 2688 2492 114 2021 621 152 1063 101 667 2389 2335 1761 1235 117 574 528 974 345 1118 5366 3895 168 105 1077 962 93 4777 1680 203 104 173
internal_count=20166 14662 5504 2906 876 830 613 131 91 482 217 320 253 132 2030 552 134 418 4367 3984 10295 2598 106 3927 211 3828 1140 166 5518 1478 415 2688 2492 114 2021 621 152 1063 101 667 2389 2335 1761 1235 117 574 528 974 345 1118 5366 3895 168 105 1077 962 93 4777 1680 203 104 173
is_linear=0
shrinkage=0.03


Tree=60
num_leaves=63
num_cat=0
split_feature=14 27 26 24 16 17 1 30 13 13 1 0 20 5 16 0 1 14 12 8 10 5 1 28 1 16 8 12 16 28 4 5 1 12 30 8 13 17 22 12 8 1 28 13 1 20 8 12 12 17 25 29 14 17 2 29 6 28 12 0 17 12
split_gain=105.213 36.083 31.2056 14.7487 14.191 15.5218 10.3059 15.567 19.4738 10.3318 8.5643 8.49621 8.48361 7.73942 8.31589 8.32961 6.983 7.09276 6.89116 6.42925 6.37867 5.78678 5.10043 5.41273 4.86243 6.89489 7.77197 4.42788 4.62383 4.26288 4.2466 5.1659 4.20486 4.47723 4.19252 3.93128 6.64128 9.74906 5.6026 5.29356 5.26453 6.85031 7.68533 4.50597 3.87165 3.46671 3.37902 4.38911 3.35306 3.33289 3.59673 3.1464 3.11697 2.97542 2.96182 3.36176 3.01367 2.93696 2.88274 2.7879 2.71173 2.66534
threshold=2714.366428571429 -21407.499999999996 6712.0500000000002 0.55037518267569985 4068.2050000000004 17.115000000000006 5.5000000000000009 1.6500000000000006 1527.5737535644328 2380.6915691246263 5.5000000000000009 47.500000000000007 2546.3523437500003 -0.77259657388510594 3816.5150000000008 42.500000000000007 5.5000000000000009 3960.9028571428571 3344.9041145833339 -0.29342786347392819 2000.1750000000004 -0.81241147629689037 5.5000000000000009 6402.1216666666687 1.0000000180025095e-35 6560.5200000000013 -0.13398942717002907 2464.6969642857148 3590.2500000000005 4140.921666666668 1.0000000180025095e-35 -0.95642797789208689 4.5000000000000009 2569.051071428572 3.8625000000000029 -0.46989712924132493 2485.2354778152489 99.685000000000016 -647.65499999999975 3299.1251339285723 -0.7284115498514564 4.5000000000000009 5245.7316666666675 2656.5918640042214 1.0000000180025095e-35 4463.9920312500008 0.97263757644091875 3637.4897023809531 3532.7581398809525 2520.7900000000004 12102.150000000003 27.631250000000005 2425.5292857142863 299.21000000000009 8.5000000000000018 26.656250000000004 0.29012925520284116 6260.7450000000008 4405.6745089285723 27.500000000000004 399.14500000000004 3326.959389880953
decision_type=2 2 2 2 2 2 2 2 2 2 2 2 2 2 2 2 2 2 2 2 2 2 2 2 2 2 2 2 2 2 2 2 2 2 2 2 2 2 2 2 2 2 2 2 2 2 2 2 2 2 2 2 2 2 2 2 2 2 2 2 2 2
left_child=1 3 22 -1 5 11 13 53 -9 -10 24 -5 -7 57 15 20 17 27 -14 48 -15 45 23 49 -6 26 -26 -4 -29 -12 31 44 33 -27 46 36 39 38 -38 -16 -41 42 -42 -39 -19 -18 47 54 -11 50 -2 -28 -22 -8 55 -33 -56 -3 -48 60 -24 -36
right_child=2 6 16 4 10 12 7 8 9 19 29 -13 18 14 35 -17 21 30 -20 -21 52 -23 59 -25 25 32 51 28 -30 -31 -32 34 -34 -35 61 -37 37 43 -40 40 41 -43 -44 -45 -46 -47 58 -49 -50 -51 -52 -53 -54 -55 56 -57 -58 -59 -60 -61 -62 -63
leaf_value=-0.021666523008829069 0.004356766270800558 0.0029844359593357533 0.0070165272431025648 0.0071694333531053325 0.00073318281157031266 -0.0095715144828248475 -0.0071468732533754688 -0.023646097671963382 -0.0021170893933908494 -0.013165210444818843 -0.0059215638491325086 -0.01033700505096931 -0.030275531847518487 -0.013748418109536897 0.0042008115156970333 -0.016709509047103072 -0.0031493047914685195 0.010048549751093535 -0.014016067793656309 -0.022231038577809201 0.005889795266557485 -0.00012993111847900703 -0.00015593354528148969 -0.0051785733402171666 -0.018826624883724184 -0.0089460029585110342 -0.011540664962441143 -0.0038403526764774977 0.00071133804606157464 -0.017937188138884883 -0.0019525903345555626 0.002972137874437009 -0.0095438002082450738 0.00021109767715542767 0.011711072112832751 -0.0011740604190771174 -0.0077752514970393823 0.0021231165993085598 -0.022678069470996928 0.0012087582592209553 -0.0022961926119538342 0.0020001722878837227 -0.019851431922199063 -0.00815804155757399 0.0037433342256754996 -0.011037470499017777 0.0071361539592207576 -0.0011777592050122799 -0.0034160365442221516 -0.0032889590761624272 0.0067792534110317597 -0.0024011376343340556 -0.0042577140733400095 -0.0001736368272438431 0.0031452687605368818 0.011000539071857929 -0.0055227805376960211 -0.0054228752379010363 0.00043461462192411355 0.00021979744094722284 0.0093986928791684257 0.0041861041853883986
leaf_weight=62 1472 434 96 40 169 64 62 66 238 65 49 63 60 40 113 62 226 147 43 40 47 1028 44 46 57 57 53 207 5865 61 162 332 67 280 55 4376 48 79 45 112 40 45 51 73 220 64 161 491 63 41 893 93 62 438 76 54 67 40 90 358 67 184
leaf_count=62 1472 434 96 40 169 64 62 66 238 65 49 63 60 40 113 62 226 147 43 40 47 1028 44 46 57 57 53 207 5865 61 162 332 67 280 55 4376 48 79 45 112 40 45 51 73 220 64 161 491 63 41 893 93 62 438 76 54 67 40 90 358 67 184
internal_value=-4.47533e-05 -0.00276263 0.00167109 -0.00750713 -0.00672965 -0.0127427 -0.0018912 -0.00474384 -0.0086454 -0.00615476 -0.00488491 -0.00353482 -0.018367 -0.00140117 -0.00173618 -0.00755618 0.000839016 0.00116453 -0.0236876 -0.0118284 -0.00366141 -0.00118728 0.00438318 0.00493137 -0.00376414 -0.00501542 -0.00951396 0.000657241 0.00055556 -0.0126863 0.00269803 0.00310024 -0.00273711 -0.00135961 0.0023215 -0.00148822 -0.00375116 -0.00755294 -0.0151508 -0.00115726 -0.00360571 -0.00755044 -0.0122437 -0.00283559 0.0062893 -0.00492209 0.00163328 0.000863791 -0.00843047 0.00512673 0.00527395 -0.00577485 0.000131584 -0.00105086 0.00275734 0.00412081 -0.000926135 0.00226504 0.00474447 0.00151277 0.0056437 0.00595937
internal_weight=20303 7857 12446 1218 1156 270 6639 972 472 406 886 103 167 5667 5193 211 9525 8207 103 168 149 1318 2921 2452 776 607 203 6168 6072 110 2039 1877 404 337 1510 4982 606 245 93 361 248 136 91 152 367 290 1271 1020 128 2406 2365 146 109 500 529 386 143 474 251 469 111 239
internal_count=20303 7857 12446 1218 1156 270 6639 972 472 406 886 103 167 5667 5193 211 9525 8207 103 168 149 1318 2921 2452 776 607 203 6168 6072 110 2039 1877 404 337 1510 4982 606 245 93 361 248 136 91 152 367 290 1271 1020 128 2406 2365 146 109 500 529 386 143 474 251 469 111 239
is_linear=0
shrinkage=0.03


Tree=61
num_leaves=63
num_cat=0
split_feature=14 26 26 10 7 7 11 30 26 24 26 5 16 16 17 17 13 20 22 12 13 7 30 0 11 16 21 23 14 13 14 7 3 11 16 12 22 16 16 6 0 10 13 29 12 13 21 5 7 20 19 11 13 4 12 3 22 12 13 13 9 7
split_gain=96.7028 32.1106 27.8341 16.2106 12.4148 18.4448 11.5299 10.6329 10.5584 8.46354 6.64025 5.87379 9.5246 10.3143 6.03409 10.6705 17.6241 5.45859 4.94616 4.9173 6.04408 4.82286 5.06492 4.51217 4.50168 4.3181 5.30845 5.21061 4.10451 10.3259 3.96262 3.8731 3.73442 3.67182 4.12383 3.02221 2.9579 2.93863 4.2781 5.48649 2.91081 2.89972 4.38115 5.84856 5.68812 3.1613 2.88806 5.23554 3.69506 3.3118 2.80085 2.75665 2.90838 2.73055 13.3703 2.64982 3.52055 2.64552 2.52335 3.69319 2.46794 2.38293
threshold=2605.8385714285719 6712.0500000000002 32652.750000000004 2085.4750000000004 -0.99630266176052629 -0.99763297024448894 599.8950000000001 10.400000000000004 35671.250000000007 0.55037518267569985 10603.050000000001 -0.70710678118654735 3816.5150000000008 3590.2500000000005 29.590000000000003 17.115000000000006 1737.3573913285638 6481.8408333333346 -0.61500000000023636 3020.8250223214291 1655.8840031680804 -0.76694339346796603 3.8625000000000029 51.500000000000007 1999.1800000000003 3745.2700000000004 5000.255000000001 -473.73785714285708 1301.592142857143 2187.3191394212449 5438.8471428571438 -0.92923668111203805 1.0000000180025095e-35 4574.005000000001 4533.8350000000009 2587.7007291666673 -630.92499999999984 4429.5550000000012 4241.3600000000015 0.55557023301960229 68.500000000000014 1750.5100000000002 2692.1841111005619 30.343750000000004 4217.1600074404769 1492.6879352019698 4500.8550000000005 -0.19509032201612828 -0.50462962837920111 2546.3523437500003 1800.8350000000003 599.8950000000001 1810.9692961891719 1.0000000180025095e-35 3483.2771949404764 1.0000000180025095e-35 -12.165000000000189 3501.1628645833334 2137.6439798249326 1960.669070661645 1049.4750000000001 -0.91246704667116951
decision_type=2 2 2 2 2 2 2 2 2 2 2 2 2 2 2 2 2 2 2 2 2 2 2 2 2 2 2 2 2 2 2 2 2 2 2 2 2 2 2 2 2 2 2 2 2 2 2 2 2 2 2 2 2 2 2 2 2 2 2 2 2 2
left_child=2 21 4 6 5 19 7 18 -5 -6 25 55 13 24 15 -14 -17 41 23 -1 -21 30 -23 -4 -13 -3 27 36 29 60 -2 -29 -32 34 -28 -12 -27 38 46 -40 -33 45 51 44 -44 50 47 -37 49 -49 -16 -43 -53 -54 -55 -11 -57 58 59 -35 -8 -34
right_child=1 10 3 8 9 -7 28 -9 -10 11 35 12 14 -15 17 16 -18 -19 -20 20 -22 22 -24 -25 -26 26 33 31 -30 -31 32 40 61 57 -36 37 -38 -39 39 -41 -42 42 43 -45 -46 -47 -48 48 -50 -51 -52 52 53 54 -56 56 -58 -59 -60 -61 -62 -63
leaf_value=0.0045899092830544294 -0.0016947740113599119 -0.0062879254070350964 -0.010729112334718757 -0.0094519936160317487 -0.013422301401825328 -0.024711032156076913 -0.0055710969923995438 0.0012355940138610701 -0.031186784431338307 0.0025467176856658153 0.002847361340755682 0.0025301942736681167 -0.0011792502923285333 -0.018435142521101695 -0.013342150054940365 -0.0037948223808392263 -0.025699239435060969 -0.01235843240749091 -0.0088492494586266957 -0.015600121550758005 -0.00096391586458374702 0.0040986918606059066 0.0073665222594298052 -0.023285113482844906 -0.0092079125726595521 0.016969611346721647 -0.0077226354927299725 -0.0049566281680017707 -0.0018373455830200511 -0.018098661619527584 0.0059425183507166319 0.0011621722950548683 0.002732128174975514 0.0047336856826960512 0.0010492428230758466 0.0056282720350094937 0.006796477190722283 0.00019718290330656693 -0.0012517891804476814 -0.015954527505105589 0.010193752671226059 0.0028765609213909091 -0.019377889610917829 -0.0016861673766343723 -0.0037402918013588835 -0.00230971907978339 -0.0023942925465665669 -0.0011638520175769719 0.0027817565974978245 -0.011293057119853947 -0.0037052959328284485 0.00042021536321740807 -0.0013137917781574264 0.0012640764830303939 -0.018071807110123336 -0.0093212493441321622 0.0010812735799647106 0.0018636544135642624 0.00023735058886048039 0.013671133418012267 0.0025773056088339375 -0.005385567213480289
leaf_weight=42 192 61 43 41 56 52 124 44 41 378 326 57 195 64 45 89 52 41 75 45 57 1754 567 76 59 41 48 47 306 57 230 76 86 221 3132 139 73 4536 52 40 55 171 40 171 44 922 516 72 88 48 69 916 2275 90 49 43 87 645 75 51 45 51
leaf_count=42 192 61 43 41 56 52 124 44 41 378 326 57 195 64 45 89 52 41 75 45 57 1754 567 76 59 41 48 47 306 57 230 76 86 221 3132 139 73 4536 52 40 55 171 40 171 44 922 516 72 88 48 69 916 2275 90 49 43 87 645 75 51 45 51
internal_value=-1.03672e-05 0.00149634 -0.00287207 -0.00794891 -0.00216283 -0.00957275 -0.00658054 -0.0120585 -0.0205642 -0.00191564 0.000715984 -0.00180335 -0.00209612 -0.00886192 -0.00185885 -0.00574103 -0.0119971 -0.00158782 -0.0150645 -0.00397342 -0.00750983 0.00429735 0.00489982 -0.0188753 -0.00346772 0.00157774 0.0016866 0.00559072 -0.00411185 -0.00716984 0.00179156 0.00235988 0.00361513 0.00141208 0.000914451 4.54778e-05 0.010571 -0.000121358 -0.00163297 -0.0077471 0.00500256 -0.0014931 -0.001105 -0.00489386 -0.0113271 -0.00289776 -0.000972958 0.00114142 -0.00186959 -0.00527538 -0.00759226 -0.000827711 -0.00101874 -0.0015647 -0.00563257 0.00127745 -0.00240445 0.00300477 0.00511441 0.0064534 -0.00339901 -0.000306916
internal_weight=20183 13222 6961 852 6109 196 770 238 82 5913 10342 5857 5349 180 5169 336 141 4833 194 144 102 2880 2321 119 116 4525 4464 292 532 226 559 178 367 4172 3180 5817 114 5491 955 92 131 4792 3756 255 84 1036 863 347 208 120 114 3501 3330 2414 139 508 130 992 347 272 169 137
internal_count=20183 13222 6961 852 6109 196 770 238 82 5913 10342 5857 5349 180 5169 336 141 4833 194 144 102 2880 2321 119 116 4525 4464 292 532 226 559 178 367 4172 3180 5817 114 5491 955 92 131 4792 3756 255 84 1036 863 347 208 120 114 3501 3330 2414 139 508 130 992 347 272 169 137
is_linear=0
shrinkage=0.03


Tree=62
num_leaves=63
num_cat=0
split_feature=14 26 14 1 20 18 7 7 5 27 17 17 1 20 15 30 1 12 4 12 17 16 13 13 12 25 5 28 30 7 24 11 22 13 2 17 7 30 13 14 13 20 13 13 12 15 5 15 28 5 16 13 1 12 5 7 22 2 28 30 1 13
split_gain=92.8192 33.7711 25.132 16.6062 12.8176 10.6154 10.1421 15.6495 8.25916 8.155 7.4904 22.4952 6.85603 6.6517 10.0454 6.93651 6.17261 27.8601 6.5859 12.8422 5.72276 5.42491 5.17605 5.12592 8.27226 9.95228 8.93779 4.91422 9.73272 4.15075 3.99207 3.96828 3.95297 4.32436 4.62452 3.8915 3.82008 8.16436 4.49602 3.77908 3.5896 5.07637 3.5812 5.87847 3.54168 3.23766 3.28786 3.11481 2.99903 2.98547 3.93106 5.22459 3.15992 2.93262 2.82591 2.67706 4.38937 2.66308 2.63873 3.30194 2.56318 2.67318
threshold=2850.1235714285717 32652.750000000004 6474.1400000000003 5.5000000000000009 6538.5306250000003 2210.5050000000006 -0.8041866928211282 -0.88622299073327826 -0.68322629814330782 -1484.0500000000004 99.050000000000011 87.695000000000007 5.5000000000000009 2772.0521875000004 2483.2945833333338 1.5750000000000013 5.5000000000000009 2643.1717931547623 1.0000000180025095e-35 3483.2771949404764 17.115000000000006 3362.7800000000002 1633.2922138976608 1926.6403393641629 3852.4158258928574 11710.950000000003 -0.19509032201612828 6260.7450000000008 8.2062500000000025 0.98372640911059162 1.2449670222439246 999.66000000000008 83.420000000000087 2651.6063810485211 1.5000000000000002 1699.9850000000004 0.89546819317495652 0.8000000000000026 1626.8686678708402 1546.8650000000002 1902.5188419817198 5198.4445833333348 1818.5644335311038 1997.8011663714653 2861.239479166667 4122.3320312500009 0.91037613702198772 2899.7708854166672 5385.3416666666681 -0.8814490726585632 5148.670000000001 2495.2455268194403 5.5000000000000009 2501.8138764880955 -0.72947329433276231 0.99907018497641664 -4494.4999999999991 9.5000000000000018 6184.1533333333346 4.7562500000000005 5.5000000000000009 1753.2032102301957
decision_type=2 2 2 2 2 2 2 2 2 2 2 2 2 2 2 2 2 2 2 2 2 2 2 2 2 2 2 2 2 2 2 2 2 2 2 2 2 2 2 2 2 2 2 2 2 2 2 2 2 2 2 2 2 2 2 2 2 2 2 2 2 2
left_child=1 4 9 6 5 8 7 22 -1 21 11 13 58 -10 -15 -16 18 -18 32 -20 -11 -2 -3 -8 25 26 -25 49 -29 -5 -24 39 33 34 -12 -14 57 38 -38 -19 47 -42 -36 48 -9 -40 -47 -39 -44 52 51 -51 -7 -52 -43 56 -23 -22 -4 -60 61 -59
right_child=2 3 12 29 -6 27 23 44 10 20 16 -13 35 14 15 -17 17 31 19 -21 36 55 30 24 -26 -27 -28 28 -30 -31 -32 -33 -34 -35 42 -37 37 40 45 -41 41 54 43 -45 -46 46 -48 -49 -50 50 53 -53 -54 -55 -56 -57 -58 60 59 -61 -62 -63
leaf_value=0.0012884762599442842 -0.0091885291752315905 -0.013512859621741733 0.0057462787040965984 -0.013505575404781847 -0.017365180735892438 0.0035156202677432309 0.0002588874212434343 -0.013605721672730785 0.00036676474116592209 0.010464705988568695 -0.011008772666386517 -0.024228214916410081 -0.0032492993040165552 -0.0177011011527793 -0.014060909254476428 -7.7130916938185687e-05 -0.02762221934273839 -0.014369269399903715 -0.0026010246564555067 -0.022096046632545632 0.00062919894382761673 -0.0086431356306445415 -0.0089616590720270912 -0.025295798764005301 -0.00025329745842305861 0.00071290245952854007 -0.0073301020597123078 -0.018281025893804502 0.0022196268857738307 -0.026711316943168639 0.00094455316565775628 -0.0012303803634279515 -0.00088114069831224146 -0.012753754159784875 0.001672166003226715 0.0037284459958311059 0.0072095960291830739 0.011274966767856052 -0.0028610338249844889 -0.0035501766321551684 0.01412981416533092 0.00022544902702004223 -0.0055430548135624366 -0.00063908435002810963 -0.025928067192435265 -0.00023645695751985988 0.0065878486987587404 0.0022317598948575321 -0.014796101676603389 -0.0019996854629798617 0.0025983321310662768 -0.011072092227473415 -0.0054358409458158041 -0.00065033625778522573 0.0090223223539559472 0.0080020037375737058 0.00056069864771724409 0.0080157072351883258 -0.0054767941929061295 0.0058456599050942725 -0.001023463017829671 0.0027534523841132681
leaf_weight=385 51 60 1662 49 46 267 180 41 160 75 58 58 134 63 42 124 47 47 105 42 1392 46 61 49 114 45 52 40 42 44 89 258 1498 43 157 153 93 41 201 76 103 58 128 243 54 184 96 191 42 362 270 67 40 3242 75 42 6042 107 43 48 122 457
leaf_count=385 51 60 1662 49 46 267 180 41 160 75 58 58 134 63 42 124 47 47 105 42 1392 46 61 49 114 45 52 40 42 44 89 258 1498 43 157 153 93 41 201 76 103 58 128 243 54 184 96 191 42 362 270 67 40 3242 75 42 6042 107 43 48 122 457
internal_value=-3.02641e-05 -0.00234731 0.00175385 -0.00807203 -0.00174309 -0.00165001 -0.00656186 -0.0107594 -0.00285943 0.00109701 -0.00336013 -0.00695881 0.00477072 -0.00432841 -0.00759622 -0.00367821 -0.00277158 -0.00607838 -0.00215812 -0.00828269 0.00232737 0.00046075 -0.00613696 -0.00363438 -0.00632039 -0.0110238 -0.0162087 -0.00065076 -0.00788046 -0.0199711 -0.00311664 -0.00335538 -0.00173942 -0.00365134 -0.00300881 0.000470574 0.00212847 0.00361035 0.00120878 -0.00776684 0.006547 0.00914978 -0.00217692 -0.00364064 -0.0208071 3.59916e-05 0.00211842 0.00387144 -0.00790226 -0.000509382 -0.000731527 -0.00343904 0.00233544 -0.000399912 0.0052164 0.000542515 0.000489748 0.00138401 0.00547407 0.000494113 0.00291251 0.00376421
internal_weight=20206 8790 11416 838 7952 7906 745 305 3576 9376 3191 447 2040 389 229 166 2744 428 2316 147 3195 6181 210 440 260 146 101 4330 82 93 150 381 2169 671 628 287 3120 1042 574 123 468 236 570 413 95 481 280 232 170 4248 3941 429 307 3512 133 6130 6088 2078 1753 91 686 564
internal_count=20206 8790 11416 838 7952 7906 745 305 3576 9376 3191 447 2040 389 229 166 2744 428 2316 147 3195 6181 210 440 260 146 101 4330 82 93 150 381 2169 671 628 287 3120 1042 574 123 468 236 570 413 95 481 280 232 170 4248 3941 429 307 3512 133 6130 6088 2078 1753 91 686 564
is_linear=0
shrinkage=0.03


Tree=63
num_leaves=63
num_cat=0
split_feature=9 26 26 8 19 29 20 7 19 17 17 13 26 7 24 13 3 20 15 28 24 8 26 0 20 20 28 7 8 8 19 13 8 13 15 11 15 2 0 21 0 3 25 3 17 23 19 27 8 29 6 15 17 6 17 28 7 17 5 11 12 24
split_gain=81.1554 35.3286 15.3717 14.7746 13.4102 11.2122 11.4251 8.33082 16.0489 9.77342 22.6737 8.19119 10.2914 6.90974 10.2408 5.88312 5.74853 7.19714 5.72162 7.0628 5.22738 5.08591 7.4757 4.7824 4.63462 4.5226 4.35697 4.28869 4.57233 4.79641 4.2366 4.1391 4.03797 5.36076 4.15257 3.64772 5.33381 3.64618 4.33827 4.2847 3.43504 5.33394 3.40077 3.29888 3.181 3.16379 6.80236 3.11154 3.06352 3.00342 4.50405 2.77961 2.74517 4.37879 2.84036 5.10103 13.8593 3.47732 3.03454 2.73755 3.01878 2.65751
threshold=3209.5200000000009 32652.750000000004 6573.6000000000013 -0.38243420677835349 2023.2800000000002 30.756250000000005 3053.4320833333336 -0.99630266176052629 1005.0350000000001 99.095000000000013 87.695000000000007 2366.6594058874193 35671.250000000007 -0.77245553105869302 1.4770399703656296 1788.0095484857131 1.0000000180025095e-35 4904.6143750000001 3272.2467187500001 5412.1933333333336 0.77299915883858394 -0.30982845708428081 24660.150000000005 50.500000000000007 1916.0820833333335 6913.9380729166669 6112.8550000000014 -0.94705910369513524 0.96849880583763492 0.96633974041180493 3845.6950000000002 3031.5502643691261 0.97263757644091875 2242.0645793035351 5140.7918750000017 3000.8550000000005 1675.6098437500002 2.5000000000000004 33.500000000000007 6850.3900000000003 56.500000000000007 1.0000000180025095e-35 10542.550000000001 1.0000000180025095e-35 49.790000000000013 -1034.1385714285711 3464.6950000000002 -9062.0999999999985 -0.18493013702746822 25.006250000000005 -0.84874750804349197 4127.2280729166678 29.590000000000003 0.32143946530316164 200.09500000000003 5412.1933333333336 -0.60554068365937697 399.42000000000007 0.58216583101416164 3296.1950000000002 3420.893229166667 1.0212017765972299
decision_type=2 2 2 2 2 2 2 2 2 2 2 2 2 2 2 2 2 2 2 2 2 2 2 2 2 2 2 2 2 2 2 2 2 2 2 2 2 2 2 2 2 2 2 2 2 2 2 2 2 2 2 2 2 2 2 2 2 2 2 2 2 2
left_child=1 4 26 44 7 6 13 8 -1 10 20 12 -8 14 23 48 37 21 19 -10 -9 22 -18 -5 -17 30 42 -26 29 31 -4 35 33 -32 -35 36 -29 39 -39 -11 41 -7 51 -28 -3 46 -38 -23 -6 -22 -51 59 53 -47 -54 57 -57 58 -56 -2 -61 -41
right_child=2 3 25 5 15 40 11 9 18 16 -12 -13 -14 -15 -16 24 17 -19 -20 -21 49 47 -24 -25 27 -27 43 28 -30 -31 32 -33 -34 34 -36 -37 45 38 -40 61 -42 -43 -44 -45 -46 52 -48 -49 -50 50 -52 -53 54 -55 55 56 -58 -59 -60 60 -62 -63
leaf_value=-0.024487210955775596 -0.002969560178095923 -0.012492135659508083 0.00069959524419940496 -0.0072146460960308707 0.0075110993932547233 -0.00078003223206257754 -0.011156102494934378 -0.013215014046457196 0.00059432445660881372 0.0020318694857802862 -0.021382598041180662 -0.0064038636689738391 -0.028929233780529882 0.00011669108399190008 0.002627441260159354 -0.0088873776957146162 -0.0012326655387574724 -0.013055307323356037 0.0047126552223673334 -0.015554316449769824 -0.0067767513287253674 -0.0011518703828980593 -0.015425789728284473 -0.020676818294450641 0.0016055654867331644 -0.0082680020659145984 0.0025869806085459211 -0.011409412260656639 0.00055760826605684097 -0.011261610159145152 0.0028428349738066115 0.0054133196684808737 0.0054947050135948135 -0.0010614082229804605 0.007765919348010077 -0.00060468053663421679 -0.016629256925412585 -0.0057669365978309595 0.00035487563974930702 -0.014702235757871423 0.0055142995538190005 -0.011181854322356612 0.0055524906441425303 -0.0063287013924564232 -0.02406635342091322 -0.014375096682534359 -0.00031928737146350055 -0.0088182871598669766 0.00052720094310157255 -0.0043672640297068828 0.0045480798304026173 0.0051323463515994963 0.00028787218038893198 -0.00073088039970025417 -0.0032126753070125624 -0.020381388172355231 0.001822353424954685 -0.0015678699092098246 -0.013583963475894275 0.0050143335949098576 0.001208191433713374 -0.0038295821628033569
leaf_weight=45 80 45 3417 44 57 201 66 41 45 44 77 70 55 124 43 67 68 68 45 52 79 576 65 55 512 43 98 58 979 46 1532 73 315 617 51 1510 41 113 1209 42 49 56 1163 59 49 40 51 51 2243 101 101 487 452 44 69 48 52 1422 40 327 440 40
leaf_count=45 80 45 3417 44 57 201 66 41 45 44 77 70 55 124 43 67 68 68 45 52 79 576 65 55 512 43 98 58 979 46 1532 73 315 617 51 1510 41 113 1209 42 49 56 1163 59 49 40 51 51 2243 101 101 487 452 44 69 48 52 1422 40 327 440 40
internal_value=-3.87115e-05 -0.00168612 0.00216115 -0.00754279 -0.00121489 -0.00614366 -0.00911471 -0.00297108 -0.00907803 -0.00254093 -0.00686643 -0.0146988 -0.0194057 -0.00506505 -0.00955912 -0.000570531 -0.00177996 -0.0037722 -0.00405775 -0.00813306 -0.00333971 -0.00292554 -0.00823251 -0.0148256 -0.00110294 0.00131688 0.00406066 -0.00100539 -0.0012771 -0.00173231 0.00138774 -0.00161706 0.00232205 0.00186549 -0.000376865 -0.00175254 -0.00250003 -0.000638928 -0.000172359 -0.00549429 -0.00169126 -0.00308113 0.00436536 -0.000782348 -0.0187153 -0.00226633 -0.00768851 -0.0017885 0.000703469 -0.00185708 9.08533e-05 0.00332701 -0.00203269 -0.00732081 -0.00181603 -0.0023989 -0.00893172 -0.00196665 -0.00710754 0.00228417 0.0028353 -0.00950854
internal_weight=20152 11523 8629 857 10666 763 457 2862 187 2675 399 191 121 266 142 7804 2276 828 142 97 322 760 133 99 5504 5975 2654 5437 4925 3946 5932 3900 2515 2200 668 3827 2317 1448 1322 126 306 257 2497 157 94 2259 92 627 2300 281 202 1334 2167 84 2083 1631 100 1531 109 847 767 82
internal_count=20152 11523 8629 857 10666 763 457 2862 187 2675 399 191 121 266 142 7804 2276 828 142 97 322 760 133 99 5504 5975 2654 5437 4925 3946 5932 3900 2515 2200 668 3827 2317 1448 1322 126 306 257 2497 157 94 2259 92 627 2300 281 202 1334 2167 84 2083 1631 100 1531 109 847 767 82
is_linear=0
shrinkage=0.03


Tree=64
num_leaves=63
num_cat=0
split_feature=9 14 14 5 5 1 15 1 17 16 14 7 20 5 1 21 8 20 29 26 7 29 17 28 12 12 15 26 4 20 20 5 12 15 20 21 4 7 5 29 10 30 28 30 9 17 23 12 8 19 17 8 7 17 7 29 28 11 15 12 17 19
split_gain=85.3405 26.5174 25.8734 9.32201 11.3159 11.4757 10.0885 8.87242 19.4653 8.58284 14.2949 8.44904 9.08477 9.82541 7.7151 7.54563 6.49012 6.46281 6.29876 6.16534 5.79154 8.91355 4.84381 4.63672 3.66159 3.52156 6.47143 3.66544 3.48972 3.47369 3.4635 3.81515 3.38179 6.64891 4.19654 4.32779 6.31004 3.45568 7.67988 3.40461 3.37936 3.53313 3.32672 9.53066 3.16308 3.07192 3.05877 2.98313 2.98123 2.97776 4.78133 2.90226 2.86495 3.05022 2.83971 5.42815 3.03652 2.83035 2.79901 2.79719 2.74901 2.67691
threshold=2620.3850000000007 1301.592142857143 5838.7042857142869 -0.1628082571180898 -0.5 5.5000000000000009 3324.1733333333336 5.5000000000000009 49.455000000000005 3816.5150000000008 1931.1507142857142 -0.98664820696349753 4734.7300520833342 -1.0000000180025095e-35 5.5000000000000009 4962.5200000000013 0.56191161272202661 3007.1436458333337 29.793750000000006 11545.550000000001 0.89546819317495652 24.806250000000006 499.81500000000005 3610.271666666667 2464.6969642857148 3320.8335491071434 1675.6098437500002 12947.700000000003 1.0000000180025095e-35 5582.3527083333338 3480.0002604166671 -0.72947329433276231 2875.6852529761909 1939.7336979166669 2191.0721354166672 4875.6650000000009 1.0000000180025095e-35 0.96904697354198299 0.68322629814330837 25.456250000000004 2000.1750000000004 3.6500000000000008 6184.1533333333346 8.5062500000000032 1525.9650000000004 1540.595 47.790714285714337 3097.2922247023816 -0.39233249306308043 2736.7300000000005 99.170000000000016 0.48877522411129348 -0.99985146406598202 1254.7450000000001 0.95998215779580554 24.706250000000008 6402.1216666666687 3807.2150000000006 5069.5700520833343 3505.040186011905 2410.1900000000005 4036.4700000000007
decision_type=2 2 2 2 2 2 2 2 2 2 2 2 2 2 2 2 2 2 2 2 2 2 2 2 2 2 2 2 2 2 2 2 2 2 2 2 2 2 2 2 2 2 2 2 2 2 2 2 2 2 2 2 2 2 2 2 2 2 2 2 2 2
left_child=1 3 19 4 -1 6 16 9 -9 10 15 -10 -13 -14 28 -3 17 18 -6 20 24 23 -16 -22 48 26 -12 -28 54 32 -23 57 51 -34 46 -36 37 42 -39 -38 41 44 49 -44 -5 -31 -35 -43 -2 50 -37 -11 -26 -54 56 -56 60 -32 -24 -30 -4 -25
right_child=2 7 14 40 5 -7 -8 8 11 29 25 12 13 -15 22 -17 -18 -19 -20 -21 21 30 58 61 52 -27 27 -29 59 45 31 -33 33 34 35 36 39 38 -40 -41 -42 47 43 -45 -46 -47 -48 -49 -50 -51 -52 -53 53 -55 55 -57 -58 -59 -60 -61 -62 -63
leaf_value=0.00073543480854775553 0.001335430391242399 -0.0067508629914128067 0.0060078129645229983 -0.0095823030988020554 -0.017751463204622269 -0.024113010436296461 -0.0036049431966786306 -0.022891518896555201 -0.015309930816292762 0.0021416712898078712 0.008892979645707573 -0.0011455881472415272 -0.019381874686223453 -0.00096619019508361811 -0.0048895049703524219 -0.020853434969599429 -0.0029054206115908402 -0.023463804813344841 -0.004305021050546704 -3.1359035521067881e-06 0.0022291355587107232 0.010441333763731213 0.00069348918535123462 -0.010070851235758772 -0.0060088258864548563 -0.0078436619145213632 -0.010182372822237084 -0.0010444644308366723 0.0047959659140297149 0.0050136840341702127 -0.0011190959467594589 0.0074091097226957189 -0.013408682662181469 -0.013610715700495169 0.0021017310619310592 -0.010709944189712405 -0.0023521838236642495 -0.0021903331033024591 -0.015183777126538404 -0.013402522406916344 -0.012218200538148422 0.00080789943174750076 -0.01664467323184236 0.0014197237559053445 7.5974203434518798e-05 -0.002045497762102803 -0.0036936934335596648 -0.0075549111844156868 0.010307830045218649 0.00060319750883952334 -0.0013173364689344704 -0.0012935006536611577 -0.00013774013951260578 0.0015139843399738146 -0.0021273923706849017 0.0070555449547773262 -0.001751033864915371 0.0065593807785181025 0.0080582461929729864 -0.0056407112980261442 -0.00079496523440216794 -0.0010509192194914465
leaf_weight=75 67 75 1672 104 71 59 144 50 51 431 51 537 55 49 115 64 42 68 57 4733 603 129 186 42 54 79 47 225 42 150 121 226 42 40 299 49 43 210 50 61 40 191 45 61 43 87 92 47 66 806 2040 453 1628 2633 127 105 49 66 61 49 55 96
leaf_count=75 67 75 1672 104 71 59 144 50 51 431 51 537 55 49 115 64 42 68 57 4733 603 129 186 42 54 79 47 225 42 150 121 226 42 40 299 49 43 210 50 61 40 191 45 61 43 87 92 47 66 806 2040 453 1628 2633 127 105 49 66 61 49 55 96
internal_value=-7.61692e-06 -0.00262907 0.00144933 -0.00732123 -0.0100297 -0.011858 -0.00990718 -0.00192065 -0.00499812 -0.00150464 -0.0050893 -0.00367408 -0.00272589 -0.0107971 0.00421644 -0.0133467 -0.0136893 -0.0159736 -0.0118434 0.0007982 0.00145988 0.00323489 0.000171105 0.00109355 0.00094727 -0.00220809 -0.000809778 -0.00265496 0.0049137 -0.00111262 0.00615505 0.00479424 -0.00129064 -0.00167586 -0.00154255 -0.00135211 -0.00165954 -0.00142599 -0.00473767 -0.00889955 -0.00401705 -0.00313554 -0.00113759 -0.00633301 -0.00677567 0.00242463 -0.00677859 -0.000868281 0.0058316 -0.000945235 -0.00154267 0.000381867 0.000795406 0.000883026 0.00517401 0.00204112 0.00558188 0.00161143 0.00253747 -0.000824011 0.00579083 -0.00384882
internal_weight=20108 7183 12925 941 516 441 382 6242 742 5500 541 692 641 104 2461 139 238 196 128 10464 5731 1283 362 741 4448 402 323 272 2099 4959 542 413 4722 3838 3796 3664 3365 3261 260 104 425 385 3001 106 147 237 132 238 133 2895 2089 884 4315 4261 2008 232 1776 187 247 91 1727 138
internal_count=20108 7183 12925 941 516 441 382 6242 742 5500 541 692 641 104 2461 139 238 196 128 10464 5731 1283 362 741 4448 402 323 272 2099 4959 542 413 4722 3838 3796 3664 3365 3261 260 104 425 385 3001 106 147 237 132 238 133 2895 2089 884 4315 4261 2008 232 1776 187 247 91 1727 138
is_linear=0
shrinkage=0.03


Tree=65
num_leaves=63
num_cat=0
split_feature=14 9 16 11 1 7 13 14 28 14 17 8 25 29 9 6 20 0 13 29 7 1 9 13 18 6 29 13 18 28 0 20 7 8 0 11 24 19 20 7 24 0 8 13 20 24 17 11 20 1 7 20 1 10 8 13 7 7 7 8 14 8
split_gain=82.6604 33.1525 18.534 15.9775 14.7623 15.6909 11.873 13.3736 12.1668 9.37477 7.70657 12.9922 8.40855 7.41377 7.29141 6.42445 6.19812 5.46497 5.23172 5.19639 6.33095 5.14218 4.06545 4.41635 4.28754 3.74577 3.62783 6.00493 20.6593 5.06998 3.57597 3.52276 5.34572 4.00286 3.79097 3.42344 4.55383 3.35911 3.30882 3.29431 3.1196 3.11315 3.11297 2.97981 2.97589 3.10822 2.92064 3.55298 3.8404 3.18366 2.9009 2.81671 2.77102 3.97335 3.50525 2.88816 3.24411 4.88683 4.26444 3.43464 2.62323 2.60185
threshold=2236.7757142857149 3750.6400000000008 4035.2800000000002 455.96000000000009 5.5000000000000009 -0.98664820696349753 2331.9284878414828 1301.592142857143 4860.7350000000015 462.50714285714292 17.115000000000006 0.42763731121559989 9489.7000000000025 25.781250000000004 6000.6650000000009 -0.91037613702198728 6913.9380729166669 50.500000000000007 1919.9316615115354 20.506250000000005 -0.69057362043749781 5.5000000000000009 2415.5650000000005 2995.0939072115921 4259.9350000000004 -0.91037613702198728 31.156250000000004 2478.005846258126 1902.7350000000004 4446.8116666666674 49.500000000000007 2102.9125000000008 -0.99467753128998015 0.063390085881955341 35.500000000000007 1335.6300000000003 1.2971499517938843 3845.6950000000002 6538.5306250000003 0.99939377080793557 0.75672288019051115 28.500000000000004 0.94066717844141279 2396.9757490800407 4875.5103645833342 1.0562346310651134 29.220000000000002 2422.9150000000004 2405.2845312500008 3.5000000000000004 -0.72101013194340913 2559.1267187500002 1.5000000000000002 5300.1900000000005 0.98899263613956456 2253.6839008812026 0.89546819317495652 0.9916835347852474 0.87962967011031401 0.98005052076767474 7640.2950000000019 0.04621408538533487
decision_type=2 2 2 2 2 2 2 2 2 2 2 2 2 2 2 2 2 2 2 2 2 2 2 2 2 2 2 2 2 2 2 2 2 2 2 2 2 2 2 2 2 2 2 2 2 2 2 2 2 2 2 2 2 2 2 2 2 2 2 2 2 2
left_child=2 16 3 -1 9 -6 7 30 -8 -4 13 12 -12 -5 38 17 18 46 31 -19 35 39 23 24 40 -10 27 43 -29 -30 -7 34 33 -33 -2 -21 -37 -34 44 -16 -20 -35 -42 -17 52 -46 -11 48 -48 -49 -23 -24 53 54 -3 56 58 -58 59 -54 -53 -39
right_child=1 14 4 10 5 6 8 -9 25 15 11 -13 -14 -15 21 26 -18 19 22 20 -22 50 51 -25 -26 -27 -28 28 29 -31 -32 32 37 41 -36 36 -38 61 -40 -41 42 -43 -44 -45 45 -47 47 49 -50 -51 -52 60 55 -55 -56 -57 57 -59 -60 -61 -62 -63
leaf_value=-0.023674830624035425 -0.00043997737492086836 0.0013054094046627595 -0.013942866663603096 -0.010797100744010614 -0.024672939134761689 -0.0070860221230735375 -0.027324079377122407 -0.00047526334378609803 -0.013397406437076055 -0.0079280573212075975 -0.023181088044463345 -0.0012633212675664867 -0.0083905530414006228 0.0050234801960113932 0.0051927167618098504 -0.0012637851811832278 -0.011340893510685757 -0.016426097908534294 0.0036774746683443447 -0.0050977572069571507 -0.0024038765003894682 -0.0048360974846783878 -0.0031908151048507228 0.007223338894546032 -0.011661038381957211 -0.001795261800661683 0.0013672142429030014 -0.024958886548032074 -0.0091433052166913897 0.0026775368415674536 -0.019181531826034187 -0.0010455299759937818 0.00062487334998908065 -0.0029375167378305413 0.0077680324501125143 -0.02101006815343031 -0.0074921125202562734 0.0079214675617295983 -0.0054730433960839247 -0.0030654418198391791 -0.003431794755321362 -0.014448826721437819 0.00013142647887387331 0.0058066473284270614 0.0073742534385650956 -0.0017847594425880482 -0.0089978136483799005 -0.0020060916988474606 -0.00047029693546283245 -0.013001114892462888 0.0022701459915884271 -1.2308440533657028e-05 0.0013783313755592389 0.0074259635184938874 0.0086982568217949426 -0.00040853502912137975 0.0080105298352584741 0.00011650937414033559 -0.0074924706826184654 0.0093421540583264739 0.0065781481145796451 0.0022608627309661823
leaf_weight=62 82 465 60 41 43 44 40 316 51 74 71 88 70 72 1698 1286 42 40 80 81 278 64 251 44 42 49 458 42 48 97 47 277 3212 45 131 41 52 85 51 44 783 40 307 55 170 41 50 51 701 44 252 4642 1123 176 65 596 177 117 46 50 54 499
leaf_count=62 82 465 60 41 43 44 40 316 51 74 71 88 70 72 1698 1286 42 40 80 81 278 64 251 44 42 49 458 42 48 97 47 277 3212 45 131 41 52 85 51 44 783 40 307 55 170 41 50 51 701 44 252 4642 1123 176 65 596 177 117 46 50 54 499
internal_value=-3.70936e-05 0.000983141 -0.00364605 -0.00976662 -0.00303294 -0.00741551 -0.00601635 -0.00340746 -0.0135228 -0.00228327 -0.00718358 -0.0103357 -0.0159491 -0.000761089 0.00296184 -0.00207335 2.58484e-05 -0.00361973 7.20653e-05 -0.00616972 -0.00522782 0.00434409 -0.000488069 -0.00201157 -0.00235251 -0.00778642 -0.000972634 -0.00167441 -0.00669604 -0.00127139 -0.0134737 0.000866897 0.00067353 -0.00280492 0.00462085 -0.00970012 -0.0136118 0.0010059 0.00203623 0.00498249 -0.00200869 -0.00845962 -0.00242901 -0.000969686 0.00216456 0.00559452 -0.00225082 -0.00174546 -0.00104925 -0.00718091 0.000820191 -0.000100937 0.00190557 0.00353154 0.00222675 0.00135985 0.00205626 0.00488008 0.00137176 0.00172546 6.48606e-05 0.00309688
internal_weight=20203 15751 4452 404 4048 590 547 407 140 3458 342 229 141 113 5135 3398 10616 1412 10574 492 452 2058 6203 1256 1212 100 1986 1528 187 145 91 4371 4158 362 213 174 93 3796 3077 1742 1170 85 1090 1341 3026 211 920 846 751 95 316 4947 2815 706 530 2109 1513 294 1219 1173 4696 584
internal_count=20203 15751 4452 404 4048 590 547 407 140 3458 342 229 141 113 5135 3398 10616 1412 10574 492 452 2058 6203 1256 1212 100 1986 1528 187 145 91 4371 4158 362 213 174 93 3796 3077 1742 1170 85 1090 1341 3026 211 920 846 751 95 316 4947 2815 706 530 2109 1513 294 1219 1173 4696 584
is_linear=0
shrinkage=0.03


Tree=66
num_leaves=63
num_cat=0
split_feature=9 26 26 6 1 8 1 8 8 30 5 8 7 12 17 17 17 4 7 10 30 12 19 7 13 12 19 7 29 19 8 13 13 21 12 2 5 18 18 17 8 4 7 12 17 17 18 2 22 19 12 1 14 5 21 22 13 18 17 20 11 8
split_gain=72.373 31.0738 15.9356 11.7127 11.4107 10.9459 9.65922 15.8861 13.3932 7.42763 7.29275 11.8486 12.4467 7.94826 6.38844 5.94599 11.9415 7.3678 11.1885 6.23016 5.44621 5.06287 4.56562 8.64216 6.92034 11.1983 4.56003 3.9793 5.84737 5.42598 3.59209 5.23376 4.04254 3.56191 3.53168 3.48808 3.83545 3.7813 4.51553 7.21556 3.47475 3.41244 3.19571 3.12339 3.64637 3.15811 7.57143 3.23378 3.28219 5.84145 3.02057 3.14641 3.01 2.97652 9.34675 7.97717 3.87361 4.99494 3.19159 2.93867 2.6842 2.52589
threshold=3118.3300000000004 32652.750000000004 6573.6000000000013 -0.81241147629688992 5.5000000000000009 -0.43925659424557273 5.5000000000000009 0.29958852271690523 -0.065537083312030994 6.8062500000000012 -0.1628082571180898 0.59003219687534991 0.9893236546938301 2569.051071428572 49.790000000000013 99.095000000000013 87.695000000000007 1.0000000180025095e-35 -0.11585131824808122 499.76500000000004 9.1312500000000032 3230.7444866071432 2429.0900000000006 -0.99630266176052629 2432.912865338737 3761.321004464286 3845.6950000000002 0.92273069556937592 24.606250000000006 4649.9150000000009 0.97263757644091875 2179.4365469150875 3057.8382860253264 9999.6750000000011 3289.0568675595246 9.5000000000000018 -0.097964660725097255 1399.4500000000003 1890.7850000000001 999.80500000000018 -0.14250536273956091 1.0000000180025095e-35 0.99907018497641664 2601.21709077381 1499.5400000000002 1426.8950000000002 2800.3050000000007 3.5000000000000004 -2899.6249999999991 4500.3850000000011 3344.9041145833339 2.5000000000000004 2224.701428571429 -0.70710678118654735 4396.0600000000004 -292.24999999999972 2495.2455268194403 2968.8000000000006 109.65500000000002 2550.7788541666673 3096.7000000000003 0.029024409397335523
decision_type=2 2 2 2 2 2 2 2 2 2 2 2 2 2 2 2 2 2 2 2 2 2 2 2 2 2 2 2 2 2 2 2 2 2 2 2 2 2 2 2 2 2 2 2 2 2 2 2 2 2 2 2 2 2 2 2 2 2 2 2 2 2
left_child=1 3 27 6 5 14 15 8 -8 10 11 12 13 -7 -3 16 19 35 -19 -1 22 -6 23 -5 34 -26 -4 29 -29 60 31 40 -33 61 -25 36 37 -17 39 -39 50 42 59 -24 45 47 -47 -45 49 -49 51 -28 -27 58 55 -55 -56 -58 -50 -42 -2 -12
right_child=2 4 26 20 21 9 7 -9 -10 -11 33 -13 -14 -15 -16 17 -18 18 -20 -21 -22 -23 43 24 25 52 30 28 -30 -31 -32 32 -34 -35 -36 -37 -38 38 -40 -41 41 -43 -44 44 -46 46 -48 48 53 -51 -52 -53 -54 54 56 -57 57 -59 -60 -61 -62 -63
leaf_value=-0.011259713462727554 -0.0035063283956917259 -0.0077876370951955043 0.00050110645476776183 -0.012097377214037502 -0.010697135082002551 -0.010205741521456967 -0.0085394465498087029 -0.0021210992365701788 -0.027319869938492773 -0.00053874009563440459 -0.004730912043919993 0.0029078592995115879 -0.0033508775372719088 -0.026854720390054272 -0.023367658619080547 0.0020218524042034652 -0.020002714925212786 -0.020662322791914142 -0.0019358966304679158 0.00051963891200504668 0.0031202502058866304 -0.024530826868223291 0.0021047567574369892 0.00011233249049673711 -0.017015504189587843 0.0033060193312322273 0.015058626345048346 0.0016384620662131233 0.0071361641929615872 0.00419841187347356 0.0050889476288699751 -0.00074042927528258028 0.0070940769324079151 -0.0078992344033367058 -0.0026092919114557283 0.00061417063611056259 -0.00070177251807118873 -0.018139198085047166 -0.0029847527666188554 -0.0043590725316724277 0.0071214125887138031 -0.0028071298009624862 0.0086528758276757343 0.00074951379050841843 0.00076524766199053133 -0.014131413741714574 0.00043683688980169019 -0.015435753542384722 0.0033779613836981653 0.00056513425112435863 0.00097269682789613533 0.0057376088402883779 -0.0054092311116889303 -0.021010435851881417 -0.00050446234431001356 -0.003381895397027785 -0.011302913713511335 -0.0016773493805774299 -0.0020708323293774015 0.0016886124533767341 0.0016835151878292342 0.0037550611632545228
leaf_weight=58 108 52 4013 71 62 45 113 232 49 268 53 45 61 66 45 83 47 44 80 128 348 41 475 1132 64 57 44 245 607 1279 318 802 63 77 690 656 812 52 350 99 98 114 73 776 1433 54 77 40 222 41 75 128 92 40 1044 54 72 146 170 962 506 75
leaf_count=58 108 52 4013 71 62 45 113 232 49 268 53 45 61 66 45 83 47 44 80 128 348 41 475 1132 64 57 44 245 607 1279 318 802 63 77 690 656 812 52 350 99 98 114 73 776 1433 54 77 40 222 41 75 128 92 40 1044 54 72 146 170 962 506 75
internal_value=1.20283e-05 -0.00166591 0.00193109 -0.00118287 -0.00703226 -0.00578874 -0.00282449 -0.00717394 -0.0143527 -0.00444844 -0.00692423 -0.0107464 -0.0143149 -0.0202565 -0.0151802 -0.00211044 -0.00665564 -0.00162092 -0.0086929 -0.00319406 -0.000534286 -0.0163867 -0.000723132 -0.00188138 -0.00151919 -0.00662298 0.00114103 0.00385549 0.00555903 0.00308623 0.00209977 0.00169484 -0.000162291 -0.00284575 -0.000919225 -0.00118954 -0.00203696 -0.00388906 -0.00487038 -0.00919266 0.00276947 0.00212231 0.00262034 -0.000197586 -0.000460348 -0.00110231 -0.00562996 -0.000872549 -0.00156078 -0.00742842 0.00601498 0.00819532 -0.0020754 -0.00128479 -0.00195009 -0.0110256 -0.00126591 -0.00489353 0.00101571 0.00219713 0.000766427 0.000231902
internal_weight=20226 10791 9435 9901 890 787 2803 394 162 690 422 217 172 111 97 2409 233 2176 124 186 7098 103 6750 2106 2035 213 6690 2745 852 1893 2677 2359 865 205 1822 2052 1396 584 501 151 1494 1247 1133 4644 4169 2736 131 2605 1829 81 247 172 149 1748 1356 94 1262 218 392 1060 614 128
internal_count=20226 10791 9435 9901 890 787 2803 394 162 690 422 217 172 111 97 2409 233 2176 124 186 7098 103 6750 2106 2035 213 6690 2745 852 1893 2677 2359 865 205 1822 2052 1396 584 501 151 1494 1247 1133 4644 4169 2736 131 2605 1829 81 247 172 149 1748 1356 94 1262 218 392 1060 614 128
is_linear=0
shrinkage=0.03


Tree=67
num_leaves=63
num_cat=0
split_feature=27 14 26 24 16 11 21 26 1 15 17 17 0 1 5 1 5 28 8 17 12 7 29 21 28 13 8 8 10 7 1 29 28 19 16 16 12 20 12 17 17 24 13 19 8 15 0 13 27 7 12 12 29 12 0 13 8 21 20 7 28 8
split_gain=65.3089 23.1212 17.3041 9.65715 7.05298 11.2794 14.4227 5.51777 7.52794 7.64746 8.25095 4.65702 4.52993 4.32653 4.99511 5.81606 4.77012 4.65688 4.11523 4.06915 6.16241 4.22646 4.04312 4.95313 4.15492 3.90058 4.30541 3.91693 4.61688 3.89731 3.97379 4.03419 4.74829 3.75656 3.50206 4.71504 4.51483 4.27861 3.69122 3.309 3.2782 3.27735 5.60362 4.43948 3.15992 3.90674 3.44617 3.15626 4.08697 3.11741 3.03251 3.01829 5.63087 4.17401 3.25531 2.99652 3.67176 2.8756 2.86568 3.10002 2.8534 4.21673
threshold=-7231.6499999999987 1343.4850000000004 6712.0500000000002 0.55037518267569985 4031.0200000000004 2012.0050000000003 5396.4750000000013 24660.150000000005 5.5000000000000009 2197.0835416666673 22.185000000000006 400.01000000000005 44.500000000000007 5.5000000000000009 -0.93540483100319605 1.0000000180025095e-35 -0.84874750804349186 6112.8550000000014 0.029024409397335523 1499.2500000000002 3379.830637724293 -0.99630266176052629 25.993750000000002 5000.255000000001 5245.7316666666675 1804.0505770258894 0.96849880583763492 0.96633974041180493 2690.0450000000005 -0.9905448150984083 5.5000000000000009 28.031250000000004 5844.815833333334 899.46000000000015 4217.0950000000012 9999.3350000000009 2907.8408407738102 6474.4950520833345 3205.2750967261914 2520.7900000000004 99.830000000000013 1.0147375529110665 1694.6790013011807 2495.4750000000008 0.96849880583763492 4999.2996875000008 20.500000000000004 1836.4027605108811 -15568.449999999999 -0.9259986516102553 4500.6841517857147 3105.8277083333337 32.23125000000001 2523.8042485119054 54.500000000000007 3031.5502643691261 0.49626980634301188 4784.0700000000006 3485.4284895833339 0.97314989601849466 4780.6583333333338 -0.065537083312030994
decision_type=2 2 2 2 2 2 2 2 2 2 2 2 2 2 2 2 2 2 2 2 2 2 2 2 2 2 2 2 2 2 2 2 2 2 2 2 2 2 2 2 2 2 2 2 2 2 2 2 2 2 2 2 2 2 2 2 2 2 2 2 2 2
left_child=1 3 29 -1 5 6 12 -5 9 10 -9 -10 -3 14 15 57 -15 -17 -7 20 22 -21 24 49 -16 33 27 28 34 -2 31 32 39 -6 -27 36 -36 47 -38 44 -25 -20 -43 -44 45 46 -31 48 -37 -24 -46 53 -53 54 -11 56 -22 -4 -48 -60 61 -32
right_child=2 4 13 7 25 18 -8 8 11 51 -12 -13 -14 16 19 17 -18 -19 41 21 55 -23 23 40 -26 26 -28 -29 -30 30 60 -33 -34 -35 35 37 38 -39 -40 -41 -42 42 43 -45 50 -47 58 -49 -50 -51 -52 52 -54 -55 -56 -57 -58 -59 59 -61 -62 -63
leaf_value=-0.016190609531830762 -0.0029114073189969243 0.0028679925146011206 0.0026336767142975184 0.0017559049609395595 -0.0087199527674982711 -0.0060524395755662697 -0.020740205188961448 -0.0034587722974281539 -0.0081833212809975849 -0.0089797839620716375 -0.017963190790829496 -0.021138158453585101 -0.0087081163066967913 -0.0044919889501547749 0.00065240155238226486 0.0024762169816261847 0.00015329592288464264 -0.0062913763746461375 0.0030177071915204576 -0.0074435215666890141 -0.0026155615284007725 0.0018338276409980451 0.0031710688742559129 -0.0017646951343968471 -0.0088435435012459412 0.0020238341359129432 0.00045201933817750321 -0.010472983382047808 -0.00032522739689880281 -0.0031504366079183376 0.0086664734925206346 0.0061534795833920889 -0.0053441048726542957 0.00024160232338516041 0.0022988187283709909 -0.014330395988938285 -0.012119902467932426 -0.011613625168073467 -0.0048590520159742965 -0.0044206778800368988 0.0037032366664559381 0.00068157009021628512 -0.015546212314200307 -0.0016156491446422368 0.0079281543504579784 0.0065719909817458901 0.0051203253483331265 -0.0015999433678396547 -0.0015736511428510243 0.014277536465976896 0.00024277527314169625 -0.011958003992103445 -0.001443972523895002 -6.284138566820808e-06 0.00077638902553272518 0.0061805262652404125 0.00046902201554948383 0.0096377599768924949 0.0023649175534639303 -0.0050848030814501857 -0.0038908656990065812 0.00063786024755345665
leaf_weight=78 81 51 82 91 42 156 73 67 65 106 75 42 73 252 1165 725 931 58 159 44 971 2575 40 138 42 152 868 46 1389 91 73 692 53 2007 69 40 72 40 496 43 341 167 42 40 265 252 339 2182 51 54 56 91 92 288 43 46 540 152 495 55 82 289
leaf_count=78 81 51 82 91 42 156 73 67 65 106 75 42 73 252 1165 725 931 58 159 44 971 2575 40 138 42 152 868 46 1389 91 73 692 53 2007 69 40 72 40 496 43 341 167 42 40 265 252 339 2182 51 54 56 91 92 288 43 46 540 152 495 55 82 289
internal_value=-1.73422e-05 -0.00187553 0.00154264 -0.00609227 -0.00134206 -0.00409142 -0.0102527 -0.00525579 -0.00599121 -0.00493226 -0.0111916 -0.013417 -0.00396212 0.000837798 0.00112239 0.00306455 -0.00083919 0.00181957 -0.001925 0.000790297 9.55124e-05 0.00167518 0.00130091 0.00337368 0.000314924 -0.00106085 -0.00148332 -0.0018536 -0.001763 0.00354749 0.00373632 0.00422973 0.00341919 5.37461e-05 -0.00240649 -0.00263538 -0.00491972 -0.00200441 -0.00579912 0.00371337 0.00212753 -0.000335921 -0.0024809 -0.00885215 0.00394129 0.00324577 0.00238463 -0.00183028 -0.00727583 0.00963451 0.00659232 -0.00348296 -0.00670884 -0.00211984 -0.00617784 -0.00128248 -0.00151361 0.00720499 0.00295411 0.00161207 0.00113114 0.0022763
internal_weight=20275 9253 11022 1038 8215 761 197 960 869 762 142 107 124 8156 6973 1017 1183 783 564 5956 3337 2619 1780 573 1207 7454 5405 4537 4491 2866 2785 2341 1649 2049 3102 2950 637 2313 568 1596 479 408 249 82 1553 1232 980 2273 91 94 321 620 183 437 149 1557 1511 234 889 550 444 362
internal_count=20275 9253 11022 1038 8215 761 197 960 869 762 142 107 124 8156 6973 1017 1183 783 564 5956 3337 2619 1780 573 1207 7454 5405 4537 4491 2866 2785 2341 1649 2049 3102 2950 637 2313 568 1596 479 408 249 82 1553 1232 980 2273 91 94 321 620 183 437 149 1557 1511 234 889 550 444 362
is_linear=0
shrinkage=0.03


Tree=68
num_leaves=63
num_cat=0
split_feature=9 27 20 19 1 15 17 24 19 7 29 29 20 17 8 24 8 15 20 20 30 13 8 15 17 13 23 20 29 13 30 8 0 17 17 13 13 1 18 28 17 0 1 0 24 8 8 1 15 13 5 17 6 7 29 13 17 8 15 1 25 8
split_gain=62.6907 28.4099 14.212 11.3078 9.97792 8.49619 18.9031 9.36656 7.7781 7.99748 11.8349 7.13352 6.2431 6.09402 5.99687 5.17055 4.59457 4.50691 4.45352 5.89644 4.43217 6.40763 4.37016 4.15694 6.58303 4.54845 4.18222 4.04559 4.95812 3.79172 3.89623 3.76769 3.75206 3.66158 3.47733 3.28488 3.73295 3.4587 3.24488 3.2765 3.23057 3.15091 4.57349 3.01343 2.98465 2.87024 8.27365 2.85321 2.94734 4.09705 2.80884 2.80865 5.13442 2.77442 3.39749 4.87407 3.50465 3.12365 2.74222 2.71866 2.68738 2.46035
threshold=3209.5200000000009 -21407.499999999996 6913.9380729166669 4400.1800000000012 5.5000000000000009 2197.0835416666673 22.185000000000006 0.55037518267569985 2429.0900000000006 -0.99630266176052629 31.656250000000004 30.756250000000005 2546.3523437500003 981.00500000000022 -0.39233249306308043 1.4770399703656296 -0.36648370705903521 3666.2535937500002 3927.315364583334 4006.0848437500003 8.1500000000000039 2432.912865338737 0.18281312110578132 3836.4018750000009 400.50000000000006 1945.5396572327209 228.43499999999992 2191.0721354166672 30.156250000000004 1810.9692961891719 2.6062499999999997 -0.61405602385363023 49.500000000000007 2520.7900000000004 99.685000000000016 3031.5502643691261 2253.6839008812026 1.5000000000000002 2336.3100000000004 6342.7016666666668 99.290000000000006 49.500000000000007 4.5000000000000009 50.500000000000007 1.2188790917381269 0.11478523713130605 0.063390085881955341 1.5000000000000002 4677.656614583334 2133.1519483093966 -0.9733555533461492 1499.5400000000002 -0.2269546835593246 0.89546819317495652 25.356250000000006 1870.0500793298031 1819.7100000000003 0.98005052076767474 3198.0472395833335 2.5000000000000004 6523.5500000000011 -0.099822328936730861
decision_type=2 2 2 2 2 2 2 2 2 2 2 2 2 2 2 2 2 2 2 2 2 2 2 2 2 2 2 2 2 2 2 2 2 2 2 2 2 2 2 2 2 2 2 2 2 2 2 2 2 2 2 2 2 2 2 2 2 2 2 2 2 2
left_child=1 4 8 35 5 6 15 -7 9 10 13 22 -8 -3 20 43 -16 18 50 -20 21 23 -6 24 25 -11 -26 28 60 30 45 -21 34 47 -23 36 53 -38 -31 -40 -32 -9 -43 -1 -29 46 -10 -19 49 -49 -5 52 -39 57 56 -56 -55 -2 -12 -54 -18 -52
right_child=3 2 -4 17 11 7 12 41 29 14 58 -13 -14 -15 16 -17 27 33 19 31 -22 32 -24 -25 26 -27 -28 44 -30 38 40 -33 -34 -35 -36 -37 37 51 39 -41 -42 42 -44 -45 -46 -47 -48 48 -50 -51 61 -53 59 54 55 -57 -58 -59 -60 -61 -62 -63
leaf_value=-0.00040269567761797362 0.00083394121706471987 -0.024719944375498994 -0.017770364648041628 0.005124592569813906 -0.025566449376732803 -0.015803290526656542 -0.0092578045673668372 -0.00018327063119790988 0.0015088674899501103 -0.0074801173165150274 0.004719919634184667 -0.0044178509404166379 -0.023251122822622199 -0.0079649079631923161 0.0056338878071819833 0.0057903924833338418 -0.0083179379055010414 0.0072818927770125089 -0.010498313958814834 0.0064856452686429204 0.0021560186837663556 -0.012862882698776529 -0.011540329894474285 0.0026511329910005898 -0.017184454881084651 0.0018811350632151379 -0.0041476895753436204 -0.0016575867697819525 -0.015057434039417564 -0.002489962280328115 0.008967475563309393 -0.00092182822281602949 -0.017691381688209926 -0.0029223495425896779 -0.0017975818439615221 0.0056789388497021382 0.0027414565889815026 -0.013095534056814949 -0.00015079894462615556 -0.0072204407686367635 0.0022086628253292291 -0.0029832773817611694 -0.012123446729300278 -0.011918580786524606 0.0002960178474268374 0.0009634511354542878 -0.010579080189566445 0.0051665802239693956 0.0057128507995092481 0.0011032784569394436 0.0040213114798055309 -0.00012865164757475296 0.0033453315467253993 -7.3714419102837009e-05 0.0026951259356281332 0.011335581265570174 0.0068367317964189824 0.0067016987186174709 -0.0051184483333759443 -0.0034567820080491553 0.0016966110781619422 0.000936383257329392
leaf_weight=40 2956 40 44 384 42 50 49 312 143 76 41 51 76 40 88 51 41 282 47 78 81 50 43 83 51 118 40 2303 40 707 85 283 46 61 52 131 245 42 3547 59 249 423 55 41 1013 1066 78 403 548 501 373 733 66 309 162 92 83 83 64 252 56 618
leaf_count=40 2956 40 44 384 42 50 49 312 143 76 41 51 76 40 88 51 41 282 47 78 81 50 43 83 51 118 40 2303 40 707 85 283 46 61 52 131 245 42 3547 59 249 423 55 41 1013 1066 78 403 548 501 373 733 66 309 162 92 83 83 64 252 56 618
internal_value=-1.09557e-05 -0.0014627 -0.000947293 0.00190658 -0.00576437 -0.00480544 -0.00957061 -0.00333788 -0.000873401 -0.00184114 -0.00792764 -0.0134077 -0.0178828 -0.0165442 -0.00156718 -0.00162399 -0.00109754 0.00320209 0.00213184 -0.000619443 -0.00434623 -0.00536913 -0.0186876 -0.00323324 -0.00495021 -0.00180571 -0.0115614 -0.00127068 -0.00630436 -0.000168198 0.00106837 0.000692173 -0.0106226 0.00426341 -0.00729397 0.00100677 0.000883815 -0.000473165 -0.000633091 -0.000268439 0.00395035 -0.00252994 -0.00405808 -0.00630599 -0.00106087 0.00031796 -0.0027859 0.00451774 0.00397626 0.00291839 0.00294808 -0.00119558 -0.0033616 0.00137652 0.00316066 0.00585692 0.00140314 0.000996351 -0.00126851 -0.00203896 -0.00257803 0.00210039
internal_weight=20266 11534 10301 8732 1233 1097 257 840 10257 4323 185 136 125 80 4138 132 3541 3578 1783 408 597 516 85 368 285 194 91 3453 137 5934 1621 361 148 1795 102 5154 5023 1338 4313 3606 334 790 478 81 3316 1287 221 1734 1452 904 1375 1093 360 3685 646 254 392 3039 105 318 97 991
internal_count=20266 11534 10301 8732 1233 1097 257 840 10257 4323 185 136 125 80 4138 132 3541 3578 1783 408 597 516 85 368 285 194 91 3453 137 5934 1621 361 148 1795 102 5154 5023 1338 4313 3606 334 790 478 81 3316 1287 221 1734 1452 904 1375 1093 360 3685 646 254 392 3039 105 318 97 991
is_linear=0
shrinkage=0.03


Tree=69
num_leaves=63
num_cat=0
split_feature=14 14 26 20 15 20 20 15 27 8 28 14 15 12 13 15 11 13 12 20 1 20 14 0 28 21 23 28 4 10 10 1 7 7 30 15 7 24 13 30 28 7 7 27 1 19 5 1 8 19 0 25 28 11 15 12 8 24 19 21 1 11
split_gain=61.1348 24.6834 16.9078 11.454 8.86091 13.9116 13.1787 7.93393 6.2196 7.57928 5.82821 8.12002 6.36252 7.146 6.07316 5.74745 7.12136 5.24239 4.80753 4.6083 4.29036 4.96526 4.54191 4.1766 3.99396 3.908 4.70812 3.89794 3.83505 3.5269 3.43544 3.41465 3.34631 4.3893 3.33599 3.21221 3.15466 2.92438 2.92701 2.89362 3.30617 2.88262 3.19607 5.72752 3.97415 3.65972 2.77067 3.61881 2.72612 2.65701 3.66373 6.58318 5.28098 2.79981 2.58598 2.89666 2.55105 2.4325 2.41504 2.3591 2.30099 2.27262
threshold=2923.8442857142868 1343.4850000000004 6493.3500000000013 6913.9380729166669 3324.1733333333336 3002.9783333333339 3056.9828645833336 3862.0491145833339 -21739.599999999995 0.56191161272202661 4036.4116666666673 1763.7164285714289 3755.0821875000006 3544.720811011905 1501.9944615837587 2197.0835416666673 599.8950000000001 1915.3531512054417 2424.9687276785721 3697.9316145833336 5.5000000000000009 4734.7300520833342 5093.397142857144 37.500000000000007 5878.2333333333345 9499.2650000000012 -285.70285714285717 6402.1216666666687 1.0000000180025095e-35 2007.6600000000003 401.79000000000002 5.5000000000000009 -0.94705910369513524 -0.92923668111203805 5.7062500000000016 4285.6030729166678 -0.9905448150984083 0.8302899564834737 2153.2674147959851 3.8625000000000029 5439.1933333333336 0.99761913169647187 0.97696484778429815 -10618.449999999997 3.5000000000000004 2510.6600000000003 -0.84874750804349186 1.0000000180025095e-35 0.99932962452255414 3294.1250000000005 31.500000000000004 6205.2000000000007 4582.4666666666681 2710.9500000000003 3036.9081250000004 3524.6855282738102 -0.49998150490240301 0.81561558664466627 1500.8500000000001 6949.7350000000006 3.5000000000000004 2849.8050000000007
decision_type=2 2 2 2 2 2 2 2 2 2 2 2 2 2 2 2 2 2 2 2 2 2 2 2 2 2 2 2 2 2 2 2 2 2 2 2 2 2 2 2 2 2 2 2 2 2 2 2 2 2 2 2 2 2 2 2 2 2 2 2 2 2
left_child=1 4 27 7 5 15 -7 10 9 17 32 14 49 34 -12 16 -1 -8 -4 24 22 -22 48 -23 29 -17 -27 31 46 59 -18 36 -3 -34 -14 -33 -2 38 -6 40 -38 42 61 44 -44 -46 47 -24 -20 50 51 -13 53 -53 56 -56 -48 -10 -21 -16 -28 -35
right_child=2 3 18 -5 37 6 8 -9 57 -11 11 12 13 -15 19 25 30 -19 20 58 21 23 28 -25 -26 26 60 -29 -30 -31 -32 35 33 41 -36 -37 39 -39 -40 -41 -42 -43 43 -45 45 -47 54 -49 -50 -51 -52 52 -54 -55 55 -57 -58 -59 -60 -61 -62 -63
leaf_value=-0.01918773564391155 -0.0021720550413792537 0.002177791940985681 0.0074613731659271499 -0.016644488251497318 -0.0015829776574311585 -0.027685793865239245 -0.027354727715015584 0.00049350906909477997 -0.01002858926882831 -0.0045600146073443088 -0.01473811290692538 0.0018178120360928861 -0.007881898569521581 -0.015195337189504733 -0.0073803646321175618 0.0016968180807089084 0.0010249382013732449 -0.011747508628702745 0.00065705354532514572 -0.015751217414092807 -0.00029538271142184381 -0.0007794736261712387 0.0086893220252251459 -0.013081240478446179 -0.01141606992305538 -0.013834608895920737 -0.0071164023594930768 -0.0054425103124231093 -0.0031921306421482483 0.0043528643513084664 -0.01082209751142987 -0.0012676337703082408 -0.010002152613736688 -0.001344395603795955 0.0016749197917456245 0.0039825920196159218 0.0039616939428738715 -0.00033867852464782006 -0.011508422949734856 0.0060638509979358364 -0.0039076326526701448 0.0067655715878520688 0.0010851917352979505 -0.014203497390527363 -0.01293764972222097 -0.00094526520267169435 0.005694567053983717 0.0029137477187578041 0.0049856686225133156 0.0012188246881065423 -0.0012916502008652965 -0.010601204178362552 -0.018203349936838177 0.00047753375682343794 0.010446903863921761 0.002556753848879335 -0.0022745205013814363 -0.00043899906140848477 -0.0066718782151874616 -0.00072228592193574208 0.0013197392370285731 0.00051295997711818043
leaf_weight=46 66 289 98 42 57 47 42 2060 40 45 65 67 63 64 83 127 46 40 5802 41 999 47 166 52 42 42 49 41 86 67 41 214 49 2361 67 204 1394 240 50 688 49 41 128 43 46 45 45 239 133 299 1250 41 43 40 47 340 168 57 79 112 69 791
leaf_count=46 66 289 98 42 57 47 42 2060 40 45 65 67 63 64 83 127 46 40 5802 41 999 47 166 52 42 42 49 41 86 67 41 214 49 2361 67 204 1394 240 50 688 49 41 128 43 46 45 45 239 133 299 1250 41 43 40 47 340 168 57 79 112 69 791
internal_value=3.30376e-05 -0.00174495 0.00156228 -0.00120022 -0.0061048 -0.00806724 -0.0133574 -0.00111984 -0.0102413 -0.0145911 -0.0016545 -0.00280361 -0.0019284 -0.00706792 -0.00625404 -0.0046302 -0.00976253 -0.0199747 0.000889833 -0.0049218 0.000809652 -0.00093367 0.00108219 -0.0073072 -0.00293923 -0.00222616 -0.00533122 0.00364281 0.0028604 -0.00154211 -0.00461768 0.00378728 -0.000919902 -0.00117594 -0.00298127 0.00129807 0.00426008 -0.00218495 -0.00628465 0.00446021 0.00369195 -0.00104791 -0.00114369 -0.00432135 -0.00232528 -0.00708208 0.00338099 0.00529659 0.000754879 -0.00135165 -0.00188548 -0.00574483 -0.00981295 -0.00519112 0.0020813 0.00353944 -0.000572168 -0.00445545 -0.00987852 -0.00357943 -0.00221377 -0.000878274
internal_weight=20234 9356 10878 8318 1038 691 271 8276 224 127 6216 2423 1934 194 489 420 133 82 8222 424 8124 1098 7026 99 304 287 160 2656 1091 262 87 2615 3793 3504 130 418 2197 347 107 2131 1443 3455 3414 262 219 91 1005 405 5935 1740 1441 191 124 81 600 387 213 97 120 195 118 3152
internal_count=20234 9356 10878 8318 1038 691 271 8276 224 127 6216 2423 1934 194 489 420 133 82 8222 424 8124 1098 7026 99 304 287 160 2656 1091 262 87 2615 3793 3504 130 418 2197 347 107 2131 1443 3455 3414 262 219 91 1005 405 5935 1740 1441 191 124 81 600 387 213 97 120 195 118 3152
is_linear=0
shrinkage=0.03


Tree=70
num_leaves=63
num_cat=0
split_feature=14 14 14 24 15 16 21 28 17 1 1 0 27 13 12 29 17 1 13 17 12 19 5 28 16 1 0 29 27 13 20 13 13 11 12 12 20 14 15 20 12 19 13 12 19 17 17 29 13 8 15 8 0 29 29 15 15 12 12 13 17 17
split_gain=61.952 19.3992 18.4346 7.93937 7.47118 7.32451 8.83091 15.5011 6.20985 5.94563 5.86669 6.80283 5.70236 5.23266 7.78524 5.17455 5.09113 4.24545 9.85605 9.22 5.07685 18.4721 4.33293 3.42564 3.28961 3.65487 4.53902 3.61784 3.46551 3.23668 3.03501 4.70202 9.51907 3.0283 5.78529 4.54294 3.79019 3.38212 2.90268 5.73794 5.0925 6.80104 4.25148 2.88724 2.83932 2.63781 2.61286 2.53451 5.04116 3.19627 2.42441 2.42154 2.40643 2.39262 2.91562 2.39058 2.35643 2.31777 3.1754 2.26142 3.53572 5.13151
threshold=2534.5892857142858 5339.6400000000003 1343.4850000000004 0.55037518267569985 2197.0835416666673 4035.2800000000002 5396.4750000000013 3834.711666666667 22.185000000000006 5.5000000000000009 5.5000000000000009 49.500000000000007 -1579.3499999999997 1689.5753895369035 3353.5740848214296 26.856250000000006 17.115000000000006 5.5000000000000009 2340.1691463807042 109.65500000000002 2612.3685119047623 1779.5850000000003 -0.70710678118654735 6402.1216666666687 3745.2700000000004 5.5000000000000009 25.500000000000004 21.406250000000004 -5977.4499999999998 1830.7395468007846 5582.3527083333338 2692.1841111005619 2818.900468467265 499.85500000000008 3097.2922247023816 2523.8042485119054 4471.6952083333335 944.81857142857154 3862.0491145833339 3927.315364583334 3737.6383407738099 1999.1050000000002 2008.8514031124273 3490.0893005952389 4100.4250000000011 29.810000000000002 999.8950000000001 27.906250000000004 2626.0918983363072 0.96849880583763492 4127.2280729166678 -0.091258822863740666 40.500000000000007 25.531250000000004 27.756250000000005 4982.2499479166681 4982.2499479166681 4405.6745089285723 4451.9745535714292 2445.8137958378161 588.41500000000008 1262.9850000000004
decision_type=2 2 2 2 2 2 2 2 2 2 2 2 2 2 2 2 2 2 2 2 2 2 2 2 2 2 2 2 2 2 2 2 2 2 2 2 2 2 2 2 2 2 2 2 2 2 2 2 2 2 2 2 2 2 2 2 2 2 2 2 2 2
left_child=2 12 3 -1 8 6 13 -8 -5 23 33 -12 24 -4 -15 -10 -14 22 20 -20 21 -19 -7 47 27 29 -27 -2 44 51 31 38 -33 -6 35 37 -36 -35 39 -24 41 -41 43 -43 -29 -18 -11 48 49 -3 57 -26 -21 -28 -55 -50 -51 -31 -59 60 -47 -62
right_child=1 9 5 4 10 17 7 -9 15 46 11 -13 16 14 -16 -17 45 18 19 52 -22 -23 30 -25 25 26 53 28 -30 50 -32 32 -34 34 36 -37 -38 -39 -40 40 -42 42 -44 -45 -46 59 -48 -49 55 56 -52 -53 -54 54 -56 -57 -58 58 -60 -61 61 -63
leaf_value=-0.014915991051654731 0.0025058705507566164 0.0033834357546252219 0.0022105806894323304 -0.0049605502930812929 -0.00032384737319010023 0.0020682870238868402 -0.00059612620514892637 -0.020970779636502266 -0.0091688140099202946 -0.0033076215125237628 -0.0019046934517258304 -0.01543578621270717 0.010133265017548182 -0.014442191299539608 -0.00055349689005147458 -0.024603503191979917 -0.0038366330995171366 -0.023299083613631564 -0.020615845753066242 -0.0010104261102124809 -0.00023912828139641246 0.0023094787928206262 -0.00124715622948677 -0.0035226520932545619 0.008438240635897154 0.0011923255582026414 -0.0016411790489508382 -0.0033458926045941786 -0.0089947045615774053 4.4663582180039548e-06 0.0019398995974416763 -0.014878126117666916 -0.00012616114266175818 -0.013523209953458386 -0.013847957828314975 0.00055376082330224456 -0.0029621736917946921 -0.002853720203684774 0.00021721347526103808 -0.00062325511593371626 -0.00081769028017520643 -0.012580309903608972 -0.017247533966574871 -0.0017280649604356807 0.005219737924298232 0.0044494613101826123 0.0017251361435662734 0.0053537335951977707 -0.0012282543054118586 0.0081008931492110633 0.001418342545664602 0.0014630473832874802 -0.0092648553219971379 -0.010128107118819441 -0.0026867558113500972 0.0037205850661087493 0.00089575399160385133 -0.0079496752598935943 -0.00073626199458306141 -0.00037729530425167467 -0.002243233934663975 0.0022477800766685292
leaf_weight=83 108 937 120 75 248 366 61 74 41 145 58 79 63 60 90 40 78 40 49 61 469 66 2360 55 45 412 488 233 85 3517 238 69 90 43 79 193 46 70 842 76 145 43 67 45 40 459 254 828 270 253 1072 1792 66 76 126 129 49 78 181 383 277 1301
leaf_count=83 108 937 120 75 248 366 61 74 41 145 58 79 63 60 90 40 78 40 49 61 469 66 2360 55 45 412 488 233 85 3517 238 69 90 43 79 193 46 70 842 76 145 43 67 45 40 459 254 828 270 253 1072 1792 66 76 126 129 49 78 181 383 277 1301
internal_value=-1.93692e-05 0.00112571 -0.00241944 -0.00605011 -0.0052785 -0.00172165 -0.00560007 -0.0118365 -0.0112792 0.00329506 -0.0041189 -0.00976261 0.00053969 -0.00244967 -0.00616783 -0.016998 0.00177607 -0.00141214 -0.00349349 -0.00968466 -0.00158493 -0.00748156 -0.00105134 0.00383342 0.000155858 0.000302489 -0.00129754 -0.0022898 -0.00373948 0.000566403 -0.00133903 -0.00154832 -0.00658093 -0.0029675 -0.00448441 -0.00224823 -0.00989729 -0.0069968 -0.0013229 -0.00179677 -0.00523403 -0.00799072 -0.011576 -0.00711264 -0.00207639 0.00156133 -0.000107508 0.00399884 0.0033111 0.0042549 0.000159944 0.00163841 -0.005339 -0.00278382 -0.00552257 0.000377048 0.00693866 -0.000197594 -0.00293086 0.00173683 0.00213432 0.00145851
internal_weight=20286 13734 6552 1055 972 5497 405 135 156 2920 816 137 10814 270 150 81 2561 5092 751 176 575 106 4341 2521 8253 7787 1102 466 358 6685 3975 3737 159 679 431 306 125 113 3578 2736 376 231 155 88 273 2498 399 2466 1638 1239 4848 1837 127 690 202 399 302 3776 259 2420 2037 1578
internal_count=20286 13734 6552 1055 972 5497 405 135 156 2920 816 137 10814 270 150 81 2561 5092 751 176 575 106 4341 2521 8253 7787 1102 466 358 6685 3975 3737 159 679 431 306 125 113 3578 2736 376 231 155 88 273 2498 399 2466 1638 1239 4848 1837 127 690 202 399 302 3776 259 2420 2037 1578
is_linear=0
shrinkage=0.03


Tree=71
num_leaves=63
num_cat=0
split_feature=14 14 9 24 16 28 21 11 13 0 0 15 3 12 20 21 12 15 26 18 25 5 7 12 20 17 8 3 7 15 15 11 16 22 17 13 7 8 12 7 18 29 23 7 25 8 7 16 13 20 20 11 29 14 12 7 13 23 0 11 25 7
split_gain=50.8757 17.5302 13.9659 8.55405 7.88686 8.63035 13.5919 20.6936 6.51654 5.66022 8.19665 6.79555 5.79593 5.51095 4.71644 4.0985 3.87007 3.81057 4.76494 3.51689 3.40198 3.34458 5.31098 13.695 11.4108 4.39679 4.44883 5.09893 3.79969 7.85203 12.3091 3.57184 3.18609 5.57764 5.24283 3.83857 5.28931 4.82891 3.47064 4.8637 4.09454 3.88256 3.93933 3.42571 3.30058 3.1448 9.49856 3.21741 3.92902 3.00181 8.25204 2.99663 2.94702 2.91912 2.91827 3.49195 5.82691 4.79333 3.31787 2.86393 2.71894 2.70844
threshold=2882.1321428571432 1343.4850000000004 5129.8350000000009 0.55037518267569985 4031.0200000000004 3834.711666666667 5396.4750000000013 2393.4900000000002 1694.6790013011807 49.500000000000007 55.500000000000007 1939.7336979166669 1.0000000180025095e-35 2773.3552678571436 6538.5306250000003 6150.6500000000005 2501.8138764880955 2978.3017187500004 32652.750000000004 1096.7500000000002 10472.500000000002 -0.5 0.96904697354198299 3680.6969791666675 4434.0681770833344 99.925000000000026 -0.38243420677835349 1.0000000180025095e-35 -0.98930078251469888 3198.0472395833335 3378.1149479166675 2900.4400000000001 4512.1450000000013 -3579.8449999999993 6.370000000000001 2540.9147687368145 0.89546819317495652 0.95936279103287792 3337.8753050595246 -0.79902248885025529 2900.1350000000007 26.731250000000006 -1159.7514285714285 0.87962967011031401 7854.7500000000009 -0.46989712924132493 -0.85671820900978868 4740.630000000001 2612.8569198096543 4471.6952083333335 4297.4610937500011 3749.8400000000006 26.431250000000002 2180.3057142857147 5716.1030729166678 0.24684749415872467 2926.6249049097519 -515.70428571428556 45.500000000000007 4995.7750000000005 6796.3500000000013 -0.88622299073327826
decision_type=2 2 2 2 2 2 2 2 2 2 2 2 2 2 2 2 2 2 2 2 2 2 2 2 2 2 2 2 2 2 2 2 2 2 2 2 2 2 2 2 2 2 2 2 2 2 2 2 2 2 2 2 2 2 2 2 2 2 2 2 2 2
left_child=1 3 32 -1 5 52 8 -8 -7 15 11 -11 -13 -12 16 -5 -6 18 -17 -14 -10 25 28 31 -25 -18 27 -27 29 -23 -31 -24 33 -2 -34 36 37 43 41 40 -40 61 -43 -36 -45 46 -30 -48 49 50 -49 -39 -3 -50 55 -37 57 -57 -59 -4 -38 -35
right_child=2 4 59 9 14 6 7 -9 20 10 13 12 19 -15 -16 17 21 -19 -20 -21 -22 22 23 24 -26 26 -28 -29 45 30 -32 -33 34 38 35 54 60 51 39 -41 -42 42 -44 44 -46 -47 47 48 53 -51 -52 -53 -54 -55 -56 56 -58 58 -60 -61 -62 -63
leaf_value=-0.014920092375877384 -0.010274091766287501 0.00048703283487000216 0.0022482999573852341 0.0044717561334371566 0.0018068062739144846 0.0045629433354358786 -0.031155119707845909 -0.0035031553767621514 -0.011642799290323941 -0.020246288305739078 0.0045043438317411214 -0.0047990607088325074 -0.0062330296466701681 -0.0084529641076320928 -0.009773342408653761 -0.002172370566695463 0.0035414590423018429 -0.00027655040924200565 -0.012840424871326171 -0.017083514853065807 -0.0014828459892529421 0.00097946913464319542 0.00042838597149546051 -0.0049814917451209001 -0.026183746508539239 -0.0011491367608520834 0.00026010926367124322 -0.010950561927281454 -0.015522470185719431 -0.019359349365833969 -0.00036682406031969382 -0.0091088572101191024 0.010417609368363079 -0.0028213684219114766 0.00066924131279359311 0.00012542247382058764 0.006021301557046845 0.0017631257924581015 -0.0029454896168681442 -0.00055132057227631087 -0.015099406436617883 0.012493875511572695 0.0021812131879414662 -2.9120660979639399e-05 -0.011098611309478821 -0.00069003079642235982 0.0045836190948443066 -0.00095985699514243008 -0.013154238324053585 0.0021884342484076373 -0.015445735681527628 0.0059075840134031081 -0.0080648257470754686 -0.0025520234601572153 0.0060424655283752241 -0.0024809849731619498 0.00050456908068630894 -0.018702698535308603 -0.0063933547965383955 0.0042865990965397062 0.0023376118691931544 0.0018043120677638576
leaf_weight=77 51 231 1172 74 454 60 48 49 71 40 85 261 46 44 53 89 287 176 65 70 51 108 198 50 42 139 987 72 49 62 60 42 52 194 4603 837 253 441 63 386 41 47 111 54 43 4296 61 226 49 139 41 244 42 45 56 87 165 40 41 1328 631 273
leaf_count=77 51 231 1172 74 454 60 48 49 71 40 85 261 46 44 53 89 287 176 65 70 51 108 198 50 42 139 987 72 49 62 60 42 52 194 4603 837 253 441 63 386 41 47 111 54 43 4296 61 226 49 139 41 244 42 45 56 87 165 40 41 1328 631 273
internal_value=6.23421e-06 -0.00166839 0.00135621 -0.00535667 -0.00119501 -0.00465209 -0.00835289 -0.0173649 -0.00348115 -0.00456666 -0.00655639 -0.00859649 -0.00731015 5.37707e-05 -0.000938612 -0.00186802 -0.000874085 -0.00329888 -0.00672891 -0.0128708 -0.00744219 -0.00104937 -0.00139221 -0.00506423 -0.0148382 0.000213094 -0.000586557 -0.00452958 -0.0011539 -0.00491452 -0.0100977 -0.0012715 0.000788887 -0.000670166 0.00101437 0.000947747 0.00124796 0.000894524 -0.000222071 -0.00211008 -0.00783511 0.00125913 0.00530819 0.000551212 -0.00499939 -0.000976632 -0.00299062 -0.00187037 -0.00266533 -0.00137648 -0.00323361 0.00324586 -0.00085327 -0.008159 -0.000587103 -0.000909305 -0.00350269 -0.0074181 -0.012626 0.00333233 0.00339749 -0.000119199
internal_weight=20252 9039 11213 1027 8012 552 279 97 182 950 546 417 377 129 7460 404 7407 330 154 116 122 6953 5468 332 92 1485 1198 211 5136 230 122 240 8713 1166 7547 7495 6269 5385 1115 490 104 625 158 4700 97 4906 610 561 500 406 267 685 273 94 1226 1170 333 168 81 2500 884 467
internal_count=20252 9039 11213 1027 8012 552 279 97 182 950 546 417 377 129 7460 404 7407 330 154 116 122 6953 5468 332 92 1485 1198 211 5136 230 122 240 8713 1166 7547 7495 6269 5385 1115 490 104 625 158 4700 97 4906 610 561 500 406 267 685 273 94 1226 1170 333 168 81 2500 884 467
is_linear=0
shrinkage=0.03


Tree=72
num_leaves=63
num_cat=0
split_feature=14 26 14 22 18 7 10 13 14 25 15 22 20 17 17 3 30 13 25 21 22 20 7 21 7 17 13 13 8 17 28 13 13 21 28 9 17 17 29 7 7 26 17 15 17 15 19 28 30 28 3 18 7 10 22 8 17 10 22 22 18 8
split_gain=52.3472 19.5406 13.5634 8.11753 9.22626 7.24255 13.6416 21.8048 5.02769 4.58319 4.06948 14.396 12.7499 5.3311 14.0785 14.3878 5.34739 4.55017 4.44044 4.0588 9.94402 4.09541 3.85357 3.83216 5.69331 3.90919 4.1151 4.83067 4.02184 3.51939 5.2302 3.43202 5.44914 4.20247 3.6396 3.9244 3.42458 6.05135 4.55319 3.18913 10.7873 6.02541 4.92579 4.2015 8.58804 5.6331 3.17001 3.01734 3.00638 5.94573 3.98912 3.06511 2.97912 2.93402 2.65438 2.76821 2.6193 2.60741 2.54442 2.35834 2.29193 2.51292
threshold=2446.3607142857149 6573.6000000000013 1206.3957142857146 -828.43499999999983 1657.4850000000004 -0.99630266176052629 1763.5750000000003 1650.8995818775841 3582.1821428571434 6400.1000000000013 1839.3738541666669 -1133.48 2546.3523437500003 29.810000000000002 17.115000000000006 1.0000000180025095e-35 2.4937500000000008 1810.9692961891719 8147.2000000000007 4339.8900000000003 -348.62500000000017 6913.9380729166669 -0.9905448150984083 5000.6900000000014 -0.99940763397299126 1499.6650000000002 2179.4365469150875 3031.5502643691261 -0.12545862287572049 588.41500000000008 4408.5283333333346 2192.2184657639559 2394.1969015506279 6150.6500000000005 5357.6250000000009 1453.7150000000004 182.19000000000003 299.58500000000009 26.506250000000005 -0.94705910369513524 -0.91246704667116951 23929.300000000007 49.895000000000003 3760.2029687500003 399.36000000000007 3729.8958333333335 1499.5450000000003 6070.6400000000012 3.8625000000000029 5305.0516666666672 1.0000000180025095e-35 4769.6900000000014 -0.77245553105869302 1400.6300000000003 -5104.9199999999992 0.99932962452255414 1481.0950000000003 5013.505000000001 -271.46499999999997 438.92999999999989 2890.4500000000003 -0.46989712924132493
decision_type=2 2 2 2 2 2 2 2 2 2 2 2 2 2 2 2 2 2 2 2 2 2 2 2 2 2 2 2 2 2 2 2 2 2 2 2 2 2 2 2 2 2 2 2 2 2 2 2 2 2 2 2 2 2 2 2 2 2 2 2 2 2
left_child=2 22 3 4 46 6 -4 -8 19 -5 11 -7 -13 14 16 -16 18 29 -12 20 -3 60 -2 36 -25 26 28 -28 -26 -15 53 33 -33 -11 35 58 38 -38 52 -19 41 -41 -42 45 -45 -44 -1 56 49 -24 -51 -50 -10 -31 -27 -56 -46 -39 -35 -34 61 -21
right_child=1 8 5 9 -6 10 7 -9 23 31 13 12 -14 17 15 -17 -18 39 -20 21 -22 -23 48 24 25 54 27 -29 -30 30 -32 32 59 34 -36 -37 37 57 -40 40 42 -43 43 44 47 -47 -48 -49 51 50 -52 -53 -54 -55 55 -57 -58 -59 -60 -61 -62 -63
leaf_value=-0.012462461924423341 -0.0031889117781229944 -0.016787798865274952 0.0018325130527690899 -0.012009651184647478 -0.0013345447690280283 0.0047803947455637777 -0.027108380545316071 -0.0020369244354736548 -0.0040542165810863173 0.0040123247471172355 0.00058505582295205949 -0.0022596879283607492 -0.021700930898227999 0.0023824935160681447 -0.005807245013574899 -0.026577423208139158 0.0044678592578684161 0.00050325973354843688 -0.012664277269703723 -0.0049181838906558889 -0.0009546558749837635 -0.0089497715557614963 0.0030811167683184801 -0.010080409735840345 0.0066952382218143014 0.0094020915294632957 -0.0023822964517212311 0.0072145604944842696 0.00067023049468891978 -0.0074065542706470613 -0.0089810993775344371 -0.013924756721260824 -0.0070040639009522768 0.00010355208200053311 -0.011066719271980647 0.00096493736458942291 -0.0054547498521888733 0.0021836594869083029 0.010322949064145909 -0.0058077317934015918 0.0041115139383005863 -0.020541916510271954 -0.0026691696299116171 -0.010889221226759466 0.004313727038999216 -0.012369993929210716 -0.024442796134931402 -0.0068877177105917189 -0.0021261537551247284 0.0011997319137056668 -0.011781887681288758 0.0053631618116321339 0.0055604029249786057 0.00045890748186492154 0.0017233316864440614 0.008338150344789028 -4.524099076678126e-05 0.0097823377517569383 -0.0081789284386145668 0.0022019918978524707 0.00056561888760529042 -0.00032448206578024276
leaf_weight=45 82 43 87 69 42 71 57 68 44 74 51 60 61 483 97 43 110 474 40 110 190 44 1762 41 110 45 639 50 984 45 65 69 56 47 52 149 82 168 122 67 121 40 1488 65 152 55 42 48 52 44 40 774 81 591 1153 59 656 53 114 44 4485 3119
leaf_count=45 82 43 87 69 42 71 57 68 44 74 51 60 61 483 97 43 110 474 40 110 190 44 1762 41 110 45 639 50 984 45 65 69 56 47 52 149 82 168 122 67 121 40 1488 65 152 55 42 48 52 44 40 774 81 591 1153 59 656 53 114 44 4485 3119
internal_value=-6.03748e-05 0.000916038 -0.00244007 -0.00606185 -0.0129361 -0.00186818 -0.00728438 -0.0135939 0.000377515 -0.00472893 -0.00163159 -0.00590213 -0.0121582 -0.00145558 -0.00506256 -0.0123299 3.52471e-05 -0.00117172 -0.00531318 -4.31279e-05 -0.00393591 7.42781e-05 0.00318767 0.00130301 0.000890576 0.00104181 0.000138241 -0.00167642 0.0012816 0.000414638 -0.000942708 -0.00388012 -0.00749926 -0.00246334 -0.0037945 -0.00254298 0.00360758 0.0014623 0.00622273 -0.00176492 -0.00216434 -0.011455 -0.00177549 -0.00206614 -0.000461941 -0.00302274 -0.0184581 0.000341632 0.00338448 0.00270868 -0.00504788 0.00488968 0.00217074 -0.000108365 0.00232234 0.00205195 0.000779081 0.00404182 -0.00577535 -0.0029717 0.000126904 -0.000482447
internal_weight=20274 14376 5898 803 129 5095 212 125 11622 674 4883 192 121 4691 341 140 201 4350 91 7991 233 7758 2754 3631 3081 3040 1783 689 1094 1184 701 605 169 436 362 310 550 303 247 3166 2692 107 2585 2464 921 1543 87 856 2672 1846 84 826 125 636 1257 1212 808 221 161 100 7714 3229
internal_count=20274 14376 5898 803 129 5095 212 125 11622 674 4883 192 121 4691 341 140 201 4350 91 7991 233 7758 2754 3631 3081 3040 1783 689 1094 1184 701 605 169 436 362 310 550 303 247 3166 2692 107 2585 2464 921 1543 87 856 2672 1846 84 826 125 636 1257 1212 808 221 161 100 7714 3229
is_linear=0
shrinkage=0.03


Tree=73
num_leaves=63
num_cat=0
split_feature=9 14 18 24 7 8 15 7 7 6 20 1 1 17 6 13 6 1 17 29 13 8 20 0 29 11 4 30 18 11 23 15 8 13 19 6 26 7 1 7 29 2 11 13 7 17 17 15 14 13 2 9 13 0 28 0 29 15 29 17 28 7
split_gain=49.1826 16.2408 13.7629 9.52428 8.83899 15.8011 10.0643 8.67205 5.76767 5.63425 6.86811 5.52673 5.28909 13.2222 18.8062 5.16688 4.85059 4.54315 4.86384 4.15048 4.15972 4.5452 4.07489 4.66318 3.94868 3.8132 3.57294 6.48369 4.81582 4.24742 3.53604 3.96436 3.63631 7.58603 10.2149 4.68921 3.38839 3.30471 3.185 3.14833 3.01869 3.2125 2.99462 3.16981 2.93566 3.67391 2.90514 2.84034 3.19553 2.9226 3.65746 2.85587 3.21261 2.82168 2.76903 3.30889 2.71135 2.64437 2.63124 2.60523 2.54086 2.53397
threshold=2849.2450000000003 1741.4178571428572 4364.2700000000013 0.55037518267569985 -0.99467753128998015 0.063390085881955341 1839.3738541666669 -0.99940763397299126 -0.99630266176052629 -0.83146961230254512 2682.1178125000001 5.5000000000000009 5.5000000000000009 99.845000000000013 -0.70710678118654757 1356.5064545269468 -0.88144907265856332 5.5000000000000009 224.88000000000002 28.156250000000004 2626.0918983363072 0.96849880583763492 5582.3527083333338 51.500000000000007 31.056250000000002 2280.2750000000005 1.0000000180025095e-35 0.8562499999999994 1929.0500000000002 3229.6400000000008 -1677.4471428571426 2683.005572916667 -0.46989712924132493 2513.1851896806029 3030.6350000000007 0.99465189230620699 16761.950000000001 -0.72101013194340913 3.5000000000000004 0.96904697354198299 24.906250000000004 3.5000000000000004 3187.9950000000003 1830.7395468007846 -0.82897401153126982 299.76500000000004 2410.1900000000005 5028.9013541666673 7640.2950000000019 2017.3773657238437 3.5000000000000004 3920.6850000000004 1552.9659374087539 88.500000000000014 5576.1333333333341 53.500000000000007 27.906250000000004 4982.2499479166681 26.781250000000004 87.695000000000007 4140.921666666668 -0.72101013194340913
decision_type=2 2 2 2 2 2 2 2 2 2 2 2 2 2 2 2 2 2 2 2 2 2 2 2 2 2 2 2 2 2 2 2 2 2 2 2 2 2 2 2 2 2 2 2 2 2 2 2 2 2 2 2 2 2 2 2 2 2 2 2 2 2
left_child=1 3 42 56 5 7 9 -5 -4 10 -6 19 26 14 -14 -8 17 22 -19 20 21 47 23 25 39 38 30 -28 -29 -30 58 32 33 34 -32 -34 -36 -20 44 -18 -25 -42 -2 -44 45 59 -23 48 49 50 51 -10 60 -15 55 -43 -1 -22 -3 -17 -53 -13
right_child=2 12 8 4 6 -7 15 -9 11 -11 -12 61 13 53 -16 16 24 18 37 -21 57 46 -24 40 -26 -27 27 28 29 -31 31 -33 35 -35 36 -37 -38 -39 -40 -41 41 54 43 -45 -46 -47 -48 -49 -50 -51 -52 52 -54 -55 -56 -57 -58 -59 -60 -61 -62 -63
leaf_value=-0.0084551606751805137 -0.00022239100012199411 0.00080294458967035832 -0.0048692675811015879 -0.013256948892585933 -0.0075729579783976077 -0.025849616937339306 0.0047028511682087005 0.0041019565493075382 0.0058476604005942741 -0.0017637836608308845 -0.024446772162507218 -0.0038169618013838289 -0.028867421347115722 -0.0013508693987081431 -0.0026437649573962827 -0.0046370676894568735 -0.00079863781472885116 -0.016446660030575003 -0.0092119915866414499 0.0049155522742999579 -0.0016017708207583174 0.007197253756260253 0.0027794237116411809 -0.013510286936536432 0.0039142141617786981 -0.010579474227772813 0.0016088358147573643 -0.013747551266882402 4.0482956180560656e-05 -0.011396617942532015 -0.021930386464704167 -0.00023607842738580827 -0.0010627677133291582 0.0024571086069045123 -0.009942293016772184 -0.01118302566064305 0.0021387018276644602 0.0012832818797323851 0.002094244053069916 -0.0082827509499582477 0.00011258730307405054 -0.014184277794190814 0.0022468219960299928 0.00040301506132411007 -0.00048921824907158793 0.00083940736774820832 -0.0010876417149450969 0.0068586644431620474 0.0048347106527110483 -0.00026893179964951997 0.0050866710337123082 0.0079220297407697551 -0.001947072486081007 -0.0094821840624620263 -0.0012726833902706857 -0.0051744352912575734 -0.01966309805832258 0.003051418042714324 0.010104343409729289 -0.014365687448607415 -0.00017201470371801405 0.0010419310476484616
leaf_weight=42 3471 66 91 49 49 43 84 53 89 40 40 120 41 620 60 53 298 49 68 919 310 317 92 49 136 43 121 66 87 43 43 4099 999 63 41 42 41 44 161 60 70 69 1232 2629 182 46 43 125 327 506 327 65 272 40 51 81 40 169 46 48 74 478
leaf_count=42 3471 66 91 49 49 43 84 53 89 40 40 120 41 620 60 53 298 49 68 919 310 317 92 49 136 43 121 66 87 43 43 4099 999 63 41 42 41 44 161 60 70 69 1232 2629 182 46 43 125 327 506 327 65 272 40 51 81 40 169 46 48 74 478
internal_value=-7.24306e-05 -0.0017964 0.00120345 -0.00413183 -0.00370766 -0.0108132 -0.00313373 -0.00428487 0.0025655 -0.0111791 -0.0153441 0.00273002 -0.00106494 -0.00341386 -0.0134677 -0.00251116 -0.0028926 -0.00399571 -0.00864329 0.00318017 0.00257075 0.00313496 -0.0031956 -0.00384254 -0.000419784 -0.00211727 -0.000753905 -0.00384496 -0.00720292 -0.00380068 -0.00057311 -0.000684367 -0.00217811 -0.00600758 -0.0102594 -0.00148142 -0.00394881 -0.00511398 -0.00135464 -0.00207254 -0.00670063 -0.00542422 0.000417035 0.000991782 -0.00304362 -0.00618154 0.0062074 0.00251218 0.00218095 0.00152681 0.00262454 0.00100737 -5.24222e-05 -0.00185728 -0.00734348 -0.00938545 -0.0140935 4.28965e-05 0.00467877 -0.00935608 0.00364252 6.21579e-05
internal_weight=20122 8558 11564 2040 1958 145 1813 102 4232 129 89 4141 6518 761 101 1684 1600 1106 161 3543 2624 2145 945 853 494 533 5757 317 196 130 5440 5328 1229 188 125 1041 82 112 490 358 320 271 7332 3861 329 147 360 1785 1660 1333 827 500 411 660 201 150 82 479 112 101 139 598
internal_count=20122 8558 11564 2040 1958 145 1813 102 4232 129 89 4141 6518 761 101 1684 1600 1106 161 3543 2624 2145 945 853 494 533 5757 317 196 130 5440 5328 1229 188 125 1041 82 112 490 358 320 271 7332 3861 329 147 360 1785 1660 1333 827 500 411 660 201 150 82 479 112 101 139 598
is_linear=0
shrinkage=0.03


Tree=74
num_leaves=63
num_cat=0
split_feature=26 19 1 15 11 12 12 7 12 21 29 9 14 23 22 15 12 8 20 7 13 13 15 15 0 1 29 15 12 28 12 6 13 1 5 22 14 0 7 5 20 12 7 12 15 13 29 12 20 22 14 13 19 13 28 15 20 28 1 8 21 11
split_gain=45.8079 21.2862 15.0468 11.4772 15.2837 11.1574 10.9577 10.526 18.5527 8.5005 6.86549 6.09524 5.21688 4.83076 4.49113 4.18527 6.60964 6.90376 4.14343 6.14146 3.50679 6.68939 5.08349 11.8089 8.4586 3.81512 3.72046 3.77188 6.44133 5.47717 6.79086 4.73104 3.50008 3.20276 3.60786 3.47524 3.15634 3.07753 3.07324 8.96257 10.8113 3.05959 3.00785 2.58482 3.00997 2.57543 2.5717 3.66068 2.53606 2.49715 2.48545 2.48474 5.53947 2.4564 2.42759 2.34633 2.64262 2.25237 3.13042 4.02521 2.24134 2.24092
threshold=24145.850000000002 4129.5500000000002 5.5000000000000009 2197.0835416666673 455.96000000000009 2895.8436607142862 2612.3685119047623 0.9550229469509578 3307.9316964285722 9999.6750000000011 28.381250000000005 3118.3300000000004 7760.0271428571432 -678.40714285714273 -2899.6249999999991 3666.2535937500002 3370.7715401785722 -0.586545147510938 2382.424010416667 -0.99940763397299126 2409.6416982227206 2388.4587264619913 2857.2419270833338 2908.4300520833335 51.500000000000007 4.5000000000000009 20.256250000000005 3324.1733333333336 3539.8088392857144 4421.1983333333346 3516.1836086309527 -0.93540483100319605 1855.2883960108752 5.5000000000000009 -0.72947329433276231 -934.76499999999976 1301.592142857143 54.500000000000007 0.96904697354198299 0.72947329433276253 3927.315364583334 2519.5437797619052 -0.89785546691630314 4405.6745089285723 5950.9749479166685 2995.0939072115921 28.231250000000006 2558.1874776785721 2559.1267187500002 -398.5199999999997 5838.7042857142869 2818.900468467265 2470.7800000000002 1983.3059507395017 5333.2050000000008 3953.9343750000003 4904.6143750000001 3538.3366666666675 3.5000000000000004 0.97648852793709995 4665.0650000000014 2780.6950000000002
decision_type=2 2 2 2 2 2 2 2 2 2 2 2 2 2 2 2 2 2 2 2 2 2 2 2 2 2 2 2 2 2 2 2 2 2 2 2 2 2 2 2 2 2 2 2 2 2 2 2 2 2 2 2 2 2 2 2 2 2 2 2 2 2
left_child=1 11 3 4 -2 46 -4 36 -9 10 -7 14 15 -5 -1 16 17 -3 -19 -20 21 22 25 24 -24 37 -25 29 49 -28 31 -31 -18 35 -35 -13 -8 41 45 -40 -41 42 -15 57 -45 51 47 -6 -14 -29 -37 55 -53 -30 -21 61 -57 -17 -59 -60 -43 -16
right_child=2 12 6 13 5 9 7 8 -10 -11 -12 33 48 20 38 43 32 18 19 54 -22 -23 23 26 -26 -27 27 28 53 30 -32 -33 -34 34 -36 50 -38 -39 39 40 -42 60 -44 44 -46 -47 -48 -49 -50 -51 -52 52 -54 -55 -56 56 -58 58 59 -61 -62 -63
leaf_value=-0.0099993726580768182 -0.022521177718702417 0.010550152592939035 -0.019494380670269797 -0.011991513614974371 0.0041070355986297692 0.0026650925813009965 -0.010191180176651951 -0.0014089017690337717 -0.02824137599861368 -0.021124644157837848 -0.012243244662088577 0.0046775840658627105 -0.0031282411617311562 -0.0013020653131284882 -0.0013217827483376085 0.0061422604063963177 0.005082061267483653 0.0068791572157169863 -0.0094426294812248977 0.0021811619336395928 0.00065516984226856852 -0.013773995995579753 -0.0030038202694873798 -0.010844031968029282 -0.019910999352387229 0.0082566168196499343 -0.00088373711125472169 0.0081332319246038148 -0.0020155883075606723 -0.02023863708195479 0.00066585947817657135 -0.0068260670061890943 -0.0013378976666878642 -0.0031706371681004542 0.00049519391885372564 0.00073966821713666669 -0.0012330453453646244 0.0026182231800585911 0.00057268652918431799 -0.0029309447582658212 -0.02259917932312663 -0.0042844380311397538 -0.012760262600412325 -0.0022523771297327535 0.0057805939969317668 0.0048185649196185714 0.0062046734138857572 -0.0061988667931407683 0.0042331111380291761 0.00076606764833205031 0.0053765414908275907 -0.01366277612904768 0.00094711470891806204 -0.0090003647169143684 -0.0025289632149223186 0.0010357296031857503 -0.005695442356555511 0.0046403956064094377 -0.00056332576353637935 0.0062588416932917697 0.0014737085011446735 -8.8534420094580748e-05
leaf_weight=45 51 86 71 40 52 47 43 46 46 48 66 227 43 41 2774 246 82 127 46 882 487 43 48 41 60 49 183 45 103 45 47 52 967 367 703 3805 183 194 171 66 40 92 41 151 57 81 47 74 1173 418 106 40 54 81 110 1156 54 448 328 101 175 2540
leaf_count=45 51 86 71 40 52 47 43 46 46 48 66 227 43 41 2774 246 82 127 46 882 487 43 48 41 60 49 183 45 103 45 47 52 967 367 703 3805 183 194 171 66 40 92 41 151 57 81 47 74 1173 418 106 40 54 81 110 1156 54 448 328 101 175 2540
internal_value=-1.78317e-05 0.000587857 -0.00339801 -0.00259283 -0.00737824 -0.00500567 -0.00890372 -0.00648544 -0.0149845 -0.0106635 -0.00607345 -7.90199e-05 0.00227006 -0.00178366 -0.000655823 0.00169968 0.000924193 0.00239604 0.00178557 0.00115635 -0.00159653 -0.00222031 -0.00192277 -0.00310779 -0.0124932 0.000326621 -0.00209783 -0.00171892 -0.000389722 -0.00433965 -0.00869516 -0.0131914 -0.000831689 0.000698556 -0.000763938 0.00107682 -0.00297486 -0.000402839 -0.000594127 -0.00368503 -0.0104948 -0.00208485 -0.00711588 0.00303803 -3.39085e-05 -0.000465789 0.000290702 -0.00194679 0.00397044 0.00149808 0.000866684 -0.000531184 -0.00534824 -0.00512244 0.00165685 -0.000460969 0.000730875 0.00360653 0.00288907 0.00105365 -0.000518955 -0.000732439
internal_weight=20135 17076 3059 2670 385 334 389 318 92 161 113 12229 4847 2285 7021 3631 2300 1251 1165 1038 2245 1758 1715 1123 108 592 1015 974 647 327 144 97 1049 5208 1070 4138 226 543 6976 277 106 349 82 1331 208 6699 173 126 1216 463 3911 6618 94 184 992 6524 1210 1123 877 429 267 5314
internal_count=20135 17076 3059 2670 385 334 389 318 92 161 113 12229 4847 2285 7021 3631 2300 1251 1165 1038 2245 1758 1715 1123 108 592 1015 974 647 327 144 97 1049 5208 1070 4138 226 543 6976 277 106 349 82 1331 208 6699 173 126 1216 463 3911 6618 94 184 992 6524 1210 1123 877 429 267 5314
is_linear=0
shrinkage=0.03


Tree=75
num_leaves=63
num_cat=0
split_feature=27 9 27 24 1 7 20 7 1 10 6 27 18 8 30 8 30 13 24 13 13 13 0 8 1 0 1 30 30 9 1 12 12 21 17 5 13 13 20 2 20 7 20 7 13 1 18 10 13 18 7 18 18 22 21 1 1 19 17 0 18 9
split_gain=47.7103 16.127 12.8549 7.7322 6.27921 7.89211 6.79441 5.28781 8.67408 4.88558 4.78541 4.74664 4.57438 6.08951 4.36528 4.21672 6.0645 7.0948 8.83913 5.74309 4.85833 9.79516 4.5884 4.02975 4.01008 7.8351 4.00994 3.95029 3.48361 3.70335 3.39391 3.31662 5.91639 3.50245 3.27076 3.11937 3.34649 3.08493 4.85341 2.84057 4.63346 4.07484 5.78339 3.09607 3.30708 3.61433 4.14305 3.23113 2.79252 2.72528 2.68325 2.47218 2.42338 3.63259 2.97048 6.67008 10.2258 14.2519 2.5279 2.51238 2.34051 3.77529
threshold=-11269.799999999997 3765.3000000000006 -24833.649999999998 0.81561558664466627 5.5000000000000009 -0.98664820696349753 4399.5113541666678 -0.8041866928211282 3.5000000000000004 1335.1900000000003 -0.77259657388510605 9446.4500000000025 1000.7850000000001 0.097680735332368748 7.1500000000000012 -0.39233249306308043 8.6125000000000025 2501.3656142919986 1.02441520033698 1943.7260888756246 2223.6067581884995 2366.6594058874193 50.500000000000007 -0.36648370705903521 5.5000000000000009 25.500000000000004 1.5000000000000002 6.700000000000002 1.5250000000000006 2450.7700000000009 5.5000000000000009 2601.21709077381 2709.8296205357151 9999.6750000000011 99.320000000000007 -0.72947329433276231 2071.6962410299584 1876.0746139002924 2102.9125000000008 3.5000000000000004 2797.8418750000001 0.94978112945126536 3927.315364583334 -0.99630266176052629 1847.1111014788214 4.5000000000000009 5150.4600000000009 5500.5350000000008 3057.8382860253264 4649.420000000001 0.70517752626968588 3117.6300000000006 2291.6900000000005 36.585000000000043 9954.595000000003 1.5000000000000002 2.5000000000000004 1890.3650000000002 99.595000000000013 35.500000000000007 2100.5950000000007 934.15500000000009
decision_type=2 2 2 2 2 2 2 2 2 2 2 2 2 2 2 2 2 2 2 2 2 2 2 2 2 2 2 2 2 2 2 2 2 2 2 2 2 2 2 2 2 2 2 2 2 2 2 2 2 2 2 2 2 2 2 2 2 2 2 2 2 2
left_child=2 24 3 7 15 -6 9 -1 -9 -7 27 30 34 14 -14 16 17 19 26 22 -21 -22 -4 -17 31 -26 -19 -8 -27 -30 39 -2 33 -33 -5 -32 50 -34 51 40 -3 49 -43 -41 -45 46 47 -46 -40 -42 -37 -39 53 60 55 58 57 -57 -55 -60 61 -25
right_child=1 11 4 12 5 6 10 8 -10 -11 -12 -13 13 -15 -16 23 -18 18 -20 20 21 -23 -24 52 25 28 -28 -29 29 -31 35 32 37 -35 -36 36 -38 38 48 43 41 42 -44 44 45 -47 -48 -49 -50 -51 -52 -53 -54 54 -56 56 -58 -59 59 -61 -62 -63
leaf_value=-0.020257468672127139 0.0023366285687389204 -0.00790900013409555 -0.0027646665834737097 0.0027455564251071527 -0.017357821272952215 -0.0097126858393030771 -0.020515198167413474 1.6690169666278159e-05 -0.015885243348311633 -0.00057965178076686906 -0.0016507877553813158 0.0041687908091633166 -0.018677941388117947 -0.0031132072510175225 -0.00569398597922436 0.0062514401968060572 0.0036445352029620425 0.0012066401341689925 -0.016700317271711194 0.0041693237073542107 -0.013874563012671258 0.0014583466416469922 -0.015879099264354657 7.996813262130801e-05 0.0014117282808794882 -0.0016942139637961936 -0.0098626048399812795 -0.0075231120129551814 -0.01388316519341843 -0.0043654957765989653 -0.0025349426543087115 -0.0080471990789099772 0.001336105688568045 -0.00048907868961310555 -0.004253218003020553 0.00059298523196757024 -0.0010198086721000584 -0.0029204754008712959 1.0248851995898146e-05 -0.0027821941916965484 0.0005144035324738844 0.0050906215755111839 -0.0042229775222413207 0.0069613832403981196 0.0010303696313838425 -0.00032539669969440277 0.0050675436220237293 0.0067294364867176715 0.0052565821408925035 0.0034821356001984139 0.0082376413530373307 -0.011626666006632149 0.00012045781436974124 0.005279259836444488 1.0467613789670006e-05 -0.025969693679362534 -0.0010313869916371531 -0.0040013001046519583 -0.0066939760469755189 1.8469078632720919e-05 -0.0011902879948234733 -0.0058386102675050617
leaf_weight=48 706 48 54 94 41 61 41 58 65 353 44 915 55 123 42 65 88 63 84 125 55 113 43 126 553 533 54 46 42 272 288 121 2004 101 163 76 195 101 5031 82 469 82 216 184 648 289 670 103 92 686 90 41 892 64 1134 45 142 64 60 283 305 420
leaf_count=48 706 48 54 94 41 61 41 58 65 353 44 915 55 123 42 65 88 63 84 125 55 113 43 126 553 533 54 46 42 272 288 121 2004 101 163 76 195 101 5031 82 469 82 216 184 648 289 670 103 92 686 90 41 892 64 1134 45 142 64 60 283 305 420
internal_value=-5.5114e-05 0.000840738 -0.00243348 -0.0064 -0.00190395 -0.00481418 -0.00384046 -0.0118608 -0.00844711 -0.0019455 -0.00976902 0.00221449 -0.00442164 -0.00758753 -0.0131715 -0.00150437 -0.00367134 -0.00476499 -0.00933042 -0.00239418 -0.00029044 -0.00361375 -0.00868099 -0.00109475 0.000118994 -0.00136429 -0.00394253 -0.0138094 -0.00317626 -0.00567859 0.00178019 0.000372465 0.000187063 -0.00462621 -0.00169264 -0.00021107 0.00164476 0.000334679 -4.66719e-05 0.00215183 0.00116684 0.00147189 -0.00165172 0.00289907 0.00314638 0.00273204 0.00335365 0.00181991 0.000105471 0.00227854 0.00476219 -0.00549796 -0.00123156 -0.00168773 -0.000920376 -0.00252218 -0.00635785 -0.0132245 -0.000146901 -0.00117177 -0.00330062 -0.00447514
internal_weight=20151 14638 5513 648 4865 586 545 171 123 414 131 5041 477 220 97 4279 679 591 201 390 293 168 97 3600 9597 1400 117 87 847 314 4126 8197 7491 222 257 649 361 7269 5265 3477 1501 1453 298 1976 1894 1710 1421 751 5123 1155 166 142 3535 2643 1792 658 251 109 407 343 851 546
internal_count=20151 14638 5513 648 4865 586 545 171 123 414 131 5041 477 220 97 4279 679 591 201 390 293 168 97 3600 9597 1400 117 87 847 314 4126 8197 7491 222 257 649 361 7269 5265 3477 1501 1453 298 1976 1894 1710 1421 751 5123 1155 166 142 3535 2643 1792 658 251 109 407 343 851 546
is_linear=0
shrinkage=0.03


Tree=76
num_leaves=63
num_cat=0
split_feature=18 14 1 17 12 13 14 1 20 22 30 13 5 18 29 0 14 20 13 28 29 8 7 28 4 12 12 29 13 28 13 7 22 21 13 0 28 7 20 30 19 21 13 13 25 8 4 13 8 29 13 13 17 5 12 7 19 12 0 25 10 13
split_gain=39.7255 17.6994 11.1365 16.7154 12.7258 11.4896 8.11192 6.18229 6.04848 5.33864 5.21329 8.90112 5.70498 6.3788 6.64565 6.08376 4.99454 4.65874 5.44161 6.11974 9.32495 5.13013 5.2146 4.38199 4.32089 6.16633 3.9909 3.76896 7.1925 5.62593 3.97719 3.54214 3.51796 3.37769 3.14555 2.7456 2.66283 2.60829 2.60414 2.57359 2.55877 2.5391 2.50453 2.32909 2.31347 2.27237 4.88818 3.57178 2.57123 2.17904 2.48216 2.15289 3.63608 2.11527 2.07757 2.0729 1.97257 4.09612 6.35157 9.02868 1.96057 1.9272
threshold=2210.5050000000006 5339.6400000000003 5.5000000000000009 49.455000000000005 2612.3685119047623 1804.0505770258894 1714.0314285714287 5.5000000000000009 6913.9380729166669 -1.0000000180025095e-35 8.2062500000000025 2501.3656142919986 -0.19509032201612828 1890.7850000000001 26.431250000000002 53.500000000000007 1111.9421428571429 5582.3527083333338 2253.6839008812026 6260.7450000000008 30.343750000000004 0.98005052076767474 0.89546819317495652 5878.2333333333345 1.0000000180025095e-35 3483.2771949404764 3532.7581398809525 25.531250000000004 1958.142639925115 3689.9700000000007 1818.5644335311038 0.97696484778429815 -188.98499999999987 4500.8550000000005 2818.900468467265 71.500000000000014 6223.1458333333348 -0.99275805973510278 3927.315364583334 4.2999999999999998 2840.6150000000002 4939.9950000000017 1851.4908077302996 1923.8324586469546 6149.3000000000002 -0.15101602693478741 1.0000000180025095e-35 2626.0918983363072 -0.039769286347669845 28.306250000000002 2374.0618396116483 1626.8686678708402 19.710000000000004 -0.9103761370219875 2895.8436607142862 -0.9259986516102553 3220.3250000000003 3403.4205133928576 35.500000000000007 6921.8500000000013 2690.0450000000005 1986.9103896708159
decision_type=2 2 2 2 2 2 2 2 2 2 2 2 2 2 2 2 2 2 2 2 2 2 2 2 2 2 2 2 2 2 2 2 2 2 2 2 2 2 2 2 2 2 2 2 2 2 2 2 2 2 2 2 2 2 2 2 2 2 2 2 2 2
left_child=2 8 6 -4 5 -5 9 36 17 10 11 12 13 14 -1 -16 -6 18 21 31 -21 22 26 44 -8 -26 37 29 -29 38 -31 33 -12 -20 -18 -9 45 53 42 -38 55 -14 54 -28 -11 -3 47 48 -47 50 -37 -43 -53 -2 -24 -39 57 58 59 -35 -45 -62
right_child=1 7 3 4 16 -7 24 35 -10 23 32 -13 41 -15 15 -17 34 -19 19 20 -22 -23 27 -25 25 -27 43 28 -30 30 -32 -33 -34 56 -36 49 39 40 -40 -41 -42 51 -44 60 -46 46 -48 -49 -50 -51 -52 52 -54 -55 -56 -57 -58 -59 -60 -61 61 -63
leaf_value=-0.021181857574810371 0.0032067092362325638 0.0049090277232772591 -0.023584004647057989 -0.025163687360472975 -0.012135627014522856 -0.0035791206604606188 -0.0004256555927921939 0.0024043844280417967 -0.008492932064839127 -0.0078609259003133043 0.0036947334479787439 -0.016440995140001177 0.0034478553724475204 0.00084183286675917251 -0.014703555640260704 -0.00158177483772092 -0.00097901699975905514 0.0040135891606036759 -0.0085466029723862778 -0.014258717137388884 0.00084513135873138493 0.0049723411828215139 0.0083755916323778878 -0.0098459056911524376 -0.001095635362940331 -0.013228323489301285 0.001300242686248284 0.0028097555024158356 0.013235480783241134 -0.013093463154736815 0.00019793903352919876 -0.004323408595228102 -0.0065771559482202561 -0.0022140297573059798 -0.0093541832913955052 -0.0016114074717997835 -0.0069164498088892202 0.0021720861410410306 -0.0013185279142651758 0.0024111449471009628 0.0013741551164738889 -0.0089124620407819745 -0.00033291126627685319 -0.0032485382354961422 -0.0010810535489824591 -0.00080493583804682682 -0.0041557223785735932 2.3581384011777116e-05 0.0043414582211114584 0.00082860534382278768 -0.0095088410096578913 -0.0088867686095894603 0.00085356301437012651 -0.0022479048616247106 0.0029902668267884854 -0.00039289962621434231 0.00064504897059122648 -0.00033369201142471102 0.0024592803821360575 -0.019143480298118857 -0.0032833110892876772 -0.0003359333068141944
leaf_weight=46 74 795 45 47 46 42 2286 168 70 47 82 73 54 48 60 67 395 294 43 74 72 231 83 59 105 58 347 406 69 40 40 211 46 68 44 88 42 335 177 69 2887 54 154 394 818 94 82 247 1187 102 60 48 116 438 288 1816 1356 1206 63 48 241 1143
leaf_count=46 74 795 45 47 46 42 2286 168 70 47 82 73 54 48 60 67 395 294 43 74 72 231 83 59 105 58 347 406 69 40 40 211 46 68 44 88 42 335 177 69 2887 54 154 394 818 94 82 247 1187 102 60 48 116 438 288 1816 1356 1206 63 48 241 1143
internal_value=-2.41894e-06 0.000725124 -0.0024244 -0.00617037 -0.00476654 -0.0151307 -0.00185289 0.00282429 0.000238756 -0.0035006 -0.00548778 -0.0067223 -0.00525286 -0.00882331 -0.0114944 -0.00784748 -0.00283746 0.000287944 0.000198602 -0.000878791 -0.00685516 0.000567979 0.000453529 -0.00200374 -0.000763299 -0.00546712 0.000160057 0.00224386 0.00434885 0.00096133 -0.00652736 -0.000585265 -1.90965e-05 -0.000300499 -0.00183779 -0.000553144 0.00338541 0.000583346 0.00182281 -0.00114846 0.000790729 -0.00233018 0.00288239 -0.000945229 -0.00145809 0.00359505 0.00294358 0.00332703 0.00396348 -0.00254226 -0.0048554 -0.00377064 -0.00203385 -0.00145483 0.00421435 7.39885e-06 -0.000168067 -0.000964048 -0.00518558 -0.00932306 -0.00138395 -0.000851169
internal_weight=20288 15602 4686 619 574 89 4067 2934 12668 1618 694 566 493 221 173 127 485 12598 12304 3141 146 9163 8932 924 2449 163 7675 1257 475 782 80 2995 128 2784 439 418 2516 5550 702 111 5038 272 525 2125 865 2405 1610 1528 1281 250 148 218 164 512 371 2151 2741 1385 179 116 1778 1384
internal_count=20288 15602 4686 619 574 89 4067 2934 12668 1618 694 566 493 221 173 127 485 12598 12304 3141 146 9163 8932 924 2449 163 7675 1257 475 782 80 2995 128 2784 439 418 2516 5550 702 111 5038 272 525 2125 865 2405 1610 1528 1281 250 148 218 164 512 371 2151 2741 1385 179 116 1778 1384
is_linear=0
shrinkage=0.03


Tree=77
num_leaves=63
num_cat=0
split_feature=18 9 9 1 25 15 17 29 20 9 23 28 20 0 1 17 10 17 17 0 1 2 8 7 29 2 1 28 17 28 17 16 7 29 7 20 20 18 16 18 14 29 15 15 7 20 16 22 24 29 7 15 2 17 17 10 17 24 4 0 20 21
split_gain=41.243 14.0863 12.9959 8.52608 8.27486 8.03538 13.7137 13.6725 10.0344 7.10921 5.43119 5.18736 7.83986 5.09772 7.58756 5.04447 6.92707 4.73478 5.44355 4.22341 4.06195 4.63394 3.93165 6.90808 3.86228 3.63602 3.99536 4.94739 3.62238 8.02357 4.95515 3.60619 3.52134 3.4022 3.06498 6.62659 3.57918 3.01906 4.13213 4.54119 3.69935 2.96722 2.81058 2.72175 5.00294 2.70755 2.65883 3.26647 6.46562 2.78814 2.58356 5.13978 8.26414 2.57694 5.82316 2.48512 2.3879 2.25087 2.17539 2.84986 2.34368 2.29224
threshold=2370.8150000000005 4082.7700000000004 1899.9150000000002 5.5000000000000009 9414.0000000000018 2197.0835416666673 22.185000000000006 27.318750000000005 2682.1178125000001 1525.9650000000004 -152.51785714285711 6260.7450000000008 4734.7300520833342 46.500000000000007 1.0000000180025095e-35 200.09500000000003 49.715000000000011 399.36000000000007 398.87500000000006 54.500000000000007 4.5000000000000009 1.5000000000000002 -0.66686572813907907 -0.68430824382591193 29.356250000000006 3.5000000000000004 4.5000000000000009 5159.1833333333352 99.095000000000013 3511.1250000000005 29.590000000000003 4068.2050000000004 -0.9905448150984083 33.23125000000001 0.9550229469509578 3927.315364583334 4595.5490104166674 3204.7050000000004 3745.2700000000004 2673.8950000000004 2912.8835714285715 28.743750000000006 3986.0654166666673 3065.511614583334 -0.69057362043749781 4500.4713020833342 4217.0950000000012 -1248.8749999999998 0.68648301289510505 28.806250000000006 -0.9905448150984083 3198.0472395833335 9.5000000000000018 1531.5000000000002 1457.8650000000002 5600.4400000000014 1619.5250000000003 1.2188790917381269 1.0000000180025095e-35 28.500000000000004 5629.942135416667 9999.6750000000011
decision_type=2 2 2 2 2 2 2 2 2 2 2 2 2 2 2 2 2 2 2 2 2 2 2 2 2 2 2 2 2 2 2 2 2 2 2 2 2 2 2 2 2 2 2 2 2 2 2 2 2 2 2 2 2 2 2 2 2 2 2 2 2 2
left_child=2 11 3 5 9 6 13 8 -8 10 -5 33 -13 -1 -15 16 -7 18 43 22 21 -19 23 -4 -14 34 32 42 29 -24 -31 -18 -27 37 36 -36 45 38 39 -2 -41 -29 -28 44 -17 53 -33 -48 -49 -50 51 -30 -53 54 55 -3 -35 -52 59 60 -34 -61
right_child=1 25 19 4 -6 15 7 -9 -10 -11 -12 12 24 14 -16 17 31 20 -20 -21 -22 -23 28 -25 -26 26 27 41 50 30 -32 46 58 56 35 -37 -38 -39 -40 40 -42 -43 -44 -45 -46 -47 47 48 49 -51 57 52 -54 -55 -56 -57 -58 -59 -60 61 -62 -63
leaf_value=0.0041700966884068141 0.00056324340436549394 -0.00092219108625613444 -0.016155883490067462 -0.016808067177437613 -0.01763034593532211 -0.012552375641208504 -0.00047174297915974058 -0.022108955954826332 -0.017100009080237642 0.00062080029491335157 -0.0036587210277264767 -0.00024640995069322261 -0.018137433245755369 -0.014036019420996309 0.002148150002075867 -0.013481229672391638 -0.0075021297190911501 -0.010642591954674572 -0.016430137235624715 0.00051038595420630189 -0.009108820664121978 -0.00090105762344319369 0.0010086560906883287 -0.0015101709385653521 -0.0050257971635911348 -0.0026498962872816868 0.00064724541097080444 -0.0080487579558516879 0.0019055996832056819 -0.003721041542435573 -0.017478357554516856 0.0058694426888670726 -0.00067508436335675132 0.0067633723653852933 0.0060860282120140741 -0.004635895589062548 0.004311044437834699 0.00083347527027423244 -2.1029680274548997e-05 -0.012983788781280278 -0.0033818904410177113 0.00025676524006696636 0.004731377503044064 0.0012030458698016288 -0.0013072390049215286 -0.0040266240802791682 0.0054041570566939826 -0.010506826625870807 -0.00227407616184517 0.0023654958630330378 -0.0014893011353483705 -0.0017599004407825528 -0.019267768661786869 0.0026993401807874802 -0.0099296328953753857 0.0051437754445615106 0.00050305852941660715 0.00073422408456470648 0.00028985137403829067 0.0091666012470096609 0.0044192661354151954 0.0046981902349805147
leaf_weight=88 119 191 45 60 71 40 91 78 50 89 54 164 40 49 54 60 51 47 49 1118 75 524 90 79 42 71 342 70 65 43 53 78 157 124 70 192 364 4603 5175 60 91 85 272 45 61 93 86 55 211 258 1212 60 40 501 51 88 98 618 122 115 167 1068
leaf_count=88 119 191 45 60 71 40 91 78 50 89 54 164 40 49 54 60 51 47 49 1118 75 524 90 79 42 71 342 70 65 43 53 78 157 124 70 192 364 4603 5175 60 91 85 272 45 61 93 86 55 211 258 1212 60 40 501 51 88 98 618 122 115 167 1068
internal_value=-2.71725e-05 0.000823488 -0.00217839 -0.0039093 -0.00887285 -0.00324188 -0.00699422 -0.0121005 -0.00644719 -0.00573848 -0.0106654 0.000246053 -0.00405021 -0.00110684 -0.00561205 -0.00230011 -0.000549658 -0.00388137 -0.00772949 -0.0010024 -0.00259068 -0.0017201 -0.00173606 -0.00691187 -0.0115632 0.00233395 0.00304883 0.00125233 -0.00143876 -0.00543192 -0.0114181 0.0001161 0.00386027 0.000349347 0.00119399 -0.00175901 0.00179557 0.000267978 -0.000210137 -0.00382124 -0.00725753 -0.00352167 0.00246125 -0.00507823 -0.00740495 0.000801038 0.000690892 2.01942e-05 -0.000872044 0.000277786 -0.00106393 -0.00464797 -0.00888448 0.00134551 -0.000711799 0.00100263 0.00401446 -0.000738415 0.00414547 0.0044572 0.00195623 0.00513994
internal_weight=20282 14535 5747 2324 274 2050 410 219 141 203 114 10516 246 191 103 1640 779 861 215 3423 646 571 2305 124 82 4019 2469 769 2181 186 96 739 1700 10270 1550 262 1288 10048 5445 270 151 155 614 166 121 924 688 610 524 469 1995 165 100 831 330 279 222 1830 1629 1507 324 1183
internal_count=20282 14535 5747 2324 274 2050 410 219 141 203 114 10516 246 191 103 1640 779 861 215 3423 646 571 2305 124 82 4019 2469 769 2181 186 96 739 1700 10270 1550 262 1288 10048 5445 270 151 155 614 166 121 924 688 610 524 469 1995 165 100 831 330 279 222 1830 1629 1507 324 1183
is_linear=0
shrinkage=0.03


Tree=78
num_leaves=63
num_cat=0
split_feature=14 19 26 7 10 20 20 20 7 7 10 30 11 16 5 23 15 15 12 8 20 14 12 12 5 13 13 26 15 20 10 20 7 20 15 11 10 13 19 19 1 7 13 15 8 15 20 12 7 12 13 30 28 28 15 14 15 27 1 30 28 15
split_gain=38.5446 17.0834 11.168 9.8769 10.8115 7.89333 12.4064 10.4089 7.70574 9.37284 7.49809 6.5597 5.72519 4.88887 4.69191 4.61255 5.56265 4.29473 4.62913 5.34204 4.95315 5.57006 4.27601 5.16764 3.98547 3.9746 4.4979 5.14072 8.39866 3.74736 6.66271 3.51595 5.68498 3.49193 3.35804 3.17965 3.16618 3.04912 3.03968 2.6717 2.56911 2.63649 2.56866 3.89913 3.25252 3.17266 3.12503 2.95951 2.85509 2.76811 2.54733 3.49151 3.24719 2.75482 2.56734 2.5447 2.61841 2.53673 2.48777 3.0329 2.98243 3.00859
threshold=2236.7757142857149 4129.5500000000002 30851.100000000002 -0.99630266176052629 1819.7650000000001 5534.1035416666673 3002.9783333333339 3056.9828645833336 -0.77245553105869302 -0.88622299073327826 2116.9750000000004 2.6500000000000008 1763.1000000000001 4429.5550000000012 -0.19509032201612828 -338.48357142857145 1675.6098437500002 3666.2535937500002 3370.7715401785722 -0.57252730874975932 2549.374895833334 8186.1635714285721 3142.6099181547625 2667.4950595238101 -0.41248606129204551 2995.0939072115921 2692.1841111005619 9383.6500000000033 4501.2699479166677 2191.0721354166672 1750.5100000000002 2077.3942187500006 -0.99940763397299126 2546.3523437500003 1939.7336979166669 1402.6200000000001 399.19000000000005 1855.2883960108752 99.635000000000005 3369.9850000000006 1.5000000000000002 0.21336913576298863 1804.0505770258894 3953.9343750000003 -0.18493013702746822 3946.8490104166672 3853.6221354166669 3042.9678125000005 -0.94705910369513524 3982.3634970238099 2011.8785423863721 4.6500000000000012 5936.2750000000005 4208.1416666666673 4128.5055729166679 4023.059285714286 3065.511614583334 -5900.6999999999989 2.5000000000000004 2.4937500000000008 2828.4116666666673 3324.1733333333336
decision_type=2 2 2 2 2 2 2 2 2 2 2 2 2 2 2 2 2 2 2 2 2 2 2 2 2 2 2 2 2 2 2 2 2 2 2 2 2 2 2 2 2 2 2 2 2 2 2 2 2 2 2 2 2 2 2 2 2 2 2 2 2 2
left_child=2 13 3 4 -1 6 8 -8 9 11 12 -4 22 15 -11 16 -2 18 19 -3 -20 37 23 -9 -13 26 42 -28 39 30 -5 -21 -33 -31 -35 -10 -26 -22 -36 -29 41 -19 44 45 -15 48 55 -48 -44 -45 53 52 54 -42 -52 -46 -57 -18 59 60 61 -50
right_child=1 17 5 29 -6 -7 7 10 35 14 -12 24 -14 25 -16 -17 57 40 20 31 21 -23 -24 -25 36 -27 27 28 -30 33 -32 32 -34 34 38 -37 -38 -39 -40 -41 50 -43 43 49 46 -47 47 -49 58 -51 51 -53 -54 -55 -56 56 -58 -59 -60 -61 -62 -63
leaf_value=0.0016869395752639874 -0.014686986394040287 0.0089809621557598637 -0.01319695796751018 -0.015275483176191436 -0.016787719162084259 0.0022052678007052325 -0.02080552798163678 -0.014127158265122595 0.0088350105894108612 -0.019519072347188825 -0.018005772178783609 0.0077172220957775917 -0.00066865572330425491 0.0074041768567452964 -0.0058977521014897975 -0.00085964588850508594 -0.00077385822549844391 0.0089170866087079047 -0.0099768625093565773 0.008615875234494785 0.0052601237387862061 0.0048464684138889427 -0.014930155673916909 -0.0027239842920723121 -0.0071609680572790758 0.0043429582039960588 0.00063846727224410246 -2.5496061535481854e-05 -0.016353504627244549 0.0026613382561206989 -0.0008932025102269533 -0.0085371366989343087 0.0021131520791588857 -0.0079683597811233634 -0.0091814815645505279 -0.00017227529824949891 0.0013969148347281258 -0.00082114521621566019 -0.0010474252846787856 -0.0090560954950022997 0.006264710107283758 0.0035052960768206824 0.001236768026266681 0.0019355067481205456 0.00093973338107961404 -0.0080542803316377108 -0.0084084327642007604 -0.00052363921747082315 -0.003528646022430157 -0.00018889770869910951 -0.00056208607672822897 0.0045025634019980462 -0.0047960022740651193 2.0642647244286067e-05 0.0028246121269033635 0.0093011049020980639 0.0018290737014888833 -0.0087556995772040229 -0.001511296321175813 -0.0026447738557771302 0.0017234798530259474 0.00083034441697368898
leaf_weight=45 49 109 41 46 76 121 62 50 44 52 54 44 119 70 42 664 116 131 41 69 79 219 70 122 69 206 178 105 54 211 76 46 1135 66 41 163 87 1024 2752 40 295 216 748 1240 2126 49 55 183 250 994 306 396 75 81 587 67 113 51 2012 312 868 329
leaf_count=45 49 109 41 46 76 121 62 50 44 52 54 44 119 70 42 664 116 131 41 69 79 219 70 122 69 206 178 105 54 211 76 46 1135 66 41 163 87 1024 2752 40 295 216 748 1240 2126 49 55 183 250 994 306 396 75 81 587 67 113 51 2012 312 868 329
internal_value=-5.46636e-07 0.00069868 -0.00246354 -0.00158136 -0.00995947 -0.00502363 -0.00588334 -0.0094077 -0.00277003 -0.00557575 -0.00765897 -0.00241875 -0.00606579 4.0429e-05 -0.0135591 -0.00210199 -0.00589948 0.00218747 0.00140163 0.00263994 0.000165932 0.0004878 -0.00870607 -0.00610136 -0.000154549 0.000229172 0.000142202 -0.00306656 -0.00636723 -0.00126075 -0.00639613 0.00208026 0.00169145 -0.00105466 -0.00132974 0.00177559 -0.0024098 -0.000381217 -0.00117007 -0.00256166 0.00321125 0.00556812 0.000270987 -3.62179e-05 0.00107009 -0.000538499 0.000892959 -0.00237331 -0.00045524 0.000990609 0.0027383 0.00213284 0.00115977 0.0049232 0.00166478 0.00123095 0.00464635 -0.00324903 -0.000791099 3.30757e-05 0.000611897 -0.00105461
internal_weight=20141 15688 4453 3313 121 1140 1019 477 542 335 415 241 361 10879 94 880 216 4809 2722 1359 1363 1322 242 172 200 9999 9793 377 199 3192 122 1250 1181 3070 2859 207 156 1103 2793 145 2087 347 9416 6802 2614 4568 2544 238 4519 2234 1740 1364 968 376 893 2306 180 167 3771 1759 1447 579
internal_count=20141 15688 4453 3313 121 1140 1019 477 542 335 415 241 361 10879 94 880 216 4809 2722 1359 1363 1322 242 172 200 9999 9793 377 199 3192 122 1250 1181 3070 2859 207 156 1103 2793 145 2087 347 9416 6802 2614 4568 2544 238 4519 2234 1740 1364 968 376 893 2306 180 167 3771 1759 1447 579
is_linear=0
shrinkage=0.03


Tree=79
num_leaves=63
num_cat=0
split_feature=14 14 14 1 15 20 25 23 25 23 17 13 1 20 20 14 20 20 27 29 28 2 17 15 12 13 17 22 12 20 1 17 12 5 15 20 5 14 22 15 4 29 12 13 5 20 28 20 28 16 28 15 18 17 5 20 13 15 28 20 17 29
split_gain=36.8768 13.5219 9.03184 7.44152 8.27177 6.61142 6.56026 9.21504 6.62455 6.02342 5.1438 4.795 4.72386 3.88959 4.62514 6.38631 4.13874 3.82414 7.01324 3.94182 3.4906 3.48254 3.44667 3.3962 4.88118 4.64545 3.90495 3.88187 3.38011 3.21481 3.16155 10.8777 16.7843 4.21048 4.57303 9.57999 12.2046 3.09051 3.0188 4.70082 2.99339 4.62839 7.26338 4.74237 2.78494 2.76476 2.69295 2.68761 3.39698 2.5655 2.55535 2.521 2.34634 3.77697 2.34488 2.20976 2.18648 2.91586 2.49981 3.58285 4.22574 2.92427
threshold=2923.8442857142868 1714.0314285714287 5838.7042857142869 5.5000000000000009 2197.0835416666673 2546.3523437500003 9866.2500000000018 -414.42285714285703 7968.9000000000005 43.448571428571427 22.185000000000006 1858.5849526667573 5.5000000000000009 5582.3527083333338 3014.0405208333336 672.0100000000001 3141.651770833334 3588.607604166667 -23101.349999999999 25.181250000000002 6223.1458333333348 9.5000000000000018 499.81500000000005 3911.7951562500002 2803.604501488096 1810.9692961891719 2006.8500000000001 -1370.0449999999996 4340.6809523809543 3756.9542187500006 5.5000000000000009 99.845000000000013 3307.9316964285722 -0.77259657388510594 1939.7336979166669 2546.3523437500003 0.72947329433276253 4120.7635714285725 -1248.8749999999998 3760.2029687500003 1.0000000180025095e-35 24.218750000000004 3483.2771949404764 1818.5644335311038 -0.81241147629689037 4434.0681770833344 6298.0283333333346 3088.9411458333338 4140.921666666668 3615.7600000000007 3901.771666666667 3173.76125 500.72000000000008 99.320000000000007 0.0327015646150716 2425.6474479166668 1788.0095484857131 3665.6719791666669 2641.938333333334 3805.3689583333339 1436.0300000000002 28.956250000000008
decision_type=2 2 2 2 2 2 2 2 2 2 2 2 2 2 2 2 2 2 2 2 2 2 2 2 2 2 2 2 2 2 2 2 2 2 2 2 2 2 2 2 2 2 2 2 2 2 2 2 2 2 2 2 2 2 2 2 2 2 2 2 2 2
left_child=1 3 23 4 5 11 7 -5 -9 -10 -7 -1 20 14 52 -16 21 19 -19 -18 55 -17 -14 25 -25 26 29 -26 45 37 33 32 -32 46 35 -35 -37 49 -20 51 56 -42 43 -43 -33 -29 -3 -39 -49 -2 -41 -40 53 -6 -47 -4 -36 58 -58 61 -61 -60
right_child=2 30 12 6 13 10 -8 8 9 -11 -12 -13 22 -15 15 16 17 18 38 -21 -22 -23 -24 24 27 -27 -28 28 -30 -31 31 44 -34 34 40 36 -38 47 39 50 41 42 -44 -45 -46 54 -48 48 -50 -51 -52 -53 -54 -55 -56 -57 57 -59 59 60 -62 -63
leaf_value=0.0014059573451855353 -0.0025816562080713495 0.0021633330878246498 -0.0014064419423996271 -0.018795806896395796 0.0016071953852500381 -0.0069452581484802066 -0.017899194290204083 0.0034300002990575091 -0.0008070698763347334 -0.015125936393467885 -0.019316286607806026 -0.0097115745795890683 -0.0046092033594212801 0.0034424783070445865 -0.012621247613552345 -0.013516803138374693 -0.0052596557529643179 -0.01554790260910522 0.0049943019223532507 0.0027786584430091687 -0.0022722873362927575 -0.0029629861183915135 0.0015938016640290153 0.0098216711280110763 0.0053986555622230134 -0.00028660109444113237 -0.0069722386155626733 0.0027700219747838701 -0.0012239143216948413 -0.0029874508350246375 7.0183769940345911e-05 -0.0063511820129739738 -0.024529379860032348 0.0010772105374417151 0.00054382462180166847 -0.018332116806693374 0.00046630054246634241 0.0072867660542656918 -0.0027011446441922867 -0.0067018018882825147 0.001300954331353441 -0.010661388068859065 -0.017065683010479678 0.0022080127716606565 -0.00080209781472492629 -0.0018928617353634576 -0.004064262451442039 0.0053335059473560865 -0.0031354465860624235 0.0018000031468886147 0.00080181413078597469 -0.01220086686196737 0.0014682754861100574 -0.0071934266956627697 0.0015751846264407266 0.003725313956743768 -0.0032153940299170921 8.8099187363611698e-05 0.00080587658033176384 -0.0013996862243352967 -0.0084319306908969965 -0.0029315863854214108
leaf_weight=83 131 669 78 40 86 67 50 80 53 52 57 59 118 110 66 56 74 41 41 204 97 57 249 63 201 3947 47 926 462 123 52 89 47 127 1367 74 53 167 41 53 96 41 45 66 857 273 68 106 70 1365 167 67 316 88 487 1995 613 1626 826 263 108 243
leaf_count=83 131 669 78 40 86 67 50 80 53 52 57 59 118 110 66 56 74 41 41 204 97 57 249 63 201 3947 47 926 462 123 52 89 47 127 1367 74 53 167 41 53 96 41 45 66 857 273 68 106 70 1365 167 67 316 88 487 1995 613 1626 826 263 108 243
internal_value=-1.33802e-05 -0.00139701 0.00117145 -0.00357755 -0.00284682 -0.00770493 -0.00815548 -0.00592059 -0.00305068 -0.00797412 -0.012741 -0.00324891 0.00273912 -0.00196128 -0.00240153 -0.00371698 -0.00296847 -0.00208766 -0.00392591 0.000627781 0.00327127 -0.00826589 -0.00040773 0.000695896 0.00164538 0.000311173 0.00148515 0.00142201 0.00104755 0.0016912 -0.000799266 -0.00232648 -0.0117369 -0.000545009 -0.000828063 -0.00475234 -0.0105448 0.00200558 -0.00259605 -0.00355714 -0.000638919 -0.00385008 -0.00709061 -0.00277631 -0.00133031 0.00167034 0.00158401 0.00457048 0.00196649 0.00141485 -0.00102802 -0.00865236 -7.11724e-05 -0.00285937 0.000328576 0.00353164 -0.000480366 -0.000860967 -0.00161232 -0.000928137 -0.00346397 -4.56515e-05
internal_weight=20243 9338 10905 2008 1733 266 275 225 185 105 124 142 2537 1467 1357 867 801 688 410 278 2170 113 367 8368 2412 5956 2009 2349 2148 1962 7330 1045 99 6285 5548 254 127 1839 369 328 5294 248 152 107 946 1686 737 343 176 1496 220 108 490 174 760 2073 5046 3679 2053 1440 371 1069
internal_count=20243 9338 10905 2008 1733 266 275 225 185 105 124 142 2537 1467 1357 867 801 688 410 278 2170 113 367 8368 2412 5956 2009 2349 2148 1962 7330 1045 99 6285 5548 254 127 1839 369 328 5294 248 152 107 946 1686 737 343 176 1496 220 108 490 174 760 2073 5046 3679 2053 1440 371 1069
is_linear=0
shrinkage=0.03


Tree=80
num_leaves=63
num_cat=0
split_feature=19 9 26 20 20 16 23 20 25 16 1 8 8 8 1 29 28 0 28 0 23 8 0 1 15 19 16 13 8 13 19 5 25 28 8 20 5 8 16 15 28 10 29 10 6 2 29 28 20 28 18 20 22 13 5 29 28 19 28 1 25 23
split_gain=35.2828 11.3943 10.9842 10.3423 18.7172 8.78224 7.17804 5.26 5.08437 4.96387 5.28368 5.54169 10.898 4.98561 12.9621 4.44188 5.12625 4.86789 6.74728 9.39734 4.14298 4.12698 5.46994 5.54941 13.2235 6.94964 5.41665 4.02717 4.85619 3.49584 3.32866 3.22246 3.1983 2.99899 2.82166 2.81878 5.65034 3.54056 3.21882 3.0071 2.81342 2.75146 2.71289 2.70585 2.69086 3.50019 4.34148 3.7042 5.46297 2.79505 2.53531 2.46716 2.91771 2.75132 3.74737 2.52397 3.99238 3.46365 2.8437 5.88299 2.40092 2.32536
threshold=2510.6600000000003 1866.5800000000002 7138.4500000000016 3002.9783333333339 3056.9828645833336 4180.8950000000013 -753.42999999999984 2923.4103645833338 9737.4000000000015 3816.5150000000008 5.5000000000000009 0.29958852271690523 0.063390085881955341 -0.66686572813907907 3.5000000000000004 32.23125000000001 3958.0783333333334 50.500000000000007 4056.7783333333341 54.500000000000007 -338.48357142857145 0.63089349388778826 45.500000000000007 1.0000000180025095e-35 1939.7336979166669 1500.8500000000001 3745.2700000000004 1830.7395468007846 0.96849880583763492 3057.8382860253264 4511.6550000000007 -0.63405362205439475 7466.3500000000013 5999.9966666666669 -0.091258822863740666 2191.0721354166672 -0.8814490726585632 0.11478523713130605 5475.2200000000012 3271.0202083333338 4642.3883333333342 1885.8050000000001 26.656250000000004 2970.3150000000005 -0.3520614488341256 8.5000000000000018 17.831250000000004 5133.0800000000008 3955.432187500001 3689.9700000000007 500.72000000000008 2425.6474479166668 -692.52999999999986 2692.1841111005619 -0.95642797789208689 25.931250000000002 5159.1833333333352 5013.2650000000012 6112.8550000000014 4.5000000000000009 7726.2500000000009 -196.7157142857142
decision_type=2 2 2 2 2 2 2 2 2 2 2 2 2 2 2 2 2 2 2 2 2 2 2 2 2 2 2 2 2 2 2 2 2 2 2 2 2 2 2 2 2 2 2 2 2 2 2 2 2 2 2 2 2 2 2 2 2 2 2 2 2 2
left_child=1 3 33 7 8 -6 -7 21 -5 32 13 12 -12 14 -11 17 -17 -8 41 20 -20 22 26 24 -24 60 -1 34 29 44 -30 -15 -3 -2 42 36 -36 38 43 -40 -27 -19 -4 -37 45 46 47 48 -29 -48 -26 52 -46 55 -55 56 -53 58 -57 -60 -25 -18
right_child=2 9 27 4 5 6 15 -9 -10 10 11 -13 -14 31 -16 16 61 18 19 -21 -22 -23 23 25 50 40 -28 28 30 -31 -32 -33 -34 -35 35 37 -38 -39 39 -41 -42 -43 -44 -45 51 -47 49 -49 -50 -51 -52 53 -54 54 -56 57 -58 -59 59 -61 -62 -63
leaf_value=0.0089446578769443123 0.0026103184319311848 -0.0025356564572601415 0.0024408294054280434 -0.01088623927474567 -0.014878578095642083 -0.016050977852286361 -0.0022241768319752157 0.0041418137558004147 -0.026052088666707277 0.00045644366779015396 -0.003275513569575483 -0.0012905397513396262 -0.017770240061395499 0.0019459674066565095 -0.019084816359759619 -0.007461100179118229 0.0084425200730925652 -5.2441208144872013e-05 -0.010454966124010884 -0.0036842565215192734 -0.023862909032218157 0.0029237918349099344 -0.024428151820491 -0.012657538057894123 -0.0087770969995395534 -0.00079469643170580772 -0.0019239683799329216 -0.0033810841574034253 0.0010598312977536145 0.0055167381532406539 0.0056970419887910073 -0.00046815256607283368 -0.011517844344267532 -0.00064086766822153435 0.013784177758447503 -0.010691601230448993 0.0017685740086359574 0.001486014119771709 0.0042698045708344911 -0.0016067107257775846 0.0088212292262374661 -0.0085649954087566576 0.011628907767434913 -0.002339606509798546 -0.0079028131168755438 0.00044167026539351068 -0.0058171283842446339 -0.0018055408500644956 -0.018541452237202421 -0.00094425305479320799 0.0003318930156011548 -0.00010632023771533801 -0.00117302530850543 -0.010473229174056778 -0.0012389936543194336 0.0010249488328166888 -0.0095500972843161076 0.0042319122949889534 0.0025741097079589959 -0.012587899905087989 -0.0040325709353323637 0.00056484307151549729
leaf_weight=51 3085 84 83 40 67 40 382 139 44 95 227 674 58 602 44 66 40 108 40 77 49 119 40 48 56 75 199 41 1245 88 156 2847 62 278 45 41 152 1847 131 192 42 49 44 213 70 467 128 62 45 596 53 2324 319 45 285 1010 40 293 49 42 75 191
leaf_count=51 3085 84 83 40 67 40 382 139 44 95 227 674 58 602 44 66 40 108 40 77 49 119 40 48 56 75 199 41 1245 88 156 2847 62 278 45 41 152 1847 131 192 42 49 44 213 70 467 128 62 45 596 53 2324 319 45 285 1010 40 293 49 42 75 191
internal_value=-3.39565e-05 -0.00179715 0.000857566 -0.00363916 -0.00546802 -0.00442354 -0.00373767 -0.00120342 -0.0190433 -0.000976227 -0.000800628 -0.00277747 -0.00627714 -0.00027163 -0.00582142 -0.00323061 -0.000152015 -0.00452549 -0.0072319 -0.0114322 -0.01802 -0.00218778 -0.00314278 -0.00536335 -0.00989284 -0.0025219 0.000320034 0.000360983 -7.33905e-06 -0.000384184 0.00157988 -4.63421e-05 -0.00640241 0.00234145 0.00133974 0.00112686 0.00456901 0.00084534 -0.00120451 0.000782466 0.00270268 -0.00274662 0.00569008 -0.0037244 -0.000474402 -0.0016538 -0.00277525 -0.00744068 -0.0114358 -0.00181259 -0.0043852 -0.000121372 -0.0024012 9.61022e-05 -0.00252604 0.000326971 -0.000270084 0.00133895 0.000565925 -0.0044845 -0.00747334 0.00195945
internal_weight=20199 6783 13416 2090 1193 1109 1042 897 84 4693 4547 959 285 3588 139 1002 297 705 323 166 89 758 639 389 149 240 250 10053 7305 5904 1401 3449 146 3363 2748 2621 197 2424 577 323 117 157 127 254 5816 1339 872 148 86 724 109 4477 389 4088 330 3758 2364 1394 1101 91 123 231
internal_count=20199 6783 13416 2090 1193 1109 1042 897 84 4693 4547 959 285 3588 139 1002 297 705 323 166 89 758 639 389 149 240 250 10053 7305 5904 1401 3449 146 3363 2748 2621 197 2424 577 323 117 157 127 254 5816 1339 872 148 86 724 109 4477 389 4088 330 3758 2364 1394 1101 91 123 231
is_linear=0
shrinkage=0.03


Tree=81
num_leaves=63
num_cat=0
split_feature=11 16 14 14 6 18 12 12 20 15 13 16 5 20 12 17 20 20 8 28 20 8 30 6 12 8 13 12 12 17 25 17 23 22 15 25 20 18 14 21 28 13 8 22 16 29 23 15 12 22 8 29 28 8 12 13 22 23 6 17 29 11
split_gain=35.9809 15.5491 10.1972 8.87444 8.71086 14.8788 7.68651 8.01228 7.51894 5.42274 5.88855 4.7078 4.53738 4.16762 4.0672 3.46771 3.4588 9.77666 6.73289 4.84557 4.65109 3.42769 4.32914 8.72379 3.21963 3.08956 3.18148 3.16918 3.02796 3.20896 5.83285 3.34026 2.9558 2.9438 2.92115 2.87227 2.85029 2.82772 2.79343 2.71915 2.98845 2.61517 4.81907 6.10598 2.86751 3.17362 6.37434 2.58936 2.5044 2.45534 2.40016 3.49492 5.61231 2.87129 2.84677 11.9518 2.40368 2.37724 2.2666 2.23567 2.22396 2.25372
threshold=2650.2850000000003 4035.2800000000002 6474.1400000000003 1301.592142857143 -0.77259657388510605 1501.0300000000002 3032.2829166666675 3353.5740848214296 6913.9380729166669 3911.7951562500002 1810.9692961891719 3615.7600000000007 1.0000000180025095e-35 3927.315364583334 4340.6809523809543 2006.8500000000001 3002.9783333333339 3141.651770833334 0.2332836900311728 3860.8983333333335 3648.7222916666674 -0.52947411406010902 6.5499999999999998 -0.9733555533461492 2822.0787500000006 0.95936279103287792 2253.6839008812026 3532.7581398809525 2438.0818452380959 29.810000000000002 10896.6 87.695000000000007 204.22142857142856 -849.27999999999986 3823.2415625000003 7744.6000000000013 2657.6050520833337 500.72000000000008 4120.7635714285725 5012.3750000000009 4239.088333333334 2396.9757490800407 -0.48501107836244667 -548.38499999999954 9999.8700000000008 24.306250000000006 -586.51071428571424 3271.0202083333338 3809.5961904761907 -93.105000000000004 -0.33426211444629356 31.656250000000004 5965.7766666666676 -0.55834004994684261 2612.3685119047623 1527.5737535644328 -1027.7949999999996 376.42571428571426 0.32143946530316164 1499.5400000000002 21.956250000000008 3496.7150000000006
decision_type=2 2 2 2 2 2 2 2 2 2 2 2 2 2 2 2 2 2 2 2 2 2 2 2 2 2 2 2 2 2 2 2 2 2 2 2 2 2 2 2 2 2 2 2 2 2 2 2 2 2 2 2 2 2 2 2 2 2 2 2 2 2
left_child=1 4 9 16 5 6 12 -8 28 10 13 32 -1 15 24 38 37 18 -18 20 -19 -21 23 -23 -11 26 27 -12 34 30 -30 -31 33 -6 -5 -24 -33 -3 -2 -40 -41 42 43 -28 45 46 -43 -42 -47 -37 51 52 53 57 55 -52 -56 -38 -55 -16 61 -26
right_child=2 3 -4 8 11 -7 7 -9 -10 14 25 -13 -14 -15 59 -17 17 19 -20 21 -22 22 35 -25 60 -27 41 -29 29 31 -32 36 -34 -35 -36 49 50 -39 39 40 47 44 -44 -45 -46 48 -48 -49 -50 -51 54 -53 -54 58 56 -57 -58 -59 -60 -61 -62 -63
leaf_value=-0.006618574272365646 0.0011657156173154419 -0.004946597377785706 0.0028556848564255067 0.00088035259544874222 -0.0032486551773867433 -0.021906349197599557 -0.019407736633106 -0.0024496488479223656 -0.013137212363382181 0.0095645445160981689 0.00057100588428471617 0.0013132733779866958 0.0063644536212086678 -0.0073095908179879182 0.0055625831476376888 -0.0063192835746004299 -0.020943997491359414 -0.0035551007921341806 -0.0050685118073703385 -0.0080070018320453958 -0.017342715181819183 0.0041902598586478611 -0.004743708535324691 -0.014883337694260737 0.0020801531284855689 0.0017611489131822494 -0.01737713443670184 -0.001211784363848791 -0.0022454943205478511 0.00273464276975432 -0.013895501412451267 -0.0035123053925122144 -0.00053368562284637907 -0.013851653859661571 0.0093085098235557474 0.0096155910881236192 0.00050437960104318333 0.0006326422815866263 0.008945461996806809 0.004903041478988809 0.0027688133339649318 -0.0026133666549025005 -0.0013749264859604447 -0.0039207156844112733 0.00057874648387603255 0.0035919225291360783 -0.016453973657065413 -0.0057829957717331123 -0.0028110167518443328 0.0012557172372048213 -0.016005407791444153 0.00081635183979645925 -0.012256918820064692 -0.0097641373740043492 0.0038337292902802756 0.0016636703277684069 -0.00046200374342247452 -0.0072970734217337203 -0.0013169259788962651 -0.00092649114990835785 0.0013363095856782825 0.0053139721563904086
leaf_weight=46 2258 144 2036 210 41 73 55 46 44 53 2011 130 49 49 51 50 56 49 43 67 40 40 40 45 496 522 46 1619 280 230 44 363 50 57 44 49 215 187 76 206 73 113 212 88 438 78 40 55 180 87 52 200 62 71 120 98 3769 41 48 589 1243 320
leaf_count=46 2258 144 2036 210 41 73 55 46 44 53 2011 130 49 49 51 50 56 49 43 67 40 40 40 45 496 522 46 1619 280 230 44 363 50 57 44 49 215 187 76 206 73 113 212 88 438 78 40 55 180 87 52 200 62 71 120 98 3769 41 48 589 1243 320
internal_value=-4.39014e-05 -0.00172929 0.000907798 -0.00133383 -0.00658924 -0.0104292 -0.00606506 -0.011784 -0.000920609 0.000542587 0.000152211 -0.00284953 7.44759e-05 0.00127542 0.0016931 0.00143282 -0.00420338 -0.00573723 -0.0141682 -0.00370652 -0.00987563 -0.00200765 -0.000442909 -0.00596317 0.00232772 -0.000429165 -0.000666443 -0.000224243 -0.000826446 -0.000972058 -0.00386548 -0.000793436 -0.00649032 -0.00949333 0.00237113 0.00224175 -0.000954983 -0.00180217 0.00158041 0.0038559 0.00267455 -0.00200838 -0.00420325 -0.00863459 -0.00111 -0.00290672 -0.00631517 -0.000922136 -0.00086885 0.00431593 -0.000755748 -0.0024658 -0.00396636 -0.0025667 -0.000485509 -0.00452704 -0.000328502 -0.000768603 -0.00639623 -0.000401522 0.00213689 0.00335327
internal_weight=20187 7285 12902 6738 547 269 196 101 5891 10866 8114 278 95 2767 2752 2718 847 516 99 417 89 328 261 85 2112 5347 4825 3630 5847 5593 324 5269 148 98 254 176 5039 331 2668 410 334 1195 346 134 849 411 153 128 258 136 4676 637 437 375 4039 150 3889 256 119 640 2059 816
internal_count=20187 7285 12902 6738 547 269 196 101 5891 10866 8114 278 95 2767 2752 2718 847 516 99 417 89 328 261 85 2112 5347 4825 3630 5847 5593 324 5269 148 98 254 176 5039 331 2668 410 334 1195 346 134 849 411 153 128 258 136 4676 637 437 375 4039 150 3889 256 119 640 2059 816
is_linear=0
shrinkage=0.03


Tree=82
num_leaves=63
num_cat=0
split_feature=9 27 20 14 24 28 18 1 12 8 20 28 7 18 20 18 1 26 20 28 30 13 8 17 18 7 13 13 20 0 30 14 24 7 13 20 28 13 12 20 21 29 17 13 26 1 5 21 22 23 21 7 7 22 17 22 17 17 20 8 16 0
split_gain=29.1724 12.8199 6.13937 5.57432 5.26924 6.39403 4.8242 4.47676 18.0283 4.63952 5.77023 17.9444 6.80924 5.7927 4.30694 4.2559 4.09262 3.62305 3.61717 3.51434 3.42579 3.46315 3.81712 3.55463 3.37686 3.13628 3.11082 4.85708 9.46392 3.02302 6.00019 2.897 2.89502 2.73237 2.63006 3.39288 2.46535 2.61599 2.46463 5.18333 2.39671 2.31834 2.31029 2.15171 3.61209 2.12691 2.10915 4.62196 4.40668 4.01104 3.45719 3.19587 4.48956 5.14749 2.02425 2.47216 1.92673 2.29038 2.0121 1.89395 1.87175 2.72821
threshold=3212.6500000000001 -24833.649999999998 6913.9380729166669 3960.9028571428571 0.83377016247638724 4096.7816666666677 1890.7850000000001 5.5000000000000009 2612.3685119047623 -0.39233249306308043 3007.1436458333337 5517.3550000000005 -0.82897401153126982 1657.4850000000004 2588.6312500000004 1005.9750000000001 5.5000000000000009 32652.750000000004 5582.3527083333338 6402.1216666666687 3.8625000000000029 2626.0918983363072 0.96849880583763492 2410.1900000000005 7993.7850000000008 -0.78326540922535159 2681.7941131009761 2855.2381298880427 4904.6143750000001 51.500000000000007 6.137500000000002 8357.544285714288 1.2032849357104152 -0.91936887716170002 1830.7395468007846 4595.5490104166674 5385.3416666666681 2374.0618396116483 3358.4202976190477 4406.3650520833335 9999.6750000000011 28.231250000000006 1814.7650000000001 1762.6663060055414 26798.350000000002 2.5000000000000004 -0.63405362205439475 4339.8900000000003 -548.38499999999954 -1296.3049999999996 5012.3750000000009 0.99374995976406788 0.99818282439137029 -1370.0449999999996 49.455000000000005 -2155.0849999999996 1499.7400000000002 981.00500000000022 2604.2039062500003 -0.065537083312030994 6886.3250000000007 69.500000000000014
decision_type=2 2 2 2 2 2 2 2 2 2 2 2 2 2 2 2 2 2 2 2 2 2 2 2 2 2 2 2 2 2 2 2 2 2 2 2 2 2 2 2 2 2 2 2 2 2 2 2 2 2 2 2 2 2 2 2 2 2 2 2 2 2
left_child=1 4 6 60 29 -6 7 9 -9 10 14 12 -12 -13 17 41 19 -3 24 20 21 22 31 -24 26 33 46 28 42 -1 -31 34 36 -18 -5 45 37 -11 40 56 -22 -7 -28 -10 -45 -36 49 48 -48 50 -8 -49 53 -53 -51 -56 57 58 -40 -27 61 -2
right_child=3 2 -4 16 5 15 18 8 43 32 11 13 -14 -15 -16 -17 25 -19 -20 -21 38 -23 23 -25 -26 59 27 -29 -30 30 -32 -33 -34 -35 35 -37 -38 -39 39 -41 -42 -43 -44 44 -46 -47 47 51 -50 54 -52 52 -54 -55 55 -57 -58 -59 -60 -61 -62 -63
leaf_value=-0.0041155745176455144 -0.0022173793775956156 0.00053149512939853593 -0.011972215394066139 0.0031713296117905198 0.00079881609264512534 -0.0080568557409357953 0.010235108198425935 -0.018676458537844675 0.002639627734278741 -0.0011267255000259053 -0.025313488599293082 0.0036791743422599182 -0.0087522141765803089 -0.0072649838955471694 0.0058996081062207889 -0.011458815752412192 -0.0011407278395081694 -0.0099124708939052637 0.0037400527439275457 -0.0036032935743348605 0.010555836246681532 -0.00036069826279906268 0.0058505860181170344 -0.0022444094976942454 -0.0087799802262717008 0.0045209984942719489 -0.0064535709404416617 0.00085690734172329448 -0.018638278779884179 -0.017741190412392218 -0.0038592810952104628 0.0048548634610150326 0.00039514378765245198 -0.010691797920979212 0.0012511606440086325 0.0038443022266414404 -0.0084200014035181632 -0.0087840715210971438 -0.0041498740519293476 0.004830043910158152 0.0045645900744323929 -0.00097005063435062766 0.0018880753556330657 -0.00077044819512946615 -0.010452376621418652 -0.0017431031719305947 -0.013873550044741799 -0.00031699559954237661 -0.0027773750841677668 0.0033690736108781911 0.0012267102738207376 -0.0010057057967476012 0.0011218283604830504 -0.015308797881965909 -0.0071593659850186665 2.7327154987592776e-06 0.0027900845291487014 -0.0077026745698907783 0.0039312862364673301 -0.00010421590658554434 0.00077082624285545076 0.0016621267122828292
leaf_weight=64 480 79 43 481 190 65 68 69 78 616 48 96 44 78 68 95 73 47 185 86 83 485 403 55 43 97 61 129 44 71 47 242 966 42 399 217 51 42 53 492 224 113 57 133 46 457 40 5871 154 155 87 41 70 50 44 1201 103 50 56 426 3494 246
leaf_count=64 480 79 43 481 190 65 68 69 78 616 48 96 44 78 68 95 73 47 185 86 83 485 403 55 43 97 61 129 44 71 47 242 966 42 399 217 51 42 53 492 224 113 57 133 46 457 40 5871 154 155 87 41 70 50 44 1201 103 50 56 426 3494 246
internal_value=-3.74172e-05 -0.00103388 -0.000788339 0.00126728 -0.00513922 -0.00342632 -0.000742541 -0.00190879 -0.00517836 -0.00140736 -0.0040726 -0.00693357 -0.0175722 -0.00124031 -0.00013439 -0.00635907 0.00199874 -0.00341165 -0.000396553 0.00236427 0.00250024 0.00193837 0.00243301 0.00487571 -0.000491306 -0.000227862 -0.00044607 -0.00348609 -0.00692844 -0.00945423 -0.0122909 0.00180773 -0.000673413 -0.00469104 0.00133039 0.000502962 -0.00212781 -0.00162808 0.00394751 0.00301793 0.00621339 -0.00358848 -0.00244213 -0.00149601 -0.00330279 -0.000347581 -0.000331943 -0.000578777 -0.00512466 0.000656081 0.00521906 -0.000431748 -0.00458851 -0.00894553 0.000147529 -0.000255928 -0.000390409 -0.00245529 -8.98484e-08 0.000760606 0.00048283 -0.000902358
internal_weight=20193 11449 10804 8744 645 463 10761 2461 326 2135 460 266 92 174 194 273 4524 126 8300 3886 3800 2739 2254 458 8115 638 8072 291 162 182 118 1796 1675 115 1554 1073 709 658 1061 754 307 178 118 257 179 856 7781 6226 194 1555 155 6032 161 91 1400 1245 262 159 109 523 4220 726
internal_count=20193 11449 10804 8744 645 463 10761 2461 326 2135 460 266 92 174 194 273 4524 126 8300 3886 3800 2739 2254 458 8115 638 8072 291 162 182 118 1796 1675 115 1554 1073 709 658 1061 754 307 178 118 257 179 856 7781 6226 194 1555 155 6032 161 91 1400 1245 262 159 109 523 4220 726
is_linear=0
shrinkage=0.03


Tree=83
num_leaves=63
num_cat=0
split_feature=14 26 14 1 20 8 17 17 15 19 15 20 29 15 24 7 15 1 14 10 20 14 29 22 29 17 15 14 8 1 13 17 8 13 15 7 7 22 7 13 7 28 7 1 30 8 17 0 1 18 8 29 17 17 17 1 20 8 8 13 5 4
split_gain=30.1583 10.777 8.17245 6.42692 5.7632 5.5093 4.47238 8.20446 4.34166 4.67258 6.38935 11.1397 8.71884 5.21347 10.2816 6.20053 11.838 10.0941 4.02933 3.78997 6.14914 7.8766 3.55277 3.44533 3.42927 3.39139 3.19881 3.37859 3.62666 3.08145 3.01074 3.08694 4.35653 2.90937 4.78787 3.92587 3.45801 3.41487 3.03121 2.86196 3.26572 6.58453 2.75749 4.04421 2.71139 2.78665 2.64952 3.25649 3.73422 2.48126 2.47821 5.26818 2.45001 2.44056 2.10851 2.87669 2.0844 2.8759 2.31091 1.97519 1.95643 1.92063
threshold=2923.8442857142868 32652.750000000004 6474.1400000000003 5.5000000000000009 6913.9380729166669 -0.43925659424557273 98.63000000000001 99.595000000000013 3862.0491145833339 2320.3550000000005 2197.0835416666673 2682.1178125000001 26.731250000000006 3755.0821875000006 0.99974124415165966 -0.99630266176052629 3198.0472395833335 4.5000000000000009 672.0100000000001 933.78000000000009 3127.8019791666675 1254.9950000000001 30.418750000000006 -6500.4149999999991 30.856250000000006 49.790000000000013 3045.4947395833337 1580.6907142857146 0.063390085881955341 5.5000000000000009 1923.8324586469546 300.02500000000003 -0.27694043983797384 2268.1294417198242 3911.7951562500002 0.98522604642031408 0.99966190462023474 -893.92999999999995 0.97696484778429815 2253.6839008812026 0.96904697354198299 3834.711666666667 0.36146417736073544 3.5000000000000004 0.65624999999999833 0.04621408538533487 29.220000000000002 46.500000000000007 2.5000000000000004 2300.1400000000008 -0.74008833158500409 30.418750000000006 22.185000000000006 499.81500000000005 399.36000000000007 1.5000000000000002 4527.6185416666676 -0.048362832084465616 0.97648852793709995 1356.5064545269468 -0.35206144883412566 1.0000000180025095e-35
decision_type=2 2 2 2 2 2 2 2 2 2 2 2 2 2 2 2 2 2 2 2 2 2 2 2 2 2 2 2 2 2 2 2 2 2 2 2 2 2 2 2 2 2 2 2 2 2 2 2 2 2 2 2 2 2 2 2 2 2 2 2 2 2
left_child=1 4 23 5 8 25 46 -8 9 10 11 12 -1 15 -15 16 -12 -18 -9 20 -17 -22 49 -2 -5 -3 27 28 -20 61 -11 -32 -33 34 35 -25 37 -36 52 -10 50 -42 -34 -44 -37 -46 47 -7 -49 -16 51 -41 -35 -31 -54 -56 57 -39 -59 -21 -58 -4
right_child=2 3 29 24 -6 6 7 18 39 30 13 -13 -14 14 22 19 17 -19 26 59 21 -23 -24 33 -26 -27 -28 -29 -30 53 31 32 42 38 36 44 -38 56 -40 40 41 -43 43 -45 45 -47 -48 48 -50 -51 -52 -53 54 -55 55 -57 60 58 -60 -61 -62 -63
leaf_value=0.0028757324755556068 -0.0071961235153488812 -0.0049293375760316848 0.0034121003728484305 -0.016536859523652022 -0.011905734532967557 0.0052857843165596326 -0.014614723149919883 -0.011205646973949941 0.0013533908008407731 0.00033669748902309226 0.0048774297137469131 -0.018141195056959988 -0.012114903972916572 -0.018202738168090583 -0.011712149865592696 0.00038692850563440656 -0.0022196830610434213 -0.021330691737219177 -0.013881077598447778 0.0025244268428289041 -0.016179373986511064 -0.0025009310211740682 0.0028537340719575204 0.00030623767828131257 -0.0049917353067680127 -0.016950513882244504 0.0013492957780238755 0.00042506296398143654 -0.0021621152630541475 -0.0044252164665730172 0.00010146721884297249 -0.008118443388609323 -0.00079921939288566312 0.0069393810957789097 0.0069637173596085447 0.0012812757873348524 -0.0051040998061420394 0.0066712008825663451 -0.0033959225645760331 -0.012983710394672504 -0.015199082687145052 0.00079771583278973892 -0.001403459031552517 -0.0098319807492799182 0.008618589325234717 0.0021027647601658825 0.0058592204980390224 -0.01024721004049845 0.0017588074906573941 -0.001945374056220647 0.00015318416707306624 0.0016994325851555914 -0.0019714465843467875 0.0016252860228206762 0.0025559734064075136 -0.0002539562419608659 -0.0045224542843917493 0.0014484670163237958 0.0060197166217678859 -0.00085748249053530965 0.0016186664951379228 -0.0018574382098248371
leaf_weight=92 49 46 1712 56 42 44 59 43 1085 1750 48 59 55 49 41 138 44 57 48 168 65 90 64 4458 41 40 170 72 47 83 669 111 622 46 165 380 49 156 238 40 40 53 130 84 118 119 68 48 44 54 897 47 391 209 440 1278 67 616 118 1939 148 64
leaf_count=92 49 46 1712 56 42 44 59 43 1085 1750 48 59 55 49 41 138 44 57 48 168 65 90 64 4458 41 40 170 72 47 83 669 111 622 46 165 380 49 156 238 40 40 53 130 84 118 119 68 48 44 54 897 47 391 209 440 1278 67 616 118 1939 148 64
internal_value=-1.74977e-05 -0.00126668 0.0010547 -0.0045367 -0.000949645 -0.00356109 -0.00259774 -0.00430029 -0.000894056 -0.00129049 -0.00215911 -0.00724378 -0.00277697 -0.0017767 -0.00633278 -0.00140259 -0.00732048 -0.0131085 -0.00266468 -0.00103229 -0.00422327 -0.008304 -0.00258383 0.00065721 -0.0117577 -0.0106511 -0.00154496 -0.00448169 -0.00816619 0.00275195 -0.000525456 -0.00145873 -0.00255986 0.000701817 0.00103573 0.000616947 0.00264535 0.00294812 -0.000190438 0.000266526 -0.000828651 -0.00617112 -0.001813 -0.00474219 0.00285778 0.00536951 0.00106917 -0.00135114 -0.00454803 -0.0062386 -0.00031797 -0.00512227 0.00016499 -0.000103782 1.40129e-05 0.000466768 0.00234275 0.00298252 0.00219054 -0.000586759 -0.000307155 0.00322127
internal_weight=20263 9359 10904 826 8533 729 643 439 8491 6329 2963 206 147 2757 208 2549 149 101 380 2400 293 155 159 8836 97 86 337 167 95 2068 3366 1616 947 8787 6394 5075 1319 1270 2393 2162 1077 93 836 214 617 237 204 136 92 95 984 87 2155 292 2109 1718 1105 890 734 2107 215 1776
internal_count=20263 9359 10904 826 8533 729 643 439 8491 6329 2963 206 147 2757 208 2549 149 101 380 2400 293 155 159 8836 97 86 337 167 95 2068 3366 1616 947 8787 6394 5075 1319 1270 2393 2162 1077 93 836 214 617 237 204 136 92 95 984 87 2155 292 2109 1718 1105 890 734 2107 215 1776
is_linear=0
shrinkage=0.03


Tree=84
num_leaves=63
num_cat=0
split_feature=9 1 17 18 7 26 8 18 20 30 5 28 5 13 10 1 7 5 11 30 28 29 13 17 15 12 20 18 18 18 8 15 28 28 13 12 13 15 1 7 29 20 15 8 15 17 20 20 20 17 28 20 22 12 20 13 6 7 11 28 22 13
split_gain=26.3637 9.47897 10.0108 9.1504 7.73848 5.85348 4.89063 6.8615 4.33369 4.16966 6.27257 6.95332 7.42644 4.10424 4.60786 3.71773 4.21551 3.48152 3.40929 3.20094 3.00662 3.66 3.00649 2.75291 4.3026 12.5057 7.37644 6.27933 3.10896 3.62292 2.70745 2.84476 2.60949 2.45666 4.39157 2.41164 2.35427 2.30842 2.29572 3.39498 2.60857 2.55274 2.11798 2.0694 2.0386 3.67982 2.23425 2.40705 5.53972 2.24778 2.97787 3.3385 2.96391 2.01615 3.6033 3.82736 2.3604 2.05588 2.08423 1.97557 1.92851 1.92134
threshold=2620.3850000000007 5.5000000000000009 49.455000000000005 4364.2700000000013 -0.98664820696349753 31242.350000000002 -0.39233249306308043 897.05500000000018 2425.6474479166668 6.8062500000000012 -0.19509032201612828 3610.271666666667 -0.47114434510950048 2818.900468467265 1448.2950000000003 5.5000000000000009 -0.99630266176052629 -0.72947329433276231 499.85500000000008 3.8625000000000029 5907.5050000000019 31.256250000000005 2612.8569198096543 19.510000000000002 2197.0835416666673 3344.9041145833339 2682.1178125000001 2551.8000000000006 2700.2050000000004 3117.6300000000006 0.96849880583763492 5009.3579687500014 4560.6583333333338 3958.0783333333334 1858.5849526667573 2438.0818452380959 2071.6962410299584 5028.9013541666673 2.5000000000000004 0.86275003778655002 25.606250000000006 4220.114375000001 2857.2419270833338 -0.29342786347392819 3953.9343750000003 399.36000000000007 5009.9263020833341 3927.315364583334 3980.3703125000006 99.830000000000013 4560.6583333333338 4125.6800000000012 140.27000000000001 3505.040186011905 4006.0848437500003 2031.3463024221585 0.35206144883412549 -0.8781231054254196 3807.2150000000006 4239.088333333334 -132.36999999999986 1908.2665856712363
decision_type=2 2 2 2 2 2 2 2 2 2 2 2 2 2 2 2 2 2 2 2 2 2 2 2 2 2 2 2 2 2 2 2 2 2 2 2 2 2 2 2 2 2 2 2 2 2 2 2 2 2 2 2 2 2 2 2 2 2 2 2 2 2
left_child=1 5 -3 61 -4 23 7 8 -7 10 11 -8 -13 14 18 16 -5 43 -6 22 -16 -22 30 28 25 26 -25 -28 -1 -30 35 -32 -12 34 -11 -18 -19 38 39 41 -41 -37 -21 -17 46 -46 47 -26 -49 -50 -51 -52 -53 57 55 -55 -56 -40 -59 -60 -35 -2
right_child=3 2 4 15 13 6 9 -9 -10 33 32 12 -14 -15 20 17 19 36 -20 42 21 -23 -24 24 44 -27 27 -29 29 -31 31 -33 -34 60 -36 37 -38 -39 53 40 -42 -43 -44 -45 45 -47 -48 48 49 50 51 52 -54 54 56 -57 -58 58 59 -61 -62 -63
leaf_value=0.0037859273123155746 0.0008164654337125979 -0.016865616013399427 -0.014086223944122421 -0.004557849996042653 -0.012374815991629035 -0.010282797440886497 -0.00066416375900802825 -0.016416040934522501 0.0022665828789927454 0.0013625030029181611 0.00045574312463058996 -0.0043004637615134322 -0.017749256383203255 -0.010314931696186126 -0.00021559947548275939 -0.0083201253970922977 0.008853292701427231 0.0057826291554203416 -0.0011928392501015749 0.0086826227191620711 -0.012447831648900065 7.8090065424995763e-05 -0.0002476648846174775 0.0015486188959712387 -0.00060951218221274174 -0.017649465130217482 -0.012854410712069903 0.00011441017768811434 -0.0068127794783048113 0.0030218384445705694 0.0058794796068724542 -0.001499913137938295 -0.0070986743129789823 0.0070944892421054345 -0.011085751085519426 0.0034131908901547307 0.00029047557008698874 0.0056733463284364266 -0.0041796114818846916 -0.0016758062012792964 0.0062624679535181948 0.010451386874576784 0.0035187276480099219 -0.0014060072318086614 -0.0058564549503738392 0.0014358600605358595 0.0035440962324398296 -0.011577349913331042 0.0016424942571659391 -0.00055541186505427746 -0.00045598505063250351 -0.012174275892411733 -0.0023499854753414786 -0.010774684994115082 0.0030486516445367173 -5.6786770466715094e-05 -0.0023341351679251102 -0.0011126193112091357 0.0052319779101739974 -0.00022784132145749157 0.00060931300831232533 -8.7805557639706198e-05
leaf_weight=251 3605 53 57 77 61 43 85 55 56 67 232 71 78 58 520 45 43 101 41 77 42 41 467 226 3026 50 77 59 66 67 309 55 49 53 40 395 226 123 46 195 45 52 945 259 67 741 101 56 133 237 72 76 44 60 164 59 131 108 217 82 176 5113
leaf_count=251 3605 53 57 77 61 43 85 55 56 67 232 71 78 58 520 45 43 101 41 77 42 41 467 226 3026 50 77 59 66 67 309 55 49 53 40 395 226 123 46 195 45 52 945 259 67 741 101 56 133 237 72 76 44 60 164 59 131 108 217 82 176 5113
internal_value=3.64374e-05 -0.00141605 -0.0043455 0.000844016 -0.00351672 -0.00101294 -0.00311247 -0.00801643 -0.00323248 -0.00221667 -0.00391025 -0.00752742 -0.0114122 -0.00270972 -0.00207031 0.0019797 0.00234719 -0.000146395 -0.00793532 0.00249723 -0.00106673 -0.00633306 0.00192756 -0.000617957 -0.00080732 -0.00373938 -0.00177477 -0.00726846 0.00182619 -0.00187292 0.00241489 0.00476341 -0.000882076 0.000383042 -0.00335061 0.0019154 0.00199929 0.00173234 0.00141695 0.00271099 -0.00016757 0.00425345 0.0039159 -0.0024534 -0.000541235 0.000824684 -0.000836079 -0.000958423 -0.0026631 -0.00175586 -0.0028108 -0.00557749 -0.00862123 0.000389633 -0.00112227 -0.00550552 0.000658519 0.0017708 0.00245192 0.00373887 0.00213457 0.000286172
internal_weight=20226 7227 873 12999 820 6354 1005 154 99 851 515 234 149 763 705 4281 3650 631 102 3573 603 83 2551 5349 4965 412 362 136 384 133 2084 364 281 336 107 1720 327 1677 1554 687 240 447 1022 304 4553 808 3745 3644 618 562 429 192 120 867 414 119 295 453 407 299 229 8718
internal_count=20226 7227 873 12999 820 6354 1005 154 99 851 515 234 149 763 705 4281 3650 631 102 3573 603 83 2551 5349 4965 412 362 136 384 133 2084 364 281 336 107 1720 327 1677 1554 687 240 447 1022 304 4553 808 3745 3644 618 562 429 192 120 867 414 119 295 453 407 299 229 8718
is_linear=0
shrinkage=0.03


Tree=85
num_leaves=63
num_cat=0
split_feature=19 14 14 20 16 5 5 7 30 15 7 20 12 12 7 7 7 7 29 12 7 15 11 19 18 7 22 20 15 12 21 27 7 7 22 2 18 17 2 22 20 14 8 29 6 6 20 7 29 12 8 17 29 20 12 3 21 15 5 23 29 20
split_gain=25.5741 9.22088 8.95465 7.62466 5.1054 4.75912 6.27566 9.56848 7.82311 3.58927 6.00274 4.85598 7.1096 3.96846 3.90121 3.27537 3.05789 2.92049 4.39471 3.15451 7.44298 4.22542 3.68663 2.87508 2.82704 2.81372 2.80814 3.53329 2.69536 2.69533 3.79311 2.86058 2.7172 3.16668 6.99385 2.62427 2.61816 2.50483 2.45656 2.51734 2.40659 2.35293 2.27144 2.26756 2.24364 2.56639 2.94559 5.88879 2.79609 2.17935 2.12185 2.10344 2.31423 5.75953 2.08714 2.08674 2.03865 3.17142 2.1476 2.01825 1.99326 1.98464
threshold=2519.8200000000002 6474.1400000000003 1343.4850000000004 6913.9380729166669 3362.7800000000002 -0.19509032201612828 -0.47114434510950048 -0.79384350655589164 5.7562500000000005 3911.7951562500002 0.99818282439137029 4734.7300520833342 3548.5248511904765 2822.0787500000006 0.99466373373798567 -0.8821812062722818 0.97508442350096236 -0.99630266176052629 30.856250000000006 3809.5961904761907 0.97696484778429815 2579.6056770833338 499.85500000000008 1924.0300000000002 999.91500000000008 0.92273069556937592 -1027.7949999999996 4266.4748958333339 2608.7878125000002 2601.21709077381 9999.6750000000011 -4006.8999999999983 0.98522604642031408 0.97696484778429815 -271.46499999999997 3.5000000000000004 4147.6800000000012 1540.595 8.5000000000000018 479.58500000000021 4336.7301562500006 1058.8421428571432 0.87709077819680659 15.831250000000002 0.38268343236508956 -0.63405362205439475 2546.3523437500003 -0.81923160956083974 29.693750000000005 2947.4938020833338 0.95936279103287792 1499.7400000000002 30.956250000000008 3053.4320833333336 3410.048616071429 1.0000000180025095e-35 9499.2650000000012 2478.7048958333339 0.065403129230143103 -1070.97 17.356250000000006 6466.1892708333335
decision_type=2 2 2 2 2 2 2 2 2 2 2 2 2 2 2 2 2 2 2 2 2 2 2 2 2 2 2 2 2 2 2 2 2 2 2 2 2 2 2 2 2 2 2 2 2 2 2 2 2 2 2 2 2 2 2 2 2 2 2 2 2 2
left_child=2 4 5 17 -2 6 15 8 -8 10 11 14 -13 -11 29 -1 41 18 23 21 25 22 -19 -4 -10 -21 -15 35 -23 30 31 -6 33 50 -35 -28 -34 -27 39 42 -29 -9 -30 -44 45 46 48 -48 -24 -41 -31 52 53 -51 -42 -20 58 -58 -7 -14 -40 -56
right_child=1 -3 3 -5 9 56 7 16 24 13 -12 12 59 26 -16 -17 -18 19 55 20 -22 28 44 -25 -26 37 27 40 38 32 -32 -33 36 34 -36 -37 -38 -39 60 49 54 -43 43 -45 -46 -47 47 -49 -50 51 -52 -53 -54 -55 61 -57 57 -59 -60 -61 -62 -63
leaf_value=0.0050939175623029263 -0.0069244837768409132 0.0026235756322735 -0.013913724176012552 -0.01346830928698182 0.0033455547209708921 -0.0024430293675584218 -0.022576775628639831 0.0046462282886709635 -0.0023282950461512748 0.007879953113779932 0.005210265944082546 -0.014161073793522798 -0.0063409362700767814 0.0035905687397135562 -0.0039945057513082315 -0.004868951605378904 -0.007958966988197062 -0.01074460004568876 0.0022501629135461853 -0.0026529035312635092 -0.012179774652177002 0.007373305875596336 0.0028426316857857012 -0.003455763128788575 -0.012534225350532394 0.0045074401402227992 0.00069465205539375754 -0.0060085490660677695 0.0002502903696152952 -0.00015346038324705923 0.00060595068478439961 0.011465385551652255 0.0011299086828780037 -0.00094676654685247274 -0.014850171872573655 0.0037920249528178096 0.0066265720579231496 -0.0012432420602194628 -0.0009100350294890114 0.0025285922412723793 -0.0032466980474317197 -0.0045157127472786945 -0.00061433281613464813 -0.0079090524605439534 -0.0044658004911219571 0.0013976791982401374 -0.014883281195070593 -0.0019565779456451275 -0.006348027529070017 -0.0019952644566621847 0.0016923131305618601 -0.0019136645908075555 -0.0012550863820840331 -0.016513535656719182 0.00074139561896390601 -0.004569642617890321 -0.0093024818475286545 -0.0020637888035176847 0.0052689046869054436 0.0013875730445440065 0.0011881755766823545 -0.0058764556713867926
leaf_weight=53 83 2066 51 43 154 70 57 48 40 81 206 51 44 382 198 65 79 44 84 700 63 43 108 45 64 106 487 57 1037 5510 497 52 385 159 40 498 97 187 565 56 142 51 94 64 219 246 43 115 40 50 623 220 50 48 1416 76 64 343 59 93 1455 41
leaf_count=53 83 2066 51 43 154 70 57 48 40 81 206 51 44 382 198 65 79 44 84 700 63 43 108 45 64 106 487 57 1037 5510 497 52 385 159 40 498 97 187 565 56 142 51 94 64 219 246 43 115 40 50 623 220 50 48 1416 76 64 343 59 93 1455 41
internal_value=1.74461e-05 0.000781308 -0.00147357 -0.0010262 0.000444161 -0.00410635 -0.00635325 -0.00842208 -0.0137015 0.000499317 0.000167178 3.50822e-05 -0.0047158 0.00136668 0.000151448 -0.000388901 -0.00359703 -0.000931798 -0.00405867 -0.000786941 -0.00226171 -0.000440206 -0.00239339 -0.00909772 -0.00866843 -0.00162084 0.00118961 0.000841099 -7.34201e-06 0.000261171 0.00202839 0.00544071 7.85755e-05 -8.68556e-05 -0.0038017 0.00226289 0.00224751 0.000845465 -9.65566e-05 -0.000966895 -5.44793e-06 -7.15188e-05 -0.000261412 -0.00360031 -0.0019035 -0.000880692 -0.00271091 -0.00554608 0.000332736 -0.00294993 3.42816e-05 -0.00378821 -0.00654316 -0.00920123 0.000212168 -0.000997507 -0.00218236 -0.00322207 0.00109753 -0.00112254 0.00060114 0.000551266
internal_weight=20207 13362 6845 5852 11296 993 457 339 161 11213 8109 7903 188 3104 7715 118 178 5809 256 5553 1056 4497 815 96 104 993 3023 2641 3682 7517 703 206 6814 6332 199 985 482 293 3639 1619 1656 99 1195 158 771 552 306 158 148 424 6133 368 148 98 1599 160 536 407 129 137 2020 1457
internal_count=20207 13362 6845 5852 11296 993 457 339 161 11213 8109 7903 188 3104 7715 118 178 5809 256 5553 1056 4497 815 96 104 993 3023 2641 3682 7517 703 206 6814 6332 199 985 482 293 3639 1619 1656 99 1195 158 771 552 306 158 148 424 6133 368 148 98 1599 160 536 407 129 137 2020 1457
is_linear=0
shrinkage=0.03


Tree=86
num_leaves=63
num_cat=0
split_feature=27 14 14 0 1 8 13 15 17 20 13 8 27 12 13 15 13 15 10 29 22 15 10 12 20 12 17 17 12 20 22 12 15 17 16 26 8 24 26 1 17 20 15 10 25 13 12 10 12 29 12 15 8 16 20 15 14 10 1 9 20 2
split_gain=24.6169 8.03039 6.31192 6.0767 6.65024 5.58293 8.38658 5.17693 6.02733 6.23133 5.16181 4.05779 3.74711 3.34358 4.17376 3.42489 3.31681 3.89227 10.7674 3.19489 2.9979 2.91543 2.73635 2.70374 5.29764 4.22906 3.86433 6.17978 2.66904 2.56011 2.5487 2.6126 2.52755 4.77253 2.62331 3.50504 2.46646 2.73326 2.71904 5.48687 12.1612 4.46905 6.77812 5.25907 2.38815 3.45939 2.32645 3.79798 2.30648 2.28636 3.91393 3.26373 2.93968 3.13957 2.26165 2.25232 2.42657 3.17928 2.2255 2.1909 2.13055 3.5508
threshold=-6997.25 1714.0314285714287 6474.1400000000003 56.500000000000007 5.5000000000000009 0.29958852271690523 1675.0617806402799 2122.5288020833336 22.185000000000006 2682.1178125000001 1678.9824797221636 0.82293497932636273 -18614.950000000001 2501.8138764880955 1745.1143348545111 3911.7951562500002 1804.0505770258894 1675.6098437500002 2225.4500000000003 26.356250000000006 -6500.4149999999991 3932.877500000001 599.28000000000009 2519.5437797619052 3127.8019791666675 3097.2922247023816 87.695000000000007 99.620000000000019 3574.0404538690482 2191.0721354166672 -1370.0449999999996 2798.2370014880958 3836.4018750000009 1819.1250000000002 3745.2700000000004 12018.35 0.97062204580664158 1.2188790917381269 20436.650000000005 5.5000000000000009 104.71500000000002 4406.3650520833335 3271.0202083333338 2500.4600000000005 7923.8000000000011 2031.3463024221585 2575.9884226190479 1933.4050000000002 2903.1053348214291 32.35625000000001 3680.6969791666675 3801.7014062500007 0.24164313636530552 5312.0050000000001 2923.4103645833338 2357.3191666666671 672.0100000000001 1046.9850000000001 5.5000000000000009 3740.7150000000006 4457.9189583333346 3.5000000000000004
decision_type=2 2 2 2 2 2 2 2 2 2 2 2 2 2 2 2 2 2 2 2 2 2 2 2 2 2 2 2 2 2 2 2 2 2 2 2 2 2 2 2 2 2 2 2 2 2 2 2 2 2 2 2 2 2 2 2 2 2 2 2 2 2
left_child=1 3 13 4 7 6 -6 8 10 -10 -1 23 -7 14 19 20 22 18 -18 -2 -15 59 -3 24 54 55 -27 -28 32 -4 -23 -32 34 -34 35 -22 37 38 -19 41 -41 42 -40 -44 -30 -46 -5 -48 -33 50 51 52 53 -29 -9 -25 -57 -58 -31 -17 61 -50
right_child=2 16 29 46 5 12 -8 11 9 -11 -12 -13 -14 15 -16 21 17 36 -20 -21 28 30 -24 25 -26 26 27 49 44 58 31 48 33 -35 -36 -37 -38 -39 39 40 -42 -43 43 -45 45 -47 47 -49 60 -51 -52 -53 -54 -55 -56 56 57 -59 -60 -61 -62 -63
leaf_value=0.0062400930068854769 0.0032365122834220527 -0.0069958519832386329 -0.0048479392575765294 0.0060649960115551948 -0.022542947438944663 -0.0076270812095665351 -0.0071025662383499694 -0.0044157996306426507 -0.0056071315470336263 -0.020776564499193972 -0.0069026169255375861 -0.011084576989607221 0.0052017939967250945 -0.0079986040238518175 -0.00067878931765309454 0.0021528625832391243 0.0017835506470027295 -0.0010910581619254631 -0.018439863602231654 0.010616165465697736 -0.007002808640322958 0.0040854674859172845 0.00047873698154408988 0.0073874855836232496 -0.013378460743340986 0.0055606503314946003 -0.012581422731280326 -0.0023176346101993046 -0.00024267620370574148 0.0030491735524309062 0.0062623444146343637 -0.0059343533325900734 -0.0092478814886205567 0.0018279280347051098 0.00091007069823904288 0.0011869054707649134 0.00052263765089575716 7.7078200186040822e-05 -0.0010431227451991863 -0.02133488868107088 -0.0020589906438093246 0.001116577855685248 -0.0051010540673941457 -0.015990618882127678 -0.0083272380785326394 -0.001419537806697819 0.002694300508708693 -0.0079801336635968514 -0.00022095810798138091 7.9083852700145439e-05 -0.012029026377787615 0.0033167496243757858 5.2315994610332628e-05 -0.013670783676603371 0.0034870541407825782 -0.0051195466305528365 0.0046743272311519837 -0.0008313192784416434 0.0001601770795711153 0.008900098895137017 -9.0967479494630048e-05 0.00323185611486664
leaf_weight=41 149 44 41 77 41 40 136 106 57 43 74 41 40 40 139 101 54 2253 41 82 89 236 2159 44 48 45 59 42 1279 1720 76 46 65 74 3524 98 856 1069 377 44 86 268 180 51 83 295 104 41 472 200 46 62 65 46 46 62 149 254 279 76 1203 619
leaf_count=41 149 44 41 77 41 40 136 106 57 43 74 41 40 40 139 101 54 2253 41 82 89 236 2159 44 48 45 59 42 1279 1720 76 46 65 74 3524 98 856 1069 377 44 86 268 180 51 83 295 104 41 472 200 46 62 65 46 46 62 149 254 279 76 1203 619
internal_value=1.05515e-05 -0.00110371 0.00099104 -0.00278729 -0.00336871 -0.00782671 -0.0107857 -0.00261526 -0.00692127 -0.0122711 -0.00220355 -0.00190651 -0.00122761 0.00064039 0.00342746 0.000516879 -0.000651335 -0.00105932 -0.00704561 0.0058906 8.35878e-05 0.00136613 0.000326342 -0.00160268 -0.00479673 -0.00100397 -0.00278859 -0.0035204 0.000143734 0.00249332 0.00111619 0.000824575 0.000576989 -0.00338047 0.000726091 -0.00272739 -0.000948277 -0.00123925 -0.00167092 -0.00296718 -0.0086962 -0.00210803 -0.00352891 -0.00756381 -0.000862664 -0.00295428 0.00188702 -0.000357973 0.000645364 -0.00233603 -0.00417993 -0.00245267 -0.00479696 -0.00833916 -0.00201699 0.000978565 0.000357578 0.0012108 0.00264624 0.00508371 0.000779831 0.00173923
internal_weight=20277 9491 10786 2009 1787 257 177 1530 215 100 115 1315 80 8746 370 8376 7482 5279 95 231 5547 2829 2203 1274 200 1074 565 520 5507 2040 2652 2416 3850 139 3711 187 5184 4328 3259 1006 130 876 608 231 1657 378 222 145 2340 461 261 215 153 88 152 509 465 403 1999 177 2294 1091
internal_count=20277 9491 10786 2009 1787 257 177 1530 215 100 115 1315 80 8746 370 8376 7482 5279 95 231 5547 2829 2203 1274 200 1074 565 520 5507 2040 2652 2416 3850 139 3711 187 5184 4328 3259 1006 130 876 608 231 1657 378 222 145 2340 461 261 215 153 88 152 509 465 403 1999 177 2294 1091
is_linear=0
shrinkage=0.03


Tree=87
num_leaves=63
num_cat=0
split_feature=18 14 16 0 10 20 16 0 1 29 13 14 0 20 13 22 22 0 16 0 7 24 1 13 29 11 29 9 13 1 0 20 7 29 13 13 2 17 25 10 7 13 7 13 13 7 1 1 0 13 20 1 13 1 1 1 16 1 20 22 6 19
split_gain=23.1582 10.3278 8.93884 13.6839 7.87918 6.94612 6.3095 5.29911 6.63167 7.24177 8.80143 5.22412 4.03021 3.70983 4.03051 3.12197 3.05158 2.9092 2.84643 3.32308 4.96637 4.89669 2.84442 5.75042 12.3868 2.93458 2.6884 3.18261 2.66862 3.05383 3.26617 3.04725 2.79556 4.51057 4.93889 2.77571 2.60373 2.58201 3.10281 2.56672 2.46667 2.45506 2.58741 5.48037 10.3651 2.58737 3.63965 2.46922 6.84994 3.37006 3.42558 2.25696 2.12285 2.11113 2.08651 2.0707 2.06021 2.96141 1.98267 1.9572 1.94211 1.9374
threshold=3229.9600000000005 1892.5414285714289 4035.2800000000002 48.500000000000007 1819.7650000000001 2682.1178125000001 3590.2500000000005 55.500000000000007 5.5000000000000009 26.731250000000006 1633.2922138976608 6474.1400000000003 51.500000000000007 4520.7144270833351 2192.2184657639559 -6500.4149999999991 -1027.7949999999996 51.500000000000007 6005.4300000000012 54.500000000000007 0.60124882823926262 0.9284102842044788 3.5000000000000004 2495.2455268194403 31.756250000000005 2450.5200000000004 30.956250000000008 1335.7600000000002 2253.6839008812026 4.5000000000000009 47.500000000000007 4734.7300520833342 0.89546819317495652 25.531250000000004 1908.2665856712363 3057.8382860253264 2.5000000000000004 1819.7100000000003 6274.7500000000009 2085.4750000000004 -0.99985146406598202 1915.3531512054417 0.32917936166072764 2893.7073291415331 2640.2734677741068 0.3933211724509133 2.5000000000000004 5.5000000000000009 24.500000000000004 1610.3534326864358 3002.9783333333339 3.5000000000000004 2223.6067581884995 1.5000000000000002 5.5000000000000009 5.5000000000000009 6633.7250000000013 1.5000000000000002 3480.0002604166671 83.420000000000087 -0.99465189230620676 1411.5900000000004
decision_type=2 2 2 2 2 2 2 2 2 2 2 2 2 2 2 2 2 2 2 2 2 2 2 2 2 2 2 2 2 2 2 2 2 2 2 2 2 2 2 2 2 2 2 2 2 2 2 2 2 2 2 2 2 2 2 2 2 2 2 2 2 2
left_child=1 2 3 5 6 -1 -5 8 12 -10 -11 15 16 14 18 -2 -4 39 -14 20 21 -20 23 53 -25 -24 27 -9 32 35 -31 -32 40 37 58 56 -33 38 -34 -12 -17 47 -43 44 45 46 -44 51 -49 50 -50 -3 -42 60 -13 -47 -30 -58 -35 -57 -18 -51
right_child=11 41 7 4 -6 -7 -8 26 9 10 17 54 13 -15 -16 28 22 -19 19 -21 -22 -23 25 24 -26 -27 -28 -29 29 30 31 36 33 34 -36 -37 -38 -39 -40 -41 52 42 43 -45 -46 55 -48 48 49 61 -52 -53 -54 -55 -56 59 57 -59 -60 -61 -62 -63
leaf_value=0.0053837354044215038 -0.0071135102782088023 -2.2085059431439204e-05 0.0044612675721344367 -0.0013352902461058246 -0.02434235763820735 -0.0086134053704639262 -0.01555810731946535 0.0051509739875205251 0.0019037898098333524 -0.021388594495753446 -0.0007676664987442697 0.0028838047645026034 0.0011688427744472089 0.0010611141449044224 -0.012188751352531493 -0.0060351033691079057 -0.0039068175445903424 -0.012794267271756721 -0.01871727303120618 0.0018153157377276909 -0.00023971134140232547 -0.0063476125184489893 0.0015742111830814212 -0.018578812660060316 -0.00036531985968597124 -0.0059886705948321035 0.0038670025543752506 -0.0030182936121227926 -0.0017203864542136883 -3.9976108754734027e-06 -0.0019535989763980015 -0.0028887391529445134 0.0064970110836164918 0.0067392142849588173 0.010021197898685932 0.0059047216426276056 -0.013045782241443137 0.0055662754467031093 -0.00027375020745855111 -0.0099903840812422869 0.00074571735937554128 -0.00049714943889246947 -0.0020998012117989773 0.0023403787153768183 -0.017625600437438767 -0.00099140624878394853 -0.012104829023841636 0.0025864356894084871 -0.0027811543148527559 0.0038473157015044327 -0.012513274870934369 0.0016931363800789772 0.0049477385080743778 -0.0028451494962814889 8.5754130215268899e-05 -0.010746423372907972 0.0039487309899850515 0.00014948655916650794 0.0011754237246424252 -0.0015429959357292813 0.0025535251205259226 -0.0031308562276012603
leaf_weight=77 44 2331 87 51 43 53 62 56 64 44 81 1750 71 95 67 46 54 45 44 43 60 85 358 57 80 52 182 173 321 396 178 41 67 81 124 86 52 101 584 40 3231 3943 80 192 42 547 55 224 63 42 68 980 111 284 278 40 239 801 196 43 175 216
leaf_count=77 44 2331 87 51 43 53 62 56 64 44 81 1750 71 95 67 46 54 45 44 43 60 85 358 57 80 52 182 173 321 396 178 41 67 81 124 86 52 101 584 40 3231 3943 80 192 42 547 55 224 63 42 68 980 111 284 278 40 239 801 196 43 175 216
internal_value=2.69621e-06 -0.000884642 -0.00255359 -0.00754652 -0.0135074 -0.000344981 -0.00920698 -0.00192891 -0.00260133 -0.00690848 -0.00959041 0.00116677 -0.0018654 -0.00421831 -0.00557304 0.000762698 -0.000908668 -0.00635384 -0.00407488 -0.00567777 -0.00738313 -0.0106782 -0.0013532 -0.002586 -0.00802291 0.000602779 0.00115554 -0.00100686 0.000815833 -6.46358e-05 -0.00174257 -0.0042737 0.00122565 0.00250107 0.00506673 0.000709482 -0.00864631 0.00112804 0.000431983 -0.0038734 0.000790987 -0.00039818 -0.000842951 -0.00220595 -0.00328916 -0.00248008 -0.00623496 0.000162049 -0.00158538 -0.00398813 -0.00788947 0.000485949 0.00088672 -0.00112125 0.00250048 -0.00166686 0.000377107 0.00102554 0.00282077 -0.00605351 0.00101976 -0.00198441
internal_weight=20176 11449 2583 286 156 130 113 2297 1886 274 210 8727 1612 465 370 6699 1147 166 303 232 189 129 1060 650 137 410 411 229 6655 2114 667 271 4541 1153 401 1447 93 752 651 121 3388 8866 4942 999 807 765 135 3924 613 389 131 3311 3342 513 2028 630 1361 1040 277 83 229 258
internal_count=20176 11449 2583 286 156 130 113 2297 1886 274 210 8727 1612 465 370 6699 1147 166 303 232 189 129 1060 650 137 410 411 229 6655 2114 667 271 4541 1153 401 1447 93 752 651 121 3388 8866 4942 999 807 765 135 3924 613 389 131 3311 3342 513 2028 630 1361 1040 277 83 229 258
is_linear=0
shrinkage=0.03


Tree=88
num_leaves=63
num_cat=0
split_feature=19 15 14 1 7 7 13 21 6 16 25 12 14 5 16 13 16 18 28 15 9 7 1 14 16 24 18 22 5 13 15 28 12 30 30 0 0 28 30 18 12 28 30 28 12 7 4 11 27 0 28 12 11 23 11 7 12 7 28 28 11 18
split_gain=25.5728 8.73458 8.34884 7.96671 9.81671 8.48892 17.708 5.78226 9.68358 5.95185 5.75574 5.30007 5.22214 4.89778 5.44117 9.91775 4.37551 4.36795 4.34652 4.25974 13.0042 4.69849 4.20316 4.19089 3.74121 3.64759 3.50994 3.31311 3.01377 2.87986 5.02917 4.0264 3.18695 3.15489 2.79105 2.73453 2.59825 2.74351 4.54914 3.12516 2.55179 3.31226 2.70541 2.55144 2.72016 3.15106 2.69433 2.50117 2.4566 2.3834 2.53163 3.12137 2.41363 2.35357 2.28386 2.20001 6.39075 2.16414 4.93133 2.11618 2.11314 1.98666
threshold=2500.7350000000001 2491.5403645833339 5093.397142857144 5.5000000000000009 -0.98664820696349753 0.9550229469509578 2340.1691463807042 6451.7750000000005 -0.77259657388510605 5216.1450000000013 6563.5000000000009 2895.8436607142862 1000.8657142857143 0.097964660725097366 4031.0200000000004 1686.4221029720063 6560.5200000000013 2064.7850000000003 4797.5700000000006 2857.2419270833338 1552.3700000000001 0.47084587141109652 5.5000000000000009 1486.1142857142861 3362.7800000000002 1.0131717438051353 1546.3000000000002 -1248.8749999999998 -0.52778511650980109 1810.9692961891719 3665.6719791666669 6260.7450000000008 4421.3623214285717 6.0937499999999991 0.30000000000000254 36.500000000000007 50.500000000000007 4077.3900000000008 8.2062500000000025 1890.7850000000001 2519.5437797619052 3672.8850000000007 2.7000000000000015 6298.0283333333346 3496.45974702381 0.97314989601849466 1.0000000180025095e-35 299.21500000000009 -17140.799999999996 23.500000000000004 4129.6016666666674 2780.6485342261908 499.85500000000008 -394.57999999999981 3507.9450000000002 0.99374995976406788 3032.2829166666675 0.24684749415872467 3672.8850000000007 4047.5016666666675 3799.9050000000002 1823.4850000000004
decision_type=2 2 2 2 2 2 2 2 2 2 2 2 2 2 2 2 2 2 2 2 2 2 2 2 2 2 2 2 2 2 2 2 2 2 2 2 2 2 2 2 2 2 2 2 2 2 2 2 2 2 2 2 2 2 2 2 2 2 2 2 2 2
left_child=1 7 24 16 -5 12 -7 13 9 18 -11 17 -6 14 15 26 19 -10 -9 35 -21 48 43 -15 -2 -17 -1 -18 -29 40 -31 32 -32 -33 57 -3 -30 53 39 -39 42 60 -26 44 -4 46 -46 -14 -22 -49 51 -51 -52 -38 -24 -43 -57 -34 -59 -25 -42 -40
right_child=2 3 22 4 5 6 -8 8 11 10 -12 -13 47 23 -16 25 27 -19 -20 20 21 -23 54 59 29 -27 -28 28 36 30 31 33 34 -35 -36 -37 37 38 61 -41 41 55 -44 -45 45 -47 -48 49 -50 50 52 -53 -54 -55 -56 56 -58 58 -60 -61 -62 -63
leaf_value=0.0047549329333655211 -0.0059391054735820304 -0.0037245039841475184 0.0042087996127390488 -0.013559195379025071 -0.010441221596771164 -0.00064671465700181824 -0.024395488648021473 -0.024565327477346105 0.0079922186021238219 -0.015450423043221233 -0.0013038797704907864 -0.010795273519410141 0.0061588512333791432 0.0080145296317182084 -0.00032009049274785969 -0.0088562538851376452 0.0071109902299940587 -0.0027108465843399135 -0.010901204853504896 -0.016141822608333314 -0.0122127508260764 0.0011135697860563014 -0.0046004261781858033 0.00075944522821976403 0.002251240856676304 -0.021278730560715001 -0.0065740581014290238 0.0015909944069399619 -2.4684044626835646e-05 -0.00062836577379802281 0.0015005210354384006 -0.011426224088432585 -0.0011137256827493112 -0.00033690023688702947 0.0033405538258994829 0.0014667967125156177 0.0054964223093188855 -0.012257230404871873 0.0015225934001177341 -0.0031662659480103422 0.0012686017286366118 8.9386812209494825e-05 0.0093973932968219737 -0.0023847733727787902 0.0026472632228340945 -0.0020917364838242067 -0.0046458058550636816 0.0014755720786501349 -0.0036859706136211754 -0.0115922277739843 -0.0060933034506733298 -0.0029930413293996682 0.00038507806519606801 -0.001367588132590754 0.00054843281186473327 -0.012195176514180596 0.0021651312651445025 0.00030752182922973902 -0.013979077740306302 -0.0053829072012638165 0.0041354280034478583 -0.0054015875818501959
leaf_weight=45 84 135 766 76 56 71 46 40 42 41 68 57 40 56 150 45 57 169 49 71 40 187 100 174 191 44 52 736 2090 4129 2760 40 260 53 93 277 50 77 107 62 1260 956 63 91 1655 149 46 201 124 43 60 290 341 379 333 50 61 45 41 70 283 56
leaf_count=45 84 135 766 76 56 71 46 40 42 41 68 57 40 56 150 45 57 169 49 71 40 187 100 174 191 44 52 736 2090 4129 2760 40 260 53 93 277 50 77 107 62 1260 956 63 91 1655 149 46 201 124 43 60 290 341 379 333 50 61 45 41 70 283 56
internal_value=-1.47584e-05 -0.00151892 0.000739553 -0.00104369 -0.00318597 -0.00248803 -0.0101115 -0.00396178 -0.00649771 -0.0115132 -0.00671714 -0.00276321 -0.00161395 -0.00209642 -0.00457852 -0.00799267 -0.000453599 -0.000552729 -0.0172471 -0.00241089 -0.0045256 -0.0021367 0.00209457 0.000689517 0.000329057 -0.0151659 -0.00132345 -1.37458e-06 -0.000117315 0.000380823 6.89133e-05 0.000943403 0.0011229 -0.00517732 -0.00124919 -0.000239136 -0.000563419 -0.00210158 -0.00428709 -0.00825385 0.00118871 0.000908463 0.00405361 0.00253342 0.00270535 0.0020809 0.00244742 -0.00109677 -0.00582709 -0.00141342 -0.00220548 -0.00413483 -0.000597002 -0.000556665 -0.00064854 -0.000376566 -0.00435461 -0.00248893 -0.00658592 -0.00101748 0.00179674 -0.000874698
internal_weight=20283 6774 13509 5672 1224 1148 117 1102 466 198 109 268 1031 636 336 186 4448 211 89 834 422 351 3140 300 10369 89 97 3614 3557 10285 7421 3292 3199 93 439 412 2821 731 302 139 2864 2610 254 2707 2616 1850 1701 975 164 935 734 333 401 429 433 1067 111 346 86 244 1543 163
internal_count=20283 6774 13509 5672 1224 1148 117 1102 466 198 109 268 1031 636 336 186 4448 211 89 834 422 351 3140 300 10369 89 97 3614 3557 10285 7421 3292 3199 93 439 412 2821 731 302 139 2864 2610 254 2707 2616 1850 1701 975 164 935 734 333 401 429 433 1067 111 346 86 244 1543 163
is_linear=0
shrinkage=0.03


Tree=89
num_leaves=63
num_cat=0
split_feature=19 19 27 28 29 20 21 15 7 16 28 16 5 16 10 21 19 13 7 15 12 8 1 30 5 1 7 15 30 13 16 30 8 1 1 6 20 13 12 13 13 13 14 13 12 13 28 7 15 16 10 1 13 28 0 7 12 8 27 20 16 21
split_gain=22.6878 7.24388 6.53468 5.15116 10.1095 4.77713 4.00735 8.5188 4.97456 3.93887 3.93153 3.58386 4.34595 5.41794 6.29797 4.66279 3.94732 14.8086 5.15368 3.18967 3.74001 3.71584 7.73541 4.60253 3.61633 3.18785 3.12778 2.95212 2.80664 5.52158 7.30629 2.54126 2.48082 2.41425 2.85458 2.41018 2.38246 2.34462 3.11169 2.27078 3.71085 6.69261 2.19933 2.1657 2.15905 3.6826 3.94498 2.28865 3.27932 3.15807 4.0382 2.13772 2.11524 2.1014 2.02938 1.9705 1.85851 3.28092 1.82171 1.74584 2.5034 2.04502
threshold=2510.6600000000003 4036.4700000000007 -24833.649999999998 6260.7450000000008 29.606250000000006 6913.9380729166669 6150.6500000000005 2483.2945833333338 0.98802474685579866 3562.2000000000003 5333.2050000000008 3816.5150000000008 0.47114434510950087 3590.2500000000005 2000.7450000000001 6451.7750000000005 1000.2500000000001 1548.4465780000332 0.96904697354198299 3965.9376562500006 3414.2262765423466 0.49626980634301188 2.5000000000000004 5.7062500000000016 -0.81241147629689037 1.5000000000000002 -0.99940763397299126 3149.9946875000001 8.2062500000000025 2432.912865338737 5950.2550000000001 2.9000000000000008 -0.75154610927435939 4.5000000000000009 3.5000000000000004 -0.2269546835593246 3997.2715104166668 1810.9692961891719 2380.5719047619054 3031.5502643691261 2759.733230522133 2818.900468467265 462.50714285714292 2394.1969015506279 3809.5961904761907 2394.1969015506279 5673.6800000000012 -0.91936887716170002 2908.4300520833335 4810.3500000000013 1046.9850000000001 4.5000000000000009 1830.7395468007846 4195.7666666666673 19.500000000000004 -0.77786766366919291 3689.3976636904767 -0.55834004994684261 1142.8499999999997 2546.3523437500003 6513.2800000000016 4962.5200000000013
decision_type=2 2 2 2 2 2 2 2 2 2 2 2 2 2 2 2 2 2 2 2 2 2 2 2 2 2 2 2 2 2 2 2 2 2 2 2 2 2 2 2 2 2 2 2 2 2 2 2 2 2 2 2 2 2 2 2 2 2 2 2 2 2
left_child=2 3 6 9 -5 11 10 -8 42 35 25 12 13 14 -4 -14 17 -13 37 20 26 23 52 24 43 -1 -3 -24 29 44 -31 53 -32 34 -29 -2 -21 -19 -39 40 -11 -42 -9 -22 45 46 47 -18 49 54 -51 59 -23 58 -49 -40 57 -34 -28 61 -61 -33
right_child=1 19 5 4 -6 -7 7 8 -10 39 -12 16 15 -15 -16 -17 28 18 -20 36 21 22 27 -25 -26 -27 31 33 -30 30 32 51 56 -35 -36 -37 -38 38 55 -41 41 -43 -44 -45 -46 -47 -48 48 -50 50 -52 -53 -54 -55 -56 -57 -58 -59 -60 60 -62 -63
leaf_value=0.0034233804706970904 -0.0098682808689773086 -0.0041919492328289284 0.0047886216344142501 -0.01670009586494416 0.00031232268388798132 -0.011321268750854381 -0.015103959471184331 -0.0084488846552444666 -0.011876192701306066 0.00041844617611068793 -0.007491779744318903 -0.016166891036757631 0.0051599304986867439 -0.016271592889852977 -0.010072125583406416 -0.0066271592437458981 0.0016684754067391621 0.0054528240728363084 -0.011052172393356159 0.0068217864222099361 -0.0094924308399374525 0.010864274129271507 0.0045581922061168232 0.0025614981890942612 -0.0010605338933855498 -0.0042898385135432407 0.0016416103585445675 -0.0017421276899482552 0.0010896792257386464 -0.015751911328777415 -0.008743482432845567 0.0065667570373693172 0.0011572661654740248 0.00029535575083875442 -0.0094788046612102588 -0.002019116496650146 0.0024298446782497988 -0.0088702110014855853 -0.0021274590786663737 0.0049729090728551934 -0.01102917099953629 6.1928049907228858e-06 -0.00083820314010993639 -0.0023712436363101004 -0.0027972409297739487 0.0063977878824031595 -0.0069591966565846026 -0.0031882974466254164 4.6454489085758539e-05 -0.010140741981348306 -0.0024361115006882677 0.0014383630830262389 0.0037566339768410981 -0.0003378408121445614 0.0024417989753256941 0.0016258876979816704 -0.00011845308321730888 -0.0094611329996147214 0.005054279857320077 0.011595525593614913 0.0049119072443342465 -0.0024949335148359867
leaf_weight=131 47 66 43 47 91 40 77 40 57 7751 72 68 66 46 61 54 459 48 47 121 81 41 64 259 677 75 568 110 761 43 53 42 45 157 70 135 1304 45 339 94 71 158 207 74 346 71 81 84 2077 68 557 174 406 343 178 199 208 61 187 70 186 46
leaf_count=131 47 66 43 47 91 40 77 40 57 7751 72 68 66 46 61 54 459 48 47 121 81 41 64 259 677 75 568 110 761 43 53 42 45 157 70 135 1304 45 339 94 71 158 207 74 346 71 81 84 2077 68 557 174 406 343 178 199 208 61 187 70 186 46
internal_value=-7.62038e-06 0.000707057 -0.0014186 0.000166999 -0.00556022 -0.00111386 -0.00425564 -0.00625047 -0.0039658 0.000263392 -0.00150911 -0.00104517 -0.00441814 -0.00780488 -0.00394069 -0.000155194 -0.000888446 -0.00292506 -0.00157512 0.00160523 0.00113153 0.000233274 0.00172182 -0.000924245 -0.00201112 0.000608012 0.00216627 -0.00130205 -0.000589558 -0.0008848 -0.00419305 0.00242838 -0.00279962 -0.00242516 -0.00478658 -0.00408895 0.0028073 -0.000852848 -0.00138046 0.000361994 0.000307064 -0.00344833 -0.0020998 -0.00612963 -0.000537891 -0.000318503 -0.000456379 -0.000300512 -0.000605886 -0.00213174 -0.00328924 0.00415921 0.00443136 0.00160879 0.00063147 -0.000738699 -0.00177179 -0.00498464 0.00249244 0.0055273 0.00677747 0.00185515
internal_weight=20247 13440 6807 8394 138 6148 659 381 304 8256 278 6108 270 150 104 120 5838 746 678 5046 3621 1939 848 1091 832 206 1682 401 5092 4331 410 1616 367 337 180 182 1425 631 583 8074 7980 229 247 155 3921 3575 3504 3423 2964 887 625 518 447 1098 262 538 314 106 755 344 256 88
internal_count=20247 13440 6807 8394 138 6148 659 381 304 8256 278 6108 270 150 104 120 5838 746 678 5046 3621 1939 848 1091 832 206 1682 401 5092 4331 410 1616 367 337 180 182 1425 631 583 8074 7980 229 247 155 3921 3575 3504 3423 2964 887 625 518 447 1098 262 538 314 106 755 344 256 88
is_linear=0
shrinkage=0.03


Tree=90
num_leaves=63
num_cat=0
split_feature=14 9 1 20 19 26 14 16 22 8 2 26 16 16 21 29 8 29 12 19 28 23 12 8 7 7 12 28 1 0 12 24 24 16 7 28 7 23 1 0 1 21 19 12 18 8 25 14 0 4 18 20 21 29 20 29 20 1 24 4 2 26
split_gain=19.8335 7.33569 5.56905 8.2895 6.16213 6.38856 4.80348 4.74433 3.7655 4.23617 8.35604 5.39108 5.0241 4.99049 4.98815 7.15401 3.69206 3.60925 4.13489 3.20394 2.96397 2.91284 3.0272 3.89215 2.60863 3.63166 5.26784 4.86161 2.21251 5.61846 3.02757 8.16531 2.76757 2.19911 2.32074 3.76583 2.87187 2.18953 2.15605 2.14439 2.92183 2.70124 4.89319 3.76691 2.16628 2.06013 2.01724 1.9918 1.98391 1.91891 4.85305 1.91009 3.41504 1.86622 2.33463 1.84232 3.32511 1.81242 2.61403 2.14435 2.03699 1.79537
threshold=3062.809285714286 1899.9150000000002 4.5000000000000009 2835.13234375 999.1350000000001 36429.200000000004 5838.7042857142869 3362.7800000000002 -1419.0549999999998 -0.46989712924132493 8.5000000000000018 29745.200000000004 3399.8100000000004 3816.5150000000008 4962.5200000000013 27.181250000000006 -0.17646730165275518 24.706250000000008 2780.6485342261908 3065.1400000000003 4780.6583333333338 -330.72928571428571 3341.1740327380953 0.30778899014954286 0.9916835347852474 0.96904697354198299 3105.8277083333337 3930.27 5.5000000000000009 22.500000000000004 2612.3685119047623 1.1575506437478 1.2099356362415967 9873.0000000000018 -0.84772008488809492 6298.0283333333346 -0.83377653105606597 519.15571428571445 5.5000000000000009 15.500000000000002 1.5000000000000002 5000.255000000001 1841.0600000000002 3788.7590922619052 3099.6750000000006 0.78724360164103002 7854.7500000000009 1873.0292857142861 72.500000000000014 1.0000000180025095e-35 1902.7350000000004 2425.6474479166668 5000.6900000000014 29.606250000000006 4904.6143750000001 26.731250000000006 3699.5498958333333 3.5000000000000004 0.67527330910542349 1.0000000180025095e-35 1.5000000000000002 20603.800000000003
decision_type=2 2 2 2 2 2 2 2 2 2 2 2 2 2 2 2 2 2 2 2 2 2 2 2 2 2 2 2 2 2 2 2 2 2 2 2 2 2 2 2 2 2 2 2 2 2 2 2 2 2 2 2 2 2 2 2 2 2 2 2 2 2
left_child=1 2 8 -4 16 19 -2 -3 17 10 11 -10 -11 14 -14 -16 -5 18 -1 21 61 46 -23 -24 25 57 -27 -28 33 -30 31 -31 45 39 -35 36 -36 49 51 40 44 -41 -43 -44 -9 55 -6 -22 -40 53 -51 -8 -53 54 -38 56 -32 58 -15 60 -60 -19
right_child=6 7 3 4 5 -7 38 28 9 12 -12 -13 13 24 15 -17 -18 20 -20 -21 47 22 23 -25 -26 26 27 -29 29 30 32 -33 -34 34 35 -37 37 -39 48 41 -42 42 43 -45 -46 -47 -48 -49 -50 50 -52 52 -54 -55 -56 -57 -58 -59 59 -61 -62 -63
leaf_value=-0.010713106197611679 0.00055816001513119061 -0.008588849655716331 0.0038149487412663108 -0.006444930358157892 -0.0011161856738229592 -0.012949990304186939 -0.0020116366204768251 -0.0035951101231390457 0.00029552005258772304 0.0087646085895331845 -0.015532070262578582 -0.010139886181624163 -0.00054563394260185303 -0.008915540165533975 -0.0023249573335505837 -0.019738025883941548 -0.016278142192184108 0.0046659771120939096 0.0012999245796818286 -0.010221282221776033 0.012248527053955264 -0.00013503581745760089 -0.014100736202422661 -0.0011553444648648849 0.0028454730879551621 0.0015531920312958603 -0.018004804808629808 -0.0037818182953336141 0.0013097502836759017 -0.00067683348685085515 -0.0043071677034841787 -0.018243879124738002 0.00064686540220492068 0.0012802006478309271 -0.0066755677188225721 -0.0079513884825740087 -0.00022013653532915609 0.0023567393709079689 0.0024881426535838976 0.0017372576974655927 0.00040745344037137365 -0.008498457363582677 0.00039228649556674562 -0.0051952691171738433 -0.011065521559496297 -0.0011174567873383583 0.0081106181065665507 0.0033151322430265799 -0.0020673292279156158 -0.0119198783706154 -0.00030790158170050072 0.007968496127971722 0.0023335974842227446 0.0018716257655402072 -0.0064112341431401933 -0.0031940269242490137 -0.01502295773430932 0.0015565533459870494 -0.0073001926850702146 -0.0076091519993109003 -0.00050781459915558635 -0.002064022540418041
leaf_weight=40 7221 63 86 69 44 62 83 254 152 41 58 62 63 41 40 45 72 60 69 41 43 114 41 42 130 50 41 46 393 57 75 40 193 1218 58 55 2604 321 150 353 158 78 591 132 40 182 40 48 199 43 123 101 1983 389 55 170 40 199 41 44 742 85
leaf_count=40 7221 63 86 69 44 62 83 254 152 41 58 62 63 41 40 45 72 60 69 41 43 114 41 42 130 50 41 46 393 57 75 40 193 1218 58 55 2604 321 150 353 158 78 591 132 40 182 40 48 199 43 123 101 1983 389 55 170 40 199 41 44 742 85
internal_value=-2.21672e-05 -0.000930741 -0.00225984 -0.00478403 -0.0061972 -0.00420851 0.000951627 -0.00045473 -0.00153725 -0.00208882 -0.0055311 -0.00276092 -0.00147082 -0.0017597 -0.00696774 -0.011666 -0.0115454 0.00133021 -0.00316584 -0.00249049 0.00341137 -0.00133026 -0.0033204 -0.00764179 -0.00117711 -0.00161345 -0.00619373 -0.010613 -0.000386379 -0.00159833 -0.00310781 -0.00803322 -0.00237287 -0.000170815 0.000146927 -0.000231699 -0.00011135 -1.7916e-06 0.00208022 -0.00113303 -0.00288224 -0.000445997 -0.00140912 -0.000633615 -0.00464556 -0.00361957 0.00332126 0.00762366 -0.000107875 -0.000238011 -0.00336919 0.0024325 0.00261038 -6.64319e-05 -0.000350558 -0.00520792 -0.00813178 -0.0010201 -0.00161194 -0.00123952 -0.00087234 0.000733689
internal_weight=20173 10436 2751 611 525 384 9737 7685 2140 1795 272 214 1523 1482 148 85 141 345 109 322 236 281 197 83 1334 1204 137 87 7622 1150 757 97 660 6472 4866 3648 3593 3535 2516 1606 452 1154 801 723 294 467 84 91 349 3214 166 2167 2084 3048 2659 285 115 1067 868 827 783 145
internal_count=20173 10436 2751 611 525 384 9737 7685 2140 1795 272 214 1523 1482 148 85 141 345 109 322 236 281 197 83 1334 1204 137 87 7622 1150 757 97 660 6472 4866 3648 3593 3535 2516 1606 452 1154 801 723 294 467 84 91 349 3214 166 2167 2084 3048 2659 285 115 1067 868 827 783 145
is_linear=0
shrinkage=0.03


Tree=91
num_leaves=63
num_cat=0
split_feature=14 14 16 5 10 9 28 12 14 13 6 16 5 18 1 4 16 12 29 28 13 1 16 15 29 16 18 12 13 15 12 12 13 30 13 30 15 15 15 15 15 1 30 12 12 11 11 28 22 14 29 10 12 2 29 12 1 21 15 21 1 24
split_gain=21.7564 8.49916 7.1061 7.59368 7.56144 6.37748 8.35764 6.12596 5.78295 4.55711 4.90395 4.39999 4.21316 3.8937 3.18151 2.99551 2.79339 2.68331 2.66353 4.0875 2.92055 3.17443 2.9872 2.64758 2.57431 2.5273 2.52228 2.49796 2.39667 2.38976 3.02554 2.47036 2.35542 2.65577 2.32683 7.17601 11.0141 4.47178 20.6948 4.33065 5.96236 3.76558 7.6144 3.74269 3.5419 2.4523 3.97493 3.0084 4.60436 3.62229 2.61717 2.32317 2.14861 3.77538 4.26651 3.69346 2.25794 2.14424 2.14352 2.18435 2.10881 2.41724
threshold=2236.7757142857149 4164.0357142857147 4035.2800000000002 0.065403129230143103 1599.6250000000002 1403.6050000000002 4006.7550000000006 2953.0763095238103 779.81714285714293 1745.1143348545111 -0.9733555533461492 3362.7800000000002 -0.68322629814330782 1420.7700000000002 5.5000000000000009 1.0000000180025095e-35 4180.8950000000013 3496.45974702381 28.156250000000004 5490.1250000000009 2626.0918983363072 2.5000000000000004 4533.8350000000009 3253.7475000000004 23.243750000000002 3562.2000000000003 2908.7000000000003 2501.8138764880955 1931.2933249483872 3862.0491145833339 4055.92896577381 3370.7715401785722 1753.2032102301957 1.9500000000000013 2198.3153126176762 5.9000000000000012 4644.5297916666677 3324.1733333333336 3271.0202083333338 3281.1235937500001 3807.1038541666671 1.5000000000000002 3.0499999999999994 3554.6586532738102 3574.0404538690482 49.745000000000012 1524.8850000000002 4421.1983333333346 700.12000000000023 1714.0314285714287 22.056250000000002 7319.3350000000009 4078.0490997023812 1.5000000000000002 14.493750000000002 3838.8464508928573 3.5000000000000004 4500.7050000000008 3831.853697916667 4164.9700000000003 3.5000000000000004 1.142332677991736
decision_type=2 2 2 2 2 2 2 2 2 2 2 2 2 2 2 2 2 2 2 2 2 2 2 2 2 2 2 2 2 2 2 2 2 2 2 2 2 2 2 2 2 2 2 2 2 2 2 2 2 2 2 2 2 2 2 2 2 2 2 2 2 2
left_child=2 11 3 4 7 57 -7 -1 9 -4 -11 26 -10 -6 15 18 -14 28 19 20 21 22 25 -12 -19 -3 -2 32 -17 31 -31 -29 33 -13 37 36 39 38 45 41 -41 42 -36 -37 -39 -18 60 50 49 -49 -48 -21 53 54 -23 -55 -54 -5 59 -33 61 -47
right_child=1 14 8 5 13 6 -8 -9 12 10 23 27 16 -15 -16 17 34 24 -20 51 -22 52 -24 -25 -26 -27 -28 29 -30 30 -32 58 -34 -35 35 43 -38 44 -40 40 -42 -43 -44 -45 -46 46 47 48 -50 -51 -52 -53 56 55 -56 -57 -58 -59 -60 -61 -62 -63
leaf_value=0.0044880749298525707 -0.0015217757063067478 0.0057088174858933036 -0.00013010026029417219 0.00841517207805406 -0.010080127910427426 0.0012938848882913588 -0.015453556418278305 -0.0099942147681607637 0.0021731102367222774 -0.0015036171214241119 -0.016511194174822708 0.0019564498235492712 0.0033903263159424232 -0.023191788334931643 -0.00044523037243793208 -0.0026312430957332253 -0.0081692592926323419 -0.0011084067707382876 0.0034496422079617175 0.00077706440014752574 -0.00016256127631919583 0.00038761006944696417 0.0043151983113052057 -0.0065278848443579458 -0.010387106621439506 -0.0025479864092725936 -0.011605293303572883 0.00020523906362803927 0.0061541120727595525 0.0014062615685369608 -0.00055854739275766239 -0.0067395655171842202 -0.0011641570340158315 0.0082901594238247462 -0.014671471315280843 -0.005063552368014557 -0.019305972345268391 0.00087848073352174297 -0.021546431958903465 -0.013602546620182693 -0.0015880331278263762 0.0020135193178988996 0.0031378401807575884 0.00064664882153129134 -0.0033519969166692105 0.0018784528646103448 -0.0038183996927314595 -0.0085600995094517116 -0.013279355345841716 0.00024168854153494497 9.6499242799707476e-05 -0.0064324637575294162 -0.0023756698137995871 0.0020703188617032233 -0.011550064414908039 -0.0054755704890076928 0.0052195463439480205 -8.2977944985032081e-05 -0.0054688481010857631 -0.00065723389024488455 0.0043020908446805423 -0.0064409352086008866
leaf_weight=41 45 46 78 43 45 54 52 70 299 53 64 197 100 41 604 54 49 70 970 76 490 63 846 41 43 114 44 4186 56 1966 1099 53 117 85 44 135 48 993 48 79 70 124 41 429 216 94 241 66 50 113 421 84 43 575 46 64 182 68 88 3399 141 46
leaf_count=41 45 46 78 43 45 54 52 70 299 53 64 197 100 41 604 54 49 70 970 76 490 63 846 41 43 114 44 4186 56 1966 1099 53 117 85 44 135 48 993 48 79 70 124 41 429 216 94 241 66 50 113 421 84 43 575 46 64 182 68 88 3399 141 46
internal_value=-6.33312e-05 0.000463505 -0.00190291 -0.00564377 -0.00989309 -0.00175841 -0.00698948 -0.00465259 -0.00152231 -0.00607119 -0.00898487 2.62865e-05 -0.00124175 -0.0165258 0.00157743 0.00189711 -0.00153006 -0.00147171 0.0021062 0.0016094 0.00191079 0.00242397 0.00360503 -0.0127113 -0.00469938 -0.000153441 -0.00658044 7.94166e-05 0.00185645 -6.87629e-06 0.000701799 -0.000288071 0.0024074 0.00388809 -0.0016737 -0.00291892 -0.005955 -0.00118529 -0.00242848 -0.00411613 -0.00800636 -0.0013178 -0.0061445 -0.000726698 0.000120518 -0.00165989 -0.00138101 -0.0023616 -0.00531835 -0.00303319 -0.00133232 -0.00302438 0.0012004 0.000425295 -0.00470951 0.00130717 0.00376393 0.00325484 -0.000871296 -0.000752543 0.00172562 -0.000881354
internal_weight=20202 15705 4497 414 197 217 106 111 4083 236 158 11279 3847 86 4426 3822 3548 223 3599 2629 2469 1979 1006 105 113 160 89 11190 110 10791 3065 7726 399 282 3448 970 406 2478 1269 358 149 209 85 564 1209 1221 1172 891 229 179 662 160 973 748 109 639 225 111 3540 3452 281 140
internal_count=20202 15705 4497 414 197 217 106 111 4083 236 158 11279 3847 86 4426 3822 3548 223 3599 2629 2469 1979 1006 105 113 160 89 11190 110 10791 3065 7726 399 282 3448 970 406 2478 1269 358 149 209 85 564 1209 1221 1172 891 229 179 662 160 973 748 109 639 225 111 3540 3452 281 140
is_linear=0
shrinkage=0.03


Tree=92
num_leaves=63
num_cat=0
split_feature=19 17 1 7 6 0 29 23 30 19 20 5 25 7 17 17 12 24 18 7 19 25 16 26 22 21 7 12 16 12 25 1 10 20 12 20 20 25 23 14 16 17 17 21 21 16 20 12 0 10 12 19 22 7 27 11 7 29 14 27 12 18
split_gain=17.551 8.5294 8.08833 6.18831 7.46755 8.0938 6.02725 5.93633 5.67776 5.03677 3.63186 4.38783 5.37561 3.5229 7.83022 10.47 3.47138 3.39332 6.88209 3.81723 4.2484 2.55644 2.49483 2.3662 2.32707 2.30373 4.06818 3.33996 2.3506 2.51626 2.48915 2.25798 3.19551 2.17087 2.32609 3.18668 4.12816 2.21536 2.11805 2.40982 2.11474 3.09954 2.08894 2.06041 2.22363 2.24541 3.12435 4.27661 2.57154 2.27933 2.0573 2.0555 2.00961 1.98464 1.97819 1.96956 1.83099 4.40363 2.20451 1.80393 1.78267 2.1717
threshold=2540.6850000000004 99.845000000000013 5.5000000000000009 -0.8041866928211282 -0.84874750804349197 50.500000000000007 27.631250000000005 326.89428571428573 5.200000000000002 4129.5500000000002 2546.3523437500003 -0.70710678118654735 8322.2000000000025 -0.99630266176052629 654.6500000000002 1333.7250000000001 2969.5856324404767 1.2188790917381269 983.3950000000001 -0.91597725483594616 999.1350000000001 6378.6500000000005 4103.4550000000008 3680.0500000000006 -534.64499999999987 5000.255000000001 -0.99940763397299126 2612.3685119047623 6351.7350000000015 3363.6982738095244 6149.3000000000002 1.5000000000000002 3750.7000000000003 5009.9263020833341 3465.8345238095244 3997.2715104166668 3955.432187500001 10896.6 -482.53499999999991 1111.9421428571429 3745.2700000000004 6.370000000000001 87.695000000000007 4059.5000000000005 4865.0250000000005 6886.3250000000007 3927.315364583334 3398.9169866071434 22.500000000000004 499.76500000000004 4391.1246651785723 2124.6700000000005 133.37500000000026 0.89546819317495652 -18094.199999999997 499.85500000000008 -0.80924678377697201 29.693750000000005 6256.556428571429 -4629.5499999999984 3775.9149925595243 1804.9850000000004
decision_type=2 2 2 2 2 2 2 2 2 2 2 2 2 2 2 2 2 2 2 2 2 2 2 2 2 2 2 2 2 2 2 2 2 2 2 2 2 2 2 2 2 2 2 2 2 2 2 2 2 2 2 2 2 2 2 2 2 2 2 2 2 2
left_child=1 2 3 4 5 7 -4 42 -7 40 21 -12 -13 14 -3 -16 -10 18 55 24 -21 -6 -5 -11 -20 27 -27 -25 29 -28 -31 32 -30 34 -33 36 -36 -35 -24 -40 -2 -42 -1 -43 -45 46 48 -48 53 -47 -37 -23 -49 -46 -19 -15 57 59 -58 -29 -22 -62
right_child=9 13 6 22 10 8 -8 -9 16 23 11 12 -14 17 15 -17 -18 54 19 20 60 51 38 25 -26 26 28 56 31 30 -32 33 -34 37 35 50 -38 -39 39 -41 41 43 -44 44 45 49 47 52 -50 -51 -52 -53 -54 -55 -56 -57 58 -59 -60 -61 61 -63
leaf_value=0.0012281683927810774 -0.0022177017933534323 0.005074554034508765 -0.017607567200535221 -0.0060753919784815938 -0.0043700345392247326 -0.02005135380962331 -0.0045415516145527364 -0.011879744498254432 -0.0018564116399972996 0.0033118770753444975 0.0037159708264239487 -0.0027824321973575609 -0.011769493082479304 -0.0047003466445134905 -0.016056917112106706 -0.00085199190460749055 -0.013268820417168386 -0.000906005467279241 0.0089214799616758409 -0.009655202602443751 -0.00057642416121746307 0.0055116404212115083 0.0075549443835880963 0.010785512185918732 0.0012848257818318493 -0.0073439880862023752 0.0017978338373033655 -0.00024595185850247197 0.00048539701629936007 0.0028120758052224692 -0.0027314140301351814 0.0019086823686961822 0.0048620948866243841 0.0071078724470553974 -0.001391030473153085 0.0013860240224015728 -0.011444804320046893 0.0014001623692528053 -0.0055647611390043676 0.0013130083204305264 0.0059374973245914673 -0.0049883008748672769 -0.0048486240844820335 0.0023835650700309644 -0.0034303959908517272 -0.0066731940600566744 -0.0099437495042267871 -0.00023285456115295494 0.0007727745755923412 0.00042379528512351511 -0.0019807065956354442 -0.00057644256883251823 -0.0075181758453670353 0.0033187060462533616 0.0013267655197410997 -0.01417868561909667 0.0020874133453443306 0.0064541578852115389 0.0078624495272406753 -0.0090549314242194985 -0.0077569581996649499 -0.0017936341128895505
leaf_weight=122 318 58 56 48 60 55 74 61 46 515 62 252 78 40 73 91 50 519 40 51 2205 105 40 45 294 52 285 40 259 88 405 830 357 98 256 789 42 162 52 339 85 67 86 418 271 40 73 181 731 6220 205 94 41 45 1140 41 246 48 78 43 59 675
leaf_count=122 318 58 56 48 60 55 74 61 46 515 62 252 78 40 73 91 50 519 40 51 2205 105 40 45 294 52 285 40 259 88 405 830 357 98 256 789 42 162 52 339 85 67 86 418 271 40 73 181 731 6220 205 94 41 45 1140 41 246 48 78 43 59 675
internal_value=-1.8536e-05 -0.00123885 -0.00310029 -0.00249345 -0.00376015 -0.00687446 -0.0102614 -0.00373078 -0.0124134 0.000619077 -0.00174347 -0.00356142 -0.00493579 -0.00064677 -0.0043372 -0.00767633 -0.00787589 -0.000484161 -0.00102613 -0.000814067 -0.00115399 0.00101115 0.000340727 0.00139099 0.0022233 0.00116171 0.000911057 0.00307507 0.00102665 -0.000442232 -0.00173822 0.00140786 0.00302566 0.00098839 0.000670479 -0.000125822 -0.00284154 0.00357052 0.00106769 0.000386455 0.000178636 0.000272146 -0.00129553 0.000211872 0.000255932 0.000138644 -0.000974473 -0.00369588 -0.000204901 0.000377389 0.000690385 0.00264736 -0.00160602 -0.00246185 0.000628143 -0.00961243 0.00229052 -0.000698843 0.00349761 -0.00486311 -0.00100323 -0.00228288
internal_weight=20299 6966 1680 1550 1071 420 130 269 151 13333 651 392 330 5286 222 164 96 5064 3405 3324 2990 259 479 4843 334 4328 3828 500 3776 778 493 2998 616 2382 2122 1292 298 260 431 391 8490 8172 208 8087 8020 7602 1342 295 1047 6260 994 199 222 316 1659 81 455 131 324 83 2939 734
internal_count=20299 6966 1680 1550 1071 420 130 269 151 13333 651 392 330 5286 222 164 96 5064 3405 3324 2990 259 479 4843 334 4328 3828 500 3776 778 493 2998 616 2382 2122 1292 298 260 431 391 8490 8172 208 8087 8020 7602 1342 295 1047 6260 994 199 222 316 1659 81 455 131 324 83 2939 734
is_linear=0
shrinkage=0.03


Tree=93
num_leaves=63
num_cat=0
split_feature=9 9 20 20 28 22 0 15 15 23 29 11 20 1 28 26 28 12 12 27 1 20 30 22 15 7 7 20 16 9 0 8 28 29 12 0 12 22 28 1 18 22 19 1 20 12 28 12 23 1 24 19 28 1 0 16 29 7 21 8 18 20
split_gain=16.0549 7.06091 4.94722 15.5642 10.7203 13.9265 4.70539 7.36929 5.86723 3.75957 3.79975 3.49037 4.65622 3.46172 3.92834 8.00792 3.39135 3.17991 4.53272 2.85647 2.84264 2.77248 5.58248 2.69527 2.64986 3.32402 2.64103 3.47456 3.93706 2.95337 2.61098 2.59692 6.00173 2.54767 4.38163 2.99257 2.48603 2.51043 2.36487 4.15596 2.38465 2.30659 2.95295 2.28542 2.26559 2.90871 2.3426 2.14247 2.08624 2.00466 1.97771 3.06523 2.13664 1.97503 2.72047 2.08428 1.9539 1.91947 1.89633 3.1646 1.83113 1.80576
threshold=3212.6500000000001 1994.615 3002.9783333333339 3141.651770833334 4067.2516666666675 -934.76499999999976 46.500000000000007 2478.7048958333339 2352.3500520833336 -753.42999999999984 18.081250000000008 5005.9350000000004 6538.5306250000003 3.5000000000000004 5075.8333333333339 35671.250000000007 4195.7666666666673 2587.7007291666673 2696.6477604166671 -19480.099999999995 3.5000000000000004 2941.4692708333337 7.1062500000000002 -692.52999999999986 3911.7951562500002 0.99552231814189451 0.99818282439137029 3853.6221354166669 6505.4800000000005 4230.5150000000003 28.500000000000004 0.063390085881955341 3940.6383333333338 32.956250000000004 3775.9149925595243 53.500000000000007 2798.2370014880958 -934.76499999999976 5965.7766666666676 4.5000000000000009 9299.0550000000021 -2573.8099999999999 4899.8300000000008 1.5000000000000002 2576.8248958333338 2627.665334821429 2566.0550000000003 2848.4135342261911 149.20857142857145 3.5000000000000004 1.2347019723864665 2089.2450000000003 5878.2333333333345 5.5000000000000009 15.500000000000002 6886.3250000000007 36.181250000000013 -0.99985146406598202 9999.6750000000011 0.83258597624099873 4440.1050000000005 3088.9411458333338
decision_type=2 2 2 2 2 2 2 2 2 2 2 2 2 2 2 2 2 2 2 2 2 2 2 2 2 2 2 2 2 2 2 2 2 2 2 2 2 2 2 2 2 2 2 2 2 2 2 2 2 2 2 2 2 2 2 2 2 2 2 2 2 2
left_child=1 2 13 4 20 -6 -5 8 -8 -9 -11 12 24 14 21 19 47 -3 31 48 -4 22 44 -12 26 36 27 53 -29 -30 -27 -19 -33 34 -25 56 -26 49 40 -40 43 42 -20 -13 46 -46 -1 -15 -16 -38 51 52 58 54 55 -2 -35 -56 59 -43 -59 -62
right_child=11 17 3 6 5 -7 7 9 -10 10 23 38 -14 16 15 -17 -18 18 41 -21 -22 -23 -24 33 25 30 -28 28 29 -31 -32 32 -34 35 -36 -37 37 -39 39 -41 -42 50 -44 -45 45 -47 -48 -49 -50 -51 -52 -53 -54 -55 57 -57 -58 60 -60 -61 61 -63
leaf_value=-0.0053542574283866476 -0.0040338962240123446 0.0016568458135678688 0.00050804895200681961 0.00012849737501608821 -0.0019622824964590554 -0.023787140012360534 -0.0045781024780680796 -0.010513510994775139 -0.017897097773943094 -0.0091935393616164977 0.0020181296190861283 0.0031671221949120549 -0.0059380699079747499 -0.0036278501633358624 -0.010153463851144936 -0.016428268223323605 0.0056537513481432706 0.0026095536139539694 -0.010994267250388497 0.0031813527315427532 -0.0080298966438720892 0.0036002429005105134 -0.0094919452184430222 -0.0021643163400789493 0.0068168945206219652 0.0013033884320611832 0.0045797063271353433 -0.0085754032914891181 4.034710549326206e-05 -0.0046062776791973049 -0.0055810614538184611 -0.0024094924174646159 -0.012914570331409135 0.0009865849180700811 -0.010664634638858625 0.0039549151299854554 0.0068473901838550103 0.0012577354607656859 0.001439005017222371 -0.0081873974338587795 0.0032828089816224499 -0.0099476489420199099 0.00045186596445557549 2.7047759936937539e-07 -0.0070974099133551734 -0.00048434265026695684 0.0021956927765523476 0.0030589340091240883 -0.0013145876927742864 0.00103934590806766 0.0009679701859013353 -0.00018935735678142862 -0.0076763633979184519 -0.0011050557267806307 -0.0047844744731580999 0.0010280506317609582 -0.0057893332298408493 0.00099600223969555112 -0.00099061074802972958 -0.00099862290661343754 0.0067470749183142975 0.0020384909013366108
leaf_weight=41 164 705 65 670 40 77 76 45 49 56 183 325 95 94 41 43 142 43 40 60 75 128 65 299 84 95 120 68 523 160 102 177 67 73 66 108 137 2058 159 53 1077 61 40 553 80 230 311 78 57 88 1034 5333 58 537 45 131 79 1703 600 84 100 273
leaf_count=41 164 705 65 670 40 77 76 45 49 56 183 325 95 94 41 43 142 43 40 60 75 128 65 299 84 95 120 68 523 160 102 177 67 73 66 108 137 2058 159 53 1077 61 40 553 80 230 311 78 57 88 1034 5333 58 537 45 131 79 1703 600 84 100 273
internal_value=-8.86716e-06 -0.000739623 -0.00190503 -0.00287102 -0.00973873 -0.0164055 -0.00183011 -0.00309813 -0.00989975 -0.00215296 -0.00170587 0.000968797 0.00062021 -0.000521232 -0.00134352 -0.0051063 0.00223967 -0.000268452 -0.000448737 -0.00194106 -0.00409036 -0.000454011 -0.00117179 -0.0011762 0.000718657 0.00146465 0.000218213 7.57142e-05 -0.00174491 -0.00105332 -0.00227133 -0.00413979 -0.00533502 -0.00211323 -0.0037263 0.000156883 0.00177642 0.00158806 0.0020109 -0.000994735 0.00233717 -0.000302072 -0.00533628 0.00117478 -0.000341774 -0.00220827 0.00130362 -0.000595318 -0.00507769 0.00459045 -0.000245166 -0.00044972 -0.00217649 0.000539165 0.000904929 -0.00179017 -0.00254993 0.00128044 -0.0017386 -0.00480573 0.00141415 0.00331551
internal_weight=20223 11573 3331 1961 257 117 1704 1034 125 909 864 8650 6483 1370 1056 201 314 8242 7537 158 140 855 727 808 6388 2564 3824 3704 751 683 197 287 244 625 365 260 2367 2283 2167 212 1955 7250 80 878 662 310 352 172 98 225 7170 6136 803 2953 2416 295 152 2121 745 145 2076 373
internal_count=20223 11573 3331 1961 257 117 1704 1034 125 909 864 8650 6483 1370 1056 201 314 8242 7537 158 140 855 727 808 6388 2564 3824 3704 751 683 197 287 244 625 365 260 2367 2283 2167 212 1955 7250 80 878 662 310 352 172 98 225 7170 6136 803 2953 2416 295 152 2121 745 145 2076 373
is_linear=0
shrinkage=0.03


Tree=94
num_leaves=63
num_cat=0
split_feature=18 27 20 14 20 15 18 20 0 7 24 0 13 11 7 15 13 20 7 0 7 5 15 20 29 7 13 0 7 22 14 5 22 15 20 7 7 13 13 15 15 23 13 18 22 2 15 15 11 7 20 0 15 7 22 7 13 13 10 19 10 8
split_gain=16.3347 5.03674 3.78127 3.75076 3.50923 5.50131 5.87226 4.52547 4.23031 3.94258 5.62197 7.71282 4.04441 3.71613 3.00855 2.67059 3.34676 3.66292 3.37471 3.33341 2.39983 2.37196 3.49493 6.81404 7.24978 3.0615 8.80529 2.66008 3.29156 2.27039 2.22905 2.19738 2.22935 4.08609 4.0856 2.65983 2.37962 2.11305 2.68621 2.08677 2.52929 3.57205 2.07214 1.98057 1.97571 1.94096 2.28504 3.4249 1.8766 1.83805 1.98122 1.80646 1.79493 1.7049 1.61582 1.55215 1.54475 1.92671 1.53876 1.52853 1.74063 1.50265
threshold=2999.4150000000004 -21407.499999999996 6481.8408333333346 7760.0271428571432 3002.9783333333339 3378.1149479166675 1877.0500000000002 2923.4103645833338 51.500000000000007 -0.77245553105869302 1.2449670222439246 49.500000000000007 1678.9824797221636 1750.6650000000002 -0.82415615971448097 3666.2535937500002 1788.0095484857131 3756.9542187500006 -0.99985146406598202 66.500000000000014 0.99761913169647187 -0.60876142900872077 1839.3738541666669 2546.3523437500003 24.218750000000004 0.96904697354198299 2759.733230522133 49.500000000000007 -0.98664820696349753 -257.16999999999979 4164.0357142857147 -0.99892946161930163 -752.57499999999993 4982.2499479166681 6466.1892708333335 0.99552231814189451 0.98213580174693105 2242.0645793035351 2331.9284878414828 3953.9343750000003 3823.2415625000003 -99.82285714285716 2299.6100100448516 499.23500000000007 -119.27499999999985 3.5000000000000004 3395.6609895833335 3580.0556770833341 3610.23 0.64166506163122816 3211.1236979166674 53.500000000000007 3831.853697916667 -0.69057362043749781 -6500.4149999999991 0.042991213741508195 1392.4394302285918 1753.2032102301957 1500.1450000000002 1586.7950000000003 1551.9000000000003 -0.30982845708428081
decision_type=2 2 2 2 2 2 2 2 2 2 2 2 2 2 2 2 2 2 2 2 2 2 2 2 2 2 2 2 2 2 2 2 2 2 2 2 2 2 2 2 2 2 2 2 2 2 2 2 2 2 2 2 2 2 2 2 2 2 2 2 2 2
left_child=1 4 21 15 7 6 8 9 14 10 11 -1 -13 51 -6 16 17 18 -2 -19 44 45 23 -23 -25 27 59 -24 -29 -16 -20 -17 33 37 35 36 -34 -33 -39 40 -30 -42 55 58 -7 46 -3 -48 -5 50 -32 -10 -40 -11 -18 -41 -47 -58 -12 -27 -61 -44
right_child=3 2 -4 48 5 20 -8 -9 13 53 43 12 -14 -15 29 31 54 19 30 -21 -22 22 25 24 -26 26 -28 28 39 -31 49 32 34 -35 -36 -37 -38 38 52 42 41 -43 61 -45 -46 56 47 -49 -50 -51 -52 -53 -54 -55 -56 -57 57 -59 -60 60 -62 -63
leaf_value=0.00099344281302765017 -0.0052336835101877725 0.0010089569557595233 -0.0086964496680481656 -0.0038772383318947897 -0.01038063739976396 0.0052484982153068165 0.0020728959375992417 0.0049413579858741475 -0.020316646041969456 0.0061275769551866685 0.00033152375370264052 -0.0069749363098779446 -0.019671594804456953 -0.005734786158168895 0.0025474017343642017 -0.0052159574771940241 -0.0059242106751201951 -0.010934547091856962 0.001208224409670818 0.00087301071542796027 -0.0075136144012894202 5.9342312978178715e-05 -0.00018283732478281174 -0.0037512539396993816 -0.019472862738076337 -0.0062522050145173815 -0.015590847413788769 -0.0083480657195492136 -0.0014637307070128633 -0.0064661657541000752 0.0042552541119500109 0.0032650698353516969 0.0011157328972291785 0.0071049081810750066 -0.0061806157486474457 -0.0022980616087573511 0.0059662412206067678 -0.0061679037406833634 0.0062896253380458804 0.0041892600934678578 -0.012079571829013088 -0.0017875156706681342 -0.0063879340077983215 0.0036594753765803031 -0.0013377630807386309 -0.0041824151667685288 -0.0082948494442881861 -0.00073804378336871643 0.0025842139011059131 0.0072981031844392419 -0.0012979059012505753 -0.01118386137811467 5.6494718672389176e-05 -0.00045867184691855478 -0.00032170096734541694 -0.00099977636674442602 0.0038572664046558833 0.00073541810085819782 -0.0072060663908099136 -0.0048783788884515468 0.0014748136677361768 -0.00024067439133970356
leaf_weight=49 61 242 51 41 57 55 57 94 44 47 53 45 48 53 52 47 46 40 1054 45 40 145 4730 70 42 46 46 61 1119 47 192 358 2948 149 71 200 93 53 49 152 50 76 47 63 152 45 77 176 1206 103 82 44 247 134 3279 78 229 789 44 52 144 141
leaf_count=49 61 242 51 41 57 55 57 94 44 47 53 45 48 53 52 47 46 40 1054 45 40 145 4730 70 42 46 46 61 1119 47 192 358 2948 149 71 200 93 53 49 152 50 76 47 63 152 45 77 176 1206 103 82 44 247 134 3279 78 229 789 44 52 144 141
internal_value=-3.68014e-06 -0.000882658 -0.000630704 0.000826283 -0.00272167 -0.00432431 -0.00671666 -0.00104778 -0.00840484 -0.00222117 -0.00431435 -0.00863694 -0.0136676 -0.0121634 -0.00495185 0.00061506 0.000138885 0.00127666 0.00162273 -0.00474602 -0.000882339 -0.000581621 -0.00081726 -0.00424422 -0.00976701 -0.000686017 -0.00370702 -0.000550655 -0.00155912 -0.00175364 0.00191845 0.00116868 0.00124191 0.00260598 0.000888683 0.00104541 0.00126598 0.00164913 -1.3071e-05 -0.00130523 -0.00192061 -0.00593462 0.000527871 -0.000448225 0.00042903 0.000476783 -0.0010735 -0.00306154 0.00236883 0.00389561 0.00259468 -0.0159272 0.00110603 0.00127584 -0.000400967 0.00243279 0.00119902 0.00144078 -0.00312623 -0.00139325 -0.000226935 -0.00180316
internal_weight=20150 9786 8608 10364 1178 601 354 577 297 483 302 142 93 141 156 9117 4902 1577 1492 85 247 8557 6999 257 112 6742 288 6454 1724 99 1431 4215 4168 856 3312 3241 3041 707 349 1663 1245 126 418 160 207 1558 495 253 1247 377 274 88 296 181 3325 230 1063 1018 97 242 196 188
internal_count=20150 9786 8608 10364 1178 601 354 577 297 483 302 142 93 141 156 9117 4902 1577 1492 85 247 8557 6999 257 112 6742 288 6454 1724 99 1431 4215 4168 856 3312 3241 3041 707 349 1663 1245 126 418 160 207 1558 495 253 1247 377 274 88 296 181 3325 230 1063 1018 97 242 196 188
is_linear=0
shrinkage=0.03


Tree=95
num_leaves=63
num_cat=0
split_feature=18 0 1 8 8 15 7 12 15 14 12 0 16 29 15 15 21 1 21 16 9 12 29 11 28 15 12 12 7 7 28 4 7 11 28 12 15 7 1 15 15 16 26 28 18 23 0 29 28 18 15 15 8 12 28 9 21 12 10 19 11 22
split_gain=14.7756 5.16829 5.44986 10.7814 6.19249 5.56769 5.13396 10.7469 5.97567 5.11387 5.11315 3.99061 6.98231 3.94924 3.0515 3.45513 6.47125 2.99035 2.71486 4.47461 3.59236 2.54888 2.63625 2.95693 2.64717 2.54056 3.91372 3.57746 3.46941 3.15206 2.78418 2.29259 2.21835 2.17101 2.16905 2.1693 3.22974 3.29349 2.81241 2.10727 2.09129 2.31436 2.41842 3.34581 2.27747 2.08664 2.39682 2.08255 2.00736 1.98926 1.93499 1.91217 1.90288 1.85268 1.84893 1.97935 2.87926 2.86646 1.91978 1.82851 1.81321 1.79008
threshold=2380.8450000000007 56.500000000000007 5.5000000000000009 0.70138038092733435 -0.065537083312030994 1580.1790625000001 0.9550229469509578 2798.2370014880958 3272.2467187500001 5026.9021428571441 2594.4739732142862 51.500000000000007 3937.2600000000007 34.006250000000009 2342.446979166667 2908.4300520833335 6150.6500000000005 5.5000000000000009 4230.1650000000009 4068.2050000000004 1500.3050000000001 4405.6745089285723 28.231250000000006 2360.9450000000002 3869.0983333333338 3885.8255729166672 2803.604501488096 2947.4938020833338 0.99818282439137029 0.99466373373798567 3556.7966666666666 1.0000000180025095e-35 -0.78326540922535159 99.905000000000015 6402.1216666666687 3560.6933482142863 3666.2535937500002 0.37744852145085445 2.5000000000000004 3647.3550000000009 3823.2415625000003 3745.2700000000004 11050.150000000001 4860.7350000000015 3180.8550000000005 -493.16499999999991 53.500000000000007 29.606250000000006 5051.7300000000005 4116.8850000000011 3291.6371354166672 3805.0709375000001 -0.031174269516803289 3230.7444866071432 5965.7766666666676 499.33000000000004 9999.6750000000011 2682.0625000000005 2849.0650000000005 512.85500000000013 2556.6400000000008 -793.87999999999977
decision_type=2 2 2 2 2 2 2 2 2 2 2 2 2 2 2 2 2 2 2 2 2 2 2 2 2 2 2 2 2 2 2 2 2 2 2 2 2 2 2 2 2 2 2 2 2 2 2 2 2 2 2 2 2 2 2 2 2 2 2 2 2 2
left_child=1 2 5 4 -4 -1 7 8 -6 21 -3 33 -13 18 -14 16 -16 31 -12 20 -20 25 23 24 -23 28 -27 60 29 30 49 34 47 -7 35 -11 37 39 -39 -37 41 42 -32 44 -44 -17 50 -19 -42 -2 -47 -38 -33 -15 55 56 -35 -58 59 -57 -28 -29
right_child=9 10 3 -5 6 11 -8 -9 -10 17 13 12 14 53 15 45 -18 32 19 -21 -22 22 -24 -25 -26 26 27 61 -30 -31 40 52 -34 54 -36 36 51 38 -40 -41 48 -43 43 -45 -46 46 -48 -49 -50 -51 -52 -53 -54 -55 -56 58 57 -59 -60 -61 -62 -63
leaf_value=-0.0099146095935173113 0.00045193936393725723 0.0049413309473058447 -0.0027062395769971771 0.0012978809379184473 -0.0071124627556030939 -0.0058138560391238865 -0.018186193643587416 -0.0006664377383694567 -0.022812624947426072 0.0035028441677660161 0.0039502569504461628 -0.012968901389744132 0.0054449176589070362 0.0088058280311070561 -0.00039240798718772078 0.0042914327519371154 -0.01353823891112014 -0.0099453828275692067 -0.013101423924683398 -0.0009941231317128511 -0.0019585052843618576 -0.0023755518168036361 0.0025843446208394997 -0.0014370847113478608 -0.012802766253506497 0.0068605546459283599 -0.0096477241667785804 0.0031039447260805693 0.0041945332722288778 -0.00475798703188957 -0.0095870378381724269 0.0032115310069639235 0.00030089039536483571 0.0041636325370054692 -0.0036455056456656289 0.00287328108231961 0.007176102203807818 -0.00074941987116625044 -0.0077613369493770446 -0.0039802339905872942 -0.0016251438224272558 -0.0002000557015530846 -0.008489073816484673 0.0018200411165036773 -3.0904095551801566e-05 -0.010316103366431375 -0.0007332017117957796 -0.00072237917127049702 -0.0089884652571790673 0.0036693229118636883 -0.0032614950212244424 0.0021893755429355176 -0.0040383064610582282 0.0017927005144855062 -0.005106391541979974 0.0026713681082018528 -0.0077932960165975002 0.0026541963885538277 0.0017433094072744314 -0.0012118362256690709 -0.00086177918403832756 0.00074406152514033938
leaf_weight=67 3162 183 159 194 44 73 57 93 45 818 80 59 42 40 66 46 68 40 52 763 52 47 120 568 41 100 41 330 173 127 42 47 366 179 57 256 73 170 73 47 106 3527 75 115 46 45 329 48 48 182 154 1130 101 201 79 114 44 49 251 2165 43 2307
leaf_count=67 3162 183 159 194 44 73 57 93 45 818 80 59 42 40 66 46 68 40 52 763 52 47 120 568 41 100 41 330 173 127 42 47 366 179 57 256 73 170 73 47 106 3527 75 115 46 45 329 48 48 182 154 1130 101 201 79 114 44 49 251 2165 43 2307
internal_value=-4.1839e-05 -0.00132149 -0.00182034 -0.00449713 -0.00731801 -0.00140552 -0.010362 -0.00782561 -0.015216 0.00047208 0.000287649 -0.00125142 -0.00311699 -0.00043276 -0.00232574 -0.00279374 -0.00711429 0.00152433 -0.00130561 -0.00179457 -0.00760168 0.000168886 -0.00148872 -0.0022366 -0.00732295 0.000292415 0.00106112 0.000845546 7.09299e-06 -9.09586e-05 -9.15818e-06 0.00189389 -0.000731276 -0.000739623 0.00209886 0.00222778 0.00162978 -0.000283561 -0.00287906 0.0018006 -0.00054744 -0.000408181 -0.00303849 -0.00183754 -0.00530018 -0.00177449 -0.00231007 -0.0049793 -0.00396339 0.000628093 -0.00490036 0.00249769 -0.00172989 0.00298828 -0.000609078 -0.000480503 0.00194676 -0.00231903 -0.000742124 -0.0010165 -0.00521321 0.00104045
internal_weight=20219 5793 4422 592 398 3830 239 182 89 14426 1371 3763 809 1188 750 708 134 3226 947 867 104 11200 776 656 88 10424 2821 2721 7603 7430 7303 2772 454 2954 2624 2567 1749 546 243 303 3959 3805 278 236 121 574 528 88 154 3344 199 1203 148 241 2881 2802 272 93 2530 2279 84 2637
internal_count=20219 5793 4422 592 398 3830 239 182 89 14426 1371 3763 809 1188 750 708 134 3226 947 867 104 11200 776 656 88 10424 2821 2721 7603 7430 7303 2772 454 2954 2624 2567 1749 546 243 303 3959 3805 278 236 121 574 528 88 154 3344 199 1203 148 241 2881 2802 272 93 2530 2279 84 2637
is_linear=0
shrinkage=0.03


Tree=96
num_leaves=63
num_cat=0
split_feature=18 24 19 28 30 1 16 5 15 20 22 7 8 13 16 24 19 11 16 14 30 7 13 1 14 4 11 8 20 18 15 13 28 12 7 13 12 11 28 22 7 7 1 21 18 13 4 28 0 7 20 15 15 7 15 0 7 22 15 12 7 12
split_gain=16.5027 5.60535 5.01913 6.21218 8.38269 7.84189 4.54355 3.86896 4.81811 14.0091 6.99557 4.89253 13.5963 3.65704 4.16015 3.98273 3.2532 4.09208 2.98643 2.87722 2.8485 4.14505 3.03063 2.766 2.95934 2.73469 2.73126 2.62075 2.30728 2.37787 2.30147 3.54264 2.16053 2.11473 2.08627 2.08404 3.57658 2.92288 2.82622 2.03465 2.33824 3.7943 2.59056 8.50218 9.15886 3.38012 3.46084 2.16806 2.02939 1.92192 1.92315 1.79071 1.74267 2.51247 3.12055 1.731 1.65554 1.60272 1.54725 3.42328 3.15096 2.96031
threshold=2370.8150000000005 0.55037518267569985 4036.4700000000007 6260.7450000000008 6.3562500000000002 4.5000000000000009 3590.2500000000005 -0.68322629814330782 1939.7336979166669 2550.7788541666673 -510.48000000000002 -0.98930078251469888 0.063390085881955341 1356.5064545269468 3615.7600000000007 1.2188790917381269 999.1350000000001 455.96000000000009 9999.8700000000008 1741.4178571428572 4.0937500000000009 -0.99467753128998015 2626.0918983363072 2.5000000000000004 7113.062142857143 1.0000000180025095e-35 2733.1300000000006 -0.65394968005536136 3571.8685416666672 1823.4850000000004 4052.4252083333336 1827.1156859780492 2828.4116666666673 3116.5589285714291 -0.91246704667116951 2995.0939072115921 4405.6745089285723 2360.9450000000002 4262.4383333333344 1045.655 -0.84772008488809492 -0.82897401153126982 1.5000000000000002 6949.7350000000006 1150.4900000000002 2692.1841111005619 1.0000000180025095e-35 2450.6333333333337 49.500000000000007 0.99274428880883148 4190.670364583334 4172.2833854166674 2868.9832812500003 -0.98046803196378884 3271.0202083333338 78.500000000000014 0.96904697354198299 542.34000000000026 3911.7951562500002 2767.8059523809529 0.99818282439137029 2941.3424925595241
decision_type=2 2 2 2 2 2 2 2 2 2 2 2 2 2 2 2 2 2 2 2 2 2 2 2 2 2 2 2 2 2 2 2 2 2 2 2 2 2 2 2 2 2 2 2 2 2 2 2 2 2 2 2 2 2 2 2 2 2 2 2 2 2
left_child=1 -1 3 6 5 -5 26 33 9 -9 -11 12 18 32 -15 16 17 51 19 -10 21 -4 23 24 49 52 -2 48 -20 -30 31 -25 -13 34 57 36 58 38 -38 40 -18 -42 47 44 -44 46 -45 -43 -17 50 -23 -16 -22 54 -54 -32 -29 -3 60 -60 -8 -61
right_child=2 7 20 4 -6 -7 35 8 11 10 -12 13 -14 14 15 27 39 -19 28 -21 25 22 -24 30 -26 -27 -28 56 29 -31 55 -33 -34 -35 -36 -37 37 -39 -40 -41 41 42 43 45 -46 -47 -48 -49 -50 -51 -52 -53 53 -55 -56 -57 -58 -59 59 61 -62 -63
leaf_value=-0.0096879691057335082 -0.0090732872556975996 0.009751507766079158 -0.0072408614234116516 -0.0028730657956012608 0.00097738803437586591 -0.020866242970960833 -3.9089380684614282e-05 -0.00029093532567392536 -0.011788931917601629 -0.0075790615670382972 -0.022750429991632699 -0.0014991544207665496 -0.018703213730154353 -0.010048958426531479 -0.0068389990748610437 -0.00067645491275470694 0.00097575085591769918 -0.013421534183530174 0.0039189999676224338 -0.0021453381428169723 0.0053791699404543147 0.0014840644473504585 -0.0011321698542042459 0.002454347175980517 0.0047915917573068635 -0.0032770094095440714 -0.00185894549669077 0.00065645549629018366 0.0016628558787709588 -0.0082320506471608365 0.0032879073130767911 -0.0010933824462363636 0.0046739570732265961 -0.0008789776937777699 0.00074305664843398725 0.0035954461538409985 -0.0021110194216153642 -0.001151677681918381 -0.012788687820841626 -0.0078847549346453966 -0.009700621483318338 -0.0027992441646133856 -0.0019264527521810908 -0.0010947665741369581 -0.021909538831493658 -0.008775374468522848 -0.0078468978141549312 0.00070594074197773203 -0.0098248206081845597 -0.0015609934446505704 0.0054780418808860259 0.0019902003543185334 0.0050094941606780938 0.0029599063158828286 -0.0038485348208442977 -0.0014020091272940272 -0.0042584183380867426 0.0025025311107674496 0.0078289649519138037 -0.0053736042187836792 0.0042041418209016598 0.00097945155008362763
leaf_weight=73 68 49 56 43 88 44 5675 193 45 74 44 77 53 48 40 47 284 48 81 72 195 794 554 343 321 70 152 1210 45 41 352 960 148 368 228 162 50 570 40 46 54 224 42 1077 40 60 72 539 40 156 125 41 51 807 114 88 64 63 63 67 161 2274
leaf_count=73 68 49 56 43 88 44 5675 193 45 74 44 77 53 48 40 47 284 48 81 72 195 794 554 343 321 70 152 1210 45 41 352 960 148 368 228 162 50 570 40 46 54 224 42 1077 40 60 72 539 40 156 125 41 51 807 114 88 64 63 63 67 161 2274
internal_value=-0.00010657 -0.00148416 0.000430493 2.43887e-05 -0.00555914 -0.0121068 0.000130246 -0.00137467 -0.00167711 -0.0052841 -0.0133798 -0.0014288 -0.00490169 -0.00114911 -0.00135983 -0.00125112 -0.00194647 -0.00657281 -0.00226946 -0.00592289 0.0012006 0.000788321 0.000912002 0.00127302 0.00226763 0.00244844 -0.0041198 6.08538e-05 0.000310138 -0.00309488 0.000475578 -0.000158317 0.0025641 0.000696128 0.00239853 0.000233869 0.000172283 -0.00195099 -0.00694504 -0.00169908 -0.00157688 -0.00192108 -0.00171194 -0.0025305 -0.0118208 -0.00189114 -0.00152433 -0.000325421 -0.00494645 0.00151021 0.00203268 -0.00240013 0.00279438 0.00227083 -0.00109691 0.00234887 0.000406408 0.00573219 0.000342568 0.000982911 7.86705e-05 0.000795409
internal_weight=20073 5630 14443 9457 175 87 9282 5557 4849 311 118 4538 337 4201 3976 3928 2567 129 284 117 4986 3749 3693 3139 1396 1237 220 1361 167 86 1743 1303 225 708 340 9062 8900 660 90 2438 2392 2108 2054 1291 82 1209 1149 763 87 1075 919 81 1167 972 165 440 1274 112 8240 2404 5836 2341
internal_count=20073 5630 14443 9457 175 87 9282 5557 4849 311 118 4538 337 4201 3976 3928 2567 129 284 117 4986 3749 3693 3139 1396 1237 220 1361 167 86 1743 1303 225 708 340 9062 8900 660 90 2438 2392 2108 2054 1291 82 1209 1149 763 87 1075 919 81 1167 972 165 440 1274 112 8240 2404 5836 2341
is_linear=0
shrinkage=0.03


Tree=97
num_leaves=63
num_cat=0
split_feature=11 14 24 15 7 14 12 8 7 2 16 30 18 19 26 3 18 26 17 17 18 24 15 7 7 24 5 24 25 17 17 10 0 27 7 15 17 18 8 18 17 12 28 12 14 15 17 15 30 28 17 6 0 26 10 27 0 29 15 18 8 12
split_gain=14.9277 6.31215 5.57977 4.22007 4.14556 4.32702 4.16243 4.86697 4.28264 3.86759 3.62335 5.00895 6.93777 5.48052 3.47016 3.36694 5.24351 7.78353 3.31695 5.36608 8.58899 3.43044 3.29405 3.22906 4.26565 4.69859 4.86971 3.12912 2.96554 3.95961 2.61857 2.61651 2.41434 2.38843 2.36264 3.16418 2.35 2.3437 3.52113 2.86391 2.29969 2.34347 2.261 3.95647 4.70833 3.14797 10.9578 2.49681 2.268 4.01055 5.20292 3.47858 2.79905 6.13009 2.20069 2.15005 2.02894 1.95035 1.91084 1.8673 1.82698 2.61289
threshold=2849.8050000000007 1301.592142857143 0.49541412977816429 3911.7951562500002 0.99818282439137029 8186.1635714285721 3379.830637724293 0.48126256173783166 0.99700008544936913 3.5000000000000004 3816.5150000000008 4.481250000000002 1546.3000000000002 1999.1050000000002 17913.650000000005 1.0000000180025095e-35 989.94500000000005 26539.100000000002 29.810000000000002 17.115000000000006 1700.2900000000002 1.098337570050294 3932.877500000001 -0.96463499255812291 -0.73282214301478099 0.94345446724864301 0.097964660725097366 0.97975677936298589 8875.4500000000025 1254.7450000000001 399.23500000000007 2210.2400000000002 70.500000000000014 -8782.2999999999975 0.9550229469509578 3956.2933854166672 99.095000000000013 1929.0500000000002 -0.46989712924132493 1657.4850000000004 87.695000000000007 2438.0818452380959 4421.1983333333346 2924.4133705357149 1986.3242857142857 5258.7205208333344 399.36000000000007 4982.2499479166681 7.9000000000000012 5707.8450000000003 1996.9900000000002 -0.91037613702198728 51.500000000000007 22460.450000000004 3066.6800000000003 -24253.449999999997 53.500000000000007 26.856250000000006 3823.2415625000003 1150.4900000000002 -0.55834004994684261 3313.2954166666673
decision_type=2 2 2 2 2 2 2 2 2 2 2 2 2 2 2 2 2 2 2 2 2 2 2 2 2 2 2 2 2 2 2 2 2 2 2 2 2 2 2 2 2 2 2 2 2 2 2 2 2 2 2 2 2 2 2 2 2 2 2 2 2 2
left_child=1 2 -1 4 5 6 8 23 60 22 11 12 -3 -14 36 37 55 -18 19 57 -21 31 -5 -8 25 26 -25 -19 -26 -30 -11 -22 -6 -33 35 -24 -15 38 -4 -40 -20 58 45 44 -44 47 -47 -43 49 52 51 -51 59 -54 -46 -17 -50 -12 -42 -45 61 -2
right_child=3 10 15 9 32 -7 7 -9 -10 30 18 -13 13 14 -16 16 17 27 40 20 21 -23 34 24 28 -27 -28 -29 29 -31 -32 33 -34 -35 -36 -37 -38 -39 39 -41 41 42 43 48 54 46 -48 -49 56 50 -52 -53 53 -55 -56 -57 -58 -59 -60 -61 -62 -63
leaf_value=-0.012307346245466635 0.0050100085648347864 0.0057565133544994745 -0.0083231111348140985 0.0051353208438615454 0.0017358696194397841 0.0030994030451249746 0.00032313565497785304 0.00024088047103776059 -0.00828951736159147 0.0057508797843764427 -0.002181367025539083 -0.011439402871297626 -0.013167322276500412 -0.00100087518799542 0.0024487730887787097 -0.0045217028205447336 0.00226661090080331 -0.018971474696882068 0.0020999500638811206 -0.016615983640775083 -0.00047688844371062349 0.0021788792033912616 -0.0074919681543441008 -0.016903768730317726 -0.00088594282177581018 -0.002719127647008851 -0.0035677740375200905 -0.008671836260841434 -0.0026458957146868389 -0.011981485560931756 0.0020584596329223971 -0.013598697429988532 0.0085681542388542937 -0.004833514924368381 -0.0029977562719209951 0.00079534610212671317 -0.0096144391283331833 0.004547979326811261 -0.00061971670630218121 -0.0087790959128843885 0.00098288925273444907 -0.00025963075442293445 -0.012216147009713144 -0.0058619519261643291 0.0021252617697035403 -0.016410386334282517 0.000467722794637084 0.0031553618463636881 -0.0013500596618593857 -0.010229235074136318 -0.014876381004850069 5.6274551333803115e-06 -0.00017112427594838663 -0.014045544647922117 -0.0066008599591441449 0.0042779778426855191 0.0017967047551512194 0.004269999876312029 0.0076347726984771292 0.00017054480321735167 0.00063478523278038147 -0.001521457032808526
leaf_weight=57 196 77 71 121 111 427 422 2124 46 192 75 60 51 54 83 50 40 47 316 49 70 79 42 57 734 142 44 67 183 52 1696 41 80 90 202 1163 60 51 498 41 165 4178 64 49 56 47 124 201 376 42 44 98 79 44 47 48 360 94 50 604 3398 76
leaf_count=57 196 77 71 121 111 427 422 2124 46 192 75 60 51 54 83 50 40 47 316 49 70 79 42 57 734 142 44 67 183 52 1696 41 80 90 202 1163 60 51 498 41 165 4178 64 49 56 47 124 201 376 42 44 98 79 44 47 48 360 94 50 604 3398 76
internal_value=-6.61676e-05 -0.000996462 -0.00327799 0.000644997 0.000271661 0.000165795 -2.19808e-06 -0.000706113 0.000709671 0.00152904 -0.000713329 -0.00354748 -0.00205989 -0.00450013 -0.00220117 -0.00270142 -0.00564573 -0.0090799 -0.000566252 -0.00292881 -0.00515559 -0.00309802 0.000406536 -0.00193648 -0.00272286 -0.00626969 -0.011186 -0.0130462 -0.00182787 -0.00475366 0.00243681 -0.00517255 0.00462728 -0.00765905 -3.49168e-06 0.000500521 -0.00557851 -0.0015721 -0.00209038 -0.00125548 -0.00039642 -0.000515737 -0.00061917 -0.0014992 -0.00589137 -0.000258591 -0.00423973 -0.000102195 -0.0010635 -0.0020233 -0.00599317 -0.0031156 -0.00107549 -0.00520758 -0.00188174 -0.000211979 0.000189468 0.00141098 0.00255802 -0.000290394 0.000824695 0.00318615
internal_weight=20305 8797 970 11508 8092 7901 7474 3758 3716 3416 7827 385 325 248 197 913 252 154 7442 498 329 280 1528 1634 1212 243 101 114 969 235 1888 201 191 131 1407 1205 114 661 610 539 6944 6628 6413 1863 167 4550 171 4379 1696 960 184 140 776 123 103 98 736 169 215 653 3670 272
internal_count=20305 8797 970 11508 8092 7901 7474 3758 3716 3416 7827 385 325 248 197 913 252 154 7442 498 329 280 1528 1634 1212 243 101 114 969 235 1888 201 191 131 1407 1205 114 661 610 539 6944 6628 6413 1863 167 4550 171 4379 1696 960 184 140 776 123 103 98 736 169 215 653 3670 272
is_linear=0
shrinkage=0.03


Tree=98
num_leaves=63
num_cat=0
split_feature=14 14 17 0 0 17 21 1 17 0 13 13 12 5 16 21 24 16 0 0 16 16 17 14 15 8 12 12 20 22 13 28 12 18 12 15 23 17 26 17 28 8 15 2 21 8 10 19 17 16 10 24 13 8 22 29 30 22 28 13 22 15
split_gain=13.7304 8.71024 3.7289 4.42636 8.26315 3.88567 3.11821 2.79277 8.79313 5.99099 3.76899 4.47401 7.31077 3.57655 4.01959 6.29531 5.40586 3.35336 2.43351 3.30291 5.5994 6.78672 3.60968 2.64213 2.34766 3.60803 4.69746 4.20783 3.11372 2.75804 2.74466 2.39943 2.6365 2.20273 2.17636 2.13346 4.18184 1.97929 1.97468 1.96874 2.59847 1.95832 2.15735 1.94272 1.94178 1.91784 1.90601 2.62272 1.88983 1.86419 1.83141 1.80649 1.80474 3.55341 1.78924 1.7611 2.59077 2.25037 1.73216 1.6906 1.64785 1.64129
threshold=3343.9385714285722 1000.8657142857143 1245.3700000000001 51.500000000000007 53.500000000000007 99.38000000000001 8999.5600000000031 5.5000000000000009 49.455000000000005 23.500000000000004 2818.900468467265 1527.5737535644328 2612.3685119047623 -0.70710678118654735 6560.5200000000013 9499.2650000000012 1.2971499517938843 3214.5800000000004 16.500000000000004 47.500000000000007 3816.5150000000008 3590.2500000000005 200.09500000000003 2605.8385714285719 5028.9013541666673 0.97263757644091875 3782.6475297619054 4177.8929241071437 6474.4950520833345 -571.38999999999999 1958.142639925115 6402.1216666666687 3403.4205133928576 2160.8600000000006 2773.3552678571436 2857.2419270833338 -354.56785714285712 400.01000000000005 34970.700000000004 26.765000000000004 4077.3900000000008 0.99530134160901229 4476.7614062500006 2.5000000000000004 5246.1350000000011 0.96633974041180493 1967.6750000000004 2220.1850000000004 499.81500000000005 3590.2500000000005 1661.6650000000002 0.88243818998895007 1778.6962466879131 0.011826144619637555 -934.76499999999976 28.506250000000005 7.3062500000000012 198.22000000000028 4446.8116666666674 1644.5538641803835 -195.88999999999984 3665.6719791666669
decision_type=2 2 2 2 2 2 2 2 2 2 2 2 2 2 2 2 2 2 2 2 2 2 2 2 2 2 2 2 2 2 2 2 2 2 2 2 2 2 2 2 2 2 2 2 2 2 2 2 2 2 2 2 2 2 2 2 2 2 2 2 2 2
left_child=1 2 3 55 6 -6 -5 13 -9 -10 11 12 -11 39 15 17 35 -15 59 22 21 -21 23 -20 25 26 31 -27 29 -26 -28 -2 -33 -14 -8 46 -37 -13 -22 40 -3 42 -29 -31 -40 -32 54 -48 -39 -41 -18 -49 53 -16 -17 60 57 -57 -38 -19 -1 -54
right_child=24 7 -4 4 5 -7 34 8 9 10 -12 37 33 14 52 16 50 18 19 20 38 -23 -24 -25 28 27 30 41 -30 43 45 32 -34 -35 -36 36 58 48 44 49 -42 -43 -44 -45 -46 -47 47 51 -50 -51 -52 -53 61 -55 -56 56 -58 -59 -60 -61 -62 -63
leaf_value=-0.0098530742221257916 0.0011738003727455525 -0.00053509644548392903 0.003079073605588816 -0.0066784485351554174 0.0040935611012857401 -0.0083700374434361371 -0.022028254302354847 -0.011531057508637834 0.0014876049172658789 -0.014803392410743983 -0.0090965139365621981 0.0011626438328326684 0.0033667220638902936 -0.0087539272252470258 0.0059273676775199796 0.0060753446287114404 -0.0061711593111976977 -0.00012997862683343037 0.0046555770320587725 -0.00075031642596620849 0.0008008062475025787 -0.014912694716352105 -0.0010525014149690844 -0.00011573310132567152 0.0079812736763090978 0.0057051226694581347 -0.0071255486701294534 0.0060448418547227782 -0.0013805024387082085 -0.0019932904998031893 -0.00037758848238982832 -0.0077862557538441925 0.0016749834878370166 -0.0056914245203027822 -0.011629933537250118 -0.013424662163869167 -0.00030529264655585088 -0.006480077234682048 0.00038792597863109821 -0.0043196344087343833 0.0076351986467224457 -0.00084753654514943078 0.0010655691032159867 0.0032545219666038848 -0.0082295431866077715 -0.0055415855152903216 -0.0098843285398239767 -0.0068797582736602279 -0.0013752378805951052 0.00095940911434508141 -0.014607799368746141 0.00036038795173965355 -0.00094868638631142991 0.00041160149634572786 -0.0016028046764380809 0.0080031095111242883 -0.0055502207030972035 -0.0017866645340638403 -0.0070071403537631813 -0.0038008131549557944 -0.001503153979740387 0.00014839469082032604
leaf_weight=43 4254 58 51 42 49 40 40 75 543 59 69 253 45 44 113 48 47 188 319 67 420 55 312 155 100 274 60 113 149 72 1350 56 49 50 41 44 89 73 46 62 87 244 252 501 47 67 40 40 563 1365 50 127 2278 1352 61 40 51 43 56 282 42 2659
leaf_count=43 4254 58 51 42 49 40 40 75 543 59 69 253 45 44 113 48 47 188 319 67 420 55 312 155 100 274 60 113 149 72 1350 56 49 50 41 44 89 73 46 62 87 244 252 501 47 67 40 40 563 1365 50 127 2278 1352 61 40 51 43 56 282 42 2659
internal_value=9.36099e-06 -0.000591827 -0.00454335 -0.00545035 -0.00853184 -0.00153882 -0.0135386 -0.000435873 -0.00155246 -0.00109357 -0.00235418 -0.00189985 -0.00660385 -0.000251965 -0.000484049 -0.00149436 -0.00417096 -0.000659919 -0.00046706 0.000152264 -0.00145563 -0.00720433 0.00145146 0.00309838 0.00102361 0.000838215 0.00056756 0.00262439 0.0025362 0.00340411 -0.000894187 0.00106295 -0.00339686 -0.00141035 -0.0169709 -0.00291279 -0.00542628 -0.00107848 -7.71325e-05 0.00106722 0.0043858 0.00123124 0.0026194 0.00259279 -0.00400836 -0.000625494 -0.0013971 -0.00308268 -0.00197042 0.000727182 -0.0106246 -0.00140441 -8.35092e-05 0.000840803 0.00180289 -0.00244213 -0.000289609 0.00297041 -0.00292386 -0.00233587 -0.00579268 -0.000357903
internal_weight=20264 12723 482 431 212 89 123 12241 1730 1655 1112 1043 154 10511 8939 2537 602 1935 1891 1421 635 122 786 474 7541 6719 5836 883 822 673 1477 4359 105 95 81 505 189 889 513 1572 145 609 365 573 93 1417 316 207 636 1427 97 167 6402 1465 109 219 134 83 145 470 85 4937
internal_count=20264 12723 482 431 212 89 123 12241 1730 1655 1112 1043 154 10511 8939 2537 602 1935 1891 1421 635 122 786 474 7541 6719 5836 883 822 673 1477 4359 105 95 81 505 189 889 513 1572 145 609 365 573 93 1417 316 207 636 1427 97 167 6402 1465 109 219 134 83 145 470 85 4937
is_linear=0
shrinkage=0.03


Tree=99
num_leaves=63
num_cat=0
split_feature=11 9 16 22 15 0 0 7 21 16 16 13 12 15 29 9 14 1 0 15 17 0 22 7 23 1 25 1 1 7 7 12 8 7 6 13 29 25 17 11 23 17 29 19 13 29 0 21 13 7 15 24 15 12 8 5 12 17 13 6 19 16
split_gain=13.4423 5.09159 4.20911 3.72417 5.30528 5.24937 5.61646 4.30028 3.68015 5.16678 3.4448 3.25453 3.59147 3.23987 3.19066 4.02078 2.96359 2.94622 4.42129 3.31047 6.86931 6.99135 4.85677 2.83379 2.82056 2.75293 4.77886 2.5696 2.5096 3.07152 2.74342 2.42575 2.38785 4.94552 4.55954 4.03795 2.39362 2.38767 3.02719 2.3633 2.19013 2.18704 2.16961 2.01671 4.79427 1.95023 3.60494 2.62522 2.12593 2.03408 2.01249 1.90102 1.84517 1.74165 3.25736 1.73012 1.89908 1.73006 1.75804 1.71017 2.56255 2.40715
threshold=2929.1550000000002 1842.0850000000003 3816.5150000000008 -1248.8749999999998 1580.1790625000001 50.500000000000007 54.500000000000007 -0.79384350655589164 5757.4650000000011 6633.7250000000013 3937.2600000000007 3057.8382860253264 5156.1066741071436 3253.7475000000004 22.756250000000005 2031.2900000000002 5093.397142857144 5.5000000000000009 26.500000000000004 3272.2467187500001 859.58000000000015 44.500000000000007 165.57500000000007 -0.91936887716170002 -662.13571428571424 5.5000000000000009 9120.5500000000011 4.5000000000000009 1.5000000000000002 -0.83377653105606597 0.80607028652842638 2907.8408407738102 -0.66686572813907907 -0.68430824382591193 -0.47114434510950048 2656.5918640042214 18.568750000000005 9087.4500000000025 22.185000000000006 2130.2850000000003 -28.526428571428557 1496.4750000000001 28.743750000000006 3200.4000000000001 1745.1143348545111 27.906250000000004 74.500000000000014 8650.345000000003 1886.5519185035912 -0.47463538638689146 4128.5055729166679 0.84231587139597752 1939.7336979166669 4405.6745089285723 0.95936279103287792 0.81241147629689026 2320.2956919642861 399.42000000000007 1737.3573913285638 -0.99465189230620676 1819.8850000000004 6000.0100000000011
decision_type=2 2 2 2 2 2 2 2 2 2 2 2 2 2 2 2 2 2 2 2 2 2 2 2 2 2 2 2 2 2 2 2 2 2 2 2 2 2 2 2 2 2 2 2 2 2 2 2 2 2 2 2 2 2 2 2 2 2 2 2 2 2
left_child=1 3 14 13 -5 25 7 23 -9 -10 -8 12 16 37 -3 -16 31 24 -19 -20 21 -21 -23 -7 -4 55 -27 41 29 -18 -31 -2 33 34 -26 -35 -34 40 -39 57 42 -11 43 44 -1 46 47 -30 -49 51 -50 -48 -33 54 -54 56 -6 58 -12 60 61 -58
right_child=11 2 17 4 5 6 10 8 9 27 39 -13 -14 -15 15 -17 28 18 19 20 -22 22 -24 -25 32 26 -28 -29 45 30 -32 52 36 35 -36 -37 -38 38 -40 -41 -42 -43 -44 -45 -46 -47 49 48 50 -51 -52 -53 53 -55 -56 -57 59 -59 -60 -61 -62 -63
leaf_value=0.0029071843110517982 0.0015208846655794073 0.00067729469420803724 0.0026491356190893253 -0.012348434515202379 -0.0054262632884694113 -0.0068219858385843799 -0.0081766548912010836 0.0024066928514249381 -0.014595468761399388 0.0016935429345053361 0.006770069288286322 0.0031944993536010447 -0.0061170515113487239 0.0071746541738608163 0.00049563997334278211 -0.010885404353827217 -0.0011814675659543889 0.0015461964800635192 0.0007741588635569621 -0.019640783908408739 -0.002158578586288486 -0.011300757371398778 0.0019109516148455442 -0.01483250734565081 -0.015969189469303403 -0.001005422414280474 -0.013396688134341342 -0.0095291165214342367 -0.0054447531152982268 0.0050541910763543226 0.0008157556806999667 -0.005632475484162569 -0.00084894198944031459 0.0017121660494948236 -0.0018540893461821333 -0.0087889503215144316 0.00049333391675865314 -0.0019243395652460014 0.008871100569958797 -0.0038907432028318862 -0.0066976397261235181 -0.0067103934068498865 0.0057702870651080117 0.0031854617428414677 -0.0093228147900315805 0.0024409683382463371 -0.0021347344590217942 0.0050821339434077 -0.00039781054410139747 -0.00049940833400461608 0.0027646232061940895 -0.009288004412212305 3.7142841030027506e-05 -0.0017246130520322902 0.0022924722263687053 -0.0052000933990348133 -0.010323665515496964 -0.0024478441014526837 0.00050092201481245205 0.0013094265703754702 0.0033314336552039575 -0.0015319280796121436
leaf_weight=50 1321 65 335 48 51 100 61 61 47 82 63 456 70 56 40 91 135 296 198 42 586 52 47 69 41 89 40 44 47 457 197 49 1964 167 41 40 3053 45 47 126 65 41 40 48 66 541 90 144 382 303 343 53 5213 414 647 58 40 82 109 574 56 90
leaf_count=50 1321 65 335 48 51 100 61 61 47 82 63 456 70 56 40 91 135 296 198 42 586 52 47 69 41 89 40 44 47 457 197 49 1964 167 41 40 3053 45 47 126 65 41 40 48 66 541 90 144 382 303 343 53 5213 414 647 58 40 82 109 574 56 90
internal_value=-2.42613e-06 -0.000832621 -0.000429907 -0.00204247 -0.00259745 -0.00234246 -0.00402326 -0.00640168 -0.00406323 -0.00591007 -0.0016196 0.000716496 0.000607611 0.000527539 -0.00475347 -0.00743285 0.000653741 -0.000305737 -0.00164122 -0.00266177 -0.00359733 -0.00951949 -0.00507214 -0.0101606 -1.64304e-05 -0.000849437 -0.00492117 -0.00339335 0.00150957 0.00293121 0.00378067 0.000352185 -0.000185191 -0.002832 -0.00901901 -0.000349534 -3.219e-05 -0.000520563 0.00362681 -0.000548319 -0.00194717 -0.00113929 -0.000408258 -0.00194106 -0.00407147 0.000918909 0.000312984 0.00138956 0.00176503 -0.00189627 0.00110009 -0.00483204 0.000107819 0.000153541 0.000286501 -0.00024004 0.000120653 0.00111849 0.00282304 0.000499522 -0.0019935 -0.00429523
internal_weight=20268 9406 7058 2348 1931 1883 885 444 275 214 441 10862 10406 417 196 131 10336 6862 1221 925 727 141 99 169 5641 998 129 167 2692 789 654 7644 5306 289 82 207 5017 361 92 380 269 123 204 164 116 1903 1362 916 869 446 725 143 6323 6274 5860 869 811 254 172 760 186 130
internal_count=20268 9406 7058 2348 1931 1883 885 444 275 214 441 10862 10406 417 196 131 10336 6862 1221 925 727 141 99 169 5641 998 129 167 2692 789 654 7644 5306 289 82 207 5017 361 92 380 269 123 204 164 116 1903 1362 916 869 446 725 143 6323 6274 5860 869 811 254 172 760 186 130
is_linear=0
shrinkage=0.03


Tree=100
num_leaves=63
num_cat=0
split_feature=11 1 17 15 20 6 2 25 30 20 12 12 0 14 24 14 13 29 12 0 15 15 29 2 12 20 12 8 8 30 0 25 28 8 8 30 17 13 25 17 30 13 0 12 8 15 25 17 16 17 8 0 0 25 28 12 29 11 11 1 28 20
split_gain=13.5222 5.11313 7.37583 6.11353 6.10655 10.1563 8.34982 6.4619 4.78855 5.66659 7.6541 4.54923 3.55403 3.09532 2.93415 2.75416 2.49135 2.86336 2.37328 2.29042 2.14903 4.52551 7.10512 3.18352 3.09268 2.94582 2.62278 2.5195 3.92758 3.33847 4.7546 3.96184 2.85507 2.51079 4.90353 3.13801 2.08999 2.834 2.80964 3.20744 2.03263 2.73072 2.27617 1.89687 2.27428 2.2351 1.88332 1.79351 2.64309 2.54024 1.75956 1.74289 2.69479 3.24527 2.1891 1.99508 1.76798 1.73238 1.70669 1.68771 2.58604 3.04134
threshold=2929.1550000000002 5.5000000000000009 49.455000000000005 2197.0835416666673 2546.3523437500003 -0.68322629814330815 8.5000000000000018 7902.5500000000011 1.6500000000000006 3205.5163541666675 2682.0625000000005 5156.1066741071436 32.500000000000007 6474.1400000000003 0.70370901032954125 462.50714285714292 1945.5396572327209 27.181250000000006 2941.3424925595241 59.500000000000007 2964.2300520833337 2845.9247916666677 30.056250000000002 10.500000000000002 2830.2427752976196 3579.5239062500004 2519.5437797619052 -0.33426211444629356 -0.80543359200855724 8.2062500000000025 47.500000000000007 8486.6500000000033 4493.9033333333346 -0.23537842981696178 -0.22700609751797865 12.550000000000002 1499.6650000000002 3031.5502643691261 9916.3000000000011 1426.8950000000002 3.0687500000000001 2388.4587264619913 50.500000000000007 4411.7554092261917 0.96849880583763492 4794.9319270833339 10128.500000000002 1414.3200000000004 5500.4250000000011 1262.9850000000004 -0.16799793862756093 61.500000000000007 56.500000000000007 9300.5500000000011 4309.1833333333343 3223.7226562500005 30.668750000000006 2197.5750000000003 3910.6500000000001 3.5000000000000004 6112.8550000000014 4734.7300520833342
decision_type=2 2 2 2 2 2 2 2 2 2 2 2 2 2 2 2 2 2 2 2 2 2 2 2 2 2 2 2 2 2 2 2 2 2 2 2 2 2 2 2 2 2 2 2 2 2 2 2 2 2 2 2 2 2 2 2 2 2 2 2 2 2
left_child=1 3 -3 4 16 6 -6 -8 19 10 -10 14 -7 18 -11 -5 -1 -18 -2 -4 21 23 -23 40 25 50 -25 28 -26 30 32 -32 -30 -29 -35 47 37 38 59 -40 41 -17 57 44 -38 58 51 49 -49 -36 -22 52 53 54 -16 -56 -53 -42 -46 -20 -61 -62
right_child=13 2 8 15 5 12 7 -9 9 11 -12 -13 -14 -15 46 20 17 -19 36 -21 24 22 -24 26 27 -27 -28 33 29 -31 31 -33 -34 34 35 -37 43 -39 39 -41 42 -43 -44 -45 45 -47 -48 48 -50 -51 -52 56 -54 -55 55 -57 -58 -59 -60 60 61 -63
leaf_value=0.00082634232938289638 0.0014825504636534819 -0.01209426907612436 0.00087742558109633298 -0.0070333465730602089 -0.0024773575220670965 -0.0057311802862104327 -0.0084724530962888497 -0.024419839162871521 -0.018968205978162584 -0.0094255475527461382 -0.0017998848679138624 -0.011217915930767328 0.0038700018526287745 0.001703140660817927 -0.0053967415148105753 2.9650236810917995e-05 5.7878317480737504e-05 -0.0099567968432544441 0.00037693786203036548 -0.0030514749903586165 -0.004949053529559112 -0.001911778749072255 -0.011259532313173016 -0.0091282106783119547 0.0027154470290630481 0.0062232694206986478 -0.0015998788757617284 0.0027040934813752477 -0.0091872737514179029 7.1581461981527121e-05 -0.016346922001987695 -0.00451003585383296 -0.00083004135638475407 -0.010476336455336067 0.00043187594122345391 -0.0078280229190789644 0.00059784313732573187 0.0059295472677510517 -0.0016481119331217848 -0.0096409276372287425 0.0016715094619700736 -0.0072100896839625553 0.0040400982581725656 -0.0010093542223161168 0.0024235396029184232 -0.00025273381582402568 0.0020727568044400725 -0.0053441334406154287 -0.00018961657743224911 0.0043595262238326779 0.001570395179008759 -0.0083628321666611542 0.0057796543379398909 -0.0089032199906013947 0.0056633020752403689 -0.0011552434150653426 -0.00069253256140897675 -0.0035628866580285478 0.0064207256403518839 -0.00061511266326197227 -0.00099328354182135728 -0.011895502682593538
leaf_weight=253 1537 68 486 54 53 66 43 52 47 43 46 51 71 2058 64 477 54 48 2130 183 40 395 89 45 129 122 450 297 45 189 49 54 185 40 887 45 2292 64 221 56 180 51 246 480 274 167 113 92 2404 177 410 70 43 52 56 119 44 82 149 1376 53 40
leaf_count=253 1537 68 486 54 53 66 43 52 47 43 46 51 71 2058 64 477 54 48 2130 183 40 395 89 45 129 122 450 297 45 189 49 54 185 40 887 45 2292 64 221 56 180 51 246 480 274 167 113 92 2404 177 410 70 43 52 56 119 44 82 149 1376 53 40
internal_value=-6.27502e-05 -0.000899085 -0.00251319 -0.000594392 -0.00340246 -0.00666491 -0.012086 -0.017365 -0.0020452 -0.00369283 -0.0105858 -0.00269948 -0.000763398 0.000655561 -0.00196286 -0.000345523 -0.000771935 -0.00470582 0.000411486 -0.000200246 -0.000294253 -0.00112495 -0.00365036 -0.000324717 2.99771e-05 0.00210817 -0.0023013 -0.000229238 -0.00195674 -0.00311434 -0.00491737 -0.0102442 -0.00249785 5.64723e-05 -0.000159942 -4.26012e-05 0.000185866 -0.000282949 -0.000387032 -0.00329286 0.000620999 -0.000681951 0.00197393 0.0007352 0.00102601 0.00268549 -0.0013751 5.79807e-05 -0.000381671 0.00108873 0.0009812 -0.00224744 -0.00114679 -0.00218657 -0.000694205 0.00104647 -0.00543413 2.59453e-05 0.00384335 -0.00016253 -0.000944465 -0.00575907
internal_weight=20256 9359 1485 7874 640 285 148 95 1417 748 93 655 137 10897 604 7234 355 102 8839 669 7180 2015 484 1531 5165 572 495 4593 651 522 333 103 230 3942 3645 3605 7302 3940 3876 277 1036 528 508 3362 2882 590 561 3560 2496 1064 450 448 334 291 239 175 114 262 423 3599 1469 93
internal_count=20256 9359 1485 7874 640 285 148 95 1417 748 93 655 137 10897 604 7234 355 102 8839 669 7180 2015 484 1531 5165 572 495 4593 651 522 333 103 230 3942 3645 3605 7302 3940 3876 277 1036 528 508 3362 2882 590 561 3560 2496 1064 450 448 334 291 239 175 114 262 423 3599 1469 93
is_linear=0
shrinkage=0.03


Tree=101
num_leaves=63
num_cat=0
split_feature=11 14 15 0 0 16 0 8 12 28 11 9 7 22 17 14 17 1 16 29 9 12 28 17 12 12 9 25 13 9 15 7 12 12 7 11 12 0 8 29 12 13 25 15 28 30 22 7 28 7 1 0 13 12 18 26 26 12 30 19 19 18
split_gain=12.8019 4.66229 3.74007 3.44835 4.39789 5.62286 6.05923 7.29367 3.51079 3.23595 3.4266 3.22368 3.35848 5.34968 3.1959 2.90066 2.74025 5.354 3.4255 4.29834 4.20189 3.05696 2.71775 2.67063 3.92178 2.6035 2.55438 2.48989 2.4506 2.34703 2.28597 3.67604 3.57278 2.25373 2.28299 2.07469 2.19056 2.0517 2.00529 1.90369 1.87504 2.42732 4.46348 2.09088 2.73969 1.86846 1.83648 1.91635 1.83517 1.80342 1.79499 3.28226 2.27142 2.13589 2.98288 1.95475 1.72598 2.34087 2.1862 1.7455 2.69659 1.7956
threshold=2929.1550000000002 1741.4178571428572 3911.7951562500002 59.500000000000007 51.500000000000007 3937.2600000000007 54.500000000000007 -0.39233249306308043 3198.8831175595246 3772.0333333333333 948.0150000000001 99.865000000000023 -0.99467753128998015 248.37999999999991 309.9550000000001 6600.0892857142862 29.590000000000003 5.5000000000000009 3848.1550000000002 23.543750000000006 2059.7950000000005 3134.809791666667 4978.9666666666672 29.810000000000002 2601.21709077381 2895.8436607142862 599.5350000000002 8875.4500000000025 1815.6231406704812 1750.3350000000003 3911.7951562500002 0.99818282439137029 2941.3424925595241 4340.6809523809543 0.99966190462023474 2470.1900000000005 2320.2956919642861 29.500000000000004 0.94636490295939868 24.906250000000004 3637.4897023809531 2031.3463024221585 7875.8000000000002 3836.4018750000009 4208.1416666666673 4.3562500000000002 -2573.8099999999999 0.97696484778429815 3430.1666666666674 0.97314989601849466 5.5000000000000009 25.500000000000004 1519.7813243212661 2601.21709077381 3741.3350000000005 26798.350000000002 21136.350000000002 2464.6969642857148 7.1062500000000002 1753.3350000000003 1700.7900000000002 989.94500000000005
decision_type=2 2 2 2 2 2 2 2 2 2 2 2 2 2 2 2 2 2 2 2 2 2 2 2 2 2 2 2 2 2 2 2 2 2 2 2 2 2 2 2 2 2 2 2 2 2 2 2 2 2 2 2 2 2 2 2 2 2 2 2 2 2
left_child=1 2 3 4 11 -6 7 -7 9 -9 -11 27 13 -13 45 26 17 21 19 -18 25 22 28 24 -14 -21 -2 -1 -3 -16 31 32 -28 34 -32 36 -25 -33 40 -35 43 42 -42 -34 -45 -8 -43 -48 -44 -17 53 -52 -53 54 -20 -54 -38 -58 59 60 61 -59
right_child=15 16 -4 -5 5 6 14 8 -10 10 -12 12 23 -15 29 49 18 -19 50 20 -22 -23 -24 35 -26 -27 30 -29 -30 -31 33 37 38 39 -36 -37 56 -39 -40 -41 41 46 48 44 -46 -47 47 -49 -50 -51 51 52 55 -55 -56 -57 57 58 -60 -61 -62 -63
leaf_value=0.0071839518172200773 0.0073149716704938323 -0.0024387270543717921 0.00032581918479298195 0.0035913811905679536 -0.013127982021086728 -0.016223206833470612 -0.0024041565558609534 -0.0022299143175819312 -0.00061272755531765718 -0.0052020424876998107 -0.017729129009119167 -0.00029841203151679619 -0.00023203757787613493 -0.015635853329939501 -0.010239918068641933 0.0018261443198540107 0.0015162725203360121 -0.011720821397999922 0.001223505620161533 0.0027740618815321636 -0.012031838406668337 0.0060417670384049415 0.0044081748170279999 -0.0067433119505802361 -0.011275070977542781 -0.007175529916789763 0.0012700666015105359 -0.0024311903529096305 -0.010296893357786588 -0.00070535017228261991 0.0018963695282855203 0.0010291242061335922 -5.4527425782277188e-05 -0.0015346550468474918 -0.0046767777997206855 -0.0072804349177220664 -0.0059160716704479074 0.0077187223261936978 0.0012186156129543218 0.0029111939077768978 -0.00028311412315815685 -0.0054758069151128299 -0.0049217325036547011 0.00065606264541433613 -0.008684276312301566 0.0045610341476334144 -0.00014396988209788947 -0.0033784921700711185 -0.013835781060726098 -0.0042549300032357377 0.0013586841225532776 -0.0077010613941638434 -0.0022439438214649863 -0.00017907777838690854 0.0097953489556817739 0.0033486084464162615 0.006787294835085049 -0.0023142399584972543 -0.0045843746584239807 0.0044667099160403852 -0.0069166889581011928 0.002944790147103049
leaf_weight=59 47 218 440 72 68 59 52 57 113 40 40 40 56 41 40 1917 89 53 340 45 72 41 42 46 59 48 1483 40 42 54 1694 80 2869 395 48 43 40 85 598 110 95 78 41 54 58 100 897 201 45 44 305 63 739 5122 40 60 47 94 82 88 46 151
leaf_count=59 47 218 440 72 68 59 52 57 113 40 40 40 56 41 40 1917 89 53 340 45 72 41 42 46 59 48 1483 40 42 54 1694 80 2869 395 48 43 40 85 598 110 95 78 41 54 58 100 897 201 45 44 305 63 739 5122 40 60 47 94 82 88 46 151
internal_value=-5.86769e-05 -0.000869718 -0.00212755 -0.00279082 -0.00308845 -0.00503842 -0.00402544 -0.00681534 -0.0045393 -0.00775009 -0.0116071 -0.00178098 -0.0023897 -0.00815781 -0.000507639 0.000643657 -0.000514245 -0.0029382 -0.000375189 -0.00378766 -0.00664047 -0.00155099 -0.00259834 -0.00175839 -0.00594595 -0.00238292 0.000412904 0.00331358 -0.00374271 -0.00482769 0.000375346 9.33105e-05 -2.06729e-05 0.00120134 0.00171267 -0.000994261 -0.00052773 0.00450102 -0.000408649 -0.000562413 -0.000633199 -0.00155719 -0.00478207 -0.000212201 -0.00421495 0.00217807 -0.0010572 -0.000738617 -0.00969148 0.0016876 -0.000244671 -0.00131281 -0.00225854 -1.79158e-05 0.00214915 -0.00182032 5.34831e-06 0.000482309 -0.000173799 0.000790021 -0.000333319 0.000925835
internal_weight=20225 9386 2067 1627 1555 623 555 309 250 137 80 932 833 81 246 10839 7319 396 6923 254 165 343 302 752 115 93 8878 99 260 94 8831 6584 6419 2247 1742 637 594 165 4936 505 4338 1357 181 2981 112 152 1176 1098 86 1961 6669 1167 862 5502 380 799 548 508 461 379 291 245
internal_count=20225 9386 2067 1627 1555 623 555 309 250 137 80 932 833 81 246 10839 7319 396 6923 254 165 343 302 752 115 93 8878 99 260 94 8831 6584 6419 2247 1742 637 594 165 4936 505 4338 1357 181 2981 112 152 1176 1098 86 1961 6669 1167 862 5502 380 799 548 508 461 379 291 245
is_linear=0
shrinkage=0.03


Tree=102
num_leaves=63
num_cat=0
split_feature=9 26 11 5 15 1 27 24 15 22 12 30 18 18 27 8 12 29 1 7 7 23 23 1 13 14 5 14 29 30 7 23 1 11 8 5 6 17 0 15 11 13 4 12 13 17 17 28 17 17 5 29 26 7 12 15 27 17 17 12 17 7
split_gain=11.3224 5.7924 4.98687 3.57468 4.74546 7.53529 6.6918 4.65095 4.63088 4.2867 4.04418 3.40611 2.95335 2.85008 3.4106 2.84732 5.54984 2.74128 2.46939 7.25301 7.54769 2.50228 3.08693 2.43341 2.35289 2.05436 1.91894 1.91439 1.74895 1.70966 2.05883 1.65725 1.89258 1.63447 1.63261 1.60636 1.59089 1.56653 3.48671 1.53989 1.53018 1.50873 1.50507 5.75771 2.5702 1.50517 8.48229 12.5832 3.20122 3.31621 5.52576 1.85252 6.22616 2.09076 1.71497 2.19838 1.43042 1.42174 2.28763 1.9353 2.40942 1.82216
threshold=3118.3300000000004 35671.250000000007 99.905000000000015 -0.60876142900872077 1675.6098437500002 1.5000000000000002 -9062.0999999999985 0.5858346065557013 1839.3738541666669 -2573.8099999999999 2742.8088392857148 1.3062500000000006 5075.7800000000016 2304.2700000000004 -8329.2499999999982 0.029024409397335523 3215.7238839285724 33.23125000000001 5.5000000000000009 0.9550229469509578 -0.98664820696349753 -482.53499999999991 -422.53071428571423 5.5000000000000009 2472.6052289630084 5737.6721428571445 -0.77259657388510594 1058.8421428571432 25.706250000000008 4.481250000000002 -0.98046803196378884 -254.55714285714285 5.5000000000000009 2000.3750000000002 0.097680735332368748 -0.77259657388510594 -0.93540483100319605 26.765000000000004 29.500000000000004 5258.7205208333344 1552.4500000000003 2360.9269484146703 1.0000000180025095e-35 3483.2771949404764 1818.5644335311038 99.095000000000013 87.695000000000007 3442.1916666666671 299.58500000000009 399.36000000000007 0.63405362205439497 20.131250000000005 24864.250000000004 -0.99763297024448894 3809.5961904761907 6704.3738541666671 4107.0000000000009 19.510000000000002 99.250000000000014 3520.1455877976191 1499.5400000000002 -0.60554068365937697
decision_type=2 2 2 2 2 2 2 2 2 2 2 2 2 2 2 2 2 2 2 2 2 2 2 2 2 2 2 2 2 2 2 2 2 2 2 2 2 2 2 2 2 2 2 2 2 2 2 2 2 2 2 2 2 2 2 2 2 2 2 2 2 2
left_child=1 3 -3 8 5 6 -5 10 28 -10 -6 -4 24 14 18 16 -13 31 21 20 -20 -9 -23 29 25 -2 41 -22 -1 57 -31 -11 -33 -26 -17 -34 -18 38 -15 40 -39 -25 45 44 -44 46 -24 -48 -47 50 -50 52 -51 -53 -55 -56 -32 -14 -59 -60 -61 -62
right_child=12 2 11 4 7 -7 -8 13 9 17 -12 15 23 37 -16 34 36 -19 19 -21 27 22 42 26 33 -27 -28 -29 -30 30 56 32 35 -35 -36 -37 -38 39 -40 -41 -42 -43 43 -45 -46 48 47 -49 49 51 -52 53 -54 54 55 -57 -58 58 59 60 61 -63
leaf_value=0.00077200185803865849 0.00051818805368197059 -0.010772819216539966 -0.0088101176963402677 -0.018468234056852897 -0.014108077301535495 0.0012184367964129285 -0.0022650807231132473 0.0035678681819454618 -0.006460852651039092 0.0015360449548206491 -0.0013448830129345877 -0.009888823975522357 0.005626366909026452 -0.00014802595616492909 -0.0096004230811173995 0.0062847079974314079 -0.0023230787303598066 0.0032747204480734317 -0.013925753448444126 -0.014841460574331672 -0.0065053272503681238 -0.0075318597796528294 0.0005155401217694709 -0.00077741368472079798 -0.0064514204763564398 0.0032568473590656568 0.0014497143583093312 -2.1617910966761308e-05 0.0080264375657541666 -0.0013802370507406388 0.0057590527478662288 -0.0002283336860273266 -0.008711628653615227 -0.00066209403628902583 -0.00038525529822115511 -0.00095881751214899578 0.0049075100409487881 0.0032243674972399256 -0.0076321363100298467 -0.0042419944531348055 4.2298335919157454e-05 -0.00610948492103899 -0.0056517384978820029 -0.012525541300072949 0.0023024272178094286 0.0017489733927244183 0.00052589963143691418 -0.019229780344880723 -0.0017832464170642196 -0.0010622754578499744 -0.014053676675645296 -0.0046524478413630275 -0.013009760339939317 0.0010059920706054664 -0.0026580676089871477 0.0038813691221210836 0.0027230472844834161 -0.0027665270159923237 0.0030501884260767664 -0.0014103763946741166 -0.0044633924804994172 0.0020380310684731924
leaf_weight=43 5137 78 64 52 42 77 41 113 81 447 47 77 68 199 42 48 69 279 42 42 45 62 271 147 45 258 220 376 99 81 204 875 45 968 101 51 44 140 77 72 3843 70 56 46 101 507 59 56 134 454 43 79 42 926 267 55 452 119 512 312 40 746
leaf_count=43 5137 78 64 52 42 77 41 113 81 447 47 77 68 199 42 48 69 279 42 42 45 62 271 147 45 258 220 376 99 81 204 875 45 968 101 51 44 140 77 72 3843 70 56 46 101 507 59 56 134 454 43 79 42 926 267 55 452 119 512 312 40 746
internal_value=5.67051e-07 -0.000661208 -0.00387585 -0.000511133 -0.00077783 -0.00572463 -0.011425 -0.000675065 0.000656574 0.000238711 -0.0074578 -0.0025176 0.000763231 -0.000600081 -0.00119752 -0.00130721 -0.00373354 0.000562106 -0.00110153 -0.00305214 -0.00195302 -0.000799545 -0.000956901 0.00154491 0.00040063 0.000649736 -0.000521561 -0.000728424 0.00585043 0.00190135 0.00311784 2.64513e-05 -0.000669356 -0.000925379 0.00179103 -0.00464529 0.000510723 -7.32564e-05 -0.002256 7.58296e-05 0.000154927 -0.00251757 -0.000822842 -0.00331374 -0.000552541 -0.000646973 -0.00238841 -0.0091771 -0.000378 -0.000917792 -0.0048264 -0.000535856 -0.0020981 4.92119e-05 0.00035032 -0.00153252 0.0036745 0.00140097 0.00123163 0.00152868 0.000817072 0.00170192
internal_weight=20188 10809 481 10328 8408 170 93 8238 1920 1778 89 403 9379 8149 3818 339 190 1697 3776 505 463 3271 3158 2971 6408 5395 437 421 142 2534 737 1418 971 1013 149 96 113 4331 276 4055 3983 217 3096 203 157 2893 386 115 2507 2000 177 1823 496 1327 1248 322 656 1797 1729 1610 1098 786
internal_count=20188 10809 481 10328 8408 170 93 8238 1920 1778 89 403 9379 8149 3818 339 190 1697 3776 505 463 3271 3158 2971 6408 5395 437 421 142 2534 737 1418 971 1013 149 96 113 4331 276 4055 3983 217 3096 203 157 2893 386 115 2507 2000 177 1823 496 1327 1248 322 656 1797 1729 1610 1098 786
is_linear=0
shrinkage=0.03


Tree=103
num_leaves=63
num_cat=0
split_feature=19 26 1 8 13 13 30 29 6 17 0 29 17 5 15 15 20 20 8 20 12 17 29 18 19 4 17 28 17 12 8 20 13 15 9 13 0 12 28 17 6 8 28 9 8 13 1 5 13 12 13 29 29 12 0 15 18 1 28 1 0 9
split_gain=10.6259 4.75281 3.32555 4.16136 3.21985 3.17472 3.13293 4.72661 3.59323 3.7039 3.09588 4.54195 3.04281 2.95751 2.91372 4.44626 3.15098 4.61933 5.45965 3.09235 3.00165 3.03487 7.22863 7.40964 2.73372 2.89924 2.56391 2.43855 2.40231 2.30329 2.7854 2.28738 2.32317 2.26503 2.29474 2.32136 3.06183 2.14791 2.82407 2.14148 2.09017 3.60321 2.0059 2.00376 1.96247 2.32064 1.93072 2.67423 1.91851 1.87076 1.74961 1.73096 1.72355 2.31135 4.69533 1.71842 2.65123 1.80226 1.71392 1.69596 1.611 1.59421
threshold=2900.7150000000006 32652.750000000004 5.5000000000000009 -0.43925659424557273 3057.8382860253264 2692.1841111005619 1.3062500000000006 24.218750000000004 -0.93540483100319605 54.335000000000001 51.500000000000007 29.981250000000006 49.790000000000013 -0.9733555533461492 3862.0491145833339 3846.9277083333341 3937.8582291666676 4539.8964062500008 -0.66686572813907907 3980.3703125000006 2773.3552678571436 399.36000000000007 29.693750000000005 2790.9550000000004 5000.2850000000008 1.0000000180025095e-35 99.170000000000016 6478.5500000000011 1457.8650000000002 4421.3623214285717 0.96849880583763492 4875.5103645833342 1908.2665856712363 3523.3634375000006 299.14000000000004 2495.2455268194403 40.500000000000007 3797.025498511905 6070.6400000000012 29.810000000000002 -0.32143946530316164 0.97461712852231652 3918.0133333333338 2379.9200000000005 0.080547328232315238 1410.5473748751367 1.0000000180025095e-35 -0.81241147629689037 1621.2586289518902 3761.321004464286 1142.4783825111308 27.256250000000005 27.381250000000005 4421.3623214285717 26.500000000000004 3923.4493229166669 4697.4550000000008 3.5000000000000004 5965.7766666666676 4.5000000000000009 45.500000000000007 1552.3700000000001
decision_type=2 2 2 2 2 2 2 2 2 2 2 2 2 2 2 2 2 2 2 2 2 2 2 2 2 2 2 2 2 2 2 2 2 2 2 2 2 2 2 2 2 2 2 2 2 2 2 2 2 2 2 2 2 2 2 2 2 2 2 2 2 2
left_child=1 14 3 12 5 24 7 -5 10 -10 48 -12 -3 -7 15 16 33 18 -18 -20 -16 22 23 -22 27 46 -21 29 49 30 31 32 39 34 60 50 43 -30 -39 44 41 -31 -11 -37 -2 -46 47 -26 -8 -23 -36 -27 53 54 -15 56 61 -57 -19 -35 -1 -34
right_child=4 2 -4 6 -6 13 8 -9 9 42 11 -13 -14 52 20 -17 17 58 19 26 21 28 -24 -25 25 51 -28 -29 37 40 -32 -33 55 59 35 36 -38 38 -40 -41 -42 -43 -44 -45 45 -47 -48 -49 -50 -51 -52 -53 -54 -55 -56 57 -58 -59 -60 -61 -62 -63
leaf_value=0.0075955871877032427 0.0031101224529009094 -0.0030142211244226645 -0.007727518074621912 -0.00025865303769119475 0.0032119745108353738 -0.008492185786565052 -0.0057698917888789154 -0.013241834436168732 0.0078018016588444318 -0.0039848021957815428 -0.014174980653969702 -0.001137336976826191 -0.013925991183969864 -0.00087437662284703117 0.0060943018023390319 -0.0095962226586058172 -0.011420932578233381 0.0031352237614352472 -0.0083688947959423172 -0.0072346889183030165 -0.016801522895891464 0.0011107443597121929 0.0020541970281661528 -4.0227201851931484e-05 0.0061008036460091421 0.00032117280435012356 -0.0011267438620955173 -0.0050716412402944605 0.0011826043313167907 -0.010830996259788258 0.0022080863388436057 0.0031382995180458582 0.0025088126369376316 0.0016735064650528742 0.0023173402255342807 -0.01320876051751306 -0.00032337422788259574 -0.00043834158995432766 -0.00757077285141315 0.0011540065794866054 0.00026439200479085609 -0.0011483951335136151 0.0029295204707319145 -0.0037027600217178196 0.001848984996706713 -0.0044172237386574612 0.0014310662953005368 0.0011114151130078007 0.00091440108135250992 0.006833632673447331 -0.00088864716281698353 -0.0053242690585277698 0.0012075721611754533 -0.00054371921875587617 -0.013720064748610769 0.0024384192481534781 -0.0035801537212430809 -0.0007111078843608622 -0.0024752645353631427 -0.0010969373438090675 -0.00017499769077403471 -0.0005663455654311058
leaf_weight=48 67 51 109 56 424 50 48 45 77 69 42 55 42 66 79 51 71 153 75 70 52 121 106 43 204 123 485 72 950 53 807 251 162 658 159 40 83 875 52 2483 165 97 81 41 74 184 1994 184 182 89 3635 80 208 227 41 368 253 293 71 284 47 2195
leaf_count=48 67 51 109 56 424 50 48 45 77 69 42 55 42 66 79 51 71 153 75 70 52 121 106 43 204 123 485 72 950 53 807 251 162 658 159 40 83 875 52 2483 165 97 81 41 74 184 1994 184 182 89 3635 80 208 227 41 368 253 293 71 284 47 2195
internal_value=2.73101e-05 -0.000727248 -0.00285342 -0.00213378 0.000650974 0.00054921 -0.00128452 -0.00611635 -0.000394197 0.00249923 -0.00240428 -0.00686954 -0.00803784 -0.00158434 -0.000508399 -0.000861452 -0.000784595 -0.00239201 -0.00358918 -0.00268985 0.0003822 0.000182396 -0.00332897 -0.00929428 0.000674299 0.00151578 -0.00190874 0.00038503 0.00052201 0.000438425 0.000549329 0.000337541 0.000221402 -0.000486507 -0.000794475 -0.000905427 -0.00438932 0.000180734 -0.000846162 0.000854229 -0.00206812 -0.00461865 -0.000256394 -0.00850092 -0.00143259 -0.00261974 0.00180917 0.00374364 -0.000499521 0.00355705 -0.000753715 -0.00191883 -0.000932618 -0.00226506 -0.00587802 -0.000321946 -0.000667988 0.00104337 0.0013538 0.000837978 0.00378942 -0.000354011
internal_weight=20320 9195 857 748 11125 10701 655 101 554 227 327 97 93 592 8338 5971 5920 925 701 630 2367 2288 201 95 10109 2585 555 7524 2087 7452 7137 6330 6079 4995 4053 3958 164 1877 927 2808 315 150 150 81 325 258 2382 388 230 210 3794 203 542 334 107 3271 2610 661 224 942 95 2357
internal_count=20320 9195 857 748 11125 10701 655 101 554 227 327 97 93 592 8338 5971 5920 925 701 630 2367 2288 201 95 10109 2585 555 7524 2087 7452 7137 6330 6079 4995 4053 3958 164 1877 927 2808 315 150 150 81 325 258 2382 388 230 210 3794 203 542 334 107 3271 2610 661 224 942 95 2357
is_linear=0
shrinkage=0.03


Tree=104
num_leaves=63
num_cat=0
split_feature=19 17 17 0 8 6 8 24 10 21 16 28 22 30 28 17 3 30 8 13 6 7 14 20 17 20 13 28 8 17 17 13 6 17 13 5 18 8 20 5 17 7 26 17 29 17 24 18 29 20 19 7 6 7 24 17 20 14 5 26 7 20
split_gain=9.12773 4.75856 7.07732 4.98172 3.84092 3.84975 6.15068 3.98373 3.74394 3.57476 8.7534 5.03017 3.0318 3.02186 2.61837 7.49268 4.24664 2.90722 3.64741 4.04474 3.80049 3.5596 3.30857 3.1235 3.09701 2.90524 2.55464 2.53827 3.27351 2.58415 4.94945 4.59391 2.66429 3.97815 2.27243 2.25182 2.19844 2.15011 2.1204 2.05517 2.00039 5.17123 4.30367 3.98613 5.16696 11.9477 2.7342 3.99631 2.67679 2.50408 2.12323 1.93763 1.89134 1.88099 1.87644 1.84539 1.83895 1.79153 1.77496 1.68501 1.66087 2.25244
threshold=2910.6350000000007 99.845000000000013 99.745000000000019 47.500000000000007 -0.60038941812636415 -0.81241147629688992 -0.46989712924132493 1.3806321536284429 2225.4500000000003 4939.9950000000017 3816.5150000000008 5333.2050000000008 -1750.3799999999997 6.6312500000000005 6112.8550000000014 1996.9900000000002 1.0000000180025095e-35 0.95625000000000082 0.97263757644091875 2507.8353709959251 -0.5 0.89546819317495652 8186.1635714285721 4500.4713020833342 19.510000000000002 4734.7300520833342 2651.6063810485211 5517.3550000000005 -0.45464412999974241 12.440000000000001 29.590000000000003 1737.3573913285638 -0.98611507088852035 99.290000000000006 1576.0166309652125 0.91037613702198772 4399.5600000000004 0.99024581825578073 2346.3047916666669 -0.8814490726585632 299.92500000000007 -0.99630266176052629 27051.250000000004 399.36000000000007 31.356250000000006 398.87500000000006 1.2449670222439246 1001.5900000000001 30.956250000000008 5009.9263020833341 2250.9250000000006 -0.99467753128998015 0.13052619222005152 0.99053107487289871 1.2971499517938843 1819.8550000000002 3480.0002604166671 2059.7921428571435 -0.8814490726585632 27381.300000000003 0.99466373373798567 4595.5490104166674
decision_type=2 2 2 2 2 2 2 2 2 2 2 2 2 2 2 2 2 2 2 2 2 2 2 2 2 2 2 2 2 2 2 2 2 2 2 2 2 2 2 2 2 2 2 2 2 2 2 2 2 2 2 2 2 2 2 2 2 2 2 2 2 2
left_child=1 2 4 -4 -1 9 8 13 -7 11 -11 -6 -12 35 17 16 -16 18 19 22 26 24 34 58 -19 -18 -21 28 -14 -30 31 -31 -32 59 55 -8 38 -25 -3 -22 -40 42 48 44 45 54 47 -45 -42 50 -49 -36 53 -23 -43 -2 -54 -9 -20 -34 61 -53
right_child=14 36 3 -5 5 6 7 57 -10 10 12 -13 27 -15 15 -17 25 21 23 20 39 52 -24 37 -26 -27 -28 -29 29 30 32 -33 33 -35 51 -37 -38 -39 40 -41 41 43 -44 46 -46 -47 -48 49 -50 -51 -52 60 56 -55 -56 -57 -58 -59 -60 -61 -62 -63
leaf_value=0.0056164016367984005 0.00089018449466801903 -0.0042419415201595794 -0.0026217893858750661 -0.01653310060976073 0.0037465362947340271 -0.0022667578087103638 -0.0022696653442383329 0.0065168777230407747 -0.015000009907000676 -0.017160773428275863 0.0040442937365624794 -0.0066309364323432632 -0.012225756452364079 0.0055275949873030191 0.0017715316488784516 -0.011655117002123131 -0.00061555070753837389 0.0049171475346848443 0.005942189118883107 -0.013770528917780101 -0.00676167141804139 0.0023819026387068656 0.003365759576862931 0.0023795766475370782 0.00052574354457537911 -0.0089428463192684025 -0.0033726947543587771 0.002029859180397847 0.0015346732870825837 -0.004202664355221002 0.0031971669710188543 -0.017881295800209047 -0.005194889433298479 -0.011766647319309412 -0.0065116395941004152 0.0019310780553127521 0.004832927180671018 -0.0011607480362930949 0.0011479124507255856 -0.00058380797629009867 -0.0065727079782465642 -0.00055015026537479235 -0.012623656165993046 -0.0073411521795941027 0.0041475937659209913 -0.019734200978030761 0.0010845817418557 -0.0014500560911172257 0.0022320130203013957 0.0026964944582891903 -7.6600214634864398e-05 -0.00018188595379762111 0.0071503856650700698 -0.0024855691637597319 -0.0074885824970260719 0.0053068874756756583 0.0029972714591635606 0.00041627049222588537 0.0022922534063493961 0.0024131446529645473 -0.0021970161016831038 0.004132139916579132
leaf_weight=63 828 126 44 49 118 43 603 104 40 46 42 64 50 59 314 57 85 152 159 40 55 238 282 255 2622 67 46 50 61 45 52 44 50 47 44 141 72 388 737 362 65 131 53 75 57 44 1202 1565 58 222 2869 3020 113 101 47 94 637 74 490 53 352 112
leaf_count=63 828 126 44 49 118 43 603 104 40 46 42 64 50 59 314 57 85 152 159 40 55 238 282 255 2622 67 46 50 61 45 52 44 50 47 44 141 72 388 737 362 65 131 53 75 57 44 1202 1565 58 222 2869 3020 113 101 47 94 637 74 490 53 352 112
internal_value=-5.22609e-06 -0.000697675 -0.00201753 -0.0100493 -0.00160834 -0.00186619 -0.00071761 -5.04243e-05 -0.00850878 -0.0035555 -0.00477902 8.10216e-05 -0.00359373 -0.000951504 0.000582664 -0.00148667 -0.000220596 0.000686961 0.000300814 -5.15991e-05 -0.00260652 0.00133916 0.000220476 0.00172768 0.000768054 -0.00432059 -0.00831159 -0.00431082 -0.00510254 -0.00405895 -0.00523274 -0.0110887 -0.00261073 -0.00463198 2.04451e-05 -0.00147203 -0.000347432 0.000244784 -0.00039953 -0.00141286 -0.000330994 -0.000501773 -0.00555812 -0.000357643 -0.00385554 -0.00591978 -0.000192533 -0.000517168 -0.00243637 -0.000405693 -0.000561585 -0.000326188 0.00279188 0.000928667 -0.00241381 0.00134574 0.0036317 0.00399716 0.00319423 -0.00129451 -0.000246224 -2.63472e-05
internal_weight=20178 9265 1942 93 1849 1786 1064 981 83 722 540 182 494 803 10913 523 466 10390 6527 5235 503 3863 4732 1292 2774 152 86 452 402 352 291 89 202 150 4450 744 7323 643 7251 417 7125 6388 176 6212 279 222 5933 4731 123 4656 4434 3528 1089 339 178 922 750 178 649 103 3484 3132
internal_count=20178 9265 1942 93 1849 1786 1064 981 83 722 540 182 494 803 10913 523 466 10390 6527 5235 503 3863 4732 1292 2774 152 86 452 402 352 291 89 202 150 4450 744 7323 643 7251 417 7125 6388 176 6212 279 222 5933 4731 123 4656 4434 3528 1089 339 178 922 750 178 649 103 3484 3132
is_linear=0
shrinkage=0.03


Tree=105
num_leaves=63
num_cat=0
split_feature=11 9 20 20 28 0 30 7 1 24 13 22 29 7 12 28 16 28 29 21 16 1 0 13 12 13 7 12 28 11 11 11 0 17 12 26 28 20 25 20 21 1 16 28 11 1 16 17 22 12 8 1 29 27 27 0 28 24 17 13 20 7
split_gain=10.1421 4.85096 4.66711 11.6596 6.88901 5.97717 5.66143 5.63749 5.0199 5.1821 5.1525 4.94595 3.75796 3.72711 4.65196 4.53207 3.63176 3.74314 5.69078 3.31719 3.26462 3.12119 3.61134 3.22301 5.9457 2.92682 2.75303 3.0831 2.67691 2.66489 2.57153 2.52206 2.44627 2.39475 2.07991 1.97666 2.03803 1.90929 2.87721 1.98344 1.86342 1.84 3.04111 1.80913 2.00971 1.79552 1.79195 3.38211 1.68356 2.65702 1.78411 5.74695 4.62813 1.66593 1.70626 1.64726 1.64673 1.60028 1.97395 1.751 1.66462 1.62956
threshold=3096.7000000000003 1899.9150000000002 3002.9783333333339 3141.651770833334 3797.7816666666672 50.500000000000007 8.1500000000000039 -0.82415615971448097 4.5000000000000009 1.0616721604705248 2268.1294417198242 -510.48000000000002 19.156250000000004 -0.77245553105869302 3320.8335491071434 4493.9033333333346 3409.6600000000003 5333.2050000000008 28.231250000000006 4500.8550000000005 3362.7800000000002 5.5000000000000009 23.500000000000004 1519.7813243212661 2780.6485342261908 2328.159666908185 0.9550229469509578 2895.8436607142862 4006.7550000000006 999.66000000000008 1450.6150000000002 1819.825 54.500000000000007 981.00500000000022 3294.3434300595245 6113.7500000000009 6112.8550000000014 3596.0298958333337 9696.1500000000015 3699.5498958333333 4059.5000000000005 1.0000000180025095e-35 6351.7350000000015 3834.711666666667 2280.2750000000005 4.5000000000000009 5421.3750000000009 1436.0300000000002 -548.38499999999954 2380.5719047619054 -0.66686572813907907 3.5000000000000004 30.418750000000006 -24833.649999999998 -14661.999999999998 29.500000000000004 3745.9916666666672 0.96798836805413291 0.94000000000000006 1822.8609751434526 2546.3523437500003 -0.87395131947920313
decision_type=2 2 2 2 2 2 2 2 2 2 2 2 2 2 2 2 2 2 2 2 2 2 2 2 2 2 2 2 2 2 2 2 2 2 2 2 2 2 2 2 2 2 2 2 2 2 2 2 2 2 2 2 2 2 2 2 2 2 2 2 2 2
left_child=1 2 13 4 -4 37 7 -7 9 12 -10 -6 -9 14 16 -16 -1 19 -19 -18 -3 40 -23 24 -24 34 27 -27 30 -15 -8 -13 53 -30 -25 36 -2 -5 39 -39 -22 42 55 44 -36 -38 47 -43 49 -42 51 -50 -53 -21 -55 -37 -14 58 -57 -60 -61 -59
right_child=35 20 3 5 11 6 28 8 10 -11 -12 31 56 29 15 -17 17 18 -20 32 21 22 23 25 -26 26 -28 -29 33 -31 -32 -33 -34 -35 43 41 45 38 -40 -41 48 46 -44 -45 -46 -47 -48 -49 50 -51 -52 52 -54 54 -56 57 -58 61 59 60 -62 -63
leaf_value=0.0062373681174170588 0.0017656926182097179 -0.0066029291253613485 -0.0020778861532821076 0.0023334097163254827 -0.0051595352936293117 -0.013566645792064567 -0.0094519111479437617 -0.0082207307875974151 -0.0019347312015185994 -0.011415475819746709 -0.016139746271073816 -0.022924107089638709 -0.0020979727245721731 0.0091750076280108506 -0.015147639110551349 -0.001856504373718053 0.0076016813884814119 -0.015090691209770739 -4.0942975692450995e-05 -0.0057065713985502958 -0.0058495526306796821 0.001182408638694671 -0.015737475123129445 0.0011169432918207338 -0.00053330981992185116 -0.0094499022919544064 -0.010996051308466122 -0.0012190296583360234 0.0054407966970466074 0.0011780741478589866 0.0010915632918477058 -0.012327294647539205 0.0029017504481509185 -0.0023460292478360359 -0.0091394825773787203 -0.0012766592286236819 0.00073844302379127058 -0.0048364681765087876 -0.0059977625497807576 0.0013901418456484106 0.0078954255596717007 -0.00033283121288522752 0.0047086570745848025 -0.00058872148780963096 -0.0019854155601293955 -0.006282005895239611 0.00048524945068884002 -0.0062828443710137719 0.00049478732838085094 0.00092611532569449376 3.6522408494717517e-05 -0.013382486436271764 -0.00034032084214101943 0.000303007162514957 -0.0057387589887690008 -0.0019987306479540209 0.0040981039946146923 -0.0043451878070951463 0.0096322293093960201 -0.0010216792724753285 0.0044273438051186526 0.0010754915474967674
leaf_weight=61 1929 72 75 245 45 71 42 40 40 43 54 42 59 41 41 52 42 41 49 95 47 334 43 290 49 52 47 182 89 355 40 48 103 58 58 248 83 55 82 258 52 907 223 231 90 53 5343 94 216 700 5518 60 41 190 53 60 108 61 41 68 191 255
leaf_count=61 1929 72 75 245 45 71 42 40 40 43 54 42 59 41 41 52 42 41 49 95 47 334 43 290 49 52 47 182 89 355 40 48 103 58 58 248 83 55 82 258 52 907 223 231 90 53 5343 94 216 700 5518 60 41 190 53 60 108 61 41 68 191 255
internal_value=-1.65843e-05 -0.000650988 -0.00177332 -0.00287115 -0.00940773 -0.00179559 -0.00383372 -0.00591905 -0.00430587 -0.0020658 -0.0101791 -0.0134347 -7.80528e-05 -0.000311553 -0.00158644 -0.00781485 -0.000661944 -0.00140601 -0.00698743 -0.000353709 -0.000287395 -0.000229809 -0.00152956 -0.00239914 -0.00773241 -0.00187507 -0.00443879 -0.00308054 -4.53135e-05 0.00202706 -0.00435757 -0.01747 -0.00112685 0.00237335 -0.000793217 0.000693695 0.00151529 0.000258048 -0.00103184 0.000284091 3.99694e-05 0.000467039 0.00157227 -0.00225391 -0.00483156 -0.00202335 0.000266996 -0.000897286 8.28742e-05 0.00141788 -8.93916e-05 -0.00227439 -0.00814338 -0.00235944 -0.00103286 0.00081105 0.00190961 0.00157771 0.00294234 0.00393391 0.00299829 1.86883e-05
internal_weight=20255 10699 2617 1494 210 1284 644 415 344 250 94 135 207 1123 727 93 634 573 90 483 8082 8010 1376 1042 92 950 281 234 229 396 82 90 441 147 669 9556 2065 640 395 313 6634 7491 1147 379 148 136 6344 1001 6587 752 5835 317 101 338 243 924 167 676 360 300 259 316
internal_count=20255 10699 2617 1494 210 1284 644 415 344 250 94 135 207 1123 727 93 634 573 90 483 8082 8010 1376 1042 92 950 281 234 229 396 82 90 441 147 669 9556 2065 640 395 313 6634 7491 1147 379 148 136 6344 1001 6587 752 5835 317 101 338 243 924 167 676 360 300 259 316
is_linear=0
shrinkage=0.03


Tree=106
num_leaves=63
num_cat=0
split_feature=11 15 29 17 24 0 1 1 17 14 28 25 15 12 17 1 21 15 28 24 25 13 0 15 17 8 8 28 17 10 11 12 15 15 28 29 30 13 17 28 23 5 5 18 28 29 17 29 28 21 21 0 15 15 21 0 6 15 29 0 17 16
split_gain=8.76473 5.64372 5.00327 7.3553 7.17383 4.62941 5.76688 3.73287 4.11055 4.22088 3.06241 5.20697 2.91018 2.75505 3.34746 3.57007 2.89545 4.06704 2.72991 2.67992 2.66742 2.5161 2.31079 3.57214 6.19403 5.87154 2.29449 2.29921 2.49752 2.17613 2.11485 2.074 2.05591 2.09183 1.9936 1.98029 2.29368 1.97778 2.11518 1.97572 1.9703 1.88187 3.94308 4.17616 3.59112 5.68747 2.49764 2.02627 3.56914 2.46753 6.77359 1.87451 1.76521 1.73347 1.66975 1.77352 1.6632 2.1584 1.66762 1.59748 1.5596 1.67659
threshold=2929.1550000000002 2197.0835416666673 24.006250000000005 22.185000000000006 1.5025850665026141 45.500000000000007 1.0000000180025095e-35 5.5000000000000009 49.455000000000005 1058.8421428571432 3834.711666666667 9568.1500000000015 3911.7951562500002 3363.6982738095244 424.66500000000002 1.5000000000000002 9999.6750000000011 3149.9946875000001 4978.9666666666672 0.80919192534935935 8099.0000000000009 2017.3773657238437 26.500000000000004 3272.2467187500001 859.58000000000015 0.063390085881955341 -0.55834004994684261 4217.5650000000005 1775.6100000000004 4260.5100000000011 1250.8050000000001 2848.4135342261911 3932.877500000001 3953.9343750000003 3976.9333333333338 31.456250000000004 5.0562500000000012 1767.5335484438272 2410.1900000000005 4077.3900000000008 -526.16928571428559 -0.32143946530316164 -0.22695468355932472 1890.7850000000001 3826.9633333333336 32.35625000000001 19.510000000000002 31.356250000000006 6033.6300000000019 6150.6500000000005 8650.345000000003 54.500000000000007 3045.4947395833337 3670.2152083333335 9999.6750000000011 92.500000000000014 0.41248606129204551 1839.3738541666669 24.306250000000006 39.500000000000007 29.590000000000003 6560.5200000000013
decision_type=2 2 2 2 2 2 2 2 2 2 2 2 2 2 2 2 2 2 2 2 2 2 2 2 2 2 2 2 2 2 2 2 2 2 2 2 2 2 2 2 2 2 2 2 2 2 2 2 2 2 2 2 2 2 2 2 2 2 2 2 2 2
left_child=1 2 -1 5 10 -4 -7 41 -9 -10 -5 19 13 26 21 29 20 -18 -6 -12 -17 -15 -11 30 25 -25 40 -28 56 53 -24 -14 -33 39 59 36 -32 -35 54 -34 -2 46 43 44 52 -46 -3 48 49 -48 -51 -40 -43 -16 -39 -56 57 -29 -58 -26 -52 -62
right_child=12 7 3 4 18 6 -8 8 9 22 11 -13 31 14 15 16 17 -19 -20 -21 -22 -23 23 24 34 -27 27 28 -30 -31 35 32 33 37 -36 -37 -38 38 51 -41 -42 42 -44 -45 45 -47 47 -49 -50 50 60 -53 -54 -55 55 -57 58 -59 -60 -61 61 -63
leaf_value=0.0006730890344516274 0.0053045612111908653 0.0062823621414347802 0.0065044428594410418 0.0017223778333514928 -0.020076040027940525 -0.012342272551010995 0.0025026675308537148 -0.0086769541053983729 -0.0083043910462695814 0.0011334385274342931 -0.0039363931551030492 0.0018608618887762227 0.0074218201097481108 -0.0052917117619547035 0.00010686714477377861 -0.00045477492121370647 0.0030836024559726606 -0.00082975838956810487 -0.0092824568342184648 -0.013751525521053432 -0.0082362541569419561 -0.0011813164702506966 0.0045366024370654479 -0.0033534278093211465 -0.0091155889591701868 -0.016042746190275799 0.0011440477608314023 0.0059663257506711968 -0.0055517157898526438 0.0041753990798402809 -0.00013607702710070969 0.0043589323256696972 0.00023121543988188512 -0.0017810307068702967 -0.00022174692469695455 0.0050876345327578306 -0.0082305538944553499 0.00653431118815206 0.00088143411389575085 -0.008309364875142531 -0.00054592265450156515 -0.0063336721016094086 -0.00029375165566066842 -6.9507203100679013e-05 -0.014788518109283335 -0.0023141835758187733 0.0026288121259829952 0.0017768381977756392 -0.0086153900523980448 -0.0093538653836585575 -0.0042368144266462576 -0.0056559735310396982 0.0018349448584730884 0.0033194582987349799 0.0016135663479255973 -0.0029040822897244381 -0.005817383616130151 0.00024959113294129032 -0.00070300383088008035 -0.0026136839988401988 -0.0043229606274894647 0.00071835115085331302
leaf_weight=187 176 65 61 49 46 41 53 75 77 313 40 44 48 162 650 77 279 1632 44 71 81 760 99 79 40 56 2285 67 82 224 118 174 60 191 370 40 42 59 90 40 73 40 4811 194 73 60 253 610 44 74 71 69 56 196 2360 80 68 473 343 210 63 821
leaf_count=187 176 65 61 49 46 41 53 75 77 313 40 44 48 162 650 77 279 1632 44 71 81 760 99 79 40 56 2285 67 82 224 118 174 60 191 370 40 42 59 90 40 73 40 4811 194 73 60 253 610 44 74 71 69 56 196 2360 80 68 473 343 210 63 821
internal_value=-5.12311e-05 -0.000721526 -0.00344795 -0.00516197 -0.00794213 0.000128488 -0.00403401 -0.000523073 -0.00187457 -0.0015155 -0.00478851 -0.00684464 0.00053162 0.000214025 -0.000320284 0.000146668 -0.000580885 -0.000257106 -0.0149592 -0.0102813 -0.00447073 -0.00190848 -0.00112731 -0.00179911 -0.0028971 -0.0086964 0.000822252 0.000613222 -0.000560937 0.00155273 0.000973821 0.0012953 0.00119879 0.00101092 -0.00162237 -0.000803552 -0.0022988 0.00116098 0.00137298 -0.00323346 0.00359404 -0.000239104 -0.000538241 -0.00331169 -0.00604611 -0.00922027 0.000543224 0.000347392 -0.00031104 -1.95301e-05 -0.000672597 -0.00197317 -0.00159885 0.000854196 0.00158658 0.00146432 -0.000125227 0.000968607 -0.00156124 -0.00368616 9.16792e-06 0.000354593
internal_weight=20189 9390 636 449 294 155 94 8754 1519 1444 204 155 10799 7628 4061 3139 2069 1911 90 111 158 922 1367 1054 755 135 3567 3318 1033 1070 299 3171 3123 2949 620 200 160 2849 2658 100 249 7235 5234 423 229 133 2001 1936 1326 1282 1029 159 96 846 2499 2440 951 540 411 250 955 884
internal_count=20189 9390 636 449 294 155 94 8754 1519 1444 204 155 10799 7628 4061 3139 2069 1911 90 111 158 922 1367 1054 755 135 3567 3318 1033 1070 299 3171 3123 2949 620 200 160 2849 2658 100 249 7235 5234 423 229 133 2001 1936 1326 1282 1029 159 96 846 2499 2440 951 540 411 250 955 884
is_linear=0
shrinkage=0.03


Tree=107
num_leaves=63
num_cat=0
split_feature=9 19 15 13 13 20 11 18 28 22 18 24 13 9 4 29 18 8 30 28 9 14 7 27 11 15 19 28 28 9 28 20 8 22 15 1 13 23 21 18 29 21 19 11 1 5 13 28 1 29 13 7 13 7 22 20 1 0 7 7 20 22
split_gain=7.62455 2.8376 3.03137 3.68449 4.2819 13.4302 3.58823 3.21946 4.0581 6.13568 3.2795 2.78303 2.70532 2.44307 2.31414 3.93418 4.86202 4.0868 2.68481 4.83384 7.20706 2.26779 2.21459 3.31393 2.78259 2.85676 2.3639 2.35974 1.94408 2.73277 2.71582 2.95108 3.17864 3.37211 2.51756 2.39823 2.34388 1.79686 3.80305 8.3339 3.23553 2.71709 1.78135 1.68706 1.63469 3.63542 1.61616 1.57946 3.61765 2.6975 2.83271 2.35918 2.49652 2.00912 1.9799 2.02446 1.97975 2.99797 2.13965 1.85888 2.02173 1.80395
threshold=3118.3300000000004 2089.2450000000003 2197.0835416666673 1356.5064545269468 1501.9944615837587 3002.9783333333339 499.85500000000008 399.89500000000004 5278.2016666666677 280.47499999999997 1150.4900000000002 1.1726034687403046 1650.8995818775841 1761.3900000000001 1.0000000180025095e-35 24.218750000000004 1890.7850000000001 0.097680735332368748 7.5437500000000002 5936.2750000000005 2450.7700000000009 9117.9414285714302 0.99907018497641664 -26908.199999999997 49.745000000000012 5304.4725520833344 1624.5900000000001 3958.0783333333334 3877.1783333333337 499.78500000000003 5778.9400000000014 4520.7144270833351 -0.022575793296316496 59.049999999999734 2483.2945833333338 4.5000000000000009 2153.2674147959851 -822.43857142857121 4339.8900000000003 2749.0300000000007 25.993750000000002 5115.630000000001 1750.0850000000003 1867.6800000000003 5.5000000000000009 -0.81241147629689037 1804.0505770258894 6112.8550000000014 4.5000000000000009 24.406250000000004 2681.7941131009761 0.89546819317495652 1822.8609751434526 -0.78856175031405207 -934.76499999999976 3480.0002604166671 2.5000000000000004 74.500000000000014 0.99374995976406788 0.8713187725699193 2588.6312500000004 -1.0000000180025095e-35
decision_type=2 2 2 2 2 2 2 2 2 2 2 2 2 2 2 2 2 2 2 2 2 2 2 2 2 2 2 2 2 2 2 2 2 2 2 2 2 2 2 2 2 2 2 2 2 2 2 2 2 2 2 2 2 2 2 2 2 2 2 2 2 2
left_child=1 2 6 -4 5 43 -1 -8 9 10 -9 22 -13 -7 18 -16 -17 -18 19 37 -21 44 23 26 -25 28 27 -6 34 42 31 32 33 -31 -26 -32 -36 40 39 -39 -3 -42 -30 -5 47 -46 -14 49 -49 50 -2 52 -51 -50 -53 -56 57 -57 -58 60 -54 -52
right_child=21 14 3 4 11 13 7 8 -10 -11 -12 12 46 -15 15 16 17 -19 -20 20 -22 -23 -24 24 25 -27 -28 -29 29 30 35 -33 -34 -35 36 -37 -38 38 -40 -41 41 -43 -44 -45 45 -47 -48 48 53 51 61 54 59 -55 55 56 58 -59 -60 -61 -62 -63
leaf_value=-0.01154572014696896 0.00042949539813070251 -0.00010243076965847509 0.0039238788811913269 0.006190615676875625 -0.013431230952196262 -0.0092194562989541071 0.0037482110317796466 -0.0063084366568364201 -0.012675373980642429 -0.011033454942770979 0.0033583422139054162 -0.0056538694028465735 0.0028979435285689035 -0.019869685419267268 0.0014565854619254621 -0.014329791660704536 -0.00036719389647866288 -0.01048669857889763 0.0022682017234155792 -0.01626924301364592 -0.00058279858999109519 0.0024507483872019003 0.0029091277799894472 0.0054662318335613235 -0.0096608380819784741 -0.0090015533988421059 -0.00064651042797777333 -0.0044292156038613154 0.00042197457199000704 -0.010807358317907918 -0.0015839611692354083 0.0042125814697557907 0.00086493199833631996 -0.0014318727843625389 -0.0015502480908444233 -0.011455393021858138 -0.0082492859557903604 -0.00027062452371143898 -0.00018354359720967192 -0.014745868258894635 0.010245391060598194 0.0022864777113863963 0.0082879820382816983 -0.0014838877499169572 -0.0028564640426437778 0.0005163060338198599 -0.00013567886548876174 0.00039368525671306997 -0.0021767883877328131 0.0031216360374344719 -0.0015689638987301528 0.0055503371142195694 -0.0026993175031160576 -0.011208609268069266 0.0055058624254108023 -0.0042689704370673879 0.0038791747010343347 0.0033391553428597175 -0.0012701782436025412 -0.0052928781136870381 0.00091093719545898419 -0.0081643296993803242
leaf_weight=47 4161 389 131 41 50 43 56 43 41 54 111 73 178 40 137 40 143 47 398 41 71 542 82 47 45 48 47 57 58 55 49 97 189 91 424 40 52 115 5460 51 55 127 46 66 411 952 1350 281 47 357 150 180 155 42 122 115 275 77 98 50 1329 49
leaf_count=47 4161 389 131 41 50 43 56 43 41 54 111 73 178 40 137 40 143 47 398 41 71 542 82 47 45 48 47 57 58 55 49 97 189 91 424 40 52 115 5460 51 55 127 46 66 411 952 1350 281 47 357 150 180 155 42 122 115 275 77 98 50 1329 49
internal_value=-5.66217e-05 -0.000599281 -0.00126619 -0.00099105 -0.00118921 -0.00554831 -0.00391272 -0.0027026 -0.00416257 -0.00243195 0.000635891 -0.000918413 -5.17831e-05 -0.0145275 -0.00024552 -0.00256182 -0.00495134 -0.00291224 -0.000118411 -0.000269305 -0.00641832 0.000568765 -0.00185713 -0.00213918 -0.00162107 -0.0019044 -0.0062769 -0.00872118 -0.00159954 -0.000469987 -0.00135755 -0.000368994 -0.00170419 -0.00501323 -0.00295108 -0.00609855 -0.00229784 -0.000157155 -0.000319977 -0.00477951 0.00144487 0.00473449 0.00394697 0.0014869 0.000453256 -0.00050207 0.000219379 0.000627193 -0.0012815 0.000726574 0.000261965 0.00146069 0.000865783 -0.00651618 0.00275575 0.00201654 0.0012547 -0.0012163 0.00252648 0.000339098 0.000532292 -0.00322565
internal_weight=20218 10825 3751 3399 3268 190 352 305 249 208 154 3078 1601 83 7074 367 230 190 6707 6309 112 9393 1477 1395 1241 1194 154 107 1146 625 521 432 335 146 521 89 476 6197 5626 166 571 182 104 107 8851 1363 1528 7488 370 7118 4360 2758 1891 89 867 687 565 192 373 1534 1484 199
internal_count=20218 10825 3751 3399 3268 190 352 305 249 208 154 3078 1601 83 7074 367 230 190 6707 6309 112 9393 1477 1395 1241 1194 154 107 1146 625 521 432 335 146 521 89 476 6197 5626 166 571 182 104 107 8851 1363 1528 7488 370 7118 4360 2758 1891 89 867 687 565 192 373 1534 1484 199
is_linear=0
shrinkage=0.03


Tree=108
num_leaves=63
num_cat=0
split_feature=19 24 26 10 11 15 7 22 7 5 20 11 10 5 3 28 2 28 17 17 15 17 22 17 25 16 20 20 20 29 21 9 20 27 20 26 24 28 26 7 5 17 7 16 19 2 10 15 20 5 10 24 14 15 24 15 24 24 22 17 11 16
split_gain=7.82237 5.04641 3.48165 6.09862 3.30018 2.70344 5.18955 4.38891 4.18288 4.48105 3.13114 3.78028 2.54996 2.59402 2.52555 2.43446 2.62414 2.18451 2.03359 2.67541 1.94049 1.89449 1.87148 1.85784 1.8349 3.76907 5.02199 3.6859 11.372 3.1768 3.47842 3.30696 2.70655 4.31797 4.28957 3.39168 2.16613 2.14723 1.85208 1.82512 3.96576 2.04962 2.41279 1.78788 1.73231 2.39114 1.66358 1.63874 2.35094 2.04482 2.03561 1.89086 1.85318 1.70752 2.2916 1.70475 1.66727 1.61748 1.61203 1.59048 1.57769 1.51301
threshold=4036.4700000000007 0.49541412977816429 35671.250000000007 2085.4750000000004 1664.7450000000001 3862.0491145833339 0.99818282439137029 -2899.6249999999991 0.99700008544936913 0.44228869021900152 6474.4950520833345 2084.1600000000003 2690.0450000000005 -0.70710678118654735 1.0000000180025095e-35 6402.1216666666687 2.5000000000000004 4560.6583333333338 1800.5700000000004 1771.4650000000004 3831.853697916667 1862.6650000000002 177.75500000000002 26.765000000000004 7832.6500000000005 4031.0200000000004 2550.7788541666673 3002.9783333333339 3014.0405208333336 31.456250000000004 5088.1000000000013 399.19000000000005 3937.8582291666676 -13428.599999999997 3238.9461979166676 31650.750000000004 0.68648301289510505 4434.4583333333348 30107.000000000004 0.96904697354198299 0.84874750804349197 1457.8650000000002 -0.93235440815991333 3399.8100000000004 1120.3050000000001 3.5000000000000004 1335.1900000000003 3666.2535937500002 3103.2558854166668 -0.81241147629689037 3890.6500000000005 0.76269579006253607 7903.0600000000004 3464.5042708333335 1.02441520033698 2377.9046875000004 0.78155671940008231 2.4038734244016253 -421.52000000000004 1894.6700000000003 8999.3850000000002 3399.8100000000004
decision_type=2 2 2 2 2 2 2 2 2 2 2 2 2 2 2 2 2 2 2 2 2 2 2 2 2 2 2 2 2 2 2 2 2 2 2 2 2 2 2 2 2 2 2 2 2 2 2 2 2 2 2 2 2 2 2 2 2 2 2 2 2 2
left_child=1 -1 5 4 14 6 7 -3 12 -10 15 -12 13 23 17 16 -7 -4 19 43 61 -20 -6 -9 29 26 -26 59 -29 31 -31 -15 34 -34 35 37 -33 -30 46 41 44 42 -18 -2 -41 -46 -36 48 49 51 -49 -45 53 55 -55 -50 -52 -38 -13 -27 -51 -14
right_child=18 2 3 -5 22 10 -8 8 9 -11 11 58 20 24 -16 -17 39 -19 21 -21 -22 -23 -24 -25 25 27 -28 28 32 30 -32 36 33 -35 38 -37 57 -39 -40 40 -42 -43 -44 47 45 -47 -48 50 52 60 56 -53 -54 54 -56 -57 -58 -59 -60 -61 -62 -63
leaf_value=-0.0094620188462108176 0.0063916084682568907 -0.0091624222472661502 0.00055163540458919372 -0.013103140920321357 0.0032558950897919204 -0.0006355085038569308 0.00429271873920236 0.0053742743387528054 -0.00092423095484264186 -0.013079333745860209 -0.011552159061155668 0.0034513242221336162 -0.004451172937260708 0.0055950116789317689 -0.009522610847838224 -0.0059849128426518287 -0.00065308892459754373 -0.00705959103571005 0.0039100180689182855 -0.0042107074542953489 -0.0032773126597260877 0.0013774995832046832 -0.0027920585089183684 0.00032552033413745711 -0.00040009950520470739 0.0008209268870517421 -0.013879001832233284 -0.015372499497765202 -0.0009763988500767043 -0.012502007651619794 -0.0016823862215999184 -0.0067856435144785787 -0.0022835439827155871 -0.010591633288215285 -0.0039511625475061015 -0.011880898577865305 -0.00059452550401019105 -0.0077828527961133253 0.0050069078348891497 -0.0047103194951545442 -0.0076442000203089614 0.00099922256753046156 0.0042263931089230626 0.0056357837022027969 -0.002021848961970735 0.0032759653787541214 0.00083153567509521053 0.0044890667597501308 -0.0032279692396667654 0.00081631170843100712 -0.0023532594327490197 0.0016302513664154257 0.0021569414487487338 -0.0016125070133455918 -0.0087209234953693603 0.00019633054061151734 0.0016598989766248133 0.004758237900582921 -0.0037404619379231008 -0.0048198453891827552 -0.0036347827772774239 0.0001916770328029811
leaf_weight=53 50 52 94 46 127 1028 202 76 62 48 40 45 63 79 59 49 118 52 356 97 154 1050 71 444 47 549 52 58 185 40 78 49 250 72 79 40 2229 53 76 49 62 2113 397 146 122 203 359 199 152 456 108 386 216 208 50 903 644 51 71 48 84 4879
leaf_count=53 50 52 94 46 127 1028 202 76 62 48 40 45 63 79 59 49 118 52 356 97 154 1050 71 444 47 549 52 58 185 40 78 49 250 72 79 40 2229 53 76 49 62 2113 397 146 122 203 359 199 152 456 108 386 216 208 50 903 644 51 71 48 84 4879
internal_value=3.4484e-05 -0.000307298 -0.000274584 -0.00287385 -0.00167669 -0.000194844 -0.000456929 -0.000551662 -0.000506516 -0.00629832 0.00043785 -0.00372096 -0.000442247 -0.000929778 -0.00433548 0.000595381 0.00067562 -0.0021888 0.00105018 0.000680705 2.79626e-05 0.00202106 0.00108405 0.00107231 -0.0011669 -0.00187961 -0.00754792 -0.00155831 -0.00253499 -0.00063931 -0.00542429 -0.000402675 -0.00185342 -0.00416829 -0.000908208 -0.00390323 -0.000608432 -0.00251834 0.0007161 0.00111558 -0.000680758 0.00141375 0.00310928 0.000813561 0.000490916 0.00128715 -3.81325e-05 0.000733264 0.00034333 0.00141982 0.00179826 0.00273803 -0.000411844 -0.000835752 -0.00301846 -0.000299618 0.00108118 -0.000472759 -0.000944892 0.000360096 0.00011848 0.000131602
internal_weight=20278 15173 15120 449 403 14671 10374 10172 10120 110 4297 156 10010 4914 205 4141 4092 146 5105 3699 5096 1406 198 520 4394 1868 99 1769 1172 2526 118 2408 1114 322 792 278 2329 238 514 3064 436 2628 515 3602 374 325 438 3552 2601 1072 951 532 1529 1313 258 1055 752 2280 116 597 540 4942
internal_count=20278 15173 15120 449 403 14671 10374 10172 10120 110 4297 156 10010 4914 205 4141 4092 146 5105 3699 5096 1406 198 520 4394 1868 99 1769 1172 2526 118 2408 1114 322 792 278 2329 238 514 3064 436 2628 515 3602 374 325 438 3552 2601 1072 951 532 1529 1313 258 1055 752 2280 116 597 540 4942
is_linear=0
shrinkage=0.03


Tree=109
num_leaves=63
num_cat=0
split_feature=18 28 17 1 12 14 5 15 20 7 10 11 18 29 13 0 0 16 15 15 29 0 14 13 17 17 12 1 12 27 15 15 17 18 29 16 13 17 13 13 10 14 8 20 12 12 7 20 13 15 15 2 24 1 15 10 29 21 14 20 20 2
split_gain=8.53167 3.75832 5.94506 3.68295 3.27016 3.19944 3.45539 3.64017 8.0753 3.33047 7.2797 7.84439 3.47828 2.63494 2.4848 2.42457 2.20869 2.96596 3.09063 4.93405 2.863 3.34421 2.34869 2.10243 2.12252 2.97101 3.0919 2.74836 2.29926 2.20436 2.09671 3.23178 2.6811 2.48112 2.19157 1.787 1.69817 1.67324 1.63372 5.84908 1.74208 3.75604 2.2517 1.63201 2.25273 1.98343 1.55699 2.22478 1.52925 2.53462 2.17861 2.9557 1.76442 1.48924 1.47621 1.46252 1.56192 1.87317 1.45874 1.45404 1.90615 3.04849
threshold=3269.2250000000004 6112.8550000000014 1996.9900000000002 4.5000000000000009 3560.6933482142863 2117.0421428571431 -0.60876142900872077 1839.3738541666669 2546.3523437500003 -0.99372698525316483 1819.7650000000001 1993.1050000000002 2919.1350000000007 28.156250000000004 1356.5064545269468 45.500000000000007 49.500000000000007 4035.2800000000002 2285.5106250000003 2467.3894270833339 20.031250000000004 57.500000000000007 462.50714285714292 1830.7395468007846 1498.9000000000003 1481.0950000000003 5197.0143377976201 1.5000000000000002 4340.6809523809543 18053.450000000001 2805.7307291666671 2955.1737500000004 299.21000000000009 1543.3750000000002 29.506250000000005 3362.7800000000002 3031.5502643691261 142.90500000000003 2759.733230522133 2893.7073291415331 1750.5100000000002 2005.0378571428573 -0.71651921942129271 4587.9137500000006 3782.6475297619054 4078.0490997023812 -0.98930078251469888 3493.3750000000005 1915.3531512054417 3625.6549479166674 3568.6983333333342 10.500000000000002 0.81872503850827638 5.5000000000000009 4128.5055729166679 1170.9350000000002 30.956250000000008 6650.6950000000006 7392.21 4734.7300520833342 4056.5853645833336 8.5000000000000018
decision_type=2 2 2 2 2 2 2 2 2 2 2 2 2 2 2 2 2 2 2 2 2 2 2 2 2 2 2 2 2 2 2 2 2 2 2 2 2 2 2 2 2 2 2 2 2 2 2 2 2 2 2 2 2 2 2 2 2 2 2 2 2 2
left_child=5 13 3 -3 -5 6 55 8 -8 10 15 -12 14 23 -11 -9 38 -18 -19 -20 21 -21 -22 -2 25 26 36 58 43 -30 34 -32 33 -33 -24 -7 -25 -36 40 -40 41 -16 -42 44 54 -46 47 53 -37 50 52 -52 -50 -15 -29 -1 57 -57 -26 60 -54 -62
right_child=1 2 -4 4 -6 35 7 9 -10 12 11 -13 -14 46 16 -17 17 18 19 20 22 -23 30 24 27 -27 -28 28 29 -31 31 32 -34 -35 37 48 -38 -39 39 -41 42 -43 -44 -45 45 -47 -48 -49 49 -51 51 -53 59 -55 -56 56 -58 -59 -60 -61 61 -63
leaf_value=0.0052224533145516349 0.0015333425484989375 0.0013911003925758502 -0.011586742711746516 -0.0099955847288947554 -0.00085625283876590932 -0.004934215657052282 0.00022397797539546762 0.0054999905272803094 -0.012928155500871631 0.0033643351924346741 -0.020536952298134566 -0.0034245155085074275 -0.0093457866370057069 0.0067175538435445296 -0.00054147269616534606 -0.0034159111972390248 -0.0097150672074745991 0.004749821984028864 -0.011255007733364918 -0.012878075519056859 -0.0070497158289713367 -0.0012705999647732824 0.0069639126993193898 -0.00011341426281547596 0.001927534096214665 -0.0064995681779349548 -0.0076027168911330552 0.00048134844679922857 -0.0016042109540868826 0.0036664793378225076 -0.00836143124542248 -0.0013727547971104257 -0.00021912858864971409 -0.010718388888364036 -0.004801804491448714 0.00031183544053471759 0.0051726197995178927 0.0034747295218209421 -0.012861825978449945 2.7682508198687665e-05 -0.0049442635733972897 -0.0092774638719856743 0.0013522381363981078 0.003123329287675228 -0.0020143411565580597 0.0037278440963564208 0.0023648127746014255 -0.0042056308189373321 0.0022195660869308216 0.00016858421604916475 -0.011367484517342581 -0.0017812310284453217 -0.0011299897092668383 -0.0012465326050513012 0.0033083291640838971 -0.0069226494168567396 0.0032750571285982411 0.00063357514483010705 0.0056276343090641764 0.0032827322798032986 -0.0091830197987343432 -0.00065864042361925648
leaf_weight=78 1661 264 50 58 88 70 91 46 77 115 42 56 44 41 576 65 43 61 50 42 58 47 57 2350 351 67 48 398 605 80 56 60 641 44 42 3522 55 44 41 129 54 47 727 293 352 63 1291 82 139 2266 43 86 1629 42 285 40 107 105 132 60 70 81
leaf_count=78 1661 264 50 58 88 70 91 46 77 115 42 56 44 41 576 65 43 61 50 42 58 47 57 2350 351 67 48 398 605 80 56 60 641 44 42 3522 55 44 41 129 54 47 727 293 352 63 1291 82 139 2266 43 86 1629 42 285 40 107 105 132 60 70 81
internal_value=-4.18701e-06 0.000709176 -0.00192674 -0.000723368 -0.00453024 -0.000534189 -0.001265 -0.00155316 -0.00584491 -0.00132516 -0.00497732 -0.0108918 -0.00106726 0.000857334 -0.000939967 0.000295084 -0.00111669 -0.00206036 -0.00177868 -0.00213156 -0.00170351 -0.00683051 -0.00124176 0.000607144 0.000304005 -0.000313952 -0.000142422 0.000912429 0.000437579 -0.000984208 -0.000877837 -0.0014755 -0.000947381 -0.0053911 0.00245689 -0.000196007 9.57181e-06 -0.000576032 -0.000369429 -0.003138 -3.22086e-05 -0.00121434 0.000911119 0.00113794 0.000605787 -0.00113577 0.00201428 -0.00072609 -0.000153382 -0.000527967 -0.00127645 -0.00503951 -0.00102874 0.00272067 0.00166409 0.00166045 0.000541646 -0.00148404 0.00294828 -0.0012752 -0.00143059 -0.00464476
internal_weight=20307 8656 460 410 146 11651 3685 3355 168 3187 209 98 2978 8196 2934 111 2819 1245 1202 1141 1091 89 1002 6740 5079 2520 2453 2559 2076 685 944 801 745 104 143 7966 2405 86 1574 170 1404 623 781 1391 1098 415 1456 165 7896 4374 2108 129 1979 83 683 330 252 145 483 1840 1780 151
internal_count=20307 8656 460 410 146 11651 3685 3355 168 3187 209 98 2978 8196 2934 111 2819 1245 1202 1141 1091 89 1002 6740 5079 2520 2453 2559 2076 685 944 801 745 104 143 7966 2405 86 1574 170 1404 623 781 1391 1098 415 1456 165 7896 4374 2108 129 1979 83 683 330 252 145 483 1840 1780 151
is_linear=0
shrinkage=0.03


Tree=110
num_leaves=63
num_cat=0
split_feature=14 15 20 14 20 13 25 17 17 30 23 0 0 17 7 7 15 23 14 23 7 12 7 30 0 12 8 18 12 16 13 21 15 21 7 13 7 0 25 7 13 13 20 29 13 8 20 0 28 13 13 16 20 12 14 8 8 23 29 9 7 7
split_gain=7.37203 2.29873 3.43735 3.35465 5.01317 4.17195 3.16967 3.36955 5.79098 3.18445 3.14443 2.80546 2.5756 4.13519 2.38732 3.7699 2.29072 4.64763 2.07574 1.99926 1.99411 1.88913 2.82956 3.04387 3.56681 2.71869 2.48198 3.1229 2.44413 2.39515 2.3843 2.14194 2.07442 2.04789 2.18508 1.75163 2.53637 5.23 1.73864 1.7257 1.70331 2.06331 1.98987 2.20691 1.66385 2.67315 3.17935 2.45283 2.03647 2.49723 2.56243 2.32403 2.01496 1.61193 1.78833 1.59031 5.44193 6.57014 6.32813 2.92593 2.54338 2.28687
threshold=3003.9392857142861 3862.0491145833339 6474.4950520833345 1301.592142857143 3596.0298958333337 2004.2648151763758 6127.6500000000005 387.56000000000006 818.33500000000015 1.2000000000000013 -551.71785714285693 53.500000000000007 45.500000000000007 49.665000000000013 0.99818282439137029 0.99700008544936913 3836.4018750000009 21.011428571428599 9117.9414285714302 -1677.4471428571426 -0.8821812062722818 2601.21709077381 -0.76694339346796603 0.8562499999999994 74.500000000000014 3501.1628645833334 -0.60038941812636415 4649.420000000001 5156.1066741071436 9873.0000000000018 1915.3531512054417 9999.6750000000011 2877.9341145833337 5000.6900000000014 0.99466373373798567 2253.6839008812026 0.96904697354198299 53.500000000000007 5995.7500000000009 0.96234642434711437 1655.8840031680804 1694.6790013011807 2102.9125000000008 26.131250000000005 1833.4369572747426 0.96849880583763492 4500.4713020833342 32.500000000000007 3511.1250000000005 2523.9895313599932 2926.6249049097519 6633.7250000000013 4654.4280208333339 4405.6745089285723 4450.6671428571435 0.11478523713130605 0.063390085881955341 238.95857142857139 25.706250000000008 499.33000000000004 -0.95244167294248061 -0.93545489084327571
decision_type=2 2 2 2 2 2 2 2 2 2 2 2 2 2 2 2 2 2 2 2 2 2 2 2 2 2 2 2 2 2 2 2 2 2 2 2 2 2 2 2 2 2 2 2 2 2 2 2 2 2 2 2 2 2 2 2 2 2 2 2 2 2
left_child=1 3 35 4 6 -6 -1 9 -9 -8 -11 12 -12 -14 15 16 19 -18 21 -5 -13 31 26 28 29 30 27 -23 33 -25 32 -2 -26 38 44 -3 39 -38 -24 -37 -28 -42 43 -43 47 48 53 -35 51 -50 -51 -46 -48 54 -47 56 59 58 -58 -21 -57 -62
right_child=18 2 -4 14 5 -7 7 8 -10 10 11 20 13 -15 -16 -17 17 -19 -20 55 -22 22 23 24 25 -27 40 -29 -30 -31 -32 -33 -34 34 -36 36 37 -39 -40 -41 41 42 -44 -45 45 46 52 -49 49 50 -52 -53 -54 -55 -56 60 57 -59 -60 -61 61 -63
leaf_value=-0.0080401447063989245 0.0060115725085189611 0.0011884939251186706 -0.0067855180765458972 0.0056511360013088126 -0.016196624575448886 -0.0037818020060047747 -0.0063866527831747321 -0.011562648728045065 -0.00037118795013206231 0.0090181304181792907 0.0030300889683421701 0.0083128563982401305 -0.010073237007875976 -0.00010052995358339764 0.0039754203950393609 -0.0090092868988143216 -0.012957233801738235 -0.00039023753610978784 0.0023557524648702747 0.0033346562309067335 -0.0003271110043969265 0.00069872409488786673 0.0063966722261348087 -0.001736189539941102 0.0079022380834445349 0.0014156750246528882 -0.0023932518224088956 -0.0092607681802115756 -0.0058147860714629039 0.001378142714030657 0.0071999847671771738 0.0010815905821961235 0.00086779106847153836 0.0027280290390101491 -0.002184646311330393 -0.00026374612572632278 -0.0095003842642983876 0.0034097191986486156 0.001414089785001864 0.0049677910956088447 0.0054303533261733459 -0.0010476345077542395 0.00013294576515771245 -0.0095203158750039769 -0.0030582114625120208 0.0022217598145417628 -0.0029330331884399206 -2.3630103815165919e-05 -0.0010444869747341188 -0.0087341009920346557 0.00055228704404903628 0.00083970462858499214 0.00080318603295439378 -0.00045573539601392903 0.0063016587644692899 0.0018775960472730633 -0.0086993665976280513 -0.01710957850238717 0.0062078983848914502 -0.0012510150888825702 -0.005814841904052322 -0.00045712506261275261
leaf_weight=65 110 1188 61 45 41 60 55 66 110 41 79 55 56 109 98 48 40 75 537 135 42 50 76 300 49 404 315 64 58 849 202 280 155 560 335 1046 73 45 353 59 60 86 1380 40 160 271 183 607 971 79 40 949 441 105 151 427 65 40 41 1586 72 4062
leaf_count=65 110 1188 61 45 41 60 55 66 110 41 79 55 56 109 98 48 40 75 537 135 42 50 76 300 49 404 315 64 58 849 202 280 155 560 335 1046 73 45 353 59 60 86 1380 40 160 271 183 607 971 79 40 949 441 105 151 427 65 40 41 1586 72 4062
internal_value=-2.44695e-05 -0.000604184 0.000189309 -0.000865257 -0.0027279 -0.00893086 -0.00179206 -0.00111753 -0.0046096 0.000296204 0.00127256 0.000317627 -0.00139929 -0.0035255 -0.00064941 -0.000718298 -0.000656532 -0.00483538 0.000541918 -0.000581555 0.00460668 0.000441094 0.000355104 0.000628792 0.00163993 0.0031633 -0.000645897 -0.00492448 0.000257545 0.000564198 0.00489456 0.00248392 0.00258774 0.000325324 0.00014944 0.000368517 -0.000428314 -0.00458976 0.00230961 1.98239e-05 -0.00038411 2.12971e-05 -0.000197664 -0.00379116 0.000322991 -1.69458e-05 0.00115381 0.00129799 -0.00062999 -0.00155025 -0.00563404 0.000275088 -0.000295472 0.00286716 0.00369308 -0.00062606 -0.00136337 -0.00690421 -0.00292922 -0.000889575 -0.000324018 -0.000551822
internal_weight=20205 9985 2472 7513 779 101 678 613 176 437 382 341 244 165 6734 6636 6588 115 10220 6473 97 9683 9293 7298 1959 810 1995 114 5339 1149 406 390 204 5281 4852 2411 1223 118 429 1105 1881 1566 1506 126 4517 3350 1151 1167 2199 1090 119 1109 624 527 422 6428 1867 146 106 1721 4561 4134
internal_count=20205 9985 2472 7513 779 101 678 613 176 437 382 341 244 165 6734 6636 6588 115 10220 6473 97 9683 9293 7298 1959 810 1995 114 5339 1149 406 390 204 5281 4852 2411 1223 118 429 1105 1881 1566 1506 126 4517 3350 1151 1167 2199 1090 119 1109 624 527 422 6428 1867 146 106 1721 4561 4134
is_linear=0
shrinkage=0.03


Tree=111
num_leaves=63
num_cat=0
split_feature=11 1 17 24 14 30 20 29 0 16 19 19 16 28 29 19 0 0 20 29 9 8 20 27 28 17 22 24 22 9 17 28 30 19 6 4 0 7 7 18 0 25 30 1 22 1 8 16 0 17 24 17 17 22 17 8 0 8 9 28 6 11
split_gain=6.11103 3.71621 4.37988 4.23969 2.519 2.41502 5.26781 3.91018 2.11426 2.11386 2.56192 4.84908 4.75 3.03679 3.31667 2.89787 2.2642 3.07438 2.97831 2.31496 2.42281 2.95273 1.97502 3.08379 3.29821 4.74482 6.4468 3.1256 1.9276 1.89389 1.83812 1.7779 1.96149 3.09608 1.73977 1.68361 7.05912 2.82858 3.35738 2.26007 2.09919 1.85993 1.75459 1.84725 1.72594 1.73425 1.61854 1.61308 3.0936 1.76168 2.7633 2.22715 6.5901 1.89195 1.71989 3.77848 1.61282 1.61084 1.60942 1.53108 2.01085 1.4263
threshold=2990.7550000000006 5.5000000000000009 49.455000000000005 0.68648301289510505 9117.9414285714302 2.5562500000000008 3218.4991145833337 27.318750000000005 59.500000000000007 3816.5150000000008 700.78500000000008 1779.5850000000003 3485.3350000000005 5278.2016666666677 27.631250000000005 2299.2150000000006 55.500000000000007 51.500000000000007 3020.3678125000001 31.356250000000006 1866.5800000000002 0.56191161272202661 4482.2675520833336 -24833.649999999998 4262.4383333333344 605.85500000000013 316.21999999999997 0.90300156422715472 -962.9649999999998 599.5350000000002 99.095000000000013 6342.7016666666668 6.2750000000000012 4001.9050000000002 0.91037613702198772 1.0000000180025095e-35 32.500000000000007 0.99907018497641664 0.99466373373798567 2827.5000000000005 24.500000000000004 7017.0000000000009 4.0500000000000034 4.5000000000000009 -893.92999999999995 1.5000000000000002 0.99992139718210815 4180.8950000000013 31.500000000000004 473.68500000000006 0.66138856588264827 398.87500000000006 399.36000000000007 -451.74999999999994 29.220000000000002 -0.46989712924132493 22.500000000000004 -0.031174269516803289 1552.3700000000001 4560.6583333333338 0.22695468355932433 1552.4500000000003
decision_type=2 2 2 2 2 2 2 2 2 2 2 2 2 2 2 2 2 2 2 2 2 2 2 2 2 2 2 2 2 2 2 2 2 2 2 2 2 2 2 2 2 2 2 2 2 2 2 2 2 2 2 2 2 2 2 2 2 2 2 2 2 2
left_child=1 9 -3 -4 29 8 -7 -8 61 10 -1 12 -12 15 -15 -13 17 47 28 20 21 -20 23 27 -25 -26 -27 -19 -18 -2 56 35 33 -33 -35 37 -37 38 42 -38 -39 -40 46 44 -44 -46 -31 48 -11 50 -49 54 -53 -51 55 -52 -17 -41 -24 -45 -61 -5
right_child=4 2 3 5 -6 6 7 -9 -10 16 11 13 -14 14 -16 30 18 22 19 -21 -22 -23 58 24 25 26 -28 -29 -30 31 -32 32 -34 34 -36 36 39 40 41 57 -42 -43 43 59 45 -47 -48 49 -50 53 51 52 -54 -55 -56 -57 -58 -59 -60 60 -62 -63
leaf_value=0.0036921530900290308 0.0065678110184768839 -0.0090174526810543991 -0.0096675517520951951 0.0053677883163388623 0.0025173507526476129 -0.01052754965902709 -0.010012980289757251 -0.00088637978792765722 -0.0025090586265767035 -0.0017037404586836618 -0.0016907139719767989 0.006780677595228519 -0.014645052349025554 -0.011297536517959087 -8.4200674609746781e-05 -0.002629627944904402 0.0071932184866265111 -0.011622951971771925 -0.0085302789733946536 0.0017756145873642673 -0.00020105159121531466 0.00012765835666948038 0.0056863278043290067 0.0003537809191955743 0.0007950834038365428 -0.0181778979084866 -0.00140701897521844 -0.0023720599671539205 0.0018589315192592847 0.00035337025743575179 -0.0052519128285348415 -0.011089155783411115 0.0017364831695139602 -0.0062332902228544379 0.0013442871574079617 0.0028093126203185743 -0.0089781066191128699 -0.00019559614101631771 -0.008837491236627101 0.0013760011823704609 0.0071987759022775922 -0.0018014531693334723 0.0043621231680623729 0.00221718494096518 -0.00043371255660853227 0.0024645390523943761 0.0058249903565310698 0.005467420356517488 0.0054222992520779369 0.00204396563076369 -0.010824428283958696 -0.014171085879206657 -0.00091043260310726495 -0.00018467292563524901 -0.00048317757858772688 -0.0013468907964108818 0.0039946533849095581 -0.0040947996067290052 -0.0013235617886212738 -0.0056500451420978095 0.00011419860839116622 0.00037257095830420315
leaf_weight=59 44 72 54 56 547 66 45 522 234 97 48 52 54 47 47 61 68 68 73 473 1022 68 41 232 63 42 40 64 539 7032 64 41 76 43 71 235 65 53 40 64 98 198 248 150 276 566 48 54 124 391 47 46 120 2732 1110 181 70 193 98 76 186 530
leaf_count=59 44 72 54 56 547 66 45 522 234 97 48 52 54 47 47 61 68 68 73 473 1022 68 41 232 63 42 40 64 539 7032 64 41 76 43 71 235 65 53 40 64 98 198 248 150 276 566 48 54 124 391 47 46 120 2732 1110 181 70 193 98 76 186 530
internal_value=2.8543e-05 -0.000505341 -0.00183882 -0.0014901 0.000537873 -0.00117974 -0.00257022 -0.00162707 -0.000104543 -0.000251315 -0.00213625 -0.00291906 -0.00862449 -0.00119222 -0.00575077 0.000558811 -0.000129635 -0.000454704 0.000674549 8.26715e-06 -0.000711433 -0.00438333 -0.00239506 -0.00325919 -0.00186778 -0.00540036 -0.0101125 -0.00718923 0.00246736 0.000427175 -0.00112648 0.000398819 -0.00219617 -0.00412321 -0.00154327 0.000461956 -0.00113711 0.000561356 0.00049137 -0.00401705 0.00461919 -0.00301601 0.000588978 0.00151997 0.00216629 0.00151513 0.000391283 -0.00019777 0.00230099 -0.000316209 -0.00113984 -0.00138055 -0.00464792 9.49179e-05 -0.000972007 -0.00333933 0.000913511 -0.00273237 0.000769951 -0.000191049 -0.001573 0.000858261
internal_weight=20224 9874 1579 1507 10350 1453 633 567 820 8295 502 443 102 341 94 247 7793 5550 2243 1636 1163 141 648 509 377 145 82 132 607 9803 195 9759 231 155 114 9528 557 8971 8820 322 151 238 8582 1502 1090 842 7080 4902 221 4681 1558 1504 166 3123 1338 228 131 257 139 412 262 586
internal_count=20224 9874 1579 1507 10350 1453 633 567 820 8295 502 443 102 341 94 247 7793 5550 2243 1636 1163 141 648 509 377 145 82 132 607 9803 195 9759 231 155 114 9528 557 8971 8820 322 151 238 8582 1502 1090 842 7080 4902 221 4681 1558 1504 166 3123 1338 228 131 257 139 412 262 586
is_linear=0
shrinkage=0.03


Tree=112
num_leaves=63
num_cat=0
split_feature=14 14 0 0 20 8 20 23 26 30 12 12 19 9 20 28 11 19 8 12 15 19 19 23 21 24 21 12 15 20 20 6 5 16 0 12 12 10 2 29 25 25 19 6 15 2 8 20 20 20 8 11 14 1 12 12 2 15 8 0 20 28
split_gain=7.63893 3.35196 3.40297 3.26465 4.71731 5.87915 3.39564 2.32187 2.74134 2.48953 2.28414 5.9192 8.44906 2.10672 2.36855 2.31472 2.29928 2.27517 2.0722 1.95376 1.91642 2.51332 3.2204 4.85868 2.42889 2.96118 2.05118 3.28186 1.90363 2.63878 4.38739 5.85214 2.18667 2.09027 3.27323 2.05649 2.65239 4.26998 1.93131 2.267 1.85866 3.09151 2.08405 1.82892 1.79401 2.31852 2.59617 2.52077 3.04679 2.09276 2.06713 1.7896 1.8792 1.69924 1.57764 3.06054 10.9743 1.94448 3.51748 2.84569 2.32334 1.74646
threshold=2923.8442857142868 1301.592142857143 51.500000000000007 56.500000000000007 4471.6952083333335 0.59003219687534991 3596.0298958333337 -272.19214285714298 32060.450000000001 5.6500000000000012 2587.7007291666673 2627.665334821429 1924.0300000000002 599.5350000000002 6913.9380729166669 5412.1933333333336 1934.2150000000004 1753.3350000000003 0.53312596302726967 2424.9687276785721 2483.2945833333338 700.78500000000008 2919.8300000000004 -176.88428571428565 4962.5200000000013 1.2971499517938843 5499.3350000000009 3284.1384970238105 3666.2535937500002 3927.315364583334 3980.3703125000006 -0.065403129230142923 -0.9733555533461492 5006.5400000000009 35.500000000000007 3689.3976636904767 3909.1467559523812 4007.7450000000003 6.0000000000000009 24.606250000000006 7744.6000000000013 6461.1500000000005 400.53500000000003 0.38268343236508956 3717.6358333333342 3.5000000000000004 0.30778899014954286 4363.5058333333345 4840.2518229166681 4058.0471354166671 0.37247810748448967 3026.3850000000007 4499.0635714285727 5.5000000000000009 3631.7485639880956 3689.3976636904767 8.5000000000000018 4677.656614583334 -0.75154610927435939 49.500000000000007 4539.8964062500008 5642.3600000000015
decision_type=2 2 2 2 2 2 2 2 2 2 2 2 2 2 2 2 2 2 2 2 2 2 2 2 2 2 2 2 2 2 2 2 2 2 2 2 2 2 2 2 2 2 2 2 2 2 2 2 2 2 2 2 2 2 2 2 2 2 2 2 2 2
left_child=1 2 40 4 5 6 7 9 -9 -4 18 12 -12 15 20 17 -17 -13 -3 -2 21 -15 23 -23 -25 -26 27 -24 29 32 31 -31 53 34 -32 38 37 -37 39 -34 41 -1 -42 -14 -30 46 -46 49 -49 -47 51 -48 -53 -21 61 56 -56 58 59 -57 -60 -22
right_child=19 10 3 -5 -6 -7 -8 8 -10 -11 11 13 43 14 -16 16 -18 -19 -20 28 54 22 26 24 25 -27 -28 -29 44 30 33 -33 35 -35 -36 36 -38 -39 -40 -41 42 -43 -44 -45 45 47 50 48 -50 -51 -52 52 -54 -55 55 57 -58 -59 60 -61 -62 -63
leaf_value=-0.0041072928539085144 0.0042161482235114093 0.0015542034840264369 -0.0076680150990589314 0.0015789537015856087 0.0018239451363793947 0.002049538294474284 -0.015475834318203851 -0.0050642479186256721 -0.015709026952460153 0.0016048097271810877 -0.015387045375813367 -0.0015514231586296642 0.0031080703728604228 0.0039923306211977353 -0.0076650476505503405 0.0026329031946180862 -0.0070810458306223151 0.00511541204159148 -0.0023819495689958721 0.002551071821099224 0.00011317995052776557 -0.011102845661656617 0.0012950917659965279 0.00018133843735117336 -0.0027560885224613496 -0.012037630558812193 0.0033221928186728342 -0.00932313927472001 0.0031351830511391538 -0.014987883884560963 0.00066910101967201062 -0.0018580997638421267 0.00085683385534704632 -5.8698821644861916e-05 -0.010176040174211471 -0.0020165874157100916 0.00012732556915738235 -0.01225338426746682 -0.00014460873225238428 0.0046337812615021862 -0.0082901626417879026 0.0042965616419314758 -0.0011351194055647309 -0.0048313770795565293 -0.0031513284837464358 0.0013585007116267258 0.0080286894248449252 -0.00066958179231181114 0.0018816805260737268 0.0040833857553557607 -7.6832316602140174e-05 -0.0036456534519801725 0.0034364318304537524 -0.002068130378185476 -0.015769086527932238 -0.0020996758687309917 -0.00080023948172088324 0.00074061069857374014 -0.0014019235996329061 -0.012863339908511901 0.0021589366396301559 -0.0020440410354973619
leaf_weight=56 124 762 64 71 66 53 55 44 45 43 58 62 48 54 42 42 44 174 142 580 3669 76 72 144 121 41 101 40 296 45 51 92 1125 871 48 224 413 43 2045 163 41 127 291 55 217 647 49 869 816 418 1489 45 126 81 56 49 195 606 1171 40 191 371
leaf_count=56 124 762 64 71 66 53 55 44 45 43 58 62 48 54 42 42 44 174 142 580 3669 76 72 144 121 41 101 40 296 45 51 92 1125 871 48 224 413 43 2045 163 41 127 291 55 217 647 49 869 816 418 1489 45 126 81 56 49 195 606 1171 40 191 371
internal_value=-5.40713e-05 -0.000681275 -0.00236384 -0.00429502 -0.0054234 -0.00699766 -0.00890858 -0.00699653 -0.0105612 -0.0039612 -0.000490116 -0.000661365 -0.00633393 -0.000536451 -0.000645082 0.0018329 -0.00236129 0.0033648 0.000933965 0.000486939 -0.000601855 -0.00215341 -0.00271693 -0.00436148 -0.00265645 -0.00516456 0.00023905 -0.00254608 0.000443547 7.33344e-05 -0.00124302 -0.00624816 0.000385301 -0.0005304 -0.00463833 0.000121748 -0.00138057 -0.00370478 0.000428574 0.00133804 -0.000705034 0.00171654 -0.00204097 -0.00113713 0.000873896 0.000730112 -6.81414e-05 0.001289 0.000566309 0.00243081 0.00032496 0.0030324 0.00156237 0.00198276 -0.000442915 -0.00106845 -0.00418923 -0.000685796 -0.00128162 -0.00702645 -0.000901349 -8.53781e-05
internal_weight=20259 9382 956 441 370 304 251 196 89 107 8426 7522 161 7361 7039 322 86 236 904 10877 6997 649 595 382 306 162 213 112 10753 5781 1107 137 4674 970 99 4013 680 267 3333 1288 515 183 332 103 4972 4676 1926 2750 1685 1065 1709 220 171 661 6348 2308 251 2057 1451 89 1362 4040
internal_count=20259 9382 956 441 370 304 251 196 89 107 8426 7522 161 7361 7039 322 86 236 904 10877 6997 649 595 382 306 162 213 112 10753 5781 1107 137 4674 970 99 4013 680 267 3333 1288 515 183 332 103 4972 4676 1926 2750 1685 1065 1709 220 171 661 6348 2308 251 2057 1451 89 1362 4040
is_linear=0
shrinkage=0.03


end of trees

feature_importances:
r_prevday_mean=448
dow=447
r_roll7d_std=447
doy_sin=435
r_roll7d_mean=432
r_block7d_mean=423
r_prevday_min=379
d_prevday_mean=343
doy_cos=341
load_lag_2d=303
r_prevday_max=279
temp_c=252
r_lag_1d=210
block=209
d_lag_7d=180
d_lag_1d=179
rbidgap_lag_1d=171
r_lag_7d=150
hour_sin=137
spread_lag_1d=137
ratio_block7d_mean=137
cdh=134
d_prevday_max=133
sbid_lag_1d=131
r_lag_2d=120
hour_cos=116
rbid_lag_1d=96
spread_block7d_mean=81
is_holiday=59
month=53
is_weekend=44

parameters:
[boosting: gbdt]
[objective: regression]
[metric: l2]
[tree_learner: serial]
[device_type: cpu]
[data_sample_strategy: bagging]
[data: ]
[valid: ]
[num_iterations: 3000]
[learning_rate: 0.03]
[num_leaves: 63]
[num_threads: 16]
[seed: 42]
[deterministic: 0]
[force_col_wise: 0]
[force_row_wise: 0]
[histogram_pool_size: -1]
[max_depth: -1]
[min_data_in_leaf: 40]
[min_sum_hessian_in_leaf: 0.001]
[bagging_fraction: 0.8]
[pos_bagging_fraction: 1]
[neg_bagging_fraction: 1]
[bagging_freq: 1]
[bagging_seed: 400]
[bagging_by_query: 0]
[feature_fraction: 0.8]
[feature_fraction_bynode: 1]
[feature_fraction_seed: 30056]
[extra_trees: 0]
[extra_seed: 12879]
[early_stopping_round: 0]
[early_stopping_min_delta: 0]
[first_metric_only: 0]
[max_delta_step: 0]
[lambda_l1: 0]
[lambda_l2: 1]
[linear_lambda: 0]
[min_gain_to_split: 0]
[drop_rate: 0.1]
[max_drop: 50]
[skip_drop: 0.5]
[xgboost_dart_mode: 0]
[uniform_drop: 0]
[drop_seed: 17869]
[top_rate: 0.2]
[other_rate: 0.1]
[min_data_per_group: 100]
[max_cat_threshold: 32]
[cat_l2: 10]
[cat_smooth: 10]
[max_cat_to_onehot: 4]
[top_k: 20]
[monotone_constraints: ]
[monotone_constraints_method: basic]
[monotone_penalty: 0]
[feature_contri: ]
[forcedsplits_filename: ]
[refit_decay_rate: 0.9]
[cegb_tradeoff: 1]
[cegb_penalty_split: 0]
[cegb_penalty_feature_lazy: ]
[cegb_penalty_feature_coupled: ]
[path_smooth: 0]
[interaction_constraints: ]
[verbosity: -1]
[saved_feature_importance_type: 0]
[use_quantized_grad: 0]
[num_grad_quant_bins: 4]
[quant_train_renew_leaf: 0]
[stochastic_rounding: 1]
[linear_tree: 0]
[max_bin: 255]
[max_bin_by_feature: ]
[min_data_in_bin: 3]
[bin_construct_sample_cnt: 200000]
[data_random_seed: 175]
[is_enable_sparse: 1]
[enable_bundle: 1]
[use_missing: 1]
[zero_as_missing: 0]
[feature_pre_filter: 1]
[pre_partition: 0]
[two_round: 0]
[header: 0]
[label_column: ]
[weight_column: ]
[group_column: ]
[ignore_column: ]
[categorical_feature: ]
[forcedbins_filename: ]
[precise_float_parser: 0]
[parser_config_file: ]
[objective_seed: 16083]
[num_class: 1]
[is_unbalance: 0]
[scale_pos_weight: 1]
[sigmoid: 1]
[boost_from_average: 1]
[reg_sqrt: 0]
[alpha: 0.9]
[fair_c: 1]
[poisson_max_delta_step: 0.7]
[tweedie_variance_power: 1.5]
[lambdarank_truncation_level: 30]
[lambdarank_norm: 1]
[label_gain: ]
[lambdarank_position_bias_regularization: 0]
[eval_at: ]
[multi_error_top_k: 1]
[auc_mu_weights: ]
[num_machines: 1]
[local_listen_port: 12400]
[time_out: 120]
[machine_list_filename: ]
[machines: ]
[gpu_platform_id: -1]
[gpu_device_id: -1]
[gpu_use_dp: 0]
[num_gpu: 1]

end of parameters

pandas_categorical:[]
